{
  "dataset": {
    "identifier": 69145,
    "name": "KAKAO_924_05_set",
    "src_path": "/data/file/cubeManager/PROJECT001/53/txt20211005155901055877/KAKAO_924_05_set/",
    "label_path": "/data/file/cubeManager/PROJECT001/53/txt20211005155901055877/KAKAO_924_05_set/",
    "category": 2,
    "type": 0
  },
  "licenses": {
    "name": "Apache License 1.0",
    "url": "http://www.apache.org/licenses/LICENSE-1.0"
  },
  "info": [
    {
      "id": 41942,
      "filename": "KAKAO_924_05.txt",
      "title": "KAKAO_924_05",
      "mediatype": "SNS",
      "medianame": "카카오톡",
      "category": "일상대화",
      "date": "2021-10-05",
      "size": 651,
      "annotations": {
        "subject": "군대",
        "speaker_type": "1:1",
        "size": 651,
        "word_size": 192,
        "text": "1 : 유튜브에 가짜 사나이 본 적 있나?\n2 : 처음에 한번? 보고는 안 봤어 키키 진짜 사나이도 잘 안 봤는데 하하\n1 : 아 그래? 일반인들이 군대 체험하는 그런 내용이야!\n2 : 체험 이런 건 뭔가 다~ 주작 같아서 군대 갔다 온 사람이 봤을 땐 픽션이라고 느껴져 키키\n1 : 거기에 조교들이 다 UDT 출신이라고 하더라구!\n2 : 응응 엄청 빡센 부대 출신이긴 하더라고 키키\n1 : 해군 특수부대? 맞나?\n1 : 그 사람들 막 군대 생활 이야기 인터뷰 한 내용들 보니까 정말 대단하더라!\n2 : 응응 하하 그런 빡센 곳 갔다 온 사람들은 대단하다고 생각은 해 하하\n1 : 막 생식주? 라면서 진짜 일주일 가까이 아무 것도 안 먹고 버티는 그런 것도 있고...\n2 : 그건... 진짜 직업군인이나 가능한 거지 의무 징집된 사람들은 어휴... 생각지도 못하지...\n1 : 정말... 극한의 상황들에 사람을 몰아넣어서 훈련을 하는 것 같더라구...!\n2 : 그렇지 그런 부대들은 진짜... 생과 사를 넘나드는 임무를 가지고 있으니깐...\n1 : 응응 그런 것 같더라! 아휴... 대단한 사람들이야!\n2 : 음...진짜 대단한 사람들이라는 건 인정!\n1 : 여튼 가짜사나이 한번 봐봐 키키\n1 : 난 조교들 때문에 계속 봤었어! 하하\n2 : 키키 시간이 된다면 보겠지만 재미는 있을까 싶다 ㅋ",
        "lines": [
          {
            "id": 1,
            "text": "1 : 유튜브에 가짜 사나이 본 적 있나?",
            "norm_text": "유튜브에 가짜 사나이 본 적 있나?",
            "speaker": {
              "id": "1번",
              "sex": "여성",
              "age": "30대"
            },
            "speechAct": "(지시) 질문하기",
            "morpheme": "유튜브/NNP+에/JKB+가짜/NNG+사나이/NNG+본/VV+ETM+적/NNB+있/VA+나/EF"
          },
          {
            "id": 2,
            "text": "2 : 처음에 한번? 보고는 안 봤어 키키 진짜 사나이도 잘 안 봤는데 하하",
            "norm_text": "처음에 한번? 보고는 안 봤어 키키 진짜 사나이도 잘 안 봤는데 하하",
            "speaker": {
              "id": "2번",
              "sex": "남성",
              "age": "30대"
            },
            "speechAct": "(단언) 진술하기",
            "morpheme": "처음/NNG+에/JKB+한/MM+번/NNBC+보/VV+고/EC+는/JX+안/MAG+봤/VV+EP+어/EC+키키/NNP+진짜사나이/NNP+도/JX+잘/MAG+안/MAG+봤/VV+EP+는데/EC+하하/MAG"
          },
          {
            "id": 3,
            "text": "1 : 아 그래? 일반인들이 군대 체험하는 그런 내용이야!",
            "norm_text": "아 그래? 일반인들이 군대 체험하는 그런 내용이야!",
            "speaker": {
              "id": "1번",
              "sex": "여성",
              "age": "30대"
            },
            "speechAct": "(단언) 진술하기",
            "morpheme": "아/IC+그래/IC+일반인/NNG+들/XSN+이/JKS+군대/NNG+체험/NNG+하/XSV+는/ETM+그런/MM+내용/NNG+이/VCP+야/EF"
          },
          {
            "id": 4,
            "text": "2 : 체험 이런 건 뭔가 다~ 주작 같아서 군대 갔다 온 사람이 봤을 땐 픽션이라고 느껴져 키키",
            "norm_text": "체험 이런 건 뭔가 다~ 주작 같아서 군대 갔다 온 사람이 봤을 땐 픽션이라고 느껴져 키키",
            "speaker": {
              "id": "2번",
              "sex": "남성",
              "age": "30대"
            },
            "speechAct": "(단언) 주장하기",
            "morpheme": "체험/NNG+이런/MM+건/NNB+JX+뭔가/NP+VCP+EC+다/MAG+~/SY+주작같아서군대갔다온사람이봤을땐픽션이라고느껴져키키/UNKNOWN"
          },
          {
            "id": 5,
            "text": "1 : 거기에 조교들이 다 UDT 출신이라고 하더라구!",
            "norm_text": "거기에 조교들이 다 UDT 출신이라고 하더라구!",
            "speaker": {
              "id": "1번",
              "sex": "여성",
              "age": "30대"
            },
            "speechAct": "(단언) 주장하기",
            "morpheme": "거기/NP+에/JKB+조교/NNG+들/XSN+이/JKS+다/MAG+UDT/SL+출신/NNG+이/VCP+라고/EC+하/VX+더라구/EF"
          },
          {
            "id": 6,
            "text": "2 : 응응 엄청 빡센 부대 출신이긴 하더라고 키키",
            "norm_text": "응응 엄청 빡센 부대 출신이긴 하더라고 키키",
            "speaker": {
              "id": "2번",
              "sex": "남성",
              "age": "30대"
            },
            "speechAct": "(단언) 주장하기",
            "morpheme": "응/IC+응/IC+엄청/MAG+빡센/VA+ETM+부대/NNG+출신/NNG+이/VCP+긴/ETN+JX+하/VX+더라고/EC+키/NNG+키/XSV+ETN"
          },
          {
            "id": 7,
            "text": "1 : 해군 특수부대? 맞나?",
            "norm_text": "해군 특수부대? 맞나?",
            "speaker": {
              "id": "1번",
              "sex": "여성",
              "age": "30대"
            },
            "speechAct": "(지시) 질문하기",
            "morpheme": "해군/NNG+특수/NNG+부대/NNG+맞/VV+나/EF"
          },
          {
            "id": 8,
            "text": "1 : 그 사람들 막 군대 생활 이야기 인터뷰 한 내용들 보니까 정말 대단하더라!",
            "norm_text": "그 사람들 막 군대 생활 이야기 인터뷰 한 내용들 보니까 정말 대단하더라!",
            "speaker": {
              "id": "1번",
              "sex": "여성",
              "age": "30대"
            },
            "speechAct": "(단언) 주장하기",
            "morpheme": "그/MM+사람/NNG+들/XSN+막/NNG+군대/NNG+생활/NNG+이야기/NNG+인터뷰/NNG+한/XSA+ETM+내용/NNG+들/XSN+보/VV+니까/EC+정말/MAG+대단/XR+하/XSA+더라/EF"
          },
          {
            "id": 9,
            "text": "2 : 응응 하하 그런 빡센 곳 갔다 온 사람들은 대단하다고 생각은 해 하하",
            "norm_text": "응응 하하 그런 빡센 곳 갔다 온 사람들은 대단하다고 생각은 해 하하",
            "speaker": {
              "id": "2번",
              "sex": "남성",
              "age": "30대"
            },
            "speechAct": "(단언) 주장하기",
            "morpheme": "응/IC+응/IC+하하/MAG+그런/MM+빡센/VA+ETM+곳/NNB+갔다온/VV+ETM+사람/NNG+들/XSN+은/JX+대단/XR+하/XSA+다고/EC+생각/NNG+은/JX+해하/NNG+하/XSV"
          },
          {
            "id": 10,
            "text": "1 : 막 생식주? 라면서 진짜 일주일 가까이 아무 것도 안 먹고 버티는 그런 것도 있고...",
            "norm_text": "막 생식주? 라면서 진짜 일주일 가까이 아무 것도 안 먹고 버티는 그런 것도 있고...",
            "speaker": {
              "id": "1번",
              "sex": "여성",
              "age": "30대"
            },
            "speechAct": "(단언) 주장하기",
            "morpheme": "막/MAJ+생식/NNG+주/NNG+?/SY+라면서/VCP+EC+진짜/MAG+일/NR+주일/NNBC+가까이/MAG+아무것/NNG+도/JX+안/MAG+먹/VV+고/EC+버티/VV+는/ETM+그런/MM+것/NNB+도/JX+있/VA+고/EC+./SY+./SY"
          },
          {
            "id": 11,
            "text": "2 : 그건... 진짜 직업군인이나 가능한 거지 의무 징집된 사람들은 어휴... 생각지도 못하지...",
            "norm_text": "그건... 진짜 직업군인이나 가능한 거지 의무 징집된 사람들은 어휴... 생각지도 못하지...",
            "speaker": {
              "id": "2번",
              "sex": "남성",
              "age": "30대"
            },
            "speechAct": "(단언) 주장하기",
            "morpheme": "그건/NP+JX+./SY+진짜/MAG+직업/NNG+군인/NNG+이나/JC+가능/NNG+한/XSA+ETM+거지/NNG+의/JKG+무/XPN+징집/NNG+된/XSV+ETM+사람/NNG+들/XSN+은/JX+어휴/IC+./SY+생각/NNG+지도/XSV+EC+JX+못하/VX+지/EF+./SY"
          },
          {
            "id": 12,
            "text": "1 : 정말... 극한의 상황들에 사람을 몰아넣어서 훈련을 하는 것 같더라구...!",
            "norm_text": "정말... 극한의 상황들에 사람을 몰아넣어서 훈련을 하는 것 같더라구...!",
            "speaker": {
              "id": "1번",
              "sex": "여성",
              "age": "30대"
            },
            "speechAct": "(단언) 주장하기",
            "morpheme": "정말/MAG+./SY+극한/NNG+의/JKG+상황/NNG+들/XSN+에/JKB+사람/NNG+을/JKO+몰아넣/VV+어서/EC+훈련/NNG+을/JKO+하/VV+는/ETM+것/NNB+같/VA+더라구/EF+./SY+./SY"
          },
          {
            "id": 13,
            "text": "2 : 그렇지 그런 부대들은 진짜... 생과 사를 넘나드는 임무를 가지고 있으니깐...",
            "norm_text": "그렇지 그런 부대들은 진짜... 생과 사를 넘나드는 임무를 가지고 있으니깐...",
            "speaker": {
              "id": "2번",
              "sex": "남성",
              "age": "30대"
            },
            "speechAct": "(단언) 주장하기",
            "morpheme": "그렇/VA+지/EC+그런/MM+부대/NNG+들/XSN+은/JX+진짜/MAG+./SY+./SY+생/XPN+과사/NNG+를/JKO+넘나드/VV+는/ETM+임무/NNG+를/JKO+가지/VV+고/EC+있/VX+으니깐/EF+./SY"
          },
          {
            "id": 14,
            "text": "1 : 응응 그런 것 같더라! 아휴... 대단한 사람들이야!",
            "norm_text": "응응 그런 것 같더라! 아휴... 대단한 사람들이야!",
            "speaker": {
              "id": "1번",
              "sex": "여성",
              "age": "30대"
            },
            "speechAct": "(단언) 주장하기",
            "morpheme": "응/IC+응/IC+그런/MM+것/NNB+같/VA+더라/EF+아휴/IC+./SY+대단/XR+한/XSA+ETM+사람/NNG+들/XSN+이/VCP+야/EF"
          },
          {
            "id": 15,
            "text": "2 : 음...진짜 대단한 사람들이라는 건 인정!",
            "norm_text": "음...진짜 대단한 사람들이라는 건 인정!",
            "speaker": {
              "id": "2번",
              "sex": "남성",
              "age": "30대"
            },
            "speechAct": "(단언) 주장하기",
            "morpheme": "음/IC+./SY+진짜/MAG+대단/XR+한/XSA+ETM+사람/NNG+들/XSN+이/VCP+라는/ETM+건/NNB+JX+인정/NNG"
          },
          {
            "id": 16,
            "text": "1 : 여튼 가짜사나이 한번 봐봐 키키",
            "norm_text": "여튼 가짜사나이 한번 봐봐 키키",
            "speaker": {
              "id": "1번",
              "sex": "여성",
              "age": "30대"
            },
            "speechAct": "(지시) 충고/제안하기",
            "morpheme": "여/NP+튼/VV+ETM+가짜/NNG+사나이/NNG+한/MM+번/NNBC+봐/VV+EC+봐/VX+EF+키/NNG+키/XSV+ETN"
          },
          {
            "id": 17,
            "text": "1 : 난 조교들 때문에 계속 봤었어! 하하",
            "norm_text": "난 조교들 때문에 계속 봤었어! 하하",
            "speaker": {
              "id": "1번",
              "sex": "여성",
              "age": "30대"
            },
            "speechAct": "(단언) 주장하기",
            "morpheme": "난/NP+JX+조교/NNG+들/XSN+때문/NNB+에/JKB+계속/MAG+봤었/VV+EP+어/EF+하하/MAG"
          },
          {
            "id": 18,
            "text": "2 : 키키 시간이 된다면 보겠지만 재미는 있을까 싶다 ㅋ",
            "norm_text": "키키 시간이 된다면 보겠지만 재미는 있을까 싶다 ㅋ",
            "speaker": {
              "id": "2번",
              "sex": "남성",
              "age": "30대"
            },
            "speechAct": "(단언) 주장하기",
            "morpheme": "키/NNG+키/NNG+시간/NNG+이/JKS+된다면/VV+EC+보/VX+겠/EP+지만/EC+재미/NNG+는/JX+있/VX+을까/EC+싶/VX+다/EF+ㅋ/UNKNOWN"
          }
        ]
      }
    }
  ]
}