{
  "dataset": {
    "identifier": 60107,
    "name": "KAKAO_986_14_set",
    "src_path": "/data/file/cubeManager/PROJECT001/53/txt20211006134902069796/KAKAO_986_14_set/",
    "label_path": "/data/file/cubeManager/PROJECT001/53/txt20211006134902069796/KAKAO_986_14_set/",
    "category": 2,
    "type": 0
  },
  "licenses": {
    "name": "Apache License 1.0",
    "url": "http://www.apache.org/licenses/LICENSE-1.0"
  },
  "info": [
    {
      "id": 43459,
      "filename": "KAKAO_986_14.txt",
      "title": "KAKAO_986_14",
      "mediatype": "SNS",
      "medianame": "카카오톡",
      "category": "일상대화",
      "date": "2021-10-06",
      "size": 562,
      "annotations": {
        "subject": "사회이슈",
        "speaker_type": "1:1",
        "size": 562,
        "word_size": 184,
        "text": "1 : 요즘 사건 사고가 끊이지를 않넹\n2 : 그렇네... 얼마 전에 20개월 아기 그거 봤니... ㅜㅜ\n2 : 세상이 미쳤고잉\n1 : 아 그래... 참 말이 안 나오더라 키키\n1 : 뒤에 장모한테 칸 거도 봤나 키키\n2 : 어어 키키 싸이코패스지 뭐...\n2 : 할 말이 없다 사라져야 할 인간...\n1 : 키키 코로나도 문제고 요즘 뉴스 볼 게 없다\n2 : 키키 진짜 좋은 소식도 없고 키키 제도가 바껴야 돼 바껴야 돼\n1 : 가능하겠나 키키\n1 : 사형제도 부활해야 되나\n2 : 부활해야 되지 않겠나 키키\n2 : 제정신 아닌 인간들이 너무 날뛴다 ㅜㅜ\n2 : 흙 살 수 없어\n1 : 진짜 딸 키우기 너무 험한 세상이다 키키\n1 : 호신용으로 칼 들고 다니라고 해야 됨\n2 : 진짜로! 지금 우리도 칼 들고 댕겨야 함 ^^\n1 : 키키 맞제 키키 복싱도 배워야 하나 키키\n2 : 기본 운동은 하나쯤은 해야 될 듯 키키\n1 : 이거 나라에서 운동시켜주는 법 만들어야 되는 거 아니가? 키키 호신용으로\n2 : 그럼 범죄자들 그 자리에서 다 때려잡을 수 있을듯 키키\n1 : 키키 법이랑 제도가 많이 개선되기를 바랍니다.\n2 : 맞아요 동의합니다.",
        "lines": [
          {
            "id": 1,
            "text": "1 : 요즘 사건 사고가 끊이지를 않넹",
            "norm_text": "요즘 사건 사고가 끊이지를 않넹",
            "speaker": {
              "id": "1번",
              "sex": "여성",
              "age": "30대"
            },
            "speechAct": "(단언) 주장하기",
            "morpheme": "요즘/NNG+사건/NNG+사고/NNG+가/JKS+끊이/VV+지/EC+를/JX+않/VX+넹/NNP"
          },
          {
            "id": 2,
            "text": "2 : 그렇네... 얼마 전에 20개월 아기 그거 봤니... ㅜㅜ",
            "norm_text": "그렇네... 얼마 전에 20개월 아기 그거 봤니... ㅜㅜ",
            "speaker": {
              "id": "2번",
              "sex": "여성",
              "age": "30대"
            },
            "speechAct": "(지시) 질문하기",
            "morpheme": "그렇/VA+네/EF+./SY+얼마/NNG+전/NNG+에/JKB+20/SN+개월/NNBC+아기/NNG+그거/NP+봤/VV+EP+니/EF+./SY+ㅜㅜ/UNKNOWN"
          },
          {
            "id": 3,
            "text": "2 : 세상이 미쳤고잉",
            "norm_text": "세상이 미쳤고잉",
            "speaker": {
              "id": "2번",
              "sex": "여성",
              "age": "30대"
            },
            "speechAct": "(표현) 부정감정 표현하기",
            "morpheme": "세상/NNG+이/JKS+미쳤/VV+EP+고잉/EC"
          },
          {
            "id": 4,
            "text": "1 : 아 그래... 참 말이 안 나오더라 키키",
            "norm_text": "아 그래... 참 말이 안 나오더라 키키",
            "speaker": {
              "id": "1번",
              "sex": "여성",
              "age": "30대"
            },
            "speechAct": "(단언) 주장하기",
            "morpheme": "아/IC+그래/IC+./SY+참말/NNG+이/JKS+안/MAG+나오/VV+더라/EC+키/NNG+키/XSV+ETN"
          },
          {
            "id": 5,
            "text": "1 : 뒤에 장모한테 칸 거도 봤나 키키",
            "norm_text": "뒤에 장모한테 칸 거도 봤나 키키",
            "speaker": {
              "id": "1번",
              "sex": "여성",
              "age": "30대"
            },
            "speechAct": "(지시) 질문하기",
            "morpheme": "뒤/NNG+에/JKB+장모/NNG+한테/JKB+칸/VV+ETM+거/NNB+도/JX+봤/VV+EP+나/EC+키/NNG+키/XSV+ETN"
          },
          {
            "id": 6,
            "text": "2 : 어어 키키 싸이코패스지 뭐...",
            "norm_text": "어어 키키 싸이코패스지 뭐...",
            "speaker": {
              "id": "2번",
              "sex": "여성",
              "age": "30대"
            },
            "speechAct": "(표현) 부정감정 표현하기",
            "morpheme": "어/IC+어/IC+키키/NNP+싸이코/NNP+패스/NNG+지/VCP+EF+뭐/IC+./SY"
          },
          {
            "id": 7,
            "text": "2 : 할 말이 없다 사라져야 할 인간...",
            "norm_text": "할 말이 없다 사라져야 할 인간...",
            "speaker": {
              "id": "2번",
              "sex": "여성",
              "age": "30대"
            },
            "speechAct": "(단언) 주장하기",
            "morpheme": "할/VV+ETM+말/NNG+이/JKS+없/VA+다/EC+사라져야/VV+EC+할/VX+ETM+인간/NNG+./SY+./SY"
          },
          {
            "id": 8,
            "text": "1 : 키키 코로나도 문제고 요즘 뉴스 볼 게 없다",
            "norm_text": "키키 코로나도 문제고 요즘 뉴스 볼 게 없다",
            "speaker": {
              "id": "1번",
              "sex": "여성",
              "age": "30대"
            },
            "speechAct": "(단언) 주장하기",
            "morpheme": "키키/NNP+코로나도/NNP+문제/NNG+고/VCP+EC+요즘/NNG+뉴스/NNG+볼/VV+ETM+게/NNB+JKS+없/VA+다/EC"
          },
          {
            "id": 9,
            "text": "2 : 키키 진짜 좋은 소식도 없고 키키 제도가 바껴야 돼 바껴야 돼",
            "norm_text": "키키 진짜 좋은 소식도 없고 키키 제도가 바껴야 돼 바껴야 돼",
            "speaker": {
              "id": "2번",
              "sex": "여성",
              "age": "30대"
            },
            "speechAct": "(단언) 주장하기",
            "morpheme": "키/NNG+키/XSV+ETN+진짜/MAG+좋/VA+은/ETM+소식/NNG+도/JX+없/VA+고/EC+키/NNG+키/NNG+제도/NNG+가/JKS+바/NNB+껴야/VV+EC+돼/VV+EF+바/NNB+껴야/VV+EC+돼/VV+EC"
          },
          {
            "id": 10,
            "text": "1 : 가능하겠나 키키",
            "norm_text": "가능하겠나 키키",
            "speaker": {
              "id": "1번",
              "sex": "여성",
              "age": "30대"
            },
            "speechAct": "(지시) 질문하기",
            "morpheme": "가능/NNG+하/XSV+겠/EP+나/EC+키/NNG+키/XSV+ETN"
          },
          {
            "id": 11,
            "text": "1 : 사형제도 부활해야 되나",
            "norm_text": "사형제도 부활해야 되나",
            "speaker": {
              "id": "1번",
              "sex": "여성",
              "age": "30대"
            },
            "speechAct": "(지시) 질문하기",
            "morpheme": "사형제도/NNP+부활/NNG+해야/XSV+EC+되/VV+나/EC"
          },
          {
            "id": 12,
            "text": "2 : 부활해야 되지 않겠나 키키",
            "norm_text": "부활해야 되지 않겠나 키키",
            "speaker": {
              "id": "2번",
              "sex": "여성",
              "age": "30대"
            },
            "speechAct": "(단언) 주장하기",
            "morpheme": "부활/NNG+해야/XSV+EC+되/VV+지/EC+않/VX+겠/EP+나/EC+키/NNG+키/XSV+ETN"
          },
          {
            "id": 13,
            "text": "2 : 제정신 아닌 인간들이 너무 날뛴다 ㅜㅜ",
            "norm_text": "제정신 아닌 인간들이 너무 날뛴다 ㅜㅜ",
            "speaker": {
              "id": "2번",
              "sex": "여성",
              "age": "30대"
            },
            "speechAct": "(단언) 주장하기",
            "morpheme": "제정신/NNG+아닌/VCN+ETM+인간/NNG+들/XSN+이/JKS+너무/MAG+날뛴다/VV+EC+ㅜㅜ/UNKNOWN"
          },
          {
            "id": 14,
            "text": "2 : 흙 살 수 없어",
            "norm_text": "흙 살 수 없어",
            "speaker": {
              "id": "2번",
              "sex": "여성",
              "age": "30대"
            },
            "speechAct": "턴토크 사인(관습적 반응)",
            "morpheme": "흙/NNG+살/VV+ETM+수/NNB+없/VA+어/EC"
          },
          {
            "id": 15,
            "text": "1 : 진짜 딸 키우기 너무 험한 세상이다 키키",
            "norm_text": "진짜 딸 키우기 너무 험한 세상이다 키키",
            "speaker": {
              "id": "1번",
              "sex": "여성",
              "age": "30대"
            },
            "speechAct": "(단언) 주장하기",
            "morpheme": "진짜/MAG+딸/NNG+키우/VV+기/ETN+너무/MAG+험한/VA+ETM+세상/NNG+이/JKS+다키키/NNP"
          },
          {
            "id": 16,
            "text": "1 : 호신용으로 칼 들고 다니라고 해야 됨",
            "norm_text": "호신용으로 칼 들고 다니라고 해야 됨",
            "speaker": {
              "id": "1번",
              "sex": "여성",
              "age": "30대"
            },
            "speechAct": "(단언) 주장하기",
            "morpheme": "호신/NNG+용/XSN+으로/JKB+칼/NNG+들/VV+고/EC+다니/VV+라고/EC+해야/VV+EC+됨/VV+ETN"
          },
          {
            "id": 17,
            "text": "2 : 진짜로! 지금 우리도 칼 들고 댕겨야 함 ^^",
            "norm_text": "진짜로! 지금 우리도 칼 들고 댕겨야 함 ^^",
            "speaker": {
              "id": "2번",
              "sex": "여성",
              "age": "30대"
            },
            "speechAct": "(단언) 주장하기",
            "morpheme": "진짜로/MAG+지금/MAG+우리/NP+도/JX+칼/NNG+들/VV+고/EC+댕겨야/VV+EC+함/VX+ETN+^/SY+^/SY"
          },
          {
            "id": 18,
            "text": "1 : 키키 맞제 키키 복싱도 배워야 하나 키키",
            "norm_text": "키키 맞제 키키 복싱도 배워야 하나 키키",
            "speaker": {
              "id": "1번",
              "sex": "여성",
              "age": "30대"
            },
            "speechAct": "(단언) 주장하기",
            "morpheme": "키/NNG+키/XSV+ETN+맞/VV+제/EC+키/NNG+키/NNG+복싱/NNG+도/JX+배워야/VV+EC+하나/NR+키/NNG+키/XSV+ETN"
          },
          {
            "id": 19,
            "text": "2 : 기본 운동은 하나쯤은 해야 될 듯 키키",
            "norm_text": "기본 운동은 하나쯤은 해야 될 듯 키키",
            "speaker": {
              "id": "2번",
              "sex": "여성",
              "age": "30대"
            },
            "speechAct": "(단언) 주장하기",
            "morpheme": "기본/NNG+운동/NNG+은/JX+하나/NR+쯤/NNB+은/JX+해야/VV+EC+될/VV+ETM+듯/NNB+키/NNG+키/XSV+ETN"
          },
          {
            "id": 20,
            "text": "1 : 이거 나라에서 운동시켜주는 법 만들어야 되는 거 아니가? 키키 호신용으로",
            "norm_text": "이거 나라에서 운동시켜주는 법 만들어야 되는 거 아니가? 키키 호신용으로",
            "speaker": {
              "id": "1번",
              "sex": "여성",
              "age": "30대"
            },
            "speechAct": "(단언) 주장하기",
            "morpheme": "이거/NP+나라/NNG+에서/JKB+운동/NNG+시켜/XSV+EC+주/VX+는/ETM+법/NNB+만들/VV+어야/EC+되/VV+는/ETM+거/NNB+아니/VCN+가/EF+키/NNG+키/NNG+호신/NNG+용/XSN+으로/JKB"
          },
          {
            "id": 21,
            "text": "2 : 그럼 범죄자들 그 자리에서 다 때려잡을 수 있을듯 키키",
            "norm_text": "그럼 범죄자들 그 자리에서 다 때려잡을 수 있을듯 키키",
            "speaker": {
              "id": "2번",
              "sex": "여성",
              "age": "30대"
            },
            "speechAct": "(단언) 주장하기",
            "morpheme": "그럼/MAJ+범죄자/NNG+들/XSN+그/MM+자리/NNG+에서/JKB+다/MAG+때려잡/VV+을/ETM+수/NNB+있/VV+을/ETM+듯/NNB+키/NNG+키/XSV+ETN"
          },
          {
            "id": 22,
            "text": "1 : 키키 법이랑 제도가 많이 개선되기를 바랍니다.",
            "norm_text": "키키 법이랑 제도가 많이 개선되기를 바랍니다.",
            "speaker": {
              "id": "1번",
              "sex": "여성",
              "age": "30대"
            },
            "speechAct": "(단언) 주장하기",
            "morpheme": "키/NNG+키/NNG+법/NNG+이랑/JKB+제도/NNG+가/JKS+많이/MAG+개선/NNG+되/XSV+기/ETN+를/JKO+바랍니다/VV+EF"
          },
          {
            "id": 23,
            "text": "2 : 맞아요 동의합니다.",
            "norm_text": "맞아요 동의합니다.",
            "speaker": {
              "id": "2번",
              "sex": "여성",
              "age": "30대"
            },
            "speechAct": "(단언) 주장하기",
            "morpheme": "맞/VV+아요/EF+동의/NNG+합니다/XSV+EF"
          }
        ]
      }
    }
  ]
}