{
  "dataset": {
    "identifier": 50981,
    "name": "KAKAO_997_18_set",
    "src_path": "/data/file/cubeManager/PROJECT001/53/txt20211006140435082232/KAKAO_997_18_set/",
    "label_path": "/data/file/cubeManager/PROJECT001/53/txt20211006140435082232/KAKAO_997_18_set/",
    "category": 2,
    "type": 0
  },
  "licenses": {
    "name": "Apache License 1.0",
    "url": "http://www.apache.org/licenses/LICENSE-1.0"
  },
  "info": [
    {
      "id": 45349,
      "filename": "KAKAO_997_18.txt",
      "title": "KAKAO_997_18",
      "mediatype": "SNS",
      "medianame": "카카오톡",
      "category": "일상대화",
      "date": "2021-10-06",
      "size": 701,
      "annotations": {
        "subject": "상거래 전반",
        "speaker_type": "1:1",
        "size": 701,
        "word_size": 220,
        "text": "1 : 얼마 전에 쿠팡에서 미국 치약을 샀는데 메이드 인 차이나 더라...\n2 : 키키 요즘 전부 중국산...\n1 : 되게 쓰고 싶지 않은 느낌인 거 알제? 키키\n2 : 해외 가서 물건 샀는데 메이드인 코리아도 있더라? 키키\n1 : 아 진짜?\n1 : 우리나라 물건 우리나라에도 많이 없는데 키키 신기하네 키키\n2 : 맞쟁 키키 요즘은 공장들이 중국에 특히 많으니까 더 그런 듯 ㅠ\n1 : 인터넷으로 사니까 제조국들 확인을 잘 안 하게 돼서 불편한 것 같다 ㅜㅜ\n2 : 난 딱히 안보는 편이야 ㅠㅠ 내가 사는 건 다 매일 똑같은 것들...\n1 : 나도... 인터넷 쇼핑몰에서 구매하는 것들 대부분 확인 안하고 사는 편이지 ㅜ\n2 : 나 웬만한 물건들이 다 통일돼있거든... 똑같은 거 다 쓰면 또 그거 사고 그거 사고...\n1 : 키키 나도 키키 근데 이번엔 급하게 치약을 사야 해서 쿠팡에서 같은 브랜드로 산 건데... 중국에서 온 거일 줄이야! 키키\n2 : 키키 독일 치약인가?\n2 : 엄청 쪼그만 한 거 있거든 고농축 난 그게 젤 좋더라\n1 : 아조나? 그거 말하는 건가?\n1 : 집에 치약이 그거 밖에 없어서 썼다가... 급하게 쿠팡에서 치약 산 거라고 ㅜㅜ\n2 : 다음날 눈 뜨면 입냄새도 안 나고 키키 치약\n2 : 어어 그거 맞다! 최애\n1 : 와... 그 치약 처음 써봤는데 난 염색약인 줄 알았다... 키키\n2 : 키키 크기가 작아서 왠지 샘플 쓰는 듯한 기분이긴 한데 키키",
        "lines": [
          {
            "id": 1,
            "text": "1 : 얼마 전에 쿠팡에서 미국 치약을 샀는데 메이드 인 차이나 더라...",
            "norm_text": "얼마 전에 쿠팡에서 미국 치약을 샀는데 메이드 인 차이나 더라...",
            "speaker": {
              "id": "1번",
              "sex": "여성",
              "age": "30대"
            },
            "speechAct": "(단언) 진술하기",
            "morpheme": "얼마/NNG+전/NNG+에/JKB+쿠팡/NNP+에서/JKB+미국/NNP+치약/NNG+을/JKO+샀/VV+EP+는데/EC+메이드/NNP+인차/NNP+이나/JC+더라/VCP+EF+./SY"
          },
          {
            "id": 2,
            "text": "2 : 키키 요즘 전부 중국산...",
            "norm_text": "키키 요즘 전부 중국산...",
            "speaker": {
              "id": "2번",
              "sex": "여성",
              "age": "30대"
            },
            "speechAct": "(단언) 진술하기",
            "morpheme": "키/NNG+키/NNG+요즘/MAG+전부/MAG+중국/NNP+산/XSN+./SY"
          },
          {
            "id": 3,
            "text": "1 : 되게 쓰고 싶지 않은 느낌인 거 알제? 키키",
            "norm_text": "되게 쓰고 싶지 않은 느낌인 거 알제? 키키",
            "speaker": {
              "id": "1번",
              "sex": "여성",
              "age": "30대"
            },
            "speechAct": "(지시) 질문하기",
            "morpheme": "되게/MAG+쓰/VV+고/EC+싶/VX+지/EC+않/VX+은/ETM+느낌/NNG+인/VCP+ETM+거/NNB+알/VV+제/EF+키/NNG+키/XSV+ETN"
          },
          {
            "id": 4,
            "text": "2 : 해외 가서 물건 샀는데 메이드인 코리아도 있더라? 키키",
            "norm_text": "해외 가서 물건 샀는데 메이드인 코리아도 있더라? 키키",
            "speaker": {
              "id": "2번",
              "sex": "여성",
              "age": "30대"
            },
            "speechAct": "(단언) 진술하기",
            "morpheme": "해외/NNG+가/VV+서/EC+물건/NNG+샀/VV+EP+는데/EC+메이드/NNP+인/VCP+ETM+코리아/NNP+도/JX+있/VA+더라/EF+키/NNG+키/XSV+ETN"
          },
          {
            "id": 5,
            "text": "1 : 아 진짜?",
            "norm_text": "아 진짜?",
            "speaker": {
              "id": "1번",
              "sex": "여성",
              "age": "30대"
            },
            "speechAct": "(지시) 질문하기",
            "morpheme": "아/IC+진짜/MAG"
          },
          {
            "id": 6,
            "text": "1 : 우리나라 물건 우리나라에도 많이 없는데 키키 신기하네 키키",
            "norm_text": "우리나라 물건 우리나라에도 많이 없는데 키키 신기하네 키키",
            "speaker": {
              "id": "1번",
              "sex": "여성",
              "age": "30대"
            },
            "speechAct": "(단언) 주장하기",
            "morpheme": "우리/NP+나라/NNG+물건/NNG+우리나라/NNG+에/JKB+도/JX+많이/MAG+없/VA+는데/EC+키/NNG+키/XSV+ETN+신기/XR+하/XSA+네/EF+키/NNG+키/XSV+ETN"
          },
          {
            "id": 7,
            "text": "2 : 맞쟁 키키 요즘은 공장들이 중국에 특히 많으니까 더 그런 듯 ㅠ",
            "norm_text": "맞쟁 키키 요즘은 공장들이 중국에 특히 많으니까 더 그런 듯 ㅠ",
            "speaker": {
              "id": "2번",
              "sex": "여성",
              "age": "30대"
            },
            "speechAct": "(단언) 진술하기",
            "morpheme": "맞/XPN+쟁/NNG+키/NNG+키/NNG+요즘/NNG+은/JX+공장/NNG+들/XSN+이/JKS+중국/NNP+에/JKB+특히/MAG+많/VA+으니까/EC+더/MAG+그런/VA+ETM+듯ㅠ/UNKNOWN"
          },
          {
            "id": 8,
            "text": "1 : 인터넷으로 사니까 제조국들 확인을 잘 안 하게 돼서 불편한 것 같다 ㅜㅜ",
            "norm_text": "인터넷으로 사니까 제조국들 확인을 잘 안 하게 돼서 불편한 것 같다 ㅜㅜ",
            "speaker": {
              "id": "1번",
              "sex": "여성",
              "age": "30대"
            },
            "speechAct": "(단언) 주장하기",
            "morpheme": "인터넷/NNG+으로/JKB+사/VV+니까/EC+제/MM+조국/NNG+들/XSN+확인/NNG+을/JKO+잘/MAG+안/MAG+하/VV+게/EC+돼서/VV+EC+불편/NNG+한/XSA+ETM+것/NNB+같/VA+다/EF+ㅜㅜ/UNKNOWN"
          },
          {
            "id": 9,
            "text": "2 : 난 딱히 안보는 편이야 ㅠㅠ 내가 사는 건 다 매일 똑같은 것들...",
            "norm_text": "난 딱히 안보는 편이야 ㅠㅠ 내가 사는 건 다 매일 똑같은 것들...",
            "speaker": {
              "id": "2번",
              "sex": "여성",
              "age": "30대"
            },
            "speechAct": "(단언) 주장하기",
            "morpheme": "난/NP+JX+딱히/MAG+안/MAG+보/VV+는/ETM+편/NNB+이/VCP+야/EF+ㅠㅠ/UNKNOWN+내/NP+가/JKS+사/VV+는/ETM+건/NNB+JX+다/MAG+매일/MAG+똑같/VA+은/ETM+것/NNB+들/XSN+./SY"
          },
          {
            "id": 10,
            "text": "1 : 나도... 인터넷 쇼핑몰에서 구매하는 것들 대부분 확인 안하고 사는 편이지 ㅜ",
            "norm_text": "나도... 인터넷 쇼핑몰에서 구매하는 것들 대부분 확인 안하고 사는 편이지 ㅜ",
            "speaker": {
              "id": "1번",
              "sex": "여성",
              "age": "30대"
            },
            "speechAct": "(단언) 주장하기",
            "morpheme": "나/NP+도/JX+./SY+./SY+인터넷/NNG+쇼핑몰/NNG+에서/JKB+구매/NNG+하/XSV+는/ETM+것/NNB+들/XSN+대부분/NNG+확인/NNG+안/MAG+하/VV+고/EC+사/VV+는/ETM+편/NNB+이/VCP+지/EF+ㅜ/UNKNOWN"
          },
          {
            "id": 11,
            "text": "2 : 나 웬만한 물건들이 다 통일돼있거든... 똑같은 거 다 쓰면 또 그거 사고 그거 사고...",
            "norm_text": "나 웬만한 물건들이 다 통일돼있거든... 똑같은 거 다 쓰면 또 그거 사고 그거 사고...",
            "speaker": {
              "id": "2번",
              "sex": "여성",
              "age": "30대"
            },
            "speechAct": "(단언) 주장하기",
            "morpheme": "나/NP+웬만/XR+한/XSA+ETM+물건/NNG+들/XSN+이/JKS+다/MAG+통일/NNG+돼/XSV+EC+있/VX+거든/EF+./SY+똑같/VA+은/ETM+거/NNB+다/MAG+쓰/VV+면/EC+또/MAG+그거/NP+사/VV+고/EC+그거/NP+사고/NNG+./SY+./SY"
          },
          {
            "id": 12,
            "text": "1 : 키키 나도 키키 근데 이번엔 급하게 치약을 사야 해서 쿠팡에서 같은 브랜드로 산 건데... 중국에서 온 거일 줄이야! 키키",
            "norm_text": "키키 나도 키키 근데 이번엔 급하게 치약을 사야 해서 쿠팡에서 같은 브랜드로 산 건데... 중국에서 온 거일 줄이야! 키키",
            "speaker": {
              "id": "1번",
              "sex": "여성",
              "age": "30대"
            },
            "speechAct": "(단언) 주장하기",
            "morpheme": "키/NNG+키나/XSA+ETN+JX+도키/NNG+키/XSV+ETN+근데/MAJ+이번/NNG+엔/JKB+JX+급하/VA+게/EC+치약/NNG+을/JKO+사/VV+야/EC+해서/VV+EC+쿠팡/NNP+에서/JKB+같/VA+은/ETM+브랜드/NNG+로/JKB+산/VV+ETM+건데/NNB+VCP+EF+./SY+./SY+중국/NNP+에서/JKB+온/VV+ETM+거/NNB+일/VCP+ETM+줄/NNB+이/VCP+야/EF+키/NNG+키/XSV+ETN"
          },
          {
            "id": 13,
            "text": "2 : 키키 독일 치약인가?",
            "norm_text": "키키 독일 치약인가?",
            "speaker": {
              "id": "2번",
              "sex": "여성",
              "age": "30대"
            },
            "speechAct": "(지시) 질문하기",
            "morpheme": "키키/NNP+독일/NNP+치약/NNG+인가/VCP+EF"
          },
          {
            "id": 14,
            "text": "2 : 엄청 쪼그만 한 거 있거든 고농축 난 그게 젤 좋더라",
            "norm_text": "엄청 쪼그만 한 거 있거든 고농축 난 그게 젤 좋더라",
            "speaker": {
              "id": "2번",
              "sex": "여성",
              "age": "30대"
            },
            "speechAct": "(단언) 주장하기",
            "morpheme": "엄청/MAG+쪼그만/XR+한/XSA+ETM+거/NNB+있/VA+거든/EF+고농/NNG+축난/VV+ETM+그게/NP+JKS+젤/MAG+좋/VA+더라/EC"
          },
          {
            "id": 15,
            "text": "1 : 아조나? 그거 말하는 건가?",
            "norm_text": "아조나? 그거 말하는 건가?",
            "speaker": {
              "id": "1번",
              "sex": "여성",
              "age": "30대"
            },
            "speechAct": "(지시) 질문하기",
            "morpheme": "아조/NNG+나/JC+그거/NP+말/NNG+하/XSV+는/ETM+건가/NNB+VCP+EF"
          },
          {
            "id": 16,
            "text": "1 : 집에 치약이 그거 밖에 없어서 썼다가... 급하게 쿠팡에서 치약 산 거라고 ㅜㅜ",
            "norm_text": "집에 치약이 그거 밖에 없어서 썼다가... 급하게 쿠팡에서 치약 산 거라고 ㅜㅜ",
            "speaker": {
              "id": "1번",
              "sex": "여성",
              "age": "30대"
            },
            "speechAct": "(단언) 주장하기",
            "morpheme": "집/NNG+에/JKB+치약/NNG+이/JKS+그거/NP+밖에/JX+없/VA+어서/EC+썼/VV+EP+다가/EC+./SY+./SY+급하/VA+게/EC+쿠팡/NNP+에서/JKB+치약/NNG+산거/NNG+라고/VCP+EC+ㅜㅜ/UNKNOWN"
          },
          {
            "id": 17,
            "text": "2 : 다음날 눈 뜨면 입냄새도 안 나고 키키 치약",
            "norm_text": "다음날 눈 뜨면 입냄새도 안 나고 키키 치약",
            "speaker": {
              "id": "2번",
              "sex": "여성",
              "age": "30대"
            },
            "speechAct": "(단언) 주장하기",
            "morpheme": "다음/NNG+날/NNG+눈뜨/VV+면/EC+입/NNG+냄새/NNG+도/JX+안/MAG+나/VV+고/EC+키/NNG+키/NNG+치약/NNG"
          },
          {
            "id": 18,
            "text": "2 : 어어 그거 맞다! 최애",
            "norm_text": "어어 그거 맞다! 최애",
            "speaker": {
              "id": "2번",
              "sex": "여성",
              "age": "30대"
            },
            "speechAct": "(단언) 주장하기",
            "morpheme": "어/IC+어/IC+그거/NP+맞/VV+다/EF+최애/NNG"
          },
          {
            "id": 19,
            "text": "1 : 와... 그 치약 처음 써봤는데 난 염색약인 줄 알았다... 키키",
            "norm_text": "와... 그 치약 처음 써봤는데 난 염색약인 줄 알았다... 키키",
            "speaker": {
              "id": "1번",
              "sex": "여성",
              "age": "30대"
            },
            "speechAct": "(단언) 주장하기",
            "morpheme": "와/IC+./SY+그/MM+치약/NNG+처음/NNG+써/VV+EC+봤/VX+EP+는데/EC+난/VX+ETM+염색약/NNG+인/VCP+ETM+줄/NNB+알/VV+았/EP+다/EF+./SY+키/NNG+키/XSV+ETN"
          },
          {
            "id": 20,
            "text": "2 : 키키 크기가 작아서 왠지 샘플 쓰는 듯한 기분이긴 한데 키키",
            "norm_text": "키키 크기가 작아서 왠지 샘플 쓰는 듯한 기분이긴 한데 키키",
            "speaker": {
              "id": "2번",
              "sex": "여성",
              "age": "30대"
            },
            "speechAct": "(단언) 주장하기",
            "morpheme": "키/NNG+키/NNG+크기/NNG+가/JKS+작/VA+아서/EC+왠지/MAG+샘플/NNG+쓰/VV+는/ETM+듯/NNB+한/XSA+ETM+기분/NNG+이/VCP+긴/ETN+JX+한데/VX+EC+키/NNG+키/XSV+ETN"
          }
        ]
      }
    }
  ]
}