{
  "dataset": {
    "identifier": 51123,
    "name": "KAKAO_988_07_set",
    "src_path": "/data/file/cubeManager/PROJECT001/53/txt202110061346040158101/KAKAO_988_07_set/",
    "label_path": "/data/file/cubeManager/PROJECT001/53/txt202110061346040158101/KAKAO_988_07_set/",
    "category": 2,
    "type": 0
  },
  "licenses": {
    "name": "Apache License 1.0",
    "url": "http://www.apache.org/licenses/LICENSE-1.0"
  },
  "info": [
    {
      "id": 43187,
      "filename": "KAKAO_988_07.txt",
      "title": "KAKAO_988_07",
      "mediatype": "SNS",
      "medianame": "카카오톡",
      "category": "일상대화",
      "date": "2021-10-06",
      "size": 384,
      "annotations": {
        "subject": "가족",
        "speaker_type": "1:1",
        "size": 384,
        "word_size": 125,
        "text": "1 : 남편이냐 애기냐 **의 선택은\n2 : 애기... 애기다 미안하다 남편\n1 : 키키 남편은 고로 3순이군\n2 : 그러하다 남편도 아마 그럴 거야\n1 : 나두 가끔 벅수가 더 가족 같을 때 있어 훗\n2 : 말 없이 가만히 지켜봐주는 존재 귀염탱이\n1 : 키키 내 말이 키키 말이 없는 게 좋을 때가 있어...\n2 : 키키 **씨 말 많니?\n1 : 응 세상 많지 후훗...\n1 : 일주일째 회사를 안 가네\n2 : 우리 남편은 맨날 유투브만 봐...^^\n1 : 이제는 좀 갔으면 좋겠어...\n2 : 제발 좀 세상으로 나갔으면 좋겠네\n1 : 키키 유튜브에서  뭐 보는데?\n2 : 방구석에 쳐박혀서 맨날 유투브질\n1 : 근데 그거 한번 보니까 진짜 볼 거 널렸더라 키키\n2 : 몰라... 세상을 유투브로 배우는 듯...",
        "lines": [
          {
            "id": 1,
            "text": "1 : 남편이냐 애기냐 **의 선택은",
            "norm_text": "남편이냐 애기냐 **의 선택은",
            "speaker": {
              "id": "1번",
              "sex": "여성",
              "age": "30대"
            },
            "speechAct": "(지시) 질문하기",
            "morpheme": "남편/NNG+이/VCP+냐/EC+애기/NNG+냐/VCP+EC+*/SY+*/SY+의/JKG+선택/NNG+은/JX"
          },
          {
            "id": 2,
            "text": "2 : 애기... 애기다 미안하다 남편",
            "norm_text": "애기... 애기다 미안하다 남편",
            "speaker": {
              "id": "2번",
              "sex": "여성",
              "age": "20대"
            },
            "speechAct": "(단언) 진술하기",
            "morpheme": "애기/NNG+./SY+./SY+애기/NNG+다/MAG+미안/NNG+하/XSV+다/EC+남편/NNG"
          },
          {
            "id": 3,
            "text": "1 : 키키 남편은 고로 3순이군",
            "norm_text": "키키 남편은 고로 3순이군",
            "speaker": {
              "id": "1번",
              "sex": "여성",
              "age": "30대"
            },
            "speechAct": "(단언) 진술하기",
            "morpheme": "키/NNG+키/NNG+남편/NNG+은/JX+고로/MAJ+3/SN+순/NNG+이/JKS+군/NNG"
          },
          {
            "id": 4,
            "text": "2 : 그러하다 남편도 아마 그럴 거야",
            "norm_text": "그러하다 남편도 아마 그럴 거야",
            "speaker": {
              "id": "2번",
              "sex": "여성",
              "age": "20대"
            },
            "speechAct": "(단언) 주장하기",
            "morpheme": "그러/XR+하/XSA+다/EC+남편/NNG+도/JX+아마/MAG+그럴/VA+ETM+거/NNB+야/VCP+EF"
          },
          {
            "id": 5,
            "text": "1 : 나두 가끔 벅수가 더 가족 같을 때 있어 훗",
            "norm_text": "나두 가끔 벅수가 더 가족 같을 때 있어 훗",
            "speaker": {
              "id": "1번",
              "sex": "여성",
              "age": "30대"
            },
            "speechAct": "(단언) 주장하기",
            "morpheme": "나/NP+두/JX+가끔/MAG+벅수/NNG+가/JKS+더/MAG+가족/NNG+같/VA+을/ETM+때/NNG+있/VV+어/EC+훗/NNP"
          },
          {
            "id": 6,
            "text": "2 : 말 없이 가만히 지켜봐주는 존재 귀염탱이",
            "norm_text": "말 없이 가만히 지켜봐주는 존재 귀염탱이",
            "speaker": {
              "id": "2번",
              "sex": "여성",
              "age": "20대"
            },
            "speechAct": "(단언) 진술하기",
            "morpheme": "말없이/MAG+가만히/MAG+지켜봐/VV+EC+주/VX+는/ETM+존재/NNG+귀염/NNG+탱이/NNG"
          },
          {
            "id": 7,
            "text": "1 : 키키 내 말이 키키 말이 없는 게 좋을 때가 있어...",
            "norm_text": "키키 내 말이 키키 말이 없는 게 좋을 때가 있어...",
            "speaker": {
              "id": "1번",
              "sex": "여성",
              "age": "30대"
            },
            "speechAct": "(단언) 주장하기",
            "morpheme": "키/NNG+키/XSV+ETN+내말이/NP+JKG+NNG+JKS+키/NNG+키/NNG+말/NNG+이/JKS+없/VA+는/ETM+게/NNB+JKS+좋/VA+을/ETM+때/NNG+가/JKS+있/VA+어/EF+./SY"
          },
          {
            "id": 8,
            "text": "2 : 키키 **씨 말 많니?",
            "norm_text": "키키 **씨 말 많니?",
            "speaker": {
              "id": "2번",
              "sex": "여성",
              "age": "20대"
            },
            "speechAct": "(지시) 질문하기",
            "morpheme": "키/NNG+키/XSV+ETN+*/SY+*/SY+씨말/NNG+많/VA+니/EF"
          },
          {
            "id": 9,
            "text": "1 : 응 세상 많지 후훗...",
            "norm_text": "응 세상 많지 후훗...",
            "speaker": {
              "id": "1번",
              "sex": "여성",
              "age": "30대"
            },
            "speechAct": "(단언) 진술하기",
            "morpheme": "응/IC+세상/NNG+많/VA+지/EF+후훗/IC+./SY"
          },
          {
            "id": 10,
            "text": "1 : 일주일째 회사를 안 가네",
            "norm_text": "일주일째 회사를 안 가네",
            "speaker": {
              "id": "1번",
              "sex": "여성",
              "age": "30대"
            },
            "speechAct": "(단언) 진술하기",
            "morpheme": "일/NR+주일/NNBC+째/XSN+회사/NNG+를/JKO+안/MAG+가/VV+네/EC"
          },
          {
            "id": 11,
            "text": "2 : 우리 남편은 맨날 유투브만 봐...^^",
            "norm_text": "우리 남편은 맨날 유투브만 봐...^^",
            "speaker": {
              "id": "2번",
              "sex": "여성",
              "age": "20대"
            },
            "speechAct": "(단언) 진술하기",
            "morpheme": "우리/NP+남편/NNG+은/JX+맨날/MAG+유투/NNP+브/NNP+만/JX+봐/VX+EF+./SY+^/SY+^/SY"
          },
          {
            "id": 12,
            "text": "1 : 이제는 좀 갔으면 좋겠어...",
            "norm_text": "이제는 좀 갔으면 좋겠어...",
            "speaker": {
              "id": "1번",
              "sex": "여성",
              "age": "30대"
            },
            "speechAct": "(단언) 주장하기",
            "morpheme": "이제/NNG+는/JX+좀/MAG+갔/VV+EP+으면/EC+좋/VA+겠/EP+어/EF+./SY"
          },
          {
            "id": 13,
            "text": "2 : 제발 좀 세상으로 나갔으면 좋겠네",
            "norm_text": "제발 좀 세상으로 나갔으면 좋겠네",
            "speaker": {
              "id": "2번",
              "sex": "여성",
              "age": "20대"
            },
            "speechAct": "(단언) 주장하기",
            "morpheme": "제발/MAG+좀/MAG+세상/NNG+으로/JKB+나갔/VV+EP+으면/EC+좋/VA+겠/EP+네/EF"
          },
          {
            "id": 14,
            "text": "1 : 키키 유튜브에서  뭐 보는데?",
            "norm_text": "키키 유튜브에서  뭐 보는데?",
            "speaker": {
              "id": "1번",
              "sex": "여성",
              "age": "30대"
            },
            "speechAct": "(지시) 질문하기",
            "morpheme": "키키/NNP+유튜브/NNP+에서/JKB+뭐/IC+보/VV+는데/EC"
          },
          {
            "id": 15,
            "text": "2 : 방구석에 쳐박혀서 맨날 유투브질",
            "norm_text": "방구석에 쳐박혀서 맨날 유투브질",
            "speaker": {
              "id": "2번",
              "sex": "여성",
              "age": "20대"
            },
            "speechAct": "(단언) 진술하기",
            "morpheme": "방구석/NNG+에/JKB+쳐/VV+EC+박혀서/VV+EC+맨날/MAG+유투/NNP+브/NNP+질/NNG"
          },
          {
            "id": 16,
            "text": "1 : 근데 그거 한번 보니까 진짜 볼 거 널렸더라 키키",
            "norm_text": "근데 그거 한번 보니까 진짜 볼 거 널렸더라 키키",
            "speaker": {
              "id": "1번",
              "sex": "여성",
              "age": "30대"
            },
            "speechAct": "(단언) 진술하기",
            "morpheme": "근데/MAJ+그거/NP+한번/MAG+보/VV+니까/EC+진짜/MAG+볼/VV+ETM+거/NNB+널렸/VV+EP+더라/EF+키/NNG+키/XSV+ETN"
          },
          {
            "id": 17,
            "text": "2 : 몰라... 세상을 유투브로 배우는 듯...",
            "norm_text": "몰라... 세상을 유투브로 배우는 듯...",
            "speaker": {
              "id": "2번",
              "sex": "여성",
              "age": "20대"
            },
            "speechAct": "(단언) 주장하기",
            "morpheme": "몰라/VV+EF+./SY+세상/NNG+을/JKO+유투/NNP+브/NNP+로/JKB+배우/VV+는/ETM+듯/NNB+./SY"
          }
        ]
      }
    }
  ]
}