{
  "dataset": {
    "identifier": 33109,
    "name": "KAKAO_903_09_set",
    "src_path": "/data/file/cubeManager/PROJECT001/53/txt202110050957510699106/KAKAO_903_09_set/",
    "label_path": "/data/file/cubeManager/PROJECT001/53/txt202110050957510699106/KAKAO_903_09_set/",
    "category": 2,
    "type": 0
  },
  "licenses": {
    "name": "Apache License 1.0",
    "url": "http://www.apache.org/licenses/LICENSE-1.0"
  },
  "info": [
    {
      "id": 40788,
      "filename": "KAKAO_903_09.txt",
      "title": "KAKAO_903_09",
      "mediatype": "SNS",
      "medianame": "카카오톡",
      "category": "일상대화",
      "date": "2021-10-05",
      "size": 582,
      "annotations": {
        "subject": "반려동물",
        "speaker_type": "1:1",
        "size": 582,
        "word_size": 189,
        "text": "1 : 아니 남자친구가 강아지냐고 ㅠㅠ\n1 : 갔다가 다시 돌아오는 게 당연한 줄 알아?\n1 : 동물이나 널 사랑 해주는 거야...\n2 : 남친도 마찬가지야 날 사랑해주는 건 똑같아\n1 : 아 근데 넌 동물 안 키우냐?\n1 : 키우고 싶다는 말을 들어본 적이 없는 듯\n2 : 나야 키우고 싶지 집에서 반대하니까 못 기르는 거지\n1 : 하긴 동물 같은 너가 있는데 또... 동물을...\n2 : 원래 인간은 다 동물이야 너도 동물이야 ^^\n1 : 맞아 이 짐승아!\n1 : 아 고양이 안고 싶다 뽀송뽀송 털 부비고 싶다\n2 : 난 고양이 길렀었어 광주 있을 때\n1 : 엥 진짜? 그 동거하던 친구 고양이 있었냐\n2 : 응응 걔네 집 고양이 인데 귀엽긴 하더라\n1 : 아 진짜 고양이 넘 키우고 싶은데 책임질 자신이 없어\n2 : 왜 걔네는 다 알아서 해 넌 밥 주고 똥만 치워주면 끝임\n1 : 아니 그래도 시간을 쏟고 정성을 쏟아야지 가족인데\n2 : 같이 있으면 알아서 쏟아져\n1 : 그건 인정하지.\n1 : 근데 우리 본가에서 키우는 고양이 이번에 엄청 크게 다쳐서 죽을 뻔했거든 그런 거 보면 이별도 너무 어려워서 무서워\n2 : 그건 그래 우리 엄마도 예전에 그래서 못 기르겠다더라",
        "lines": [
          {
            "id": 1,
            "text": "1 : 아니 남자친구가 강아지냐고 ㅠㅠ",
            "norm_text": "아니 남자친구가 강아지냐고 ㅠㅠ",
            "speaker": {
              "id": "1번",
              "sex": "여성",
              "age": "20대"
            },
            "speechAct": "(단언) 주장하기",
            "morpheme": "아니/IC+남자/NNG+친구/NNG+가/JKS+강아지/NNG+냐고/VCP+EC+ㅠㅠ/UNKNOWN"
          },
          {
            "id": 2,
            "text": "1 : 갔다가 다시 돌아오는 게 당연한 줄 알아?",
            "norm_text": "갔다가 다시 돌아오는 게 당연한 줄 알아?",
            "speaker": {
              "id": "1번",
              "sex": "여성",
              "age": "20대"
            },
            "speechAct": "(지시) 질문하기",
            "morpheme": "갔/VV+EP+다가/EC+다시/MAG+돌아오/VV+는/ETM+게/NNB+JKS+당연/XR+한/XSA+ETM+줄/NNB+알/VV+아/EF"
          },
          {
            "id": 3,
            "text": "1 : 동물이나 널 사랑 해주는 거야...",
            "norm_text": "동물이나 널 사랑 해주는 거야...",
            "speaker": {
              "id": "1번",
              "sex": "여성",
              "age": "20대"
            },
            "speechAct": "(단언) 주장하기",
            "morpheme": "동물/NNG+이나/JC+널/NP+JKO+사랑/NNG+해/XSV+EC+주/VX+는/ETM+거/NNB+야/VCP+EF+./SY"
          },
          {
            "id": 4,
            "text": "2 : 남친도 마찬가지야 날 사랑해주는 건 똑같아",
            "norm_text": "남친도 마찬가지야 날 사랑해주는 건 똑같아",
            "speaker": {
              "id": "2번",
              "sex": "여성",
              "age": "20대"
            },
            "speechAct": "(단언) 주장하기",
            "morpheme": "남친/NNG+도/JX+마찬가지/NNG+야/VCP+EF+날/NNG+사랑/NNG+해/XSV+EC+주/VX+는/ETM+건/NNB+JX+똑같/VA+아/EC"
          },
          {
            "id": 5,
            "text": "1 : 아 근데 넌 동물 안 키우냐?",
            "norm_text": "아 근데 넌 동물 안 키우냐?",
            "speaker": {
              "id": "1번",
              "sex": "여성",
              "age": "20대"
            },
            "speechAct": "(지시) 질문하기",
            "morpheme": "아/IC+근데/MAJ+넌/NP+JX+동물/NNG+안/MAG+키우/VV+냐/EF"
          },
          {
            "id": 6,
            "text": "1 : 키우고 싶다는 말을 들어본 적이 없는 듯",
            "norm_text": "키우고 싶다는 말을 들어본 적이 없는 듯",
            "speaker": {
              "id": "1번",
              "sex": "여성",
              "age": "20대"
            },
            "speechAct": "(단언) 주장하기",
            "morpheme": "키우/VV+고/EC+싶/VX+다는/ETM+말/NNG+을/JKO+들/VV+어/EC+본/VX+ETM+적/NNB+이/JKS+없/VA+는/ETM+듯/NNB"
          },
          {
            "id": 7,
            "text": "2 : 나야 키우고 싶지 집에서 반대하니까 못 기르는 거지",
            "norm_text": "나야 키우고 싶지 집에서 반대하니까 못 기르는 거지",
            "speaker": {
              "id": "2번",
              "sex": "여성",
              "age": "20대"
            },
            "speechAct": "(단언) 진술하기",
            "morpheme": "나/NP+야/VCP+EF+키우/VV+고/EC+싶/VX+지/EC+집/NNG+에서/JKB+반대/NNG+하/XSV+니까/EC+못/MAG+기르/VV+는/ETM+거/NNB+지/VCP+EC"
          },
          {
            "id": 8,
            "text": "1 : 하긴 동물 같은 너가 있는데 또... 동물을...",
            "norm_text": "하긴 동물 같은 너가 있는데 또... 동물을...",
            "speaker": {
              "id": "1번",
              "sex": "여성",
              "age": "20대"
            },
            "speechAct": "(단언) 주장하기",
            "morpheme": "하긴/MAJ+동물/NNG+같/VA+은/ETM+너/NP+가/JKS+있/VA+는데/EC+또/MAG+./SY+동물/NNG+을/JKO+./SY"
          },
          {
            "id": 9,
            "text": "2 : 원래 인간은 다 동물이야 너도 동물이야 ^^",
            "norm_text": "원래 인간은 다 동물이야 너도 동물이야 ^^",
            "speaker": {
              "id": "2번",
              "sex": "여성",
              "age": "20대"
            },
            "speechAct": "(단언) 주장하기",
            "morpheme": "원래/MAG+인간/NNG+은/JX+다/MAG+동물/NNG+이/VCP+야/EF+너/NP+도/JX+동물/NNG+이/VCP+야/EC+^/SY+^/SY"
          },
          {
            "id": 10,
            "text": "1 : 맞아 이 짐승아!",
            "norm_text": "맞아 이 짐승아!",
            "speaker": {
              "id": "1번",
              "sex": "여성",
              "age": "20대"
            },
            "speechAct": "턴토크 사인(관습적 반응)",
            "morpheme": "맞/VV+아/EC+이/MM+짐승/NNG+아/JKV"
          },
          {
            "id": 11,
            "text": "1 : 아 고양이 안고 싶다 뽀송뽀송 털 부비고 싶다",
            "norm_text": "아 고양이 안고 싶다 뽀송뽀송 털 부비고 싶다",
            "speaker": {
              "id": "1번",
              "sex": "여성",
              "age": "20대"
            },
            "speechAct": "(단언) 주장하기",
            "morpheme": "아/IC+고양이/NNG+안/VV+고/EC+싶/VX+다/EF+뽀송뽀송/MAG+털/NNG+부비/VV+고/EC+싶/VX+다/EC"
          },
          {
            "id": 12,
            "text": "2 : 난 고양이 길렀었어 광주 있을 때",
            "norm_text": "난 고양이 길렀었어 광주 있을 때",
            "speaker": {
              "id": "2번",
              "sex": "여성",
              "age": "20대"
            },
            "speechAct": "(단언) 진술하기",
            "morpheme": "난/NP+JX+고양이/NNG+길렀/VV+EP+었/EP+어/EC+광주/NNP+있/VV+을/ETM+때/NNG"
          },
          {
            "id": 13,
            "text": "1 : 엥 진짜? 그 동거하던 친구 고양이 있었냐",
            "norm_text": "엥 진짜? 그 동거하던 친구 고양이 있었냐",
            "speaker": {
              "id": "1번",
              "sex": "여성",
              "age": "20대"
            },
            "speechAct": "(지시) 질문하기",
            "morpheme": "엥/IC+진짜/MAG+그/MM+동거/NNG+하/XSV+던/ETM+친구/NNG+고양이/NNG+있/VV+었/EP+냐/EC"
          },
          {
            "id": 14,
            "text": "2 : 응응 걔네 집 고양이 인데 귀엽긴 하더라",
            "norm_text": "응응 걔네 집 고양이 인데 귀엽긴 하더라",
            "speaker": {
              "id": "2번",
              "sex": "여성",
              "age": "20대"
            },
            "speechAct": "(단언) 주장하기",
            "morpheme": "응/IC+응/IC+걔/NP+네/XSN+집고양이/NNG+인데/VCP+EC+귀엽/VA+긴/ETN+JX+하/VX+더라/EC"
          },
          {
            "id": 15,
            "text": "1 : 아 진짜 고양이 넘 키우고 싶은데 책임질 자신이 없어",
            "norm_text": "아 진짜 고양이 넘 키우고 싶은데 책임질 자신이 없어",
            "speaker": {
              "id": "1번",
              "sex": "여성",
              "age": "20대"
            },
            "speechAct": "(단언) 주장하기",
            "morpheme": "아/IC+진짜/MAG+고양이/NNG+넘/MAG+키우/VV+고/EC+싶/VX+은데/EC+책임질/VV+ETM+자신/NNG+이/JKS+없/VA+어/EC"
          },
          {
            "id": 16,
            "text": "2 : 왜 걔네는 다 알아서 해 넌 밥 주고 똥만 치워주면 끝임",
            "norm_text": "왜 걔네는 다 알아서 해 넌 밥 주고 똥만 치워주면 끝임",
            "speaker": {
              "id": "2번",
              "sex": "여성",
              "age": "20대"
            },
            "speechAct": "(단언) 주장하기",
            "morpheme": "왜/MAG+걔/NP+네/XSN+는/JX+다/MAG+알/VV+아서/EC+해/VV+EC+넌/NP+JX+밥/NNG+주/VV+고/EC+똥/NNG+만/JX+치워/VV+EC+주/VX+면/EC+끝/NNG+임/VCP+ETN"
          },
          {
            "id": 17,
            "text": "1 : 아니 그래도 시간을 쏟고 정성을 쏟아야지 가족인데",
            "norm_text": "아니 그래도 시간을 쏟고 정성을 쏟아야지 가족인데",
            "speaker": {
              "id": "1번",
              "sex": "여성",
              "age": "20대"
            },
            "speechAct": "(단언) 주장하기",
            "morpheme": "아니/IC+그래도/MAJ+시간/NNG+을/JKO+쏟/VV+고/EC+정성/NNG+을/JKO+쏟/VV+아야지/EC+가족/NNG+인데/VCP+EC"
          },
          {
            "id": 18,
            "text": "2 : 같이 있으면 알아서 쏟아져",
            "norm_text": "같이 있으면 알아서 쏟아져",
            "speaker": {
              "id": "2번",
              "sex": "여성",
              "age": "20대"
            },
            "speechAct": "(단언) 주장하기",
            "morpheme": "같이/MAG+있/VV+으면/EC+알/VV+아서/EC+쏟아져/VV+EC"
          },
          {
            "id": 19,
            "text": "1 : 그건 인정하지.",
            "norm_text": "그건 인정하지.",
            "speaker": {
              "id": "1번",
              "sex": "여성",
              "age": "20대"
            },
            "speechAct": "(단언) 주장하기",
            "morpheme": "그건/NP+JX+인정/NNG+하/XSA+지/EF"
          },
          {
            "id": 20,
            "text": "1 : 근데 우리 본가에서 키우는 고양이 이번에 엄청 크게 다쳐서 죽을 뻔했거든 그런 거 보면 이별도 너무 어려워서 무서워",
            "norm_text": "근데 우리 본가에서 키우는 고양이 이번에 엄청 크게 다쳐서 죽을 뻔했거든 그런 거 보면 이별도 너무 어려워서 무서워",
            "speaker": {
              "id": "1번",
              "sex": "여성",
              "age": "20대"
            },
            "speechAct": "(단언) 주장하기",
            "morpheme": "근데/MAJ+우리/NP+본가/NNG+에서/JKB+키우/VV+는/ETM+고양이/NNG+이번/NNG+에/JKB+엄청/MAG+크/VA+게/EC+다쳐서/VV+EC+죽/VV+을/ETM+뻔/NNB+했/XSA+EP+거든/EF+그런/MM+거/NNB+보/VV+면/EC+이별/NNG+도/JX+너무/MAG+어려워서/VA+EC+무서워/VA+EC"
          },
          {
            "id": 21,
            "text": "2 : 그건 그래 우리 엄마도 예전에 그래서 못 기르겠다더라",
            "norm_text": "그건 그래 우리 엄마도 예전에 그래서 못 기르겠다더라",
            "speaker": {
              "id": "2번",
              "sex": "여성",
              "age": "20대"
            },
            "speechAct": "(단언) 주장하기",
            "morpheme": "그건/NP+JX+그래/VA+EC+우리/NP+엄마/NNG+도/JX+예전/NNG+에/JKB+그래서/MAJ+못/MAG+기르/VV+겠/EP+다더라/EC"
          }
        ]
      }
    }
  ]
}