{
  "dataset": {
    "identifier": 68982,
    "name": "KAKAO_930_07_set",
    "src_path": "/data/file/cubeManager/PROJECT001/53/txt20211005155835071825/KAKAO_930_07_set/",
    "label_path": "/data/file/cubeManager/PROJECT001/53/txt20211005155835071825/KAKAO_930_07_set/",
    "category": 2,
    "type": 0
  },
  "licenses": {
    "name": "Apache License 1.0",
    "url": "http://www.apache.org/licenses/LICENSE-1.0"
  },
  "info": [
    {
      "id": 41904,
      "filename": "KAKAO_930_07.txt",
      "title": "KAKAO_930_07",
      "mediatype": "SNS",
      "medianame": "카카오톡",
      "category": "일상대화",
      "date": "2021-10-05",
      "size": 595,
      "annotations": {
        "subject": "가족",
        "speaker_type": "1:1",
        "size": 595,
        "word_size": 199,
        "text": "1 : 어머니 그날 이후로 별 말씀 없으시더낭? 키키\n2 : 키키 우리 엄마? 니 마음에 들어하신 거 같더라\n1 : 진짜가 키키 다행이다 ㅠㅠ\n1 : 그때 너무 어지르고 가서...키키 늦게 가기도 하고\n2 : 개안타 키키 그런 거 신경 안 쓰심\n2 : 나도 너희 부모님 한번 뵈야 되는데\n1 : 우리 부모님? 니 한 번도 본 적이 없나?\n1 : 키키 결혼식 때 보겠농 키키\n2 : 키키 어머니는 카페에서 뵌 적 있는데 아버지는 없지\n1 : 아 나도 너희 아버지 사진만 봄... 키키 다음에 가족모임 같이 고? 키키\n2 : 키키 니 동생도 오나? 키키 남동생 꺄\n1 : 키키 내 동생... 가족 모임 참석 잘 안 해서... 키키\n2 : 아 진짜가 키키 그래도 **누나 있다고 카면 댐 올걸\n1 : 아 진짜가 키키 말해볼게...\n1 : 나도 엄마 아빠 안 본지 좀 됐노 키키\n2 : 키키 가족들 보러 본가에 좀 자주 가라\n1 : 키키 진짜 누가 보면 저 멀리 지역에 사는 줄 알겠네... 키키\n2 : 키키 내 말이 같은 대구 바닥에 있으면시 키키 잘해 짜샤\n1 : 키키 그래 우리 모두 부모님께 잘하자 나중에 후회하지 말고\n2 : 키키 응 부모님한테 잘하자\n2 : 사랑 듬뿍 받고 자란 만큼 보답해드리자",
        "lines": [
          {
            "id": 1,
            "text": "1 : 어머니 그날 이후로 별 말씀 없으시더낭? 키키",
            "norm_text": "어머니 그날 이후로 별 말씀 없으시더낭? 키키",
            "speaker": {
              "id": "1번",
              "sex": "여성",
              "age": "30대"
            },
            "speechAct": "(지시) 질문하기",
            "morpheme": "어머니/NNG+그날/NNG+이후/NNG+로/JKB+별/MM+말씀/NNG+없/VA+으시더/EC+낭/NNG+?/SY+키/NNG+키/XSV+ETN"
          },
          {
            "id": 2,
            "text": "2 : 키키 우리 엄마? 니 마음에 들어하신 거 같더라",
            "norm_text": "키키 우리 엄마? 니 마음에 들어하신 거 같더라",
            "speaker": {
              "id": "2번",
              "sex": "여성",
              "age": "30대"
            },
            "speechAct": "(단언) 진술하기",
            "morpheme": "키/NNG+키/XSV+ETN+우리/NP+엄마/NNG+니/MM+마음/NNG+에/JKB+들/VV+어/EC+하/VX+신/EP+ETM+거/NNB+같/VA+더라/EC"
          },
          {
            "id": 3,
            "text": "1 : 진짜가 키키 다행이다 ㅠㅠ",
            "norm_text": "진짜가 키키 다행이다 ㅠㅠ",
            "speaker": {
              "id": "1번",
              "sex": "여성",
              "age": "30대"
            },
            "speechAct": "(단언) 진술하기",
            "morpheme": "진짜/NNG+가/JKS+키/NNG+키/NNG+다행/NNG+이/VCP+다/EF+ㅠㅠ/UNKNOWN"
          },
          {
            "id": 4,
            "text": "1 : 그때 너무 어지르고 가서...키키 늦게 가기도 하고",
            "norm_text": "그때 너무 어지르고 가서...키키 늦게 가기도 하고",
            "speaker": {
              "id": "1번",
              "sex": "여성",
              "age": "30대"
            },
            "speechAct": "(단언) 진술하기",
            "morpheme": "그때/NNG+너무/MAG+어지르/VV+고/EC+가/VX+서/EC+./SY+./SY+키/NNG+키/XSV+ETN+늦/VA+게/EC+가/VX+기/ETN+도/JX+하/VV+고/EC"
          },
          {
            "id": 5,
            "text": "2 : 개안타 키키 그런 거 신경 안 쓰심",
            "norm_text": "개안타 키키 그런 거 신경 안 쓰심",
            "speaker": {
              "id": "2번",
              "sex": "여성",
              "age": "30대"
            },
            "speechAct": "(단언) 진술하기",
            "morpheme": "개안/NNP+타키/NNP+키/NNG+그런/MM+거/NNB+신경/NNG+안/MAG+쓰/VV+심/EP+ETN"
          },
          {
            "id": 6,
            "text": "2 : 나도 너희 부모님 한번 뵈야 되는데",
            "norm_text": "나도 너희 부모님 한번 뵈야 되는데",
            "speaker": {
              "id": "2번",
              "sex": "여성",
              "age": "30대"
            },
            "speechAct": "(단언) 진술하기",
            "morpheme": "나/NP+도/JX+너희/NP+부모/NNG+님/XSN+한번/MAG+뵈/VV+야/EC+되/VV+는데/EC"
          },
          {
            "id": 7,
            "text": "1 : 우리 부모님? 니 한 번도 본 적이 없나?",
            "norm_text": "우리 부모님? 니 한 번도 본 적이 없나?",
            "speaker": {
              "id": "1번",
              "sex": "여성",
              "age": "30대"
            },
            "speechAct": "(지시) 질문하기",
            "morpheme": "우리/NP+부모/NNG+님/XSN+니/MM+한/MM+번/NNBC+도/JX+본/VX+ETM+적/NNB+이/JKS+없/VA+나/EF"
          },
          {
            "id": 8,
            "text": "1 : 키키 결혼식 때 보겠농 키키",
            "norm_text": "키키 결혼식 때 보겠농 키키",
            "speaker": {
              "id": "1번",
              "sex": "여성",
              "age": "30대"
            },
            "speechAct": "(단언) 진술하기",
            "morpheme": "키/NNG+키/NNG+결혼식/NNG+때/NNG+보/VV+겠/EC+농/NNG+키/NNG+키/XSV+ETN"
          },
          {
            "id": 9,
            "text": "2 : 키키 어머니는 카페에서 뵌 적 있는데 아버지는 없지",
            "norm_text": "키키 어머니는 카페에서 뵌 적 있는데 아버지는 없지",
            "speaker": {
              "id": "2번",
              "sex": "여성",
              "age": "30대"
            },
            "speechAct": "(단언) 진술하기",
            "morpheme": "키/NNG+키/NNG+어머니/NNG+는/JX+카페/NNG+에서/JKB+뵌/VV+ETM+적/NNB+있/VA+는데/EC+아버지/NNG+는/JX+없/VA+지/EC"
          },
          {
            "id": 10,
            "text": "1 : 아 나도 너희 아버지 사진만 봄... 키키 다음에 가족모임 같이 고? 키키",
            "norm_text": "아 나도 너희 아버지 사진만 봄... 키키 다음에 가족모임 같이 고? 키키",
            "speaker": {
              "id": "1번",
              "sex": "여성",
              "age": "30대"
            },
            "speechAct": "(지시) 질문하기",
            "morpheme": "아나도너희아버지사진만봄/UNKNOWN+./SY+키/NNG+키/NNG+다음/NNG+에/JKB+가족/NNG+모임/NNG+같이/JKB+고/EC+?/SY+키/NNG+키/XSV+ETN"
          },
          {
            "id": 11,
            "text": "2 : 키키 니 동생도 오나? 키키 남동생 꺄",
            "norm_text": "키키 니 동생도 오나? 키키 남동생 꺄",
            "speaker": {
              "id": "2번",
              "sex": "여성",
              "age": "30대"
            },
            "speechAct": "(지시) 질문하기",
            "morpheme": "키/NNG+키/VV+니/EC+동생/NNG+도/JX+오/VV+나/EF+키키남동생꺄/UNKNOWN"
          },
          {
            "id": 12,
            "text": "1 : 키키 내 동생... 가족 모임 참석 잘 안 해서... 키키",
            "norm_text": "키키 내 동생... 가족 모임 참석 잘 안 해서... 키키",
            "speaker": {
              "id": "1번",
              "sex": "여성",
              "age": "30대"
            },
            "speechAct": "(단언) 진술하기",
            "morpheme": "키/NNG+키/XSV+ETN+내/NP+JKG+동생/NNG+./SY+./SY+가족/NNG+모임/NNG+참석/NNG+잘/MAG+안/MAG+해서/VV+EC+./SY+./SY+키/NNG+키/XSV+ETN"
          },
          {
            "id": 13,
            "text": "2 : 아 진짜가 키키 그래도 **누나 있다고 카면 댐 올걸",
            "norm_text": "아 진짜가 키키 그래도 **누나 있다고 카면 댐 올걸",
            "speaker": {
              "id": "2번",
              "sex": "여성",
              "age": "30대"
            },
            "speechAct": "(단언) 진술하기",
            "morpheme": "아/IC+진짜/NNG+가/JKS+키/NNG+키/XSV+ETN+그래도/VV+EC+*/SY+*/SY+누나/NNG+있/VV+다고/EC+카/VX+면/EC+댐/VX+ETN+올/VV+ETM+걸/NNB+JKO"
          },
          {
            "id": 14,
            "text": "1 : 아 진짜가 키키 말해볼게...",
            "norm_text": "아 진짜가 키키 말해볼게...",
            "speaker": {
              "id": "1번",
              "sex": "여성",
              "age": "30대"
            },
            "speechAct": "(단언) 진술하기",
            "morpheme": "아/IC+진짜/NNG+가/JKS+키/NNG+키/NNG+말/NNG+해/XSV+EC+볼게/VX+EF+./SY"
          },
          {
            "id": 15,
            "text": "1 : 나도 엄마 아빠 안 본지 좀 됐노 키키",
            "norm_text": "나도 엄마 아빠 안 본지 좀 됐노 키키",
            "speaker": {
              "id": "1번",
              "sex": "여성",
              "age": "30대"
            },
            "speechAct": "(단언) 진술하기",
            "morpheme": "나/NP+도/JX+엄마/NNG+아빠/NNG+안/MAG+본/VV+ETM+지/NNB+좀/MAG+됐/VV+EP+노/EC+키/NNG+키/XSV+ETN"
          },
          {
            "id": 16,
            "text": "2 : 키키 가족들 보러 본가에 좀 자주 가라",
            "norm_text": "키키 가족들 보러 본가에 좀 자주 가라",
            "speaker": {
              "id": "2번",
              "sex": "여성",
              "age": "30대"
            },
            "speechAct": "(지시) 충고/제안하기",
            "morpheme": "키/NNG+키/NNG+가족/NNG+들/XSN+보러/JKB+본가/NNG+에/JKB+좀/MAG+자주/MAG+가/VV+라/EC"
          },
          {
            "id": 17,
            "text": "1 : 키키 진짜 누가 보면 저 멀리 지역에 사는 줄 알겠네... 키키",
            "norm_text": "키키 진짜 누가 보면 저 멀리 지역에 사는 줄 알겠네... 키키",
            "speaker": {
              "id": "1번",
              "sex": "여성",
              "age": "30대"
            },
            "speechAct": "(단언) 진술하기",
            "morpheme": "키/NNG+키/XSV+ETN+진짜/MAG+누가/NP+JKS+보/VV+면/EC+저/IC+멀리/MAG+지역/NNG+에/JKB+사/VV+는/ETM+줄/NNB+알/VV+겠/EP+네/EF+./SY+키/NNG+키/XSV+ETN"
          },
          {
            "id": 18,
            "text": "2 : 키키 내 말이 같은 대구 바닥에 있으면시 키키 잘해 짜샤",
            "norm_text": "키키 내 말이 같은 대구 바닥에 있으면시 키키 잘해 짜샤",
            "speaker": {
              "id": "2번",
              "sex": "여성",
              "age": "30대"
            },
            "speechAct": "(단언) 진술하기",
            "morpheme": "키/NNG+키/XSV+ETN+내말이/NP+JKG+NNG+JKS+같/VA+은/ETM+대구/NNP+바닥/NNG+에/JKB+있/VV+으면/EC+시키/NNP+키/NNG+잘/MAG+해/VV+EC+짜/VV+샤/EC"
          },
          {
            "id": 19,
            "text": "1 : 키키 그래 우리 모두 부모님께 잘하자 나중에 후회하지 말고",
            "norm_text": "키키 그래 우리 모두 부모님께 잘하자 나중에 후회하지 말고",
            "speaker": {
              "id": "1번",
              "sex": "여성",
              "age": "30대"
            },
            "speechAct": "(지시) 충고/제안하기",
            "morpheme": "키/NNG+키/XSV+ETN+그래/JX+우리/NP+모두/MAG+부모/NNG+님/XSN+께/JKB+잘/MAG+하/VV+자/EC+나중/NNG+에/JKB+후회/NNG+하/XSV+지/EC+말/VX+고/EC"
          },
          {
            "id": 20,
            "text": "2 : 키키 응 부모님한테 잘하자",
            "norm_text": "키키 응 부모님한테 잘하자",
            "speaker": {
              "id": "2번",
              "sex": "여성",
              "age": "30대"
            },
            "speechAct": "N/A",
            "morpheme": "키/NNG+키/XSV+ETN+응/IC+부모/NNG+님/XSN+한테/JKB+잘/MAG+하/VV+자/EC"
          },
          {
            "id": 21,
            "text": "2 : 사랑 듬뿍 받고 자란 만큼 보답해드리자",
            "norm_text": "사랑 듬뿍 받고 자란 만큼 보답해드리자",
            "speaker": {
              "id": "2번",
              "sex": "여성",
              "age": "30대"
            },
            "speechAct": "(단언) 진술하기",
            "morpheme": "사랑/NNG+듬뿍/MAG+받/VV+고/EC+자란/VV+ETM+만큼/NNB+보답/NNG+해/XSV+EC+드리/VX+자/EC"
          }
        ]
      }
    }
  ]
}