{
  "dataset": {
    "identifier": 30340,
    "name": "KAKAO_903_13_set",
    "src_path": "/data/file/cubeManager/PROJECT001/53/txt202110050957510738104/KAKAO_903_13_set/",
    "label_path": "/data/file/cubeManager/PROJECT001/53/txt202110050957510738104/KAKAO_903_13_set/",
    "category": 2,
    "type": 0
  },
  "licenses": {
    "name": "Apache License 1.0",
    "url": "http://www.apache.org/licenses/LICENSE-1.0"
  },
  "info": [
    {
      "id": 40792,
      "filename": "KAKAO_903_13.txt",
      "title": "KAKAO_903_13",
      "mediatype": "SNS",
      "medianame": "카카오톡",
      "category": "일상대화",
      "date": "2021-10-05",
      "size": 573,
      "annotations": {
        "subject": "계절/날씨",
        "speaker_type": "1:1",
        "size": 573,
        "word_size": 181,
        "text": "1 : 인정 겨울에 가자 스파 있는 곳\n2 : 뜨끈하니 좋다 알지 눈 오고 추울 때 스파 진짜 환상임 ㅠㅠ\n1 : 키키 인정 그러고 눈 싸움도 해야 한다고.\n1 : 안에 돌 넣으면 반칙이다 알지?\n2 : 알겠어 돌 말고 벽돌은 어때...?\n1 : 너 정말 인성이 글러 먹었구나?\n1 : 너를 눈사람으로 만들어서 부시든가 해야지\n2 : 너가 눈사람 안에 들어갈 거란 생각은 안 해봤니...?\n1 : 그래도 그 찡찡거리는 친구랑 나랑 둘이 덤비면 너 묻는 건 식은 죽 먹기지\n2 : 너희 둘 다 이쁘게 눈사람으로 만들어 줄게 ^^\n1 : 너 정말 너무 무서웡... 너랑 겨울 보내고 나면 내 인생에 다신 봄이 없는 건가...\n2 : 거름이 되서 봄을 맞이하겠지\n1 : 우리 20년 후 봄에 보자...\n1 : 난 겨울을 좋아해서... 여러 번 맞고 싶어...\n2 : 그냥 겨울이 좋으면 시베리아로 가 거긴 항상 겨울이잖아\n1 : 그냥 날 내쫒고 싶구나 너는?\n2 : 너가 겨울을 좋아 한다니까 너의 행복을 위해서 가라는 거지 ^^\n2 : 겨울 속에서 항상 행복하렴\n1 : 그렇게 날 보기 싫구나 서운하다 친구야...\n2 : 시베리아 기념품은 매년 보내주고 알겠지?",
        "lines": [
          {
            "id": 1,
            "text": "1 : 인정 겨울에 가자 스파 있는 곳",
            "norm_text": "인정 겨울에 가자 스파 있는 곳",
            "speaker": {
              "id": "1번",
              "sex": "여성",
              "age": "20대"
            },
            "speechAct": "(언약) 약속하기(제3자와)/(개인적 수준)",
            "morpheme": "인정/NNG+겨울/NNG+에/JKB+가/VV+자/EC+스파/NNP+있/VA+는/ETM+곳/NNG"
          },
          {
            "id": 2,
            "text": "2 : 뜨끈하니 좋다 알지 눈 오고 추울 때 스파 진짜 환상임 ㅠㅠ",
            "norm_text": "뜨끈하니 좋다 알지 눈 오고 추울 때 스파 진짜 환상임 ㅠㅠ",
            "speaker": {
              "id": "2번",
              "sex": "여성",
              "age": "20대"
            },
            "speechAct": "(단언) 주장하기",
            "morpheme": "뜨끈/XR+하/XSA+니/EC+좋/VA+다/EC+알/VV+지/EC+눈/NNG+오/VV+고/EC+추울/VA+ETM+때/NNG+스파/NNP+진짜/MAG+환상/NNG+임/VCP+ETN+ㅠㅠ/UNKNOWN"
          },
          {
            "id": 3,
            "text": "1 : 키키 인정 그러고 눈 싸움도 해야 한다고.",
            "norm_text": "키키 인정 그러고 눈 싸움도 해야 한다고.",
            "speaker": {
              "id": "1번",
              "sex": "여성",
              "age": "20대"
            },
            "speechAct": "(단언) 주장하기",
            "morpheme": "키/NNG+키/NNG+인정/NNG+그러/VV+고/EC+눈싸움/NNG+도/JX+해야/VV+EC+한다고/VX+EF"
          },
          {
            "id": 4,
            "text": "1 : 안에 돌 넣으면 반칙이다 알지?",
            "norm_text": "안에 돌 넣으면 반칙이다 알지?",
            "speaker": {
              "id": "1번",
              "sex": "여성",
              "age": "20대"
            },
            "speechAct": "(단언) 주장하기",
            "morpheme": "안/NNG+에/JKB+돌/NNG+넣/VV+으면/EC+반칙/NNG+이/JKS+다/MAG+알/VV+지/EF"
          },
          {
            "id": 5,
            "text": "2 : 알겠어 돌 말고 벽돌은 어때...?",
            "norm_text": "알겠어 돌 말고 벽돌은 어때...?",
            "speaker": {
              "id": "2번",
              "sex": "여성",
              "age": "20대"
            },
            "speechAct": "(단언) 주장하기",
            "morpheme": "알/VV+겠/EP+어/EC+돌/NNG+말/VV+고/EC+벽돌/NNG+은/JX+어때/VA+EF+./SY+./SY"
          },
          {
            "id": 6,
            "text": "1 : 너 정말 인성이 글러 먹었구나?",
            "norm_text": "너 정말 인성이 글러 먹었구나?",
            "speaker": {
              "id": "1번",
              "sex": "여성",
              "age": "20대"
            },
            "speechAct": "(단언) 주장하기",
            "morpheme": "너/NP+정말/MAG+인성/NNG+이/JKS+글러/VA+EC+먹/VV+었/EP+구나/EF"
          },
          {
            "id": 7,
            "text": "1 : 너를 눈사람으로 만들어서 부시든가 해야지",
            "norm_text": "너를 눈사람으로 만들어서 부시든가 해야지",
            "speaker": {
              "id": "1번",
              "sex": "여성",
              "age": "20대"
            },
            "speechAct": "(단언) 주장하기",
            "morpheme": "너/NP+를/JKO+눈/NNG+사람/NNG+으로/JKB+만들/VV+어서/EC+부시/VV+든가/EC+해야지/VX+EC"
          },
          {
            "id": 8,
            "text": "2 : 너가 눈사람 안에 들어갈 거란 생각은 안 해봤니...?",
            "norm_text": "너가 눈사람 안에 들어갈 거란 생각은 안 해봤니...?",
            "speaker": {
              "id": "2번",
              "sex": "여성",
              "age": "20대"
            },
            "speechAct": "(단언) 주장하기",
            "morpheme": "너/NP+가/JKS+눈/NNG+사람/NNG+안/NNG+에/JKB+들어갈/VV+ETM+거/NNB+란/VCP+ETM+생각/NNG+은/JX+안/MAG+해/VV+EC+봤/VX+EP+니/EF+./SY+./SY"
          },
          {
            "id": 9,
            "text": "1 : 그래도 그 찡찡거리는 친구랑 나랑 둘이 덤비면 너 묻는 건 식은 죽 먹기지",
            "norm_text": "그래도 그 찡찡거리는 친구랑 나랑 둘이 덤비면 너 묻는 건 식은 죽 먹기지",
            "speaker": {
              "id": "1번",
              "sex": "여성",
              "age": "20대"
            },
            "speechAct": "(단언) 주장하기",
            "morpheme": "그래도/MAJ+그/IC+찡찡거리/VV+는/ETM+친구/NNG+랑/JC+나/NP+랑/JC+둘/NR+이/JKS+덤비/VV+면/EC+너/NP+묻/VV+는/ETM+건식/NNG+은/JX+죽/MAG+먹/VV+기/ETN+지/EC"
          },
          {
            "id": 10,
            "text": "2 : 너희 둘 다 이쁘게 눈사람으로 만들어 줄게 ^^",
            "norm_text": "너희 둘 다 이쁘게 눈사람으로 만들어 줄게 ^^",
            "speaker": {
              "id": "2번",
              "sex": "여성",
              "age": "20대"
            },
            "speechAct": "(언약) 약속하기(제3자와)/(개인적 수준)",
            "morpheme": "너희/NP+둘/NR+다/MAG+이쁘/VA+게/EC+눈/NNG+사람/NNG+으로/JKB+만들/VV+어/EC+줄/VX+ETM+게/NNB+JKS+^/SY+^/SY"
          },
          {
            "id": 11,
            "text": "1 : 너 정말 너무 무서웡... 너랑 겨울 보내고 나면 내 인생에 다신 봄이 없는 건가...",
            "norm_text": "너 정말 너무 무서웡... 너랑 겨울 보내고 나면 내 인생에 다신 봄이 없는 건가...",
            "speaker": {
              "id": "1번",
              "sex": "여성",
              "age": "20대"
            },
            "speechAct": "(단언) 주장하기",
            "morpheme": "너/NP+정말/MAG+너무/MAG+무서/VA+EF+웡/NNP+./SY+./SY+너/NP+랑/JKB+겨울/NNG+보내/VV+고/EC+나/VX+면/EC+내/NP+JKG+인생/NNG+에다/JKB+신/XPN+봄/NNG+이/JKS+없/VA+는/ETM+건가/NNB+VCP+EF+./SY"
          },
          {
            "id": 12,
            "text": "2 : 거름이 되서 봄을 맞이하겠지",
            "norm_text": "거름이 되서 봄을 맞이하겠지",
            "speaker": {
              "id": "2번",
              "sex": "여성",
              "age": "20대"
            },
            "speechAct": "(단언) 주장하기",
            "morpheme": "거름/NNG+이/JKS+되/VV+서/EC+봄/NNG+을/JKO+맞이/XR+하/XSA+겠/EP+지/EC"
          },
          {
            "id": 13,
            "text": "1 : 우리 20년 후 봄에 보자...",
            "norm_text": "우리 20년 후 봄에 보자...",
            "speaker": {
              "id": "1번",
              "sex": "여성",
              "age": "20대"
            },
            "speechAct": "(언약) 약속하기(제3자와)/(개인적 수준)",
            "morpheme": "우리/NP+20/SN+년/NNBC+후/NNG+봄/NNG+에/JKB+보/VV+자/EF+./SY"
          },
          {
            "id": 14,
            "text": "1 : 난 겨울을 좋아해서... 여러 번 맞고 싶어...",
            "norm_text": "난 겨울을 좋아해서... 여러 번 맞고 싶어...",
            "speaker": {
              "id": "1번",
              "sex": "여성",
              "age": "20대"
            },
            "speechAct": "(단언) 주장하기",
            "morpheme": "난/NP+JX+겨울/NNG+을/JKO+좋/VA+아/EC+해서/VV+EC+./SY+./SY+여러/MM+번/NNBC+맞/VV+고/EC+싶/VX+어/EF+./SY"
          },
          {
            "id": 15,
            "text": "2 : 그냥 겨울이 좋으면 시베리아로 가 거긴 항상 겨울이잖아",
            "norm_text": "그냥 겨울이 좋으면 시베리아로 가 거긴 항상 겨울이잖아",
            "speaker": {
              "id": "2번",
              "sex": "여성",
              "age": "20대"
            },
            "speechAct": "(단언) 주장하기",
            "morpheme": "그냥/MAG+겨울/NNG+이/JKS+좋/VA+으면/EC+시베리아/NNP+로/JKB+가/JKS+거긴/NP+JX+항상/MAG+겨울/NNG+이/VCP+잖아/EC"
          },
          {
            "id": 16,
            "text": "1 : 그냥 날 내쫒고 싶구나 너는?",
            "norm_text": "그냥 날 내쫒고 싶구나 너는?",
            "speaker": {
              "id": "1번",
              "sex": "여성",
              "age": "20대"
            },
            "speechAct": "(단언) 주장하기",
            "morpheme": "그냥/MAG+날/VV+ETM+내쫒/UNKNOWN+고/EC+싶/VX+구나/EF+너/NP+는/JX"
          },
          {
            "id": 17,
            "text": "2 : 너가 겨울을 좋아 한다니까 너의 행복을 위해서 가라는 거지 ^^",
            "norm_text": "너가 겨울을 좋아 한다니까 너의 행복을 위해서 가라는 거지 ^^",
            "speaker": {
              "id": "2번",
              "sex": "여성",
              "age": "20대"
            },
            "speechAct": "(단언) 주장하기",
            "morpheme": "너/NP+가/JKS+겨울/NNG+을/JKO+좋/VA+아/EC+한다니까/VX+EF+너/NP+의/JKG+행복/NNG+을/JKO+위해서/VV+EC+가/VX+라는/ETM+거/NNB+지/VCP+EC+^/SY+^/SY"
          },
          {
            "id": 18,
            "text": "2 : 겨울 속에서 항상 행복하렴",
            "norm_text": "겨울 속에서 항상 행복하렴",
            "speaker": {
              "id": "2번",
              "sex": "여성",
              "age": "20대"
            },
            "speechAct": "(단언) 주장하기",
            "morpheme": "겨울/NNG+속/NNG+에서/JKB+항상/MAG+행복/NNG+하/XSV+렴/EC"
          },
          {
            "id": 19,
            "text": "1 : 그렇게 날 보기 싫구나 서운하다 친구야...",
            "norm_text": "그렇게 날 보기 싫구나 서운하다 친구야...",
            "speaker": {
              "id": "1번",
              "sex": "여성",
              "age": "20대"
            },
            "speechAct": "(단언) 주장하기",
            "morpheme": "그렇게/MAG+날/NNG+보/VV+기/ETN+싫/VA+구나/EF+서운/XR+하/XSA+다/EC+친구/NNG+야/VCP+EF+./SY"
          },
          {
            "id": 20,
            "text": "2 : 시베리아 기념품은 매년 보내주고 알겠지?",
            "norm_text": "시베리아 기념품은 매년 보내주고 알겠지?",
            "speaker": {
              "id": "2번",
              "sex": "여성",
              "age": "20대"
            },
            "speechAct": "(단언) 주장하기",
            "morpheme": "시베리아/NNP+기념품/NNG+은/JX+매년/MAG+보내/VV+EC+주/VX+고/EC+알/VV+겠/EP+지/EF"
          }
        ]
      }
    }
  ]
}