{
  "dataset": {
    "identifier": 61072,
    "name": "KAKAO_925_08_set",
    "src_path": "/data/file/cubeManager/PROJECT001/53/txt20211006121743084315/KAKAO_925_08_set/",
    "label_path": "/data/file/cubeManager/PROJECT001/53/txt20211006121743084315/KAKAO_925_08_set/",
    "category": 2,
    "type": 0
  },
  "licenses": {
    "name": "Apache License 1.0",
    "url": "http://www.apache.org/licenses/LICENSE-1.0"
  },
  "info": [
    {
      "id": 42768,
      "filename": "KAKAO_925_08.txt",
      "title": "KAKAO_925_08",
      "mediatype": "SNS",
      "medianame": "카카오톡",
      "category": "일상대화",
      "date": "2021-10-06",
      "size": 914,
      "annotations": {
        "subject": "연애/결혼",
        "speaker_type": "다자간 대화",
        "size": 914,
        "word_size": 303,
        "text": "1 : 인정 늦었다고 얼버무리는 게 늦게 만드는 거지\n1 : 뭐든 지금이 제일 빠름\n2 : 근데 결혼은 진짜 일찍 하고 싶어 키키 ㅎ\n3 : 몇 살쯤? 요즘은 일찍의 기준이 다 달라서\n1 : 나는 그래도 먹고사는 데 지장 없을 정도의 경제력은 갖추고 하고 싶어\n2 : 난 자식들이랑 친구처럼 지내는 게 꿈이라 그래도 빠르면 빠를수록 좋지 않을까 결혼이든 뭐든\n3 : 근데 **처럼 경제력 다 갖추려면 결혼 못해 사람 욕심은 끝이 없어서 조금만 더 조금만 더 하다가 키키\n1 : 키키 그런가 난 그냥 넘 없이 살다 보니까 부모님이 항상 그렇게 말씀하셔서 자연스럽게 그렇게 생각하게 된 듯\n2 : 맞아 그렇긴 하지\n2 : 결혼도 타이밍이야\n2 : **아 그러다 나 놓쳐\n3 : 난 사랑만으로 살 수 있다고 생각해\n1 : 나도 그러긴 했는데 요즘은 그래도 생각이 바뀌어버림...\n2 : 빨리 합쳐야 돈도 빨리 애끼고 돈도 같이 벌고 하는 거지!\n3 : 근데 사실 부모님이 집 해주시면 모든 게 해결인데 키키\n1 : 키키 나는 그런 거 기대도 못하고 안 하고...\n1 : 그냥 부모님이 항상 하신 말씀이기도 하고 내 뜻도 그랭\n2 : 나 **한테 집 문서 팔고 사귀는 건데 아직도 저 소리 하네\n3 : 키키 그러게 야 **아 나도 집 하나 줘라 같이 넷이 살자\n1 : 아니 ** 집 문서 너 거 하나도 없다며 ㅠ\n2 : 완주군 뒷산 하나쯤은 내 거 있을 거야 빨리 와\n3 : 혹시 자연인 하는 거야? 난 빼줘라\n1 : 완주군 뒷산 팔아서 그 돈으로 도시에 집을 사야지\n2 : 안 돼 거기에 친할아버지 산소 있어\n2 : 펜션 짓고 관광 사업할 거야\n3 : 키키 그럼 초대해줘 여자친구랑 놀러 갈게\n3 : 완주는 어디냐 근데\n1 : 나도 어딘지 몰랑 우선 가서 구경 좀 해보자\n2 : 키키 전주 옆 동네인데 좀 먼 옆 동네야 풀 냄새 풀풀 나는 키키 초대할게\n3 : 약간 나 시골파, 시골 좋아해",
        "lines": [
          {
            "id": 1,
            "text": "1 : 인정 늦었다고 얼버무리는 게 늦게 만드는 거지",
            "norm_text": "인정 늦었다고 얼버무리는 게 늦게 만드는 거지",
            "speaker": {
              "id": "1번",
              "sex": "여성",
              "age": "20대"
            },
            "speechAct": "(단언) 주장하기",
            "morpheme": "인정/NNG+늦/VA+었/EP+다고/EC+얼버무리/VV+는/ETM+게/NNB+JKS+늦/VA+게/EC+만드/VV+는/ETM+거/NNB+지/VCP+EC"
          },
          {
            "id": 2,
            "text": "1 : 뭐든 지금이 제일 빠름",
            "norm_text": "뭐든 지금이 제일 빠름",
            "speaker": {
              "id": "1번",
              "sex": "여성",
              "age": "20대"
            },
            "speechAct": "(단언) 주장하기",
            "morpheme": "뭐/NP+든/VCP+EC+지금/MAG+이제/MAG+일/NR+빠름/NNG"
          },
          {
            "id": 3,
            "text": "2 : 근데 결혼은 진짜 일찍 하고 싶어 키키 ㅎ",
            "norm_text": "근데 결혼은 진짜 일찍 하고 싶어 키키 ㅎ",
            "speaker": {
              "id": "2번",
              "sex": "남성",
              "age": "20대"
            },
            "speechAct": "(단언) 주장하기",
            "morpheme": "근데/MAJ+결혼/NNG+은/JX+진짜/MAG+일찍/MAG+하/VV+고/EC+싶/VX+어/EC+키/NNG+키/NNG+ㅎ/XSA"
          },
          {
            "id": 4,
            "text": "3 : 몇 살쯤? 요즘은 일찍의 기준이 다 달라서",
            "norm_text": "몇 살쯤? 요즘은 일찍의 기준이 다 달라서",
            "speaker": {
              "id": "3번",
              "sex": "남성",
              "age": "20대"
            },
            "speechAct": "(지시) 질문하기",
            "morpheme": "몇/MM+살/NNBC+쯤/XSN+요즘/NNG+은/JX+일찍/MAG+의/JKG+기준/NNG+이/JKS+다/MAG+달라서/VA+EC"
          },
          {
            "id": 5,
            "text": "1 : 나는 그래도 먹고사는 데 지장 없을 정도의 경제력은 갖추고 하고 싶어",
            "norm_text": "나는 그래도 먹고사는 데 지장 없을 정도의 경제력은 갖추고 하고 싶어",
            "speaker": {
              "id": "1번",
              "sex": "여성",
              "age": "20대"
            },
            "speechAct": "(단언) 주장하기",
            "morpheme": "나/NP+는/JX+그래도/VV+EC+먹/VV+고/EC+사/VV+는데/EC+지장/NNG+없/VA+을/ETM+정도/NNG+의/JKG+경제력/NNG+은/JX+갖추/VV+고/EC+하/VV+고/EC+싶/VX+어/EC"
          },
          {
            "id": 6,
            "text": "2 : 난 자식들이랑 친구처럼 지내는 게 꿈이라 그래도 빠르면 빠를수록 좋지 않을까 결혼이든 뭐든",
            "norm_text": "난 자식들이랑 친구처럼 지내는 게 꿈이라 그래도 빠르면 빠를수록 좋지 않을까 결혼이든 뭐든",
            "speaker": {
              "id": "2번",
              "sex": "남성",
              "age": "20대"
            },
            "speechAct": "(단언) 주장하기",
            "morpheme": "난/NP+JX+자식/NNG+들/XSN+이랑/JKB+친구/NNG+처럼/JKB+지내/VV+는/ETM+게/NNB+JKS+꿈/NNG+이/VCP+라/EC+그래도/VV+EC+빠르/VA+면/EC+빠를수록/VA+EC+좋/VA+지/EC+않/VX+을까/EC+결혼/NNG+이/VCP+든/EC+뭐/NP+든/VCP+EC"
          },
          {
            "id": 7,
            "text": "3 : 근데 **처럼 경제력 다 갖추려면 결혼 못해 사람 욕심은 끝이 없어서 조금만 더 조금만 더 하다가 키키",
            "norm_text": "근데 **처럼 경제력 다 갖추려면 결혼 못해 사람 욕심은 끝이 없어서 조금만 더 조금만 더 하다가 키키",
            "speaker": {
              "id": "3번",
              "sex": "남성",
              "age": "20대"
            },
            "speechAct": "(단언) 주장하기",
            "morpheme": "근데/MAJ+*/SY+*/SY+처럼경제력다갖추려면결혼못해사람욕심은끝이없어서조금만더조금만더하다가키키/UNKNOWN"
          },
          {
            "id": 8,
            "text": "1 : 키키 그런가 난 그냥 넘 없이 살다 보니까 부모님이 항상 그렇게 말씀하셔서 자연스럽게 그렇게 생각하게 된 듯",
            "norm_text": "키키 그런가 난 그냥 넘 없이 살다 보니까 부모님이 항상 그렇게 말씀하셔서 자연스럽게 그렇게 생각하게 된 듯",
            "speaker": {
              "id": "1번",
              "sex": "여성",
              "age": "20대"
            },
            "speechAct": "(단언) 주장하기",
            "morpheme": "키/NNG+키/XSV+ETN+그런가/VA+EC+난/NP+JX+그냥/MAG+넘/MAG+없이/MAG+살/VV+다/EC+보/VX+니까/EC+부모/NNG+님/XSN+이/JKS+항상/MAG+그렇게/MAG+말씀/NNG+하/XSV+셔서/EP+EC+자연/NNG+스럽/XSA+게/EC+그렇게/MAG+생각/NNG+하/XSV+게/EC+된/VV+ETM+듯/NNB"
          },
          {
            "id": 9,
            "text": "2 : 맞아 그렇긴 하지",
            "norm_text": "맞아 그렇긴 하지",
            "speaker": {
              "id": "2번",
              "sex": "남성",
              "age": "20대"
            },
            "speechAct": "(단언) 주장하기",
            "morpheme": "맞/VV+아/EC+그렇/VA+긴/ETN+JX+하/VX+지/EC"
          },
          {
            "id": 10,
            "text": "2 : 결혼도 타이밍이야",
            "norm_text": "결혼도 타이밍이야",
            "speaker": {
              "id": "2번",
              "sex": "남성",
              "age": "20대"
            },
            "speechAct": "(단언) 주장하기",
            "morpheme": "결혼/NNG+도/JX+타이밍/NNG+이/VCP+야/EC"
          },
          {
            "id": 11,
            "text": "2 : **아 그러다 나 놓쳐",
            "norm_text": "**아 그러다 나 놓쳐",
            "speaker": {
              "id": "2번",
              "sex": "남성",
              "age": "20대"
            },
            "speechAct": "(단언) 주장하기",
            "morpheme": "*/SY+*/SY+아/IC+그러/VV+다나/EC+놓쳐/VV+EC"
          },
          {
            "id": 12,
            "text": "3 : 난 사랑만으로 살 수 있다고 생각해",
            "norm_text": "난 사랑만으로 살 수 있다고 생각해",
            "speaker": {
              "id": "3번",
              "sex": "남성",
              "age": "20대"
            },
            "speechAct": "(단언) 주장하기",
            "morpheme": "난/NP+JX+사랑/NNG+만/JX+으로/JKB+살/VV+ETM+수/NNB+있/VV+다고/EC+생각/NNG+해/XSV+EC"
          },
          {
            "id": 13,
            "text": "1 : 나도 그러긴 했는데 요즘은 그래도 생각이 바뀌어버림...",
            "norm_text": "나도 그러긴 했는데 요즘은 그래도 생각이 바뀌어버림...",
            "speaker": {
              "id": "1번",
              "sex": "여성",
              "age": "20대"
            },
            "speechAct": "(단언) 주장하기",
            "morpheme": "나/NP+도/JX+그러/VV+긴/ETN+JX+했/VX+EP+는데/EC+요즘/NNG+은/JX+그래도/MAJ+생각/NNG+이/JKS+바뀌/VV+어/EC+버림/VX+ETN+./SY"
          },
          {
            "id": 14,
            "text": "2 : 빨리 합쳐야 돈도 빨리 애끼고 돈도 같이 벌고 하는 거지!",
            "norm_text": "빨리 합쳐야 돈도 빨리 애끼고 돈도 같이 벌고 하는 거지!",
            "speaker": {
              "id": "2번",
              "sex": "남성",
              "age": "20대"
            },
            "speechAct": "(단언) 주장하기",
            "morpheme": "빨리/MAG+합쳐야/VV+EC+돈/NNG+도/JX+빨리/MAG+애끼/VV+고/EC+돈/NNG+도/JX+같이/MAG+벌/VV+고/EC+하/VV+는/ETM+거/NNB+지/VCP+EF"
          },
          {
            "id": 15,
            "text": "3 : 근데 사실 부모님이 집 해주시면 모든 게 해결인데 키키",
            "norm_text": "근데 사실 부모님이 집 해주시면 모든 게 해결인데 키키",
            "speaker": {
              "id": "3번",
              "sex": "남성",
              "age": "20대"
            },
            "speechAct": "(단언) 주장하기",
            "morpheme": "근데/MAJ+사실/MAG+부모/NNG+님/XSN+이/JKS+집/NNG+해/XSV+EC+주/VX+시/EP+면/EC+모든/MM+게/NNB+JKS+해결/NNG+인데/VCP+EC+키/NNG+키/XSV+ETN"
          },
          {
            "id": 16,
            "text": "1 : 키키 나는 그런 거 기대도 못하고 안 하고...",
            "norm_text": "키키 나는 그런 거 기대도 못하고 안 하고...",
            "speaker": {
              "id": "1번",
              "sex": "여성",
              "age": "20대"
            },
            "speechAct": "(단언) 주장하기",
            "morpheme": "키/NNG+키나/XSA+ETN+JX+는/JX+그런/MM+거/NNB+기대/NNG+도/JX+못하/VX+고/EC+안/MAG+하/VV+고/EC+./SY+./SY"
          },
          {
            "id": 17,
            "text": "1 : 그냥 부모님이 항상 하신 말씀이기도 하고 내 뜻도 그랭",
            "norm_text": "그냥 부모님이 항상 하신 말씀이기도 하고 내 뜻도 그랭",
            "speaker": {
              "id": "1번",
              "sex": "여성",
              "age": "20대"
            },
            "speechAct": "(단언) 주장하기",
            "morpheme": "그냥/MAG+부모/NNG+님/XSN+이/JKS+항상/MAG+하/VV+신/EP+ETM+말씀/NNG+이/VCP+기/ETN+도/JX+하/VV+고/EC+내/NP+JKG+뜻/NNG+도/JX+그/MM+랭/NNG"
          },
          {
            "id": 18,
            "text": "2 : 나 **한테 집 문서 팔고 사귀는 건데 아직도 저 소리 하네",
            "norm_text": "나 **한테 집 문서 팔고 사귀는 건데 아직도 저 소리 하네",
            "speaker": {
              "id": "2번",
              "sex": "남성",
              "age": "20대"
            },
            "speechAct": "(단언) 주장하기",
            "morpheme": "나/NP+*/SY+*/SY+한테/JKB+집문서/NNG+팔/VV+고/EC+사귀/VV+는/ETM+건데/NNB+VCP+EC+아직/MAG+도/JX+저/MM+소리/NNG+하/XSV+네/EC"
          },
          {
            "id": 19,
            "text": "3 : 키키 그러게 야 **아 나도 집 하나 줘라 같이 넷이 살자",
            "norm_text": "키키 그러게 야 **아 나도 집 하나 줘라 같이 넷이 살자",
            "speaker": {
              "id": "3번",
              "sex": "남성",
              "age": "20대"
            },
            "speechAct": "(지시) 충고/제안하기",
            "morpheme": "키/NNG+키/XSV+ETN+그러/VV+게/EC+야/JX+*/SY+*/SY+아/IC+나/NP+도/JX+집/NNG+하나/NR+줘라/VV+EC+같이/MAG+넷/NR+이/JKS+살/VV+자/EC"
          },
          {
            "id": 20,
            "text": "1 : 아니 ** 집 문서 너 거 하나도 없다며 ㅠ",
            "norm_text": "아니 ** 집 문서 너 거 하나도 없다며 ㅠ",
            "speaker": {
              "id": "1번",
              "sex": "여성",
              "age": "20대"
            },
            "speechAct": "(지시) 질문하기",
            "morpheme": "아니/IC+*/SY+*/SY+집문서너거하나도없다며ㅠ/UNKNOWN"
          },
          {
            "id": 21,
            "text": "2 : 완주군 뒷산 하나쯤은 내 거 있을 거야 빨리 와",
            "norm_text": "완주군 뒷산 하나쯤은 내 거 있을 거야 빨리 와",
            "speaker": {
              "id": "2번",
              "sex": "남성",
              "age": "20대"
            },
            "speechAct": "(단언) 주장하기",
            "morpheme": "완주군/NNG+뒷산/NNG+하나/NR+쯤/NNB+은/JX+내/NP+거/NNB+있/VA+을/ETM+거/NNB+야/VCP+EF+빨리/MAG+와/VV+EC"
          },
          {
            "id": 22,
            "text": "3 : 혹시 자연인 하는 거야? 난 빼줘라",
            "norm_text": "혹시 자연인 하는 거야? 난 빼줘라",
            "speaker": {
              "id": "3번",
              "sex": "남성",
              "age": "20대"
            },
            "speechAct": "(단언) 주장하기",
            "morpheme": "혹시/MAG+자연인/NNG+하/XSV+는/ETM+거/NNB+야/VCP+EF+난/NP+JX+빼/VV+EC+줘라/VX+EC"
          },
          {
            "id": 23,
            "text": "1 : 완주군 뒷산 팔아서 그 돈으로 도시에 집을 사야지",
            "norm_text": "완주군 뒷산 팔아서 그 돈으로 도시에 집을 사야지",
            "speaker": {
              "id": "1번",
              "sex": "여성",
              "age": "20대"
            },
            "speechAct": "(단언) 주장하기",
            "morpheme": "완주군/NNG+뒷산/NNG+팔/VV+아서/EC+그/MM+돈/NNG+으로/JKB+도시/NNG+에/JKB+집/NNG+을/JKO+사/VV+야지/EC"
          },
          {
            "id": 24,
            "text": "2 : 안 돼 거기에 친할아버지 산소 있어",
            "norm_text": "안 돼 거기에 친할아버지 산소 있어",
            "speaker": {
              "id": "2번",
              "sex": "남성",
              "age": "20대"
            },
            "speechAct": "(단언) 반박하기",
            "morpheme": "안/MAG+돼/VV+EF+거기/NP+에/JKB+친할아버지/NNG+산소/NNG+있/VV+어/EC"
          },
          {
            "id": 25,
            "text": "2 : 펜션 짓고 관광 사업할 거야",
            "norm_text": "펜션 짓고 관광 사업할 거야",
            "speaker": {
              "id": "2번",
              "sex": "남성",
              "age": "20대"
            },
            "speechAct": "(단언) 주장하기",
            "morpheme": "펜션/NNG+짓/VV+고/EC+관광/NNG+사업/NNG+할/XSV+ETM+거/NNB+야/VCP+EF"
          },
          {
            "id": 26,
            "text": "3 : 키키 그럼 초대해줘 여자친구랑 놀러 갈게",
            "norm_text": "키키 그럼 초대해줘 여자친구랑 놀러 갈게",
            "speaker": {
              "id": "3번",
              "sex": "남성",
              "age": "20대"
            },
            "speechAct": "(지시) 충고/제안하기",
            "morpheme": "키/NNG+키/XSV+ETN+그럼/MAJ+초대/NNG+해/XSV+EC+줘/VX+EC+여자/NNG+친구/NNG+랑/JKB+놀/VV+러/EC+갈/VX+ETM+게/NNB+JKS"
          },
          {
            "id": 27,
            "text": "3 : 완주는 어디냐 근데",
            "norm_text": "완주는 어디냐 근데",
            "speaker": {
              "id": "3번",
              "sex": "남성",
              "age": "20대"
            },
            "speechAct": "(지시) 질문하기",
            "morpheme": "완주/NNG+는/JX+어디/NP+냐/VCP+EF+근데/MAJ"
          },
          {
            "id": 28,
            "text": "1 : 나도 어딘지 몰랑 우선 가서 구경 좀 해보자",
            "norm_text": "나도 어딘지 몰랑 우선 가서 구경 좀 해보자",
            "speaker": {
              "id": "1번",
              "sex": "여성",
              "age": "20대"
            },
            "speechAct": "(단언) 주장하기",
            "morpheme": "나/NP+도/JX+어딘지/NP+VCP+EC+몰랑/NNG+우선/MAG+가/VV+서/EC+구경/NNG+좀/MAG+해/VV+EC+보/VX+자/EC"
          },
          {
            "id": 29,
            "text": "2 : 키키 전주 옆 동네인데 좀 먼 옆 동네야 풀 냄새 풀풀 나는 키키 초대할게",
            "norm_text": "키키 전주 옆 동네인데 좀 먼 옆 동네야 풀 냄새 풀풀 나는 키키 초대할게",
            "speaker": {
              "id": "2번",
              "sex": "남성",
              "age": "20대"
            },
            "speechAct": "(지시) 충고/제안하기",
            "morpheme": "키/NNG+키/NNG+전주/NNG+옆/NNG+동네/NNG+인데/VCP+EC+좀/MAG+먼/VA+ETM+옆/NNG+동네/NNG+야/VCP+EF+풀/NNG+냄새/NNG+풀풀/MAG+나/NP+는/JX+키/NNG+키/NNG+초대/NNG+할/XSV+ETM+게/NNB+JKS"
          },
          {
            "id": 30,
            "text": "3 : 약간 나 시골파, 시골 좋아해",
            "norm_text": "약간 나 시골파, 시골 좋아해",
            "speaker": {
              "id": "3번",
              "sex": "남성",
              "age": "20대"
            },
            "speechAct": "(단언) 주장하기",
            "morpheme": "약간/MAG+나시/NNG+골파/NNG+,/SC+시골/NNG+좋/VA+아/EC+해/VV+EC"
          }
        ]
      }
    }
  ]
}