{
  "dataset": {
    "identifier": 58222,
    "name": "KAKAO_990_10_set",
    "src_path": "/data/file/cubeManager/PROJECT001/53/txt20211006134916019239/KAKAO_990_10_set/",
    "label_path": "/data/file/cubeManager/PROJECT001/53/txt20211006134916019239/KAKAO_990_10_set/",
    "category": 2,
    "type": 0
  },
  "licenses": {
    "name": "Apache License 1.0",
    "url": "http://www.apache.org/licenses/LICENSE-1.0"
  },
  "info": [
    {
      "id": 43524,
      "filename": "KAKAO_990_10.txt",
      "title": "KAKAO_990_10",
      "mediatype": "SNS",
      "medianame": "카카오톡",
      "category": "일상대화",
      "date": "2021-10-06",
      "size": 525,
      "annotations": {
        "subject": "스포츠/레저",
        "speaker_type": "1:1",
        "size": 525,
        "word_size": 172,
        "text": "1 : 니는 등산하는 거 좋아하나?\n2 : 전혀 안 좋아함 키키\n2 : 정상에서 사진 찍는 걸 좋아하징\n1 : 어? 키키 등산을 안 좋아하는데 어째 정상에서 사진 찍노! 키키\n2 : 그냥 나만의 자기 만족이랄까? 키키\n1 : 그래도 정상까지는 올라가긴 하나 보네! 키키\n2 : 응 키키 다 죽어간다 키키\n2 : 경관 따위 보면서 갈 상황 못 됨\n1 : 키키 그렇지... 올라갈 때는 바닥만 보고 가야지\n1 : 넘어진다 키키\n2 : 응, 스틱 들고 등산화 신고 키키 폼만 산악인\n1 : 얼마 전에 버디랑 집 앞에 산 올라갔다 왔는데... 너무 힘들더라... 키키\n2 : 키키 기초 체력이 중요한 건데 ㅠㅠ 그거 기르기가 힘드네\n1 : 오... 장비도 다 갖췄네! 키키\n1 : 산 자주 다녀야겠다! 키키\n2 : 이제부터 다녀야죠 ㅠㅠ 힘들다\n1 : 집 근처에 산 있나?\n2 : 집 앞에 미니 동산은 있어! 키키\n1 : 키키 미니 동산 키키\n1 : 그런 곳부터 자주 올라가서 연습해야겠다!\n2 : 작년에 무급휴가 한 달일 때 부지런히 토끼랑 갔었는데 키키\n2 : 뭐 가서 놀고 왔지",
        "lines": [
          {
            "id": 1,
            "text": "1 : 니는 등산하는 거 좋아하나?",
            "norm_text": "니는 등산하는 거 좋아하나?",
            "speaker": {
              "id": "1번",
              "sex": "여성",
              "age": "30대"
            },
            "speechAct": "(지시) 질문하기",
            "morpheme": "니/NP+는/JX+등산/NNG+하/XSV+는/ETM+거/NNB+좋/VA+아/EC+하나/NR"
          },
          {
            "id": 2,
            "text": "2 : 전혀 안 좋아함 키키",
            "norm_text": "전혀 안 좋아함 키키",
            "speaker": {
              "id": "2번",
              "sex": "여성",
              "age": "30대"
            },
            "speechAct": "(단언) 주장하기",
            "morpheme": "전혀/MAG+안/MAG+좋아함/VV+ETN+키/NNG+키/XSV+ETN"
          },
          {
            "id": 3,
            "text": "2 : 정상에서 사진 찍는 걸 좋아하징",
            "norm_text": "정상에서 사진 찍는 걸 좋아하징",
            "speaker": {
              "id": "2번",
              "sex": "여성",
              "age": "30대"
            },
            "speechAct": "(단언) 주장하기",
            "morpheme": "정상/NNG+에서/JKB+사진/NNG+찍/VV+는/ETM+걸/NNB+JKO+좋/VA+아하/EC+징/NNG"
          },
          {
            "id": 4,
            "text": "1 : 어? 키키 등산을 안 좋아하는데 어째 정상에서 사진 찍노! 키키",
            "norm_text": "어? 키키 등산을 안 좋아하는데 어째 정상에서 사진 찍노! 키키",
            "speaker": {
              "id": "1번",
              "sex": "여성",
              "age": "30대"
            },
            "speechAct": "(단언) 주장하기",
            "morpheme": "어/IC+키/NNG+키/NNG+등산/NNG+을/JKO+안/MAG+좋아하/VV+는/ETM+데/NNB+어째/VV+EC+정상/NNG+에서/JKB+사진/NNG+찍/VV+노/EF+키/NNG+키/XSV+ETN"
          },
          {
            "id": 5,
            "text": "2 : 그냥 나만의 자기 만족이랄까? 키키",
            "norm_text": "그냥 나만의 자기 만족이랄까? 키키",
            "speaker": {
              "id": "2번",
              "sex": "여성",
              "age": "30대"
            },
            "speechAct": "(단언) 주장하기",
            "morpheme": "그냥/MAG+나/NP+만/JX+의/JKG+자기/NP+만족/NNG+이/VCP+랄까/EF+키/NNG+키/XSV+ETN"
          },
          {
            "id": 6,
            "text": "1 : 그래도 정상까지는 올라가긴 하나 보네! 키키",
            "norm_text": "그래도 정상까지는 올라가긴 하나 보네! 키키",
            "speaker": {
              "id": "1번",
              "sex": "여성",
              "age": "30대"
            },
            "speechAct": "(단언) 주장하기",
            "morpheme": "그래도/MAJ+정상/NNG+까지/JX+는/JX+올라가/VV+긴/ETN+JX+하/VX+나/EC+보/VX+네/EF+키/NNG+키/XSV+ETN"
          },
          {
            "id": 7,
            "text": "2 : 응 키키 다 죽어간다 키키",
            "norm_text": "응 키키 다 죽어간다 키키",
            "speaker": {
              "id": "2번",
              "sex": "여성",
              "age": "30대"
            },
            "speechAct": "(단언) 주장하기",
            "morpheme": "응/IC+키/NNG+키/VV+다/EC+죽/VV+어/EC+간다키/NNP+키/NNG"
          },
          {
            "id": 8,
            "text": "2 : 경관 따위 보면서 갈 상황 못 됨",
            "norm_text": "경관 따위 보면서 갈 상황 못 됨",
            "speaker": {
              "id": "2번",
              "sex": "여성",
              "age": "30대"
            },
            "speechAct": "(단언) 주장하기",
            "morpheme": "경관/NNG+따위/NNB+보/VV+면서/EC+갈/VX+ETM+상황/NNG+못됨/VV+ETN"
          },
          {
            "id": 9,
            "text": "1 : 키키 그렇지... 올라갈 때는 바닥만 보고 가야지",
            "norm_text": "키키 그렇지... 올라갈 때는 바닥만 보고 가야지",
            "speaker": {
              "id": "1번",
              "sex": "여성",
              "age": "30대"
            },
            "speechAct": "(단언) 주장하기",
            "morpheme": "키/NNG+키/XSV+ETN+그렇/VA+지/EF+./SY+올라갈/VV+ETM+때/NNG+는/JX+바닥/NNG+만/JX+보/VV+고/EC+가/VX+야지/EC"
          },
          {
            "id": 10,
            "text": "1 : 넘어진다 키키",
            "norm_text": "넘어진다 키키",
            "speaker": {
              "id": "1번",
              "sex": "여성",
              "age": "30대"
            },
            "speechAct": "(단언) 주장하기",
            "morpheme": "넘어진/VV+ETM+다키키/NNP"
          },
          {
            "id": 11,
            "text": "2 : 응, 스틱 들고 등산화 신고 키키 폼만 산악인",
            "norm_text": "응, 스틱 들고 등산화 신고 키키 폼만 산악인",
            "speaker": {
              "id": "2번",
              "sex": "여성",
              "age": "30대"
            },
            "speechAct": "(단언) 주장하기",
            "morpheme": "응/IC+,/SC+스틱/NNG+들/XSN+고등/NNG+산화/NNG+신고/NNG+키/NNG+키/NNG+폼/NNG+만/JX+산악인/NNG"
          },
          {
            "id": 12,
            "text": "1 : 얼마 전에 버디랑 집 앞에 산 올라갔다 왔는데... 너무 힘들더라... 키키",
            "norm_text": "얼마 전에 버디랑 집 앞에 산 올라갔다 왔는데... 너무 힘들더라... 키키",
            "speaker": {
              "id": "1번",
              "sex": "여성",
              "age": "30대"
            },
            "speechAct": "(단언) 주장하기",
            "morpheme": "얼마/NNG+전/NNG+에/JKB+버디/NNG+랑/JKB+집/NNG+앞/NNG+에/JKB+산/NNG+올라갔/VV+EP+다/EC+왔/VX+EP+는데/EC+./SY+./SY+너무/MAG+힘들/VA+더라/EF+./SY+키/NNG+키/XSV+ETN"
          },
          {
            "id": 13,
            "text": "2 : 키키 기초 체력이 중요한 건데 ㅠㅠ 그거 기르기가 힘드네",
            "norm_text": "키키 기초 체력이 중요한 건데 ㅠㅠ 그거 기르기가 힘드네",
            "speaker": {
              "id": "2번",
              "sex": "여성",
              "age": "30대"
            },
            "speechAct": "(단언) 주장하기",
            "morpheme": "키/NNG+키/NNG+기초/NNG+체력/NNG+이/JKS+중요/XR+한/XSA+ETM+건데/NNB+VCP+EC+ㅠㅠ/UNKNOWN+그거/NP+기르/VV+기/ETN+가/JKS+힘드/VA+네/EC"
          },
          {
            "id": 14,
            "text": "1 : 오... 장비도 다 갖췄네! 키키",
            "norm_text": "오... 장비도 다 갖췄네! 키키",
            "speaker": {
              "id": "1번",
              "sex": "여성",
              "age": "30대"
            },
            "speechAct": "(단언) 주장하기",
            "morpheme": "오/IC+./SY+장비/NNG+도/JX+다/MAG+갖췄/VV+EP+네/EF+키/NNG+키/XSV+ETN"
          },
          {
            "id": 15,
            "text": "1 : 산 자주 다녀야겠다! 키키",
            "norm_text": "산 자주 다녀야겠다! 키키",
            "speaker": {
              "id": "1번",
              "sex": "여성",
              "age": "30대"
            },
            "speechAct": "(단언) 주장하기",
            "morpheme": "산/NNG+자주/MAG+다녀야/VV+EC+겠다/VX+EP+EF+키/NNG+키/XSV+ETN"
          },
          {
            "id": 16,
            "text": "2 : 이제부터 다녀야죠 ㅠㅠ 힘들다",
            "norm_text": "이제부터 다녀야죠 ㅠㅠ 힘들다",
            "speaker": {
              "id": "2번",
              "sex": "여성",
              "age": "30대"
            },
            "speechAct": "(단언) 주장하기",
            "morpheme": "이제/NNG+부터/JX+다녀야/VV+EC+죠/EF+ㅠㅠ/UNKNOWN+힘들/VA+다/EC"
          },
          {
            "id": 17,
            "text": "1 : 집 근처에 산 있나?",
            "norm_text": "집 근처에 산 있나?",
            "speaker": {
              "id": "1번",
              "sex": "여성",
              "age": "30대"
            },
            "speechAct": "(지시) 질문하기",
            "morpheme": "집/NNG+근처/NNG+에/JKB+산/VV+ETM+있/VA+나/EF"
          },
          {
            "id": 18,
            "text": "2 : 집 앞에 미니 동산은 있어! 키키",
            "norm_text": "집 앞에 미니 동산은 있어! 키키",
            "speaker": {
              "id": "2번",
              "sex": "여성",
              "age": "30대"
            },
            "speechAct": "(단언) 주장하기",
            "morpheme": "집/NNG+앞/NNG+에/JKB+미니/NNG+동산/NNG+은/JX+있/VA+어/EF+키/NNG+키/XSV+ETN"
          },
          {
            "id": 19,
            "text": "1 : 키키 미니 동산 키키",
            "norm_text": "키키 미니 동산 키키",
            "speaker": {
              "id": "1번",
              "sex": "여성",
              "age": "30대"
            },
            "speechAct": "(단언) 주장하기",
            "morpheme": "키키미니동산키키/UNKNOWN"
          },
          {
            "id": 20,
            "text": "1 : 그런 곳부터 자주 올라가서 연습해야겠다!",
            "norm_text": "그런 곳부터 자주 올라가서 연습해야겠다!",
            "speaker": {
              "id": "1번",
              "sex": "여성",
              "age": "30대"
            },
            "speechAct": "(지시) 충고/제안하기",
            "morpheme": "그런/MM+곳/NNB+부터/JX+자주/MAG+올라가/VV+서/EC+연습/NNG+해야/XSV+EC+VX+겠/EP+다/EF"
          },
          {
            "id": 21,
            "text": "2 : 작년에 무급휴가 한 달일 때 부지런히 토끼랑 갔었는데 키키",
            "norm_text": "작년에 무급휴가 한 달일 때 부지런히 토끼랑 갔었는데 키키",
            "speaker": {
              "id": "2번",
              "sex": "여성",
              "age": "30대"
            },
            "speechAct": "(단언) 주장하기",
            "morpheme": "작년/NNG+에/JKB+무급/NNG+휴가/NNG+한/XSA+ETM+달일/VV+ETM+때/NNG+부지런히/MAG+토끼/NNG+랑/JKB+갔었/VV+EP+는데/EC+키/NNG+키/XSV+ETN"
          },
          {
            "id": 22,
            "text": "2 : 뭐 가서 놀고 왔지",
            "norm_text": "뭐 가서 놀고 왔지",
            "speaker": {
              "id": "2번",
              "sex": "여성",
              "age": "30대"
            },
            "speechAct": "(단언) 주장하기",
            "morpheme": "뭐/IC+가/VV+서/EC+놀/VV+고/EC+왔/VX+EP+지/EC"
          }
        ]
      }
    }
  ]
}