{
  "dataset": {
    "identifier": 68940,
    "name": "KAKAO_946_05_set",
    "src_path": "/data/file/cubeManager/PROJECT001/53/txt20211005162503026769/KAKAO_946_05_set/",
    "label_path": "/data/file/cubeManager/PROJECT001/53/txt20211005162503026769/KAKAO_946_05_set/",
    "category": 2,
    "type": 0
  },
  "licenses": {
    "name": "Apache License 1.0",
    "url": "http://www.apache.org/licenses/LICENSE-1.0"
  },
  "info": [
    {
      "id": 42282,
      "filename": "KAKAO_946_05.txt",
      "title": "KAKAO_946_05",
      "mediatype": "SNS",
      "medianame": "카카오톡",
      "category": "일상대화",
      "date": "2021-10-05",
      "size": 597,
      "annotations": {
        "subject": "군대",
        "speaker_type": "1:1",
        "size": 597,
        "word_size": 205,
        "text": "1 : 너는 만약에 군대 가면 어디로 가고 싶어?\n2 : 나는, 그냥 아예 안 가고 싶다 하하\n1 : 키키 안 가는 거 말고... 키키\n1 : 육군 해군 공군 특전사 뭐 이런 거 있잖아\n2 : 아무것도 안 가고 싶어서 선택조차 하기 싫은걸? 키키\n1 : 키키 그래도 특전사 이런 거 멋있지 않아?\n2 : 그 빡셀 훈련을 생각하면 어우,\n2 : 군대는 가는 게 손해야, 굳이,ㅠㅠ\n2 : 니는 어디 가고 싶은데?\n1 : 음... 나는 이왕 가야 한다면 제일 힘든 곳에 가보고 싶어\n2 : 헐, 대단하다 키키\n2 : 난 체력이 요즘 똥이라\n1 : 요즘 나이에 가는 게 아니라 우리 젊을 때 갔을 거야\n2 : 여자 집단은 특히 그런 게 심하니까 그거 땜에 더 무섭다 ㅠㅠ\n1 : 아아 맞재 ㅜㅜ 막 편가르고 그런 게 있을 거 같네\n2 : 어, 얼마나 심하겠노 ㅠㅠ\n2 : 남자들은 담배 한 대 피우면서 우정 쌓는다지만\n1 : 키키 여자들도 같이 담배 피우면서 우정을 쌓도록 하자\n2 : 에이 키키 시기 질투 생각만 해도 키키\n2 : 나 호텔 일할 때 장난 아니었다\n1 : 아 ㅜㅜ 이게 어쩔 수 없는 생물학적 특성인 건가\n2 : 그냥 윗계급이 한 명 싫어하면 다 갈구기 키키\n2 : 별거 가지고 다 뭐라 하더라,",
        "lines": [
          {
            "id": 1,
            "text": "1 : 너는 만약에 군대 가면 어디로 가고 싶어?",
            "norm_text": "너는 만약에 군대 가면 어디로 가고 싶어?",
            "speaker": {
              "id": "1번",
              "sex": "여성",
              "age": "30대"
            },
            "speechAct": "(지시) 질문하기",
            "morpheme": "너/NP+는/JX+만약/NNG+에/JKB+군대/NNG+가/VV+면/EC+어디/NP+로/JKB+가/VV+고/EC+싶/VX+어/EF"
          },
          {
            "id": 2,
            "text": "2 : 나는, 그냥 아예 안 가고 싶다 하하",
            "norm_text": "나는, 그냥 아예 안 가고 싶다 하하",
            "speaker": {
              "id": "2번",
              "sex": "여성",
              "age": "30대"
            },
            "speechAct": "(단언) 주장하기",
            "morpheme": "나/NP+는/JX+,/SC+그냥/MAG+아예/MAG+안/MAG+가/VV+고/EC+싶/VX+다/EC+하하/MAG"
          },
          {
            "id": 3,
            "text": "1 : 키키 안 가는 거 말고... 키키",
            "norm_text": "키키 안 가는 거 말고... 키키",
            "speaker": {
              "id": "1번",
              "sex": "여성",
              "age": "30대"
            },
            "speechAct": "(단언) 주장하기",
            "morpheme": "키/NNG+키/NNG+안/MAG+가/VV+는/ETM+거/NNB+말/VV+고/EC+./SY+./SY+키/NNG+키/XSV+ETN"
          },
          {
            "id": 4,
            "text": "1 : 육군 해군 공군 특전사 뭐 이런 거 있잖아",
            "norm_text": "육군 해군 공군 특전사 뭐 이런 거 있잖아",
            "speaker": {
              "id": "1번",
              "sex": "여성",
              "age": "30대"
            },
            "speechAct": "(단언) 주장하기",
            "morpheme": "육군/NNG+해군/NNG+공군/NNG+특전/NNG+사/NR+뭐/IC+이런/MM+거/NNB+있/VA+잖아/EC"
          },
          {
            "id": 5,
            "text": "2 : 아무것도 안 가고 싶어서 선택조차 하기 싫은걸? 키키",
            "norm_text": "아무것도 안 가고 싶어서 선택조차 하기 싫은걸? 키키",
            "speaker": {
              "id": "2번",
              "sex": "여성",
              "age": "30대"
            },
            "speechAct": "N/A",
            "morpheme": "아무것/NP+도/JX+안/MAG+가/VV+고/EC+싶/VX+어서/EC+선택/NNG+조차/JX+하/VV+기/ETN+싫/VA+은/ETM+걸/NNB+JKO+?/SY+키/NNG+키/XSV+ETN"
          },
          {
            "id": 6,
            "text": "1 : 키키 그래도 특전사 이런 거 멋있지 않아?",
            "norm_text": "키키 그래도 특전사 이런 거 멋있지 않아?",
            "speaker": {
              "id": "1번",
              "sex": "여성",
              "age": "30대"
            },
            "speechAct": "(단언) 주장하기",
            "morpheme": "키/NNG+키/XSV+ETN+그래도/MAJ+특전/NNG+사/VV+EC+이런/MM+거/NNB+멋있/VA+지/EC+않/VX+아/EF"
          },
          {
            "id": 7,
            "text": "2 : 그 빡셀 훈련을 생각하면 어우,",
            "norm_text": "그 빡셀 훈련을 생각하면 어우,",
            "speaker": {
              "id": "2번",
              "sex": "여성",
              "age": "30대"
            },
            "speechAct": "(표현) 부정감정 표현하기",
            "morpheme": "그/IC+빡/MAG+셀/VV+ETM+훈련/NNG+을/JKO+생각/NNG+하/XSV+면/EC+어우/IC+,/SC"
          },
          {
            "id": 8,
            "text": "2 : 군대는 가는 게 손해야, 굳이,ㅠㅠ",
            "norm_text": "군대는 가는 게 손해야, 굳이,ㅠㅠ",
            "speaker": {
              "id": "2번",
              "sex": "여성",
              "age": "30대"
            },
            "speechAct": "(표현) 부정감정 표현하기",
            "morpheme": "군대/NNG+는/JX+가/VV+는/ETM+게/NNB+JKS+손해/NNG+야/VCP+EF+,/SC+굳이/MAG+,/SC+ㅠㅠ/UNKNOWN"
          },
          {
            "id": 9,
            "text": "2 : 니는 어디 가고 싶은데?",
            "norm_text": "니는 어디 가고 싶은데?",
            "speaker": {
              "id": "2번",
              "sex": "여성",
              "age": "30대"
            },
            "speechAct": "(지시) 질문하기",
            "morpheme": "니/NP+는/JX+어디/NP+가/VV+고/EC+싶/VX+은데/EF"
          },
          {
            "id": 10,
            "text": "1 : 음... 나는 이왕 가야 한다면 제일 힘든 곳에 가보고 싶어",
            "norm_text": "음... 나는 이왕 가야 한다면 제일 힘든 곳에 가보고 싶어",
            "speaker": {
              "id": "1번",
              "sex": "여성",
              "age": "30대"
            },
            "speechAct": "(단언) 주장하기",
            "morpheme": "음/IC+./SY+나/NP+는/JX+이왕/MAG+가/VV+야/EC+한다면/VV+EC+제일/MAG+힘든/VA+ETM+곳/NNG+에/JKB+가/VV+EC+보/VX+고/EC+싶/VX+어/EC"
          },
          {
            "id": 11,
            "text": "2 : 헐, 대단하다 키키",
            "norm_text": "헐, 대단하다 키키",
            "speaker": {
              "id": "2번",
              "sex": "여성",
              "age": "30대"
            },
            "speechAct": "(단언) 주장하기",
            "morpheme": "헐/IC+,/SC+대단/XR+하/XSA+다키키/NNP"
          },
          {
            "id": 12,
            "text": "2 : 난 체력이 요즘 똥이라",
            "norm_text": "난 체력이 요즘 똥이라",
            "speaker": {
              "id": "2번",
              "sex": "여성",
              "age": "30대"
            },
            "speechAct": "(단언) 주장하기",
            "morpheme": "난/NP+JX+체력/NNG+이/JKS+요즘/MAG+똥/NNG+이/VCP+라/EC"
          },
          {
            "id": 13,
            "text": "1 : 요즘 나이에 가는 게 아니라 우리 젊을 때 갔을 거야",
            "norm_text": "요즘 나이에 가는 게 아니라 우리 젊을 때 갔을 거야",
            "speaker": {
              "id": "1번",
              "sex": "여성",
              "age": "30대"
            },
            "speechAct": "(단언) 주장하기",
            "morpheme": "요즘/NNG+나이/NNG+에/JKB+가/VV+는/ETM+게/NNB+JKC+아니/VCN+라/EC+우리/NP+젊/VA+을/ETM+때/NNG+갔/VV+EP+을/ETM+거/NNB+야/VCP+EF"
          },
          {
            "id": 14,
            "text": "2 : 여자 집단은 특히 그런 게 심하니까 그거 땜에 더 무섭다 ㅠㅠ",
            "norm_text": "여자 집단은 특히 그런 게 심하니까 그거 땜에 더 무섭다 ㅠㅠ",
            "speaker": {
              "id": "2번",
              "sex": "여성",
              "age": "30대"
            },
            "speechAct": "(표현) 부정감정 표현하기",
            "morpheme": "여자/NNG+집단/NNG+은/JX+특히/MAG+그런/MM+게/NNB+JKS+심하/VA+니까/EC+그거/NP+땜/NNB+에/JKB+더/MAG+무섭/VA+다/EF+ㅠㅠ/UNKNOWN"
          },
          {
            "id": 15,
            "text": "1 : 아아 맞재 ㅜㅜ 막 편가르고 그런 게 있을 거 같네",
            "norm_text": "아아 맞재 ㅜㅜ 막 편가르고 그런 게 있을 거 같네",
            "speaker": {
              "id": "1번",
              "sex": "여성",
              "age": "30대"
            },
            "speechAct": "(단언) 주장하기",
            "morpheme": "아아/IC+맞재/VV+ㅜㅜ/UNKNOWN+막/NNG+편가르/VV+고/EC+그런/MM+게/NNB+JKS+있/VA+을/ETM+거/NNB+같/VA+네/EC"
          },
          {
            "id": 16,
            "text": "2 : 어, 얼마나 심하겠노 ㅠㅠ",
            "norm_text": "어, 얼마나 심하겠노 ㅠㅠ",
            "speaker": {
              "id": "2번",
              "sex": "여성",
              "age": "30대"
            },
            "speechAct": "(단언) 주장하기",
            "morpheme": "어/IC+,/SC+얼마나/MAG+심하/VA+겠/EP+노/EC+ㅠㅠ/UNKNOWN"
          },
          {
            "id": 17,
            "text": "2 : 남자들은 담배 한 대 피우면서 우정 쌓는다지만",
            "norm_text": "남자들은 담배 한 대 피우면서 우정 쌓는다지만",
            "speaker": {
              "id": "2번",
              "sex": "여성",
              "age": "30대"
            },
            "speechAct": "(단언) 진술하기",
            "morpheme": "남자/NNG+들/XSN+은/JX+담배/NNG+한/MM+대/NNBC+피우/VV+면서/EC+우정/MAG+쌓/VV+는다지만/EC"
          },
          {
            "id": 18,
            "text": "1 : 키키 여자들도 같이 담배 피우면서 우정을 쌓도록 하자",
            "norm_text": "키키 여자들도 같이 담배 피우면서 우정을 쌓도록 하자",
            "speaker": {
              "id": "1번",
              "sex": "여성",
              "age": "30대"
            },
            "speechAct": "(언약) 약속하기(제3자와)/(개인적 수준)",
            "morpheme": "키/NNG+키/NNG+여자/NNG+들/XSN+도/JX+같이/MAG+담배/NNG+피우/VV+면서/EC+우정/NNG+을/JKO+쌓/VV+도록/EC+하/VV+자/EC"
          },
          {
            "id": 19,
            "text": "2 : 에이 키키 시기 질투 생각만 해도 키키",
            "norm_text": "에이 키키 시기 질투 생각만 해도 키키",
            "speaker": {
              "id": "2번",
              "sex": "여성",
              "age": "30대"
            },
            "speechAct": "(표현) 부정감정 표현하기",
            "morpheme": "에이키/NNP+키/NNG+시기/NNG+질투/NNG+생각/NNG+만/JX+해도/VV+EC+키/NNG+키/XSV+ETN"
          },
          {
            "id": 20,
            "text": "2 : 나 호텔 일할 때 장난 아니었다",
            "norm_text": "나 호텔 일할 때 장난 아니었다",
            "speaker": {
              "id": "2번",
              "sex": "여성",
              "age": "30대"
            },
            "speechAct": "(단언) 진술하기",
            "morpheme": "나/NP+호텔/NNG+일/NNG+할/XSV+ETM+때/NNG+장난/NNG+아니/VCN+었/EP+다/EC"
          },
          {
            "id": 21,
            "text": "1 : 아 ㅜㅜ 이게 어쩔 수 없는 생물학적 특성인 건가",
            "norm_text": "아 ㅜㅜ 이게 어쩔 수 없는 생물학적 특성인 건가",
            "speaker": {
              "id": "1번",
              "sex": "여성",
              "age": "30대"
            },
            "speechAct": "(단언) 주장하기",
            "morpheme": "아/IC+ㅜㅜ/UNKNOWN+이게/NP+JKS+어쩔/VV+ETM+수/NNB+없/VA+는/ETM+생물학/NNG+적/XSN+특성/NNG+인/VCP+ETM+건가/NNB+VCP+EC"
          },
          {
            "id": 22,
            "text": "2 : 그냥 윗계급이 한 명 싫어하면 다 갈구기 키키",
            "norm_text": "그냥 윗계급이 한 명 싫어하면 다 갈구기 키키",
            "speaker": {
              "id": "2번",
              "sex": "여성",
              "age": "30대"
            },
            "speechAct": "(단언) 주장하기",
            "morpheme": "그냥/MAG+윗/MM+계급/NNG+이/JKS+한/MM+명/NNBC+싫/VA+어/EC+하/VV+면/EC+다/MAG+갈구/VV+기/ETN+키/NNG+키/XSV+ETN"
          },
          {
            "id": 23,
            "text": "2 : 별거 가지고 다 뭐라 하더라,",
            "norm_text": "별거 가지고 다 뭐라 하더라,",
            "speaker": {
              "id": "2번",
              "sex": "여성",
              "age": "30대"
            },
            "speechAct": "(단언) 진술하기",
            "morpheme": "별거/NNG+가지/VV+고/EC+다/MAG+뭐/NP+라/VCP+EC+하/VX+더라/EF+,/SC"
          }
        ]
      }
    }
  ]
}