{
  "dataset": {
    "identifier": 44777,
    "name": "KAKAO_927_02_set",
    "src_path": "/data/file/cubeManager/PROJECT001/53/txt20211005154843077758/KAKAO_927_02_set/",
    "label_path": "/data/file/cubeManager/PROJECT001/53/txt20211005154843077758/KAKAO_927_02_set/",
    "category": 2,
    "type": 0
  },
  "licenses": {
    "name": "Apache License 1.0",
    "url": "http://www.apache.org/licenses/LICENSE-1.0"
  },
  "info": [
    {
      "id": 41699,
      "filename": "KAKAO_927_02.txt",
      "title": "KAKAO_927_02",
      "mediatype": "SNS",
      "medianame": "카카오톡",
      "category": "일상대화",
      "date": "2021-10-05",
      "size": 622,
      "annotations": {
        "subject": "주거와 생활",
        "speaker_type": "1:1",
        "size": 622,
        "word_size": 210,
        "text": "1 : 이게 나인 걸 어떡하니 ㅠㅠ\n1 : 아 집 사고 싶다\n2 : 나 진짜 내 집 장만할 거야 10년 안에\n1 : 월세 살이 너무 지침\n1 : 돈 버리는 기분이야\n1 : 이사 다니기도 싫고.\n2 : 월세 말고 전세를 구해봐\n2 : 전세면 좀 나을 거 같은데\n1 : 그러고 싶어서 전세 자금 대출 알아보는데 어렵더라\n2 : 남친도 월세 살다가 이번에 전세로 들어갔잖아\n1 : 우선 본가 들어가서 돈 좀 모으고 거기에 대출 껴서 가는 게 베스트긴 한디...\n2 : 전세 자금 대출 뭐 엄청 많던데\n2 : 징검다리인가 뭔가도 있고 청년 뭐도 있고 잘 찾아봐\n1 : 어느 정도의 자본이 있어야 대출을 합쳐서 전세를 가지 키키\n1 : 근데 본가에서 나와 산 지 벌써 8년째라서 다시 들어가는 건 약간 상상이 안 가\n2 : 요즘 전세 대출 규제 들어갈라 하고 있어서 되도록 빨리 해야 해\n1 : 아 난 하더라도 2월이야\n1 : 물론 그마저도 불확실하지만\n2 : 돈을 빨리 모으자\n2 : 우리 내 집 장만하자고\n1 : 맞아 나 진짜 내 집 마련이 소원임...\n2 : 나 10년 안에 할 수 있겠지...?\n1 : 10년 빡세지...\n1 : 나는 심지어 우리 본가도 월세란 말이야 ㅠㅠ\n1 : 월세 살이 지겹다 진짜\n2 : 1억만 모아도 어떻게 비벼볼 수 있을 텐데 ㅠㅠ",
        "lines": [
          {
            "id": 1,
            "text": "1 : 이게 나인 걸 어떡하니 ㅠㅠ",
            "norm_text": "이게 나인 걸 어떡하니 ㅠㅠ",
            "speaker": {
              "id": "1번",
              "sex": "여성",
              "age": "20대"
            },
            "speechAct": "(단언) 진술하기",
            "morpheme": "이게/NP+JKS+나/NP+인/VCP+ETM+걸/NNB+JKO+어떡/XR+하/XSA+니/EC+ㅠㅠ/UNKNOWN"
          },
          {
            "id": 2,
            "text": "1 : 아 집 사고 싶다",
            "norm_text": "아 집 사고 싶다",
            "speaker": {
              "id": "1번",
              "sex": "여성",
              "age": "20대"
            },
            "speechAct": "(단언) 주장하기",
            "morpheme": "아/IC+집사/NNG+고/VCP+EC+싶/VX+다/EC"
          },
          {
            "id": 3,
            "text": "2 : 나 진짜 내 집 장만할 거야 10년 안에",
            "norm_text": "나 진짜 내 집 장만할 거야 10년 안에",
            "speaker": {
              "id": "2번",
              "sex": "여성",
              "age": "20대"
            },
            "speechAct": "(단언) 주장하기",
            "morpheme": "나/NP+진짜/MAG+내/NP+JKG+집장/NNG+만/JX+할/VV+ETM+거/NNB+야/VCP+EF+10/SN+년/NNBC+안/NNG+에/JKB"
          },
          {
            "id": 4,
            "text": "1 : 월세 살이 너무 지침",
            "norm_text": "월세 살이 너무 지침",
            "speaker": {
              "id": "1번",
              "sex": "여성",
              "age": "20대"
            },
            "speechAct": "(단언) 주장하기",
            "morpheme": "월세/NNG+살/NNG+이/JKS+너무/MAG+지침/NNG"
          },
          {
            "id": 5,
            "text": "1 : 돈 버리는 기분이야",
            "norm_text": "돈 버리는 기분이야",
            "speaker": {
              "id": "1번",
              "sex": "여성",
              "age": "20대"
            },
            "speechAct": "(단언) 주장하기",
            "morpheme": "돈/NNG+버리/VV+는/ETM+기분/NNG+이/VCP+야/EC"
          },
          {
            "id": 6,
            "text": "1 : 이사 다니기도 싫고.",
            "norm_text": "이사 다니기도 싫고.",
            "speaker": {
              "id": "1번",
              "sex": "여성",
              "age": "20대"
            },
            "speechAct": "(단언) 주장하기",
            "morpheme": "이사/NNG+다니/VV+기/ETN+도/JX+싫/VA+고/EC"
          },
          {
            "id": 7,
            "text": "2 : 월세 말고 전세를 구해봐",
            "norm_text": "월세 말고 전세를 구해봐",
            "speaker": {
              "id": "2번",
              "sex": "여성",
              "age": "20대"
            },
            "speechAct": "(지시) 충고/제안하기",
            "morpheme": "월세/NNG+말/VV+고/EC+전세/NNG+를/JKO+구해/VV+EC+봐/VX+EC"
          },
          {
            "id": 8,
            "text": "2 : 전세면 좀 나을 거 같은데",
            "norm_text": "전세면 좀 나을 거 같은데",
            "speaker": {
              "id": "2번",
              "sex": "여성",
              "age": "20대"
            },
            "speechAct": "(단언) 주장하기",
            "morpheme": "전/MM+세면/NNG+좀/MAG+나을/VA+ETM+거/NNB+같/VA+은데/EC"
          },
          {
            "id": 9,
            "text": "1 : 그러고 싶어서 전세 자금 대출 알아보는데 어렵더라",
            "norm_text": "그러고 싶어서 전세 자금 대출 알아보는데 어렵더라",
            "speaker": {
              "id": "1번",
              "sex": "여성",
              "age": "20대"
            },
            "speechAct": "(단언) 주장하기",
            "morpheme": "그러/VV+고/EC+싶/VX+어서/EC+전세/NNG+자금/NNG+대출/NNG+알아보/VV+는/ETM+데/NNB+어렵/VA+더라/EC"
          },
          {
            "id": 10,
            "text": "2 : 남친도 월세 살다가 이번에 전세로 들어갔잖아",
            "norm_text": "남친도 월세 살다가 이번에 전세로 들어갔잖아",
            "speaker": {
              "id": "2번",
              "sex": "여성",
              "age": "20대"
            },
            "speechAct": "(단언) 진술하기",
            "morpheme": "남친/NNG+도/JX+월세/NNG+살/VV+다가/EC+이번/NNG+에/JKB+전세/NNG+로/JKB+들어갔/VV+EP+잖아/EC"
          },
          {
            "id": 11,
            "text": "1 : 우선 본가 들어가서 돈 좀 모으고 거기에 대출 껴서 가는 게 베스트긴 한디...",
            "norm_text": "우선 본가 들어가서 돈 좀 모으고 거기에 대출 껴서 가는 게 베스트긴 한디...",
            "speaker": {
              "id": "1번",
              "sex": "여성",
              "age": "20대"
            },
            "speechAct": "(단언) 주장하기",
            "morpheme": "우선/MAG+본가/NNG+들어가/VV+서/EC+돈/NNG+좀/MAG+모으/VV+고/EC+거기/NP+에/JKB+대출/NNG+껴서/VV+EC+가/VX+는/ETM+게/NNB+JKS+베스트/NNG+긴한/VA+ETM+디/NNG+./SY+./SY"
          },
          {
            "id": 12,
            "text": "2 : 전세 자금 대출 뭐 엄청 많던데",
            "norm_text": "전세 자금 대출 뭐 엄청 많던데",
            "speaker": {
              "id": "2번",
              "sex": "여성",
              "age": "20대"
            },
            "speechAct": "(단언) 주장하기",
            "morpheme": "전세/NNG+자금/NNG+대출/NNG+뭐/IC+엄청/MAG+많/VA+던데/EC"
          },
          {
            "id": 13,
            "text": "2 : 징검다리인가 뭔가도 있고 청년 뭐도 있고 잘 찾아봐",
            "norm_text": "징검다리인가 뭔가도 있고 청년 뭐도 있고 잘 찾아봐",
            "speaker": {
              "id": "2번",
              "sex": "여성",
              "age": "20대"
            },
            "speechAct": "(지시) 충고/제안하기",
            "morpheme": "징검다리/NNG+인가/VCP+EC+뭔가/NP+VCP+EC+도/JX+있/VA+고/EC+청년/NNG+뭐/NP+도/JX+있/VA+고/EC+잘/MAG+찾아봐/VV+EC"
          },
          {
            "id": 14,
            "text": "1 : 어느 정도의 자본이 있어야 대출을 합쳐서 전세를 가지 키키",
            "norm_text": "어느 정도의 자본이 있어야 대출을 합쳐서 전세를 가지 키키",
            "speaker": {
              "id": "1번",
              "sex": "여성",
              "age": "20대"
            },
            "speechAct": "(단언) 주장하기",
            "morpheme": "어느/MM+정도/NNG+의/JKG+자본/NNG+이/JKS+있/VV+어야/EC+대출/NNG+을/JKO+합쳐서/VV+EC+전세/NNG+를/JKO+가지키/NNP+키/NNG"
          },
          {
            "id": 15,
            "text": "1 : 근데 본가에서 나와 산 지 벌써 8년째라서 다시 들어가는 건 약간 상상이 안 가",
            "norm_text": "근데 본가에서 나와 산 지 벌써 8년째라서 다시 들어가는 건 약간 상상이 안 가",
            "speaker": {
              "id": "1번",
              "sex": "여성",
              "age": "20대"
            },
            "speechAct": "(단언) 주장하기",
            "morpheme": "근데/MAJ+본가/NNG+에서/JKB+나와/VV+EC+산지/VV+ETM+NNB+벌써/MAG+8/SN+년/NNBC+째/XSN+라서/VCP+EC+다시/MAG+들어가/VV+는/ETM+건/NNB+JX+약간/MAG+상상/NNG+이/JKS+안/MAG+가/VV+EC"
          },
          {
            "id": 16,
            "text": "2 : 요즘 전세 대출 규제 들어갈라 하고 있어서 되도록 빨리 해야 해",
            "norm_text": "요즘 전세 대출 규제 들어갈라 하고 있어서 되도록 빨리 해야 해",
            "speaker": {
              "id": "2번",
              "sex": "여성",
              "age": "20대"
            },
            "speechAct": "(지시) 충고/제안하기",
            "morpheme": "요즘/NNG+전세/NNG+대출/NNG+규제/NNG+들어갈라/VV+EC+하/VV+고/EC+있/VX+어서/EC+되/VV+도록/EC+빨리/MAG+해야/VV+EC+해/VV+EC"
          },
          {
            "id": 17,
            "text": "1 : 아 난 하더라도 2월이야",
            "norm_text": "아 난 하더라도 2월이야",
            "speaker": {
              "id": "1번",
              "sex": "여성",
              "age": "20대"
            },
            "speechAct": "(단언) 주장하기",
            "morpheme": "아/IC+난/NP+JX+하/VV+더라도/EC+2/SN+월/NNBC+이/VCP+야/EC"
          },
          {
            "id": 18,
            "text": "1 : 물론 그마저도 불확실하지만",
            "norm_text": "물론 그마저도 불확실하지만",
            "speaker": {
              "id": "1번",
              "sex": "여성",
              "age": "20대"
            },
            "speechAct": "(단언) 주장하기",
            "morpheme": "물론/MAG+그/NP+마저/JX+도/JX+불/XPN+확실/XR+하/XSA+지만/EC"
          },
          {
            "id": 19,
            "text": "2 : 돈을 빨리 모으자",
            "norm_text": "돈을 빨리 모으자",
            "speaker": {
              "id": "2번",
              "sex": "여성",
              "age": "20대"
            },
            "speechAct": "(단언) 주장하기",
            "morpheme": "돈/NNG+을/JKO+빨리/MAG+모으/VV+자/EC"
          },
          {
            "id": 20,
            "text": "2 : 우리 내 집 장만하자고",
            "norm_text": "우리 내 집 장만하자고",
            "speaker": {
              "id": "2번",
              "sex": "여성",
              "age": "20대"
            },
            "speechAct": "(단언) 주장하기",
            "morpheme": "우리/NP+내/NP+JKG+집장/NNG+만/JX+하/VV+자고/EC"
          },
          {
            "id": 21,
            "text": "1 : 맞아 나 진짜 내 집 마련이 소원임...",
            "norm_text": "맞아 나 진짜 내 집 마련이 소원임...",
            "speaker": {
              "id": "1번",
              "sex": "여성",
              "age": "20대"
            },
            "speechAct": "(단언) 주장하기",
            "morpheme": "맞/VV+아나/EC+진짜/MAG+내/NP+JKG+집/NNG+마련/NNG+이/JKS+소원/NNG+임/VCP+ETN+./SY"
          },
          {
            "id": 22,
            "text": "2 : 나 10년 안에 할 수 있겠지...?",
            "norm_text": "나 10년 안에 할 수 있겠지...?",
            "speaker": {
              "id": "2번",
              "sex": "여성",
              "age": "20대"
            },
            "speechAct": "(지시) 질문하기",
            "morpheme": "나/NP+10/SN+년/NNBC+안/NNG+에/JKB+할/VV+ETM+수/NNB+있/VV+겠/EP+지/EF+./SY+./SY"
          },
          {
            "id": 23,
            "text": "1 : 10년 빡세지...",
            "norm_text": "10년 빡세지...",
            "speaker": {
              "id": "1번",
              "sex": "여성",
              "age": "20대"
            },
            "speechAct": "(단언) 주장하기",
            "morpheme": "10/SN+년/NNBC+빡세/VA+지/EF+./SY"
          },
          {
            "id": 24,
            "text": "1 : 나는 심지어 우리 본가도 월세란 말이야 ㅠㅠ",
            "norm_text": "나는 심지어 우리 본가도 월세란 말이야 ㅠㅠ",
            "speaker": {
              "id": "1번",
              "sex": "여성",
              "age": "20대"
            },
            "speechAct": "(단언) 주장하기",
            "morpheme": "나/NP+는/JX+심지어/MAG+우리/NP+본가/NNG+도/JX+월세/NNG+란/JX+말/NNG+이/VCP+야/EF+ㅠㅠ/UNKNOWN"
          },
          {
            "id": 25,
            "text": "1 : 월세 살이 지겹다 진짜",
            "norm_text": "월세 살이 지겹다 진짜",
            "speaker": {
              "id": "1번",
              "sex": "여성",
              "age": "20대"
            },
            "speechAct": "(표현) 부정감정 표현하기",
            "morpheme": "월세/NNG+살/NNG+이/JKS+지겹/VA+다/EF+진짜/MAG"
          },
          {
            "id": 26,
            "text": "2 : 1억만 모아도 어떻게 비벼볼 수 있을 텐데 ㅠㅠ",
            "norm_text": "1억만 모아도 어떻게 비벼볼 수 있을 텐데 ㅠㅠ",
            "speaker": {
              "id": "2번",
              "sex": "여성",
              "age": "20대"
            },
            "speechAct": "(단언) 주장하기",
            "morpheme": "1/SN+억만/NR+모아/VV+EC+도/JX+어떻/VA+게/EC+비벼/VV+EC+볼/VX+ETM+수/NNB+있/VV+을/ETM+텐데/NNB+VCP+EC+ㅠㅠ/UNKNOWN"
          }
        ]
      }
    }
  ]
}