{
  "dataset": {
    "identifier": 60315,
    "name": "KAKAO_983_16_set",
    "src_path": "/data/file/cubeManager/PROJECT001/53/txt20211006122024014853/KAKAO_983_16_set/",
    "label_path": "/data/file/cubeManager/PROJECT001/53/txt20211006122024014853/KAKAO_983_16_set/",
    "category": 2,
    "type": 0
  },
  "licenses": {
    "name": "Apache License 1.0",
    "url": "http://www.apache.org/licenses/LICENSE-1.0"
  },
  "info": [
    {
      "id": 42856,
      "filename": "KAKAO_983_16.txt",
      "title": "KAKAO_983_16",
      "mediatype": "SNS",
      "medianame": "카카오톡",
      "category": "일상대화",
      "date": "2021-10-06",
      "size": 536,
      "annotations": {
        "subject": "미용",
        "speaker_type": "1:1",
        "size": 536,
        "word_size": 167,
        "text": "1 : 남자들은 화장품 뭐 발라?\n2 : 피지? 화장품 그런 거 안 바름...\n2 : 건조할 때는 스킨 하나 정도?\n1 : 남자들 그런 거 귀찮아해서 올인원 이런 것도 잘 나오던데\n2 : 올인원도 끈적이니까 난 그냥 어지간하면 스킨 하나로 끝\n1 : 이제 나이도 있는데 미용에 관심 좀 가져라 키키\n2 : 관심 가져도 부질없다...\n2 : 원빈 될 것도 아니고... ㅜㅜ\n1 : 눈썹 문신했어?\n2 : 아니? 눈썹 문신은 왜?\n1 : 남자들 눈썹 반영구도 많이 하던데.\n2 : 그래? 하면 좋은가?\n2 : 눈썹은 어릴 때부터 진한 편이라고 주위에서 그래서 생각해본 적 없는데...\n1 : 인상이 달라지기도 하더라고\n2 : 음... 그럼 나도 속눈썹 연장 해볼까? 키키\n1 : 무리데쓰... 내 아는 남자애는 비비크림 안 바르면 외출 안 함\n2 : 헐... 남자애가? 난 안 씻으면 외출 안 하는데...\n1 : 키키 남자들 립 제품도 나온다던데? 키키\n2 : 색깔 있는 거? 남자가 입술 벌겋게 칠해서 뭐할라고...\n2 : 난 전에 니하고 뮤직비디오 찍을 때 말곤 그런 거 발라본 적 없다 키키",
        "lines": [
          {
            "id": 1,
            "text": "1 : 남자들은 화장품 뭐 발라?",
            "norm_text": "남자들은 화장품 뭐 발라?",
            "speaker": {
              "id": "1번",
              "sex": "여성",
              "age": "30대"
            },
            "speechAct": "(지시) 질문하기",
            "morpheme": "남자/NNG+들/XSN+은/JX+화장품/NNG+뭐/IC+발라/VV+EF"
          },
          {
            "id": 2,
            "text": "2 : 피지? 화장품 그런 거 안 바름...",
            "norm_text": "피지? 화장품 그런 거 안 바름...",
            "speaker": {
              "id": "2번",
              "sex": "남성",
              "age": "30대"
            },
            "speechAct": "(단언) 진술하기",
            "morpheme": "피/VV+지/EF+화장품/NNG+그런/MM+거/NNB+안/MAG+바름/VV+ETN+./SY"
          },
          {
            "id": 3,
            "text": "2 : 건조할 때는 스킨 하나 정도?",
            "norm_text": "건조할 때는 스킨 하나 정도?",
            "speaker": {
              "id": "2번",
              "sex": "남성",
              "age": "30대"
            },
            "speechAct": "(단언) 진술하기",
            "morpheme": "건조/NNG+할/XSV+ETM+때/NNG+는/JX+스킨/NNG+하나/NR+정도/NNG"
          },
          {
            "id": 4,
            "text": "1 : 남자들 그런 거 귀찮아해서 올인원 이런 것도 잘 나오던데",
            "norm_text": "남자들 그런 거 귀찮아해서 올인원 이런 것도 잘 나오던데",
            "speaker": {
              "id": "1번",
              "sex": "여성",
              "age": "30대"
            },
            "speechAct": "(단언) 진술하기",
            "morpheme": "남자/NNG+들/XSN+그런/MM+거/NNB+귀찮/VA+아/EC+해서/VV+EC+올인원/NNG+이런/MM+것/NNB+도/JX+잘/MAG+나오/VV+던데/EC"
          },
          {
            "id": 5,
            "text": "2 : 올인원도 끈적이니까 난 그냥 어지간하면 스킨 하나로 끝",
            "norm_text": "올인원도 끈적이니까 난 그냥 어지간하면 스킨 하나로 끝",
            "speaker": {
              "id": "2번",
              "sex": "남성",
              "age": "30대"
            },
            "speechAct": "(단언) 진술하기",
            "morpheme": "올인원/NNG+도/JX+끈/NNG+적/XSN+이/VCP+니까/EC+난/NP+JX+그냥/MAG+어지간/XR+하/XSA+면/EC+스킨/NNG+하나/NR+로/JKB+끝/NNG"
          },
          {
            "id": 6,
            "text": "1 : 이제 나이도 있는데 미용에 관심 좀 가져라 키키",
            "norm_text": "이제 나이도 있는데 미용에 관심 좀 가져라 키키",
            "speaker": {
              "id": "1번",
              "sex": "여성",
              "age": "30대"
            },
            "speechAct": "(지시) 충고/제안하기",
            "morpheme": "이제/MAG+나이/NNG+도/JX+있/VA+는데/EC+미용/NNG+에/JKB+관심/NNG+좀/MAG+가져라/VV+EC+키/NNG+키/XSV+ETN"
          },
          {
            "id": 7,
            "text": "2 : 관심 가져도 부질없다...",
            "norm_text": "관심 가져도 부질없다...",
            "speaker": {
              "id": "2번",
              "sex": "남성",
              "age": "30대"
            },
            "speechAct": "(단언) 주장하기",
            "morpheme": "관심/NNG+가져도/VV+EC+부질없/VA+다/EF+./SY"
          },
          {
            "id": 8,
            "text": "2 : 원빈 될 것도 아니고... ㅜㅜ",
            "norm_text": "원빈 될 것도 아니고... ㅜㅜ",
            "speaker": {
              "id": "2번",
              "sex": "남성",
              "age": "30대"
            },
            "speechAct": "(단언) 주장하기",
            "morpheme": "원빈/NNG+될/XSV+ETM+것/NNB+도/JX+아니/VCN+고/EC+./SY+./SY+ㅜㅜ/UNKNOWN"
          },
          {
            "id": 9,
            "text": "1 : 눈썹 문신했어?",
            "norm_text": "눈썹 문신했어?",
            "speaker": {
              "id": "1번",
              "sex": "여성",
              "age": "30대"
            },
            "speechAct": "(지시) 질문하기",
            "morpheme": "눈썹/NNG+문신/NNG+했/XSV+EP+어/EF"
          },
          {
            "id": 10,
            "text": "2 : 아니? 눈썹 문신은 왜?",
            "norm_text": "아니? 눈썹 문신은 왜?",
            "speaker": {
              "id": "2번",
              "sex": "남성",
              "age": "30대"
            },
            "speechAct": "(지시) 질문하기",
            "morpheme": "아니/IC+눈썹/NNG+문신/NNG+은/JX+왜/MAG"
          },
          {
            "id": 11,
            "text": "1 : 남자들 눈썹 반영구도 많이 하던데.",
            "norm_text": "남자들 눈썹 반영구도 많이 하던데.",
            "speaker": {
              "id": "1번",
              "sex": "여성",
              "age": "30대"
            },
            "speechAct": "(단언) 진술하기",
            "morpheme": "남자/NNG+들/XSN+눈썹/NNG+반영구/NNG+도/JX+많이/MAG+하/VV+던데/EF"
          },
          {
            "id": 12,
            "text": "2 : 그래? 하면 좋은가?",
            "norm_text": "그래? 하면 좋은가?",
            "speaker": {
              "id": "2번",
              "sex": "남성",
              "age": "30대"
            },
            "speechAct": "(지시) 질문하기",
            "morpheme": "그래/IC+하/VV+면/EC+좋/VA+은가/EF"
          },
          {
            "id": 13,
            "text": "2 : 눈썹은 어릴 때부터 진한 편이라고 주위에서 그래서 생각해본 적 없는데...",
            "norm_text": "눈썹은 어릴 때부터 진한 편이라고 주위에서 그래서 생각해본 적 없는데...",
            "speaker": {
              "id": "2번",
              "sex": "남성",
              "age": "30대"
            },
            "speechAct": "(단언) 주장하기",
            "morpheme": "눈썹/NNG+은/JX+어릴/VA+ETM+때/NNG+부터/JX+진한/VA+ETM+편/NNB+이/VCP+라고/EC+주위/NNG+에서/JKB+그래서/MAJ+생각/NNG+해/XSV+EC+본/VX+ETM+적/NNB+없/VA+는데/EC+./SY+./SY"
          },
          {
            "id": 14,
            "text": "1 : 인상이 달라지기도 하더라고",
            "norm_text": "인상이 달라지기도 하더라고",
            "speaker": {
              "id": "1번",
              "sex": "여성",
              "age": "30대"
            },
            "speechAct": "(단언) 진술하기",
            "morpheme": "인상/NNG+이/JKS+달라지/VV+기/ETN+도/JX+하/VV+더라고/EC"
          },
          {
            "id": 15,
            "text": "2 : 음... 그럼 나도 속눈썹 연장 해볼까? 키키",
            "norm_text": "음... 그럼 나도 속눈썹 연장 해볼까? 키키",
            "speaker": {
              "id": "2번",
              "sex": "남성",
              "age": "30대"
            },
            "speechAct": "(지시) 질문하기",
            "morpheme": "음/IC+./SY+그럼/MAJ+나/NP+도/JX+속눈썹/NNG+연장/NNG+해/XSV+EC+볼까/VX+EF+키/NNG+키/XSV+ETN"
          },
          {
            "id": 16,
            "text": "1 : 무리데쓰... 내 아는 남자애는 비비크림 안 바르면 외출 안 함",
            "norm_text": "무리데쓰... 내 아는 남자애는 비비크림 안 바르면 외출 안 함",
            "speaker": {
              "id": "1번",
              "sex": "여성",
              "age": "30대"
            },
            "speechAct": "(단언) 진술하기",
            "morpheme": "무리/NNG+데쓰/NNP+./SY+./SY+내아/NNG+는/JX+남자/NNG+애/NNG+는/JX+비비/MAG+크림/NNG+안/MAG+바르/VV+면/EC+외출/MAG+안/MAG+함/VV+ETN"
          },
          {
            "id": 17,
            "text": "2 : 헐... 남자애가? 난 안 씻으면 외출 안 하는데...",
            "norm_text": "헐... 남자애가? 난 안 씻으면 외출 안 하는데...",
            "speaker": {
              "id": "2번",
              "sex": "남성",
              "age": "30대"
            },
            "speechAct": "(단언) 주장하기",
            "morpheme": "헐/IC+./SY+남자/NNG+애/NNG+가/JKS+난/NP+JX+안/MAG+씻/VV+으면/EC+외출/MAG+안/MAG+하/VV+는데/EC+./SY+./SY"
          },
          {
            "id": 18,
            "text": "1 : 키키 남자들 립 제품도 나온다던데? 키키",
            "norm_text": "키키 남자들 립 제품도 나온다던데? 키키",
            "speaker": {
              "id": "1번",
              "sex": "여성",
              "age": "30대"
            },
            "speechAct": "(단언) 진술하기",
            "morpheme": "키/NNG+키/NNG+남자/NNG+들/XSN+립/NNG+제품/NNG+도/JX+나온다/VV+EF+던데/EF+키/NNG+키/XSV+ETN"
          },
          {
            "id": 19,
            "text": "2 : 색깔 있는 거? 남자가 입술 벌겋게 칠해서 뭐할라고...",
            "norm_text": "색깔 있는 거? 남자가 입술 벌겋게 칠해서 뭐할라고...",
            "speaker": {
              "id": "2번",
              "sex": "남성",
              "age": "30대"
            },
            "speechAct": "(단언) 주장하기",
            "morpheme": "색깔/NNG+있/VA+는/ETM+거/NNB+남자/NNG+가/JKS+입술/NNG+벌겋/VA+게/EC+칠/VX+EC+JKO+해서/VV+EC+뭐/IC+할라고/VV+EF+./SY"
          },
          {
            "id": 20,
            "text": "2 : 난 전에 니하고 뮤직비디오 찍을 때 말곤 그런 거 발라본 적 없다 키키",
            "norm_text": "난 전에 니하고 뮤직비디오 찍을 때 말곤 그런 거 발라본 적 없다 키키",
            "speaker": {
              "id": "2번",
              "sex": "남성",
              "age": "30대"
            },
            "speechAct": "(단언) 주장하기",
            "morpheme": "난전/NNG+에/JKB+니/NP+하고/JKB+뮤직/NNG+비디오/NNG+찍/VV+을/ETM+때/NNG+말/VV+곤/EC+그런/MM+거/NNB+발라/VV+EC+본/VX+ETM+적/NNB+없/VA+다키키/NNP"
          }
        ]
      }
    }
  ]
}