{
  "dataset": {
    "identifier": 49597,
    "name": "KAKAO_955_03_set",
    "src_path": "/data/file/cubeManager/PROJECT001/53/txt20211005163623069229/KAKAO_955_03_set/",
    "label_path": "/data/file/cubeManager/PROJECT001/53/txt20211005163623069229/KAKAO_955_03_set/",
    "category": 2,
    "type": 0
  },
  "licenses": {
    "name": "Apache License 1.0",
    "url": "http://www.apache.org/licenses/LICENSE-1.0"
  },
  "info": [
    {
      "id": 42601,
      "filename": "KAKAO_955_03.txt",
      "title": "KAKAO_955_03",
      "mediatype": "SNS",
      "medianame": "카카오톡",
      "category": "일상대화",
      "date": "2021-10-05",
      "size": 421,
      "annotations": {
        "subject": "교통",
        "speaker_type": "1:1",
        "size": 421,
        "word_size": 149,
        "text": "1 : 요새는 자동차 종류도 엄청나더라\n2 : 엄청 많지 키키\n2 : 나도 모르는 차 종류도 있을걸?\n1 : 키키 나는 거의 다 모를걸...\n2 : 키키 아예 차 종류 모르나?\n1 : 엉 키키 알 필요가 없서서... 모름...\n2 : 키키 운전 안 할 거가?\n2 : 니도 차 사야지\n1 : 키키 아직은 아닌 것 같다...\n1 : 뭔가 이랬다 저랬다임\n2 : 뭐 딱히 필요 없음 안 해도 되지 키키\n1 : 키키 친구가 차있어서 웬만한 곳은 다 친구차 타고 다닌당\n2 : 키키 그럼 됐네 불편한 거 못 느끼잖아?\n1 : 엉 키키 아직까지는 불편한 거 없어\n2 : 그럼 없어도 되지 키키\n1 : 맞제 키키 돈 많이 벌어 놓고 쓸 데 없을 때 차 사야지\n2 : 키키 멋있노 키키\n2 : 나는 회사 입사하고 할인 받아서 샀다\n1 : 오 키키 그거 지인 할인도 있나?\n2 : 직원 할인 받았지 키키",
        "lines": [
          {
            "id": 1,
            "text": "1 : 요새는 자동차 종류도 엄청나더라",
            "norm_text": "요새는 자동차 종류도 엄청나더라",
            "speaker": {
              "id": "1번",
              "sex": "여성",
              "age": "20대"
            },
            "speechAct": "(단언) 주장하기",
            "morpheme": "요새/NNG+는/JX+자동차/NNG+종류/NNG+도/JX+엄청나/VA+더라/EC"
          },
          {
            "id": 2,
            "text": "2 : 엄청 많지 키키",
            "norm_text": "엄청 많지 키키",
            "speaker": {
              "id": "2번",
              "sex": "남성",
              "age": "10대"
            },
            "speechAct": "(단언) 주장하기",
            "morpheme": "엄청/MAG+많/VA+지/EC+키/NNG+키/XSV+ETN"
          },
          {
            "id": 3,
            "text": "2 : 나도 모르는 차 종류도 있을걸?",
            "norm_text": "나도 모르는 차 종류도 있을걸?",
            "speaker": {
              "id": "2번",
              "sex": "남성",
              "age": "10대"
            },
            "speechAct": "(지시) 질문하기",
            "morpheme": "나/NP+도/JX+모르/VV+는/ETM+차/NNG+종류/NNG+도/JX+있/VA+을걸/EF"
          },
          {
            "id": 4,
            "text": "1 : 키키 나는 거의 다 모를걸...",
            "norm_text": "키키 나는 거의 다 모를걸...",
            "speaker": {
              "id": "1번",
              "sex": "여성",
              "age": "20대"
            },
            "speechAct": "(단언) 주장하기",
            "morpheme": "키/NNG+키나/XSA+ETN+JX+는/JX+거의/MAG+다/MAG+모를걸/VV+EF+./SY"
          },
          {
            "id": 5,
            "text": "2 : 키키 아예 차 종류 모르나?",
            "norm_text": "키키 아예 차 종류 모르나?",
            "speaker": {
              "id": "2번",
              "sex": "남성",
              "age": "10대"
            },
            "speechAct": "(지시) 질문하기",
            "morpheme": "키/NNG+키/XSV+ETN+아예/MAG+차/NNG+종류/NNG+모르/VV+나/EF"
          },
          {
            "id": 6,
            "text": "1 : 엉 키키 알 필요가 없서서... 모름...",
            "norm_text": "엉 키키 알 필요가 없서서... 모름...",
            "speaker": {
              "id": "1번",
              "sex": "여성",
              "age": "20대"
            },
            "speechAct": "(단언) 주장하기",
            "morpheme": "엉/IC+키/NNG+키/XSV+ETN+알/VV+ETM+필요/NNG+가/JKS+없/VA+서/EC+VCP+서/EC+./SY+./SY+모름/VV+ETN+./SY"
          },
          {
            "id": 7,
            "text": "2 : 키키 운전 안 할 거가?",
            "norm_text": "키키 운전 안 할 거가?",
            "speaker": {
              "id": "2번",
              "sex": "남성",
              "age": "10대"
            },
            "speechAct": "(지시) 질문하기",
            "morpheme": "키/NNG+키/NNG+운전/NNG+안/MAG+할/VV+ETM+거/NNB+가/JKS"
          },
          {
            "id": 8,
            "text": "2 : 니도 차 사야지",
            "norm_text": "니도 차 사야지",
            "speaker": {
              "id": "2번",
              "sex": "남성",
              "age": "10대"
            },
            "speechAct": "(단언) 주장하기",
            "morpheme": "니/NP+도/JX+차사/NNG+야지/NNG"
          },
          {
            "id": 9,
            "text": "1 : 키키 아직은 아닌 것 같다...",
            "norm_text": "키키 아직은 아닌 것 같다...",
            "speaker": {
              "id": "1번",
              "sex": "여성",
              "age": "20대"
            },
            "speechAct": "(단언) 반박하기",
            "morpheme": "키/NNG+키/NNG+아직/MAG+은/JX+아닌/VCN+ETM+것/NNB+같/VA+다/EF+./SY"
          },
          {
            "id": 10,
            "text": "1 : 뭔가 이랬다 저랬다임",
            "norm_text": "뭔가 이랬다 저랬다임",
            "speaker": {
              "id": "1번",
              "sex": "여성",
              "age": "20대"
            },
            "speechAct": "(단언) 주장하기",
            "morpheme": "뭔가/NP+VCP+EC+이랬다저랬다/VV+EP+EC+VV+EP+EC+임/VCP+ETN"
          },
          {
            "id": 11,
            "text": "2 : 뭐 딱히 필요 없음 안 해도 되지 키키",
            "norm_text": "뭐 딱히 필요 없음 안 해도 되지 키키",
            "speaker": {
              "id": "2번",
              "sex": "남성",
              "age": "10대"
            },
            "speechAct": "(단언) 주장하기",
            "morpheme": "뭐/IC+딱히/MAG+필요/NNG+없/VA+음/EC+안/MAG+해도/VV+EC+되/VV+지/EC+키/NNG+키/XSV+ETN"
          },
          {
            "id": 12,
            "text": "1 : 키키 친구가 차있어서 웬만한 곳은 다 친구차 타고 다닌당",
            "norm_text": "키키 친구가 차있어서 웬만한 곳은 다 친구차 타고 다닌당",
            "speaker": {
              "id": "1번",
              "sex": "여성",
              "age": "20대"
            },
            "speechAct": "(단언) 진술하기",
            "morpheme": "키/NNG+키/NNG+친구/NNG+가/JKS+차/VV+EC+있/VX+어서/EC+웬만/XR+한/XSA+ETM+곳/NNG+은/JX+다/MAG+친구/NNG+차/NNG+타/VV+고/EC+다닌/VV+ETM+당/NNG"
          },
          {
            "id": 13,
            "text": "2 : 키키 그럼 됐네 불편한 거 못 느끼잖아?",
            "norm_text": "키키 그럼 됐네 불편한 거 못 느끼잖아?",
            "speaker": {
              "id": "2번",
              "sex": "남성",
              "age": "10대"
            },
            "speechAct": "(지시) 질문하기",
            "morpheme": "키/NNG+키/XSV+ETN+그럼/MAJ+됐/VV+EP+네/EF+불편/NNG+한/XSA+ETM+거/NNB+못/MAG+느끼/VV+잖아/EF"
          },
          {
            "id": 14,
            "text": "1 : 엉 키키 아직까지는 불편한 거 없어",
            "norm_text": "엉 키키 아직까지는 불편한 거 없어",
            "speaker": {
              "id": "1번",
              "sex": "여성",
              "age": "20대"
            },
            "speechAct": "(단언) 주장하기",
            "morpheme": "엉/IC+키/NNG+키/NNG+아직/MAG+까지/JX+는/JX+불편/NNG+한/XSA+ETM+거/NNB+없/VA+어/EC"
          },
          {
            "id": 15,
            "text": "2 : 그럼 없어도 되지 키키",
            "norm_text": "그럼 없어도 되지 키키",
            "speaker": {
              "id": "2번",
              "sex": "남성",
              "age": "10대"
            },
            "speechAct": "(단언) 주장하기",
            "morpheme": "그럼/MAJ+없/VA+어도/EC+되/VV+지/EC+키/NNG+키/XSV+ETN"
          },
          {
            "id": 16,
            "text": "1 : 맞제 키키 돈 많이 벌어 놓고 쓸 데 없을 때 차 사야지",
            "norm_text": "맞제 키키 돈 많이 벌어 놓고 쓸 데 없을 때 차 사야지",
            "speaker": {
              "id": "1번",
              "sex": "여성",
              "age": "20대"
            },
            "speechAct": "(단언) 주장하기",
            "morpheme": "맞/VV+제/EC+키/NNG+키/NNG+돈/NNG+많이/MAG+벌/VV+어/EC+놓/VX+고/EC+쓸데없/VA+을/ETM+때/NNG+차사/NNG+야지/NNG"
          },
          {
            "id": 17,
            "text": "2 : 키키 멋있노 키키",
            "norm_text": "키키 멋있노 키키",
            "speaker": {
              "id": "2번",
              "sex": "남성",
              "age": "10대"
            },
            "speechAct": "(단언) 주장하기",
            "morpheme": "키키멋있노키키/UNKNOWN"
          },
          {
            "id": 18,
            "text": "2 : 나는 회사 입사하고 할인 받아서 샀다",
            "norm_text": "나는 회사 입사하고 할인 받아서 샀다",
            "speaker": {
              "id": "2번",
              "sex": "남성",
              "age": "10대"
            },
            "speechAct": "(단언) 진술하기",
            "morpheme": "나/NP+는/JX+회사/NNG+입사/NNG+하/XSV+고/EC+할인/NNG+받/VV+아서/EC+샀/VV+EP+다/EC"
          },
          {
            "id": 19,
            "text": "1 : 오 키키 그거 지인 할인도 있나?",
            "norm_text": "오 키키 그거 지인 할인도 있나?",
            "speaker": {
              "id": "1번",
              "sex": "여성",
              "age": "20대"
            },
            "speechAct": "(지시) 질문하기",
            "morpheme": "오키/NNP+키/NNG+그거/NP+지인/NNG+할인/NNG+도/JX+있/VA+나/EF"
          },
          {
            "id": 20,
            "text": "2 : 직원 할인 받았지 키키",
            "norm_text": "직원 할인 받았지 키키",
            "speaker": {
              "id": "2번",
              "sex": "남성",
              "age": "10대"
            },
            "speechAct": "(단언) 진술하기",
            "morpheme": "직원/NNG+할인/NNG+받/VV+았/EP+지/EC+키/NNG+키/XSV+ETN"
          }
        ]
      }
    }
  ]
}