{
  "dataset": {
    "identifier": 62503,
    "name": "KAKAO_922_01_set",
    "src_path": "/data/file/cubeManager/PROJECT001/53/txt20211005154147052148/KAKAO_922_01_set/",
    "label_path": "/data/file/cubeManager/PROJECT001/53/txt20211005154147052148/KAKAO_922_01_set/",
    "category": 2,
    "type": 0
  },
  "licenses": {
    "name": "Apache License 1.0",
    "url": "http://www.apache.org/licenses/LICENSE-1.0"
  },
  "info": [
    {
      "id": 41638,
      "filename": "KAKAO_922_01.txt",
      "title": "KAKAO_922_01",
      "mediatype": "SNS",
      "medianame": "카카오톡",
      "category": "일상대화",
      "date": "2021-10-05",
      "size": 558,
      "annotations": {
        "subject": "식음료",
        "speaker_type": "1:1",
        "size": 558,
        "word_size": 177,
        "text": "1 : 너는 맛집 찾아가는 거 좋아해? 키키\n2 : 응 맛있는 건 늘 옳지! 찾아가는 거 잼땅\n1 : 키키 가서 기다려야 해도 기다리는 편이야? 키키\n2 : 음... 너무 긴 시간이 아니라면? 배가 얼마나 고프냐에 또 다르지!\n1 : 키키 오... 신기하네 ㅜㅜ 나는 그러면 그냥 옆집 가는데 키키\n2 : 딱 여기 갈 거다 찾아서 가는 경우라면! 키키 말도 안 되게 1시간 이러면... 못 기다리지 ㅠㅠ\n1 : 아아 키키 나는 먹는 거에 별 관심이 없나 봐\n2 : 헐... 설마! 회 좋아하잖아 니도?\n1 : 응? 키키 나 회 안 먹어 키키 날 것 안 먹는다\n2 : 오잉? 나 예전에 너희 집 갔을 때 회 시켰었잖아?\n1 : 응? 키키 그때 너 내 친구랑만 먹었잖아... 키키\n2 : 아... 닌 다른 반찬만 먹었었재... 회가 얼마나 맛있는데 ㅠㅠ\n1 : ㅜㅜ 그거 너무... 고무 먹는 느낌이고 아무 맛이 없더만\n2 : 고무라니 ㅠㅠ... 어떤 부위 뭐 뭐 먹어 봤길랭...\n1 : 키키 그냥 회라고 하는 것들 몇 개 먹어봤지 키키 다 똑같아\n2 : 흠... 생선 종류마다 맛이 완전히 다른데... 찐맛을 알려주고 싶구만",
        "lines": [
          {
            "id": 1,
            "text": "1 : 너는 맛집 찾아가는 거 좋아해? 키키",
            "norm_text": "너는 맛집 찾아가는 거 좋아해? 키키",
            "speaker": {
              "id": "1번",
              "sex": "여성",
              "age": "30대"
            },
            "speechAct": "(지시) 질문하기",
            "morpheme": "너/NP+는/JX+맛집/NNG+찾아가/VV+는/ETM+거/NNB+좋/VA+아/EC+해/VX+EF+키/NNG+키/XSV+ETN"
          },
          {
            "id": 2,
            "text": "2 : 응 맛있는 건 늘 옳지! 찾아가는 거 잼땅",
            "norm_text": "응 맛있는 건 늘 옳지! 찾아가는 거 잼땅",
            "speaker": {
              "id": "2번",
              "sex": "여성",
              "age": "30대"
            },
            "speechAct": "(단언) 주장하기",
            "morpheme": "응/IC+맛있/VA+는/ETM+건/NNB+JX+늘/MAG+옳/VA+지/EF+찾아가/VV+는/ETM+거/NNB+잼/NNG+땅/NNG"
          },
          {
            "id": 3,
            "text": "1 : 키키 가서 기다려야 해도 기다리는 편이야? 키키",
            "norm_text": "키키 가서 기다려야 해도 기다리는 편이야? 키키",
            "speaker": {
              "id": "1번",
              "sex": "여성",
              "age": "30대"
            },
            "speechAct": "(지시) 질문하기",
            "morpheme": "키/NNG+키/XSV+ETN+가/VV+서/EC+기다려야/VV+EC+해도/VV+EC+기다리/VV+는/ETM+편/NNB+이/VCP+야/EF+키/NNG+키/XSV+ETN"
          },
          {
            "id": 4,
            "text": "2 : 음... 너무 긴 시간이 아니라면? 배가 얼마나 고프냐에 또 다르지!",
            "norm_text": "음... 너무 긴 시간이 아니라면? 배가 얼마나 고프냐에 또 다르지!",
            "speaker": {
              "id": "2번",
              "sex": "여성",
              "age": "30대"
            },
            "speechAct": "(단언) 주장하기",
            "morpheme": "음/IC+./SY+너무/MAG+긴/VA+ETM+시간/NNG+이/JKC+아니/VCN+라면/EC+?/SY+배/NNG+가/JKS+얼마나/MAG+고프/VA+냐/EF+에/JKB+또/MAG+다르/VA+지/EF"
          },
          {
            "id": 5,
            "text": "1 : 키키 오... 신기하네 ㅜㅜ 나는 그러면 그냥 옆집 가는데 키키",
            "norm_text": "키키 오... 신기하네 ㅜㅜ 나는 그러면 그냥 옆집 가는데 키키",
            "speaker": {
              "id": "1번",
              "sex": "여성",
              "age": "30대"
            },
            "speechAct": "(단언) 주장하기",
            "morpheme": "키/NNG+키/VV+오/EF+./SY+신기/XR+하/XSA+네/EF+ㅜㅜ/UNKNOWN+나/NP+는/JX+그러/VV+면/EC+그냥/MAG+옆집/NNG+가/VV+는데/EC+키/NNG+키/XSV+ETN"
          },
          {
            "id": 6,
            "text": "2 : 딱 여기 갈 거다 찾아서 가는 경우라면! 키키 말도 안 되게 1시간 이러면... 못 기다리지 ㅠㅠ",
            "norm_text": "딱 여기 갈 거다 찾아서 가는 경우라면! 키키 말도 안 되게 1시간 이러면... 못 기다리지 ㅠㅠ",
            "speaker": {
              "id": "2번",
              "sex": "여성",
              "age": "30대"
            },
            "speechAct": "(단언) 주장하기",
            "morpheme": "딱/MAG+여기/NP+갈/VV+ETM+거/NNB+다/MAG+찾/VV+아서/EC+가/VX+는/ETM+경우/NNG+라면/VCP+EC+!/SY+키/NNG+키/NNG+말/NNG+도/JX+안/MAG+되게/MAG+1/SN+시간/NNBC+이러/VV+면/EC+./SY+./SY+못기다리지ㅠㅠ/UNKNOWN"
          },
          {
            "id": 7,
            "text": "1 : 아아 키키 나는 먹는 거에 별 관심이 없나 봐",
            "norm_text": "아아 키키 나는 먹는 거에 별 관심이 없나 봐",
            "speaker": {
              "id": "1번",
              "sex": "여성",
              "age": "30대"
            },
            "speechAct": "(단언) 주장하기",
            "morpheme": "아아/IC+키/NNG+키나/XSA+ETN+JX+는/JX+먹/VV+는/ETM+거/NNB+에/JKB+별/MM+관심/NNG+이/JKS+없/VA+나/EC+봐/VX+EC"
          },
          {
            "id": 8,
            "text": "2 : 헐... 설마! 회 좋아하잖아 니도?",
            "norm_text": "헐... 설마! 회 좋아하잖아 니도?",
            "speaker": {
              "id": "2번",
              "sex": "여성",
              "age": "30대"
            },
            "speechAct": "(지시) 질문하기",
            "morpheme": "헐/IC+./SY+설마/MAG+회좋아하잖아니도/UNKNOWN"
          },
          {
            "id": 9,
            "text": "1 : 응? 키키 나 회 안 먹어 키키 날 것 안 먹는다",
            "norm_text": "응? 키키 나 회 안 먹어 키키 날 것 안 먹는다",
            "speaker": {
              "id": "1번",
              "sex": "여성",
              "age": "30대"
            },
            "speechAct": "(단언) 진술하기",
            "morpheme": "응/IC+키/NNG+키나/XSA+ETN+JX+회/MAG+안/MAG+먹/VV+어/EC+키/NNG+키/XSV+ETN+날/VV+ETM+것/NNB+안/MAG+먹/VV+는다/EC"
          },
          {
            "id": 10,
            "text": "2 : 오잉? 나 예전에 너희 집 갔을 때 회 시켰었잖아?",
            "norm_text": "오잉? 나 예전에 너희 집 갔을 때 회 시켰었잖아?",
            "speaker": {
              "id": "2번",
              "sex": "여성",
              "age": "30대"
            },
            "speechAct": "(단언) 주장하기",
            "morpheme": "오잉/NNP+나/NP+예전/NNG+에/JKB+너희/NP+집/NNG+갔/VV+EP+을/ETM+때/NNG+회/NNG+시켰었/XSV+EP+잖아/EF"
          },
          {
            "id": 11,
            "text": "1 : 응? 키키 그때 너 내 친구랑만 먹었잖아... 키키",
            "norm_text": "응? 키키 그때 너 내 친구랑만 먹었잖아... 키키",
            "speaker": {
              "id": "1번",
              "sex": "여성",
              "age": "30대"
            },
            "speechAct": "(단언) 진술하기",
            "morpheme": "응/IC+키/NNG+키/NNG+그때/NNG+너/NP+내/NP+JKG+친구/NNG+랑/JKB+만/JX+먹/VV+었/EP+잖아/EF+./SY+키/NNG+키/XSV+ETN"
          },
          {
            "id": 12,
            "text": "2 : 아... 닌 다른 반찬만 먹었었재... 회가 얼마나 맛있는데 ㅠㅠ",
            "norm_text": "아... 닌 다른 반찬만 먹었었재... 회가 얼마나 맛있는데 ㅠㅠ",
            "speaker": {
              "id": "2번",
              "sex": "여성",
              "age": "30대"
            },
            "speechAct": "(단언) 주장하기",
            "morpheme": "아/IC+./SY+./SY+닌/NNP+다른/MM+반찬/NNG+만/JX+먹/VV+었었/EP+재/EF+./SY+회/NNG+가/JKS+얼마나/MAG+맛있/VA+는데/EC+ㅠㅠ/UNKNOWN"
          },
          {
            "id": 13,
            "text": "1 : ㅜㅜ 그거 너무... 고무 먹는 느낌이고 아무 맛이 없더만",
            "norm_text": "ㅜㅜ 그거 너무... 고무 먹는 느낌이고 아무 맛이 없더만",
            "speaker": {
              "id": "1번",
              "sex": "여성",
              "age": "30대"
            },
            "speechAct": "(단언) 주장하기",
            "morpheme": "ㅜㅜ그거너무/UNKNOWN+./SY+고무/NNG+먹/VV+는/ETM+느낌/NNG+이/VCP+고/EC+아무/MM+맛/NNG+이/JKS+없/VA+더만/EC"
          },
          {
            "id": 14,
            "text": "2 : 고무라니 ㅠㅠ... 어떤 부위 뭐 뭐 먹어 봤길랭...",
            "norm_text": "고무라니 ㅠㅠ... 어떤 부위 뭐 뭐 먹어 봤길랭...",
            "speaker": {
              "id": "2번",
              "sex": "여성",
              "age": "30대"
            },
            "speechAct": "(지시) 질문하기",
            "morpheme": "고무라니ㅠㅠ/UNKNOWN+./SY+어떤/MM+부위/NNG+뭐/IC+뭐/IC+먹/VV+어/EC+봤/VX+EP+길/ETN+JKO+랭/NNG+./SY+./SY"
          },
          {
            "id": 15,
            "text": "1 : 키키 그냥 회라고 하는 것들 몇 개 먹어봤지 키키 다 똑같아",
            "norm_text": "키키 그냥 회라고 하는 것들 몇 개 먹어봤지 키키 다 똑같아",
            "speaker": {
              "id": "1번",
              "sex": "여성",
              "age": "30대"
            },
            "speechAct": "(단언) 주장하기",
            "morpheme": "키/NNG+키/NNG+그냥/MAG+회/NNG+라고/VCP+EC+하/VV+는/ETM+것/NNB+들/XSN+몇/MM+개/NNBC+먹/VV+어/EC+봤/VX+EP+지/EC+키/NNG+키/NNG+다/MAG+똑같/VA+아/EC"
          },
          {
            "id": 16,
            "text": "2 : 흠... 생선 종류마다 맛이 완전히 다른데... 찐맛을 알려주고 싶구만",
            "norm_text": "흠... 생선 종류마다 맛이 완전히 다른데... 찐맛을 알려주고 싶구만",
            "speaker": {
              "id": "2번",
              "sex": "여성",
              "age": "30대"
            },
            "speechAct": "(단언) 주장하기",
            "morpheme": "흠/IC+./SY+생선/NNG+종류/NNG+마다/JX+맛/NNG+이/JKS+완전히/MAG+다른데/VA+EF+./SY+찐/VV+ETM+맛/NNG+을/JKO+알려/VV+EC+주/VX+고/EC+싶/VX+구만/EC"
          }
        ]
      }
    }
  ]
}