{
  "dataset": {
    "identifier": 56730,
    "name": "KAKAO_913_08_set",
    "src_path": "/data/file/cubeManager/PROJECT001/53/txt20211005161416013046/KAKAO_913_08_set/",
    "label_path": "/data/file/cubeManager/PROJECT001/53/txt20211005161416013046/KAKAO_913_08_set/",
    "category": 2,
    "type": 0
  },
  "licenses": {
    "name": "Apache License 1.0",
    "url": "http://www.apache.org/licenses/LICENSE-1.0"
  },
  "info": [
    {
      "id": 42005,
      "filename": "KAKAO_913_08.txt",
      "title": "KAKAO_913_08",
      "mediatype": "SNS",
      "medianame": "카카오톡",
      "category": "일상대화",
      "date": "2021-10-05",
      "size": 413,
      "annotations": {
        "subject": "연애/결혼",
        "speaker_type": "1:1",
        "size": 413,
        "word_size": 137,
        "text": "1 : 언니는 언제쯤 결혼하고 싶어?\n2 : 나는 원래 26살이 꿈이었어... 키키\n1 : 근데... 어... 그래 안타깝다 ㅠㅠ\n2 : 키키 시간이 지나서 할 생각이 없어졌어 ㅠ\n1 : 정말? 키키 그래도 주변 친구들 많이 가지 않아?\n2 : 그럴 땐 나도 하고 싶은데 막상 보면 아니야 키키\n1 : 그렇긴 해 명절만 봐도 알잖아 하하\n2 : 아이 키울 때가 가장 힘들어 보이더라 ㅠㅠ\n1 : 어 맞아 요즘 애 키우는데 돈이 장난 아니야\n2 : 돈도 돈이고 자유가 없어 보여 ㅠ\n1 : 그러게 허리 나갈 것 같던데 엄마들 대단해!\n2 : 지금은 편해져서 다행이지 키키\n2 : 예전엔... 으...\n1 : 그러면 언니는 비혼할 거야? 키키\n2 : 웅 좋은 사람 생기면 가지 뭐 하하\n1 : 근데 대신 애기는 안 가지는 걸로 ?\n2 : 음 그것도 한번 생각 해볼게 키키",
        "lines": [
          {
            "id": 1,
            "text": "1 : 언니는 언제쯤 결혼하고 싶어?",
            "norm_text": "언니는 언제쯤 결혼하고 싶어?",
            "speaker": {
              "id": "1번",
              "sex": "여성",
              "age": "20대"
            },
            "speechAct": "(지시) 질문하기",
            "morpheme": "언니/NNG+는/JX+언제/NP+쯤/XSN+결혼/NNG+하/XSV+고/EC+싶/VX+어/EF"
          },
          {
            "id": 2,
            "text": "2 : 나는 원래 26살이 꿈이었어... 키키",
            "norm_text": "나는 원래 26살이 꿈이었어... 키키",
            "speaker": {
              "id": "2번",
              "sex": "여성",
              "age": "20대"
            },
            "speechAct": "(단언) 주장하기",
            "morpheme": "나/NP+는/JX+원래/MAG+26/SN+살/NNBC+이/JKS+꿈/NNG+이/VCP+었/EP+어/EF+./SY+키/NNG+키/XSV+ETN"
          },
          {
            "id": 3,
            "text": "1 : 근데... 어... 그래 안타깝다 ㅠㅠ",
            "norm_text": "근데... 어... 그래 안타깝다 ㅠㅠ",
            "speaker": {
              "id": "1번",
              "sex": "여성",
              "age": "20대"
            },
            "speechAct": "(단언) 주장하기",
            "morpheme": "근데/MAJ+./SY+어/IC+./SY+그래안타깝다ㅠㅠ/UNKNOWN"
          },
          {
            "id": 4,
            "text": "2 : 키키 시간이 지나서 할 생각이 없어졌어 ㅠ",
            "norm_text": "키키 시간이 지나서 할 생각이 없어졌어 ㅠ",
            "speaker": {
              "id": "2번",
              "sex": "여성",
              "age": "20대"
            },
            "speechAct": "(단언) 주장하기",
            "morpheme": "키/NNG+키/NNG+시간/NNG+이/JKS+지나/VV+서/EC+할/VX+ETM+생각/NNG+이/JKS+없/VA+어/EC+졌/VX+EP+어ㅠ/UNKNOWN"
          },
          {
            "id": 5,
            "text": "1 : 정말? 키키 그래도 주변 친구들 많이 가지 않아?",
            "norm_text": "정말? 키키 그래도 주변 친구들 많이 가지 않아?",
            "speaker": {
              "id": "1번",
              "sex": "여성",
              "age": "20대"
            },
            "speechAct": "(지시) 질문하기",
            "morpheme": "정말/MAG+키/NNG+키/XSV+ETN+그래도/MAJ+주변/NNG+친구/NNG+들/XSN+많이/MAG+가/VV+지/EC+않/VX+아/EF"
          },
          {
            "id": 6,
            "text": "2 : 그럴 땐 나도 하고 싶은데 막상 보면 아니야 키키",
            "norm_text": "그럴 땐 나도 하고 싶은데 막상 보면 아니야 키키",
            "speaker": {
              "id": "2번",
              "sex": "여성",
              "age": "20대"
            },
            "speechAct": "(단언) 주장하기",
            "morpheme": "그럴/VA+ETM+땐/NNG+JX+나/NP+도/JX+하/VV+고/EC+싶/VX+은데/EC+막상/MAG+보/VV+면/EC+아니/VCN+야/EC+키/NNG+키/XSV+ETN"
          },
          {
            "id": 7,
            "text": "1 : 그렇긴 해 명절만 봐도 알잖아 하하",
            "norm_text": "그렇긴 해 명절만 봐도 알잖아 하하",
            "speaker": {
              "id": "1번",
              "sex": "여성",
              "age": "20대"
            },
            "speechAct": "(단언) 주장하기",
            "morpheme": "그렇/VA+긴/ETN+JX+해/VX+EC+명절/NNG+만/JX+봐도/VV+EC+알/VV+잖아/EC+하하/MAG"
          },
          {
            "id": 8,
            "text": "2 : 아이 키울 때가 가장 힘들어 보이더라 ㅠㅠ",
            "norm_text": "아이 키울 때가 가장 힘들어 보이더라 ㅠㅠ",
            "speaker": {
              "id": "2번",
              "sex": "여성",
              "age": "20대"
            },
            "speechAct": "(단언) 진술하기",
            "morpheme": "아이/NNG+키울/VV+ETM+때/NNG+가/JKS+가장/MAG+힘들/VA+어/EC+보이/VV+더라/EF+ㅠㅠ/UNKNOWN"
          },
          {
            "id": 9,
            "text": "1 : 어 맞아 요즘 애 키우는데 돈이 장난 아니야",
            "norm_text": "어 맞아 요즘 애 키우는데 돈이 장난 아니야",
            "speaker": {
              "id": "1번",
              "sex": "여성",
              "age": "20대"
            },
            "speechAct": "(단언) 주장하기",
            "morpheme": "어/IC+맞아/IC+요즘/MAG+애/NNG+키우/VV+는데/EC+돈/NNG+이/JKS+장난/NNG+아니/VCN+야/EC"
          },
          {
            "id": 10,
            "text": "2 : 돈도 돈이고 자유가 없어 보여 ㅠ",
            "norm_text": "돈도 돈이고 자유가 없어 보여 ㅠ",
            "speaker": {
              "id": "2번",
              "sex": "여성",
              "age": "20대"
            },
            "speechAct": "(단언) 진술하기",
            "morpheme": "돈/NNG+도/JX+돈/NNG+이/VCP+고/EC+자유/NNG+가/JKS+없/VA+어/EC+보여/VV+EC+ㅠ/UNKNOWN"
          },
          {
            "id": 11,
            "text": "1 : 그러게 허리 나갈 것 같던데 엄마들 대단해!",
            "norm_text": "그러게 허리 나갈 것 같던데 엄마들 대단해!",
            "speaker": {
              "id": "1번",
              "sex": "여성",
              "age": "20대"
            },
            "speechAct": "(단언) 주장하기",
            "morpheme": "그러/VV+게/EC+허리/NNG+나갈/VV+ETM+것/NNB+같/VA+던데/EC+엄마/NNG+들/XSN+대단/XR+해/XSA+EF"
          },
          {
            "id": 12,
            "text": "2 : 지금은 편해져서 다행이지 키키",
            "norm_text": "지금은 편해져서 다행이지 키키",
            "speaker": {
              "id": "2번",
              "sex": "여성",
              "age": "20대"
            },
            "speechAct": "(단언) 주장하기",
            "morpheme": "지금/MAG+은/JX+편해/VA+EC+져서/VX+EC+다행/NNG+이/VCP+지/EC+키/NNG+키/XSV+ETN"
          },
          {
            "id": 13,
            "text": "2 : 예전엔... 으...",
            "norm_text": "예전엔... 으...",
            "speaker": {
              "id": "2번",
              "sex": "여성",
              "age": "20대"
            },
            "speechAct": "(단언) 주장하기",
            "morpheme": "예전/NNG+엔/JKB+JX+./SY+으/IC+./SY"
          },
          {
            "id": 14,
            "text": "1 : 그러면 언니는 비혼할 거야? 키키",
            "norm_text": "그러면 언니는 비혼할 거야? 키키",
            "speaker": {
              "id": "1번",
              "sex": "여성",
              "age": "20대"
            },
            "speechAct": "(지시) 질문하기",
            "morpheme": "그러면/MAJ+언니/NNG+는/JX+비/XPN+혼/NNG+할/XSV+ETM+거/NNB+야/VCP+EF+키/NNG+키/XSV+ETN"
          },
          {
            "id": 15,
            "text": "2 : 웅 좋은 사람 생기면 가지 뭐 하하",
            "norm_text": "웅 좋은 사람 생기면 가지 뭐 하하",
            "speaker": {
              "id": "2번",
              "sex": "여성",
              "age": "20대"
            },
            "speechAct": "(단언) 주장하기",
            "morpheme": "웅/IC+좋/VA+은/ETM+사람/NNG+생기/VV+면/EC+가지/VX+뭐/IC+하하/MAG"
          },
          {
            "id": 16,
            "text": "1 : 근데 대신 애기는 안 가지는 걸로 ?",
            "norm_text": "근데 대신 애기는 안 가지는 걸로 ?",
            "speaker": {
              "id": "1번",
              "sex": "여성",
              "age": "20대"
            },
            "speechAct": "(지시) 질문하기",
            "morpheme": "근데/MAJ+대신/NNG+애기/NNG+는/JX+안/MAG+가지/VV+는/ETM+걸로/NNB+JKB"
          },
          {
            "id": 17,
            "text": "2 : 음 그것도 한번 생각 해볼게 키키",
            "norm_text": "음 그것도 한번 생각 해볼게 키키",
            "speaker": {
              "id": "2번",
              "sex": "여성",
              "age": "20대"
            },
            "speechAct": "(단언) 주장하기",
            "morpheme": "음/IC+그것/NP+도/JX+한/MM+번/NNBC+생각/NNG+해볼/XSV+EC+VX+ETM+게/NNB+JKS+키/NNG+키/XSV+ETN"
          }
        ]
      }
    }
  ]
}