{
  "dataset": {
    "identifier": 58292,
    "name": "KAKAO_999_11_set",
    "src_path": "/data/file/cubeManager/PROJECT001/53/txt20211006140325049664/KAKAO_999_11_set/",
    "label_path": "/data/file/cubeManager/PROJECT001/53/txt20211006140325049664/KAKAO_999_11_set/",
    "category": 2,
    "type": 0
  },
  "licenses": {
    "name": "Apache License 1.0",
    "url": "http://www.apache.org/licenses/LICENSE-1.0"
  },
  "info": [
    {
      "id": 45242,
      "filename": "KAKAO_999_11.txt",
      "title": "KAKAO_999_11",
      "mediatype": "SNS",
      "medianame": "카카오톡",
      "category": "일상대화",
      "date": "2021-10-06",
      "size": 387,
      "annotations": {
        "subject": "게임",
        "speaker_type": "1:1",
        "size": 387,
        "word_size": 129,
        "text": "1 : 요새 오징어 게임 히트잖아 봤어?\n2 : 아니 나 넷플은 안 써서 클립만 봤어\n1 : 뭔가 잔인한데 볼 만한 것 같아!\n2 : 만약에 언니한테 그 제안 오면 할 거야?\n1 : 돈 생각하면 할 것 같긴 해 키키\n2 : 근데 탈락하면 그 자리에서 죽어야 되잖아\n1 : 그건 맞아 그래서 그 생각하면 못해\n2 : 되게 모순적이라고 생각해\n1 : 그치 돈을 위해서 목숨까지 바친다니...\n2 : 그러니깐 돈이 젤 최강자인가 봐\n1 : 그렇지 너는 제안 오면 할 거야?\n2 : 나는 뭔가 그렇게 죽고 싶지는 않아\n1 : 하긴 고작 그 게임 한판에 목숨을 건다는 게 쉬운 건 아니지\n2 : 맞아 진짜 인정사정없이 죽이던데\n1 : 그니깐 나 보고 진짜 놀랐어\n2 : 근데 그 사람들 집에 갔다가 다시 게임에 참관하잖아...!",
        "lines": [
          {
            "id": 1,
            "text": "1 : 요새 오징어 게임 히트잖아 봤어?",
            "norm_text": "요새 오징어 게임 히트잖아 봤어?",
            "speaker": {
              "id": "1번",
              "sex": "여성",
              "age": "20대"
            },
            "speechAct": "(지시) 질문하기",
            "morpheme": "요새/NNG+오징어/NNG+게임/NNG+히트/NNG+잖아/VCP+EC+VX+EC+봤/VX+EP+어/EF"
          },
          {
            "id": 2,
            "text": "2 : 아니 나 넷플은 안 써서 클립만 봤어",
            "norm_text": "아니 나 넷플은 안 써서 클립만 봤어",
            "speaker": {
              "id": "2번",
              "sex": "여성",
              "age": "20대"
            },
            "speechAct": "(단언) 진술하기",
            "morpheme": "아니/IC+나/NP+넷/NR+플/NNG+은/JX+안/MAG+써서/VV+EC+클립/NNG+만/JX+봤/VV+EP+어/EC"
          },
          {
            "id": 3,
            "text": "1 : 뭔가 잔인한데 볼 만한 것 같아!",
            "norm_text": "뭔가 잔인한데 볼 만한 것 같아!",
            "speaker": {
              "id": "1번",
              "sex": "여성",
              "age": "20대"
            },
            "speechAct": "(단언) 주장하기",
            "morpheme": "뭔가/NP+VCP+EC+잔인/XR+한/XSA+ETM+데/NNB+볼/VV+ETM+만/NNB+한/XSA+ETM+것/NNB+같/VA+아/EF"
          },
          {
            "id": 4,
            "text": "2 : 만약에 언니한테 그 제안 오면 할 거야?",
            "norm_text": "만약에 언니한테 그 제안 오면 할 거야?",
            "speaker": {
              "id": "2번",
              "sex": "여성",
              "age": "20대"
            },
            "speechAct": "(지시) 질문하기",
            "morpheme": "만약/NNG+에/JKB+언니/NNG+한테/JKB+그제/MAG+안/MAG+오/VV+면/EC+할/VX+ETM+거/NNB+야/VCP+EF"
          },
          {
            "id": 5,
            "text": "1 : 돈 생각하면 할 것 같긴 해 키키",
            "norm_text": "돈 생각하면 할 것 같긴 해 키키",
            "speaker": {
              "id": "1번",
              "sex": "여성",
              "age": "20대"
            },
            "speechAct": "(단언) 주장하기",
            "morpheme": "돈/NNG+생각/NNG+하/XSV+면/EC+할/VX+ETM+것/NNB+같/VA+긴/ETN+JX+해/VX+EC+키/NNG+키/XSV+ETN"
          },
          {
            "id": 6,
            "text": "2 : 근데 탈락하면 그 자리에서 죽어야 되잖아",
            "norm_text": "근데 탈락하면 그 자리에서 죽어야 되잖아",
            "speaker": {
              "id": "2번",
              "sex": "여성",
              "age": "20대"
            },
            "speechAct": "(단언) 진술하기",
            "morpheme": "근데/MAJ+탈락/NNG+하/XSV+면/EC+그/MM+자리/NNG+에서/JKB+죽/VV+어야/EC+되/VV+잖아/EC"
          },
          {
            "id": 7,
            "text": "1 : 그건 맞아 그래서 그 생각하면 못해",
            "norm_text": "그건 맞아 그래서 그 생각하면 못해",
            "speaker": {
              "id": "1번",
              "sex": "여성",
              "age": "20대"
            },
            "speechAct": "(단언) 주장하기",
            "morpheme": "그건/NP+JX+맞/VV+아/EC+그래서/MAJ+그/MM+생각/NNG+하/XSV+면/EC+못해/VX+EC"
          },
          {
            "id": 8,
            "text": "2 : 되게 모순적이라고 생각해",
            "norm_text": "되게 모순적이라고 생각해",
            "speaker": {
              "id": "2번",
              "sex": "여성",
              "age": "20대"
            },
            "speechAct": "(단언) 주장하기",
            "morpheme": "되게/MAG+모순/NNG+적/XSN+이/VCP+라고/EC+생각/NNG+해/XSV+EC"
          },
          {
            "id": 9,
            "text": "1 : 그치 돈을 위해서 목숨까지 바친다니...",
            "norm_text": "그치 돈을 위해서 목숨까지 바친다니...",
            "speaker": {
              "id": "1번",
              "sex": "여성",
              "age": "20대"
            },
            "speechAct": "(단언) 진술하기",
            "morpheme": "그치/IC+돈/NNG+을/JKO+위해서/VV+EC+목숨/NNG+까지/JX+바친/VV+ETM+다니/EF+./SY"
          },
          {
            "id": 10,
            "text": "2 : 그러니깐 돈이 젤 최강자인가 봐",
            "norm_text": "그러니깐 돈이 젤 최강자인가 봐",
            "speaker": {
              "id": "2번",
              "sex": "여성",
              "age": "20대"
            },
            "speechAct": "(단언) 진술하기",
            "morpheme": "그러니깐/MAJ+돈/NNG+이/JKS+젤/MAG+최강/NNG+자/XSN+인가/VCP+EC+봐/VX+EC"
          },
          {
            "id": 11,
            "text": "1 : 그렇지 너는 제안 오면 할 거야?",
            "norm_text": "그렇지 너는 제안 오면 할 거야?",
            "speaker": {
              "id": "1번",
              "sex": "여성",
              "age": "20대"
            },
            "speechAct": "(지시) 질문하기",
            "morpheme": "그렇/VA+지/EF+너/NP+는/JX+제안/NNG+오/VV+면/EC+할/VX+ETM+거/NNB+야/VCP+EF"
          },
          {
            "id": 12,
            "text": "2 : 나는 뭔가 그렇게 죽고 싶지는 않아",
            "norm_text": "나는 뭔가 그렇게 죽고 싶지는 않아",
            "speaker": {
              "id": "2번",
              "sex": "여성",
              "age": "20대"
            },
            "speechAct": "(단언) 주장하기",
            "morpheme": "나/NP+는/JX+뭔가/NP+VCP+EC+그렇게/MAG+죽/VV+고/EC+싶/VX+지/EC+는/JX+않/VX+아/EC"
          },
          {
            "id": 13,
            "text": "1 : 하긴 고작 그 게임 한판에 목숨을 건다는 게 쉬운 건 아니지",
            "norm_text": "하긴 고작 그 게임 한판에 목숨을 건다는 게 쉬운 건 아니지",
            "speaker": {
              "id": "1번",
              "sex": "여성",
              "age": "20대"
            },
            "speechAct": "(단언) 주장하기",
            "morpheme": "하긴/MAJ+고작/MAG+그게/NP+JKS+임한/VV+ETM+판/NNB+에/JKB+목숨/NNG+을/JKO+건다는/VV+ETM+게/NNB+JKS+쉬운/VA+ETM+건/NNB+JX+아니/VCN+지/EC"
          },
          {
            "id": 14,
            "text": "2 : 맞아 진짜 인정사정없이 죽이던데",
            "norm_text": "맞아 진짜 인정사정없이 죽이던데",
            "speaker": {
              "id": "2번",
              "sex": "여성",
              "age": "20대"
            },
            "speechAct": "(단언) 진술하기",
            "morpheme": "맞/VV+아/EC+진짜/MAG+인정사정없이/MAG+죽이/VV+던데/EC"
          },
          {
            "id": 15,
            "text": "1 : 그니깐 나 보고 진짜 놀랐어",
            "norm_text": "그니깐 나 보고 진짜 놀랐어",
            "speaker": {
              "id": "1번",
              "sex": "여성",
              "age": "20대"
            },
            "speechAct": "(단언) 주장하기",
            "morpheme": "그니깐/MAJ+나/NP+보고/JKB+진짜/MAG+놀랐/VV+EP+어/EC"
          },
          {
            "id": 16,
            "text": "2 : 근데 그 사람들 집에 갔다가 다시 게임에 참관하잖아...!",
            "norm_text": "근데 그 사람들 집에 갔다가 다시 게임에 참관하잖아...!",
            "speaker": {
              "id": "2번",
              "sex": "여성",
              "age": "20대"
            },
            "speechAct": "(단언) 진술하기",
            "morpheme": "근데/MAJ+그/MM+사람/NNG+들/XSN+집/NNG+에/JKB+갔/VV+EP+다가/EC+다시/MAG+게임/NNG+에/JKB+참관/NNG+하/XSV+잖아/EC+VX+EF+./SY+./SY"
          }
        ]
      }
    }
  ]
}