{
  "dataset": {
    "identifier": 49724,
    "name": "KAKAO_957_05_set",
    "src_path": "/data/file/cubeManager/PROJECT001/53/txt20211005163716030194/KAKAO_957_05_set/",
    "label_path": "/data/file/cubeManager/PROJECT001/53/txt20211005163716030194/KAKAO_957_05_set/",
    "category": 2,
    "type": 0
  },
  "licenses": {
    "name": "Apache License 1.0",
    "url": "http://www.apache.org/licenses/LICENSE-1.0"
  },
  "info": [
    {
      "id": 42663,
      "filename": "KAKAO_957_05.txt",
      "title": "KAKAO_957_05",
      "mediatype": "SNS",
      "medianame": "카카오톡",
      "category": "일상대화",
      "date": "2021-10-05",
      "size": 421,
      "annotations": {
        "subject": "군대",
        "speaker_type": "1:1",
        "size": 421,
        "word_size": 138,
        "text": "1 : 오빠 특전사 종류 알았어요?\n1 : 저 강철부대 보고 암 키키\n2 : 키키 나도 그렇게 자세히는 몰랐어\n1 : 오? 키키 남자들도 모르는군요?\n2 : 키키 별로 관심이 없었어서\n1 : 오호 키키 진짜 강철부대 보니까 신기한 부대 많더라고요\n2 : 맞아 키키 진짜 신기하더라 멋지던데\n1 : 글쵸 오빠도 그 프로 봤어요? 키키\n2 : 아니 보다 말았어 키키 그런 거 챙겨 보는 스타일 아니라서\n1 : 아? 키키 오빠 꾸준히 보는 건 그알밖에 없군요? 키키\n2 : 키키 이이 나는 그알 말고는\n1 : 키키 이이 오빠 말투 너무 웃겨요 키키\n2 : 키키 아니 무도 안 봤나 키키\n1 : 어 저 무도 잘 안 봤는데 거기 말투예요? 키키\n2 : 거기서 노홍철이 이이 야야 이거 했거든\n1 : 키키 그걸 여태까지 따라하는구나... 키키\n2 : 키키 그때 보고 따라하다가 입에 붙어버렸어",
        "lines": [
          {
            "id": 1,
            "text": "1 : 오빠 특전사 종류 알았어요?",
            "norm_text": "오빠 특전사 종류 알았어요?",
            "speaker": {
              "id": "1번",
              "sex": "여성",
              "age": "20대"
            },
            "speechAct": "(지시) 질문하기",
            "morpheme": "오빠/NNG+특전/NNG+사/NR+종류/NNBC+알/VV+았/EP+어요/EF"
          },
          {
            "id": 2,
            "text": "1 : 저 강철부대 보고 암 키키",
            "norm_text": "저 강철부대 보고 암 키키",
            "speaker": {
              "id": "1번",
              "sex": "여성",
              "age": "20대"
            },
            "speechAct": "(단언) 진술하기",
            "morpheme": "저/MM+강철/NNG+부대/NNG+보고/JKB+암/NNG+키/NNG+키/XSV+ETN"
          },
          {
            "id": 3,
            "text": "2 : 키키 나도 그렇게 자세히는 몰랐어",
            "norm_text": "키키 나도 그렇게 자세히는 몰랐어",
            "speaker": {
              "id": "2번",
              "sex": "남성",
              "age": "20대"
            },
            "speechAct": "(단언) 주장하기",
            "morpheme": "키/NNG+키나/XSA+ETN+JX+도/JX+그렇/VA+게/EC+자세히/MAG+는/JX+몰랐/VV+EP+어/EC"
          },
          {
            "id": 4,
            "text": "1 : 오? 키키 남자들도 모르는군요?",
            "norm_text": "오? 키키 남자들도 모르는군요?",
            "speaker": {
              "id": "1번",
              "sex": "여성",
              "age": "20대"
            },
            "speechAct": "(지시) 질문하기",
            "morpheme": "오/IC+키/NNG+키/NNG+남자/NNG+들/XSN+도/JX+모르/VV+는군요/EF"
          },
          {
            "id": 5,
            "text": "2 : 키키 별로 관심이 없었어서",
            "norm_text": "키키 별로 관심이 없었어서",
            "speaker": {
              "id": "2번",
              "sex": "남성",
              "age": "20대"
            },
            "speechAct": "(단언) 주장하기",
            "morpheme": "키/NNG+키/NNG+별/XSN+로/JKB+관심/NNG+이/JKS+없/VA+었/EP+어서/EC"
          },
          {
            "id": 6,
            "text": "1 : 오호 키키 진짜 강철부대 보니까 신기한 부대 많더라고요",
            "norm_text": "오호 키키 진짜 강철부대 보니까 신기한 부대 많더라고요",
            "speaker": {
              "id": "1번",
              "sex": "여성",
              "age": "20대"
            },
            "speechAct": "(단언) 진술하기",
            "morpheme": "오호/IC+키/NNG+키/XSV+ETN+진짜/MAG+강철/NNG+부대/NNG+보/VV+니까/EC+신기/XR+한/XSA+ETM+부대/NNG+많/VA+더라고요/EC"
          },
          {
            "id": 7,
            "text": "2 : 맞아 키키 진짜 신기하더라 멋지던데",
            "norm_text": "맞아 키키 진짜 신기하더라 멋지던데",
            "speaker": {
              "id": "2번",
              "sex": "남성",
              "age": "20대"
            },
            "speechAct": "(단언) 주장하기",
            "morpheme": "맞/VV+아/EC+키/NNG+키/XSV+ETN+진짜/MAG+신기/XR+하/XSA+더라/EC+멋지/VV+던데/EC"
          },
          {
            "id": 8,
            "text": "1 : 글쵸 오빠도 그 프로 봤어요? 키키",
            "norm_text": "글쵸 오빠도 그 프로 봤어요? 키키",
            "speaker": {
              "id": "1번",
              "sex": "여성",
              "age": "20대"
            },
            "speechAct": "(지시) 질문하기",
            "morpheme": "글/NNG+쵸/NNG+오빠/NNG+도/JX+그/MM+프로/NNG+봤/VV+EP+어요/EF+키/NNG+키/XSV+ETN"
          },
          {
            "id": 9,
            "text": "2 : 아니 보다 말았어 키키 그런 거 챙겨 보는 스타일 아니라서",
            "norm_text": "아니 보다 말았어 키키 그런 거 챙겨 보는 스타일 아니라서",
            "speaker": {
              "id": "2번",
              "sex": "남성",
              "age": "20대"
            },
            "speechAct": "(단언) 진술하기",
            "morpheme": "아니/MAG+보/VV+다/EC+말/VX+았/EP+어/EC+키키/NNP+그런/MM+거/NNB+챙겨/VV+EC+보/VX+는/ETM+스타일/NNG+아니/VCN+라서/EC"
          },
          {
            "id": 10,
            "text": "1 : 아? 키키 오빠 꾸준히 보는 건 그알밖에 없군요? 키키",
            "norm_text": "아? 키키 오빠 꾸준히 보는 건 그알밖에 없군요? 키키",
            "speaker": {
              "id": "1번",
              "sex": "여성",
              "age": "20대"
            },
            "speechAct": "(지시) 질문하기",
            "morpheme": "아/IC+키/NNG+키/NNG+오빠/NNG+꾸준히/MAG+보/VV+는/ETM+건/NNB+JX+그/MM+알/NNG+밖에/JX+없/VA+군요/EF+키/NNG+키/XSV+ETN"
          },
          {
            "id": 11,
            "text": "2 : 키키 이이 나는 그알 말고는",
            "norm_text": "키키 이이 나는 그알 말고는",
            "speaker": {
              "id": "2번",
              "sex": "남성",
              "age": "20대"
            },
            "speechAct": "(단언) 주장하기",
            "morpheme": "키키/NNP+이이/NNP+나/NP+는/JX+그/MM+알/NNG+말/VV+고는/EC"
          },
          {
            "id": 12,
            "text": "1 : 키키 이이 오빠 말투 너무 웃겨요 키키",
            "norm_text": "키키 이이 오빠 말투 너무 웃겨요 키키",
            "speaker": {
              "id": "1번",
              "sex": "여성",
              "age": "20대"
            },
            "speechAct": "(단언) 주장하기",
            "morpheme": "키키/NNP+이이/NNP+오빠/NNG+말투/NNG+너무/MAG+웃겨/VV+EC+요키/NNP+키/NNG"
          },
          {
            "id": 13,
            "text": "2 : 키키 아니 무도 안 봤나 키키",
            "norm_text": "키키 아니 무도 안 봤나 키키",
            "speaker": {
              "id": "2번",
              "sex": "남성",
              "age": "20대"
            },
            "speechAct": "(지시) 질문하기",
            "morpheme": "키/NNG+키/XSV+ETN+아니/VCN+무/EC+도/JX+안/MAG+봤/VV+EP+나/EC+키/NNG+키/XSV+ETN"
          },
          {
            "id": 14,
            "text": "1 : 어 저 무도 잘 안 봤는데 거기 말투예요? 키키",
            "norm_text": "어 저 무도 잘 안 봤는데 거기 말투예요? 키키",
            "speaker": {
              "id": "1번",
              "sex": "여성",
              "age": "20대"
            },
            "speechAct": "(지시) 질문하기",
            "morpheme": "어/IC+저/MM+무도/NNG+잘/MAG+안/MAG+봤/VV+EP+는데/EC+거기/NP+말투/NNG+예요/VCP+EF+키/NNG+키/XSV+ETN"
          },
          {
            "id": 15,
            "text": "2 : 거기서 노홍철이 이이 야야 이거 했거든",
            "norm_text": "거기서 노홍철이 이이 야야 이거 했거든",
            "speaker": {
              "id": "2번",
              "sex": "남성",
              "age": "20대"
            },
            "speechAct": "(단언) 진술하기",
            "morpheme": "거기/NP+서/JKB+노홍철/NNP+이/JKS+이이/NP+야/VCP+EF+야/IC+이거/NP+했/VV+EP+거든/EC"
          },
          {
            "id": 16,
            "text": "1 : 키키 그걸 여태까지 따라하는구나... 키키",
            "norm_text": "키키 그걸 여태까지 따라하는구나... 키키",
            "speaker": {
              "id": "1번",
              "sex": "여성",
              "age": "20대"
            },
            "speechAct": "(단언) 주장하기",
            "morpheme": "키/NNG+키/XSV+ETN+그걸/NP+JKO+여태/MAG+까지/JX+따라/VV+EC+하/VX+는구나/EF+./SY+키/NNG+키/XSV+ETN"
          },
          {
            "id": 17,
            "text": "2 : 키키 그때 보고 따라하다가 입에 붙어버렸어",
            "norm_text": "키키 그때 보고 따라하다가 입에 붙어버렸어",
            "speaker": {
              "id": "2번",
              "sex": "남성",
              "age": "20대"
            },
            "speechAct": "(단언) 진술하기",
            "morpheme": "키/NNG+키/NNG+그때/NNG+보/VV+고/EC+따라/VV+EC+하/VV+다가/EC+입/NNG+에/JKB+붙/VV+어/EC+버렸/VX+EP+어/EC"
          }
        ]
      }
    }
  ]
}