{
  "dataset": {
    "identifier": 69100,
    "name": "KAKAO_926_15_set",
    "src_path": "/data/file/cubeManager/PROJECT001/53/txt20211005155741005238/KAKAO_926_15_set/",
    "label_path": "/data/file/cubeManager/PROJECT001/53/txt20211005155741005238/KAKAO_926_15_set/",
    "category": 2,
    "type": 0
  },
  "licenses": {
    "name": "Apache License 1.0",
    "url": "http://www.apache.org/licenses/LICENSE-1.0"
  },
  "info": [
    {
      "id": 41832,
      "filename": "KAKAO_926_15.txt",
      "title": "KAKAO_926_15",
      "mediatype": "SNS",
      "medianame": "카카오톡",
      "category": "일상대화",
      "date": "2021-10-05",
      "size": 897,
      "annotations": {
        "subject": "타 국가 이슈",
        "speaker_type": "다자간 대화",
        "size": 897,
        "word_size": 282,
        "text": "1 : 야야 동성 결혼제 합법화 하는 거 아냐?\n2 : 아 진짜? 이미 합법화 된 줄\n3 : 나도,... 이제 합법화였어?\n3 : 맨날 동성결혼은 미국 가야 돼 그랬는데 키키\n1 : 키키 맞아 근데 진짜 올해 들어 동성결혼 낙태 허용 이런 거 얘기 많이 나오더라\n2 : 키키 그니까 근데 미국도 크리스찬이 역사가 깊어서 은근 우리보다 보수적인 부분 많대\n3 : 낙태는 합법화가 아니야 죄가 아닐 뿐이지,\n1 : 낙태 지금 합법화하지 않음?\n2 : 그러게 그게 우리나라에서만 합법화인가?\n3 : 합법화가 아니라 낙태죄가 폐지된 거야 합법은 아님\n1 : 아 진짜? 몰랐네 난 낙태죄가 폐지됐으니까 합법인 건 줄 알았어\n2 : 아아 그런 겨? 복잡하네… 어렵다 어려워\n3 : 나도 합법인 줄 알았는데 아직은 합법은 아니래\n3 : 그냥 죄가 아닐 뿐이지 아직 합법의 길은 멀어 법이 다시 제정되어야 한대 ㅠ\n1 : 그럼 미국도 낙태는 불법인가 ?\n2 : 그건 모르겠는데 낙태 반대하는 사람은 꽤 있더라\n3 : 미국은 낙태하는 약도 파는 것 보면 불법은 아니지 않아?\n3 : 너무 유명해서 그거 우리나라에 불법수입해서 먹는 사람 있더라\n1 : 아 정말? 별 게 다 있네 내가 관심이 너무 없었나\n2 : 헐헐 그렇구나... *이 빠삭하네\n3 : 나는 원래 법에 관심 많아서 키키 약 이름도 안다,\n3 : 낙태는 죄가 아니지만 무분별하게 할까 봐 법 만든 건데 구체적으로 세포일 때 낙태하는 건 사회악 제거에 좋을 듯\n1 : 키키 아 이상한 드립 치면 안되는 분위기 맞지?\n2 : 키키 와우... 나도 좀 관심을 가져야겠다\n2 : 저거에서 드립을 칠 수 있다고?\n3 : 나랑 *이만 알고 있는 건가 봐 ㅎ,\n1 : 키키 기냥 뭐 아무튼 좋은 드립은 아니지!\n2 : 키키 뭐야... 여튼 어려운 문제네\n3 : 법 조금만 공부해도 도움 되는 거 많아 교양으로 들어라 *",
        "lines": [
          {
            "id": 1,
            "text": "1 : 야야 동성 결혼제 합법화 하는 거 아냐?",
            "norm_text": "야야 동성 결혼제 합법화 하는 거 아냐?",
            "speaker": {
              "id": "1번",
              "sex": "여성",
              "age": "20대"
            },
            "speechAct": "(지시) 질문하기",
            "morpheme": "야/IC+야동/NNG+성/XSN+결혼/NNG+제/XSN+합법/NNG+화/XSN+하/XSV+는/ETM+거/NNB+아냐/VCN+EF"
          },
          {
            "id": 2,
            "text": "2 : 아 진짜? 이미 합법화 된 줄",
            "norm_text": "아 진짜? 이미 합법화 된 줄",
            "speaker": {
              "id": "2번",
              "sex": "여성",
              "age": "20대"
            },
            "speechAct": "(단언) 주장하기",
            "morpheme": "아/IC+진짜/MAG+이미/MAG+합법/NNG+화/XSN+된/XSV+ETM+줄/NNB"
          },
          {
            "id": 3,
            "text": "3 : 나도,... 이제 합법화였어?",
            "norm_text": "나도,... 이제 합법화였어?",
            "speaker": {
              "id": "3번",
              "sex": "여성",
              "age": "20대"
            },
            "speechAct": "(지시) 질문하기",
            "morpheme": "나/NP+도/JX+,/SC+./SY+./SY+이제/MAG+합법화/NNG+였/VCP+EP+어/EF"
          },
          {
            "id": 4,
            "text": "3 : 맨날 동성결혼은 미국 가야 돼 그랬는데 키키",
            "norm_text": "맨날 동성결혼은 미국 가야 돼 그랬는데 키키",
            "speaker": {
              "id": "3번",
              "sex": "여성",
              "age": "20대"
            },
            "speechAct": "(단언) 진술하기",
            "morpheme": "맨날/MAG+동성/NNG+결혼/NNG+은/JX+미국/NNP+가야/NNG+돼/XSV+EC+그랬/VV+EP+는데/EC+키/NNG+키/XSV+ETN"
          },
          {
            "id": 5,
            "text": "1 : 키키 맞아 근데 진짜 올해 들어 동성결혼 낙태 허용 이런 거 얘기 많이 나오더라",
            "norm_text": "키키 맞아 근데 진짜 올해 들어 동성결혼 낙태 허용 이런 거 얘기 많이 나오더라",
            "speaker": {
              "id": "1번",
              "sex": "여성",
              "age": "20대"
            },
            "speechAct": "(단언) 진술하기",
            "morpheme": "키/NNG+키/XSV+ETN+맞/VV+아/EC+근데/MAJ+진짜/MAG+올해/NNG+들/XSN+어동/NNG+성/XSN+결혼/NNG+낙태/NNG+허용/NNG+이런/MM+거/NNB+얘기/NNG+많이/MAG+나오/VV+더라/EC"
          },
          {
            "id": 6,
            "text": "2 : 키키 그니까 근데 미국도 크리스찬이 역사가 깊어서 은근 우리보다 보수적인 부분 많대",
            "norm_text": "키키 그니까 근데 미국도 크리스찬이 역사가 깊어서 은근 우리보다 보수적인 부분 많대",
            "speaker": {
              "id": "2번",
              "sex": "여성",
              "age": "20대"
            },
            "speechAct": "(단언) 진술하기",
            "morpheme": "키/NNG+키/XSV+ETN+그니까/MAJ+근데/MAJ+미국/NNP+도/JX+크리스찬/NNP+이/JKS+역사/NNG+가/JKS+깊/VA+어서/EC+은근/NNG+우리/NP+보다/JKB+보수/NNG+적/XSN+인/VCP+ETM+부분/NNG+많/VA+대/EC"
          },
          {
            "id": 7,
            "text": "3 : 낙태는 합법화가 아니야 죄가 아닐 뿐이지,",
            "norm_text": "낙태는 합법화가 아니야 죄가 아닐 뿐이지,",
            "speaker": {
              "id": "3번",
              "sex": "여성",
              "age": "20대"
            },
            "speechAct": "(단언) 진술하기",
            "morpheme": "낙태/NNG+는/JX+합법화/NNG+가/JKC+아니/VCN+야/EC+죄/NNG+가/JKC+아닐/VCN+ETM+뿐/NNB+이/VCP+지/EF+,/SC"
          },
          {
            "id": 8,
            "text": "1 : 낙태 지금 합법화하지 않음?",
            "norm_text": "낙태 지금 합법화하지 않음?",
            "speaker": {
              "id": "1번",
              "sex": "여성",
              "age": "20대"
            },
            "speechAct": "(지시) 질문하기",
            "morpheme": "낙태/NNG+지금/MAG+합법/NNG+화/XSN+하/XSV+지/EC+않/VX+음/ETN"
          },
          {
            "id": 9,
            "text": "2 : 그러게 그게 우리나라에서만 합법화인가?",
            "norm_text": "그러게 그게 우리나라에서만 합법화인가?",
            "speaker": {
              "id": "2번",
              "sex": "여성",
              "age": "20대"
            },
            "speechAct": "(지시) 질문하기",
            "morpheme": "그러게/IC+그게/NP+JKS+우리/NP+나라/NNG+에서/JKB+만/JX+합법화/NNG+인가/VCP+EF"
          },
          {
            "id": 10,
            "text": "3 : 합법화가 아니라 낙태죄가 폐지된 거야 합법은 아님",
            "norm_text": "합법화가 아니라 낙태죄가 폐지된 거야 합법은 아님",
            "speaker": {
              "id": "3번",
              "sex": "여성",
              "age": "20대"
            },
            "speechAct": "(단언) 진술하기",
            "morpheme": "합법화/NNG+가/JKC+아니/VCN+라/EC+낙태죄/NNG+가/JKS+폐지/NNG+된/XSV+ETM+거/NNB+야/VCP+EF+합법/NNG+은/JX+아님/VCN+ETN"
          },
          {
            "id": 11,
            "text": "1 : 아 진짜? 몰랐네 난 낙태죄가 폐지됐으니까 합법인 건 줄 알았어",
            "norm_text": "아 진짜? 몰랐네 난 낙태죄가 폐지됐으니까 합법인 건 줄 알았어",
            "speaker": {
              "id": "1번",
              "sex": "여성",
              "age": "20대"
            },
            "speechAct": "(단언) 주장하기",
            "morpheme": "아/IC+진짜/MAG+몰랐네난낙태죄가폐지됐으니까합법인건줄알았어/UNKNOWN"
          },
          {
            "id": 12,
            "text": "2 : 아아 그런 겨? 복잡하네… 어렵다 어려워",
            "norm_text": "아아 그런 겨? 복잡하네… 어렵다 어려워",
            "speaker": {
              "id": "2번",
              "sex": "여성",
              "age": "20대"
            },
            "speechAct": "(단언) 주장하기",
            "morpheme": "아아/IC+그런겨/VV+EF+복잡/XR+하/XSA+네/EC+…/SE+어렵/VA+다/EC+어려워/VA+EC"
          },
          {
            "id": 13,
            "text": "3 : 나도 합법인 줄 알았는데 아직은 합법은 아니래",
            "norm_text": "나도 합법인 줄 알았는데 아직은 합법은 아니래",
            "speaker": {
              "id": "3번",
              "sex": "여성",
              "age": "20대"
            },
            "speechAct": "(단언) 진술하기",
            "morpheme": "나/NP+도/JX+합법/NNG+인/VCP+ETM+줄/NNB+알/VV+았/EP+는데/EC+아직/MAG+은/JX+합법/NNG+은/JX+아니/VCN+래/EC"
          },
          {
            "id": 14,
            "text": "3 : 그냥 죄가 아닐 뿐이지 아직 합법의 길은 멀어 법이 다시 제정되어야 한대 ㅠ",
            "norm_text": "그냥 죄가 아닐 뿐이지 아직 합법의 길은 멀어 법이 다시 제정되어야 한대 ㅠ",
            "speaker": {
              "id": "3번",
              "sex": "여성",
              "age": "20대"
            },
            "speechAct": "(단언) 진술하기",
            "morpheme": "그냥/MAG+죄/NNG+가/JKC+아닐/VCN+ETM+뿐/NNB+이/VCP+지/EF+아직/MAG+합법/NNG+의/JKG+길/NNG+은/JX+멀/VA+ETM+어법/NNG+이/JKS+다시/MAG+제정/NNG+되/XSV+어야/EC+한대/VX+EF+ㅠ/UNKNOWN"
          },
          {
            "id": 15,
            "text": "1 : 그럼 미국도 낙태는 불법인가 ?",
            "norm_text": "그럼 미국도 낙태는 불법인가 ?",
            "speaker": {
              "id": "1번",
              "sex": "여성",
              "age": "20대"
            },
            "speechAct": "(지시) 질문하기",
            "morpheme": "그럼/MAJ+미국/NNP+도/JX+낙태/NNG+는/JX+불법/NNG+인가/VCP+EF"
          },
          {
            "id": 16,
            "text": "2 : 그건 모르겠는데 낙태 반대하는 사람은 꽤 있더라",
            "norm_text": "그건 모르겠는데 낙태 반대하는 사람은 꽤 있더라",
            "speaker": {
              "id": "2번",
              "sex": "여성",
              "age": "20대"
            },
            "speechAct": "(단언) 진술하기",
            "morpheme": "그건/NP+JX+모르/VV+겠/EP+는데/EC+낙태/NNG+반대/NNG+하/XSV+는/ETM+사람/NNG+은/JX+꽤/MAG+있/VA+더라/EC"
          },
          {
            "id": 17,
            "text": "3 : 미국은 낙태하는 약도 파는 것 보면 불법은 아니지 않아?",
            "norm_text": "미국은 낙태하는 약도 파는 것 보면 불법은 아니지 않아?",
            "speaker": {
              "id": "3번",
              "sex": "여성",
              "age": "20대"
            },
            "speechAct": "(지시) 질문하기",
            "morpheme": "미국/NNP+은/JX+낙태/NNG+하/XSV+는/ETM+약/NNG+도/JX+파/VV+는/ETM+것/NNB+보/VV+면/EC+불법/NNG+은/JX+아니/VCN+지/EC+않/VX+아/EF"
          },
          {
            "id": 18,
            "text": "3 : 너무 유명해서 그거 우리나라에 불법수입해서 먹는 사람 있더라",
            "norm_text": "너무 유명해서 그거 우리나라에 불법수입해서 먹는 사람 있더라",
            "speaker": {
              "id": "3번",
              "sex": "여성",
              "age": "20대"
            },
            "speechAct": "(단언) 진술하기",
            "morpheme": "너무/MAG+유명/NNG+해서/XSV+EC+그거/NP+우리/NP+나라/NNG+에/JKB+불법/NNG+수입/NNG+해서/XSV+EC+먹/VV+는/ETM+사람/NNG+있/VV+더라/EC"
          },
          {
            "id": 19,
            "text": "1 : 아 정말? 별 게 다 있네 내가 관심이 너무 없었나",
            "norm_text": "아 정말? 별 게 다 있네 내가 관심이 너무 없었나",
            "speaker": {
              "id": "1번",
              "sex": "여성",
              "age": "20대"
            },
            "speechAct": "(단언) 주장하기",
            "morpheme": "아/IC+정말/MAG+별/MM+게/NNB+JKS+다/MAG+있/VA+네/EF+내/NP+가/JKS+관심/NNG+이/JKS+너무/MAG+없/VA+었/EP+나/EC"
          },
          {
            "id": 20,
            "text": "2 : 헐헐 그렇구나... *이 빠삭하네",
            "norm_text": "헐헐 그렇구나... *이 빠삭하네",
            "speaker": {
              "id": "2번",
              "sex": "여성",
              "age": "20대"
            },
            "speechAct": "(단언) 주장하기",
            "morpheme": "헐헐/MAG+그렇/VA+구나/EF+./SY+*/SY+이/JKS+빠삭/XR+하/XSA+네/EC"
          },
          {
            "id": 21,
            "text": "3 : 나는 원래 법에 관심 많아서 키키 약 이름도 안다,",
            "norm_text": "나는 원래 법에 관심 많아서 키키 약 이름도 안다,",
            "speaker": {
              "id": "3번",
              "sex": "여성",
              "age": "20대"
            },
            "speechAct": "(단언) 진술하기",
            "morpheme": "나는원래법에관심많아서키키약이름도안다/UNKNOWN+,/SC"
          },
          {
            "id": 22,
            "text": "3 : 낙태는 죄가 아니지만 무분별하게 할까 봐 법 만든 건데 구체적으로 세포일 때 낙태하는 건 사회악 제거에 좋을 듯",
            "norm_text": "낙태는 죄가 아니지만 무분별하게 할까 봐 법 만든 건데 구체적으로 세포일 때 낙태하는 건 사회악 제거에 좋을 듯",
            "speaker": {
              "id": "3번",
              "sex": "여성",
              "age": "20대"
            },
            "speechAct": "(단언) 주장하기",
            "morpheme": "낙태/NNG+는/JX+죄/NNG+가/JKC+아니/VCN+지만/EC+무/XPN+분별/NNG+하/XSV+게/EC+할까봐/VX+EC+VX+EC+법/NNG+만든/VV+ETM+건데/NNB+VCP+EC+구체/NNG+적/XSN+으로/JKB+세포/NNG+일/NR+때/NNG+낙태/NNG+하/XSV+는/ETM+건/NNB+JX+사회악/NNG+제거/NNG+에/JKB+좋/VA+을/ETM+듯/NNB"
          },
          {
            "id": 23,
            "text": "1 : 키키 아 이상한 드립 치면 안되는 분위기 맞지?",
            "norm_text": "키키 아 이상한 드립 치면 안되는 분위기 맞지?",
            "speaker": {
              "id": "1번",
              "sex": "여성",
              "age": "20대"
            },
            "speechAct": "(지시) 질문하기",
            "morpheme": "키/NNG+키/VV+아/EC+이상/NNG+한/XSA+ETM+드립/NNG+치/VV+면/EC+안/MAG+되/VV+는/ETM+분위기/NNG+맞/VV+지/EF"
          },
          {
            "id": 24,
            "text": "2 : 키키 와우... 나도 좀 관심을 가져야겠다",
            "norm_text": "키키 와우... 나도 좀 관심을 가져야겠다",
            "speaker": {
              "id": "2번",
              "sex": "여성",
              "age": "20대"
            },
            "speechAct": "(단언) 주장하기",
            "morpheme": "키/NNG+키/XSV+ETN+와우/IC+./SY+나/NP+도/JX+좀/MAG+관심/NNG+을/JKO+가져야/VV+EC+VX+겠/EP+다/EC"
          },
          {
            "id": 25,
            "text": "2 : 저거에서 드립을 칠 수 있다고?",
            "norm_text": "저거에서 드립을 칠 수 있다고?",
            "speaker": {
              "id": "2번",
              "sex": "여성",
              "age": "20대"
            },
            "speechAct": "(단언) 주장하기",
            "morpheme": "저거/NP+에서/JKB+드립/NNG+을/JKO+칠/VV+ETM+수/NNB+있/VV+다고/EF"
          },
          {
            "id": 26,
            "text": "3 : 나랑 *이만 알고 있는 건가 봐 ㅎ,",
            "norm_text": "나랑 *이만 알고 있는 건가 봐 ㅎ,",
            "speaker": {
              "id": "3번",
              "sex": "여성",
              "age": "20대"
            },
            "speechAct": "(단언) 주장하기",
            "morpheme": "나/NP+랑/JC+*/SY+이/NP+만/JX+알/VV+고/EC+있/VX+는/ETM+건가/NNB+VCP+EC+봐/VX+EF+ㅎ/XSA+,/SC"
          },
          {
            "id": 27,
            "text": "1 : 키키 기냥 뭐 아무튼 좋은 드립은 아니지!",
            "norm_text": "키키 기냥 뭐 아무튼 좋은 드립은 아니지!",
            "speaker": {
              "id": "1번",
              "sex": "여성",
              "age": "20대"
            },
            "speechAct": "(단언) 주장하기",
            "morpheme": "키/NNG+키/XSV+ETN+기냥/MAG+뭐/IC+아무튼/MAJ+좋/VA+은/ETM+드립/NNG+은/JX+아니/VCN+지/EF"
          },
          {
            "id": 28,
            "text": "2 : 키키 뭐야... 여튼 어려운 문제네",
            "norm_text": "키키 뭐야... 여튼 어려운 문제네",
            "speaker": {
              "id": "2번",
              "sex": "여성",
              "age": "20대"
            },
            "speechAct": "(단언) 주장하기",
            "morpheme": "키/NNG+키/XSV+ETN+뭐/NP+야/VCP+EF+./SY+여튼어려운문제네/UNKNOWN"
          },
          {
            "id": 29,
            "text": "3 : 법 조금만 공부해도 도움 되는 거 많아 교양으로 들어라 *",
            "norm_text": "법 조금만 공부해도 도움 되는 거 많아 교양으로 들어라 *",
            "speaker": {
              "id": "3번",
              "sex": "여성",
              "age": "20대"
            },
            "speechAct": "(단언) 주장하기",
            "morpheme": "법조/NNG+금만/NNG+공부/NNG+해도/XSV+EC+도움/NNG+되/XSV+는/ETM+거/NNB+많/VA+아/EC+교양/NNG+으로/JKB+들어라/VV+EC+*/SY"
          }
        ]
      }
    }
  ]
}