{
  "dataset": {
    "identifier": 67968,
    "name": "KAKAO_964_06_set",
    "src_path": "/data/file/cubeManager/PROJECT001/53/txt20211005163208068114/KAKAO_964_06_set/",
    "label_path": "/data/file/cubeManager/PROJECT001/53/txt20211005163208068114/KAKAO_964_06_set/",
    "category": 2,
    "type": 0
  },
  "licenses": {
    "name": "Apache License 1.0",
    "url": "http://www.apache.org/licenses/LICENSE-1.0"
  },
  "info": [
    {
      "id": 42504,
      "filename": "KAKAO_964_06.txt",
      "title": "KAKAO_964_06",
      "mediatype": "SNS",
      "medianame": "카카오톡",
      "category": "일상대화",
      "date": "2021-10-05",
      "size": 712,
      "annotations": {
        "subject": "교육",
        "speaker_type": "1:1",
        "size": 712,
        "word_size": 216,
        "text": "1 : 넌 제일 좋아하는 교과목이 뭐였어? 키키\n2 : 난 사회! 키키 그냥 외우기만 하면 되니까 편하고 재밌더라\n1 : 키키 오오오 한국지리 같은 것도 좋아했나?\n2 : 내가 다른 과목은 공부를 안 해서 등급이 낮았는데 사회 쪽만큼은 거진 1등급이었을껄?키키\n1 : 난 법과 사회나 사회문화가 재밌었던 거 같아 키키\n2 : 오오 나도 키키 역사는 년도 떔에 좀 어려웠고 키키\n1 : 근데 요즘도 이런 과목이 있나? 키키\n1 : 이름이 바꼈겠지?\n2 : 아무래도 그렇겠지? 키키\n2 : 요즘 애들 뭐 배우는지도 모르겠다\n1 : 키키 응... 아 요즘 초딩들 코딩 배운데 키키\n2 : 헐, 키키, 페북에서 함수 문제 봤는데 외계어 같더라...\n1 : 막 로봇이 큐브 맞출 수 있게 프로그래밍 하고 그런대\n2 : 시대에 맞게 흐르는구만,\n2 : 근데 요즘 애들 똑똑함도 격차가 큰 거 알고 있나?\n1 : 아 진짜? ㅜㅜ 코로나 때문에 그런 거야?\n2 : 어릴 때부터 미디어만 보니까 책은 안보고 생소한 단어들을 아예 모른다대\n1 : 아아! 그거 뉴스 본 거 같다... 영어단어를 한국어로 외웠는데 그 뜻이 뭔지 모른다며\n2 : 그래서 선생들도 그 단어 가르친다고 수업진도가 안 나간대... 장인어른 할 때 장인도 모르더라\n1 : 그래... 나도 그 뉴스 본 거 같더라 ㅜㅜ 큰일이다\n2 : 내가 예전에 영화 봤는데 똑똑한 사람들은 애 안 낳거나 1명만 낳고, 멍청한 사람들은 멍청한 애들만 많이 낳는 게 있었거든",
        "lines": [
          {
            "id": 1,
            "text": "1 : 넌 제일 좋아하는 교과목이 뭐였어? 키키",
            "norm_text": "넌 제일 좋아하는 교과목이 뭐였어? 키키",
            "speaker": {
              "id": "1번",
              "sex": "여성",
              "age": "30대"
            },
            "speechAct": "(지시) 질문하기",
            "morpheme": "넌/NP+JX+제일/MAG+좋/VA+아/EC+하/VV+는/ETM+교과목/NNG+이/JKS+뭐/NP+였/VCP+EP+어/EF+키/NNG+키/XSV+ETN"
          },
          {
            "id": 2,
            "text": "2 : 난 사회! 키키 그냥 외우기만 하면 되니까 편하고 재밌더라",
            "norm_text": "난 사회! 키키 그냥 외우기만 하면 되니까 편하고 재밌더라",
            "speaker": {
              "id": "2번",
              "sex": "여성",
              "age": "30대"
            },
            "speechAct": "(단언) 주장하기",
            "morpheme": "난/NP+JX+사회/NNG+!/SY+키/NNG+키/NNG+그냥/MAG+외우/VV+기/ETN+만/JX+하/VV+면/EC+되/VV+니까/EC+편하/VA+고/EC+재밌/VA+더라/EC"
          },
          {
            "id": 3,
            "text": "1 : 키키 오오오 한국지리 같은 것도 좋아했나?",
            "norm_text": "키키 오오오 한국지리 같은 것도 좋아했나?",
            "speaker": {
              "id": "1번",
              "sex": "여성",
              "age": "30대"
            },
            "speechAct": "(지시) 질문하기",
            "morpheme": "키/NNG+키/XSV+ETN+오/NR+오/NR+오/NR+한국/NNP+지리/NNG+같/VA+은/ETM+것/NNB+도/JX+좋/VA+아/EC+했/VX+EP+나/EF"
          },
          {
            "id": 4,
            "text": "2 : 내가 다른 과목은 공부를 안 해서 등급이 낮았는데 사회 쪽만큼은 거진 1등급이었을껄?키키",
            "norm_text": "내가 다른 과목은 공부를 안 해서 등급이 낮았는데 사회 쪽만큼은 거진 1등급이었을껄?키키",
            "speaker": {
              "id": "2번",
              "sex": "여성",
              "age": "30대"
            },
            "speechAct": "(단언) 진술하기",
            "morpheme": "내/NP+가/JKS+다른/MM+과목/NNG+은/JX+공부/NNG+를/JKO+안/MAG+해서/VV+EC+등급/NNG+이/JKS+낮/VA+았/EP+는데/EC+사회/NNG+쪽/NNB+만큼/JKB+은/JX+거진/NNG+1/SN+등급/NNBC+이/VCP+었/EP+을껄/EF+키/NNG+키/XSV+ETN"
          },
          {
            "id": 5,
            "text": "1 : 난 법과 사회나 사회문화가 재밌었던 거 같아 키키",
            "norm_text": "난 법과 사회나 사회문화가 재밌었던 거 같아 키키",
            "speaker": {
              "id": "1번",
              "sex": "여성",
              "age": "30대"
            },
            "speechAct": "(단언) 주장하기",
            "morpheme": "난/NP+JX+법/NNG+과/JC+사회/NNG+나/JC+사회/NNG+문화/NNG+가/JKS+재밌/VA+었/EP+던/ETM+거/NNB+같/VA+아/EC+키/NNG+키/XSV+ETN"
          },
          {
            "id": 6,
            "text": "2 : 오오 나도 키키 역사는 년도 떔에 좀 어려웠고 키키",
            "norm_text": "오오 나도 키키 역사는 년도 떔에 좀 어려웠고 키키",
            "speaker": {
              "id": "2번",
              "sex": "여성",
              "age": "30대"
            },
            "speechAct": "(단언) 주장하기",
            "morpheme": "오오/IC+나/NP+도/JX+키/NNG+키/NNG+역사/NNG+는/JX+년/NNG+도/JX+떔에/UNKNOWN+좀/MAG+어려웠/VA+EP+고/EC+키/NNG+키/XSV+ETN"
          },
          {
            "id": 7,
            "text": "1 : 근데 요즘도 이런 과목이 있나? 키키",
            "norm_text": "근데 요즘도 이런 과목이 있나? 키키",
            "speaker": {
              "id": "1번",
              "sex": "여성",
              "age": "30대"
            },
            "speechAct": "(지시) 질문하기",
            "morpheme": "근데/MAJ+요즘/NNG+도/JX+이런/MM+과목/NNG+이/JKS+있/VA+나/EF+키/NNG+키/XSV+ETN"
          },
          {
            "id": 8,
            "text": "1 : 이름이 바꼈겠지?",
            "norm_text": "이름이 바꼈겠지?",
            "speaker": {
              "id": "1번",
              "sex": "여성",
              "age": "30대"
            },
            "speechAct": "(단언) 주장하기",
            "morpheme": "이름/NNG+이/JKS+바꼈/VV+EP+겠/EP+지/EF"
          },
          {
            "id": 9,
            "text": "2 : 아무래도 그렇겠지? 키키",
            "norm_text": "아무래도 그렇겠지? 키키",
            "speaker": {
              "id": "2번",
              "sex": "여성",
              "age": "30대"
            },
            "speechAct": "(지시) 질문하기",
            "morpheme": "아무래도/MAG+그렇/VA+겠/EP+지/EF+키/NNG+키/XSV+ETN"
          },
          {
            "id": 10,
            "text": "2 : 요즘 애들 뭐 배우는지도 모르겠다",
            "norm_text": "요즘 애들 뭐 배우는지도 모르겠다",
            "speaker": {
              "id": "2번",
              "sex": "여성",
              "age": "30대"
            },
            "speechAct": "(단언) 주장하기",
            "morpheme": "요즘/NNG+애/NNG+들/XSN+뭐/IC+배우/VV+는지/EC+도/JX+모르/VV+겠/EP+다/EC"
          },
          {
            "id": 11,
            "text": "1 : 키키 응... 아 요즘 초딩들 코딩 배운데 키키",
            "norm_text": "키키 응... 아 요즘 초딩들 코딩 배운데 키키",
            "speaker": {
              "id": "1번",
              "sex": "여성",
              "age": "30대"
            },
            "speechAct": "(단언) 진술하기",
            "morpheme": "키/NNG+키/XSV+ETN+응/IC+./SY+아요즘초딩들코딩배운데키키/UNKNOWN"
          },
          {
            "id": 12,
            "text": "2 : 헐, 키키, 페북에서 함수 문제 봤는데 외계어 같더라...",
            "norm_text": "헐, 키키, 페북에서 함수 문제 봤는데 외계어 같더라...",
            "speaker": {
              "id": "2번",
              "sex": "여성",
              "age": "30대"
            },
            "speechAct": "(단언) 주장하기",
            "morpheme": "헐/IC+,/SC+키/NNG+키/XSV+ETN+,/SC+페북/NNP+에서/JKB+함수/NNG+문제/NNG+봤/VV+EP+는데/EC+외계어/NNP+같/VA+더라/EF+./SY"
          },
          {
            "id": 13,
            "text": "1 : 막 로봇이 큐브 맞출 수 있게 프로그래밍 하고 그런대",
            "norm_text": "막 로봇이 큐브 맞출 수 있게 프로그래밍 하고 그런대",
            "speaker": {
              "id": "1번",
              "sex": "여성",
              "age": "30대"
            },
            "speechAct": "(단언) 진술하기",
            "morpheme": "막/MAJ+로봇/NNG+이/JKS+큐브/NNP+맞출/VV+ETM+수/NNB+있/VV+게/EC+프로그래밍/NNG+하/XSV+고/EC+그런대/VV+EC"
          },
          {
            "id": 14,
            "text": "2 : 시대에 맞게 흐르는구만,",
            "norm_text": "시대에 맞게 흐르는구만,",
            "speaker": {
              "id": "2번",
              "sex": "여성",
              "age": "30대"
            },
            "speechAct": "(단언) 주장하기",
            "morpheme": "시대/NNG+에/JKB+맞/VV+게/EC+흐르/VV+는/ETM+구만/NNG+,/SC"
          },
          {
            "id": 15,
            "text": "2 : 근데 요즘 애들 똑똑함도 격차가 큰 거 알고 있나?",
            "norm_text": "근데 요즘 애들 똑똑함도 격차가 큰 거 알고 있나?",
            "speaker": {
              "id": "2번",
              "sex": "여성",
              "age": "30대"
            },
            "speechAct": "(지시) 질문하기",
            "morpheme": "근데/MAJ+요즘/MAG+애/NNG+들/XSN+똑똑/XR+함/XSA+ETN+도/JX+격차/NNG+가/JKS+큰/VA+ETM+거/NNB+알/VV+고/EC+있/VX+나/EF"
          },
          {
            "id": 16,
            "text": "1 : 아 진짜? ㅜㅜ 코로나 때문에 그런 거야?",
            "norm_text": "아 진짜? ㅜㅜ 코로나 때문에 그런 거야?",
            "speaker": {
              "id": "1번",
              "sex": "여성",
              "age": "30대"
            },
            "speechAct": "(지시) 질문하기",
            "morpheme": "아/IC+진짜/MAG+ㅜㅜ/UNKNOWN+코로나/NNG+때문/NNB+에/JKB+그런/MM+거/NNB+야/VCP+EF"
          },
          {
            "id": 17,
            "text": "2 : 어릴 때부터 미디어만 보니까 책은 안보고 생소한 단어들을 아예 모른다대",
            "norm_text": "어릴 때부터 미디어만 보니까 책은 안보고 생소한 단어들을 아예 모른다대",
            "speaker": {
              "id": "2번",
              "sex": "여성",
              "age": "30대"
            },
            "speechAct": "(단언) 주장하기",
            "morpheme": "어릴/VA+ETM+때/NNG+부터/JX+미디어/NNG+만/JX+보/VV+니까/EC+책/NNG+은/JX+안/MAG+보/VV+고/EC+생소/XR+한/XSA+ETM+단어/NNG+들/XSN+을/JKO+아예/MAG+모른/VV+ETM+다대/NNG"
          },
          {
            "id": 18,
            "text": "1 : 아아! 그거 뉴스 본 거 같다... 영어단어를 한국어로 외웠는데 그 뜻이 뭔지 모른다며",
            "norm_text": "아아! 그거 뉴스 본 거 같다... 영어단어를 한국어로 외웠는데 그 뜻이 뭔지 모른다며",
            "speaker": {
              "id": "1번",
              "sex": "여성",
              "age": "30대"
            },
            "speechAct": "(단언) 주장하기",
            "morpheme": "아아/IC+그거/NP+뉴스/NNG+본/VV+ETM+거/NNB+같/VA+다/EF+./SY+영어/NNG+단어/NNG+를/JKO+한국어/NNG+로/JKB+외웠/VV+EP+는데/EC+그/MM+뜻/NNG+이/JKS+뭔지/NP+VCP+EC+모른다며/VV+EC"
          },
          {
            "id": 19,
            "text": "2 : 그래서 선생들도 그 단어 가르친다고 수업진도가 안 나간대... 장인어른 할 때 장인도 모르더라",
            "norm_text": "그래서 선생들도 그 단어 가르친다고 수업진도가 안 나간대... 장인어른 할 때 장인도 모르더라",
            "speaker": {
              "id": "2번",
              "sex": "여성",
              "age": "30대"
            },
            "speechAct": "(단언) 주장하기",
            "morpheme": "그래서/MAJ+선생/NNG+들/XSN+도/JX+그/MM+단어/NNG+가르친다고/VV+EC+수업/NNG+진도/NNG+가/JKS+안/MAG+나간대/VV+EF+./SY+장인어른/NNG+할/XSV+ETM+때/NNG+장인/NNG+도/JX+모르/VV+더라/EC"
          },
          {
            "id": 20,
            "text": "1 : 그래... 나도 그 뉴스 본 거 같더라 ㅜㅜ 큰일이다",
            "norm_text": "그래... 나도 그 뉴스 본 거 같더라 ㅜㅜ 큰일이다",
            "speaker": {
              "id": "1번",
              "sex": "여성",
              "age": "30대"
            },
            "speechAct": "(단언) 주장하기",
            "morpheme": "그래/IC+./SY+나도그뉴스본거같더라ㅜㅜ큰일이다/UNKNOWN"
          },
          {
            "id": 21,
            "text": "2 : 내가 예전에 영화 봤는데 똑똑한 사람들은 애 안 낳거나 1명만 낳고, 멍청한 사람들은 멍청한 애들만 많이 낳는 게 있었거든",
            "norm_text": "내가 예전에 영화 봤는데 똑똑한 사람들은 애 안 낳거나 1명만 낳고, 멍청한 사람들은 멍청한 애들만 많이 낳는 게 있었거든",
            "speaker": {
              "id": "2번",
              "sex": "여성",
              "age": "30대"
            },
            "speechAct": "(단언) 주장하기",
            "morpheme": "내/NP+가/JKS+예전/NNG+에/JKB+영화/NNG+봤/VV+EP+는데/EC+똑똑/XR+한/XSA+ETM+사람/NNG+들/XSN+은/JX+애/NNG+안/MAG+낳/VV+거나/EC+1/SN+명/NNBC+만/JX+낳/VV+고/EC+,/SC+멍청/XR+한/XSA+ETM+사람/NNG+들/XSN+은/JX+멍청/XR+한/XSA+ETM+애/NNG+들/XSN+만/JX+많이/MAG+낳/VV+는/ETM+게/NNB+JKS+있/VA+었/EP+거든/EC"
          }
        ]
      }
    }
  ]
}