{
  "dataset": {
    "identifier": 58200,
    "name": "KAKAO_992_16_set",
    "src_path": "/data/file/cubeManager/PROJECT001/53/txt20211006135012066740/KAKAO_992_16_set/",
    "label_path": "/data/file/cubeManager/PROJECT001/53/txt20211006135012066740/KAKAO_992_16_set/",
    "category": 2,
    "type": 0
  },
  "licenses": {
    "name": "Apache License 1.0",
    "url": "http://www.apache.org/licenses/LICENSE-1.0"
  },
  "info": [
    {
      "id": 43737,
      "filename": "KAKAO_992_16.txt",
      "title": "KAKAO_992_16",
      "mediatype": "SNS",
      "medianame": "카카오톡",
      "category": "일상대화",
      "date": "2021-10-06",
      "size": 472,
      "annotations": {
        "subject": "미용",
        "speaker_type": "1:1",
        "size": 472,
        "word_size": 158,
        "text": "1 : **이 아이라이너 시술한 거 알제? 키키\n2 : 응 키키 그거 몇 년 되지 않았어?\n1 : 어 키키 나 캐나다 가서 처음 알았잖아 키키\n2 : 아 진짜? 키키 그거 꽤 오래된 걸로 아는데 키키\n1 : 하자마자 말은 들었는데 그게 뭐지 싶었거든 키키\n2 : 키키 그냥 그게 뭔 줄 몰랐구나 키키\n1 : 그런데 캐나다 가서 같이 살아서 보니까 애가 계속 눈 화장을 안 지우는 거야 키키\n2 : 키키 아 개웃겨 키키 그래서 알았구나 키키\n1 : 어 키키 그래서 조심스럽게 물어봤지 이건 뭐야?\n2 : 키키 신세계였겠구나 키키\n1 : 엉 키키 그제서야 알았어...\n1 : 혼났어 키키 말해도 모르냐고 키키\n2 : 키키 나도 그거 하고 싶었는데 키키 그거 아파서...\n1 : 키키 안 그래도 엄청 울었다고 하더라\n2 : 키키 그래서 내가 못했지 키키\n1 : 키키 속눈썹 시술 같은 건 해봤음?\n2 : 아 그건 딱 한 번 해봤어 키키\n2 : 그것도 하면 이쁘긴 한데 불편해 키키",
        "lines": [
          {
            "id": 1,
            "text": "1 : **이 아이라이너 시술한 거 알제? 키키",
            "norm_text": "**이 아이라이너 시술한 거 알제? 키키",
            "speaker": {
              "id": "1번",
              "sex": "남성",
              "age": "20대"
            },
            "speechAct": "(지시) 질문하기",
            "morpheme": "*/SY+*/SY+이아이/NNP+라이너/NNP+시술/NNG+한/XSA+ETM+거/NNB+알/VV+제/EF+키/NNG+키/XSV+ETN"
          },
          {
            "id": 2,
            "text": "2 : 응 키키 그거 몇 년 되지 않았어?",
            "norm_text": "응 키키 그거 몇 년 되지 않았어?",
            "speaker": {
              "id": "2번",
              "sex": "여성",
              "age": "20대"
            },
            "speechAct": "(지시) 질문하기",
            "morpheme": "응/IC+키/NNG+키/XSV+ETN+그거/NP+몇/MM+년/NNBC+되/VV+지/EC+않/VX+았/EP+어/EF"
          },
          {
            "id": 3,
            "text": "1 : 어 키키 나 캐나다 가서 처음 알았잖아 키키",
            "norm_text": "어 키키 나 캐나다 가서 처음 알았잖아 키키",
            "speaker": {
              "id": "1번",
              "sex": "남성",
              "age": "20대"
            },
            "speechAct": "(단언) 주장하기",
            "morpheme": "어/IC+키/NNG+키나/XSA+ETN+JX+캐/VV+나다/EC+가/VX+서/EC+처음/MAG+알/VV+았/EP+잖아/EF+키/NNG+키/XSV+ETN"
          },
          {
            "id": 4,
            "text": "2 : 아 진짜? 키키 그거 꽤 오래된 걸로 아는데 키키",
            "norm_text": "아 진짜? 키키 그거 꽤 오래된 걸로 아는데 키키",
            "speaker": {
              "id": "2번",
              "sex": "여성",
              "age": "20대"
            },
            "speechAct": "(단언) 주장하기",
            "morpheme": "아/IC+진짜/MAG+키/NNG+키/XSV+ETN+그거/NP+꽤/MAG+오래/MAG+된/VV+ETM+걸로/NNB+JKB+아/VV+는데/EC+키/NNG+키/XSV+ETN"
          },
          {
            "id": 5,
            "text": "1 : 하자마자 말은 들었는데 그게 뭐지 싶었거든 키키",
            "norm_text": "하자마자 말은 들었는데 그게 뭐지 싶었거든 키키",
            "speaker": {
              "id": "1번",
              "sex": "남성",
              "age": "20대"
            },
            "speechAct": "(단언) 주장하기",
            "morpheme": "하/VV+자마자/EC+말/NNG+은/JX+들/VV+었/EP+는데/EC+그게/NP+JKS+뭐/NP+지/VCP+EC+싶/VX+었/EP+거든/EF+키/NNG+키/XSV+ETN"
          },
          {
            "id": 6,
            "text": "2 : 키키 그냥 그게 뭔 줄 몰랐구나 키키",
            "norm_text": "키키 그냥 그게 뭔 줄 몰랐구나 키키",
            "speaker": {
              "id": "2번",
              "sex": "여성",
              "age": "20대"
            },
            "speechAct": "(단언) 주장하기",
            "morpheme": "키/NNG+키/NNG+그냥/MAG+그게/NP+JKS+뭔줄/NP+JX+NNB+몰랐/VV+EP+구나/EF+키/NNG+키/XSV+ETN"
          },
          {
            "id": 7,
            "text": "1 : 그런데 캐나다 가서 같이 살아서 보니까 애가 계속 눈 화장을 안 지우는 거야 키키",
            "norm_text": "그런데 캐나다 가서 같이 살아서 보니까 애가 계속 눈 화장을 안 지우는 거야 키키",
            "speaker": {
              "id": "1번",
              "sex": "남성",
              "age": "20대"
            },
            "speechAct": "(단언) 주장하기",
            "morpheme": "그런데/MAJ+캐/VV+나다/EC+가/VX+서/EC+같이/MAG+살/VV+아서/EC+보/VX+니까/EC+애/NNG+가/JKS+계속/MAG+눈/NNG+화장/NNG+을/JKO+안/MAG+지우/VV+는/ETM+거/NNB+야/VCP+EF+키/NNG+키/XSV+ETN"
          },
          {
            "id": 8,
            "text": "2 : 키키 아 개웃겨 키키 그래서 알았구나 키키",
            "norm_text": "키키 아 개웃겨 키키 그래서 알았구나 키키",
            "speaker": {
              "id": "2번",
              "sex": "여성",
              "age": "20대"
            },
            "speechAct": "(단언) 주장하기",
            "morpheme": "키/NNG+키/VV+아/EC+개/NNG+웃겨/VV+EC+키/NNG+키/XSV+ETN+그래서/MAJ+알/VV+았/EP+구나/EF+키/NNG+키/XSV+ETN"
          },
          {
            "id": 9,
            "text": "1 : 어 키키 그래서 조심스럽게 물어봤지 이건 뭐야?",
            "norm_text": "어 키키 그래서 조심스럽게 물어봤지 이건 뭐야?",
            "speaker": {
              "id": "1번",
              "sex": "남성",
              "age": "20대"
            },
            "speechAct": "(지시) 질문하기",
            "morpheme": "어/IC+키/NNG+키/XSV+ETN+그래서/MAJ+조심/NNG+스럽/XSA+게/EC+물/VV+어/EC+봤/VX+EP+지/EF+이건/NP+JX+뭐/NP+야/VCP+EF"
          },
          {
            "id": 10,
            "text": "2 : 키키 신세계였겠구나 키키",
            "norm_text": "키키 신세계였겠구나 키키",
            "speaker": {
              "id": "2번",
              "sex": "여성",
              "age": "20대"
            },
            "speechAct": "(단언) 주장하기",
            "morpheme": "키/NNG+키/NNG+신세계/NNG+였/VCP+EP+겠/EP+구나/EF+키/NNG+키/XSV+ETN"
          },
          {
            "id": 11,
            "text": "1 : 엉 키키 그제서야 알았어...",
            "norm_text": "엉 키키 그제서야 알았어...",
            "speaker": {
              "id": "1번",
              "sex": "남성",
              "age": "20대"
            },
            "speechAct": "(단언) 주장하기",
            "morpheme": "엉/IC+키/NNG+키/XSV+ETN+그제서야/MAJ+알/VV+았/EP+어/EF+./SY"
          },
          {
            "id": 12,
            "text": "1 : 혼났어 키키 말해도 모르냐고 키키",
            "norm_text": "혼났어 키키 말해도 모르냐고 키키",
            "speaker": {
              "id": "1번",
              "sex": "남성",
              "age": "20대"
            },
            "speechAct": "(단언) 주장하기",
            "morpheme": "혼났/VV+EP+어/EC+키/NNG+키/NNG+말/NNG+해도/XSV+EC+모르/VV+냐고/EC+키/NNG+키/XSV+ETN"
          },
          {
            "id": 13,
            "text": "2 : 키키 나도 그거 하고 싶었는데 키키 그거 아파서...",
            "norm_text": "키키 나도 그거 하고 싶었는데 키키 그거 아파서...",
            "speaker": {
              "id": "2번",
              "sex": "여성",
              "age": "20대"
            },
            "speechAct": "(단언) 주장하기",
            "morpheme": "키/NNG+키나/XSA+ETN+JX+도/JX+그거/NP+하/VV+고/EC+싶/VX+었/EP+는데/EC+키/NNG+키/XSV+ETN+그거/NP+아파서/VA+EF+./SY"
          },
          {
            "id": 14,
            "text": "1 : 키키 안 그래도 엄청 울었다고 하더라",
            "norm_text": "키키 안 그래도 엄청 울었다고 하더라",
            "speaker": {
              "id": "1번",
              "sex": "남성",
              "age": "20대"
            },
            "speechAct": "(단언) 진술하기",
            "morpheme": "키/NNG+키/NNG+안/MAG+그래도/VV+EC+엄청/MAG+울/VV+었/EP+다고/EC+하/VV+더라/EC"
          },
          {
            "id": 15,
            "text": "2 : 키키 그래서 내가 못했지 키키",
            "norm_text": "키키 그래서 내가 못했지 키키",
            "speaker": {
              "id": "2번",
              "sex": "여성",
              "age": "20대"
            },
            "speechAct": "(단언) 주장하기",
            "morpheme": "키/NNG+키/XSV+ETN+그래서/MAJ+내/NP+가/JKS+못/MAG+했/VV+EP+지/EC+키/NNG+키/XSV+ETN"
          },
          {
            "id": 16,
            "text": "1 : 키키 속눈썹 시술 같은 건 해봤음?",
            "norm_text": "키키 속눈썹 시술 같은 건 해봤음?",
            "speaker": {
              "id": "1번",
              "sex": "남성",
              "age": "20대"
            },
            "speechAct": "(지시) 질문하기",
            "morpheme": "키/NNG+키/NNG+속눈썹/NNG+시술/NNG+같/VA+은/ETM+건/NNB+JX+해/VV+EC+봤/VX+EP+음/ETN"
          },
          {
            "id": 17,
            "text": "2 : 아 그건 딱 한 번 해봤어 키키",
            "norm_text": "아 그건 딱 한 번 해봤어 키키",
            "speaker": {
              "id": "2번",
              "sex": "여성",
              "age": "20대"
            },
            "speechAct": "(단언) 주장하기",
            "morpheme": "아/IC+그건/NP+JX+딱/MAG+한번/MAG+해/VV+EC+봤/VX+EP+어/EC+키/NNG+키/XSV+ETN"
          },
          {
            "id": 18,
            "text": "2 : 그것도 하면 이쁘긴 한데 불편해 키키",
            "norm_text": "그것도 하면 이쁘긴 한데 불편해 키키",
            "speaker": {
              "id": "2번",
              "sex": "여성",
              "age": "20대"
            },
            "speechAct": "(단언) 주장하기",
            "morpheme": "그것/NP+도/JX+하/VV+면/EC+이쁘/VA+긴/ETN+JX+한데/VX+EC+불편/NNG+해/XSV+EC+키/NNG+키/XSV+ETN"
          }
        ]
      }
    }
  ]
}