{
  "dataset": {
    "identifier": 68892,
    "name": "KAKAO_958_17_set",
    "src_path": "/data/file/cubeManager/PROJECT001/53/txt20211006122439018031/KAKAO_958_17_set/",
    "label_path": "/data/file/cubeManager/PROJECT001/53/txt20211006122439018031/KAKAO_958_17_set/",
    "category": 2,
    "type": 0
  },
  "licenses": {
    "name": "Apache License 1.0",
    "url": "http://www.apache.org/licenses/LICENSE-1.0"
  },
  "info": [
    {
      "id": 42977,
      "filename": "KAKAO_958_17.txt",
      "title": "KAKAO_958_17",
      "mediatype": "SNS",
      "medianame": "카카오톡",
      "category": "일상대화",
      "date": "2021-10-06",
      "size": 449,
      "annotations": {
        "subject": "건강",
        "speaker_type": "1:1",
        "size": 449,
        "word_size": 154,
        "text": "1 : *이는 스키 타다가 넘어져서 부상 안 당함?\n2 : 키키 부상은 안 당했을 껄요? 크게 넘어진 것 같진 않아서\n1 : 키키 다행이네 키키 스키는 넘어지면 다리 쫙 벌어지지 않나\n2 : 모르겠어요 제가 넘어진 게 아니라서 키키\n1 : 키키 진짜 그 뒤로 안 타겠네\n2 : 키키 그런 걸로 알아요 키키 *이는 운동도 못하고 추위도 타서\n1 : 키키 진짜 어떻게 갔대 간 게 신기하네\n2 : 키키 그때 가족끼리 다 같이 가서 키키\n1 : 아 키키 뭐 어쩔 수 없이 갔네 키키\n2 : 키키 네네 키키 글고 그때 첨 타봐서\n1 : 키키 진짜 다시는 안 온다고 했겠네 키키\n2 : 키키 글쵸 키키 안 그래도 싫어하는데 못 일어나서 식겁 한 듯\n1 : 그러니까 키키 뭐 거기도 초보 교실 있지 않나\n2 : 키키 초보 교실에서 하고 갔는데 그 정도\n1 : 아... 심각하네 키키 안 되겠다\n2 : 키키 그니깐요 키키 그 뒤로 정말 싫어함",
        "lines": [
          {
            "id": 1,
            "text": "1 : *이는 스키 타다가 넘어져서 부상 안 당함?",
            "norm_text": "*이는 스키 타다가 넘어져서 부상 안 당함?",
            "speaker": {
              "id": "1번",
              "sex": "남성",
              "age": "20대"
            },
            "speechAct": "(지시) 질문하기",
            "morpheme": "*/SY+이는스키타다가넘어져서부상안당함/UNKNOWN"
          },
          {
            "id": 2,
            "text": "2 : 키키 부상은 안 당했을 껄요? 크게 넘어진 것 같진 않아서",
            "norm_text": "키키 부상은 안 당했을 껄요? 크게 넘어진 것 같진 않아서",
            "speaker": {
              "id": "2번",
              "sex": "남성",
              "age": "20대"
            },
            "speechAct": "(단언) 주장하기",
            "morpheme": "키/NNG+키/NNG+부상/NNG+은/JX+안/MAG+당했/VV+EP+을껄/EF+요/JX+크/VA+게/EC+넘어진/VV+ETM+것/NNB+같/VA+진/EC+JX+않/VX+아서/EC"
          },
          {
            "id": 3,
            "text": "1 : 키키 다행이네 키키 스키는 넘어지면 다리 쫙 벌어지지 않나",
            "norm_text": "키키 다행이네 키키 스키는 넘어지면 다리 쫙 벌어지지 않나",
            "speaker": {
              "id": "1번",
              "sex": "남성",
              "age": "20대"
            },
            "speechAct": "(단언) 주장하기",
            "morpheme": "키/NNG+키/NNG+다행/NNG+이/JKS+네/MM+키/NNG+키스/NNG+키는/XSA+ETN+JX+넘어지/VV+면/EC+다리/NNG+쫙/MAG+벌어지/VV+지/EC+않/VX+나/EC"
          },
          {
            "id": 4,
            "text": "2 : 모르겠어요 제가 넘어진 게 아니라서 키키",
            "norm_text": "모르겠어요 제가 넘어진 게 아니라서 키키",
            "speaker": {
              "id": "2번",
              "sex": "남성",
              "age": "20대"
            },
            "speechAct": "(단언) 주장하기",
            "morpheme": "모르/VV+겠/EP+어요/EF+제/NP+가/JKS+넘어진/VV+ETM+게/NNB+JKC+아니/VCN+라서/EC+키/NNG+키/XSV+ETN"
          },
          {
            "id": 5,
            "text": "1 : 키키 진짜 그 뒤로 안 타겠네",
            "norm_text": "키키 진짜 그 뒤로 안 타겠네",
            "speaker": {
              "id": "1번",
              "sex": "남성",
              "age": "20대"
            },
            "speechAct": "(단언) 주장하기",
            "morpheme": "키/NNG+키/XSV+ETN+진짜/MAG+그/MM+뒤/NNG+로/JKB+안/MAG+타/VV+겠/EP+네/EF"
          },
          {
            "id": 6,
            "text": "2 : 키키 그런 걸로 알아요 키키 *이는 운동도 못하고 추위도 타서",
            "norm_text": "키키 그런 걸로 알아요 키키 *이는 운동도 못하고 추위도 타서",
            "speaker": {
              "id": "2번",
              "sex": "남성",
              "age": "20대"
            },
            "speechAct": "(단언) 주장하기",
            "morpheme": "키키그런걸로알아요키키/UNKNOWN+*/SY+이/NP+는/JX+운동/NNG+도/JX+못하/VX+고/EC+추위/NNG+도/JX+타/VV+서/EC"
          },
          {
            "id": 7,
            "text": "1 : 키키 진짜 어떻게 갔대 간 게 신기하네",
            "norm_text": "키키 진짜 어떻게 갔대 간 게 신기하네",
            "speaker": {
              "id": "1번",
              "sex": "남성",
              "age": "20대"
            },
            "speechAct": "(단언) 주장하기",
            "morpheme": "키/NNG+키/XSV+ETN+진짜/MAG+어떻게/MAG+갔/VV+EP+대/EF+간/VV+ETM+게/NNB+JKS+신기/XR+하/XSA+네/EC"
          },
          {
            "id": 8,
            "text": "2 : 키키 그때 가족끼리 다 같이 가서 키키",
            "norm_text": "키키 그때 가족끼리 다 같이 가서 키키",
            "speaker": {
              "id": "2번",
              "sex": "남성",
              "age": "20대"
            },
            "speechAct": "(단언) 주장하기",
            "morpheme": "키/NNG+키/NNG+그때/NNG+가족/NNG+끼리/XSN+다/MAG+같이/MAG+가/VV+서/EC+키/NNG+키/XSV+ETN"
          },
          {
            "id": 9,
            "text": "1 : 아 키키 뭐 어쩔 수 없이 갔네 키키",
            "norm_text": "아 키키 뭐 어쩔 수 없이 갔네 키키",
            "speaker": {
              "id": "1번",
              "sex": "남성",
              "age": "20대"
            },
            "speechAct": "(단언) 주장하기",
            "morpheme": "아키/NNP+키/NNG+뭐/IC+어쩔/VV+ETM+수/NNB+없이/MAG+갔/VV+EP+네/EF+키/NNG+키/XSV+ETN"
          },
          {
            "id": 10,
            "text": "2 : 키키 네네 키키 글고 그때 첨 타봐서",
            "norm_text": "키키 네네 키키 글고 그때 첨 타봐서",
            "speaker": {
              "id": "2번",
              "sex": "남성",
              "age": "20대"
            },
            "speechAct": "(단언) 주장하기",
            "morpheme": "키키/NNP+네/XSN+네/XSN+키/NNG+키/XSV+ETN+글고/MAJ+그때/NNG+첨/MAG+타/VV+봐서/EC+VX+EC"
          },
          {
            "id": 11,
            "text": "1 : 키키 진짜 다시는 안 온다고 했겠네 키키",
            "norm_text": "키키 진짜 다시는 안 온다고 했겠네 키키",
            "speaker": {
              "id": "1번",
              "sex": "남성",
              "age": "20대"
            },
            "speechAct": "(단언) 주장하기",
            "morpheme": "키/NNG+키/XSV+ETN+진짜/MAG+다시/MAG+는/JX+안/MAG+온다고/VV+EC+했/VX+EP+겠/EP+네/EF+키/NNG+키/XSV+ETN"
          },
          {
            "id": 12,
            "text": "2 : 키키 글쵸 키키 안 그래도 싫어하는데 못 일어나서 식겁 한 듯",
            "norm_text": "키키 글쵸 키키 안 그래도 싫어하는데 못 일어나서 식겁 한 듯",
            "speaker": {
              "id": "2번",
              "sex": "남성",
              "age": "20대"
            },
            "speechAct": "(단언) 주장하기",
            "morpheme": "키/NNG+키/NNG+글/NNG+쵸/NNG+키/NNG+키/NNG+안/MAG+그래도/VV+EC+싫/VA+어/EC+하/VV+는데/EC+못/MAG+일어나/VV+서/EC+식겁/NNG+한/XSA+ETM+듯/NNB"
          },
          {
            "id": 13,
            "text": "1 : 그러니까 키키 뭐 거기도 초보 교실 있지 않나",
            "norm_text": "그러니까 키키 뭐 거기도 초보 교실 있지 않나",
            "speaker": {
              "id": "1번",
              "sex": "남성",
              "age": "20대"
            },
            "speechAct": "(지시) 질문하기",
            "morpheme": "그러니까/MAJ+키/NNG+키/XSV+ETN+뭐/IC+거기/NP+도/JX+초보/NNG+교실/NNG+있/VV+지/EC+않/VX+나/EC"
          },
          {
            "id": 14,
            "text": "2 : 키키 초보 교실에서 하고 갔는데 그 정도",
            "norm_text": "키키 초보 교실에서 하고 갔는데 그 정도",
            "speaker": {
              "id": "2번",
              "sex": "남성",
              "age": "20대"
            },
            "speechAct": "(단언) 주장하기",
            "morpheme": "키/NNG+키/NNG+초보/NNG+교실/NNG+에서/JKB+하/VV+고/EC+갔/VV+EP+는데/EC+그/MM+정도/NNG"
          },
          {
            "id": 15,
            "text": "1 : 아... 심각하네 키키 안 되겠다",
            "norm_text": "아... 심각하네 키키 안 되겠다",
            "speaker": {
              "id": "1번",
              "sex": "남성",
              "age": "20대"
            },
            "speechAct": "(단언) 주장하기",
            "morpheme": "아/IC+./SY+심각/XR+하/XSA+네/EF+키/NNG+키/NNG+안/MAG+되/VV+겠/EP+다/EC"
          },
          {
            "id": 16,
            "text": "2 : 키키 그니깐요 키키 그 뒤로 정말 싫어함",
            "norm_text": "키키 그니깐요 키키 그 뒤로 정말 싫어함",
            "speaker": {
              "id": "2번",
              "sex": "남성",
              "age": "20대"
            },
            "speechAct": "(단언) 주장하기",
            "morpheme": "키/NNG+키/XSV+ETN+그니깐/MAJ+요키/NNP+키/NNG+그/MM+뒤/NNG+로/JKB+정말/MAG+싫/VA+어/EC+함/VX+ETN"
          }
        ]
      }
    }
  ]
}