{
  "dataset": {
    "identifier": 67877,
    "name": "KAKAO_981_06_set",
    "src_path": "/data/file/cubeManager/PROJECT001/53/txt20211006122540079368/KAKAO_981_06_set/",
    "label_path": "/data/file/cubeManager/PROJECT001/53/txt20211006122540079368/KAKAO_981_06_set/",
    "category": 2,
    "type": 0
  },
  "licenses": {
    "name": "Apache License 1.0",
    "url": "http://www.apache.org/licenses/LICENSE-1.0"
  },
  "info": [
    {
      "id": 43006,
      "filename": "KAKAO_981_06.txt",
      "title": "KAKAO_981_06",
      "mediatype": "SNS",
      "medianame": "카카오톡",
      "category": "일상대화",
      "date": "2021-10-06",
      "size": 910,
      "annotations": {
        "subject": "교육",
        "speaker_type": "다자간 대화",
        "size": 910,
        "word_size": 271,
        "text": "1 : 저 고등학교 동창들이랑 전에 가르쳐주신 은사님 뵈러 다녀왔어요\n2 : 정말요? 아직도 잊지 못하고 찾아뵙다니 선생님께서 좋으셨나 봐요\n3 : 저도 초등학교 선생님 한 분 잊지 못하는 분이 계세요\n1 : 생각나는 선생님은 다들 한 분씩 잊지 않아요?\n2 : 맞아요 전 고등학교 2학년 때 담임 선생님이 기억에 남아요\n3 : 저는 초등학교 때 제가 쭈빗 거리고 있으니까 그 선생님께서 따뜻하게 대해주셨어요 아직도 생각나요\n1 : 다들 학교 다닐 때 공부 잘해서 선생님한테 이쁨 받았을 것 같아요\n2 : 전 공부보다 노는 걸 좋아했는데 지금 생각해보니 친구들과 먹으러 많이 다녔어요 공부한 기억은 별로 안 나요\n3 : 저두요 학교 다닐 때는 공부하는 게 너무 싫었어요\n1 : 저도 모범생은 아니었지만 그렇다고 막 놀진 않았어요\n2 : 전 선생님을 잘 만나서 그 분 덕분에 공부하기 시작했어요\n3 : 맞아요 그렇게 본받을 만한 선생님이 꼭 한 분씩은 있죠\n1 : 저 며칠 전에 동창들이랑 오랜만에 학교 가니까 뭔가 벅차더라구요\n2 : 저도 지금 학교에 가보면 감상적이 될 것 같아요\n3 : 옛날에는 초등학교가 커 보였는데 지금 보면 그렇게 크지 않은 게 신기해요\n1 : 선생님도 많이 늙으셔서 괜히 눈물 나려고 했어요\n2 : 저도 졸업한 지가 꽤 돼서 옛날 선생님들 만나면 할머니 할아버지가 되셨을 것 같아요\n3 : 그분들도 다 큰 제자들 보면 뿌듯하실 거예요\n1 : 선생님 보니까 그분도 눈가가 빨개지더라구요 그러니까 더 눈물 나지 뭐예요\n2 : 저도 동창들 모아서 한번 가봐야겠어요\n3 : 전 초등학교랑 중학교 고등학교 다 이 근처에서 나와서 가끔 길 가다가 뵈어요\n1 : 선생님들을 길 가다 보게 되면 나쁜 짓 못하겠네요\n2 : 맞아요 선생님이 곳곳에 계시니 나쁜 짓 할래야 할 수도 없겠어요\n3 : 맞아요 괜히 선생님 앞에선 단정하게 행동해야 할 것 같으니까요",
        "lines": [
          {
            "id": 1,
            "text": "1 : 저 고등학교 동창들이랑 전에 가르쳐주신 은사님 뵈러 다녀왔어요",
            "norm_text": "저 고등학교 동창들이랑 전에 가르쳐주신 은사님 뵈러 다녀왔어요",
            "speaker": {
              "id": "1번",
              "sex": "여성",
              "age": "30대"
            },
            "speechAct": "(단언) 주장하기",
            "morpheme": "저/MM+고등/NNG+학교/NNG+동창/NNG+들/XSN+이랑/JKB+전/NNG+에/JKB+가르쳐/VV+EC+주/VX+신/EP+ETM+은사/NNG+님/XSN+뵈/VV+러/EC+다녀왔/VV+EP+어요/EF"
          },
          {
            "id": 2,
            "text": "2 : 정말요? 아직도 잊지 못하고 찾아뵙다니 선생님께서 좋으셨나 봐요",
            "norm_text": "정말요? 아직도 잊지 못하고 찾아뵙다니 선생님께서 좋으셨나 봐요",
            "speaker": {
              "id": "2번",
              "sex": "여성",
              "age": "40대"
            },
            "speechAct": "(단언) 주장하기",
            "morpheme": "정말/MAG+요/JX+아직/MAG+도/JX+잊/VV+지/EC+못하/VX+고/EC+찾아뵙/VV+다니/EC+선생/NNG+님/XSN+께서/JKS+좋/VA+으셨/EP+EP+EC+나/VX+봐요/EC+VX+EC"
          },
          {
            "id": 3,
            "text": "3 : 저도 초등학교 선생님 한 분 잊지 못하는 분이 계세요",
            "norm_text": "저도 초등학교 선생님 한 분 잊지 못하는 분이 계세요",
            "speaker": {
              "id": "3번",
              "sex": "여성",
              "age": "10대"
            },
            "speechAct": "(단언) 진술하기",
            "morpheme": "저/NP+도/JX+초등/NNG+학교/NNG+선생/NNG+님/XSN+한/MM+분/NNBC+잊/VV+지/EC+못하/VX+는/ETM+분/NNB+이/JKS+계세요/VV+EC"
          },
          {
            "id": 4,
            "text": "1 : 생각나는 선생님은 다들 한 분씩 잊지 않아요?",
            "norm_text": "생각나는 선생님은 다들 한 분씩 잊지 않아요?",
            "speaker": {
              "id": "1번",
              "sex": "여성",
              "age": "30대"
            },
            "speechAct": "(지시) 질문하기",
            "morpheme": "생각/NNG+나/NP+는/JX+선생/NNG+님/XSN+은/JX+다/MAG+들/XSN+한/MM+분/NNBC+씩/XSN+잊/VV+지/EC+않/VX+아요/EF"
          },
          {
            "id": 5,
            "text": "2 : 맞아요 전 고등학교 2학년 때 담임 선생님이 기억에 남아요",
            "norm_text": "맞아요 전 고등학교 2학년 때 담임 선생님이 기억에 남아요",
            "speaker": {
              "id": "2번",
              "sex": "여성",
              "age": "40대"
            },
            "speechAct": "(단언) 주장하기",
            "morpheme": "맞/VV+아요/EF+전/MM+고등/NNG+학교/NNG+2/SN+학년/NNG+때/NNG+담임/NNG+선생/NNG+님/XSN+이/JKS+기억/NNG+에/JKB+남/VV+아요/EC"
          },
          {
            "id": 6,
            "text": "3 : 저는 초등학교 때 제가 쭈빗 거리고 있으니까 그 선생님께서 따뜻하게 대해주셨어요 아직도 생각나요",
            "norm_text": "저는 초등학교 때 제가 쭈빗 거리고 있으니까 그 선생님께서 따뜻하게 대해주셨어요 아직도 생각나요",
            "speaker": {
              "id": "3번",
              "sex": "여성",
              "age": "10대"
            },
            "speechAct": "(단언) 진술하기",
            "morpheme": "저/NP+는/JX+초등/NNG+학교/NNG+때/NNG+제/NP+가/JKS+쭈빗/MAG+거리/XSV+고/EC+있/VX+으니까/EC+그/MM+선생/NNG+님/XSN+께서/JKS+따뜻/XR+하/XSA+게/EC+대해/VV+EC+주/VX+셨/EP+EP+어요/EF+아직/MAG+도/JX+생각나/VV+요/EC"
          },
          {
            "id": 7,
            "text": "1 : 다들 학교 다닐 때 공부 잘해서 선생님한테 이쁨 받았을 것 같아요",
            "norm_text": "다들 학교 다닐 때 공부 잘해서 선생님한테 이쁨 받았을 것 같아요",
            "speaker": {
              "id": "1번",
              "sex": "여성",
              "age": "30대"
            },
            "speechAct": "(단언) 주장하기",
            "morpheme": "다/MAG+들/XSN+학교/NNG+다닐/VV+ETM+때/NNG+공부/NNG+잘/MAG+해서/VV+EC+선생/NNG+님/XSN+한테/JKB+이쁨/VA+ETN+받/VV+았/EP+을/ETM+것/NNB+같/VA+아요/EC"
          },
          {
            "id": 8,
            "text": "2 : 전 공부보다 노는 걸 좋아했는데 지금 생각해보니 친구들과 먹으러 많이 다녔어요 공부한 기억은 별로 안 나요",
            "norm_text": "전 공부보다 노는 걸 좋아했는데 지금 생각해보니 친구들과 먹으러 많이 다녔어요 공부한 기억은 별로 안 나요",
            "speaker": {
              "id": "2번",
              "sex": "여성",
              "age": "40대"
            },
            "speechAct": "(단언) 주장하기",
            "morpheme": "전/MM+공부/NNG+보다/JKB+노/VV+는/ETM+걸/NNB+JKO+좋/VA+아/EC+했/VX+EP+는데/EC+지금/MAG+생각/NNG+해/XSV+EC+보/VX+니/EC+친구/NNG+들/XSN+과/JKB+먹/VV+으러/EC+많이/MAG+다녔/VV+EP+어요/EF+공부/NNG+한/XSA+ETM+기억/NNG+은/JX+별로/MAG+안/MAG+나/VV+요/EC"
          },
          {
            "id": 9,
            "text": "3 : 저두요 학교 다닐 때는 공부하는 게 너무 싫었어요",
            "norm_text": "저두요 학교 다닐 때는 공부하는 게 너무 싫었어요",
            "speaker": {
              "id": "3번",
              "sex": "여성",
              "age": "10대"
            },
            "speechAct": "(단언) 주장하기",
            "morpheme": "저/MM+두요/NNG+학교/NNG+다닐/VV+ETM+때/NNG+는/JX+공부/NNG+하/XSV+는/ETM+게/NNB+JKS+너무/MAG+싫/VA+었/EP+어요/EF"
          },
          {
            "id": 10,
            "text": "1 : 저도 모범생은 아니었지만 그렇다고 막 놀진 않았어요",
            "norm_text": "저도 모범생은 아니었지만 그렇다고 막 놀진 않았어요",
            "speaker": {
              "id": "1번",
              "sex": "여성",
              "age": "30대"
            },
            "speechAct": "(단언) 주장하기",
            "morpheme": "저/NP+도/JX+모범생/NNG+은/JX+아니/VCN+었/EP+지만/EC+그렇/VA+다고/EC+막/NNG+놀/VV+진/EC+JX+않/VX+았/EP+어요/EF"
          },
          {
            "id": 11,
            "text": "2 : 전 선생님을 잘 만나서 그 분 덕분에 공부하기 시작했어요",
            "norm_text": "전 선생님을 잘 만나서 그 분 덕분에 공부하기 시작했어요",
            "speaker": {
              "id": "2번",
              "sex": "여성",
              "age": "40대"
            },
            "speechAct": "(단언) 주장하기",
            "morpheme": "전/MM+선생/NNG+님/XSN+을/JKO+잘/MAG+만나/VV+서/EC+그분/NP+덕분/NNG+에/JKB+공부/NNG+하/XSV+기/ETN+시작/NNG+했어요/XSV+EP+EC"
          },
          {
            "id": 12,
            "text": "3 : 맞아요 그렇게 본받을 만한 선생님이 꼭 한 분씩은 있죠",
            "norm_text": "맞아요 그렇게 본받을 만한 선생님이 꼭 한 분씩은 있죠",
            "speaker": {
              "id": "3번",
              "sex": "여성",
              "age": "10대"
            },
            "speechAct": "(단언) 주장하기",
            "morpheme": "맞/VV+아요/EF+그렇게/MAG+본받/VV+을/ETM+만/NNB+한/XSA+ETM+선생/NNG+님/XSN+이/JKS+꼭/MAG+한/MM+분/NNBC+씩/XSN+은/JX+있/VA+죠/EF"
          },
          {
            "id": 13,
            "text": "1 : 저 며칠 전에 동창들이랑 오랜만에 학교 가니까 뭔가 벅차더라구요",
            "norm_text": "저 며칠 전에 동창들이랑 오랜만에 학교 가니까 뭔가 벅차더라구요",
            "speaker": {
              "id": "1번",
              "sex": "여성",
              "age": "30대"
            },
            "speechAct": "(단언) 진술하기",
            "morpheme": "저/MM+며칠/NNG+전/NNG+에/JKB+동창/NNG+들/XSN+이랑/JKB+오랜만/NNG+에/JKB+학교/NNG+가/VV+니까/EC+뭔가/NP+VCP+EC+벅차/VV+더라구요/EC"
          },
          {
            "id": 14,
            "text": "2 : 저도 지금 학교에 가보면 감상적이 될 것 같아요",
            "norm_text": "저도 지금 학교에 가보면 감상적이 될 것 같아요",
            "speaker": {
              "id": "2번",
              "sex": "여성",
              "age": "40대"
            },
            "speechAct": "(단언) 주장하기",
            "morpheme": "저/NP+도/JX+지금/MAG+학교/NNG+에/JKB+가/VV+EC+보/VX+면/EC+감상/NNG+적/XSN+이/JKC+될/VV+ETM+것/NNB+같/VA+아요/EC"
          },
          {
            "id": 15,
            "text": "3 : 옛날에는 초등학교가 커 보였는데 지금 보면 그렇게 크지 않은 게 신기해요",
            "norm_text": "옛날에는 초등학교가 커 보였는데 지금 보면 그렇게 크지 않은 게 신기해요",
            "speaker": {
              "id": "3번",
              "sex": "여성",
              "age": "10대"
            },
            "speechAct": "(단언) 주장하기",
            "morpheme": "옛날/NNG+에/JKB+는/JX+초등/NNG+학교/NNG+가/JKS+커보였/VA+EC+VV+EP+는데/EC+지금/MAG+보/VV+면/EC+그렇게/MAG+크/VA+지/EC+않/VX+은/ETM+게/NNB+JKS+신기/XR+해요/XSA+EC"
          },
          {
            "id": 16,
            "text": "1 : 선생님도 많이 늙으셔서 괜히 눈물 나려고 했어요",
            "norm_text": "선생님도 많이 늙으셔서 괜히 눈물 나려고 했어요",
            "speaker": {
              "id": "1번",
              "sex": "여성",
              "age": "30대"
            },
            "speechAct": "(단언) 주장하기",
            "morpheme": "선생/NNG+님/XSN+도/JX+많이/MAG+늙/VV+으셔서/EP+EC+괜히/MAG+눈물나/VV+려고/EC+했/VX+EP+어요/EF"
          },
          {
            "id": 17,
            "text": "2 : 저도 졸업한 지가 꽤 돼서 옛날 선생님들 만나면 할머니 할아버지가 되셨을 것 같아요",
            "norm_text": "저도 졸업한 지가 꽤 돼서 옛날 선생님들 만나면 할머니 할아버지가 되셨을 것 같아요",
            "speaker": {
              "id": "2번",
              "sex": "여성",
              "age": "40대"
            },
            "speechAct": "(단언) 주장하기",
            "morpheme": "저/NP+도/JX+졸업/NNG+한/XSA+ETM+지/NNB+가/JKS+꽤/MAG+돼서/VV+EC+옛날/NNG+선생/NNG+님/XSN+들/XSN+만나/VV+면/EC+할머니/NNG+할아버지/NNG+가/JKS+되/VV+셨/EP+EP+을/ETM+것/NNB+같/VA+아요/EC"
          },
          {
            "id": 18,
            "text": "3 : 그분들도 다 큰 제자들 보면 뿌듯하실 거예요",
            "norm_text": "그분들도 다 큰 제자들 보면 뿌듯하실 거예요",
            "speaker": {
              "id": "3번",
              "sex": "여성",
              "age": "10대"
            },
            "speechAct": "(단언) 주장하기",
            "morpheme": "그분/NP+들/XSN+도/JX+다/MAG+큰/VA+ETM+제자/NNG+들/XSN+보/VV+면/EC+뿌듯/XR+하/XSA+실/EP+ETM+거/NNB+예요/VCP+EF"
          },
          {
            "id": 19,
            "text": "1 : 선생님 보니까 그분도 눈가가 빨개지더라구요 그러니까 더 눈물 나지 뭐예요",
            "norm_text": "선생님 보니까 그분도 눈가가 빨개지더라구요 그러니까 더 눈물 나지 뭐예요",
            "speaker": {
              "id": "1번",
              "sex": "여성",
              "age": "30대"
            },
            "speechAct": "(단언) 주장하기",
            "morpheme": "선생/NNG+님/XSN+보/VV+니까/EC+그분/NP+도/JX+눈가/NNG+가/JKS+빨개지/VV+더라구요/EF+그러니까/MAJ+더/MAG+눈물나/VV+지/EC+뭐/NP+예요/VCP+EF"
          },
          {
            "id": 20,
            "text": "2 : 저도 동창들 모아서 한번 가봐야겠어요",
            "norm_text": "저도 동창들 모아서 한번 가봐야겠어요",
            "speaker": {
              "id": "2번",
              "sex": "여성",
              "age": "40대"
            },
            "speechAct": "(단언) 주장하기",
            "morpheme": "저/NP+도/JX+동창/NNG+들/XSN+모아서/VV+EC+한/MM+번/NNBC+가/VV+봐야/EC+VX+EC+VX+겠/EP+어요/EF"
          },
          {
            "id": 21,
            "text": "3 : 전 초등학교랑 중학교 고등학교 다 이 근처에서 나와서 가끔 길 가다가 뵈어요",
            "norm_text": "전 초등학교랑 중학교 고등학교 다 이 근처에서 나와서 가끔 길 가다가 뵈어요",
            "speaker": {
              "id": "3번",
              "sex": "여성",
              "age": "10대"
            },
            "speechAct": "(단언) 진술하기",
            "morpheme": "전/MM+초등/NNG+학교/NNG+랑/JKB+중학교/NNG+고등/NNG+학교/NNG+다/VCP+EF+이/MM+근처/NNG+에서/JKB+나와서/VV+EC+가끔/MAG+길/NNG+가/VV+다가/EC+뵈/VV+어요/EF"
          },
          {
            "id": 22,
            "text": "1 : 선생님들을 길 가다 보게 되면 나쁜 짓 못하겠네요",
            "norm_text": "선생님들을 길 가다 보게 되면 나쁜 짓 못하겠네요",
            "speaker": {
              "id": "1번",
              "sex": "여성",
              "age": "30대"
            },
            "speechAct": "(단언) 주장하기",
            "morpheme": "선생/NNG+님/XSN+들/XSN+을/JKO+길/NNG+가/VV+다/EC+보/VX+게/EC+되/VV+면/EC+나쁜/VA+ETM+짓/NNB+못/MAG+하/VV+겠/EP+네요/EC"
          },
          {
            "id": 23,
            "text": "2 : 맞아요 선생님이 곳곳에 계시니 나쁜 짓 할래야 할 수도 없겠어요",
            "norm_text": "맞아요 선생님이 곳곳에 계시니 나쁜 짓 할래야 할 수도 없겠어요",
            "speaker": {
              "id": "2번",
              "sex": "여성",
              "age": "40대"
            },
            "speechAct": "(단언) 주장하기",
            "morpheme": "맞/VV+아요/EF+선생/NNG+님/XSN+이/JKS+곳곳/NNG+에/JKB+계시/VV+니/EC+나쁜/VA+ETM+짓/NNG+할래야/XSV+EC+할/VX+ETM+수/NNB+도/JX+없/VA+겠/EP+어요/EF"
          },
          {
            "id": 24,
            "text": "3 : 맞아요 괜히 선생님 앞에선 단정하게 행동해야 할 것 같으니까요",
            "norm_text": "맞아요 괜히 선생님 앞에선 단정하게 행동해야 할 것 같으니까요",
            "speaker": {
              "id": "3번",
              "sex": "여성",
              "age": "10대"
            },
            "speechAct": "(단언) 주장하기",
            "morpheme": "맞/VV+아요/EF+괜히/MAG+선생/NNG+님/XSN+앞/NNG+에선/JKB+JX+단정/XR+하/XSA+게/EC+행동/NNG+해야/XSV+EC+할/VX+ETM+것/NNB+같/VA+으니까요/EC"
          }
        ]
      }
    }
  ]
}