{
  "dataset": {
    "identifier": 51062,
    "name": "KAKAO_987_18_set",
    "src_path": "/data/file/cubeManager/PROJECT001/53/txt20211006134546096364/KAKAO_987_18_set/",
    "label_path": "/data/file/cubeManager/PROJECT001/53/txt20211006134546096364/KAKAO_987_18_set/",
    "category": 2,
    "type": 0
  },
  "licenses": {
    "name": "Apache License 1.0",
    "url": "http://www.apache.org/licenses/LICENSE-1.0"
  },
  "info": [
    {
      "id": 43178,
      "filename": "KAKAO_987_18.txt",
      "title": "KAKAO_987_18",
      "mediatype": "SNS",
      "medianame": "카카오톡",
      "category": "일상대화",
      "date": "2021-10-06",
      "size": 308,
      "annotations": {
        "subject": "상거래 전반",
        "speaker_type": "1:1",
        "size": 308,
        "word_size": 114,
        "text": "1 : 아니 오늘 벅수 밥 시켰는데\n2 : 밥 비쌀 듯 요새 물가 ㅠㅠ\n1 : 목금 안에 올까?\n2 : 절대 안 올 듯 담주 돼야\n1 : 밥은 별루 안 비싸!\n2 : 택배 많이 밀려서 담주 예상\n1 : 벅밥 3개월에 9만원 정도 키키\n2 : 이번 주에 올 수가 없을 듯 하하\n1 : 벅밥 엄청 조금 먹잖아 키키\n2 : 3개월에 9만원이면 싸넹 하하\n1 : 맞제...? 택배 졸 밀렸겠제...?\n2 : 근데 개벅수는 냄새가 너무 나서\n1 : 엉 하루에 천 원치 먹는 꼴...\n2 : 좀 씻어야 될 듯 하하\n1 : 키키 엉 바로  씻길 것임...\n2 : 씻기는 건 왜 이리 안 하냐",
        "lines": [
          {
            "id": 1,
            "text": "1 : 아니 오늘 벅수 밥 시켰는데",
            "norm_text": "아니 오늘 벅수 밥 시켰는데",
            "speaker": {
              "id": "1번",
              "sex": "여성",
              "age": "30대"
            },
            "speechAct": "(단언) 진술하기",
            "morpheme": "아니/IC+오늘/MAG+벅수/NNG+밥/NNG+시켰/XSV+EP+는데/EC"
          },
          {
            "id": 2,
            "text": "2 : 밥 비쌀 듯 요새 물가 ㅠㅠ",
            "norm_text": "밥 비쌀 듯 요새 물가 ㅠㅠ",
            "speaker": {
              "id": "2번",
              "sex": "남성",
              "age": "30대"
            },
            "speechAct": "(단언) 진술하기",
            "morpheme": "밥/NNG+비쌀/VA+ETM+듯/NNB+요새/NNG+물가/NNG+ㅠㅠ/UNKNOWN"
          },
          {
            "id": 3,
            "text": "1 : 목금 안에 올까?",
            "norm_text": "목금 안에 올까?",
            "speaker": {
              "id": "1번",
              "sex": "여성",
              "age": "30대"
            },
            "speechAct": "(지시) 질문하기",
            "morpheme": "목금/NNG+안/NNG+에/JKB+올까/VV+EF"
          },
          {
            "id": 4,
            "text": "2 : 절대 안 올 듯 담주 돼야",
            "norm_text": "절대 안 올 듯 담주 돼야",
            "speaker": {
              "id": "2번",
              "sex": "남성",
              "age": "30대"
            },
            "speechAct": "(단언) 주장하기",
            "morpheme": "절대/MAG+안/MAG+올/VV+ETM+듯/NNB+담/VV+주/EC+돼야/VV+EC"
          },
          {
            "id": 5,
            "text": "1 : 밥은 별루 안 비싸!",
            "norm_text": "밥은 별루 안 비싸!",
            "speaker": {
              "id": "1번",
              "sex": "여성",
              "age": "30대"
            },
            "speechAct": "(단언) 진술하기",
            "morpheme": "밥/NNG+은/JX+별루/MAG+안/MAG+비싸/VA+EF"
          },
          {
            "id": 6,
            "text": "2 : 택배 많이 밀려서 담주 예상",
            "norm_text": "택배 많이 밀려서 담주 예상",
            "speaker": {
              "id": "2번",
              "sex": "남성",
              "age": "30대"
            },
            "speechAct": "(단언) 주장하기",
            "morpheme": "택배/NNG+많이/MAG+밀려서/VV+EC+담주/NNP+예상/NNG"
          },
          {
            "id": 7,
            "text": "1 : 벅밥 3개월에 9만원 정도 키키",
            "norm_text": "벅밥 3개월에 9만원 정도 키키",
            "speaker": {
              "id": "1번",
              "sex": "여성",
              "age": "30대"
            },
            "speechAct": "(단언) 진술하기",
            "morpheme": "벅/MAG+밥/NNG+3/SN+개월/NNBC+에/JKB+9/SN+만/NR+원/NNBC+정도/NNG+키/NNG+키/XSV+ETN"
          },
          {
            "id": 8,
            "text": "2 : 이번 주에 올 수가 없을 듯 하하",
            "norm_text": "이번 주에 올 수가 없을 듯 하하",
            "speaker": {
              "id": "2번",
              "sex": "남성",
              "age": "30대"
            },
            "speechAct": "(단언) 주장하기",
            "morpheme": "이번/NNG+주/NNG+에/JKB+올/VV+ETM+수/NNB+가/JKS+없/VA+을/ETM+듯/NNB+하/XSA+하/XSA"
          },
          {
            "id": 9,
            "text": "1 : 벅밥 엄청 조금 먹잖아 키키",
            "norm_text": "벅밥 엄청 조금 먹잖아 키키",
            "speaker": {
              "id": "1번",
              "sex": "여성",
              "age": "30대"
            },
            "speechAct": "(단언) 진술하기",
            "morpheme": "벅/MAG+밥/NNG+엄청/MAG+조금/MAG+먹/VV+잖아/EC+키/NNG+키/XSV+ETN"
          },
          {
            "id": 10,
            "text": "2 : 3개월에 9만원이면 싸넹 하하",
            "norm_text": "3개월에 9만원이면 싸넹 하하",
            "speaker": {
              "id": "2번",
              "sex": "남성",
              "age": "30대"
            },
            "speechAct": "(단언) 주장하기",
            "morpheme": "3/SN+개월/NNBC+에/JKB+9/SN+만원이면싸넹하하/UNKNOWN"
          },
          {
            "id": 11,
            "text": "1 : 맞제...? 택배 졸 밀렸겠제...?",
            "norm_text": "맞제...? 택배 졸 밀렸겠제...?",
            "speaker": {
              "id": "1번",
              "sex": "여성",
              "age": "30대"
            },
            "speechAct": "(지시) 질문하기",
            "morpheme": "맞/VV+제/EF+./SY+./SY+택배졸밀렸겠제/UNKNOWN+./SY+./SY"
          },
          {
            "id": 12,
            "text": "2 : 근데 개벅수는 냄새가 너무 나서",
            "norm_text": "근데 개벅수는 냄새가 너무 나서",
            "speaker": {
              "id": "2번",
              "sex": "남성",
              "age": "30대"
            },
            "speechAct": "(단언) 진술하기",
            "morpheme": "근데/MAJ+개/NNG+벅수/NNG+는/JX+냄새/NNG+가/JKS+너무나/MAG+서/VV+EC"
          },
          {
            "id": 13,
            "text": "1 : 엉 하루에 천 원치 먹는 꼴...",
            "norm_text": "엉 하루에 천 원치 먹는 꼴...",
            "speaker": {
              "id": "1번",
              "sex": "여성",
              "age": "30대"
            },
            "speechAct": "(단언) 진술하기",
            "morpheme": "엉/IC+하루/NNG+에/JKB+천/NR+원/NNBC+치/XSN+먹/VV+는/ETM+꼴/NNG+./SY+./SY"
          },
          {
            "id": 14,
            "text": "2 : 좀 씻어야 될 듯 하하",
            "norm_text": "좀 씻어야 될 듯 하하",
            "speaker": {
              "id": "2번",
              "sex": "남성",
              "age": "30대"
            },
            "speechAct": "(단언) 주장하기",
            "morpheme": "좀/MAG+씻/VV+어야/EC+될/VV+ETM+듯/NNB+하/XSA+하/XSA"
          },
          {
            "id": 15,
            "text": "1 : 키키 엉 바로  씻길 것임...",
            "norm_text": "키키 엉 바로  씻길 것임...",
            "speaker": {
              "id": "1번",
              "sex": "여성",
              "age": "30대"
            },
            "speechAct": "(단언) 주장하기",
            "morpheme": "키/NNG+키/VV+엉/EC+바로/MAG+씻/VV+길/ETN+ETM+것/NNB+임/VCP+ETN+./SY"
          },
          {
            "id": 16,
            "text": "2 : 씻기는 건 왜 이리 안 하냐",
            "norm_text": "씻기는 건 왜 이리 안 하냐",
            "speaker": {
              "id": "2번",
              "sex": "남성",
              "age": "30대"
            },
            "speechAct": "(단언) 주장하기",
            "morpheme": "씻기/VV+는/ETM+건/NNB+JX+왜/MAG+이리/MAG+안/MAG+하/VV+냐/EC"
          }
        ]
      }
    }
  ]
}