{
  "dataset": {
    "identifier": 45772,
    "name": "KAKAO_914_17_set",
    "src_path": "/data/file/cubeManager/PROJECT001/53/txt20211005161430081888/KAKAO_914_17_set/",
    "label_path": "/data/file/cubeManager/PROJECT001/53/txt20211005161430081888/KAKAO_914_17_set/",
    "category": 2,
    "type": 0
  },
  "licenses": {
    "name": "Apache License 1.0",
    "url": "http://www.apache.org/licenses/LICENSE-1.0"
  },
  "info": [
    {
      "id": 42034,
      "filename": "KAKAO_914_17.txt",
      "title": "KAKAO_914_17",
      "mediatype": "SNS",
      "medianame": "카카오톡",
      "category": "일상대화",
      "date": "2021-10-05",
      "size": 390,
      "annotations": {
        "subject": "건강",
        "speaker_type": "1:1",
        "size": 390,
        "word_size": 135,
        "text": "1 : 위생 철저하게 해서 그런가 올해는 감기도 안 걸렸네 키키\n2 : 키키 마스크 덕분일 수도 있어 키키\n1 : 맞아 키키 손도 잘 씻고 키키\n2 : 맞아 맞아 키키 위생이 이렇게 중요합니다 키키\n1 : 정말 키키 오늘 날씨 좋아서 이불 빨래한다\n2 : 오~ 부지런한데? 키키\n2 : 오늘 꿀잠 자겠다\n1 : 날씨 좋으면 청소하고 싶음 키키\n2 : 이불 빨래하고 나면 옥상에다가 널어?\n1 : 노노 키키 빌라라 베란다에 널지\n2 : 아하 키키 햇볕에 말리고 싶지 않나 키키\n1 : 옹 키키 어쩔 수 없지 키키\n2 : 햇살 냄새도 있잖아 키키 포근한 것이 키키\n1 : 맞아 키키 내 집을 가져야지 진짜\n2 : 나도 이불 빨래 해야 하는데 키키\n1 : 키키 이불 빨래 하는 게 쉽지 않지\n2 : 키키 맞아 키키 부피도 커서 키키",
        "lines": [
          {
            "id": 1,
            "text": "1 : 위생 철저하게 해서 그런가 올해는 감기도 안 걸렸네 키키",
            "norm_text": "위생 철저하게 해서 그런가 올해는 감기도 안 걸렸네 키키",
            "speaker": {
              "id": "1번",
              "sex": "남성",
              "age": "20대"
            },
            "speechAct": "(단언) 주장하기",
            "morpheme": "위생/NNG+철저/NNG+하/XSV+게/EC+해서/VV+EC+그런가/VA+EC+올해/NNG+는/JX+감기/NNG+도/JX+안/MAG+걸렸/VV+EP+네/EF+키/NNG+키/XSV+ETN"
          },
          {
            "id": 2,
            "text": "2 : 키키 마스크 덕분일 수도 있어 키키",
            "norm_text": "키키 마스크 덕분일 수도 있어 키키",
            "speaker": {
              "id": "2번",
              "sex": "여성",
              "age": "20대"
            },
            "speechAct": "(단언) 주장하기",
            "morpheme": "키/NNG+키/NNG+마스크/NNG+덕분/NNG+일/VCP+ETM+수/NNB+도/JX+있/VA+어/EC+키/NNG+키/XSV+ETN"
          },
          {
            "id": 3,
            "text": "1 : 맞아 키키 손도 잘 씻고 키키",
            "norm_text": "맞아 키키 손도 잘 씻고 키키",
            "speaker": {
              "id": "1번",
              "sex": "남성",
              "age": "20대"
            },
            "speechAct": "(단언) 주장하기",
            "morpheme": "맞/VV+아/EC+키/NNG+키손/NNG+도/JX+잘/MAG+씻/VV+고/EC+키/NNG+키/XSV+ETN"
          },
          {
            "id": 4,
            "text": "2 : 맞아 맞아 키키 위생이 이렇게 중요합니다 키키",
            "norm_text": "맞아 맞아 키키 위생이 이렇게 중요합니다 키키",
            "speaker": {
              "id": "2번",
              "sex": "여성",
              "age": "20대"
            },
            "speechAct": "(단언) 주장하기",
            "morpheme": "맞/VV+아/EC+맞/VV+아/EC+키/NNG+키위/NNG+생/XSN+이/JKS+이렇게/MAG+중요/NNG+합니다/XSV+EF+키/NNG+키/XSV+ETN"
          },
          {
            "id": 5,
            "text": "1 : 정말 키키 오늘 날씨 좋아서 이불 빨래한다",
            "norm_text": "정말 키키 오늘 날씨 좋아서 이불 빨래한다",
            "speaker": {
              "id": "1번",
              "sex": "남성",
              "age": "20대"
            },
            "speechAct": "(단언) 주장하기",
            "morpheme": "정말/MAG+키/NNG+키/NNG+오늘/NNG+날씨/NNG+좋/VA+아서/EC+이불/NNG+빨래/NNG+한다/XSV+EC"
          },
          {
            "id": 6,
            "text": "2 : 오~ 부지런한데? 키키",
            "norm_text": "오~ 부지런한데? 키키",
            "speaker": {
              "id": "2번",
              "sex": "여성",
              "age": "20대"
            },
            "speechAct": "(단언) 주장하기",
            "morpheme": "오/NR+~/SY+부지런/NNG+한데/XSA+EF+키/NNG+키/XSV+ETN"
          },
          {
            "id": 7,
            "text": "2 : 오늘 꿀잠 자겠다",
            "norm_text": "오늘 꿀잠 자겠다",
            "speaker": {
              "id": "2번",
              "sex": "여성",
              "age": "20대"
            },
            "speechAct": "(단언) 주장하기",
            "morpheme": "오늘/MAG+꿀/NNG+잠자/VV+겠/EP+다/EC"
          },
          {
            "id": 8,
            "text": "1 : 날씨 좋으면 청소하고 싶음 키키",
            "norm_text": "날씨 좋으면 청소하고 싶음 키키",
            "speaker": {
              "id": "1번",
              "sex": "남성",
              "age": "20대"
            },
            "speechAct": "(단언) 주장하기",
            "morpheme": "날씨/NNG+좋/VA+으면/EC+청소/NNG+하/XSV+고/EC+싶/VX+음/ETN+키/NNG+키/XSV+ETN"
          },
          {
            "id": 9,
            "text": "2 : 이불 빨래하고 나면 옥상에다가 널어?",
            "norm_text": "이불 빨래하고 나면 옥상에다가 널어?",
            "speaker": {
              "id": "2번",
              "sex": "여성",
              "age": "20대"
            },
            "speechAct": "(지시) 질문하기",
            "morpheme": "이불/NNG+빨래/NNG+하/XSV+고/EC+나/VX+면/EC+옥상/NNG+에다가/JKB+널/VV+어/EF"
          },
          {
            "id": 10,
            "text": "1 : 노노 키키 빌라라 베란다에 널지",
            "norm_text": "노노 키키 빌라라 베란다에 널지",
            "speaker": {
              "id": "1번",
              "sex": "남성",
              "age": "20대"
            },
            "speechAct": "(단언) 주장하기",
            "morpheme": "노노/IC+키/NNG+키/XSV+ETN+빌/VV+라라/EC+베란다/NNG+에/JKB+널/VV+지/EC"
          },
          {
            "id": 11,
            "text": "2 : 아하 키키 햇볕에 말리고 싶지 않나 키키",
            "norm_text": "아하 키키 햇볕에 말리고 싶지 않나 키키",
            "speaker": {
              "id": "2번",
              "sex": "여성",
              "age": "20대"
            },
            "speechAct": "(지시) 질문하기",
            "morpheme": "아/IC+하키/NNG+키/NNG+햇볕/NNG+에/JKB+말리/VV+고/EC+싶/VX+지/EC+않/VX+나/EC+키/NNG+키/XSV+ETN"
          },
          {
            "id": 12,
            "text": "1 : 옹 키키 어쩔 수 없지 키키",
            "norm_text": "옹 키키 어쩔 수 없지 키키",
            "speaker": {
              "id": "1번",
              "sex": "남성",
              "age": "20대"
            },
            "speechAct": "(단언) 주장하기",
            "morpheme": "옹/NNG+키/NNG+키/XSV+ETN+어쩔/VV+ETM+수/NNB+없/VA+지/EC+키/NNG+키/XSV+ETN"
          },
          {
            "id": 13,
            "text": "2 : 햇살 냄새도 있잖아 키키 포근한 것이 키키",
            "norm_text": "햇살 냄새도 있잖아 키키 포근한 것이 키키",
            "speaker": {
              "id": "2번",
              "sex": "여성",
              "age": "20대"
            },
            "speechAct": "(단언) 주장하기",
            "morpheme": "햇살/NNG+냄새/NNG+도/JX+있/VA+잖아/EC+키/NNG+키/XSV+ETN+포근/XR+한/XSA+ETM+것/NNB+이/JKS+키/NNG+키/XSV+ETN"
          },
          {
            "id": 14,
            "text": "1 : 맞아 키키 내 집을 가져야지 진짜",
            "norm_text": "맞아 키키 내 집을 가져야지 진짜",
            "speaker": {
              "id": "1번",
              "sex": "남성",
              "age": "20대"
            },
            "speechAct": "(단언) 주장하기",
            "morpheme": "맞/VV+아/EC+키/NNG+키/XSV+ETN+내/NP+JKG+집/NNG+을/JKO+가져야지/VV+EC+진짜/MAG"
          },
          {
            "id": 15,
            "text": "2 : 나도 이불 빨래 해야 하는데 키키",
            "norm_text": "나도 이불 빨래 해야 하는데 키키",
            "speaker": {
              "id": "2번",
              "sex": "여성",
              "age": "20대"
            },
            "speechAct": "(단언) 주장하기",
            "morpheme": "나/NP+도/JX+이불/NNG+빨래/NNG+해야/XSV+EC+하/VV+는데/EC+키/NNG+키/XSV+ETN"
          },
          {
            "id": 16,
            "text": "1 : 키키 이불 빨래 하는 게 쉽지 않지",
            "norm_text": "키키 이불 빨래 하는 게 쉽지 않지",
            "speaker": {
              "id": "1번",
              "sex": "남성",
              "age": "20대"
            },
            "speechAct": "(단언) 주장하기",
            "morpheme": "키/NNG+키/XSV+ETN+이/JKS+불/XPN+빨래/NNG+하/XSV+는/ETM+게/NNB+JKS+쉽/VA+지/EC+않/VX+지/EC"
          },
          {
            "id": 17,
            "text": "2 : 키키 맞아 키키 부피도 커서 키키",
            "norm_text": "키키 맞아 키키 부피도 커서 키키",
            "speaker": {
              "id": "2번",
              "sex": "여성",
              "age": "20대"
            },
            "speechAct": "(단언) 주장하기",
            "morpheme": "키/NNG+키/XSV+ETN+맞/VV+아/EC+키/NNG+키/NNG+부피/NNG+도/JX+커서/VV+EC+키/NNG+키/XSV+ETN"
          }
        ]
      }
    }
  ]
}