{
  "dataset": {
    "identifier": 34701,
    "name": "KAKAO_938_07_set",
    "src_path": "/data/file/cubeManager/PROJECT001/53/txt20211005162530009553/KAKAO_938_07_set/",
    "label_path": "/data/file/cubeManager/PROJECT001/53/txt20211005162530009553/KAKAO_938_07_set/",
    "category": 2,
    "type": 0
  },
  "licenses": {
    "name": "Apache License 1.0",
    "url": "http://www.apache.org/licenses/LICENSE-1.0"
  },
  "info": [
    {
      "id": 42324,
      "filename": "KAKAO_938_07.txt",
      "title": "KAKAO_938_07",
      "mediatype": "SNS",
      "medianame": "카카오톡",
      "category": "일상대화",
      "date": "2021-10-05",
      "size": 814,
      "annotations": {
        "subject": "가족",
        "speaker_type": "1:1",
        "size": 814,
        "word_size": 269,
        "text": "1 : 추석인데 부모님이랑 오빠랑 다들 모영?ㅇ?\n2 : 이번 추석 때는 시골 안 가기로 해서 친척들 못 봐\n2 : 코로나 때문도 있고 해서 가기가 좀 그렇더라구\n2 : 너는 집에 안 가?\n1 : 아아 ㅜ 부담스럽긴 하징 ㅜ\n1 : 난 내일 올라 가려구! 키키\n1 : 민트랑 엄마랑이 다긴 하지만 키키\n2 : 근데 뭔가 이번 명절은 별로 명절 느낌이 안 나지 않아?\n1 : 키키 맞아 날씨도 너무 여름 같고 그냥 휴일 같다\n2 : 근데 요즘엔 명절에 시골 가거나 하는 사람들 보다 가족들끼리 여행 가고 놀러 가는 사람들이 많더라구?\n1 : 그렇구나 키키\n1 : 또 제사도 점점 안 지내는 집이 많아지더라 키키\n2 : 응 키키 우리 엄만 나중에 나보고 제사 하지 말래\n2 : 너는 제사 어떻게 할 거야?\n1 : 나도 안 할 것 같아 키키\n1 : 우리 세대 부모님들도 점점 미디어 이런 데서 시대가 바뀌는 걸 보시니까 생각이 바뀌시는 것 같아 하하\n2 : 그렇더라고 키키\n2 : 명절에 가족들끼리 모여서 여행 가는 게 진짜 좋은 것 같아\n1 : 키키 코로나 전에는 해외여행도 가고 그러던뎅 키키\n2 : 응 지금은 해외여행은 못 가지만 국내 여행도 좋은 거 같아 키키\n2 : 나는 엄마랑 많이 놀러 다니질 못해서 엄마랑 둘이서 여행 가고 싶어\n1 : 키키 제주도 여행 좋지 않아 모녀 여행으로? 키키\n2 : 제주도도 좋고 사실 어디든 다 상관없어 엄마랑 가는 거면 키키\n1 : 키키 맞앙 나도 차 사서 엄마 다리 안 아프게 태워드리면서 여행 다니고 싶더랑\n2 : 응 키키 일단 그러면 우리 둘 다 돈을 모으는 게 우선이겠네 키키\n2 : 아 너희 어머니랑 우리 엄마랑 이렇게 넷이서 놀러 가도 좋을 것 같아",
        "lines": [
          {
            "id": 1,
            "text": "1 : 추석인데 부모님이랑 오빠랑 다들 모영?ㅇ?",
            "norm_text": "추석인데 부모님이랑 오빠랑 다들 모영?ㅇ?",
            "speaker": {
              "id": "1번",
              "sex": "여성",
              "age": "20대"
            },
            "speechAct": "(지시) 질문하기",
            "morpheme": "추석/NNG+인데/VCP+EC+부모/NNG+님/XSN+이랑/JKB+오빠/NNG+랑/JKB+다/MAG+들/XSN+모영/NNG+?/SY+ㅇ/UNKNOWN"
          },
          {
            "id": 2,
            "text": "2 : 이번 추석 때는 시골 안 가기로 해서 친척들 못 봐",
            "norm_text": "이번 추석 때는 시골 안 가기로 해서 친척들 못 봐",
            "speaker": {
              "id": "2번",
              "sex": "여성",
              "age": "20대"
            },
            "speechAct": "(단언) 진술하기",
            "morpheme": "이번/NNG+추석/NNG+때/NNG+는/JX+시골/NNG+안/MAG+가/VV+기/ETN+로/JKB+해서/VV+EC+친척/NNG+들/XSN+못/MAG+봐/VV+EC"
          },
          {
            "id": 3,
            "text": "2 : 코로나 때문도 있고 해서 가기가 좀 그렇더라구",
            "norm_text": "코로나 때문도 있고 해서 가기가 좀 그렇더라구",
            "speaker": {
              "id": "2번",
              "sex": "여성",
              "age": "20대"
            },
            "speechAct": "(단언) 주장하기",
            "morpheme": "코로나/NNG+때문/NNB+도/JX+있/VA+고/EC+해서/VV+EC+가/VX+기/ETN+가/JKS+좀/MAG+그렇/VA+더라구/EC"
          },
          {
            "id": 4,
            "text": "2 : 너는 집에 안 가?",
            "norm_text": "너는 집에 안 가?",
            "speaker": {
              "id": "2번",
              "sex": "여성",
              "age": "20대"
            },
            "speechAct": "(지시) 질문하기",
            "morpheme": "너/NP+는/JX+집/NNG+에/JKB+안/MAG+가/VV+EF"
          },
          {
            "id": 5,
            "text": "1 : 아아 ㅜ 부담스럽긴 하징 ㅜ",
            "norm_text": "아아 ㅜ 부담스럽긴 하징 ㅜ",
            "speaker": {
              "id": "1번",
              "sex": "여성",
              "age": "20대"
            },
            "speechAct": "(단언) 주장하기",
            "morpheme": "아/IC+아ㅜ/UNKNOWN+부담/NNG+스럽/XSA+긴/ETN+JX+하/VX+징ㅜ/UNKNOWN"
          },
          {
            "id": 6,
            "text": "1 : 난 내일 올라 가려구! 키키",
            "norm_text": "난 내일 올라 가려구! 키키",
            "speaker": {
              "id": "1번",
              "sex": "여성",
              "age": "20대"
            },
            "speechAct": "(단언) 주장하기",
            "morpheme": "난/NP+JX+내일/MAG+올라가/VV+려구/EF+키/NNG+키/XSV+ETN"
          },
          {
            "id": 7,
            "text": "1 : 민트랑 엄마랑이 다긴 하지만 키키",
            "norm_text": "민트랑 엄마랑이 다긴 하지만 키키",
            "speaker": {
              "id": "1번",
              "sex": "여성",
              "age": "20대"
            },
            "speechAct": "(단언) 주장하기",
            "morpheme": "민트/NNG+랑/JKB+엄마/NNG+랑/JC+이/MM+다/MAG+긴하/VA+지만/EC+키/NNG+키/XSV+ETN"
          },
          {
            "id": 8,
            "text": "2 : 근데 뭔가 이번 명절은 별로 명절 느낌이 안 나지 않아?",
            "norm_text": "근데 뭔가 이번 명절은 별로 명절 느낌이 안 나지 않아?",
            "speaker": {
              "id": "2번",
              "sex": "여성",
              "age": "20대"
            },
            "speechAct": "(지시) 질문하기",
            "morpheme": "근데/MAJ+뭔가/NP+VCP+EC+이번/NNG+명절/NNG+은/JX+별로/MAG+명절/NNG+느낌/NNG+이/JKS+안/MAG+나/VV+지/EC+않/VX+아/EF"
          },
          {
            "id": 9,
            "text": "1 : 키키 맞아 날씨도 너무 여름 같고 그냥 휴일 같다",
            "norm_text": "키키 맞아 날씨도 너무 여름 같고 그냥 휴일 같다",
            "speaker": {
              "id": "1번",
              "sex": "여성",
              "age": "20대"
            },
            "speechAct": "(단언) 주장하기",
            "morpheme": "키/NNG+키/XSV+ETN+맞/VV+아/EC+날씨/NNG+도/JX+너무/MAG+여름/NNG+같/VA+고/EC+그냥/MAG+휴일/NNG+같/VA+다/EC"
          },
          {
            "id": 10,
            "text": "2 : 근데 요즘엔 명절에 시골 가거나 하는 사람들 보다 가족들끼리 여행 가고 놀러 가는 사람들이 많더라구?",
            "norm_text": "근데 요즘엔 명절에 시골 가거나 하는 사람들 보다 가족들끼리 여행 가고 놀러 가는 사람들이 많더라구?",
            "speaker": {
              "id": "2번",
              "sex": "여성",
              "age": "20대"
            },
            "speechAct": "(단언) 주장하기",
            "morpheme": "근데/MAJ+요즘/NNG+엔/JKB+JX+명절/NNG+에/JKB+시골/NNG+가/VV+거나/EC+하/VV+는/ETM+사람/NNG+들/XSN+보다/JKB+가족/NNG+들/XSN+끼리/XSN+여행/NNG+가/VV+고/EC+놀러가/VV+는/ETM+사람/NNG+들/XSN+이/JKS+많/VA+더라구/EF"
          },
          {
            "id": 11,
            "text": "1 : 그렇구나 키키",
            "norm_text": "그렇구나 키키",
            "speaker": {
              "id": "1번",
              "sex": "여성",
              "age": "20대"
            },
            "speechAct": "(단언) 주장하기",
            "morpheme": "그렇/VA+구나/EF+키/NNG+키/XSV+ETN"
          },
          {
            "id": 12,
            "text": "1 : 또 제사도 점점 안 지내는 집이 많아지더라 키키",
            "norm_text": "또 제사도 점점 안 지내는 집이 많아지더라 키키",
            "speaker": {
              "id": "1번",
              "sex": "여성",
              "age": "20대"
            },
            "speechAct": "(단언) 주장하기",
            "morpheme": "또/MAG+제사/NNG+도/JX+점점/MAG+안/MAG+지내/VV+는/ETM+집/NNG+이/JKS+많/VA+아/EC+지/VX+더라/EC+키/NNG+키/XSV+ETN"
          },
          {
            "id": 13,
            "text": "2 : 응 키키 우리 엄만 나중에 나보고 제사 하지 말래",
            "norm_text": "응 키키 우리 엄만 나중에 나보고 제사 하지 말래",
            "speaker": {
              "id": "2번",
              "sex": "여성",
              "age": "20대"
            },
            "speechAct": "(단언) 진술하기",
            "morpheme": "응/IC+키/NNG+키/XSV+ETN+우리/NP+엄만/NNG+JX+나중/NNG+에/JKB+나/NP+보고/JKB+제사/NNG+하/XSV+지/EC+말래/NNG"
          },
          {
            "id": 14,
            "text": "2 : 너는 제사 어떻게 할 거야?",
            "norm_text": "너는 제사 어떻게 할 거야?",
            "speaker": {
              "id": "2번",
              "sex": "여성",
              "age": "20대"
            },
            "speechAct": "(지시) 질문하기",
            "morpheme": "너/NP+는/JX+제사/NNG+어떻게/MAG+할/VV+ETM+거/NNB+야/VCP+EF"
          },
          {
            "id": 15,
            "text": "1 : 나도 안 할 것 같아 키키",
            "norm_text": "나도 안 할 것 같아 키키",
            "speaker": {
              "id": "1번",
              "sex": "여성",
              "age": "20대"
            },
            "speechAct": "(단언) 주장하기",
            "morpheme": "나/NP+도/JX+안/MAG+할/VV+ETM+것/NNB+같/VA+아/EC+키/NNG+키/XSV+ETN"
          },
          {
            "id": 16,
            "text": "1 : 우리 세대 부모님들도 점점 미디어 이런 데서 시대가 바뀌는 걸 보시니까 생각이 바뀌시는 것 같아 하하",
            "norm_text": "우리 세대 부모님들도 점점 미디어 이런 데서 시대가 바뀌는 걸 보시니까 생각이 바뀌시는 것 같아 하하",
            "speaker": {
              "id": "1번",
              "sex": "여성",
              "age": "20대"
            },
            "speechAct": "(단언) 주장하기",
            "morpheme": "우리/NP+세대/NNG+부모/NNG+님/XSN+들/XSN+도/JX+점점/MAG+미디어/NNG+이런/MM+데/NNB+서/JKB+시대/NNG+가/JKS+바뀌/VV+는/ETM+걸/NNB+JKO+보/VV+시/EP+니까/EC+생각/NNG+이/JKS+바뀌/VV+시/EP+는/ETM+것/NNB+같/VA+아/EC+하하/MAG"
          },
          {
            "id": 17,
            "text": "2 : 그렇더라고 키키",
            "norm_text": "그렇더라고 키키",
            "speaker": {
              "id": "2번",
              "sex": "여성",
              "age": "20대"
            },
            "speechAct": "(단언) 주장하기",
            "morpheme": "그렇/VA+더라고/EC+키/NNG+키/XSV+ETN"
          },
          {
            "id": 18,
            "text": "2 : 명절에 가족들끼리 모여서 여행 가는 게 진짜 좋은 것 같아",
            "norm_text": "명절에 가족들끼리 모여서 여행 가는 게 진짜 좋은 것 같아",
            "speaker": {
              "id": "2번",
              "sex": "여성",
              "age": "20대"
            },
            "speechAct": "(단언) 주장하기",
            "morpheme": "명절/NNG+에/JKB+가족/NNG+들/XSN+끼리/XSN+모여서/VV+EC+여행/NNG+가/VV+는/ETM+게/NNB+JKS+진짜/MAG+좋/VA+은/ETM+것/NNB+같/VA+아/EC"
          },
          {
            "id": 19,
            "text": "1 : 키키 코로나 전에는 해외여행도 가고 그러던뎅 키키",
            "norm_text": "키키 코로나 전에는 해외여행도 가고 그러던뎅 키키",
            "speaker": {
              "id": "1번",
              "sex": "여성",
              "age": "20대"
            },
            "speechAct": "(단언) 진술하기",
            "morpheme": "키키/NNP+코로나/NNP+전/NNG+에/JKB+는/JX+해외여행/NNG+도/JX+가/VV+고/EC+그러/VV+던/ETM+뎅/NNP+키키/NNP"
          },
          {
            "id": 20,
            "text": "2 : 응 지금은 해외여행은 못 가지만 국내 여행도 좋은 거 같아 키키",
            "norm_text": "응 지금은 해외여행은 못 가지만 국내 여행도 좋은 거 같아 키키",
            "speaker": {
              "id": "2번",
              "sex": "여성",
              "age": "20대"
            },
            "speechAct": "(단언) 주장하기",
            "morpheme": "응/IC+지금/MAG+은/JX+해외여행/NNG+은/JX+못/MAG+가/VV+지만/EC+국내/NNG+여행/NNG+도/JX+좋/VA+은/ETM+거/NNB+같/VA+아/EC+키/NNG+키/XSV+ETN"
          },
          {
            "id": 21,
            "text": "2 : 나는 엄마랑 많이 놀러 다니질 못해서 엄마랑 둘이서 여행 가고 싶어",
            "norm_text": "나는 엄마랑 많이 놀러 다니질 못해서 엄마랑 둘이서 여행 가고 싶어",
            "speaker": {
              "id": "2번",
              "sex": "여성",
              "age": "20대"
            },
            "speechAct": "(단언) 주장하기",
            "morpheme": "나/NP+는/JX+엄마/NNG+랑/JKB+많이/MAG+놀/VV+러/EC+다니/VV+질/EC+JX+못해서/VX+EC+엄마/NNG+랑/JC+둘/NR+이/XSN+서/JKS+여행/NNG+가/VV+고/EC+싶/VX+어/EC"
          },
          {
            "id": 22,
            "text": "1 : 키키 제주도 여행 좋지 않아 모녀 여행으로? 키키",
            "norm_text": "키키 제주도 여행 좋지 않아 모녀 여행으로? 키키",
            "speaker": {
              "id": "1번",
              "sex": "여성",
              "age": "20대"
            },
            "speechAct": "(지시) 질문하기",
            "morpheme": "키키/NNP+제주도/NNP+여행/NNG+좋/VA+지/EC+않/VX+아/EC+모녀/NNG+여행/NNG+으로/JKB+키/NNG+키/XSV+ETN"
          },
          {
            "id": 23,
            "text": "2 : 제주도도 좋고 사실 어디든 다 상관없어 엄마랑 가는 거면 키키",
            "norm_text": "제주도도 좋고 사실 어디든 다 상관없어 엄마랑 가는 거면 키키",
            "speaker": {
              "id": "2번",
              "sex": "여성",
              "age": "20대"
            },
            "speechAct": "(단언) 주장하기",
            "morpheme": "제주도/NNP+도/JX+좋/VA+고/EC+사실/MAG+어디/NP+든다/VV+EC+상관없/VA+어/EC+엄마/NNG+랑/JKB+가/VV+는/ETM+거/NNB+면/VCP+EC+키/NNG+키/XSV+ETN"
          },
          {
            "id": 24,
            "text": "1 : 키키 맞앙 나도 차 사서 엄마 다리 안 아프게 태워드리면서 여행 다니고 싶더랑",
            "norm_text": "키키 맞앙 나도 차 사서 엄마 다리 안 아프게 태워드리면서 여행 다니고 싶더랑",
            "speaker": {
              "id": "1번",
              "sex": "여성",
              "age": "20대"
            },
            "speechAct": "(단언) 주장하기",
            "morpheme": "키/NNG+키/XSV+ETN+맞/VV+앙/EC+나/NP+도/JX+차사/NNG+서/JKB+엄마/NNG+다리/NNG+안/MAG+아프/VA+게/EC+태워/VV+EC+드리/VX+면서/EC+여행/NNG+다니/VV+고/EC+싶/VX+더/EP+랑/EC"
          },
          {
            "id": 25,
            "text": "2 : 응 키키 일단 그러면 우리 둘 다 돈을 모으는 게 우선이겠네 키키",
            "norm_text": "응 키키 일단 그러면 우리 둘 다 돈을 모으는 게 우선이겠네 키키",
            "speaker": {
              "id": "2번",
              "sex": "여성",
              "age": "20대"
            },
            "speechAct": "(단언) 주장하기",
            "morpheme": "응/IC+키/NNG+키/XSV+ETN+일단/MAG+그러면/MAJ+우리/NP+둘/NR+다/MAG+돈/NNG+을/JKO+모으/VV+는/ETM+게/NNB+JKS+우선/MAG+이/VCP+겠/EP+네/EF+키/NNG+키/XSV+ETN"
          },
          {
            "id": 26,
            "text": "2 : 아 너희 어머니랑 우리 엄마랑 이렇게 넷이서 놀러 가도 좋을 것 같아",
            "norm_text": "아 너희 어머니랑 우리 엄마랑 이렇게 넷이서 놀러 가도 좋을 것 같아",
            "speaker": {
              "id": "2번",
              "sex": "여성",
              "age": "20대"
            },
            "speechAct": "(단언) 주장하기",
            "morpheme": "아/IC+너희/NP+어머니/NNG+랑/JC+우리/NP+엄마/NNG+랑/JKB+이렇게/MAG+넷/NR+이/XSN+서/JKS+놀/VV+러/EC+가/VX+도/EC+좋/VA+을/ETM+것/NNB+같/VA+아/EC"
          }
        ]
      }
    }
  ]
}