{
  "dataset": {
    "identifier": 68144,
    "name": "KAKAO_962_18_set",
    "src_path": "/data/file/cubeManager/PROJECT001/53/txt20211005163142020474/KAKAO_962_18_set/",
    "label_path": "/data/file/cubeManager/PROJECT001/53/txt20211005163142020474/KAKAO_962_18_set/",
    "category": 2,
    "type": 0
  },
  "licenses": {
    "name": "Apache License 1.0",
    "url": "http://www.apache.org/licenses/LICENSE-1.0"
  },
  "info": [
    {
      "id": 42476,
      "filename": "KAKAO_962_18.txt",
      "title": "KAKAO_962_18",
      "mediatype": "SNS",
      "medianame": "카카오톡",
      "category": "일상대화",
      "date": "2021-10-05",
      "size": 731,
      "annotations": {
        "subject": "상거래 전반",
        "speaker_type": "1:1",
        "size": 731,
        "word_size": 215,
        "text": "1 : 응 키키 근데 식이조절 못하겠음 키키\n1 : 인터넷으로 음식 같은 것도 시킴?\n2 : 음식 뭐가 좋다는데? 뭐 시킴?\n1 : 얼마 전에 순대 먹고 싶은데 내장이 더 많이 먹고 싶어서 인터넷으로 시킴.\n2 : 순대... 내장... 나도 먹고 싶다... ㅜㅜ\n1 : 돼지부속물 2kg에 만원도 안 해 냉동실에 두고두고 먹음 키키 쏘주랑 키키\n2 : 와... 뭐가 그렇게 싸노; 여기서는 순대 먹고 싶어도 비싸서 못 먹는데\n1 : 허파랑 오소리감투 간 곱창. 골고루 잘 들었대. 포장도 완전 잘해오고 키키\n2 : 와... 해외 배송은 안 해주나? 음식이라 좀 그렇겠지? ㅜㅜ\n1 : 아마도? 꼬리족발도 저번에 인터넷으로 시켰는데 진짜 괜찮더라고 키키\n2 : 족발도 너무 먹고 싶은데... 진짜 음식 때문에 한국 돌아가고 싶다\n1 : 맞지? 요즘은 직접 시장 안 가도 온라인 쇼핑몰에 맛있는 거 더 많아.\n2 : 조만간에 또 재래시장 영세사업자들 죽인다고 난리 나는 거 아니가 하하\n1 : 그럴 수도 있지?\n1 : 저번에 캠핑 가는데 급 감바스 땡겨서 신선배송시켰더니 담날 아침에 바로 와있더라\n2 : 감바스가 뭐임? 이거 예전에도 누가 얘기해서 물어봤던 거 같은데...\n1 : 올리브유에 새우 넣고 한 거 키키 빵이랑 먹는 거 키키\n1 : 인터넷 쇼핑몰은 또 포인트를 잘 쌓아주니까 그 포인트 쓸려고 쇼핑몰 더 둘러보게 되고 키키\n2 : 아 그거 무슨 해외에서 푸드트럭하는 예능에서 이연복이 만든 거 아니가? 키키 먹어보고 싶었는데 키키",
        "lines": [
          {
            "id": 1,
            "text": "1 : 응 키키 근데 식이조절 못하겠음 키키",
            "norm_text": "응 키키 근데 식이조절 못하겠음 키키",
            "speaker": {
              "id": "1번",
              "sex": "여성",
              "age": "30대"
            },
            "speechAct": "(단언) 주장하기",
            "morpheme": "응/IC+키/NNG+키/XSV+ETN+근데/MAJ+식/NNG+이/JKS+조절/NNG+못/MAG+하/VV+겠/EP+음/ETN+키/NNG+키/XSV+ETN"
          },
          {
            "id": 2,
            "text": "1 : 인터넷으로 음식 같은 것도 시킴?",
            "norm_text": "인터넷으로 음식 같은 것도 시킴?",
            "speaker": {
              "id": "1번",
              "sex": "여성",
              "age": "30대"
            },
            "speechAct": "(단언) 주장하기",
            "morpheme": "인터넷/NNG+으로/JKB+음식/NNG+같/VA+은/ETM+것/NNB+도/JX+시킴/VV+ETN"
          },
          {
            "id": 3,
            "text": "2 : 음식 뭐가 좋다는데? 뭐 시킴?",
            "norm_text": "음식 뭐가 좋다는데? 뭐 시킴?",
            "speaker": {
              "id": "2번",
              "sex": "남성",
              "age": "30대"
            },
            "speechAct": "(지시) 질문하기",
            "morpheme": "음식/NNG+뭐/NP+가/JKS+좋/VA+다는데/EF+뭐/IC+시킴/VV+ETN"
          },
          {
            "id": 4,
            "text": "1 : 얼마 전에 순대 먹고 싶은데 내장이 더 많이 먹고 싶어서 인터넷으로 시킴.",
            "norm_text": "얼마 전에 순대 먹고 싶은데 내장이 더 많이 먹고 싶어서 인터넷으로 시킴.",
            "speaker": {
              "id": "1번",
              "sex": "여성",
              "age": "30대"
            },
            "speechAct": "(단언) 주장하기",
            "morpheme": "얼마/NNG+전/NNG+에/JKB+순대/NNG+먹/VV+고/EC+싶/VX+은데/EC+내장/NNG+이/JKS+더/MAG+많이/MAG+먹/VV+고/EC+싶/VX+어서/EC+인터넷/NNG+으로/JKB+시킴/VV+ETN"
          },
          {
            "id": 5,
            "text": "2 : 순대... 내장... 나도 먹고 싶다... ㅜㅜ",
            "norm_text": "순대... 내장... 나도 먹고 싶다... ㅜㅜ",
            "speaker": {
              "id": "2번",
              "sex": "남성",
              "age": "30대"
            },
            "speechAct": "(단언) 주장하기",
            "morpheme": "순대/NNG+./SY+./SY+내장/NNP+./SY+./SY+나/NP+도/JX+먹/VV+고/EC+싶/VX+다/EF+./SY+ㅜㅜ/UNKNOWN"
          },
          {
            "id": 6,
            "text": "1 : 돼지부속물 2kg에 만원도 안 해 냉동실에 두고두고 먹음 키키 쏘주랑 키키",
            "norm_text": "돼지부속물 2kg에 만원도 안 해 냉동실에 두고두고 먹음 키키 쏘주랑 키키",
            "speaker": {
              "id": "1번",
              "sex": "여성",
              "age": "30대"
            },
            "speechAct": "(단언) 주장하기",
            "morpheme": "돼지/NNG+부속물/NNG+2/SN+kg/SL+에만원도안해냉동실에두고두고먹음키키쏘주랑키키/UNKNOWN"
          },
          {
            "id": 7,
            "text": "2 : 와... 뭐가 그렇게 싸노; 여기서는 순대 먹고 싶어도 비싸서 못 먹는데",
            "norm_text": "와... 뭐가 그렇게 싸노; 여기서는 순대 먹고 싶어도 비싸서 못 먹는데",
            "speaker": {
              "id": "2번",
              "sex": "남성",
              "age": "30대"
            },
            "speechAct": "(단언) 주장하기",
            "morpheme": "와/IC+./SY+뭐/NP+가/JKS+그렇게/MAG+싸/VV+노/EC+;/SY+여기/NP+서/JKB+는/JX+순대/NNG+먹/VV+고/EC+싶/VX+어도/EC+비싸/VA+서/EC+못/MAG+먹/VV+는데/EC"
          },
          {
            "id": 8,
            "text": "1 : 허파랑 오소리감투 간 곱창. 골고루 잘 들었대. 포장도 완전 잘해오고 키키",
            "norm_text": "허파랑 오소리감투 간 곱창. 골고루 잘 들었대. 포장도 완전 잘해오고 키키",
            "speaker": {
              "id": "1번",
              "sex": "여성",
              "age": "30대"
            },
            "speechAct": "(단언) 주장하기",
            "morpheme": "허파랑오소리감투간곱창/UNKNOWN+골고루/MAG+잘/MAG+들/VV+었/EP+대/EF+포장/NNG+도/JX+완전/MAG+잘/MAG+해/VV+EC+오/VV+고/EC+키/NNG+키/XSV+ETN"
          },
          {
            "id": 9,
            "text": "2 : 와... 해외 배송은 안 해주나? 음식이라 좀 그렇겠지? ㅜㅜ",
            "norm_text": "와... 해외 배송은 안 해주나? 음식이라 좀 그렇겠지? ㅜㅜ",
            "speaker": {
              "id": "2번",
              "sex": "남성",
              "age": "30대"
            },
            "speechAct": "(지시) 질문하기",
            "morpheme": "와/IC+./SY+해외/NNG+배송/NNG+은/JX+안/MAG+해/VV+EC+주/VX+나/EF+음식/NNG+이/VCP+라/EC+좀/MAG+그렇/VA+겠/EP+지/EF+ㅜㅜ/UNKNOWN"
          },
          {
            "id": 10,
            "text": "1 : 아마도? 꼬리족발도 저번에 인터넷으로 시켰는데 진짜 괜찮더라고 키키",
            "norm_text": "아마도? 꼬리족발도 저번에 인터넷으로 시켰는데 진짜 괜찮더라고 키키",
            "speaker": {
              "id": "1번",
              "sex": "여성",
              "age": "30대"
            },
            "speechAct": "(단언) 주장하기",
            "morpheme": "아마도/MAG+꼬리족발도저번에인터넷으로시켰는데진짜괜찮더라고키키/UNKNOWN"
          },
          {
            "id": 11,
            "text": "2 : 족발도 너무 먹고 싶은데... 진짜 음식 때문에 한국 돌아가고 싶다",
            "norm_text": "족발도 너무 먹고 싶은데... 진짜 음식 때문에 한국 돌아가고 싶다",
            "speaker": {
              "id": "2번",
              "sex": "남성",
              "age": "30대"
            },
            "speechAct": "(단언) 주장하기",
            "morpheme": "족발/NNG+도/JX+너무/MAG+먹/VV+고/EC+싶/VX+은데/EF+./SY+진짜/MAG+음식/NNG+때문/NNB+에/JKB+한국/NNP+돌아가/VV+고/EC+싶/VX+다/EC"
          },
          {
            "id": 12,
            "text": "1 : 맞지? 요즘은 직접 시장 안 가도 온라인 쇼핑몰에 맛있는 거 더 많아.",
            "norm_text": "맞지? 요즘은 직접 시장 안 가도 온라인 쇼핑몰에 맛있는 거 더 많아.",
            "speaker": {
              "id": "1번",
              "sex": "여성",
              "age": "30대"
            },
            "speechAct": "(단언) 주장하기",
            "morpheme": "맞/VV+지/EF+요즘/NNG+은/JX+직접/MAG+시장/NNG+안가/NNG+도/JX+온라인/NNG+쇼핑몰/NNG+에/JKB+맛있/VA+는/ETM+거/NNB+더/MAG+많/VA+아/EF"
          },
          {
            "id": 13,
            "text": "2 : 조만간에 또 재래시장 영세사업자들 죽인다고 난리 나는 거 아니가 하하",
            "norm_text": "조만간에 또 재래시장 영세사업자들 죽인다고 난리 나는 거 아니가 하하",
            "speaker": {
              "id": "2번",
              "sex": "남성",
              "age": "30대"
            },
            "speechAct": "(단언) 주장하기",
            "morpheme": "조만간/MAG+에또/IC+재래/NNG+시장/NNG+영세/NNG+사업자/NNG+들/XSN+죽인다고/VV+EC+난리나/VV+는/ETM+거/NNB+아니/VCN+가/JKS+하하/MAG"
          },
          {
            "id": 14,
            "text": "1 : 그럴 수도 있지?",
            "norm_text": "그럴 수도 있지?",
            "speaker": {
              "id": "1번",
              "sex": "여성",
              "age": "30대"
            },
            "speechAct": "(단언) 주장하기",
            "morpheme": "그럴/VA+ETM+수/NNB+도/JX+있/VA+지/EF"
          },
          {
            "id": 15,
            "text": "1 : 저번에 캠핑 가는데 급 감바스 땡겨서 신선배송시켰더니 담날 아침에 바로 와있더라",
            "norm_text": "저번에 캠핑 가는데 급 감바스 땡겨서 신선배송시켰더니 담날 아침에 바로 와있더라",
            "speaker": {
              "id": "1번",
              "sex": "여성",
              "age": "30대"
            },
            "speechAct": "(단언) 진술하기",
            "morpheme": "저번/NNG+에/JKB+캠핑/NNG+가/VV+는데/EC+급감/NNG+바스/NNP+땡겨/VV+EC+서신/NNG+선배/NNG+송/NNG+시켰/XSV+EP+더니/EC+담날/NNG+아침/NNG+에/JKB+바로/MAG+와/VV+EC+있/VX+더라/EC"
          },
          {
            "id": 16,
            "text": "2 : 감바스가 뭐임? 이거 예전에도 누가 얘기해서 물어봤던 거 같은데...",
            "norm_text": "감바스가 뭐임? 이거 예전에도 누가 얘기해서 물어봤던 거 같은데...",
            "speaker": {
              "id": "2번",
              "sex": "남성",
              "age": "30대"
            },
            "speechAct": "(지시) 질문하기",
            "morpheme": "감바/NNG+스/XSN+가/JKS+뭐/NP+임/VCP+ETN+이거/NP+예전/NNG+에/JKB+도/JX+누가/NP+JKS+얘기/NNG+해서/XSV+EC+물/VV+어/EC+봤/VX+EP+던/ETM+거/NNB+같/VA+은데/EF+./SY"
          },
          {
            "id": 17,
            "text": "1 : 올리브유에 새우 넣고 한 거 키키 빵이랑 먹는 거 키키",
            "norm_text": "올리브유에 새우 넣고 한 거 키키 빵이랑 먹는 거 키키",
            "speaker": {
              "id": "1번",
              "sex": "여성",
              "age": "30대"
            },
            "speechAct": "(단언) 진술하기",
            "morpheme": "올리브유/NNG+에/JKB+새우/NNG+넣/VV+고/EC+한/VX+ETM+거/NNB+키/NNG+키/NNG+빵/NNG+이랑/JKB+먹/VV+는/ETM+거/NNB+키/NNG+키/XSV+ETN"
          },
          {
            "id": 18,
            "text": "1 : 인터넷 쇼핑몰은 또 포인트를 잘 쌓아주니까 그 포인트 쓸려고 쇼핑몰 더 둘러보게 되고 키키",
            "norm_text": "인터넷 쇼핑몰은 또 포인트를 잘 쌓아주니까 그 포인트 쓸려고 쇼핑몰 더 둘러보게 되고 키키",
            "speaker": {
              "id": "1번",
              "sex": "여성",
              "age": "30대"
            },
            "speechAct": "(단언) 주장하기",
            "morpheme": "인터넷/NNG+쇼핑몰/NNG+은/JX+또/MAG+포인트/NNG+를/JKO+잘/MAG+쌓/VV+아/EC+주/VX+니까/EC+그/MM+포인트/NNG+쓸려고/VV+EC+쇼핑몰/NNG+더/MAG+둘러보/VV+게/EC+되/VV+고/EC+키/NNG+키/XSV+ETN"
          },
          {
            "id": 19,
            "text": "2 : 아 그거 무슨 해외에서 푸드트럭하는 예능에서 이연복이 만든 거 아니가? 키키 먹어보고 싶었는데 키키",
            "norm_text": "아 그거 무슨 해외에서 푸드트럭하는 예능에서 이연복이 만든 거 아니가? 키키 먹어보고 싶었는데 키키",
            "speaker": {
              "id": "2번",
              "sex": "남성",
              "age": "30대"
            },
            "speechAct": "(지시) 질문하기",
            "morpheme": "아/IC+그거/NP+무슨/MM+해외/NNG+에서/JKB+푸드/NNG+트럭/NNG+하/XSV+는/ETM+예능/NNG+에서/JKB+이연복/NNP+이/JKS+만든/VV+ETM+거/NNB+아니/VCN+가/EF+키/NNG+키/XSV+ETN+먹/VV+어/EC+보/VX+고/EC+싶/VX+었/EP+는데/EC+키/NNG+키/XSV+ETN"
          }
        ]
      }
    }
  ]
}