{
  "dataset": {
    "identifier": 60587,
    "name": "KAKAO_971_04_set",
    "src_path": "/data/file/cubeManager/PROJECT001/53/txt20211006134945040373/KAKAO_971_04_set/",
    "label_path": "/data/file/cubeManager/PROJECT001/53/txt20211006134945040373/KAKAO_971_04_set/",
    "category": 2,
    "type": 0
  },
  "licenses": {
    "name": "Apache License 1.0",
    "url": "http://www.apache.org/licenses/LICENSE-1.0"
  },
  "info": [
    {
      "id": 43622,
      "filename": "KAKAO_971_04.txt",
      "title": "KAKAO_971_04",
      "mediatype": "SNS",
      "medianame": "카카오톡",
      "category": "일상대화",
      "date": "2021-10-06",
      "size": 559,
      "annotations": {
        "subject": "회사/아르바이트",
        "speaker_type": "1:1",
        "size": 559,
        "word_size": 181,
        "text": "1 : 야 너 예전에 인턴 경험 있다고 했었나?\n2 : 흠... 나는 군대 전역하고 지금 2학년이니까 아직 인턴 경험은 없지\n1 : 아 그래? 나는 인턴 경험 해봤는데 진짜 힘들었어 키키\n2 : 왜? 네가 한 곳은 업무가 어려웠어?\n1 : 응 업무가 정말 어렵기도 했고 업무량도 많았어\n2 : 아 진짜? 사원도 아니고 인턴인데도 업무량이 진짜 많았구나\n1 : 처음에 일 배울 때부터 많더라고…\n1 : 그래서 엄청 애먹었지 ㅠㅠ\n2 : 너가 그렇게 말하니까 좀 두렵다 키키\n2 : 어떤 업무 배웠어?\n1 : 나는 마케팅 분야 지원해서 그쪽 일 배웠지\n2 : 이야... 그래도 이렇게 잘 끝내고 온 거 보니까 대견하다 키키\n1 : 그치 키키 나도 나름 성장한 것 같기도 하고 경험이 쌓였다는 것에 너무 뿌듯해 키키\n2 : 나도 나중에 인턴 경험 쌓을 때 되면 너가 팁 좀 알려줘\n1 : 아 당연하지 키키\n1 : 내가 선배로써 상담도 해주고 조언도 해줄게 키키\n2 : 지원할 때 경쟁률 엄청 높다고 들었는데\n1 : 그치! 근데 그게 운도 있는 것 같아\n2 : 나중에 때 되면 다 해결되겠지 뭐...\n2 : 나중에 내가 물어보면 꼭 답해줘!",
        "lines": [
          {
            "id": 1,
            "text": "1 : 야 너 예전에 인턴 경험 있다고 했었나?",
            "norm_text": "야 너 예전에 인턴 경험 있다고 했었나?",
            "speaker": {
              "id": "1번",
              "sex": "여성",
              "age": "20대"
            },
            "speechAct": "(지시) 질문하기",
            "morpheme": "야/IC+너/NP+예전/NNG+에/JKB+인턴/NNG+경험/NNG+있/VV+다고/EC+했었/VX+EP+나/EF"
          },
          {
            "id": 2,
            "text": "2 : 흠... 나는 군대 전역하고 지금 2학년이니까 아직 인턴 경험은 없지",
            "norm_text": "흠... 나는 군대 전역하고 지금 2학년이니까 아직 인턴 경험은 없지",
            "speaker": {
              "id": "2번",
              "sex": "남성",
              "age": "20대"
            },
            "speechAct": "(단언) 진술하기",
            "morpheme": "흠/IC+./SY+나/NP+는/JX+군대/NNG+전역/NNG+하/XSV+고/EC+지금/MAG+2/SN+학년/NNG+이/VCP+니까/EC+아직/MAG+인턴/NNG+경험/NNG+은/JX+없/VA+지/EC"
          },
          {
            "id": 3,
            "text": "1 : 아 그래? 나는 인턴 경험 해봤는데 진짜 힘들었어 키키",
            "norm_text": "아 그래? 나는 인턴 경험 해봤는데 진짜 힘들었어 키키",
            "speaker": {
              "id": "1번",
              "sex": "여성",
              "age": "20대"
            },
            "speechAct": "(단언) 주장하기",
            "morpheme": "아/IC+그래/IC+나/NP+는/JX+인턴/NNG+경험/NNG+해/XSV+EC+봤/VX+EP+는데/EC+진짜/MAG+힘들/VA+었/EP+어/EC+키/NNG+키/XSV+ETN"
          },
          {
            "id": 4,
            "text": "2 : 왜? 네가 한 곳은 업무가 어려웠어?",
            "norm_text": "왜? 네가 한 곳은 업무가 어려웠어?",
            "speaker": {
              "id": "2번",
              "sex": "남성",
              "age": "20대"
            },
            "speechAct": "(지시) 질문하기",
            "morpheme": "왜/MAG+네/NP+가/JKS+한/MM+곳/NNG+은/JX+업무/NNG+가/JKS+어려웠/VA+EP+어/EF"
          },
          {
            "id": 5,
            "text": "1 : 응 업무가 정말 어렵기도 했고 업무량도 많았어",
            "norm_text": "응 업무가 정말 어렵기도 했고 업무량도 많았어",
            "speaker": {
              "id": "1번",
              "sex": "여성",
              "age": "20대"
            },
            "speechAct": "(단언) 진술하기",
            "morpheme": "응/IC+업무/NNG+가/JKS+정말/MAG+어렵/VA+기/ETN+도/JX+했/VV+EP+고/EC+업무/NNG+량/XSN+도/JX+많/VA+았/EP+어/EC"
          },
          {
            "id": 6,
            "text": "2 : 아 진짜? 사원도 아니고 인턴인데도 업무량이 진짜 많았구나",
            "norm_text": "아 진짜? 사원도 아니고 인턴인데도 업무량이 진짜 많았구나",
            "speaker": {
              "id": "2번",
              "sex": "남성",
              "age": "20대"
            },
            "speechAct": "(단언) 진술하기",
            "morpheme": "아/IC+진짜/MAG+사원/NNG+도/JX+아니/VCN+고/EC+인턴/NNG+인데/VCP+EC+도/JX+업무/NNG+량/NNG+이/JKS+진짜/MAG+많/VA+았/EP+구나/EC"
          },
          {
            "id": 7,
            "text": "1 : 처음에 일 배울 때부터 많더라고…",
            "norm_text": "처음에 일 배울 때부터 많더라고…",
            "speaker": {
              "id": "1번",
              "sex": "여성",
              "age": "20대"
            },
            "speechAct": "(단언) 진술하기",
            "morpheme": "처음/NNG+에/JKB+일/NNG+배울/VV+ETM+때/NNG+부터/JX+많/VA+더라고/EC+…/SE"
          },
          {
            "id": 8,
            "text": "1 : 그래서 엄청 애먹었지 ㅠㅠ",
            "norm_text": "그래서 엄청 애먹었지 ㅠㅠ",
            "speaker": {
              "id": "1번",
              "sex": "여성",
              "age": "20대"
            },
            "speechAct": "(단언) 주장하기",
            "morpheme": "그래서/MAJ+엄청/MAG+애먹/VV+었/EP+지/EF+ㅠㅠ/UNKNOWN"
          },
          {
            "id": 9,
            "text": "2 : 너가 그렇게 말하니까 좀 두렵다 키키",
            "norm_text": "너가 그렇게 말하니까 좀 두렵다 키키",
            "speaker": {
              "id": "2번",
              "sex": "남성",
              "age": "20대"
            },
            "speechAct": "(단언) 주장하기",
            "morpheme": "너/NP+가/JKS+그렇게/MAG+말/NNG+하/XSV+니까/EC+좀/MAG+두렵/VA+다키키/NNP"
          },
          {
            "id": 10,
            "text": "2 : 어떤 업무 배웠어?",
            "norm_text": "어떤 업무 배웠어?",
            "speaker": {
              "id": "2번",
              "sex": "남성",
              "age": "20대"
            },
            "speechAct": "(지시) 질문하기",
            "morpheme": "어떤/MM+업무/NNG+배웠/VV+EP+어/EF"
          },
          {
            "id": 11,
            "text": "1 : 나는 마케팅 분야 지원해서 그쪽 일 배웠지",
            "norm_text": "나는 마케팅 분야 지원해서 그쪽 일 배웠지",
            "speaker": {
              "id": "1번",
              "sex": "여성",
              "age": "20대"
            },
            "speechAct": "(단언) 진술하기",
            "morpheme": "나/NP+는/JX+마케팅/NNG+분야/NNG+지원/NNG+해서/XSV+EC+그쪽/NP+일/NR+배웠/VV+EP+지/EC"
          },
          {
            "id": 12,
            "text": "2 : 이야... 그래도 이렇게 잘 끝내고 온 거 보니까 대견하다 키키",
            "norm_text": "이야... 그래도 이렇게 잘 끝내고 온 거 보니까 대견하다 키키",
            "speaker": {
              "id": "2번",
              "sex": "남성",
              "age": "20대"
            },
            "speechAct": "(단언) 주장하기",
            "morpheme": "이/NP+야/VCP+EF+./SY+그래도/MAJ+이렇게/MAG+잘/MAG+끝내/VV+고/EC+온/VX+ETM+거/NNB+보/VV+니까/EC+대견/XR+하/XSA+다키키/NNP"
          },
          {
            "id": 13,
            "text": "1 : 그치 키키 나도 나름 성장한 것 같기도 하고 경험이 쌓였다는 것에 너무 뿌듯해 키키",
            "norm_text": "그치 키키 나도 나름 성장한 것 같기도 하고 경험이 쌓였다는 것에 너무 뿌듯해 키키",
            "speaker": {
              "id": "1번",
              "sex": "여성",
              "age": "20대"
            },
            "speechAct": "(단언) 주장하기",
            "morpheme": "그치/IC+키/NNG+키나/XSA+ETN+JX+도/JX+나름/NNB+성장/NNG+한/XSA+ETM+것/NNB+같/VA+기/ETN+도/JX+하/VV+고/EC+경험/NNG+이/JKS+쌓였/VV+EP+다는/ETM+것/NNB+에/JKB+너무/MAG+뿌듯/XR+해/XSA+EC+키/NNG+키/XSV+ETN"
          },
          {
            "id": 14,
            "text": "2 : 나도 나중에 인턴 경험 쌓을 때 되면 너가 팁 좀 알려줘",
            "norm_text": "나도 나중에 인턴 경험 쌓을 때 되면 너가 팁 좀 알려줘",
            "speaker": {
              "id": "2번",
              "sex": "남성",
              "age": "20대"
            },
            "speechAct": "(지시) 충고/제안하기",
            "morpheme": "나/NP+도/JX+나중/NNG+에/JKB+인턴/NNG+경험/NNG+쌓/VV+을/ETM+때/NNG+되/XSV+면/EC+너/NP+가/JKS+팁/NNG+좀/MAG+알려줘/VV+EC+VX+EC"
          },
          {
            "id": 15,
            "text": "1 : 아 당연하지 키키",
            "norm_text": "아 당연하지 키키",
            "speaker": {
              "id": "1번",
              "sex": "여성",
              "age": "20대"
            },
            "speechAct": "(표현) 긍정감정 표현하기",
            "morpheme": "아/IC+당연/XR+하/XSA+지/EC+키/NNG+키/XSV+ETN"
          },
          {
            "id": 16,
            "text": "1 : 내가 선배로써 상담도 해주고 조언도 해줄게 키키",
            "norm_text": "내가 선배로써 상담도 해주고 조언도 해줄게 키키",
            "speaker": {
              "id": "1번",
              "sex": "여성",
              "age": "20대"
            },
            "speechAct": "(단언) 주장하기",
            "morpheme": "내/NP+가/JKS+선배/NNG+로써/JKB+상담/NNG+도/JX+해/VV+EC+주/VX+고/EC+조언/NNG+도/JX+해/VV+EC+줄/VX+ETM+게/NNB+JKS+키/NNG+키/XSV+ETN"
          },
          {
            "id": 17,
            "text": "2 : 지원할 때 경쟁률 엄청 높다고 들었는데",
            "norm_text": "지원할 때 경쟁률 엄청 높다고 들었는데",
            "speaker": {
              "id": "2번",
              "sex": "남성",
              "age": "20대"
            },
            "speechAct": "(단언) 주장하기",
            "morpheme": "지원/NNG+할/XSV+ETM+때/NNG+경쟁/NNG+률/XSN+엄청/MAG+높/VA+다고/EC+들/VX+었/EP+는데/EC"
          },
          {
            "id": 18,
            "text": "1 : 그치! 근데 그게 운도 있는 것 같아",
            "norm_text": "그치! 근데 그게 운도 있는 것 같아",
            "speaker": {
              "id": "1번",
              "sex": "여성",
              "age": "20대"
            },
            "speechAct": "(단언) 주장하기",
            "morpheme": "그치/IC+근데/MAJ+그게/NP+JKS+운/NNG+도/JX+있/VX+는/ETM+것/NNB+같/VA+아/EC"
          },
          {
            "id": 19,
            "text": "2 : 나중에 때 되면 다 해결되겠지 뭐...",
            "norm_text": "나중에 때 되면 다 해결되겠지 뭐...",
            "speaker": {
              "id": "2번",
              "sex": "남성",
              "age": "20대"
            },
            "speechAct": "(단언) 주장하기",
            "morpheme": "나중/NNG+에/JKB+때/NNG+되/XSV+면/EC+다/MAG+해결/NNG+되/XSV+겠/EP+지/EF+뭐/IC+./SY"
          },
          {
            "id": 20,
            "text": "2 : 나중에 내가 물어보면 꼭 답해줘!",
            "norm_text": "나중에 내가 물어보면 꼭 답해줘!",
            "speaker": {
              "id": "2번",
              "sex": "남성",
              "age": "20대"
            },
            "speechAct": "(단언) 주장하기",
            "morpheme": "나중/NNG+에/JKB+내/NP+가/JKS+물/VV+어/EC+보/VX+면/EC+꼭/MAG+답/NNG+해/XSV+EC+줘/VX+EF"
          }
        ]
      }
    }
  ]
}