{
  "dataset": {
    "identifier": 30413,
    "name": "KAKAO_940_20_set",
    "src_path": "/data/file/cubeManager/PROJECT001/53/txt20211005162608076672/KAKAO_940_20_set/",
    "label_path": "/data/file/cubeManager/PROJECT001/53/txt20211005162608076672/KAKAO_940_20_set/",
    "category": 2,
    "type": 0
  },
  "licenses": {
    "name": "Apache License 1.0",
    "url": "http://www.apache.org/licenses/LICENSE-1.0"
  },
  "info": [
    {
      "id": 42397,
      "filename": "KAKAO_940_20.txt",
      "title": "KAKAO_940_20",
      "mediatype": "SNS",
      "medianame": "카카오톡",
      "category": "일상대화",
      "date": "2021-10-05",
      "size": 487,
      "annotations": {
        "subject": "영화/만화",
        "speaker_type": "1:1",
        "size": 487,
        "word_size": 172,
        "text": "1 : 영화 특선은 뭐 하나 함 봐야겠네 키키\n2 : 뭐 재밌는 거 있으면 알려주세요\n1 : 어 뭐 못 본 거 있으면 봐야지 키키\n1 : 볼 시간 있을런지 모르겠지만\n2 : 키키 저는 집에 크루엘라 사둔 거 봐야는데\n1 : 오? 크루엘라 진짜 재밌다\n1 : 나 영화관에서 봄\n2 : 키키 오 대박 키키\n2 : 그거 재밌다는 사람 많네요\n1 : 진짜 시간 가는 줄 모르고 봤음 키키\n2 : 키키 오 대박 키키\n2 : 주인공이 넘 예쁘던데요\n1 : 진짜 예쁨 키키\n1 : 진짜 흥미진진\n2 : 키키 오 꼭 봐야겠네요 키키 눈 호강\n1 : 진짜 키키 기발하기도 하고 재밌더라\n1 : 난 달마시안 내용인 줄 모르고 봄\n2 : 키키 헐 몰랐어요? 대박 키키\n2 : 거기 나오는 악당 얘기잖아요\n1 : 어 난 몰랐음\n1 : 마지막 가서 아... 달마시안... 이럼 키키\n2 : 키키 달마시안 관련 얘기가 나와요?\n1 : 마지막에 나오더라 키키\n1 : 난 또 새로운 인물인 줄\n2 : 키키 오 키키 궁금하네요\n2 : 꼭 봐야겠노",
        "lines": [
          {
            "id": 1,
            "text": "1 : 영화 특선은 뭐 하나 함 봐야겠네 키키",
            "norm_text": "영화 특선은 뭐 하나 함 봐야겠네 키키",
            "speaker": {
              "id": "1번",
              "sex": "남성",
              "age": "20대"
            },
            "speechAct": "(단언) 주장하기",
            "morpheme": "영화/NNG+특선/NNG+은/JX+뭐/IC+하나/NR+함/VV+EC+봐야/VX+EC+VV+겠/EP+네/EF+키/NNG+키/XSV+ETN"
          },
          {
            "id": 2,
            "text": "2 : 뭐 재밌는 거 있으면 알려주세요",
            "norm_text": "뭐 재밌는 거 있으면 알려주세요",
            "speaker": {
              "id": "2번",
              "sex": "남성",
              "age": "20대"
            },
            "speechAct": "(단언) 주장하기",
            "morpheme": "뭐/IC+재밌/VA+는/ETM+거/NNB+있/VA+으면/EC+알려/VV+EC+주/VX+세요/EP+EF"
          },
          {
            "id": 3,
            "text": "1 : 어 뭐 못 본 거 있으면 봐야지 키키",
            "norm_text": "어 뭐 못 본 거 있으면 봐야지 키키",
            "speaker": {
              "id": "1번",
              "sex": "남성",
              "age": "20대"
            },
            "speechAct": "(단언) 주장하기",
            "morpheme": "어/IC+뭐/IC+못/MAG+본/VV+ETM+거/NNB+있/VA+으면/EC+봐야/VX+EC+VV+지/EC+키/NNG+키/XSV+ETN"
          },
          {
            "id": 4,
            "text": "1 : 볼 시간 있을런지 모르겠지만",
            "norm_text": "볼 시간 있을런지 모르겠지만",
            "speaker": {
              "id": "1번",
              "sex": "남성",
              "age": "20대"
            },
            "speechAct": "(단언) 주장하기",
            "morpheme": "볼/VV+ETM+시간/NNG+있/VV+을런지/EC+모르/VV+겠/EP+지만/EC"
          },
          {
            "id": 5,
            "text": "2 : 키키 저는 집에 크루엘라 사둔 거 봐야는데",
            "norm_text": "키키 저는 집에 크루엘라 사둔 거 봐야는데",
            "speaker": {
              "id": "2번",
              "sex": "남성",
              "age": "20대"
            },
            "speechAct": "(단언) 주장하기",
            "morpheme": "키/NNG+키저/NNG+는/JX+집/NNG+에/JKB+크루/NNP+엘라/NNP+사둔/NNG+거/VCP+봐야/EC+VX+EC+VX+는데/EC"
          },
          {
            "id": 6,
            "text": "1 : 오? 크루엘라 진짜 재밌다",
            "norm_text": "오? 크루엘라 진짜 재밌다",
            "speaker": {
              "id": "1번",
              "sex": "남성",
              "age": "20대"
            },
            "speechAct": "(단언) 주장하기",
            "morpheme": "오/IC+크루/NNP+엘라/NNP+진짜/MAG+재밌/VA+다/EC"
          },
          {
            "id": 7,
            "text": "1 : 나 영화관에서 봄",
            "norm_text": "나 영화관에서 봄",
            "speaker": {
              "id": "1번",
              "sex": "남성",
              "age": "20대"
            },
            "speechAct": "(단언) 진술하기",
            "morpheme": "나/NP+영화관/NNG+에서/JKB+봄/NNG"
          },
          {
            "id": 8,
            "text": "2 : 키키 오 대박 키키",
            "norm_text": "키키 오 대박 키키",
            "speaker": {
              "id": "2번",
              "sex": "남성",
              "age": "20대"
            },
            "speechAct": "턴토크 사인(관습적 반응)",
            "morpheme": "키키오대박키키/UNKNOWN"
          },
          {
            "id": 9,
            "text": "2 : 그거 재밌다는 사람 많네요",
            "norm_text": "그거 재밌다는 사람 많네요",
            "speaker": {
              "id": "2번",
              "sex": "남성",
              "age": "20대"
            },
            "speechAct": "(단언) 주장하기",
            "morpheme": "그거/NP+재밌/VA+다는/ETM+사람/NNG+많/VA+네요/EC"
          },
          {
            "id": 10,
            "text": "1 : 진짜 시간 가는 줄 모르고 봤음 키키",
            "norm_text": "진짜 시간 가는 줄 모르고 봤음 키키",
            "speaker": {
              "id": "1번",
              "sex": "남성",
              "age": "20대"
            },
            "speechAct": "(단언) 주장하기",
            "morpheme": "진짜/MAG+시간/NNG+가/VV+는/ETM+줄/NNB+모르/VV+고/EC+봤/VX+EP+음/ETN+키/NNG+키/XSV+ETN"
          },
          {
            "id": 11,
            "text": "2 : 키키 오 대박 키키",
            "norm_text": "키키 오 대박 키키",
            "speaker": {
              "id": "2번",
              "sex": "남성",
              "age": "20대"
            },
            "speechAct": "턴토크 사인(관습적 반응)",
            "morpheme": "키키오대박키키/UNKNOWN"
          },
          {
            "id": 12,
            "text": "2 : 주인공이 넘 예쁘던데요",
            "norm_text": "주인공이 넘 예쁘던데요",
            "speaker": {
              "id": "2번",
              "sex": "남성",
              "age": "20대"
            },
            "speechAct": "(단언) 주장하기",
            "morpheme": "주인공/NNG+이/JKS+넘/MAG+예쁘/VA+던데요/EC"
          },
          {
            "id": 13,
            "text": "1 : 진짜 예쁨 키키",
            "norm_text": "진짜 예쁨 키키",
            "speaker": {
              "id": "1번",
              "sex": "남성",
              "age": "20대"
            },
            "speechAct": "(단언) 주장하기",
            "morpheme": "진짜/MAG+예쁨/VA+ETN+키/NNG+키/XSV+ETN"
          },
          {
            "id": 14,
            "text": "1 : 진짜 흥미진진",
            "norm_text": "진짜 흥미진진",
            "speaker": {
              "id": "1번",
              "sex": "남성",
              "age": "20대"
            },
            "speechAct": "(단언) 주장하기",
            "morpheme": "진짜/MAG+흥미/NNG+진진/NNG"
          },
          {
            "id": 15,
            "text": "2 : 키키 오 꼭 봐야겠네요 키키 눈 호강",
            "norm_text": "키키 오 꼭 봐야겠네요 키키 눈 호강",
            "speaker": {
              "id": "2번",
              "sex": "남성",
              "age": "20대"
            },
            "speechAct": "(단언) 주장하기",
            "morpheme": "키/NNG+키/VV+오/EC+꼭/MAG+봐야/VV+EC+VX+겠/EP+네요/EF+키키/NNP+눈/NNG+호강/NNG"
          },
          {
            "id": 16,
            "text": "1 : 진짜 키키 기발하기도 하고 재밌더라",
            "norm_text": "진짜 키키 기발하기도 하고 재밌더라",
            "speaker": {
              "id": "1번",
              "sex": "남성",
              "age": "20대"
            },
            "speechAct": "(단언) 주장하기",
            "morpheme": "진짜/MAG+키/NNG+키/XSV+ETN+기발/XR+하/XSA+기/ETN+도/JX+하/VV+고/EC+재밌/VA+더라/EC"
          },
          {
            "id": 17,
            "text": "1 : 난 달마시안 내용인 줄 모르고 봄",
            "norm_text": "난 달마시안 내용인 줄 모르고 봄",
            "speaker": {
              "id": "1번",
              "sex": "남성",
              "age": "20대"
            },
            "speechAct": "(단언) 진술하기",
            "morpheme": "난/NP+JX+달마시안/NNP+내용/NNG+인/VCP+ETM+줄/NNB+모르/VV+고/EC+봄/NNG"
          },
          {
            "id": 18,
            "text": "2 : 키키 헐 몰랐어요? 대박 키키",
            "norm_text": "키키 헐 몰랐어요? 대박 키키",
            "speaker": {
              "id": "2번",
              "sex": "남성",
              "age": "20대"
            },
            "speechAct": "(지시) 질문하기",
            "morpheme": "키/NNG+키/NNG+헐/XSV+JKO+몰랐/VV+EP+어요/EF+대박/NNG+키/NNG+키/XSV+ETN"
          },
          {
            "id": 19,
            "text": "2 : 거기 나오는 악당 얘기잖아요",
            "norm_text": "거기 나오는 악당 얘기잖아요",
            "speaker": {
              "id": "2번",
              "sex": "남성",
              "age": "20대"
            },
            "speechAct": "(단언) 진술하기",
            "morpheme": "거기/NP+나오/VV+는/ETM+악당/NNG+얘기/NNG+잖아요/VCP+EC+VX+EC"
          },
          {
            "id": 20,
            "text": "1 : 어 난 몰랐음",
            "norm_text": "어 난 몰랐음",
            "speaker": {
              "id": "1번",
              "sex": "남성",
              "age": "20대"
            },
            "speechAct": "(단언) 주장하기",
            "morpheme": "어/IC+난/NP+JX+몰랐/VV+EP+음/ETN"
          },
          {
            "id": 21,
            "text": "1 : 마지막 가서 아... 달마시안... 이럼 키키",
            "norm_text": "마지막 가서 아... 달마시안... 이럼 키키",
            "speaker": {
              "id": "1번",
              "sex": "남성",
              "age": "20대"
            },
            "speechAct": "(단언) 주장하기",
            "morpheme": "마지막/NNG+가/VV+서/EC+아/IC+./SY+./SY+달마시안/NNP+./SY+./SY+이럼/MAJ+키/NNG+키/XSV+ETN"
          },
          {
            "id": 22,
            "text": "2 : 키키 달마시안 관련 얘기가 나와요?",
            "norm_text": "키키 달마시안 관련 얘기가 나와요?",
            "speaker": {
              "id": "2번",
              "sex": "남성",
              "age": "20대"
            },
            "speechAct": "(지시) 질문하기",
            "morpheme": "키키/NNP+달마시안/NNP+관련/NNG+얘기/NNG+가/JKS+나와요/VV+EF"
          },
          {
            "id": 23,
            "text": "1 : 마지막에 나오더라 키키",
            "norm_text": "마지막에 나오더라 키키",
            "speaker": {
              "id": "1번",
              "sex": "남성",
              "age": "20대"
            },
            "speechAct": "(단언) 주장하기",
            "morpheme": "마지막/NNG+에/JKB+나오/VV+더라/EC+키/NNG+키/XSV+ETN"
          },
          {
            "id": 24,
            "text": "1 : 난 또 새로운 인물인 줄",
            "norm_text": "난 또 새로운 인물인 줄",
            "speaker": {
              "id": "1번",
              "sex": "남성",
              "age": "20대"
            },
            "speechAct": "(단언) 주장하기",
            "morpheme": "난/NP+JX+또/MAG+새로운/VA+ETM+인물/NNG+인/VCP+ETM+줄/NNB"
          },
          {
            "id": 25,
            "text": "2 : 키키 오 키키 궁금하네요",
            "norm_text": "키키 오 키키 궁금하네요",
            "speaker": {
              "id": "2번",
              "sex": "남성",
              "age": "20대"
            },
            "speechAct": "(단언) 주장하기",
            "morpheme": "키키/NNP+오키/NNP+키/NNG+궁금/XR+하/XSA+네요/EC"
          },
          {
            "id": 26,
            "text": "2 : 꼭 봐야겠노",
            "norm_text": "꼭 봐야겠노",
            "speaker": {
              "id": "2번",
              "sex": "남성",
              "age": "20대"
            },
            "speechAct": "(단언) 주장하기",
            "morpheme": "꼭/MAG+봐야/VV+EC+VX+겠/EP+노/EC"
          }
        ]
      }
    }
  ]
}