{
  "dataset": {
    "identifier": 67860,
    "name": "KAKAO_993_20_set",
    "src_path": "/data/file/cubeManager/PROJECT001/53/txt202110061226030156106/KAKAO_993_20_set/",
    "label_path": "/data/file/cubeManager/PROJECT001/53/txt202110061226030156106/KAKAO_993_20_set/",
    "category": 2,
    "type": 0
  },
  "licenses": {
    "name": "Apache License 1.0",
    "url": "http://www.apache.org/licenses/LICENSE-1.0"
  },
  "info": [
    {
      "id": 43040,
      "filename": "KAKAO_993_20.txt",
      "title": "KAKAO_993_20",
      "mediatype": "SNS",
      "medianame": "카카오톡",
      "category": "일상대화",
      "date": "2021-10-06",
      "size": 548,
      "annotations": {
        "subject": "영화/만화",
        "speaker_type": "1:1",
        "size": 548,
        "word_size": 176,
        "text": "1 : 어떻게 원피스를 취급 안 해? 거야?\n2 : 너무 길어서 못봐 그게 백 몇 번까지 있는 거잖아\n1 : 근데 진짜 금방 봐 왜냐면 너무 재밌거든\n2 : 노노 너무 길어서 안돼 볼 엄두도 안나\n1 : 진짜 재밌는디… 금방이라니까?\n2 : 노노 싫어 너무 길어 못봐 못봐\n1 : 아 진짜 재밌다고 ㅠㅠ 에이스 죽었을때 나 삼일동안 울었음\n2 : 에이스는 누구야 누군데 다들 울었대 걔가 주인공이냐?\n1 : 아니 ㅠㅠ 주인공은 루피고 루피 형이 에이스야\n2 : 아하 근데 왜 울어 그리고 루피 형도 있었어?\n2 : 엄마 아빠는? 다 죽었어?\n1 : 엄마는 아직 안 나왔고 아빠는 살아있고 형은 엄청 착하고 정의로운 해적인데 해군에 잡혀서 죽게 생긴 거 동료들이랑 루피가 구하러 갔는데 결국 죽음\n2 : 저런 착한앤데 왜 죽였대 너무 하네 ㅠ\n1 : 그니까. 그건 원피스를 보면 알 수 있어\n2 : 하지만 난 볼 수 없어 ^^\n2 : 큰 시리즈를 읽으면 온몸에 두드러기가 생기는 병에 걸려서 말이여 ^^\n1 : 제발 보라고 ㅠㅠ 너와 함께 즐겁고싶은 내 맘 왜 몰라줘?\n2 : 아니야 다른거로 즐거워져 보자 우리",
        "lines": [
          {
            "id": 1,
            "text": "1 : 어떻게 원피스를 취급 안 해? 거야?",
            "norm_text": "어떻게 원피스를 취급 안 해? 거야?",
            "speaker": {
              "id": "1번",
              "sex": "여성",
              "age": "20대"
            },
            "speechAct": "(지시) 질문하기",
            "morpheme": "어떻게/MAG+원피스/NNG+를/JKO+취급/NNG+안/MAG+해/VV+EF+거/NNB+야/VCP+EF"
          },
          {
            "id": 2,
            "text": "2 : 너무 길어서 못봐 그게 백 몇 번까지 있는 거잖아",
            "norm_text": "너무 길어서 못봐 그게 백 몇 번까지 있는 거잖아",
            "speaker": {
              "id": "2번",
              "sex": "여성",
              "age": "20대"
            },
            "speechAct": "(단언) 주장하기",
            "morpheme": "너무/MAG+길/VA+어서/EC+못/MAG+봐/VV+EC+그게/NP+JKS+백/NR+몇/MM+번/NNBC+까지/JX+있/VV+는/ETM+거/NNB+잖아/VCP+EC+VX+EC"
          },
          {
            "id": 3,
            "text": "1 : 근데 진짜 금방 봐 왜냐면 너무 재밌거든",
            "norm_text": "근데 진짜 금방 봐 왜냐면 너무 재밌거든",
            "speaker": {
              "id": "1번",
              "sex": "여성",
              "age": "20대"
            },
            "speechAct": "(단언) 주장하기",
            "morpheme": "근데/MAJ+진짜/MAG+금방/MAG+봐/VV+EF+왜냐면/MAJ+너무/MAG+재밌/VA+거든/EC"
          },
          {
            "id": 4,
            "text": "2 : 노노 너무 길어서 안돼 볼 엄두도 안나",
            "norm_text": "노노 너무 길어서 안돼 볼 엄두도 안나",
            "speaker": {
              "id": "2번",
              "sex": "여성",
              "age": "20대"
            },
            "speechAct": "(단언) 반박하기",
            "morpheme": "노노/IC+너무/MAG+길/VA+어서/EC+안/MAG+돼/VV+EC+볼/VX+ETM+엄두/NNG+도/JX+안/MAG+나/VV+EC"
          },
          {
            "id": 5,
            "text": "1 : 진짜 재밌는디… 금방이라니까?",
            "norm_text": "진짜 재밌는디… 금방이라니까?",
            "speaker": {
              "id": "1번",
              "sex": "여성",
              "age": "20대"
            },
            "speechAct": "(단언) 주장하기",
            "morpheme": "진짜/MAG+재밌/VA+는디/EC+…/SE+금방/NNG+이/VCP+라니까/EF"
          },
          {
            "id": 6,
            "text": "2 : 노노 싫어 너무 길어 못봐 못봐",
            "norm_text": "노노 싫어 너무 길어 못봐 못봐",
            "speaker": {
              "id": "2번",
              "sex": "여성",
              "age": "20대"
            },
            "speechAct": "(단언) 반박하기",
            "morpheme": "노노/IC+싫/VA+어/EC+너무/MAG+길/VA+어/EC+못/MAG+봐/VV+EC+못/MAG+봐/VV+EC"
          },
          {
            "id": 7,
            "text": "1 : 아 진짜 재밌다고 ㅠㅠ 에이스 죽었을때 나 삼일동안 울었음",
            "norm_text": "아 진짜 재밌다고 ㅠㅠ 에이스 죽었을때 나 삼일동안 울었음",
            "speaker": {
              "id": "1번",
              "sex": "여성",
              "age": "20대"
            },
            "speechAct": "(단언) 진술하기",
            "morpheme": "아/IC+진짜/MAG+재밌/VA+다고/EC+ㅠㅠ/UNKNOWN+에이스/NNG+죽/VV+었/EP+을/ETM+때/NNG+나/JC+삼/NR+일/NNBC+동안/NNG+울/VV+었/EP+음/ETN"
          },
          {
            "id": 8,
            "text": "2 : 에이스는 누구야 누군데 다들 울었대 걔가 주인공이냐?",
            "norm_text": "에이스는 누구야 누군데 다들 울었대 걔가 주인공이냐?",
            "speaker": {
              "id": "2번",
              "sex": "여성",
              "age": "20대"
            },
            "speechAct": "(지시) 질문하기",
            "morpheme": "에이스/NNG+는/JX+누구/NP+야/VCP+EF+누군데/NP+VCP+EC+다/MAG+들/XSN+울/VV+었/EP+대/EF+걔/NP+가/JKS+주인공/NNG+이/VCP+냐/EF"
          },
          {
            "id": 9,
            "text": "1 : 아니 ㅠㅠ 주인공은 루피고 루피 형이 에이스야",
            "norm_text": "아니 ㅠㅠ 주인공은 루피고 루피 형이 에이스야",
            "speaker": {
              "id": "1번",
              "sex": "여성",
              "age": "20대"
            },
            "speechAct": "(단언) 진술하기",
            "morpheme": "아니/IC+ㅠㅠ/UNKNOWN+주인공/NNG+은/JX+루피/NNG+고루/MAG+피형/NNG+이/JKS+에이스/NNG+야/VCP+EF"
          },
          {
            "id": 10,
            "text": "2 : 아하 근데 왜 울어 그리고 루피 형도 있었어?",
            "norm_text": "아하 근데 왜 울어 그리고 루피 형도 있었어?",
            "speaker": {
              "id": "2번",
              "sex": "여성",
              "age": "20대"
            },
            "speechAct": "(지시) 질문하기",
            "morpheme": "아하/IC+근데/MAJ+왜/MAG+울/VV+어/EF+그리고/MAJ+루피/NNG+형/XSN+도/JX+있/VA+었/EP+어/EF"
          },
          {
            "id": 11,
            "text": "2 : 엄마 아빠는? 다 죽었어?",
            "norm_text": "엄마 아빠는? 다 죽었어?",
            "speaker": {
              "id": "2번",
              "sex": "여성",
              "age": "20대"
            },
            "speechAct": "(지시) 질문하기",
            "morpheme": "엄마/NNG+아빠/NNG+는/JX+다/MAG+죽/VV+었/EP+어/EF"
          },
          {
            "id": 12,
            "text": "1 : 엄마는 아직 안 나왔고 아빠는 살아있고 형은 엄청 착하고 정의로운 해적인데 해군에 잡혀서 죽게 생긴 거 동료들이랑 루피가 구하러 갔는데 결국 죽음",
            "norm_text": "엄마는 아직 안 나왔고 아빠는 살아있고 형은 엄청 착하고 정의로운 해적인데 해군에 잡혀서 죽게 생긴 거 동료들이랑 루피가 구하러 갔는데 결국 죽음",
            "speaker": {
              "id": "1번",
              "sex": "여성",
              "age": "20대"
            },
            "speechAct": "(단언) 진술하기",
            "morpheme": "엄마/NNG+는/JX+아직/MAG+안/MAG+나왔/VV+EP+고/EC+아빠/NNG+는/JX+살/VV+아/EC+있/VX+고/EC+형/NNG+은/JX+엄청/MAG+착하/VA+고/EC+정의/NNG+로/JKB+운해/NNG+적/XSN+인데/VCP+EC+해군/NNG+에/JKB+잡혀서/VV+EC+죽/VV+게/EC+생긴/VV+ETM+거/NNB+동료/NNG+들/XSN+이랑/JKB+루피/NNG+가/JKS+구하/VV+러/EC+갔/VV+EP+는데/EC+결국/NNG+죽음/NNG"
          },
          {
            "id": 13,
            "text": "2 : 저런 착한앤데 왜 죽였대 너무 하네 ㅠ",
            "norm_text": "저런 착한앤데 왜 죽였대 너무 하네 ㅠ",
            "speaker": {
              "id": "2번",
              "sex": "여성",
              "age": "20대"
            },
            "speechAct": "(단언) 주장하기",
            "morpheme": "저런/MM+착한/VA+ETM+앤데/NNG+VCP+EC+왜/MAG+죽였/VV+EP+대/EF+너무/MAG+하/VV+네/EF+ㅠ/UNKNOWN"
          },
          {
            "id": 14,
            "text": "1 : 그니까. 그건 원피스를 보면 알 수 있어",
            "norm_text": "그니까. 그건 원피스를 보면 알 수 있어",
            "speaker": {
              "id": "1번",
              "sex": "여성",
              "age": "20대"
            },
            "speechAct": "(단언) 주장하기",
            "morpheme": "그니까/MAJ+그건/NP+JX+원피스/NNG+를/JKO+보/VV+면/EC+알/VV+ETM+수/NNB+있/VV+어/EC"
          },
          {
            "id": 15,
            "text": "2 : 하지만 난 볼 수 없어 ^^",
            "norm_text": "하지만 난 볼 수 없어 ^^",
            "speaker": {
              "id": "2번",
              "sex": "여성",
              "age": "20대"
            },
            "speechAct": "(단언) 반박하기",
            "morpheme": "하지만/MAJ+난/NP+JX+볼/VV+ETM+수/NNB+없/VA+어/EC+^/SY+^/SY"
          },
          {
            "id": 16,
            "text": "2 : 큰 시리즈를 읽으면 온몸에 두드러기가 생기는 병에 걸려서 말이여 ^^",
            "norm_text": "큰 시리즈를 읽으면 온몸에 두드러기가 생기는 병에 걸려서 말이여 ^^",
            "speaker": {
              "id": "2번",
              "sex": "여성",
              "age": "20대"
            },
            "speechAct": "(단언) 주장하기",
            "morpheme": "큰/VA+ETM+시리즈/NNG+를/JKO+읽/VV+으면/EC+온몸/NNG+에/JKB+두드러기/NNG+가/JKS+생기/VV+는/ETM+병/NNG+에/JKB+걸려서/VV+EC+말/NNG+이/VCP+여/EC+^/SY+^/SY"
          },
          {
            "id": 17,
            "text": "1 : 제발 보라고 ㅠㅠ 너와 함께 즐겁고싶은 내 맘 왜 몰라줘?",
            "norm_text": "제발 보라고 ㅠㅠ 너와 함께 즐겁고싶은 내 맘 왜 몰라줘?",
            "speaker": {
              "id": "1번",
              "sex": "여성",
              "age": "20대"
            },
            "speechAct": "(지시) 질문하기",
            "morpheme": "제발/MAG+보/VV+라고/EC+ㅠㅠ/UNKNOWN+너/NP+와/JKB+함께/MAG+즐겁/VA+고/EC+싶/VX+은/ETM+내/NP+JKG+맘/NNG+왜/MAG+몰라/VV+EC+줘/VX+EF"
          },
          {
            "id": 18,
            "text": "2 : 아니야 다른거로 즐거워져 보자 우리",
            "norm_text": "아니야 다른거로 즐거워져 보자 우리",
            "speaker": {
              "id": "2번",
              "sex": "여성",
              "age": "20대"
            },
            "speechAct": "(지시) 충고/제안하기",
            "morpheme": "아니야/IC+다른/MM+거/NNB+로/JKB+즐거워져/VA+EC+VX+EC+보/VX+자/EC+우리/NP"
          }
        ]
      }
    }
  ]
}