{
  "dataset": {
    "identifier": 49944,
    "name": "KAKAO_976_20_set",
    "src_path": "/data/file/cubeManager/PROJECT001/53/txt20211006134533076756/KAKAO_976_20_set/",
    "label_path": "/data/file/cubeManager/PROJECT001/53/txt20211006134533076756/KAKAO_976_20_set/",
    "category": 2,
    "type": 0
  },
  "licenses": {
    "name": "Apache License 1.0",
    "url": "http://www.apache.org/licenses/LICENSE-1.0"
  },
  "info": [
    {
      "id": 43160,
      "filename": "KAKAO_976_20.txt",
      "title": "KAKAO_976_20",
      "mediatype": "SNS",
      "medianame": "카카오톡",
      "category": "일상대화",
      "date": "2021-10-06",
      "size": 440,
      "annotations": {
        "subject": "영화/만화",
        "speaker_type": "1:1",
        "size": 440,
        "word_size": 147,
        "text": "1 : 만화 캐릭터 뭐 좋아해요 키키\n2 : 나는 원피스 루피랑 등등\n1 : 오 원피스 저도 봤어요 키키 요새 백신 짤로 많이 돌아다니던데\n2 : 엥 진짜? 뭘로 돌아다니는데? 키키\n1 : 샹크스인가? 그 팔 짤린 모습 백신 2차 맞았을 때라고 키키\n2 : 키키 악 키키 아 키키 그럴만하네 키키 샹크스 맞아 키키\n1 : 키키 진짜 적절하다고 생각했어요 키키\n2 : 키키 아니 맞지도 않은 니가 왜 적절하다고 생각해 키키\n1 : 키키 다들 후기 들어 보니까 키키 휴 전 팔이 없어지고 싶지 않네요\n2 : 키키 니는 안 없어질 수도 있다\n1 : 키키 아니에요 오빠 저는 없어질 수도 있어요\n2 : 키키 아니야 니는 아주 괜찮을 수도 있어\n1 : 아니에요 오빠 키키 진짜 내기 할래요?\n2 : 키키 그래 키키 나는 니가 괜찮다에 걸게\n1 : 키키 10만 원 빵이에요 이거 증거 보관\n2 : 키키 니가 일단 맞기나 해라",
        "lines": [
          {
            "id": 1,
            "text": "1 : 만화 캐릭터 뭐 좋아해요 키키",
            "norm_text": "만화 캐릭터 뭐 좋아해요 키키",
            "speaker": {
              "id": "1번",
              "sex": "여성",
              "age": "20대"
            },
            "speechAct": "(지시) 질문하기",
            "morpheme": "만화/NNG+캐릭터/NNG+뭐/IC+좋/VA+아/EC+해요/VX+EF+키/NNG+키/XSV+ETN"
          },
          {
            "id": 2,
            "text": "2 : 나는 원피스 루피랑 등등",
            "norm_text": "나는 원피스 루피랑 등등",
            "speaker": {
              "id": "2번",
              "sex": "남성",
              "age": "20대"
            },
            "speechAct": "(단언) 주장하기",
            "morpheme": "나/NP+는/JX+원피스/NNG+루피/NNG+랑/JKB+등등/NNB"
          },
          {
            "id": 3,
            "text": "1 : 오 원피스 저도 봤어요 키키 요새 백신 짤로 많이 돌아다니던데",
            "norm_text": "오 원피스 저도 봤어요 키키 요새 백신 짤로 많이 돌아다니던데",
            "speaker": {
              "id": "1번",
              "sex": "여성",
              "age": "20대"
            },
            "speechAct": "(단언) 진술하기",
            "morpheme": "오/NR+원피스/NNG+저/NP+도/JX+봤/VV+EP+어요/EF+키키/NNP+요새/NNG+백신/NNG+짤/VV+ETM+로/JKB+많이/MAG+돌아다니/VV+던데/EC"
          },
          {
            "id": 4,
            "text": "2 : 엥 진짜? 뭘로 돌아다니는데? 키키",
            "norm_text": "엥 진짜? 뭘로 돌아다니는데? 키키",
            "speaker": {
              "id": "2번",
              "sex": "남성",
              "age": "20대"
            },
            "speechAct": "(지시) 질문하기",
            "morpheme": "엥/IC+진짜/MAG+뭘로/NP+JKB+돌아다니/VV+는데/EC+?/SY+키/NNG+키/XSV+ETN"
          },
          {
            "id": 5,
            "text": "1 : 샹크스인가? 그 팔 짤린 모습 백신 2차 맞았을 때라고 키키",
            "norm_text": "샹크스인가? 그 팔 짤린 모습 백신 2차 맞았을 때라고 키키",
            "speaker": {
              "id": "1번",
              "sex": "여성",
              "age": "20대"
            },
            "speechAct": "(단언) 진술하기",
            "morpheme": "샹크스/NNP+인가/VCP+EF+그/MM+팔/NNG+짤린/VV+ETM+모습/NNG+백신/NNG+2/SN+차/NNBC+맞/VV+았/EP+을/ETM+때/NNG+라고/VCP+EC+키/NNG+키/XSV+ETN"
          },
          {
            "id": 6,
            "text": "2 : 키키 악 키키 아 키키 그럴만하네 키키 샹크스 맞아 키키",
            "norm_text": "키키 악 키키 아 키키 그럴만하네 키키 샹크스 맞아 키키",
            "speaker": {
              "id": "2번",
              "sex": "남성",
              "age": "20대"
            },
            "speechAct": "(단언) 주장하기",
            "morpheme": "키/NNG+키/NNG+악/NNG+키/XSV+ETN+키/VV+아/EC+키/NNG+키/XSV+ETN+그럴/VV+ETM+만/NNB+하/XSA+네/EF+키키/NNP+샹크스/NNP+맞/VV+아/EC+키/NNG+키/XSV+ETN"
          },
          {
            "id": 7,
            "text": "1 : 키키 진짜 적절하다고 생각했어요 키키",
            "norm_text": "키키 진짜 적절하다고 생각했어요 키키",
            "speaker": {
              "id": "1번",
              "sex": "여성",
              "age": "20대"
            },
            "speechAct": "(단언) 주장하기",
            "morpheme": "키/NNG+키/XSV+ETN+진짜/MAG+적절/XR+하/XSA+다고/EC+생각/NNG+했/XSV+EP+어요/EF+키/NNG+키/XSV+ETN"
          },
          {
            "id": 8,
            "text": "2 : 키키 아니 맞지도 않은 니가 왜 적절하다고 생각해 키키",
            "norm_text": "키키 아니 맞지도 않은 니가 왜 적절하다고 생각해 키키",
            "speaker": {
              "id": "2번",
              "sex": "남성",
              "age": "20대"
            },
            "speechAct": "(지시) 질문하기",
            "morpheme": "키/NNG+키/XSV+ETN+아니/VCN+맞/VV+지/EC+도/JX+않/VX+은/ETM+니/NP+가/JKS+왜/MAG+적절/XR+하/XSA+다고/EC+생각/NNG+해/XSV+EC+키/NNG+키/XSV+ETN"
          },
          {
            "id": 9,
            "text": "1 : 키키 다들 후기 들어 보니까 키키 휴 전 팔이 없어지고 싶지 않네요",
            "norm_text": "키키 다들 후기 들어 보니까 키키 휴 전 팔이 없어지고 싶지 않네요",
            "speaker": {
              "id": "1번",
              "sex": "여성",
              "age": "20대"
            },
            "speechAct": "(단언) 주장하기",
            "morpheme": "키/NNG+키/VV+다/EC+들/XSN+후기/NNG+들/VV+어/EC+보/VX+니까/EC+키/NNG+키/NNG+휴전/NNG+팔/NNG+이/JKS+없/VA+어/EC+지/VX+고/EC+싶/VX+지/EC+않/VX+네요/EC"
          },
          {
            "id": 10,
            "text": "2 : 키키 니는 안 없어질 수도 있다",
            "norm_text": "키키 니는 안 없어질 수도 있다",
            "speaker": {
              "id": "2번",
              "sex": "남성",
              "age": "20대"
            },
            "speechAct": "(단언) 주장하기",
            "morpheme": "키/NNG+키/XSV+ETN+니/NP+는/JX+안/MAG+없/VA+어/EC+질/VX+ETM+수/NNB+도/JX+있/VA+다/EC"
          },
          {
            "id": 11,
            "text": "1 : 키키 아니에요 오빠 저는 없어질 수도 있어요",
            "norm_text": "키키 아니에요 오빠 저는 없어질 수도 있어요",
            "speaker": {
              "id": "1번",
              "sex": "여성",
              "age": "20대"
            },
            "speechAct": "(단언) 반박하기",
            "morpheme": "키/NNG+키/XSV+ETN+아니/VCN+에요/EF+오빠/NNG+저/NP+는/JX+없/VA+어/EC+질/VX+ETM+수/NNB+도/JX+있/VA+어요/EF"
          },
          {
            "id": 12,
            "text": "2 : 키키 아니야 니는 아주 괜찮을 수도 있어",
            "norm_text": "키키 아니야 니는 아주 괜찮을 수도 있어",
            "speaker": {
              "id": "2번",
              "sex": "남성",
              "age": "20대"
            },
            "speechAct": "(단언) 반박하기",
            "morpheme": "키/NNG+키/XSV+ETN+아니/VCN+야/EC+니/NP+는/JX+아주/MAG+괜찮/VA+을/ETM+수/NNB+도/JX+있/VA+어/EC"
          },
          {
            "id": 13,
            "text": "1 : 아니에요 오빠 키키 진짜 내기 할래요?",
            "norm_text": "아니에요 오빠 키키 진짜 내기 할래요?",
            "speaker": {
              "id": "1번",
              "sex": "여성",
              "age": "20대"
            },
            "speechAct": "(지시) 질문하기",
            "morpheme": "아니/VCN+에요/EF+오빠/NNG+키/NNG+키/XSV+ETN+진짜/MAG+내기/NNG+할래요/XSV+EF"
          },
          {
            "id": 14,
            "text": "2 : 키키 그래 키키 나는 니가 괜찮다에 걸게",
            "norm_text": "키키 그래 키키 나는 니가 괜찮다에 걸게",
            "speaker": {
              "id": "2번",
              "sex": "남성",
              "age": "20대"
            },
            "speechAct": "(언약) 약속하기(제3자와)/(개인적 수준)",
            "morpheme": "키/NNG+키/XSV+ETN+그래/VA+EC+키/NNG+키나/XSA+ETN+JX+는/JX+니/NP+가/JKS+괜찮/VA+다/EF+에/JKB+걸/VV+게/EC"
          },
          {
            "id": 15,
            "text": "1 : 키키 10만 원 빵이에요 이거 증거 보관",
            "norm_text": "키키 10만 원 빵이에요 이거 증거 보관",
            "speaker": {
              "id": "1번",
              "sex": "여성",
              "age": "20대"
            },
            "speechAct": "(언약) 약속하기(제3자와)/(개인적 수준)",
            "morpheme": "키/NNG+키/XSV+ETN+10/SN+만/NR+원/NNBC+빵/NNG+이/VCP+에요/EF+이거/NP+증거/NNG+보관/NNG"
          },
          {
            "id": 16,
            "text": "2 : 키키 니가 일단 맞기나 해라",
            "norm_text": "키키 니가 일단 맞기나 해라",
            "speaker": {
              "id": "2번",
              "sex": "남성",
              "age": "20대"
            },
            "speechAct": "(지시) 충고/제안하기",
            "morpheme": "키/NNG+키/XSV+ETN+니/NP+가/JKS+일단/MAG+맞/VV+기/ETN+나/JX+해라/VV+EC"
          }
        ]
      }
    }
  ]
}