{
  "dataset": {
    "identifier": 68956,
    "name": "KAKAO_945_02_set",
    "src_path": "/data/file/cubeManager/PROJECT001/53/txt20211005162516013514/KAKAO_945_02_set/",
    "label_path": "/data/file/cubeManager/PROJECT001/53/txt20211005162516013514/KAKAO_945_02_set/",
    "category": 2,
    "type": 0
  },
  "licenses": {
    "name": "Apache License 1.0",
    "url": "http://www.apache.org/licenses/LICENSE-1.0"
  },
  "info": [
    {
      "id": 42299,
      "filename": "KAKAO_945_02.txt",
      "title": "KAKAO_945_02",
      "mediatype": "SNS",
      "medianame": "카카오톡",
      "category": "일상대화",
      "date": "2021-10-05",
      "size": 654,
      "annotations": {
        "subject": "주거와 생활",
        "speaker_type": "1:1",
        "size": 654,
        "word_size": 213,
        "text": "1 : 이 동네에서 직방 켜봤더니 집이 없네 키키\n2 : 이 동네는 방이 있겠나...?\n2 : 옛날 동네에 인프라도 없고 여기 사는 사람들도 딴 데 가는 판인데\n1 : 그러게? 키키 전체적으로 집이 많이 없는 것 같다! 키키\n2 : 응응 키키 여기는 살만한 곳이 아니야 키키\n1 : 대구 전체적으로 집 자체가 많이 안 나오는가 보네!\n2 : 아니야 키키 재개발 엄청 하고 있고 미분양도 많이 나고 있어 키키\n2 : 근데 우리 집 하나 없노 키키\n1 : 하긴... 서울도 내 조건에 맞는 집은 찾을 수가 없으니... ㅜㅜ\n2 : 흠... 어딜 가나 다들 집 때문에 힘들구만 하하\n1 : 아파트는 꿈도 못 꾸겠고 키키 주택이나 빌라로 집 알아보고 있는데 그것도 없다 키키\n2 : 나는 임대주택 알아보고 있다...\n2 : 그것도 쉽지는 않네 하하\n1 : 아휴... 이번 생은 내 집 갖긴 힘들지 않을까 싶다 키키\n2 : 키키 나는 결혼도 포기했다...\n2 : 하고 싶은데 키키\n1 : 키키 아직 젊다 아니가 키키\n1 : 돈 빨리 모아서 집도 사고 결혼도 하고 해라! 키키\n2 : 키키 세월 다~지나간다 키키\n2 : 그냥 혼자 살다가 가야지? 키키\n1 : 키키 그것도 나쁘진 않은 듯 키키\n1 : 직방 같은 거 보면 재밌다 심심할 때마다 들어가서 봐봐 키키\n2 : 보면 뭐하나 키키\n2 : 어차피 가지도 못하는데 키키",
        "lines": [
          {
            "id": 1,
            "text": "1 : 이 동네에서 직방 켜봤더니 집이 없네 키키",
            "norm_text": "이 동네에서 직방 켜봤더니 집이 없네 키키",
            "speaker": {
              "id": "1번",
              "sex": "여성",
              "age": "30대"
            },
            "speechAct": "(단언) 진술하기",
            "morpheme": "이/MM+동네/NNG+에서/JKB+직방/NNG+켜/VV+EC+봤/VX+EP+더니/EC+집/NNG+이/JKS+없/VA+네/EF+키/NNG+키/XSV+ETN"
          },
          {
            "id": 2,
            "text": "2 : 이 동네는 방이 있겠나...?",
            "norm_text": "이 동네는 방이 있겠나...?",
            "speaker": {
              "id": "2번",
              "sex": "남성",
              "age": "30대"
            },
            "speechAct": "(단언) 진술하기",
            "morpheme": "이/MM+동네/NNG+는/JX+방/NNG+이/JKS+있/VA+겠/EP+나/EF+./SY+./SY"
          },
          {
            "id": 3,
            "text": "2 : 옛날 동네에 인프라도 없고 여기 사는 사람들도 딴 데 가는 판인데",
            "norm_text": "옛날 동네에 인프라도 없고 여기 사는 사람들도 딴 데 가는 판인데",
            "speaker": {
              "id": "2번",
              "sex": "남성",
              "age": "30대"
            },
            "speechAct": "(단언) 진술하기",
            "morpheme": "옛날/NNG+동네/NNG+에/JKB+인프라/NNG+도/JX+없/VA+고/EC+여기/NP+사/VV+는/ETM+사람/NNG+들/XSN+도/JX+딴/MM+데/NNB+가/VV+는/ETM+판/NNB+인데/VCP+EC"
          },
          {
            "id": 4,
            "text": "1 : 그러게? 키키 전체적으로 집이 많이 없는 것 같다! 키키",
            "norm_text": "그러게? 키키 전체적으로 집이 많이 없는 것 같다! 키키",
            "speaker": {
              "id": "1번",
              "sex": "여성",
              "age": "30대"
            },
            "speechAct": "(단언) 진술하기",
            "morpheme": "그러게/IC+키/NNG+키/NNG+전체/NNG+적/XSN+으로/JKB+집/NNG+이/JKS+많이/MAG+없/VA+는/ETM+것/NNB+같/VA+다/EF+키/NNG+키/XSV+ETN"
          },
          {
            "id": 5,
            "text": "2 : 응응 키키 여기는 살만한 곳이 아니야 키키",
            "norm_text": "응응 키키 여기는 살만한 곳이 아니야 키키",
            "speaker": {
              "id": "2번",
              "sex": "남성",
              "age": "30대"
            },
            "speechAct": "(단언) 진술하기",
            "morpheme": "응/IC+응/IC+키/NNG+키/XSV+ETN+여기/NP+는/JX+살만/NNG+한/XSA+ETM+곳/NNG+이/JKC+아니/VCN+야/EC+키/NNG+키/XSV+ETN"
          },
          {
            "id": 6,
            "text": "1 : 대구 전체적으로 집 자체가 많이 안 나오는가 보네!",
            "norm_text": "대구 전체적으로 집 자체가 많이 안 나오는가 보네!",
            "speaker": {
              "id": "1번",
              "sex": "여성",
              "age": "30대"
            },
            "speechAct": "(단언) 진술하기",
            "morpheme": "대구/NNP+전체/NNG+적/XSN+으로/JKB+집/NNG+자체/NNG+가/JKS+많이/MAG+안/MAG+나오/VV+는가/EC+보/VX+네/EF"
          },
          {
            "id": 7,
            "text": "2 : 아니야 키키 재개발 엄청 하고 있고 미분양도 많이 나고 있어 키키",
            "norm_text": "아니야 키키 재개발 엄청 하고 있고 미분양도 많이 나고 있어 키키",
            "speaker": {
              "id": "2번",
              "sex": "남성",
              "age": "30대"
            },
            "speechAct": "(단언) 진술하기",
            "morpheme": "아니야/IC+키/NNG+키/XSV+ETN+재/XPN+개발/NNG+엄청/MAG+하/VV+고/EC+있/VX+고/EC+미분양/NNG+도/JX+많이/MAG+나/VV+고/EC+있/VX+어/EC+키/NNG+키/XSV+ETN"
          },
          {
            "id": 8,
            "text": "2 : 근데 우리 집 하나 없노 키키",
            "norm_text": "근데 우리 집 하나 없노 키키",
            "speaker": {
              "id": "2번",
              "sex": "남성",
              "age": "30대"
            },
            "speechAct": "(단언) 진술하기",
            "morpheme": "근데/MAJ+우리/NP+집/NNG+하나/NR+없/VA+노/EC+키/NNG+키/XSV+ETN"
          },
          {
            "id": 9,
            "text": "1 : 하긴... 서울도 내 조건에 맞는 집은 찾을 수가 없으니... ㅜㅜ",
            "norm_text": "하긴... 서울도 내 조건에 맞는 집은 찾을 수가 없으니... ㅜㅜ",
            "speaker": {
              "id": "1번",
              "sex": "여성",
              "age": "30대"
            },
            "speechAct": "(단언) 진술하기",
            "morpheme": "하긴/MAJ+./SY+./SY+서울/NNP+도/JX+내/NP+JKG+조건/NNG+에/JKB+맞/VV+는/ETM+집/NNG+은/JX+찾/VV+을/ETM+수/NNB+가/JKS+없/VA+으니/EF+./SY+ㅜㅜ/UNKNOWN"
          },
          {
            "id": 10,
            "text": "2 : 흠... 어딜 가나 다들 집 때문에 힘들구만 하하",
            "norm_text": "흠... 어딜 가나 다들 집 때문에 힘들구만 하하",
            "speaker": {
              "id": "2번",
              "sex": "남성",
              "age": "30대"
            },
            "speechAct": "(단언) 진술하기",
            "morpheme": "흠/IC+./SY+어딜/NP+JKO+가/VV+나다/EC+들/XSN+집/NNG+때문/NNB+에/JKB+힘들/VA+구/EC+만/JX+하하/MAG"
          },
          {
            "id": 11,
            "text": "1 : 아파트는 꿈도 못 꾸겠고 키키 주택이나 빌라로 집 알아보고 있는데 그것도 없다 키키",
            "norm_text": "아파트는 꿈도 못 꾸겠고 키키 주택이나 빌라로 집 알아보고 있는데 그것도 없다 키키",
            "speaker": {
              "id": "1번",
              "sex": "여성",
              "age": "30대"
            },
            "speechAct": "(단언) 진술하기",
            "morpheme": "아파트/NNG+는/JX+꿈/NNG+도/JX+못/MAG+꾸/VV+겠/EP+고/EC+키/NNG+키/NNG+주택/NNG+이나/JC+빌라/NNG+로/JKB+집/NNG+알아보/VV+고/EC+있/VX+는데/EC+그것/NP+도/JX+없/VA+다키키/NNP"
          },
          {
            "id": 12,
            "text": "2 : 나는 임대주택 알아보고 있다...",
            "norm_text": "나는 임대주택 알아보고 있다...",
            "speaker": {
              "id": "2번",
              "sex": "남성",
              "age": "30대"
            },
            "speechAct": "(단언) 진술하기",
            "morpheme": "나/NP+는/JX+임대/NNG+주택/NNG+알아보/VV+고/EC+있/VX+다/EF+./SY"
          },
          {
            "id": 13,
            "text": "2 : 그것도 쉽지는 않네 하하",
            "norm_text": "그것도 쉽지는 않네 하하",
            "speaker": {
              "id": "2번",
              "sex": "남성",
              "age": "30대"
            },
            "speechAct": "(단언) 진술하기",
            "morpheme": "그것/NP+도/JX+쉽/VA+지/EC+는/JX+않/VX+네/EF+하하/MAG"
          },
          {
            "id": 14,
            "text": "1 : 아휴... 이번 생은 내 집 갖긴 힘들지 않을까 싶다 키키",
            "norm_text": "아휴... 이번 생은 내 집 갖긴 힘들지 않을까 싶다 키키",
            "speaker": {
              "id": "1번",
              "sex": "여성",
              "age": "30대"
            },
            "speechAct": "(단언) 주장하기",
            "morpheme": "아휴/IC+./SY+이번/NNG+생/XSN+은/JX+내/NP+JKG+집/NNG+갖/VV+긴/ETN+JX+힘들/VA+지/EC+않/VX+을까/EC+싶/VX+다키키/NNP"
          },
          {
            "id": 15,
            "text": "2 : 키키 나는 결혼도 포기했다...",
            "norm_text": "키키 나는 결혼도 포기했다...",
            "speaker": {
              "id": "2번",
              "sex": "남성",
              "age": "30대"
            },
            "speechAct": "(단언) 주장하기",
            "morpheme": "키/NNG+키나/XSA+ETN+JX+는/JX+결혼/NNG+도/JX+포기/NNG+했/XSV+EP+다/EF+./SY"
          },
          {
            "id": 16,
            "text": "2 : 하고 싶은데 키키",
            "norm_text": "하고 싶은데 키키",
            "speaker": {
              "id": "2번",
              "sex": "남성",
              "age": "30대"
            },
            "speechAct": "(단언) 주장하기",
            "morpheme": "하/VV+고/EC+싶/VX+은데/EC+키/NNG+키/XSV+ETN"
          },
          {
            "id": 17,
            "text": "1 : 키키 아직 젊다 아니가 키키",
            "norm_text": "키키 아직 젊다 아니가 키키",
            "speaker": {
              "id": "1번",
              "sex": "여성",
              "age": "30대"
            },
            "speechAct": "(단언) 진술하기",
            "morpheme": "키/NNG+키/NNG+아직/MAG+젊/VA+다아/EC+니/NP+가/JKS+키/NNG+키/XSV+ETN"
          },
          {
            "id": 18,
            "text": "1 : 돈 빨리 모아서 집도 사고 결혼도 하고 해라! 키키",
            "norm_text": "돈 빨리 모아서 집도 사고 결혼도 하고 해라! 키키",
            "speaker": {
              "id": "1번",
              "sex": "여성",
              "age": "30대"
            },
            "speechAct": "(단언) 진술하기",
            "morpheme": "돈/NNG+빨리/MAG+모아서/VV+EC+집/NNG+도/JX+사고/NNG+결혼/NNG+도/JX+하/VV+고/EC+해라/VX+EF+키/NNG+키/XSV+ETN"
          },
          {
            "id": 19,
            "text": "2 : 키키 세월 다~지나간다 키키",
            "norm_text": "키키 세월 다~지나간다 키키",
            "speaker": {
              "id": "2번",
              "sex": "남성",
              "age": "30대"
            },
            "speechAct": "(단언) 진술하기",
            "morpheme": "키/NNG+키/XSV+ETN+세/MM+월다/NNG+~/SY+지나간/VV+ETM+다키키/NNP"
          },
          {
            "id": 20,
            "text": "2 : 그냥 혼자 살다가 가야지? 키키",
            "norm_text": "그냥 혼자 살다가 가야지? 키키",
            "speaker": {
              "id": "2번",
              "sex": "남성",
              "age": "30대"
            },
            "speechAct": "(단언) 진술하기",
            "morpheme": "그냥/MAG+혼자/MAG+살/VV+다가/EC+가/VX+야지/EF+키/NNG+키/XSV+ETN"
          },
          {
            "id": 21,
            "text": "1 : 키키 그것도 나쁘진 않은 듯 키키",
            "norm_text": "키키 그것도 나쁘진 않은 듯 키키",
            "speaker": {
              "id": "1번",
              "sex": "여성",
              "age": "30대"
            },
            "speechAct": "(단언) 진술하기",
            "morpheme": "키/NNG+키/XSV+ETN+그것/NP+도/JX+나쁘/VA+진/EC+JX+않/VX+은/ETM+듯/NNB+키/NNG+키/XSV+ETN"
          },
          {
            "id": 22,
            "text": "1 : 직방 같은 거 보면 재밌다 심심할 때마다 들어가서 봐봐 키키",
            "norm_text": "직방 같은 거 보면 재밌다 심심할 때마다 들어가서 봐봐 키키",
            "speaker": {
              "id": "1번",
              "sex": "여성",
              "age": "30대"
            },
            "speechAct": "(단언) 진술하기",
            "morpheme": "직방/NNG+같/VA+은/ETM+거/NNB+보/VV+면/EC+재밌/VA+다/EC+심심/XR+할/XSA+ETM+때/NNG+마다/JX+들어가/VV+서/EC+봐/VX+EC+봐/VX+EF+키/NNG+키/XSV+ETN"
          },
          {
            "id": 23,
            "text": "2 : 보면 뭐하나 키키",
            "norm_text": "보면 뭐하나 키키",
            "speaker": {
              "id": "2번",
              "sex": "남성",
              "age": "30대"
            },
            "speechAct": "(단언) 진술하기",
            "morpheme": "보/VV+면/EC+뭐/IC+하나/NR+키/NNG+키/XSV+ETN"
          },
          {
            "id": 24,
            "text": "2 : 어차피 가지도 못하는데 키키",
            "norm_text": "어차피 가지도 못하는데 키키",
            "speaker": {
              "id": "2번",
              "sex": "남성",
              "age": "30대"
            },
            "speechAct": "(단언) 진술하기",
            "morpheme": "어차피/MAG+가지/VV+도/EC+못하/VX+는데/EC+키/NNG+키/XSV+ETN"
          }
        ]
      }
    }
  ]
}