{
  "dataset": {
    "identifier": 32760,
    "name": "KAKAO_953_11_set",
    "src_path": "/data/file/cubeManager/PROJECT001/53/txt20211005163742003259/KAKAO_953_11_set/",
    "label_path": "/data/file/cubeManager/PROJECT001/53/txt20211005163742003259/KAKAO_953_11_set/",
    "category": 2,
    "type": 0
  },
  "licenses": {
    "name": "Apache License 1.0",
    "url": "http://www.apache.org/licenses/LICENSE-1.0"
  },
  "info": [
    {
      "id": 42709,
      "filename": "KAKAO_953_11.txt",
      "title": "KAKAO_953_11",
      "mediatype": "SNS",
      "medianame": "카카오톡",
      "category": "일상대화",
      "date": "2021-10-05",
      "size": 339,
      "annotations": {
        "subject": "게임",
        "speaker_type": "1:1",
        "size": 339,
        "word_size": 116,
        "text": "1 : 고양이  키우기 게임 깔아야쥐\n2 : 그런 게임이 있니? 나고 공유 좀\n1 : 고양이 졸 괴롭히게 진짜 극혐이거든\n2 : ... 고양이 괴롭히기 게임이니?\n1 : 아니?  아까 때려 죽이고 싶었어\n2 : 난 안 할래... 정말 안 할래\n1 : 차마 졸 내가 참\n2 : ㅠㅠ 니도 힘들엇겟찌만 갸도 길 생활에서 살라고 들어간기라\n1 : 키키 휴 명심해 고양이엔 에어건\n2 : 하 생각 하믄 마음 아프노 ㅜㅜ\n1 : 요즘도 그 게임 하니?\n2 : 그 게임 이제 안 알려 줄거야\n1 : 그 이상한 게임... 계속 하고 있니?\n2 : 나만의 게임으로 저장ㅁ\n1 : 키키  왠데 왜 갑자기 비밀이심\n2 : 스트레스엔 그만한 게임이 없어",
        "lines": [
          {
            "id": 1,
            "text": "1 : 고양이  키우기 게임 깔아야쥐",
            "norm_text": "고양이  키우기 게임 깔아야쥐",
            "speaker": {
              "id": "1번",
              "sex": "여성",
              "age": "30대"
            },
            "speechAct": "(단언) 주장하기",
            "morpheme": "고양이/NNG+키우/VV+기/ETN+게임/NNG+깔/VV+아야/EC+쥐/NNG"
          },
          {
            "id": 2,
            "text": "2 : 그런 게임이 있니? 나고 공유 좀",
            "norm_text": "그런 게임이 있니? 나고 공유 좀",
            "speaker": {
              "id": "2번",
              "sex": "여성",
              "age": "20대"
            },
            "speechAct": "(지시) 충고/제안하기",
            "morpheme": "그런/MM+게임/NNG+이/JKS+있/VA+니/EF+나/VV+고/EC+공유/NNG+좀/MAG"
          },
          {
            "id": 3,
            "text": "1 : 고양이 졸 괴롭히게 진짜 극혐이거든",
            "norm_text": "고양이 졸 괴롭히게 진짜 극혐이거든",
            "speaker": {
              "id": "1번",
              "sex": "여성",
              "age": "30대"
            },
            "speechAct": "(단언) 주장하기",
            "morpheme": "고양이/NNG+졸/NNG+괴롭히/VV+게/EC+진짜/MAG+극혐/UNKNOWN+이거/NP+든/VCP+EC"
          },
          {
            "id": 4,
            "text": "2 : ... 고양이 괴롭히기 게임이니?",
            "norm_text": "... 고양이 괴롭히기 게임이니?",
            "speaker": {
              "id": "2번",
              "sex": "여성",
              "age": "20대"
            },
            "speechAct": "(지시) 질문하기",
            "morpheme": "./SY+./SY+고양이/NNG+괴롭히/VV+기/ETN+게임/NNG+이/VCP+니/EF"
          },
          {
            "id": 5,
            "text": "1 : 아니?  아까 때려 죽이고 싶었어",
            "norm_text": "아니?  아까 때려 죽이고 싶었어",
            "speaker": {
              "id": "1번",
              "sex": "여성",
              "age": "30대"
            },
            "speechAct": "(단언) 주장하기",
            "morpheme": "아니/IC+아까/MAG+때려죽이/VV+고/EC+싶/VX+었/EP+어/EC"
          },
          {
            "id": 6,
            "text": "2 : 난 안 할래... 정말 안 할래",
            "norm_text": "난 안 할래... 정말 안 할래",
            "speaker": {
              "id": "2번",
              "sex": "여성",
              "age": "20대"
            },
            "speechAct": "(단언) 주장하기",
            "morpheme": "난/NP+JX+안/MAG+할래/VV+EF+./SY+정말/MAG+안/MAG+할래/VV+EC"
          },
          {
            "id": 7,
            "text": "1 : 차마 졸 내가 참",
            "norm_text": "차마 졸 내가 참",
            "speaker": {
              "id": "1번",
              "sex": "여성",
              "age": "30대"
            },
            "speechAct": "(단언) 주장하기",
            "morpheme": "차마/MAG+졸/VA+ETM+내/NP+가/JKS+참/NNG"
          },
          {
            "id": 8,
            "text": "2 : ㅠㅠ 니도 힘들엇겟찌만 갸도 길 생활에서 살라고 들어간기라",
            "norm_text": "ㅠㅠ 니도 힘들엇겟찌만 갸도 길 생활에서 살라고 들어간기라",
            "speaker": {
              "id": "2번",
              "sex": "여성",
              "age": "20대"
            },
            "speechAct": "(단언) 주장하기",
            "morpheme": "ㅠㅠ/UNKNOWN+니/NP+도/JX+힘들/VA+엇/EP+겟/EC+찌/NNG+만/JX+갸/NP+도/JX+길/NNG+생활/NNG+에서/JKB+살/VV+라고/EC+들어간/VV+ETM+기라/NNG"
          },
          {
            "id": 9,
            "text": "1 : 키키 휴 명심해 고양이엔 에어건",
            "norm_text": "키키 휴 명심해 고양이엔 에어건",
            "speaker": {
              "id": "1번",
              "sex": "여성",
              "age": "30대"
            },
            "speechAct": "(단언) 주장하기",
            "morpheme": "키/NNG+키/NNG+휴명/NNG+심해/NNG+고양이/NNG+엔/NNG+에/JKB+어/VV+건/EC"
          },
          {
            "id": 10,
            "text": "2 : 하 생각 하믄 마음 아프노 ㅜㅜ",
            "norm_text": "하 생각 하믄 마음 아프노 ㅜㅜ",
            "speaker": {
              "id": "2번",
              "sex": "여성",
              "age": "20대"
            },
            "speechAct": "(단언) 주장하기",
            "morpheme": "하/IC+생각/NNG+하/XSV+믄/EC+마음/NNG+아프/VA+노/EC+ㅜㅜ/UNKNOWN"
          },
          {
            "id": 11,
            "text": "1 : 요즘도 그 게임 하니?",
            "norm_text": "요즘도 그 게임 하니?",
            "speaker": {
              "id": "1번",
              "sex": "여성",
              "age": "30대"
            },
            "speechAct": "(지시) 질문하기",
            "morpheme": "요즘/NNG+도/JX+그게/NP+JKS+임하/VV+니/EF"
          },
          {
            "id": 12,
            "text": "2 : 그 게임 이제 안 알려 줄거야",
            "norm_text": "그 게임 이제 안 알려 줄거야",
            "speaker": {
              "id": "2번",
              "sex": "여성",
              "age": "20대"
            },
            "speechAct": "(단언) 주장하기",
            "morpheme": "그/MM+게임/NNG+이제/MAG+안/MAG+알려/VV+EC+줄/VX+ETM+거/NNB+야/VCP+EF"
          },
          {
            "id": 13,
            "text": "1 : 그 이상한 게임... 계속 하고 있니?",
            "norm_text": "그 이상한 게임... 계속 하고 있니?",
            "speaker": {
              "id": "1번",
              "sex": "여성",
              "age": "30대"
            },
            "speechAct": "(지시) 질문하기",
            "morpheme": "그/MM+이상/NNG+한/XSA+ETM+게임/NNG+./SY+./SY+계속/MAG+하/VV+고/EC+있/VX+니/EF"
          },
          {
            "id": 14,
            "text": "2 : 나만의 게임으로 저장ㅁ",
            "norm_text": "나만의 게임으로 저장ㅁ",
            "speaker": {
              "id": "2번",
              "sex": "여성",
              "age": "20대"
            },
            "speechAct": "(단언) 주장하기",
            "morpheme": "나/NP+만/JX+의/JKG+게임/NNG+으로/JKB+저장/NNG+ㅁ/NNG"
          },
          {
            "id": 15,
            "text": "1 : 키키  왠데 왜 갑자기 비밀이심",
            "norm_text": "키키  왠데 왜 갑자기 비밀이심",
            "speaker": {
              "id": "1번",
              "sex": "여성",
              "age": "30대"
            },
            "speechAct": "(단언) 주장하기",
            "morpheme": "키/NNG+키/XSV+ETN+왠/MAG+VCP+ETM+데/NNB+왜/MAG+갑자기/MAG+비밀/NNG+이/VCP+심/EP+ETN"
          },
          {
            "id": 16,
            "text": "2 : 스트레스엔 그만한 게임이 없어",
            "norm_text": "스트레스엔 그만한 게임이 없어",
            "speaker": {
              "id": "2번",
              "sex": "여성",
              "age": "20대"
            },
            "speechAct": "(단언) 주장하기",
            "morpheme": "스트레스/NNG+엔/JKB+JX+그만한/VA+ETM+게임/NNG+이/JKS+없/VA+어/EC"
          }
        ]
      }
    }
  ]
}