{
  "dataset": {
    "identifier": 68947,
    "name": "KAKAO_946_13_set",
    "src_path": "/data/file/cubeManager/PROJECT001/53/txt20211005162503033026/KAKAO_946_13_set/",
    "label_path": "/data/file/cubeManager/PROJECT001/53/txt20211005162503033026/KAKAO_946_13_set/",
    "category": 2,
    "type": 0
  },
  "licenses": {
    "name": "Apache License 1.0",
    "url": "http://www.apache.org/licenses/LICENSE-1.0"
  },
  "info": [
    {
      "id": 42290,
      "filename": "KAKAO_946_13.txt",
      "title": "KAKAO_946_13",
      "mediatype": "SNS",
      "medianame": "카카오톡",
      "category": "일상대화",
      "date": "2021-10-05",
      "size": 557,
      "annotations": {
        "subject": "계절/날씨",
        "speaker_type": "1:1",
        "size": 557,
        "word_size": 191,
        "text": "1 : 어제 창원은 비 많이 왔나?\n2 : 아닝 오늘 점심에 갑자기 소나기 오더라 ㅠㅠ\n1 : 아 진짜? ㅜ 여기는 오늘 비 안 오고 날씨 좋았는데!ㅜ\n2 : 오, 가을 날씨 요새 하늘 넘 이쁘다 ㅠㅠ\n1 : 응 키키 구름도 엄청 예쁘고 키키\n1 : 이제 곧 단풍도 떨어질 듯\n2 : 맞재, 근데 가을은 너무 짧아서 아쉽지 않나 ㅠㅠ\n1 : ㅜㅜ 아쉽지... 여름이 좀 짧아지고 가을이 좀 더 길면 좋겠구만 ㅜ\n2 : 응, 봄가을이 길고 겨울 여름은 짧아도 될 텐데 말여 ㅠㅠ\n1 : 키키 난 겨울 좋아해서! 키키\n1 : 겨울은 길어도 좋을 것 같아! 키키\n1 : 닌 겨울 별로 안 좋아하나?\n2 : 응, 여름보단 낫긴 하지만 ㅠㅠ 너무 추워...\n1 : 근데 창원은 좀 덜 춥지 않나?\n2 : 서울보다는 덜 춥겠징? 키키\n2 : 근데 창원 기후에 익숙해져서 ㅠㅠ\n1 : 아 키키 맞제?\n1 : 그래 ㅜㅜ 겨울엔 어딜 가든 춥지 ㅜ\n2 : 웅, 그래도 서울은 눈이라도 오니까 하하\n2 : 보는 재미가 있자녀\n1 : 키키 응 키키 서울 와서 눈 실컷 봐서 너무 좋다 키키\n2 : 키키 버디도 산책 갔는데 눈 오면 얼마나 좋아하겠눙 하하",
        "lines": [
          {
            "id": 1,
            "text": "1 : 어제 창원은 비 많이 왔나?",
            "norm_text": "어제 창원은 비 많이 왔나?",
            "speaker": {
              "id": "1번",
              "sex": "여성",
              "age": "30대"
            },
            "speechAct": "(지시) 질문하기",
            "morpheme": "어제/MAG+창원/NNP+은/JX+비/NNG+많이/MAG+왔/VV+EP+나/EF"
          },
          {
            "id": 2,
            "text": "2 : 아닝 오늘 점심에 갑자기 소나기 오더라 ㅠㅠ",
            "norm_text": "아닝 오늘 점심에 갑자기 소나기 오더라 ㅠㅠ",
            "speaker": {
              "id": "2번",
              "sex": "여성",
              "age": "30대"
            },
            "speechAct": "(단언) 진술하기",
            "morpheme": "아닝/NNP+오늘/NNG+점심/NNG+에/JKB+갑자기/MAG+소나기/NNG+오/VV+더라/EF+ㅠㅠ/UNKNOWN"
          },
          {
            "id": 3,
            "text": "1 : 아 진짜? ㅜ 여기는 오늘 비 안 오고 날씨 좋았는데!ㅜ",
            "norm_text": "아 진짜? ㅜ 여기는 오늘 비 안 오고 날씨 좋았는데!ㅜ",
            "speaker": {
              "id": "1번",
              "sex": "여성",
              "age": "30대"
            },
            "speechAct": "(단언) 주장하기",
            "morpheme": "아/IC+진짜/MAG+ㅜ여기는오늘비안오고날씨좋았는데/UNKNOWN+ㅜ/UNKNOWN"
          },
          {
            "id": 4,
            "text": "2 : 오, 가을 날씨 요새 하늘 넘 이쁘다 ㅠㅠ",
            "norm_text": "오, 가을 날씨 요새 하늘 넘 이쁘다 ㅠㅠ",
            "speaker": {
              "id": "2번",
              "sex": "여성",
              "age": "30대"
            },
            "speechAct": "(단언) 주장하기",
            "morpheme": "오/IC+,/SC+가을날씨요새하늘넘이쁘다ㅠㅠ/UNKNOWN"
          },
          {
            "id": 5,
            "text": "1 : 응 키키 구름도 엄청 예쁘고 키키",
            "norm_text": "응 키키 구름도 엄청 예쁘고 키키",
            "speaker": {
              "id": "1번",
              "sex": "여성",
              "age": "30대"
            },
            "speechAct": "(단언) 주장하기",
            "morpheme": "응/IC+키/NNG+키/NNG+구름/NNG+도/JX+엄청/MAG+예쁘/VA+고/EC+키/NNG+키/XSV+ETN"
          },
          {
            "id": 6,
            "text": "1 : 이제 곧 단풍도 떨어질 듯",
            "norm_text": "이제 곧 단풍도 떨어질 듯",
            "speaker": {
              "id": "1번",
              "sex": "여성",
              "age": "30대"
            },
            "speechAct": "(단언) 주장하기",
            "morpheme": "이제/MAG+곧/MAG+단풍/NNG+도/JX+떨어질/VV+ETM+듯/NNB"
          },
          {
            "id": 7,
            "text": "2 : 맞재, 근데 가을은 너무 짧아서 아쉽지 않나 ㅠㅠ",
            "norm_text": "맞재, 근데 가을은 너무 짧아서 아쉽지 않나 ㅠㅠ",
            "speaker": {
              "id": "2번",
              "sex": "여성",
              "age": "30대"
            },
            "speechAct": "(단언) 주장하기",
            "morpheme": "맞/VV+재/EF+,/SC+근데/MAJ+가을/NNG+은/JX+너무/MAG+짧/VA+아서/EC+아쉽/VA+지/EC+않/VX+나/EC+ㅠㅠ/UNKNOWN"
          },
          {
            "id": 8,
            "text": "1 : ㅜㅜ 아쉽지... 여름이 좀 짧아지고 가을이 좀 더 길면 좋겠구만 ㅜ",
            "norm_text": "ㅜㅜ 아쉽지... 여름이 좀 짧아지고 가을이 좀 더 길면 좋겠구만 ㅜ",
            "speaker": {
              "id": "1번",
              "sex": "여성",
              "age": "30대"
            },
            "speechAct": "(단언) 주장하기",
            "morpheme": "ㅜㅜ/UNKNOWN+아쉽/VA+지/EF+./SY+여름이좀짧아지고가을이좀더길면좋겠구만ㅜ/UNKNOWN"
          },
          {
            "id": 9,
            "text": "2 : 응, 봄가을이 길고 겨울 여름은 짧아도 될 텐데 말여 ㅠㅠ",
            "norm_text": "응, 봄가을이 길고 겨울 여름은 짧아도 될 텐데 말여 ㅠㅠ",
            "speaker": {
              "id": "2번",
              "sex": "여성",
              "age": "30대"
            },
            "speechAct": "(단언) 주장하기",
            "morpheme": "응/IC+,/SC+봄가을이길고겨울여름은짧아도될텐데말여ㅠㅠ/UNKNOWN"
          },
          {
            "id": 10,
            "text": "1 : 키키 난 겨울 좋아해서! 키키",
            "norm_text": "키키 난 겨울 좋아해서! 키키",
            "speaker": {
              "id": "1번",
              "sex": "여성",
              "age": "30대"
            },
            "speechAct": "(단언) 주장하기",
            "morpheme": "키/NNG+키/XSV+ETN+난/VV+ETM+겨울/NNG+좋/VA+아/EC+해서/VV+EC+!/SY+키/NNG+키/XSV+ETN"
          },
          {
            "id": 11,
            "text": "1 : 겨울은 길어도 좋을 것 같아! 키키",
            "norm_text": "겨울은 길어도 좋을 것 같아! 키키",
            "speaker": {
              "id": "1번",
              "sex": "여성",
              "age": "30대"
            },
            "speechAct": "(단언) 주장하기",
            "morpheme": "겨울/NNG+은/JX+길/VA+어도/EC+좋/VA+을/ETM+것/NNB+같/VA+아/EF+키/NNG+키/XSV+ETN"
          },
          {
            "id": 12,
            "text": "1 : 닌 겨울 별로 안 좋아하나?",
            "norm_text": "닌 겨울 별로 안 좋아하나?",
            "speaker": {
              "id": "1번",
              "sex": "여성",
              "age": "30대"
            },
            "speechAct": "(지시) 질문하기",
            "morpheme": "닌/NNP+겨울/NNG+별로/MAG+안/MAG+좋/VA+아/EC+하나/NR"
          },
          {
            "id": 13,
            "text": "2 : 응, 여름보단 낫긴 하지만 ㅠㅠ 너무 추워...",
            "norm_text": "응, 여름보단 낫긴 하지만 ㅠㅠ 너무 추워...",
            "speaker": {
              "id": "2번",
              "sex": "여성",
              "age": "30대"
            },
            "speechAct": "(단언) 주장하기",
            "morpheme": "응/IC+,/SC+여름보단낫긴하지만ㅠㅠ너무추워/UNKNOWN+./SY"
          },
          {
            "id": 14,
            "text": "1 : 근데 창원은 좀 덜 춥지 않나?",
            "norm_text": "근데 창원은 좀 덜 춥지 않나?",
            "speaker": {
              "id": "1번",
              "sex": "여성",
              "age": "30대"
            },
            "speechAct": "(단언) 주장하기",
            "morpheme": "근데/MAJ+창원/NNP+은/JX+좀/MAG+덜/MAG+춥/VA+지/EC+않/VX+나/EF"
          },
          {
            "id": 15,
            "text": "2 : 서울보다는 덜 춥겠징? 키키",
            "norm_text": "서울보다는 덜 춥겠징? 키키",
            "speaker": {
              "id": "2번",
              "sex": "여성",
              "age": "30대"
            },
            "speechAct": "(단언) 주장하기",
            "morpheme": "서울/NNP+보다/JKB+는/JX+덜/MAG+춥/VA+겠/EP+징/EF+키/NNG+키/XSV+ETN"
          },
          {
            "id": 16,
            "text": "2 : 근데 창원 기후에 익숙해져서 ㅠㅠ",
            "norm_text": "근데 창원 기후에 익숙해져서 ㅠㅠ",
            "speaker": {
              "id": "2번",
              "sex": "여성",
              "age": "30대"
            },
            "speechAct": "(단언) 진술하기",
            "morpheme": "근데/MAJ+창원/NNP+기후/NNG+에/JKB+익숙/XR+해져서/XSA+EC+VX+EC+ㅠㅠ/UNKNOWN"
          },
          {
            "id": 17,
            "text": "1 : 아 키키 맞제?",
            "norm_text": "아 키키 맞제?",
            "speaker": {
              "id": "1번",
              "sex": "여성",
              "age": "30대"
            },
            "speechAct": "(단언) 주장하기",
            "morpheme": "아키/NNP+키/NNG+맞/VV+제/EF"
          },
          {
            "id": 18,
            "text": "1 : 그래 ㅜㅜ 겨울엔 어딜 가든 춥지 ㅜ",
            "norm_text": "그래 ㅜㅜ 겨울엔 어딜 가든 춥지 ㅜ",
            "speaker": {
              "id": "1번",
              "sex": "여성",
              "age": "30대"
            },
            "speechAct": "(단언) 주장하기",
            "morpheme": "그래/VA+EC+ㅜㅜ/UNKNOWN+겨울/NNG+엔/JKB+JX+어딜/NP+JKO+가/VV+든/EC+춥/VA+지/EC+ㅜ/UNKNOWN"
          },
          {
            "id": 19,
            "text": "2 : 웅, 그래도 서울은 눈이라도 오니까 하하",
            "norm_text": "웅, 그래도 서울은 눈이라도 오니까 하하",
            "speaker": {
              "id": "2번",
              "sex": "여성",
              "age": "30대"
            },
            "speechAct": "(단언) 주장하기",
            "morpheme": "웅/IC+,/SC+그래도/MAJ+서울/NNP+은/JX+눈/NNG+이/VCP+라도/EC+오/VV+니까/EC+하하/MAG"
          },
          {
            "id": 20,
            "text": "2 : 보는 재미가 있자녀",
            "norm_text": "보는 재미가 있자녀",
            "speaker": {
              "id": "2번",
              "sex": "여성",
              "age": "30대"
            },
            "speechAct": "(단언) 주장하기",
            "morpheme": "보/VV+는/ETM+재미/NNG+가/JKS+있/VA+자녀/EC"
          },
          {
            "id": 21,
            "text": "1 : 키키 응 키키 서울 와서 눈 실컷 봐서 너무 좋다 키키",
            "norm_text": "키키 응 키키 서울 와서 눈 실컷 봐서 너무 좋다 키키",
            "speaker": {
              "id": "1번",
              "sex": "여성",
              "age": "30대"
            },
            "speechAct": "(표현) 긍정감정 표현하기",
            "morpheme": "키/NNG+키/XSV+ETN+응/IC+키키/NNP+서울/NNP+와서/VV+EC+눈/NNG+실컷/MAG+봐서/VV+EC+너무/MAG+좋/VA+다키키/NNP"
          },
          {
            "id": 22,
            "text": "2 : 키키 버디도 산책 갔는데 눈 오면 얼마나 좋아하겠눙 하하",
            "norm_text": "키키 버디도 산책 갔는데 눈 오면 얼마나 좋아하겠눙 하하",
            "speaker": {
              "id": "2번",
              "sex": "여성",
              "age": "30대"
            },
            "speechAct": "(단언) 주장하기",
            "morpheme": "키/NNG+키/NNG+버디/NNG+도/JX+산책/NNG+갔/VV+EP+는데/EC+눈/NNG+오/VV+면/EC+얼마나/MAG+좋/VA+아/EC+하/VX+겠/EP+눙하/UNKNOWN+하/XSA"
          }
        ]
      }
    }
  ]
}