{
  "dataset": {
    "identifier": 32316,
    "name": "KAKAO_952_07_set",
    "src_path": "/data/file/cubeManager/PROJECT001/53/txt20211005163729010065/KAKAO_952_07_set/",
    "label_path": "/data/file/cubeManager/PROJECT001/53/txt20211005163729010065/KAKAO_952_07_set/",
    "category": 2,
    "type": 0
  },
  "licenses": {
    "name": "Apache License 1.0",
    "url": "http://www.apache.org/licenses/LICENSE-1.0"
  },
  "info": [
    {
      "id": 42685,
      "filename": "KAKAO_952_07.txt",
      "title": "KAKAO_952_07",
      "mediatype": "SNS",
      "medianame": "카카오톡",
      "category": "일상대화",
      "date": "2021-10-05",
      "size": 346,
      "annotations": {
        "subject": "가족",
        "speaker_type": "1:1",
        "size": 346,
        "word_size": 120,
        "text": "1 : 부모님들 용돈 좀 많이 드리고 싶다\n2 : 앞으로 더 많이 드리자 하하\n1 : 난 언제 부자가 되는 거니...\n2 : 열심히 벌어보자구 하하 으썄\n1 : 용돈 팍팍 드리고 막 선물도 막\n2 : 나중에 너 월 천 벌꺼잖아 하하\n1 : 우리 부모님들은 넘 주시기만 하셔\n2 : 하하 열심히 옆에서 효도하면 되느너겨여\n1 : 맞지?  그럴 때 민망해 받기만 할 때\n2 : 맞아 그래서 우리가 옆에서 서폿하잖니\n1 : 마자 더 많이 효도 하장 **\n2 : 몸으로 때우기 하하\n1 : 헐랭 마자 몸으로 때우기 키키\n2 : 그래서 엇그제 마늘도 심고 하하\n1 : 육체 노동으로... 키키 엉 그거 진짜 힘듬\n2 : 구니까 더 열심히 말 잘 듣자 하하",
        "lines": [
          {
            "id": 1,
            "text": "1 : 부모님들 용돈 좀 많이 드리고 싶다",
            "norm_text": "부모님들 용돈 좀 많이 드리고 싶다",
            "speaker": {
              "id": "1번",
              "sex": "여성",
              "age": "30대"
            },
            "speechAct": "(단언) 주장하기",
            "morpheme": "부모/NNG+님/XSN+들/XSN+용돈/NNG+좀/MAG+많이/MAG+드리/VV+고/EC+싶/VX+다/EC"
          },
          {
            "id": 2,
            "text": "2 : 앞으로 더 많이 드리자 하하",
            "norm_text": "앞으로 더 많이 드리자 하하",
            "speaker": {
              "id": "2번",
              "sex": "남성",
              "age": "30대"
            },
            "speechAct": "(단언) 주장하기",
            "morpheme": "앞/NNG+으로/JKB+더/MAG+많이/MAG+드리/VV+자/EC+하하/MAG"
          },
          {
            "id": 3,
            "text": "1 : 난 언제 부자가 되는 거니...",
            "norm_text": "난 언제 부자가 되는 거니...",
            "speaker": {
              "id": "1번",
              "sex": "여성",
              "age": "30대"
            },
            "speechAct": "(단언) 주장하기",
            "morpheme": "난/NP+JX+언제/MAG+부자/NNG+가/JKS+되/VV+는/ETM+거/NNB+니/VCP+EF+./SY"
          },
          {
            "id": 4,
            "text": "2 : 열심히 벌어보자구 하하 으썄",
            "norm_text": "열심히 벌어보자구 하하 으썄",
            "speaker": {
              "id": "2번",
              "sex": "남성",
              "age": "30대"
            },
            "speechAct": "(단언) 주장하기",
            "morpheme": "열심히/MAG+벌/VV+어/EC+보/VX+자/EC+구하/NNG+하/XSV+으썄/UNKNOWN"
          },
          {
            "id": 5,
            "text": "1 : 용돈 팍팍 드리고 막 선물도 막",
            "norm_text": "용돈 팍팍 드리고 막 선물도 막",
            "speaker": {
              "id": "1번",
              "sex": "여성",
              "age": "30대"
            },
            "speechAct": "(단언) 주장하기",
            "morpheme": "용돈/NNG+팍팍/MAG+드리/VV+고/EC+막/NNG+선물/NNG+도막/NNG"
          },
          {
            "id": 6,
            "text": "2 : 나중에 너 월 천 벌꺼잖아 하하",
            "norm_text": "나중에 너 월 천 벌꺼잖아 하하",
            "speaker": {
              "id": "2번",
              "sex": "남성",
              "age": "30대"
            },
            "speechAct": "(단언) 주장하기",
            "morpheme": "나중/NNG+에/JKB+너/NP+월천/NNG+벌/VV+ETM+꺼/NNB+VCP+잖아/EC+하하/MAG"
          },
          {
            "id": 7,
            "text": "1 : 우리 부모님들은 넘 주시기만 하셔",
            "norm_text": "우리 부모님들은 넘 주시기만 하셔",
            "speaker": {
              "id": "1번",
              "sex": "여성",
              "age": "30대"
            },
            "speechAct": "(단언) 주장하기",
            "morpheme": "우리/NP+부모/NNG+님/XSN+들/XSN+은/JX+넘주/NNG+시기/NNG+만/JX+하/VV+셔/EP+EC"
          },
          {
            "id": 8,
            "text": "2 : 하하 열심히 옆에서 효도하면 되느너겨여",
            "norm_text": "하하 열심히 옆에서 효도하면 되느너겨여",
            "speaker": {
              "id": "2번",
              "sex": "남성",
              "age": "30대"
            },
            "speechAct": "(단언) 주장하기",
            "morpheme": "하하/MAG+열심히/MAG+옆/NNG+에서/JKB+효도/NNG+하/XSV+면/EC+되느/UNKNOWN+너/NP+겨/VV+EF+여/XSN"
          },
          {
            "id": 9,
            "text": "1 : 맞지?  그럴 때 민망해 받기만 할 때",
            "norm_text": "맞지?  그럴 때 민망해 받기만 할 때",
            "speaker": {
              "id": "1번",
              "sex": "여성",
              "age": "30대"
            },
            "speechAct": "(단언) 주장하기",
            "morpheme": "맞/VV+지/EF+그럴/VV+ETM+때/NNG+민망/NNG+해/XSV+EC+받/VV+기/ETN+만/JX+할/VV+ETM+때/NNG"
          },
          {
            "id": 10,
            "text": "2 : 맞아 그래서 우리가 옆에서 서폿하잖니",
            "norm_text": "맞아 그래서 우리가 옆에서 서폿하잖니",
            "speaker": {
              "id": "2번",
              "sex": "남성",
              "age": "30대"
            },
            "speechAct": "(단언) 주장하기",
            "morpheme": "맞아/IC+그래서/MAJ+우리/NP+가/JKS+옆/NNG+에서/JKB+서폿/UNKNOWN+하/VV+잖니/EC"
          },
          {
            "id": 11,
            "text": "1 : 마자 더 많이 효도 하장 **",
            "norm_text": "마자 더 많이 효도 하장 **",
            "speaker": {
              "id": "1번",
              "sex": "여성",
              "age": "30대"
            },
            "speechAct": "(단언) 주장하기",
            "morpheme": "마자/NNG+더/MAG+많이/MAG+효도/NNG+하장/NNG+*/SY+*/SY"
          },
          {
            "id": 12,
            "text": "2 : 몸으로 때우기 하하",
            "norm_text": "몸으로 때우기 하하",
            "speaker": {
              "id": "2번",
              "sex": "남성",
              "age": "30대"
            },
            "speechAct": "(단언) 주장하기",
            "morpheme": "몸/NNG+으로/JKB+때우/VV+기/ETN+하하/MAG"
          },
          {
            "id": 13,
            "text": "1 : 헐랭 마자 몸으로 때우기 키키",
            "norm_text": "헐랭 마자 몸으로 때우기 키키",
            "speaker": {
              "id": "1번",
              "sex": "여성",
              "age": "30대"
            },
            "speechAct": "(단언) 주장하기",
            "morpheme": "헐랭/NNP+마자/JX+몸/NNG+으로/JKB+때우/VV+기/ETN+키/NNG+키/XSV+ETN"
          },
          {
            "id": 14,
            "text": "2 : 그래서 엇그제 마늘도 심고 하하",
            "norm_text": "그래서 엇그제 마늘도 심고 하하",
            "speaker": {
              "id": "2번",
              "sex": "남성",
              "age": "30대"
            },
            "speechAct": "(단언) 진술하기",
            "morpheme": "그래서/MAJ+엇/IC+그제/MAG+마늘/NNG+도/JX+심/VV+고/EC+하하/MAG"
          },
          {
            "id": 15,
            "text": "1 : 육체 노동으로... 키키 엉 그거 진짜 힘듬",
            "norm_text": "육체 노동으로... 키키 엉 그거 진짜 힘듬",
            "speaker": {
              "id": "1번",
              "sex": "여성",
              "age": "30대"
            },
            "speechAct": "(단언) 주장하기",
            "morpheme": "육체노동/NNG+으로/JKB+./SY+키/NNG+키/VV+엉/EC+그거/NP+진짜/MAG+힘/NNG+듬/NNG"
          },
          {
            "id": 16,
            "text": "2 : 구니까 더 열심히 말 잘 듣자 하하",
            "norm_text": "구니까 더 열심히 말 잘 듣자 하하",
            "speaker": {
              "id": "2번",
              "sex": "남성",
              "age": "30대"
            },
            "speechAct": "(단언) 주장하기",
            "morpheme": "구/VA+니까/EC+더/MAG+열심히/MAG+말/NNG+잘/MAG+듣/VV+자/EC+하하/MAG"
          }
        ]
      }
    }
  ]
}