{
  "dataset": {
    "identifier": 72783,
    "name": "KAKAO_906_07_set",
    "src_path": "/data/file/cubeManager/PROJECT001/53/txt20211005152905033748/KAKAO_906_07_set/",
    "label_path": "/data/file/cubeManager/PROJECT001/53/txt20211005152905033748/KAKAO_906_07_set/",
    "category": 2,
    "type": 0
  },
  "licenses": {
    "name": "Apache License 1.0",
    "url": "http://www.apache.org/licenses/LICENSE-1.0"
  },
  "info": [
    {
      "id": 41364,
      "filename": "KAKAO_906_07.txt",
      "title": "KAKAO_906_07",
      "mediatype": "SNS",
      "medianame": "카카오톡",
      "category": "일상대화",
      "date": "2021-10-05",
      "size": 441,
      "annotations": {
        "subject": "가족",
        "speaker_type": "1:1",
        "size": 441,
        "word_size": 135,
        "text": "1 : 어른들이 손주 엄청 좋아하시지? 하하\n2 : 이뻐 죽지~ 우리 시아버지는 난리 난다\n1 : 키키 완전 우리 강아지 우쭈쭈야?\n2 : 강아지 오면 이름 부르고 안고 빨고 난리여\n1 : 그런 거 들으면 흐뭇하당 키키\n2 : 무릎에서 안 내려 놓으심 키키 진짜 너무 흐뭇해\n1 : 근데 애기들도 할머니 할아버지는 본능적으로 좋아하더라?\n2 : 처음에는 울더니 이제 얼굴이 익어서 좋아해\n1 : 우리 조카도 이제 돌인데 자기 할아버지만 기가 막히게 좋아행...\n2 : 다 뜻이 있는 거야... 짜식들 인생의 맛을 알았구만\n1 : 키키 지를 좋아하는 걸 아는 거 같더라구\n2 : 애기들도 지 이뻐하면 좋아라 하드라\n1 : 집에 아이 있으니까 분위기가 다르긴 하더라 ㅠ\n2 : 애 있으면 별것도 아닌 거에 웃고 이야기거리가 새역\n1 : 할배의 손주 사랑 하하 아주 마음이 흐뭇하구먼\n2 : 얼마나 기다리셨을까 시펑 ㅜㅜ",
        "lines": [
          {
            "id": 1,
            "text": "1 : 어른들이 손주 엄청 좋아하시지? 하하",
            "norm_text": "어른들이 손주 엄청 좋아하시지? 하하",
            "speaker": {
              "id": "1번",
              "sex": "여성",
              "age": "30대"
            },
            "speechAct": "(지시) 질문하기",
            "morpheme": "어른/NNG+들/XSN+이/JKS+손주/NNG+엄청/MAG+좋/VA+아/EC+하/VX+시/EP+지/EF+하하/MAG"
          },
          {
            "id": 2,
            "text": "2 : 이뻐 죽지~ 우리 시아버지는 난리 난다",
            "norm_text": "이뻐 죽지~ 우리 시아버지는 난리 난다",
            "speaker": {
              "id": "2번",
              "sex": "여성",
              "age": "20대"
            },
            "speechAct": "(단언) 진술하기",
            "morpheme": "이뻐/VA+EC+죽/VV+지/EC+~/SY+우리/NP+시아버지/NNG+는/JX+난리/NNG+난다/VV+EC"
          },
          {
            "id": 3,
            "text": "1 : 키키 완전 우리 강아지 우쭈쭈야?",
            "norm_text": "키키 완전 우리 강아지 우쭈쭈야?",
            "speaker": {
              "id": "1번",
              "sex": "여성",
              "age": "30대"
            },
            "speechAct": "(지시) 질문하기",
            "morpheme": "키/NNG+키/XSV+ETN+완전/MAG+우리/NP+강아지/NNG+우/JKG+쭈쭈/NNG+야/VCP+EF"
          },
          {
            "id": 4,
            "text": "2 : 강아지 오면 이름 부르고 안고 빨고 난리여",
            "norm_text": "강아지 오면 이름 부르고 안고 빨고 난리여",
            "speaker": {
              "id": "2번",
              "sex": "여성",
              "age": "20대"
            },
            "speechAct": "(단언) 진술하기",
            "morpheme": "강아지/NNG+오/VV+면/EC+이름/NNG+부르/VV+고/EC+안/VV+고/EC+빨/VV+고/EC+난리/NNG+여/NNG"
          },
          {
            "id": 5,
            "text": "1 : 그런 거 들으면 흐뭇하당 키키",
            "norm_text": "그런 거 들으면 흐뭇하당 키키",
            "speaker": {
              "id": "1번",
              "sex": "여성",
              "age": "30대"
            },
            "speechAct": "(단언) 주장하기",
            "morpheme": "그런/MM+거/NNB+들으면/VV+EC+흐뭇/XR+하/XSA+당/EF+키/NNG+키/XSV+ETN"
          },
          {
            "id": 6,
            "text": "2 : 무릎에서 안 내려 놓으심 키키 진짜 너무 흐뭇해",
            "norm_text": "무릎에서 안 내려 놓으심 키키 진짜 너무 흐뭇해",
            "speaker": {
              "id": "2번",
              "sex": "여성",
              "age": "20대"
            },
            "speechAct": "(단언) 주장하기",
            "morpheme": "무릎/NNG+에서/JKB+안/MAG+내려놓/VV+으/EP+심/EP+ETN+키/NNG+키/XSV+ETN+진짜/MAG+너무/MAG+흐뭇/XR+해/XSA+EC"
          },
          {
            "id": 7,
            "text": "1 : 근데 애기들도 할머니 할아버지는 본능적으로 좋아하더라?",
            "norm_text": "근데 애기들도 할머니 할아버지는 본능적으로 좋아하더라?",
            "speaker": {
              "id": "1번",
              "sex": "여성",
              "age": "30대"
            },
            "speechAct": "(지시) 질문하기",
            "morpheme": "근데/MAJ+애기/NNG+들/XSN+도/JX+할머니/NNG+할아버지/NNG+는/JX+본능/NNG+적/XSN+으로/JKB+좋/VA+아/EC+하/VX+더라/EF"
          },
          {
            "id": 8,
            "text": "2 : 처음에는 울더니 이제 얼굴이 익어서 좋아해",
            "norm_text": "처음에는 울더니 이제 얼굴이 익어서 좋아해",
            "speaker": {
              "id": "2번",
              "sex": "여성",
              "age": "20대"
            },
            "speechAct": "(단언) 진술하기",
            "morpheme": "처음/NNG+에/JKB+는/JX+울/VV+더니/EC+이제/MAG+얼굴/NNG+이/JKS+익/VV+어서/EC+좋아해/VV+EC"
          },
          {
            "id": 9,
            "text": "1 : 우리 조카도 이제 돌인데 자기 할아버지만 기가 막히게 좋아행...",
            "norm_text": "우리 조카도 이제 돌인데 자기 할아버지만 기가 막히게 좋아행...",
            "speaker": {
              "id": "1번",
              "sex": "여성",
              "age": "30대"
            },
            "speechAct": "(단언) 진술하기",
            "morpheme": "우리조카도이제돌인데자기할아버지만기가막히게좋아행/UNKNOWN+./SY"
          },
          {
            "id": 10,
            "text": "2 : 다 뜻이 있는 거야... 짜식들 인생의 맛을 알았구만",
            "norm_text": "다 뜻이 있는 거야... 짜식들 인생의 맛을 알았구만",
            "speaker": {
              "id": "2번",
              "sex": "여성",
              "age": "20대"
            },
            "speechAct": "(단언) 주장하기",
            "morpheme": "다/MAG+뜻/NNG+이/JKS+있/VA+는/ETM+거/NNB+야/VCP+EF+./SY+짜식/IC+들/XSN+인생/NNG+의/JKG+맛/NNG+을/JKO+알/VV+았/EP+구만/EC"
          },
          {
            "id": 11,
            "text": "1 : 키키 지를 좋아하는 걸 아는 거 같더라구",
            "norm_text": "키키 지를 좋아하는 걸 아는 거 같더라구",
            "speaker": {
              "id": "1번",
              "sex": "여성",
              "age": "30대"
            },
            "speechAct": "(단언) 주장하기",
            "morpheme": "키/VV+키지/EC+VX+ETN+VCP+EC+를/JKO+좋아하/VV+는/ETM+걸/NNB+JKO+아/VV+는/ETM+거/NNB+같/VA+더라구/EC"
          },
          {
            "id": 12,
            "text": "2 : 애기들도 지 이뻐하면 좋아라 하드라",
            "norm_text": "애기들도 지 이뻐하면 좋아라 하드라",
            "speaker": {
              "id": "2번",
              "sex": "여성",
              "age": "20대"
            },
            "speechAct": "(단언) 주장하기",
            "morpheme": "애기/NNG+들/XSN+도/JX+지/VX+이뻐/VA+EC+하/VV+면/EC+좋/VA+아라/EC+하/VV+드라/EC"
          },
          {
            "id": 13,
            "text": "1 : 집에 아이 있으니까 분위기가 다르긴 하더라 ㅠ",
            "norm_text": "집에 아이 있으니까 분위기가 다르긴 하더라 ㅠ",
            "speaker": {
              "id": "1번",
              "sex": "여성",
              "age": "30대"
            },
            "speechAct": "(단언) 주장하기",
            "morpheme": "집/NNG+에/JKB+아이/IC+있/VA+으니까/EC+분위기/NNG+가/JKS+다르/VA+긴/ETN+JX+하/VX+더라/EF+ㅠ/UNKNOWN"
          },
          {
            "id": 14,
            "text": "2 : 애 있으면 별것도 아닌 거에 웃고 이야기거리가 새역",
            "norm_text": "애 있으면 별것도 아닌 거에 웃고 이야기거리가 새역",
            "speaker": {
              "id": "2번",
              "sex": "여성",
              "age": "20대"
            },
            "speechAct": "(단언) 주장하기",
            "morpheme": "애/NNG+있/VV+으면/EC+별/MM+것/NNB+도/JX+아닌/VCN+ETM+거/NNB+에/JKB+웃/VV+고/EC+이야기/NNG+거리/NNG+가/JKS+새/MM+역/NNG"
          },
          {
            "id": 15,
            "text": "1 : 할배의 손주 사랑 하하 아주 마음이 흐뭇하구먼",
            "norm_text": "할배의 손주 사랑 하하 아주 마음이 흐뭇하구먼",
            "speaker": {
              "id": "1번",
              "sex": "여성",
              "age": "30대"
            },
            "speechAct": "(단언) 주장하기",
            "morpheme": "할배/NNG+의/JKG+손/NNG+주사/NNG+랑/JKB+하하/MAG+아주/MAG+마음/NNG+이/JKS+흐뭇/XR+하/XSA+구먼/EC"
          },
          {
            "id": 16,
            "text": "2 : 얼마나 기다리셨을까 시펑 ㅜㅜ",
            "norm_text": "얼마나 기다리셨을까 시펑 ㅜㅜ",
            "speaker": {
              "id": "2번",
              "sex": "여성",
              "age": "20대"
            },
            "speechAct": "(단언) 주장하기",
            "morpheme": "얼마나/MAG+기다리/VV+셨을까/EP+EP+EC+시펑/NNP+ㅜㅜ/UNKNOWN"
          }
        ]
      }
    }
  ]
}