{
  "dataset": {
    "identifier": 49518,
    "name": "KAKAO_954_14_set",
    "src_path": "/data/file/cubeManager/PROJECT001/53/txt20211005163648079255/KAKAO_954_14_set/",
    "label_path": "/data/file/cubeManager/PROJECT001/53/txt20211005163648079255/KAKAO_954_14_set/",
    "category": 2,
    "type": 0
  },
  "licenses": {
    "name": "Apache License 1.0",
    "url": "http://www.apache.org/licenses/LICENSE-1.0"
  },
  "info": [
    {
      "id": 42632,
      "filename": "KAKAO_954_14.txt",
      "title": "KAKAO_954_14",
      "mediatype": "SNS",
      "medianame": "카카오톡",
      "category": "일상대화",
      "date": "2021-10-05",
      "size": 494,
      "annotations": {
        "subject": "사회이슈",
        "speaker_type": "1:1",
        "size": 494,
        "word_size": 167,
        "text": "1 : 경제 뉴스 챙겨보나?\n2 : 시간날 때 뉴스 봐야지 어떻게 돌아가는지 알지\n1 : 시간날 때 챙겨 보고 있나?\n2 : 어 운전하면서 많이 보는 거 같다\n1 : 아 라디오 틀어서 듣는 거야?\n2 : 아니 폰으로 본다 키키\n2 : 보지는 못해도 들어야지\n1 : 아 그러니까 폰으로 라디오 틀어서 듣는다는 거야? 키키\n2 : 어 키키 내가 말 저렇게 했네 정신이 없다\n1 : 키키 그럴 수도 있지 내가 해석 하면 된다\n1 : 경제 뉴스 들으면 귀에 들어오낭?\n2 : 기억 안 나면 회사 가서 찾아본다 키키\n1 : 키키 들으면서 궁금했던 것도 있는 거야?\n2 : 들었는데 기억이 안 나서 한번 더 보는 정도?\n1 : 키키 나도 경제뉴스 보면 용어가 어려워서 한번 더 찾아 보는 것 같다\n2 : 나라 경제 정도는 알아야 될 거 같다 아니야\n1 : 맞다 키키 돌아가는 구조를 알아야 돈도 벌지\n2 : 맞다 주식공부 조금 하고 있는데 아직 잘 모르겠다\n1 : 주식도 넣어 놓고 있나?\n2 : 주식 넣었다가 조금 벌고 나왔지",
        "lines": [
          {
            "id": 1,
            "text": "1 : 경제 뉴스 챙겨보나?",
            "norm_text": "경제 뉴스 챙겨보나?",
            "speaker": {
              "id": "1번",
              "sex": "여성",
              "age": "20대"
            },
            "speechAct": "(지시) 질문하기",
            "morpheme": "경제/NNG+뉴스/NNG+챙겨/VV+EC+보/VX+나/EF"
          },
          {
            "id": 2,
            "text": "2 : 시간날 때 뉴스 봐야지 어떻게 돌아가는지 알지",
            "norm_text": "시간날 때 뉴스 봐야지 어떻게 돌아가는지 알지",
            "speaker": {
              "id": "2번",
              "sex": "남성",
              "age": "30대"
            },
            "speechAct": "(단언) 주장하기",
            "morpheme": "시간/NNG+날/NNG+때/NNG+뉴스/NNG+봐야지/VV+EF+어떻게/MAG+돌아가/VV+는지/EC+알/VV+지/EC"
          },
          {
            "id": 3,
            "text": "1 : 시간날 때 챙겨 보고 있나?",
            "norm_text": "시간날 때 챙겨 보고 있나?",
            "speaker": {
              "id": "1번",
              "sex": "여성",
              "age": "20대"
            },
            "speechAct": "(지시) 질문하기",
            "morpheme": "시간/NNG+날/NNG+때/NNG+챙겨/VV+EC+보/VX+고/EC+있/VX+나/EF"
          },
          {
            "id": 4,
            "text": "2 : 어 운전하면서 많이 보는 거 같다",
            "norm_text": "어 운전하면서 많이 보는 거 같다",
            "speaker": {
              "id": "2번",
              "sex": "남성",
              "age": "30대"
            },
            "speechAct": "(단언) 진술하기",
            "morpheme": "어/IC+운전/NNG+하/XSV+면서/EC+많이/MAG+보/VV+는/ETM+거/NNB+같/VA+다/EC"
          },
          {
            "id": 5,
            "text": "1 : 아 라디오 틀어서 듣는 거야?",
            "norm_text": "아 라디오 틀어서 듣는 거야?",
            "speaker": {
              "id": "1번",
              "sex": "여성",
              "age": "20대"
            },
            "speechAct": "(지시) 질문하기",
            "morpheme": "아/IC+라디오/NNG+틀/VV+어서/EC+듣/VV+는/ETM+거/NNB+야/VCP+EF"
          },
          {
            "id": 6,
            "text": "2 : 아니 폰으로 본다 키키",
            "norm_text": "아니 폰으로 본다 키키",
            "speaker": {
              "id": "2번",
              "sex": "남성",
              "age": "30대"
            },
            "speechAct": "(단언) 진술하기",
            "morpheme": "아니/IC+폰/NNG+으로/JKB+본/VV+ETM+다키키/NNP"
          },
          {
            "id": 7,
            "text": "2 : 보지는 못해도 들어야지",
            "norm_text": "보지는 못해도 들어야지",
            "speaker": {
              "id": "2번",
              "sex": "남성",
              "age": "30대"
            },
            "speechAct": "(단언) 주장하기",
            "morpheme": "보지/NNG+는/JX+못/MAG+해도/VV+EC+들/VV+어야지/EC"
          },
          {
            "id": 8,
            "text": "1 : 아 그러니까 폰으로 라디오 틀어서 듣는다는 거야? 키키",
            "norm_text": "아 그러니까 폰으로 라디오 틀어서 듣는다는 거야? 키키",
            "speaker": {
              "id": "1번",
              "sex": "여성",
              "age": "20대"
            },
            "speechAct": "(지시) 질문하기",
            "morpheme": "아/IC+그러니까/MAJ+폰/NNG+으로/JKB+라디오/NNG+틀/VV+어서/EC+듣/VV+는다는/ETM+거/NNB+야/VCP+EF+키/NNG+키/XSV+ETN"
          },
          {
            "id": 9,
            "text": "2 : 어 키키 내가 말 저렇게 했네 정신이 없다",
            "norm_text": "어 키키 내가 말 저렇게 했네 정신이 없다",
            "speaker": {
              "id": "2번",
              "sex": "남성",
              "age": "30대"
            },
            "speechAct": "(단언) 주장하기",
            "morpheme": "어/IC+키/NNG+키/XSV+ETN+내/NP+가/JKS+말/NNG+저렇/VA+게/EC+했/VX+EP+네/EF+정신/NNG+이/JKS+없/VA+다/EC"
          },
          {
            "id": 10,
            "text": "1 : 키키 그럴 수도 있지 내가 해석 하면 된다",
            "norm_text": "키키 그럴 수도 있지 내가 해석 하면 된다",
            "speaker": {
              "id": "1번",
              "sex": "여성",
              "age": "20대"
            },
            "speechAct": "(단언) 주장하기",
            "morpheme": "키/NNG+키/XSV+ETN+그럴/VV+ETM+수/NNB+도/JX+있/VA+지/EF+내/NP+가/JKS+해석/NNG+하/XSV+면/EC+된다/VV+EC"
          },
          {
            "id": 11,
            "text": "1 : 경제 뉴스 들으면 귀에 들어오낭?",
            "norm_text": "경제 뉴스 들으면 귀에 들어오낭?",
            "speaker": {
              "id": "1번",
              "sex": "여성",
              "age": "20대"
            },
            "speechAct": "(지시) 질문하기",
            "morpheme": "경제/NNG+뉴스/NNG+들으면/VV+EC+귀/NNG+에/JKB+들/VV+어/EC+오낭/NNG"
          },
          {
            "id": 12,
            "text": "2 : 기억 안 나면 회사 가서 찾아본다 키키",
            "norm_text": "기억 안 나면 회사 가서 찾아본다 키키",
            "speaker": {
              "id": "2번",
              "sex": "남성",
              "age": "30대"
            },
            "speechAct": "(단언) 진술하기",
            "morpheme": "기억/NNG+안/MAG+나/VV+면/EC+회사/NNG+가/VV+서/EC+찾아본/VV+ETM+다키키/NNP"
          },
          {
            "id": 13,
            "text": "1 : 키키 들으면서 궁금했던 것도 있는 거야?",
            "norm_text": "키키 들으면서 궁금했던 것도 있는 거야?",
            "speaker": {
              "id": "1번",
              "sex": "여성",
              "age": "20대"
            },
            "speechAct": "(지시) 질문하기",
            "morpheme": "키/NNG+키/XSV+ETN+들으면서/VV+EC+궁금/XR+했/XSA+EP+던/ETM+것/NNB+도/JX+있/VX+는/ETM+거/NNB+야/VCP+EF"
          },
          {
            "id": 14,
            "text": "2 : 들었는데 기억이 안 나서 한번 더 보는 정도?",
            "norm_text": "들었는데 기억이 안 나서 한번 더 보는 정도?",
            "speaker": {
              "id": "2번",
              "sex": "남성",
              "age": "30대"
            },
            "speechAct": "(단언) 주장하기",
            "morpheme": "들/VV+었/EP+는데/EC+기억/NNG+이/JKS+안/MAG+나/VV+서/EC+한/MM+번/NNBC+더/MAG+보/VV+는/ETM+정도/NNG"
          },
          {
            "id": 15,
            "text": "1 : 키키 나도 경제뉴스 보면 용어가 어려워서 한번 더 찾아 보는 것 같다",
            "norm_text": "키키 나도 경제뉴스 보면 용어가 어려워서 한번 더 찾아 보는 것 같다",
            "speaker": {
              "id": "1번",
              "sex": "여성",
              "age": "20대"
            },
            "speechAct": "(단언) 주장하기",
            "morpheme": "키/NNG+키나/XSA+ETN+JX+도/JX+경제/NNG+뉴스/NNG+보/VV+면/EC+용어/NNG+가/JKS+어려워서/VA+EC+한/MM+번/NNBC+더/MAG+찾아보/VV+는/ETM+것/NNB+같/VA+다/EC"
          },
          {
            "id": 16,
            "text": "2 : 나라 경제 정도는 알아야 될 거 같다 아니야",
            "norm_text": "나라 경제 정도는 알아야 될 거 같다 아니야",
            "speaker": {
              "id": "2번",
              "sex": "남성",
              "age": "30대"
            },
            "speechAct": "(단언) 주장하기",
            "morpheme": "나라/NNG+경제/NNG+정도/NNG+는/JX+알/VV+아야/EC+될/VV+ETM+거/NNB+같/VA+다/EC+아니/VCN+야/EC"
          },
          {
            "id": 17,
            "text": "1 : 맞다 키키 돌아가는 구조를 알아야 돈도 벌지",
            "norm_text": "맞다 키키 돌아가는 구조를 알아야 돈도 벌지",
            "speaker": {
              "id": "1번",
              "sex": "여성",
              "age": "20대"
            },
            "speechAct": "(단언) 주장하기",
            "morpheme": "맞/VV+다/EC+키/NNG+키/XSV+ETN+돌아가/VV+는/ETM+구조/NNG+를/JKO+알/VV+아야/EC+돈/NNG+도/JX+벌/VV+지/EC"
          },
          {
            "id": 18,
            "text": "2 : 맞다 주식공부 조금 하고 있는데 아직 잘 모르겠다",
            "norm_text": "맞다 주식공부 조금 하고 있는데 아직 잘 모르겠다",
            "speaker": {
              "id": "2번",
              "sex": "남성",
              "age": "30대"
            },
            "speechAct": "(단언) 주장하기",
            "morpheme": "맞/VV+다/EC+주식/NNG+공부/NNG+조금/NNG+하/XSV+고/EC+있/VX+는데/EC+아직/MAG+잘/MAG+모르/VV+겠/EP+다/EC"
          },
          {
            "id": 19,
            "text": "1 : 주식도 넣어 놓고 있나?",
            "norm_text": "주식도 넣어 놓고 있나?",
            "speaker": {
              "id": "1번",
              "sex": "여성",
              "age": "20대"
            },
            "speechAct": "(지시) 질문하기",
            "morpheme": "주식/NNG+도/JX+넣/VV+어/EC+놓/VX+고/EC+있/VX+나/EF"
          },
          {
            "id": 20,
            "text": "2 : 주식 넣었다가 조금 벌고 나왔지",
            "norm_text": "주식 넣었다가 조금 벌고 나왔지",
            "speaker": {
              "id": "2번",
              "sex": "남성",
              "age": "30대"
            },
            "speechAct": "(단언) 진술하기",
            "morpheme": "주식/NNG+넣/VV+었/EP+다가/EC+조금/MAG+벌/VV+고/EC+나왔/VV+EP+지/EC"
          }
        ]
      }
    }
  ]
}