{
  "dataset": {
    "identifier": 58645,
    "name": "KAKAO_991_07_set",
    "src_path": "/data/file/cubeManager/PROJECT001/53/txt20211006134932044273/KAKAO_991_07_set/",
    "label_path": "/data/file/cubeManager/PROJECT001/53/txt20211006134932044273/KAKAO_991_07_set/",
    "category": 2,
    "type": 0
  },
  "licenses": {
    "name": "Apache License 1.0",
    "url": "http://www.apache.org/licenses/LICENSE-1.0"
  },
  "info": [
    {
      "id": 43541,
      "filename": "KAKAO_991_07.txt",
      "title": "KAKAO_991_07",
      "mediatype": "SNS",
      "medianame": "카카오톡",
      "category": "일상대화",
      "date": "2021-10-06",
      "size": 493,
      "annotations": {
        "subject": "가족",
        "speaker_type": "1:1",
        "size": 493,
        "word_size": 155,
        "text": "1 : 우리도 가족 사진 하나 찍어야 할 텐데...\n2 : 응응! 그러게... 찍고 싶긴 하다. ㅜㅜ\n1 : 응 생각해보니 우리 가족사진이 없는 거 같더라고\n2 : 응응... 없지...\n2 : 음... 너 늦기 전에 찍을 계획을 한번 세워 보자!\n1 : 그래 그러자!\n1 : 사진관에서 찍으면 더 예쁘게 나오겠지?\n2 : 응응 그렇지!\n2 : 피부관리 좀 해야겠어 키키\n2 : 진짜 계획을 해보자 하하\n1 : 그 막 옷도 예쁘게 맞춰 입고 찍으면 좋겠다!\n2 : 응응 정장 입어야겠구만 하하\n1 : 흰셔츠에 청바지가 요즘 트렌드지 키키\n2 : 아아? 키키 맞아 맞아! 하하 흰셔츠랑 청바지!\n1 : 유행 안 타는 옷 입어야 나중에 봐도 안 촌스럽다고 키키\n2 : 아아~ 그치 그치!\n2 : 가족사진 한번 찍자구! 하하\n1 : 키키 그래그래 사진관도 알아보고 해야겠네!\n2 : 응응 시간 맞춰보고 계획도 한번 짜보자! 하하\n1 : 키키 그래그래! 내년쯤엔 찍을 수 있겠지?\n2 : 응응 내년에 찍을 수 있게 준비해보자!",
        "lines": [
          {
            "id": 1,
            "text": "1 : 우리도 가족 사진 하나 찍어야 할 텐데...",
            "norm_text": "우리도 가족 사진 하나 찍어야 할 텐데...",
            "speaker": {
              "id": "1번",
              "sex": "여성",
              "age": "30대"
            },
            "speechAct": "(단언) 진술하기",
            "morpheme": "우리/NP+도/JX+가족/NNG+사진/NNG+하나/NR+찍/VV+어야/EC+할텐데/VX+ETM+NNB+VCP+EF+./SY"
          },
          {
            "id": 2,
            "text": "2 : 응응! 그러게... 찍고 싶긴 하다. ㅜㅜ",
            "norm_text": "응응! 그러게... 찍고 싶긴 하다. ㅜㅜ",
            "speaker": {
              "id": "2번",
              "sex": "남성",
              "age": "30대"
            },
            "speechAct": "(단언) 진술하기",
            "morpheme": "응/IC+응/IC+그러게/IC+./SY+찍/VV+고/EC+싶/VX+긴/ETN+JX+하/VX+다/EF+ㅜㅜ/UNKNOWN"
          },
          {
            "id": 3,
            "text": "1 : 응 생각해보니 우리 가족사진이 없는 거 같더라고",
            "norm_text": "응 생각해보니 우리 가족사진이 없는 거 같더라고",
            "speaker": {
              "id": "1번",
              "sex": "여성",
              "age": "30대"
            },
            "speechAct": "(단언) 진술하기",
            "morpheme": "응/IC+생각/NNG+해/XSV+EC+보/VX+니/EC+우리/NP+가/JKS+족사/NNG+진이/XSV+EC+JX+JKS+없/VA+는/ETM+거/NNB+같/VA+더라고/EC"
          },
          {
            "id": 4,
            "text": "2 : 응응... 없지...",
            "norm_text": "응응... 없지...",
            "speaker": {
              "id": "2번",
              "sex": "남성",
              "age": "30대"
            },
            "speechAct": "(단언) 진술하기",
            "morpheme": "응/IC+응/IC+./SY+없/VA+지/EF+./SY"
          },
          {
            "id": 5,
            "text": "2 : 음... 너 늦기 전에 찍을 계획을 한번 세워 보자!",
            "norm_text": "음... 너 늦기 전에 찍을 계획을 한번 세워 보자!",
            "speaker": {
              "id": "2번",
              "sex": "남성",
              "age": "30대"
            },
            "speechAct": "(지시) 명령/요구하기",
            "morpheme": "음/IC+./SY+너/NP+늦/VA+기/ETN+전/NNG+에/JKB+찍/VV+을/ETM+계획/NNG+을/JKO+한번/MAG+세워/VV+EC+보/VX+자/EF"
          },
          {
            "id": 6,
            "text": "1 : 그래 그러자!",
            "norm_text": "그래 그러자!",
            "speaker": {
              "id": "1번",
              "sex": "여성",
              "age": "30대"
            },
            "speechAct": "(단언) 주장하기",
            "morpheme": "그래/VA+EC+그러/VV+자/EF"
          },
          {
            "id": 7,
            "text": "1 : 사진관에서 찍으면 더 예쁘게 나오겠지?",
            "norm_text": "사진관에서 찍으면 더 예쁘게 나오겠지?",
            "speaker": {
              "id": "1번",
              "sex": "여성",
              "age": "30대"
            },
            "speechAct": "(단언) 주장하기",
            "morpheme": "사진관/NNG+에서/JKB+찍/VV+으면/EC+더/MAG+예쁘/VA+게/EC+나오/VV+겠/EP+지/EF"
          },
          {
            "id": 8,
            "text": "2 : 응응 그렇지!",
            "norm_text": "응응 그렇지!",
            "speaker": {
              "id": "2번",
              "sex": "남성",
              "age": "30대"
            },
            "speechAct": "(단언) 주장하기",
            "morpheme": "응/IC+응/IC+그렇/VA+지/EF"
          },
          {
            "id": 9,
            "text": "2 : 피부관리 좀 해야겠어 키키",
            "norm_text": "피부관리 좀 해야겠어 키키",
            "speaker": {
              "id": "2번",
              "sex": "남성",
              "age": "30대"
            },
            "speechAct": "(단언) 진술하기",
            "morpheme": "피부/NNG+관리/NNG+좀/MAG+해야/VV+EC+VX+겠/EP+어/EC+키/NNG+키/XSV+ETN"
          },
          {
            "id": 10,
            "text": "2 : 진짜 계획을 해보자 하하",
            "norm_text": "진짜 계획을 해보자 하하",
            "speaker": {
              "id": "2번",
              "sex": "남성",
              "age": "30대"
            },
            "speechAct": "(지시) 충고/제안하기",
            "morpheme": "진짜/MAG+계획/NNG+을/JKO+해/VV+EC+보/VX+자/EC+하하/MAG"
          },
          {
            "id": 11,
            "text": "1 : 그 막 옷도 예쁘게 맞춰 입고 찍으면 좋겠다!",
            "norm_text": "그 막 옷도 예쁘게 맞춰 입고 찍으면 좋겠다!",
            "speaker": {
              "id": "1번",
              "sex": "여성",
              "age": "30대"
            },
            "speechAct": "(단언) 주장하기",
            "morpheme": "그/MM+막옷/NNG+도/JX+예쁘/VA+게/EC+맞춰/VV+EC+입/VV+고/EC+찍/VV+으면/EC+좋/VA+겠/EP+다/EF"
          },
          {
            "id": 12,
            "text": "2 : 응응 정장 입어야겠구만 하하",
            "norm_text": "응응 정장 입어야겠구만 하하",
            "speaker": {
              "id": "2번",
              "sex": "남성",
              "age": "30대"
            },
            "speechAct": "(단언) 진술하기",
            "morpheme": "응/IC+응/IC+정장/NNG+입/VV+어야/EC+겠/EP+구/EC+만/JX+하하/MAG"
          },
          {
            "id": 13,
            "text": "1 : 흰셔츠에 청바지가 요즘 트렌드지 키키",
            "norm_text": "흰셔츠에 청바지가 요즘 트렌드지 키키",
            "speaker": {
              "id": "1번",
              "sex": "여성",
              "age": "30대"
            },
            "speechAct": "(단언) 주장하기",
            "morpheme": "흰/VA+ETM+셔츠/NNG+에/JKB+청바지/NNG+가/JKS+요즘/MAG+트렌드/NNG+지키/NNP+키/NNG"
          },
          {
            "id": 14,
            "text": "2 : 아아? 키키 맞아 맞아! 하하 흰셔츠랑 청바지!",
            "norm_text": "아아? 키키 맞아 맞아! 하하 흰셔츠랑 청바지!",
            "speaker": {
              "id": "2번",
              "sex": "남성",
              "age": "30대"
            },
            "speechAct": "(단언) 진술하기",
            "morpheme": "아아/IC+키/NNG+키/XSV+ETN+맞/VV+아/EC+맞/VV+아/EF+하하/MAG+흰/VA+ETM+셔츠/NNG+랑/JKB+청바지/NNG"
          },
          {
            "id": 15,
            "text": "1 : 유행 안 타는 옷 입어야 나중에 봐도 안 촌스럽다고 키키",
            "norm_text": "유행 안 타는 옷 입어야 나중에 봐도 안 촌스럽다고 키키",
            "speaker": {
              "id": "1번",
              "sex": "여성",
              "age": "30대"
            },
            "speechAct": "(단언) 진술하기",
            "morpheme": "유행/NNG+안/MAG+타/VV+는/ETM+옷/NNG+입/VV+어야/EC+나중/NNG+에/JKB+봐도/VV+EC+안/MAG+촌스럽/VA+다고/EC+키/NNG+키/XSV+ETN"
          },
          {
            "id": 16,
            "text": "2 : 아아~ 그치 그치!",
            "norm_text": "아아~ 그치 그치!",
            "speaker": {
              "id": "2번",
              "sex": "남성",
              "age": "30대"
            },
            "speechAct": "(단언) 주장하기",
            "morpheme": "아아/NNG+~/SY+그치/IC+그치/IC"
          },
          {
            "id": 17,
            "text": "2 : 가족사진 한번 찍자구! 하하",
            "norm_text": "가족사진 한번 찍자구! 하하",
            "speaker": {
              "id": "2번",
              "sex": "남성",
              "age": "30대"
            },
            "speechAct": "(지시) 충고/제안하기",
            "morpheme": "가족/NNG+사진/NNG+한/MM+번/NNBC+찍/VV+자구/EF+하하/MAG"
          },
          {
            "id": 18,
            "text": "1 : 키키 그래그래 사진관도 알아보고 해야겠네!",
            "norm_text": "키키 그래그래 사진관도 알아보고 해야겠네!",
            "speaker": {
              "id": "1번",
              "sex": "여성",
              "age": "30대"
            },
            "speechAct": "(단언) 진술하기",
            "morpheme": "키/NNG+키/XSV+ETN+그래그래/IC+사진관/NNG+도/JX+알아보/VV+고/EC+해야겠네/VV+EC+VX+EP+EF"
          },
          {
            "id": 19,
            "text": "2 : 응응 시간 맞춰보고 계획도 한번 짜보자! 하하",
            "norm_text": "응응 시간 맞춰보고 계획도 한번 짜보자! 하하",
            "speaker": {
              "id": "2번",
              "sex": "남성",
              "age": "30대"
            },
            "speechAct": "(지시) 충고/제안하기",
            "morpheme": "응/IC+응/IC+시간/NNG+맞춰/VV+EC+보/VX+고/EC+계획/NNG+도/JX+한/MM+번/NNBC+짜/VV+EC+보/VX+자/EF+하하/MAG"
          },
          {
            "id": 20,
            "text": "1 : 키키 그래그래! 내년쯤엔 찍을 수 있겠지?",
            "norm_text": "키키 그래그래! 내년쯤엔 찍을 수 있겠지?",
            "speaker": {
              "id": "1번",
              "sex": "여성",
              "age": "30대"
            },
            "speechAct": "(지시) 질문하기",
            "morpheme": "키/NNG+키/XSV+ETN+그래그래/IC+내년/NNG+쯤/XSN+엔/JKB+JX+찍/VV+을/ETM+수/NNB+있/VV+겠/EP+지/EF"
          },
          {
            "id": 21,
            "text": "2 : 응응 내년에 찍을 수 있게 준비해보자!",
            "norm_text": "응응 내년에 찍을 수 있게 준비해보자!",
            "speaker": {
              "id": "2번",
              "sex": "남성",
              "age": "30대"
            },
            "speechAct": "(지시) 명령/요구하기",
            "morpheme": "응/IC+응/IC+내년/NNG+에/JKB+찍/VV+을/ETM+수/NNB+있/VV+게/EC+준비/NNG+해/XSV+EC+보/VX+자/EF"
          }
        ]
      }
    }
  ]
}