{
  "dataset": {
    "identifier": 50908,
    "name": "KAKAO_985_05_set",
    "src_path": "/data/file/cubeManager/PROJECT001/53/txt20211006140111078920/KAKAO_985_05_set/",
    "label_path": "/data/file/cubeManager/PROJECT001/53/txt20211006140111078920/KAKAO_985_05_set/",
    "category": 2,
    "type": 0
  },
  "licenses": {
    "name": "Apache License 1.0",
    "url": "http://www.apache.org/licenses/LICENSE-1.0"
  },
  "info": [
    {
      "id": 45196,
      "filename": "KAKAO_985_05.txt",
      "title": "KAKAO_985_05",
      "mediatype": "SNS",
      "medianame": "카카오톡",
      "category": "일상대화",
      "date": "2021-10-06",
      "size": 473,
      "annotations": {
        "subject": "군대",
        "speaker_type": "1:1",
        "size": 473,
        "word_size": 161,
        "text": "1 : 공군으로 지원해서 간 연예인들은 없지?\n2 : 글쎄? 근데 내가 아는 애 친구는 공군 갔더라\n1 : 아 진짜? 키키\n1 : 오 공군이 복무 기간 제일 길어서 다들 잘 안 가려하던데\n2 : 그러게 공군은 복무 기간도 긴데 다른 메리트가 있나?\n1 : 키키 몰라 키키 멋있잖아 키키\n2 : 내가 덕질하는 애는 공군 가면 안 될 텐데 흑\n1 : 키키 하루 빨리 나오는 게 좋긴 해... 키키\n2 : 그런가?\n2 : 공군은 군복이 멋있나? 키키\n1 : 군복 개멋있지 키키\n1 : 공군은 시험도 쳐야 하지 않나 키키\n2 : 공군은 무슨 훈련할지 궁금하긴 함 키키\n1 : 키키 전투기 타고 훈련할 듯 키키\n2 : 공군 좀 알아보니까 유튜브 병사?\n2 : 이런 거도 있더라 키키\n1 : 아 진짜?\n1 : 군인인데 유튜브 하면 안 되지 않아?\n2 : 그런 영상 제작하는 병사들이 있더라고 키키\n1 : 오호 키키 하긴 홍보 하고 해야 하니까 키키\n2 : 시대가 점점 달라진다는 걸 느낌 키키",
        "lines": [
          {
            "id": 1,
            "text": "1 : 공군으로 지원해서 간 연예인들은 없지?",
            "norm_text": "공군으로 지원해서 간 연예인들은 없지?",
            "speaker": {
              "id": "1번",
              "sex": "여성",
              "age": "20대"
            },
            "speechAct": "(지시) 질문하기",
            "morpheme": "공군/NNG+으로/JKB+지원/NNG+해서/XSV+EC+간/VV+ETM+연예인/NNG+들/XSN+은/JX+없/VA+지/EF"
          },
          {
            "id": 2,
            "text": "2 : 글쎄? 근데 내가 아는 애 친구는 공군 갔더라",
            "norm_text": "글쎄? 근데 내가 아는 애 친구는 공군 갔더라",
            "speaker": {
              "id": "2번",
              "sex": "여성",
              "age": "30대"
            },
            "speechAct": "(단언) 진술하기",
            "morpheme": "글쎄/IC+근데/MAJ+내/NP+가/JKS+아/VV+는/ETM+애/NNG+친구/NNG+는/JX+공군/NNG+갔/VV+EP+더라/EC"
          },
          {
            "id": 3,
            "text": "1 : 아 진짜? 키키",
            "norm_text": "아 진짜? 키키",
            "speaker": {
              "id": "1번",
              "sex": "여성",
              "age": "20대"
            },
            "speechAct": "(지시) 질문하기",
            "morpheme": "아/IC+진짜/MAG+키/NNG+키/XSV+ETN"
          },
          {
            "id": 4,
            "text": "1 : 오 공군이 복무 기간 제일 길어서 다들 잘 안 가려하던데",
            "norm_text": "오 공군이 복무 기간 제일 길어서 다들 잘 안 가려하던데",
            "speaker": {
              "id": "1번",
              "sex": "여성",
              "age": "20대"
            },
            "speechAct": "(단언) 진술하기",
            "morpheme": "오/NR+공군/NNG+이/JKS+복무/NNG+기간/NNG+제일/MAG+길/VA+어서/EC+다/MAG+들/XSN+잘/MAG+안/MAG+가려/VV+EC+하/VV+던데/EC"
          },
          {
            "id": 5,
            "text": "2 : 그러게 공군은 복무 기간도 긴데 다른 메리트가 있나?",
            "norm_text": "그러게 공군은 복무 기간도 긴데 다른 메리트가 있나?",
            "speaker": {
              "id": "2번",
              "sex": "여성",
              "age": "30대"
            },
            "speechAct": "(지시) 질문하기",
            "morpheme": "그러/VV+게/EC+공군/NNG+은/JX+복무/NNG+기간/NNG+도/JX+긴데/VA+EC+다른/MM+메리트/NNG+가/JKS+있/VA+나/EF"
          },
          {
            "id": 6,
            "text": "1 : 키키 몰라 키키 멋있잖아 키키",
            "norm_text": "키키 몰라 키키 멋있잖아 키키",
            "speaker": {
              "id": "1번",
              "sex": "여성",
              "age": "20대"
            },
            "speechAct": "(단언) 주장하기",
            "morpheme": "키/NNG+키/XSV+ETN+몰라/VV+EC+키/NNG+키/XSV+ETN+멋있/VA+잖아/EC+키/NNG+키/XSV+ETN"
          },
          {
            "id": 7,
            "text": "2 : 내가 덕질하는 애는 공군 가면 안 될 텐데 흑",
            "norm_text": "내가 덕질하는 애는 공군 가면 안 될 텐데 흑",
            "speaker": {
              "id": "2번",
              "sex": "여성",
              "age": "30대"
            },
            "speechAct": "(단언) 주장하기",
            "morpheme": "내/NP+가/JKS+덕/NNG+질/XSN+하/XSV+는/ETM+애/NNG+는/JX+공군/NNG+가/VV+면/EC+안/MAG+될/VV+ETM+텐데/NNB+VCP+EC+흑/NNG"
          },
          {
            "id": 8,
            "text": "1 : 키키 하루 빨리 나오는 게 좋긴 해... 키키",
            "norm_text": "키키 하루 빨리 나오는 게 좋긴 해... 키키",
            "speaker": {
              "id": "1번",
              "sex": "여성",
              "age": "20대"
            },
            "speechAct": "(단언) 주장하기",
            "morpheme": "키/NNG+키/XSV+ETN+하루빨리/MAG+나오/VV+는/ETM+게/NNB+JKS+좋/VA+긴/ETN+JX+해/VX+EF+./SY+키/NNG+키/XSV+ETN"
          },
          {
            "id": 9,
            "text": "2 : 그런가?",
            "norm_text": "그런가?",
            "speaker": {
              "id": "2번",
              "sex": "여성",
              "age": "30대"
            },
            "speechAct": "(지시) 질문하기",
            "morpheme": "그런가/VA+EF"
          },
          {
            "id": 10,
            "text": "2 : 공군은 군복이 멋있나? 키키",
            "norm_text": "공군은 군복이 멋있나? 키키",
            "speaker": {
              "id": "2번",
              "sex": "여성",
              "age": "30대"
            },
            "speechAct": "(지시) 질문하기",
            "morpheme": "공군/NNG+은/JX+군복/NNG+이/JKS+멋있/VA+나/EF+키/NNG+키/XSV+ETN"
          },
          {
            "id": 11,
            "text": "1 : 군복 개멋있지 키키",
            "norm_text": "군복 개멋있지 키키",
            "speaker": {
              "id": "1번",
              "sex": "여성",
              "age": "20대"
            },
            "speechAct": "(단언) 주장하기",
            "morpheme": "군복개멋있지키키/UNKNOWN"
          },
          {
            "id": 12,
            "text": "1 : 공군은 시험도 쳐야 하지 않나 키키",
            "norm_text": "공군은 시험도 쳐야 하지 않나 키키",
            "speaker": {
              "id": "1번",
              "sex": "여성",
              "age": "20대"
            },
            "speechAct": "(지시) 질문하기",
            "morpheme": "공군/NNG+은/JX+시험/NNG+도/JX+쳐야/VV+EC+하/VV+지/EC+않/VX+나/EC+키/NNG+키/XSV+ETN"
          },
          {
            "id": 13,
            "text": "2 : 공군은 무슨 훈련할지 궁금하긴 함 키키",
            "norm_text": "공군은 무슨 훈련할지 궁금하긴 함 키키",
            "speaker": {
              "id": "2번",
              "sex": "여성",
              "age": "30대"
            },
            "speechAct": "(단언) 주장하기",
            "morpheme": "공군/NNG+은/JX+무슨/MM+훈련/NNG+할지/XSV+EC+궁금/XR+하/XSA+긴/ETN+JX+함/VX+ETN+키/NNG+키/XSV+ETN"
          },
          {
            "id": 14,
            "text": "1 : 키키 전투기 타고 훈련할 듯 키키",
            "norm_text": "키키 전투기 타고 훈련할 듯 키키",
            "speaker": {
              "id": "1번",
              "sex": "여성",
              "age": "20대"
            },
            "speechAct": "(단언) 진술하기",
            "morpheme": "키/NNG+키/NNG+전투기/NNG+타/VV+고/EC+훈련/NNG+할/XSV+ETM+듯/NNB+키/NNG+키/XSV+ETN"
          },
          {
            "id": 15,
            "text": "2 : 공군 좀 알아보니까 유튜브 병사?",
            "norm_text": "공군 좀 알아보니까 유튜브 병사?",
            "speaker": {
              "id": "2번",
              "sex": "여성",
              "age": "30대"
            },
            "speechAct": "(단언) 진술하기",
            "morpheme": "공군/NNG+좀/MAG+알아보/VV+니까/EC+유튜브/NNP+병사/NNG"
          },
          {
            "id": 16,
            "text": "2 : 이런 거도 있더라 키키",
            "norm_text": "이런 거도 있더라 키키",
            "speaker": {
              "id": "2번",
              "sex": "여성",
              "age": "30대"
            },
            "speechAct": "(단언) 진술하기",
            "morpheme": "이런/MM+거/NNB+도/JX+있/VA+더라/EC+키/NNG+키/XSV+ETN"
          },
          {
            "id": 17,
            "text": "1 : 아 진짜?",
            "norm_text": "아 진짜?",
            "speaker": {
              "id": "1번",
              "sex": "여성",
              "age": "20대"
            },
            "speechAct": "(지시) 질문하기",
            "morpheme": "아/IC+진짜/MAG"
          },
          {
            "id": 18,
            "text": "1 : 군인인데 유튜브 하면 안 되지 않아?",
            "norm_text": "군인인데 유튜브 하면 안 되지 않아?",
            "speaker": {
              "id": "1번",
              "sex": "여성",
              "age": "20대"
            },
            "speechAct": "(지시) 질문하기",
            "morpheme": "군인/NNG+인데/VCP+EC+유튜브/NNP+하/VV+면/EC+안/MAG+되/VV+지/EC+않/VX+아/EF"
          },
          {
            "id": 19,
            "text": "2 : 그런 영상 제작하는 병사들이 있더라고 키키",
            "norm_text": "그런 영상 제작하는 병사들이 있더라고 키키",
            "speaker": {
              "id": "2번",
              "sex": "여성",
              "age": "30대"
            },
            "speechAct": "(단언) 진술하기",
            "morpheme": "그런/MM+영상/NNG+제작/NNG+하/XSV+는/ETM+병사/NNG+들/XSN+이/JKS+있/VV+더라고/EC+키/NNG+키/XSV+ETN"
          },
          {
            "id": 20,
            "text": "1 : 오호 키키 하긴 홍보 하고 해야 하니까 키키",
            "norm_text": "오호 키키 하긴 홍보 하고 해야 하니까 키키",
            "speaker": {
              "id": "1번",
              "sex": "여성",
              "age": "20대"
            },
            "speechAct": "(단언) 주장하기",
            "morpheme": "오호/IC+키/NNG+키/NNG+하/XSV+긴/ETN+JX+홍보/NNG+하/XSV+고/EC+해야/VV+EC+하/VV+니까/EC+키/NNG+키/XSV+ETN"
          },
          {
            "id": 21,
            "text": "2 : 시대가 점점 달라진다는 걸 느낌 키키",
            "norm_text": "시대가 점점 달라진다는 걸 느낌 키키",
            "speaker": {
              "id": "2번",
              "sex": "여성",
              "age": "30대"
            },
            "speechAct": "(단언) 주장하기",
            "morpheme": "시대/NNG+가/JKS+점점/MAG+달라진다는/VA+EC+VX+ETM+걸/NNB+JKO+느낌/NNG+키/NNG+키/XSV+ETN"
          }
        ]
      }
    }
  ]
}