{
  "dataset": {
    "identifier": 34542,
    "name": "KAKAO_966_20_set",
    "src_path": "/data/file/cubeManager/PROJECT001/53/txt20211005163756096220/KAKAO_966_20_set/",
    "label_path": "/data/file/cubeManager/PROJECT001/53/txt20211005163756096220/KAKAO_966_20_set/",
    "category": 2,
    "type": 0
  },
  "licenses": {
    "name": "Apache License 1.0",
    "url": "http://www.apache.org/licenses/LICENSE-1.0"
  },
  "info": [
    {
      "id": 42738,
      "filename": "KAKAO_966_20.txt",
      "title": "KAKAO_966_20",
      "mediatype": "SNS",
      "medianame": "카카오톡",
      "category": "일상대화",
      "date": "2021-10-05",
      "size": 544,
      "annotations": {
        "subject": "영화/만화",
        "speaker_type": "1:1",
        "size": 544,
        "word_size": 176,
        "text": "1 : 너 영화 완벽한 타인 본 적 있나? 키키\n2 : 어 키키 그거 재밌잖아! 난 영화관 가서 봤어\n1 : 키키 응응 만약 우리도 하게 되면... 너 할 수 있어? 키키\n2 : 뭐, 딱히 너무 뭐가 없다 키키 해도 됨\n1 : 나도 할 수 있겠지 생각했는데 괜히... 뭔가 찔려 키키\n2 : 키키 왜 어떤 게? 키키 난 너무 뭐가 없다, 남친이랑도 할 수 있을 것 같은데 서로 재미 없을 듯 키키\n1 : 내 인생도 별거 없어서 괜찮기는 한데... 키키 괜히\n2 : 키키 그것보단 아무한테도 연락 안 오고 막 키키\n1 : 키키 아... 그 생각은 못했네 키키 나 혼자 너무 심심한 거 아니가\n2 : 키키 나도 마찬가지 키키 폰이 심심해...\n1 : 키키 그건 그렇다... 나이 들수록 연락 오는 곳이 없다\n2 : 어... 필요한 말만 하고 끝내고... 예전에는 계속 이어 나갔는데\n1 : 키키 응... 우리가 완벽한 타인처럼 하면 그냥... 대화만 하겠다\n2 : 그냥 폰은 옵션인데 무옵션이얔 키키\n1 : 광고 연락만 엄청 와서... 재미도 없고 키키\n2 : 키키 광고도 하필 그떄 오지 않았다고 한다",
        "lines": [
          {
            "id": 1,
            "text": "1 : 너 영화 완벽한 타인 본 적 있나? 키키",
            "norm_text": "너 영화 완벽한 타인 본 적 있나? 키키",
            "speaker": {
              "id": "1번",
              "sex": "여성",
              "age": "30대"
            },
            "speechAct": "(지시) 질문하기",
            "morpheme": "너/NP+영화/NNG+완벽/NNG+한/XSA+ETM+타인/NNG+본/VV+ETM+적/NNB+있/VA+나/EF+키/NNG+키/XSV+ETN"
          },
          {
            "id": 2,
            "text": "2 : 어 키키 그거 재밌잖아! 난 영화관 가서 봤어",
            "norm_text": "어 키키 그거 재밌잖아! 난 영화관 가서 봤어",
            "speaker": {
              "id": "2번",
              "sex": "여성",
              "age": "30대"
            },
            "speechAct": "(단언) 진술하기",
            "morpheme": "어/IC+키/NNG+키/XSV+ETN+그거/NP+재밌/VA+잖아/EF+난/NP+JX+영화관/NNG+가/VV+서/EC+봤/VX+EP+어/EC"
          },
          {
            "id": 3,
            "text": "1 : 키키 응응 만약 우리도 하게 되면... 너 할 수 있어? 키키",
            "norm_text": "키키 응응 만약 우리도 하게 되면... 너 할 수 있어? 키키",
            "speaker": {
              "id": "1번",
              "sex": "여성",
              "age": "30대"
            },
            "speechAct": "(지시) 질문하기",
            "morpheme": "키/NNG+키/XSV+ETN+응/IC+응/IC+만약/MAG+우리/NP+도/JX+하/VV+게/EC+되/VV+면/EC+./SY+./SY+너/NP+할/VV+ETM+수/NNB+있/VV+어/EF+키/NNG+키/XSV+ETN"
          },
          {
            "id": 4,
            "text": "2 : 뭐, 딱히 너무 뭐가 없다 키키 해도 됨",
            "norm_text": "뭐, 딱히 너무 뭐가 없다 키키 해도 됨",
            "speaker": {
              "id": "2번",
              "sex": "여성",
              "age": "30대"
            },
            "speechAct": "(단언) 진술하기",
            "morpheme": "뭐/IC+,/SC+딱히/MAG+너무/MAG+뭐/NP+가/JKS+없/VA+다/EC+키/NNG+키/NNG+해도/XSV+EC+됨/VV+ETN"
          },
          {
            "id": 5,
            "text": "1 : 나도 할 수 있겠지 생각했는데 괜히... 뭔가 찔려 키키",
            "norm_text": "나도 할 수 있겠지 생각했는데 괜히... 뭔가 찔려 키키",
            "speaker": {
              "id": "1번",
              "sex": "여성",
              "age": "30대"
            },
            "speechAct": "(단언) 진술하기",
            "morpheme": "나/NP+도/JX+할/VV+ETM+수/NNB+있/VV+겠/EP+지/EC+생각/NNG+했/XSV+EP+는데/EC+괜히/MAG+./SY+뭔가/NP+VCP+EC+찔려/VV+EC+키/NNG+키/XSV+ETN"
          },
          {
            "id": 6,
            "text": "2 : 키키 왜 어떤 게? 키키 난 너무 뭐가 없다, 남친이랑도 할 수 있을 것 같은데 서로 재미 없을 듯 키키",
            "norm_text": "키키 왜 어떤 게? 키키 난 너무 뭐가 없다, 남친이랑도 할 수 있을 것 같은데 서로 재미 없을 듯 키키",
            "speaker": {
              "id": "2번",
              "sex": "여성",
              "age": "30대"
            },
            "speechAct": "(단언) 진술하기",
            "morpheme": "키/NNG+키/XSV+ETN+왜/MAG+어떤/MM+게/NNB+JKS+키/NNG+키/XSV+ETN+난/NP+JX+너무/MAG+뭐/NP+가/JKS+없/VA+다/EF+,/SC+남친/NNG+이랑/JKB+도/JX+할/VV+ETM+수/NNB+있/VV+을/ETM+것/NNB+같/VA+은데/EC+서로/MAG+재미없/VA+을/ETM+듯/NNB+키/NNG+키/XSV+ETN"
          },
          {
            "id": 7,
            "text": "1 : 내 인생도 별거 없어서 괜찮기는 한데... 키키 괜히",
            "norm_text": "내 인생도 별거 없어서 괜찮기는 한데... 키키 괜히",
            "speaker": {
              "id": "1번",
              "sex": "여성",
              "age": "30대"
            },
            "speechAct": "(단언) 진술하기",
            "morpheme": "내/NP+JKG+인생/NNG+도/JX+별거/NNG+없/VA+어서/EC+괜찮/VA+기/ETN+는/JX+한데/VV+EF+./SY+키/NNG+키/NNG+괜히/MAG"
          },
          {
            "id": 8,
            "text": "2 : 키키 그것보단 아무한테도 연락 안 오고 막 키키",
            "norm_text": "키키 그것보단 아무한테도 연락 안 오고 막 키키",
            "speaker": {
              "id": "2번",
              "sex": "여성",
              "age": "30대"
            },
            "speechAct": "(단언) 진술하기",
            "morpheme": "키/NNG+키/XSV+ETN+그것/NP+보단/JKB+JX+아무/NP+한테/JKB+도/JX+연락/NNG+안/MAG+오/VV+고/EC+막/NNG+키/NNG+키/XSV+ETN"
          },
          {
            "id": 9,
            "text": "1 : 키키 아... 그 생각은 못했네 키키 나 혼자 너무 심심한 거 아니가",
            "norm_text": "키키 아... 그 생각은 못했네 키키 나 혼자 너무 심심한 거 아니가",
            "speaker": {
              "id": "1번",
              "sex": "여성",
              "age": "30대"
            },
            "speechAct": "(단언) 주장하기",
            "morpheme": "키/NNG+키/VV+아/EF+./SY+그/MM+생각/NNG+은/JX+못/MAG+했/VV+EP+네/EF+키/NNG+키나/XSA+ETN+JX+혼자/MAG+너무/MAG+심심/XR+한/XSA+ETM+거/NNB+아니/VCN+가/JKS"
          },
          {
            "id": 10,
            "text": "2 : 키키 나도 마찬가지 키키 폰이 심심해...",
            "norm_text": "키키 나도 마찬가지 키키 폰이 심심해...",
            "speaker": {
              "id": "2번",
              "sex": "여성",
              "age": "30대"
            },
            "speechAct": "(단언) 진술하기",
            "morpheme": "키/NNG+키나/XSA+ETN+JX+도/JX+마찬가지/NNG+키/NNG+키/NNG+폰/NNG+이/JKS+심심/XR+해/XSA+EF+./SY"
          },
          {
            "id": 11,
            "text": "1 : 키키 그건 그렇다... 나이 들수록 연락 오는 곳이 없다",
            "norm_text": "키키 그건 그렇다... 나이 들수록 연락 오는 곳이 없다",
            "speaker": {
              "id": "1번",
              "sex": "여성",
              "age": "30대"
            },
            "speechAct": "(단언) 진술하기",
            "morpheme": "키/NNG+키/XSV+ETN+그건/NP+JX+그렇/VA+다/EF+./SY+나이/NNG+들/XSN+수록/NNG+연락/NNG+오/VV+는/ETM+곳/NNG+이/JKS+없/VA+다/EC"
          },
          {
            "id": 12,
            "text": "2 : 어... 필요한 말만 하고 끝내고... 예전에는 계속 이어 나갔는데",
            "norm_text": "어... 필요한 말만 하고 끝내고... 예전에는 계속 이어 나갔는데",
            "speaker": {
              "id": "2번",
              "sex": "여성",
              "age": "30대"
            },
            "speechAct": "(단언) 진술하기",
            "morpheme": "어/IC+./SY+필요/NNG+한/XSA+ETM+말/NNG+만/JX+하/VV+고/EC+끝내/VV+고/EC+./SY+./SY+예전/NNG+에/JKB+는/JX+계속/NNG+이/VCP+어/EC+나갔/VV+EP+는데/EC"
          },
          {
            "id": 13,
            "text": "1 : 키키 응... 우리가 완벽한 타인처럼 하면 그냥... 대화만 하겠다",
            "norm_text": "키키 응... 우리가 완벽한 타인처럼 하면 그냥... 대화만 하겠다",
            "speaker": {
              "id": "1번",
              "sex": "여성",
              "age": "30대"
            },
            "speechAct": "(단언) 진술하기",
            "morpheme": "키/NNG+키/XSV+ETN+응/IC+./SY+우리/NP+가/JKS+완벽/NNG+한/XSA+ETM+타인/NNG+처럼/JKB+하/VV+면/EC+그냥/MAG+./SY+대화/NNG+만/JX+하/VV+겠/EP+다/EC"
          },
          {
            "id": 14,
            "text": "2 : 그냥 폰은 옵션인데 무옵션이얔 키키",
            "norm_text": "그냥 폰은 옵션인데 무옵션이얔 키키",
            "speaker": {
              "id": "2번",
              "sex": "여성",
              "age": "30대"
            },
            "speechAct": "(단언) 진술하기",
            "morpheme": "그냥/MAG+폰/NNG+은/JX+옵션/NNG+인데/VCP+EC+무/XPN+옵션/NNG+이/JKS+얔키/UNKNOWN+키/NNG"
          },
          {
            "id": 15,
            "text": "1 : 광고 연락만 엄청 와서... 재미도 없고 키키",
            "norm_text": "광고 연락만 엄청 와서... 재미도 없고 키키",
            "speaker": {
              "id": "1번",
              "sex": "여성",
              "age": "30대"
            },
            "speechAct": "(단언) 진술하기",
            "morpheme": "광고/NNG+연락/NNG+만/JX+엄청/MAG+와서/VV+EC+./SY+./SY+재미/NNG+도/JX+없/VA+고/EC+키/NNG+키/XSV+ETN"
          },
          {
            "id": 16,
            "text": "2 : 키키 광고도 하필 그떄 오지 않았다고 한다",
            "norm_text": "키키 광고도 하필 그떄 오지 않았다고 한다",
            "speaker": {
              "id": "2번",
              "sex": "여성",
              "age": "30대"
            },
            "speechAct": "(단언) 진술하기",
            "morpheme": "키/NNG+키/NNG+광고/NNG+도/JX+하필/MAG+그떄/UNKNOWN+오/VV+지/EC+않/VX+았/EP+다고/EC+한다/VX+EC"
          }
        ]
      }
    }
  ]
}