{
  "dataset": {
    "identifier": 58310,
    "name": "KAKAO_996_15_set",
    "src_path": "/data/file/cubeManager/PROJECT001/53/txt20211006140339064495/KAKAO_996_15_set/",
    "label_path": "/data/file/cubeManager/PROJECT001/53/txt20211006140339064495/KAKAO_996_15_set/",
    "category": 2,
    "type": 0
  },
  "licenses": {
    "name": "Apache License 1.0",
    "url": "http://www.apache.org/licenses/LICENSE-1.0"
  },
  "info": [
    {
      "id": 45266,
      "filename": "KAKAO_996_15.txt",
      "title": "KAKAO_996_15",
      "mediatype": "SNS",
      "medianame": "카카오톡",
      "category": "일상대화",
      "date": "2021-10-06",
      "size": 653,
      "annotations": {
        "subject": "타 국가 이슈",
        "speaker_type": "1:1",
        "size": 653,
        "word_size": 211,
        "text": "1 : 여러 나라에서 백신 비교했는데 모더나가 더 효과 좋대!\n2 : 근데 그게 우리나라에서 기사 낸 거 아냐?\n2 : 맞는 말인지 모르겠다\n1 : 음 어떤 결과를 보고 뉴스를 쓰느냐에 따라 많이 다르긴 한 듯 키키\n2 : 키키 매번 말이 달라지니 뭐가 정확한지 모르겠지만 나도 모더나가 더 낫긴 한 것 같아\n1 : 키키 응... 우린 모더나 맞았으니 맘 편하게 있자 키키\n2 : 키키 오늘 모더나 잔여백신 9개 뜬 곳 있었는데 바로 신청하고 싶더라\n1 : 우린 이미 4주 간격도 지나버림...\n2 : 지금 거의 6주 다 되어감 키키\n2 : 늦게 맞으면 효능도 별로 없다던데\n1 : 그러니까 ㅜㅜ ㅠ 6주도 효과 똑같다고 했다가 이제 빨리 맞을 사람 맞게 해주는 게 뭐고\n2 : 내 말이 키키 이게 무슨 의미인가 싶음...\n2 : 근데 너는 날짜 조금 앞당겼었잖아?\n2 : 언제 맞는데?\n1 : 나 다음 주 월요일이야 ㅜㅜ 너무 떨린다 ㅜㅜ\n2 : 얼마 안 남았네 ㅠㅠ 무섭겠다...\n2 : 이런 느낌 싫어서 그냥 빨리 맞고 싶어짐\n1 : ㅜㅜ 최상의 컨디션으로 가고 싶은데 벌써 최악이다 키키\n2 : 키키 이번 주 주말에는 푹 쉬어라 백신 맞아야 되니까 키키\n1 : 휴... 아마 산책 가서 뜀박질 하고 있을 거 같은데 키키\n2 : 키키 버디랑 산책?\n2 : 그 정도는 건강 관리에도 도움돼서 괜찮을 듯",
        "lines": [
          {
            "id": 1,
            "text": "1 : 여러 나라에서 백신 비교했는데 모더나가 더 효과 좋대!",
            "norm_text": "여러 나라에서 백신 비교했는데 모더나가 더 효과 좋대!",
            "speaker": {
              "id": "1번",
              "sex": "여성",
              "age": "30대"
            },
            "speechAct": "(단언) 진술하기",
            "morpheme": "여러/MM+나라/NNG+에서/JKB+백신/NNG+비교/NNG+했/XSV+EP+는데/EC+모더/NNP+나/NP+가/JKS+더/MAG+효과/NNG+좋/VA+대/EF"
          },
          {
            "id": 2,
            "text": "2 : 근데 그게 우리나라에서 기사 낸 거 아냐?",
            "norm_text": "근데 그게 우리나라에서 기사 낸 거 아냐?",
            "speaker": {
              "id": "2번",
              "sex": "여성",
              "age": "30대"
            },
            "speechAct": "(지시) 질문하기",
            "morpheme": "근데/MAJ+그게/NP+JKS+우리/NP+나라/NNG+에서/JKB+기사/NNG+낸/VV+ETM+거/NNB+아냐/VCN+EF"
          },
          {
            "id": 3,
            "text": "2 : 맞는 말인지 모르겠다",
            "norm_text": "맞는 말인지 모르겠다",
            "speaker": {
              "id": "2번",
              "sex": "여성",
              "age": "30대"
            },
            "speechAct": "(단언) 주장하기",
            "morpheme": "맞/VV+는/ETM+말/NNG+인지/VCP+EC+모르/VV+겠/EP+다/EC"
          },
          {
            "id": 4,
            "text": "1 : 음 어떤 결과를 보고 뉴스를 쓰느냐에 따라 많이 다르긴 한 듯 키키",
            "norm_text": "음 어떤 결과를 보고 뉴스를 쓰느냐에 따라 많이 다르긴 한 듯 키키",
            "speaker": {
              "id": "1번",
              "sex": "여성",
              "age": "30대"
            },
            "speechAct": "(단언) 주장하기",
            "morpheme": "음/IC+어떤/MM+결과/NNG+를/JKO+보/VV+고/EC+뉴스/NNG+를/JKO+쓰/VV+느냐/EC+에/JKB+따라/VV+EC+많이/MAG+다르/VA+긴/ETN+JX+한/VX+ETM+듯/NNB+키/NNG+키/XSV+ETN"
          },
          {
            "id": 5,
            "text": "2 : 키키 매번 말이 달라지니 뭐가 정확한지 모르겠지만 나도 모더나가 더 낫긴 한 것 같아",
            "norm_text": "키키 매번 말이 달라지니 뭐가 정확한지 모르겠지만 나도 모더나가 더 낫긴 한 것 같아",
            "speaker": {
              "id": "2번",
              "sex": "여성",
              "age": "30대"
            },
            "speechAct": "(단언) 주장하기",
            "morpheme": "키/NNG+키/NNG+매번/MAG+말/NNG+이/JKS+달라지/VV+니/EC+뭐/NP+가/JKS+정확/XR+한지/XSA+EC+모르/VV+겠/EP+지만/EC+나/NP+도/JX+모더/NNP+나/NP+가/JKS+더/MAG+낫/VV+긴/ETN+JX+한/VX+ETM+것/NNB+같/VA+아/EC"
          },
          {
            "id": 6,
            "text": "1 : 키키 응... 우린 모더나 맞았으니 맘 편하게 있자 키키",
            "norm_text": "키키 응... 우린 모더나 맞았으니 맘 편하게 있자 키키",
            "speaker": {
              "id": "1번",
              "sex": "여성",
              "age": "30대"
            },
            "speechAct": "(단언) 주장하기",
            "morpheme": "키/NNG+키/XSV+ETN+응/IC+./SY+우린/NP+JX+모/MAG+더/MAG+나/JX+맞/VV+았/EP+으니/EC+맘/NNG+편하/VA+게/EC+있/VX+자/EC+키/NNG+키/XSV+ETN"
          },
          {
            "id": 7,
            "text": "2 : 키키 오늘 모더나 잔여백신 9개 뜬 곳 있었는데 바로 신청하고 싶더라",
            "norm_text": "키키 오늘 모더나 잔여백신 9개 뜬 곳 있었는데 바로 신청하고 싶더라",
            "speaker": {
              "id": "2번",
              "sex": "여성",
              "age": "30대"
            },
            "speechAct": "(단언) 주장하기",
            "morpheme": "키/NNG+키/NNG+오늘/MAG+모더/NNP+나/JC+잔여/NNG+백신/NNG+9/SN+개/NNBC+뜬/VV+ETM+곳/NNB+있/VV+었/EP+는데/EC+바로/MAG+신청/NNG+하/XSV+고/EC+싶/VX+더라/EC"
          },
          {
            "id": 8,
            "text": "1 : 우린 이미 4주 간격도 지나버림...",
            "norm_text": "우린 이미 4주 간격도 지나버림...",
            "speaker": {
              "id": "1번",
              "sex": "여성",
              "age": "30대"
            },
            "speechAct": "(단언) 진술하기",
            "morpheme": "우린/NP+JX+이미/MAG+4/SN+주/NNBC+간격/NNG+도/JX+지나/VV+버림/EC+VX+ETN+./SY"
          },
          {
            "id": 9,
            "text": "2 : 지금 거의 6주 다 되어감 키키",
            "norm_text": "지금 거의 6주 다 되어감 키키",
            "speaker": {
              "id": "2번",
              "sex": "여성",
              "age": "30대"
            },
            "speechAct": "(단언) 주장하기",
            "morpheme": "지금/MAG+거의/MAG+6/SN+주다/NNG+되/XSV+어/EC+감/VX+ETN+키/NNG+키/XSV+ETN"
          },
          {
            "id": 10,
            "text": "2 : 늦게 맞으면 효능도 별로 없다던데",
            "norm_text": "늦게 맞으면 효능도 별로 없다던데",
            "speaker": {
              "id": "2번",
              "sex": "여성",
              "age": "30대"
            },
            "speechAct": "(단언) 진술하기",
            "morpheme": "늦/VA+게/EC+맞/VV+으면/EC+효능/NNG+도/JX+별로/MAG+없/VA+다던데/EC"
          },
          {
            "id": 11,
            "text": "1 : 그러니까 ㅜㅜ ㅠ 6주도 효과 똑같다고 했다가 이제 빨리 맞을 사람 맞게 해주는 게 뭐고",
            "norm_text": "그러니까 ㅜㅜ ㅠ 6주도 효과 똑같다고 했다가 이제 빨리 맞을 사람 맞게 해주는 게 뭐고",
            "speaker": {
              "id": "1번",
              "sex": "여성",
              "age": "30대"
            },
            "speechAct": "(단언) 주장하기",
            "morpheme": "그러니까ㅜㅜㅠ/UNKNOWN+6/SN+주도/NNG+효과/NNG+똑같/VA+다고/EC+했/VX+EP+다가/EC+이제/MAG+빨리/MAG+맞/VV+을/ETM+사람/NNG+맞/VV+게/EC+해/VV+EC+주/VX+는/ETM+게/NNB+JKS+뭐/NP+고/VCP+EC"
          },
          {
            "id": 12,
            "text": "2 : 내 말이 키키 이게 무슨 의미인가 싶음...",
            "norm_text": "내 말이 키키 이게 무슨 의미인가 싶음...",
            "speaker": {
              "id": "2번",
              "sex": "여성",
              "age": "30대"
            },
            "speechAct": "(단언) 주장하기",
            "morpheme": "내말이/NP+JKG+NNG+JKS+키/NNG+키/XSV+ETN+이게/NP+JKS+무슨/MM+의미/NNG+인가/VCP+EC+싶/VX+음/ETN+./SY"
          },
          {
            "id": 13,
            "text": "2 : 근데 너는 날짜 조금 앞당겼었잖아?",
            "norm_text": "근데 너는 날짜 조금 앞당겼었잖아?",
            "speaker": {
              "id": "2번",
              "sex": "여성",
              "age": "30대"
            },
            "speechAct": "(지시) 질문하기",
            "morpheme": "근데/MAJ+너/NP+는/JX+날짜/NNG+조금/MAG+앞당겼/VV+EP+었잖/EC+VX+아/EF"
          },
          {
            "id": 14,
            "text": "2 : 언제 맞는데?",
            "norm_text": "언제 맞는데?",
            "speaker": {
              "id": "2번",
              "sex": "여성",
              "age": "30대"
            },
            "speechAct": "(지시) 질문하기",
            "morpheme": "언제/MAG+맞/VV+는데/EC"
          },
          {
            "id": 15,
            "text": "1 : 나 다음 주 월요일이야 ㅜㅜ 너무 떨린다 ㅜㅜ",
            "norm_text": "나 다음 주 월요일이야 ㅜㅜ 너무 떨린다 ㅜㅜ",
            "speaker": {
              "id": "1번",
              "sex": "여성",
              "age": "30대"
            },
            "speechAct": "(단언) 주장하기",
            "morpheme": "나/NP+다음/NNG+주/NNG+월요일/NNG+이/VCP+야/EF+ㅜㅜ/UNKNOWN+너무/MAG+떨린다/VV+EF+ㅜㅜ/UNKNOWN"
          },
          {
            "id": 16,
            "text": "2 : 얼마 안 남았네 ㅠㅠ 무섭겠다...",
            "norm_text": "얼마 안 남았네 ㅠㅠ 무섭겠다...",
            "speaker": {
              "id": "2번",
              "sex": "여성",
              "age": "30대"
            },
            "speechAct": "(단언) 주장하기",
            "morpheme": "얼마/NNG+안/MAG+남/VV+았/EP+네/EF+ㅠㅠ/UNKNOWN+무섭/VA+겠/EP+다/EF+./SY"
          },
          {
            "id": 17,
            "text": "2 : 이런 느낌 싫어서 그냥 빨리 맞고 싶어짐",
            "norm_text": "이런 느낌 싫어서 그냥 빨리 맞고 싶어짐",
            "speaker": {
              "id": "2번",
              "sex": "여성",
              "age": "30대"
            },
            "speechAct": "(단언) 주장하기",
            "morpheme": "이런/MM+느낌/NNG+싫/VA+어서/EC+그냥/MAG+빨리/MAG+맞/VV+고/EC+싶/VX+어/EC+짐/NNG"
          },
          {
            "id": 18,
            "text": "1 : ㅜㅜ 최상의 컨디션으로 가고 싶은데 벌써 최악이다 키키",
            "norm_text": "ㅜㅜ 최상의 컨디션으로 가고 싶은데 벌써 최악이다 키키",
            "speaker": {
              "id": "1번",
              "sex": "여성",
              "age": "30대"
            },
            "speechAct": "(단언) 주장하기",
            "morpheme": "ㅜㅜ/UNKNOWN+최상/NNG+의/JKG+컨디션/NNG+으로/JKB+가/VV+고/EC+싶/VX+은데/EC+벌써/MAG+최악/NNG+이/JKS+다키키/NNP"
          },
          {
            "id": 19,
            "text": "2 : 키키 이번 주 주말에는 푹 쉬어라 백신 맞아야 되니까 키키",
            "norm_text": "키키 이번 주 주말에는 푹 쉬어라 백신 맞아야 되니까 키키",
            "speaker": {
              "id": "2번",
              "sex": "여성",
              "age": "30대"
            },
            "speechAct": "(지시) 충고/제안하기",
            "morpheme": "키/NNG+키/NNG+이번/NNG+주주/NNG+말/NNG+에/JKB+는/JX+푹/MAG+쉬/VV+어라/EC+백신/NNG+맞/VV+아야/EC+되/VV+니까/EC+키/NNG+키/XSV+ETN"
          },
          {
            "id": 20,
            "text": "1 : 휴... 아마 산책 가서 뜀박질 하고 있을 거 같은데 키키",
            "norm_text": "휴... 아마 산책 가서 뜀박질 하고 있을 거 같은데 키키",
            "speaker": {
              "id": "1번",
              "sex": "여성",
              "age": "30대"
            },
            "speechAct": "(단언) 주장하기",
            "morpheme": "휴/IC+./SY+아마/MAG+산책/NNG+가/VV+서/EC+뜀박질/NNG+하/XSV+고/EC+있/VX+을/ETM+거/NNB+같/VA+은데/EC+키/NNG+키/XSV+ETN"
          },
          {
            "id": 21,
            "text": "2 : 키키 버디랑 산책?",
            "norm_text": "키키 버디랑 산책?",
            "speaker": {
              "id": "2번",
              "sex": "여성",
              "age": "30대"
            },
            "speechAct": "(지시) 질문하기",
            "morpheme": "키키/NNP+버디/NNP+랑/JC+산책/NNG"
          },
          {
            "id": 22,
            "text": "2 : 그 정도는 건강 관리에도 도움돼서 괜찮을 듯",
            "norm_text": "그 정도는 건강 관리에도 도움돼서 괜찮을 듯",
            "speaker": {
              "id": "2번",
              "sex": "여성",
              "age": "30대"
            },
            "speechAct": "(단언) 주장하기",
            "morpheme": "그/MM+정도/NNG+는/JX+건강/NNG+관리/NNG+에/JKB+도/JX+도움/NNG+돼서/XSV+EC+괜찮/VA+을/ETM+듯/NNB"
          }
        ]
      }
    }
  ]
}