{
  "dataset": {
    "identifier": 69258,
    "name": "KAKAO_915_20_set",
    "src_path": "/data/file/cubeManager/PROJECT001/53/txt20211005155756068917/KAKAO_915_20_set/",
    "label_path": "/data/file/cubeManager/PROJECT001/53/txt20211005155756068917/KAKAO_915_20_set/",
    "category": 2,
    "type": 0
  },
  "licenses": {
    "name": "Apache License 1.0",
    "url": "http://www.apache.org/licenses/LICENSE-1.0"
  },
  "info": [
    {
      "id": 41857,
      "filename": "KAKAO_915_20.txt",
      "title": "KAKAO_915_20",
      "mediatype": "SNS",
      "medianame": "카카오톡",
      "category": "일상대화",
      "date": "2021-10-05",
      "size": 410,
      "annotations": {
        "subject": "영화/만화",
        "speaker_type": "1:1",
        "size": 410,
        "word_size": 144,
        "text": "1 : 언니가 하는 거 뺏어 씀 키키\n1 : 넷플은 장르가 다양해\n2 : 맞다 키키 누나야가 하고 있구나 호오\n1 : 키키 옹 다 얻어 쓰는 중 키키\n2 : 키키 누나야가 돈 많이 벌어야겠노\n1 : 진짜 키키 언니야 2배는 더 벌어야 할 듯\n2 : 키키 누나야는 이제 좀 안정적이가\n1 : 키키 모르겠음 그냥 사달라는 거 사주는 걸로 봐서 그런 듯 키키\n2 : 오 다행이네 키키 멋진 누나네\n1 : 키키 옹 그런데 돈 없으면 절대 안 사줌 키키\n2 : 오 그렇담 진짜 돈이 있다는 거네\n1 : 키키 옹 아마도 그런 걸로 추정 중 키키\n2 : 키키 다행이다 안정적이면 좋지\n1 : 맞아 키키 나도 안정적이었으면\n2 : 나도 키키 모두가 안정적이면 얼마나 좋을까\n1 : 키키 정말 넷플도 보면서 편히 쉴 텐데 키키\n2 : 키키 근데 일을 하면 편히 쉬는 건 안될 듯",
        "lines": [
          {
            "id": 1,
            "text": "1 : 언니가 하는 거 뺏어 씀 키키",
            "norm_text": "언니가 하는 거 뺏어 씀 키키",
            "speaker": {
              "id": "1번",
              "sex": "여성",
              "age": "20대"
            },
            "speechAct": "(단언) 진술하기",
            "morpheme": "언니/NNG+가/JKS+하/VV+는/ETM+거/NNB+뺏/VV+어/EC+씀/VV+ETN+키/NNG+키/XSV+ETN"
          },
          {
            "id": 2,
            "text": "1 : 넷플은 장르가 다양해",
            "norm_text": "넷플은 장르가 다양해",
            "speaker": {
              "id": "1번",
              "sex": "여성",
              "age": "20대"
            },
            "speechAct": "(단언) 주장하기",
            "morpheme": "넷/NR+플/NNG+은/JX+장르/NNG+가/JKS+다양/NNG+해/XSV+EC"
          },
          {
            "id": 3,
            "text": "2 : 맞다 키키 누나야가 하고 있구나 호오",
            "norm_text": "맞다 키키 누나야가 하고 있구나 호오",
            "speaker": {
              "id": "2번",
              "sex": "남성",
              "age": "20대"
            },
            "speechAct": "(단언) 주장하기",
            "morpheme": "맞/XPN+다키키/NNP+누나야/NNP+가/JKS+하/VV+고/EC+있/VX+구나/EF+호오/NNG"
          },
          {
            "id": 4,
            "text": "1 : 키키 옹 다 얻어 쓰는 중 키키",
            "norm_text": "키키 옹 다 얻어 쓰는 중 키키",
            "speaker": {
              "id": "1번",
              "sex": "여성",
              "age": "20대"
            },
            "speechAct": "(단언) 주장하기",
            "morpheme": "키/NNG+키/XSV+ETN+옹/NNB+다/MAG+얻/VV+어/EC+쓰/VV+는/ETM+중키/NNG+키/XSV+ETN"
          },
          {
            "id": 5,
            "text": "2 : 키키 누나야가 돈 많이 벌어야겠노",
            "norm_text": "키키 누나야가 돈 많이 벌어야겠노",
            "speaker": {
              "id": "2번",
              "sex": "남성",
              "age": "20대"
            },
            "speechAct": "(단언) 주장하기",
            "morpheme": "키키/NNP+누나야/NNP+가/JKS+돈/NNG+많이/MAG+벌어/VV+야/EC+VX+겠/EP+노/EC"
          },
          {
            "id": 6,
            "text": "1 : 진짜 키키 언니야 2배는 더 벌어야 할 듯",
            "norm_text": "진짜 키키 언니야 2배는 더 벌어야 할 듯",
            "speaker": {
              "id": "1번",
              "sex": "여성",
              "age": "20대"
            },
            "speechAct": "(단언) 주장하기",
            "morpheme": "진짜/MAG+키/NNG+키/NNG+언니/NNG+야/JX+2/SN+배/NNG+는/JX+더/MAG+벌/VV+어야/EC+할/VX+ETM+듯/NNB"
          },
          {
            "id": 7,
            "text": "2 : 키키 누나야는 이제 좀 안정적이가",
            "norm_text": "키키 누나야는 이제 좀 안정적이가",
            "speaker": {
              "id": "2번",
              "sex": "남성",
              "age": "20대"
            },
            "speechAct": "(단언) 주장하기",
            "morpheme": "키키/NNP+누나야/NNP+는/JX+이제/MAG+좀/MAG+안정/NNG+적/XSN+이/JKC+가/VV+EC"
          },
          {
            "id": 8,
            "text": "1 : 키키 모르겠음 그냥 사달라는 거 사주는 걸로 봐서 그런 듯 키키",
            "norm_text": "키키 모르겠음 그냥 사달라는 거 사주는 걸로 봐서 그런 듯 키키",
            "speaker": {
              "id": "1번",
              "sex": "여성",
              "age": "20대"
            },
            "speechAct": "(단언) 주장하기",
            "morpheme": "키/NNG+키/XSV+ETN+모르/VV+겠/EP+음/ETN+그냥/MAG+사/VV+EC+달/VX+라는/ETM+거/NNB+사/VV+EC+주/VX+는/ETM+걸로/NNB+JKB+봐서/VV+EC+그런/MM+듯/NNB+키/NNG+키/XSV+ETN"
          },
          {
            "id": 9,
            "text": "2 : 오 다행이네 키키 멋진 누나네",
            "norm_text": "오 다행이네 키키 멋진 누나네",
            "speaker": {
              "id": "2번",
              "sex": "남성",
              "age": "20대"
            },
            "speechAct": "(표현) 긍정감정 표현하기",
            "morpheme": "오/NR+다행/NNG+이/JKS+네/MM+키/NNG+키/XSV+ETN+멋진/VA+ETM+누나/NNG+네/XSN"
          },
          {
            "id": 10,
            "text": "1 : 키키 옹 그런데 돈 없으면 절대 안 사줌 키키",
            "norm_text": "키키 옹 그런데 돈 없으면 절대 안 사줌 키키",
            "speaker": {
              "id": "1번",
              "sex": "여성",
              "age": "20대"
            },
            "speechAct": "(단언) 주장하기",
            "morpheme": "키/NNG+키/XSV+ETN+옹/NNB+그런데/MAJ+돈/NNG+없/VA+으면/EC+절대/MAG+안/MAG+사/VV+줌/EC+VX+ETN+키/NNG+키/XSV+ETN"
          },
          {
            "id": 11,
            "text": "2 : 오 그렇담 진짜 돈이 있다는 거네",
            "norm_text": "오 그렇담 진짜 돈이 있다는 거네",
            "speaker": {
              "id": "2번",
              "sex": "남성",
              "age": "20대"
            },
            "speechAct": "(단언) 주장하기",
            "morpheme": "오/NR+그렇/VA+담/EC+진짜/MAG+돈/NNG+이/JKS+있/VV+다는/ETM+거/NNB+네/VCP+EC"
          },
          {
            "id": 12,
            "text": "1 : 키키 옹 아마도 그런 걸로 추정 중 키키",
            "norm_text": "키키 옹 아마도 그런 걸로 추정 중 키키",
            "speaker": {
              "id": "1번",
              "sex": "여성",
              "age": "20대"
            },
            "speechAct": "(단언) 주장하기",
            "morpheme": "키/NNG+키/XSV+ETN+옹/NNB+아마도/MAG+그런/MM+걸로/NNB+JKB+추정/NNG+중키/NNG+키/XSV+ETN"
          },
          {
            "id": 13,
            "text": "2 : 키키 다행이다 안정적이면 좋지",
            "norm_text": "키키 다행이다 안정적이면 좋지",
            "speaker": {
              "id": "2번",
              "sex": "남성",
              "age": "20대"
            },
            "speechAct": "(단언) 주장하기",
            "morpheme": "키/NNG+키/NNG+다행/NNG+이/JKS+다/MAG+안정/NNG+적/XSN+이/VCP+면/EC+좋/VA+지/EC"
          },
          {
            "id": 14,
            "text": "1 : 맞아 키키 나도 안정적이었으면",
            "norm_text": "맞아 키키 나도 안정적이었으면",
            "speaker": {
              "id": "1번",
              "sex": "여성",
              "age": "20대"
            },
            "speechAct": "(단언) 주장하기",
            "morpheme": "맞/VV+아/EC+키/NNG+키나/XSA+ETN+JX+도/JX+안정/NNG+적/XSN+이/VCP+었/EP+으면/EC"
          },
          {
            "id": 15,
            "text": "2 : 나도 키키 모두가 안정적이면 얼마나 좋을까",
            "norm_text": "나도 키키 모두가 안정적이면 얼마나 좋을까",
            "speaker": {
              "id": "2번",
              "sex": "남성",
              "age": "20대"
            },
            "speechAct": "(지시) 질문하기",
            "morpheme": "나/NP+도/JX+키/NNG+키/NNG+모두/NNG+가/JKS+안정/NNG+적/XSN+이/VCP+면/EC+얼마나/MAG+좋/VA+을까/EC"
          },
          {
            "id": 16,
            "text": "1 : 키키 정말 넷플도 보면서 편히 쉴 텐데 키키",
            "norm_text": "키키 정말 넷플도 보면서 편히 쉴 텐데 키키",
            "speaker": {
              "id": "1번",
              "sex": "여성",
              "age": "20대"
            },
            "speechAct": "(단언) 주장하기",
            "morpheme": "키/NNG+키/XSV+ETN+정말/MAG+넷/NR+플/NNG+도/JX+보/VV+면서/EC+편히/MAG+쉴/VV+ETM+텐데/NNB+VCP+EC+키/NNG+키/XSV+ETN"
          },
          {
            "id": 17,
            "text": "2 : 키키 근데 일을 하면 편히 쉬는 건 안될 듯",
            "norm_text": "키키 근데 일을 하면 편히 쉬는 건 안될 듯",
            "speaker": {
              "id": "2번",
              "sex": "남성",
              "age": "20대"
            },
            "speechAct": "(단언) 주장하기",
            "morpheme": "키/NNG+키/XSV+ETN+근데/MAJ+일/NNG+을/JKO+하/VV+면/EC+편히/MAG+쉬/VV+는/ETM+건/NNB+JX+안/MAG+될/VV+ETM+듯/NNB"
          }
        ]
      }
    }
  ]
}