{
  "dataset": {
    "identifier": 68895,
    "name": "KAKAO_958_20_set",
    "src_path": "/data/file/cubeManager/PROJECT001/53/txt20211006122439020815/KAKAO_958_20_set/",
    "label_path": "/data/file/cubeManager/PROJECT001/53/txt20211006122439020815/KAKAO_958_20_set/",
    "category": 2,
    "type": 0
  },
  "licenses": {
    "name": "Apache License 1.0",
    "url": "http://www.apache.org/licenses/LICENSE-1.0"
  },
  "info": [
    {
      "id": 42980,
      "filename": "KAKAO_958_20.txt",
      "title": "KAKAO_958_20",
      "mediatype": "SNS",
      "medianame": "카카오톡",
      "category": "일상대화",
      "date": "2021-10-06",
      "size": 436,
      "annotations": {
        "subject": "영화/만화",
        "speaker_type": "1:1",
        "size": 436,
        "word_size": 142,
        "text": "1 : 추석 특집으로 영화 많이 하던데\n2 : 아 진짜요? 키키 결국 한 개도 못 봤네\n1 : 키키 나도 결국은 TV 틀어 놓으니까 아까 뭐 공조인가 하고\n2 : 공조? 키키 공조 말고는 뭐 하죠?\n1 : 남산의 부장인가? 뭐 그것도 하고 도굴?\n2 : 오 키키 진짜 하나같이 재미없을 것 같아서 안 본 것들이네요\n1 : 그러니까 키키 영화관 가서 안 본 것들인데\n2 : 키키 진짜 봐도 재미없을 것 같애\n1 : 그래서 무료로 그렇게 푸나 보지 키키\n2 : 키키 어휴... 슬프다 ㅠㅠ 다들 왜케 재미없는 영화를 찍지...\n1 : 그러니까 왜 감독 실력이 늘지를 않냐\n2 : 키키 진짜 너무 슬프다... ㅠㅠ 재밌는 영화도 많은데\n1 : 그러니까 진짜 영화가 더 발전됐으면\n2 : 그러게요 키키 요새 넷플릭스는 재밌던데\n1 : 그러니까 그게 더 대세인 듯 키키\n2 : 맞아유 키키 진짜 그 정도의 영화 찍지",
        "lines": [
          {
            "id": 1,
            "text": "1 : 추석 특집으로 영화 많이 하던데",
            "norm_text": "추석 특집으로 영화 많이 하던데",
            "speaker": {
              "id": "1번",
              "sex": "남성",
              "age": "20대"
            },
            "speechAct": "(단언) 주장하기",
            "morpheme": "추석/NNG+특집/NNG+으로/JKB+영화/NNG+많이/MAG+하/VV+던데/EC"
          },
          {
            "id": 2,
            "text": "2 : 아 진짜요? 키키 결국 한 개도 못 봤네",
            "norm_text": "아 진짜요? 키키 결국 한 개도 못 봤네",
            "speaker": {
              "id": "2번",
              "sex": "남성",
              "age": "20대"
            },
            "speechAct": "(단언) 주장하기",
            "morpheme": "아/IC+진짜/MAG+요/JX+키/NNG+키/NNG+결국/NNG+한/MM+개/NNBC+도/JX+못/MAG+봤/VV+EP+네/EF"
          },
          {
            "id": 3,
            "text": "1 : 키키 나도 결국은 TV 틀어 놓으니까 아까 뭐 공조인가 하고",
            "norm_text": "키키 나도 결국은 TV 틀어 놓으니까 아까 뭐 공조인가 하고",
            "speaker": {
              "id": "1번",
              "sex": "남성",
              "age": "20대"
            },
            "speechAct": "(단언) 주장하기",
            "morpheme": "키/NNG+키나/XSA+ETN+JX+도/JX+결국/NNG+은/JX+TV/SL+틀/VV+어/EC+놓/VX+으니까/EC+아까/MAG+뭐/IC+공조/NNG+인가/VCP+EC+하/VV+고/EC"
          },
          {
            "id": 4,
            "text": "2 : 공조? 키키 공조 말고는 뭐 하죠?",
            "norm_text": "공조? 키키 공조 말고는 뭐 하죠?",
            "speaker": {
              "id": "2번",
              "sex": "남성",
              "age": "20대"
            },
            "speechAct": "(지시) 질문하기",
            "morpheme": "공조/NNG+?/SY+키키공조말고는뭐하죠/UNKNOWN"
          },
          {
            "id": 5,
            "text": "1 : 남산의 부장인가? 뭐 그것도 하고 도굴?",
            "norm_text": "남산의 부장인가? 뭐 그것도 하고 도굴?",
            "speaker": {
              "id": "1번",
              "sex": "남성",
              "age": "20대"
            },
            "speechAct": "(단언) 주장하기",
            "morpheme": "남산/NNP+의/JKG+부장/NNG+인가/VCP+EF+뭐/IC+그것/NP+도/JX+하/VV+고/EC+도굴/NNG"
          },
          {
            "id": 6,
            "text": "2 : 오 키키 진짜 하나같이 재미없을 것 같아서 안 본 것들이네요",
            "norm_text": "오 키키 진짜 하나같이 재미없을 것 같아서 안 본 것들이네요",
            "speaker": {
              "id": "2번",
              "sex": "남성",
              "age": "20대"
            },
            "speechAct": "(단언) 주장하기",
            "morpheme": "오키/NNP+키/NNG+진짜/MAG+하나같이/MAG+재미없/VA+을/ETM+것/NNB+같/VA+아서/EC+안/MAG+본/VV+ETM+것/NNB+들/XSN+이/VCP+네요/EC"
          },
          {
            "id": 7,
            "text": "1 : 그러니까 키키 영화관 가서 안 본 것들인데",
            "norm_text": "그러니까 키키 영화관 가서 안 본 것들인데",
            "speaker": {
              "id": "1번",
              "sex": "남성",
              "age": "20대"
            },
            "speechAct": "(단언) 주장하기",
            "morpheme": "그러니까/MAJ+키/NNG+키/NNG+영화관/NNG+가/VV+서/EC+안/MAG+본/VV+ETM+것/NNB+들/XSN+인데/VCP+EC"
          },
          {
            "id": 8,
            "text": "2 : 키키 진짜 봐도 재미없을 것 같애",
            "norm_text": "키키 진짜 봐도 재미없을 것 같애",
            "speaker": {
              "id": "2번",
              "sex": "남성",
              "age": "20대"
            },
            "speechAct": "(단언) 주장하기",
            "morpheme": "키/NNG+키/XSV+ETN+진짜/MAG+봐도/VV+EC+재미없/VA+을/ETM+것/NNB+같/VA+애/EC"
          },
          {
            "id": 9,
            "text": "1 : 그래서 무료로 그렇게 푸나 보지 키키",
            "norm_text": "그래서 무료로 그렇게 푸나 보지 키키",
            "speaker": {
              "id": "1번",
              "sex": "남성",
              "age": "20대"
            },
            "speechAct": "(단언) 주장하기",
            "morpheme": "그래서/MAJ+무료/NNG+로/JKB+그렇게/MAG+푸/VV+나/EC+보/VX+지/EC+키/NNG+키/XSV+ETN"
          },
          {
            "id": 10,
            "text": "2 : 키키 어휴... 슬프다 ㅠㅠ 다들 왜케 재미없는 영화를 찍지...",
            "norm_text": "키키 어휴... 슬프다 ㅠㅠ 다들 왜케 재미없는 영화를 찍지...",
            "speaker": {
              "id": "2번",
              "sex": "남성",
              "age": "20대"
            },
            "speechAct": "(단언) 주장하기",
            "morpheme": "키/NNG+키/XSV+ETN+어휴/IC+./SY+슬프다ㅠㅠ다들왜케재미없는영화를찍지/UNKNOWN+./SY"
          },
          {
            "id": 11,
            "text": "1 : 그러니까 왜 감독 실력이 늘지를 않냐",
            "norm_text": "그러니까 왜 감독 실력이 늘지를 않냐",
            "speaker": {
              "id": "1번",
              "sex": "남성",
              "age": "20대"
            },
            "speechAct": "(단언) 주장하기",
            "morpheme": "그러니까/MAJ+왜/MAG+감독/NNG+실력/NNG+이/JKS+늘/VV+지/EC+를/JX+않/VX+냐/EC"
          },
          {
            "id": 12,
            "text": "2 : 키키 진짜 너무 슬프다... ㅠㅠ 재밌는 영화도 많은데",
            "norm_text": "키키 진짜 너무 슬프다... ㅠㅠ 재밌는 영화도 많은데",
            "speaker": {
              "id": "2번",
              "sex": "남성",
              "age": "20대"
            },
            "speechAct": "(단언) 주장하기",
            "morpheme": "키/NNG+키/XSV+ETN+진짜/MAG+너무/MAG+슬프/VA+다/EF+./SY+ㅠㅠ/UNKNOWN+재밌/VA+는/ETM+영화/NNG+도/JX+많/VA+은데/EC"
          },
          {
            "id": 13,
            "text": "1 : 그러니까 진짜 영화가 더 발전됐으면",
            "norm_text": "그러니까 진짜 영화가 더 발전됐으면",
            "speaker": {
              "id": "1번",
              "sex": "남성",
              "age": "20대"
            },
            "speechAct": "(단언) 주장하기",
            "morpheme": "그러니까/MAJ+진짜/MAG+영화/NNG+가/JKS+더/MAG+발전/NNG+됐/XSV+EP+으면/EC"
          },
          {
            "id": 14,
            "text": "2 : 그러게요 키키 요새 넷플릭스는 재밌던데",
            "norm_text": "그러게요 키키 요새 넷플릭스는 재밌던데",
            "speaker": {
              "id": "2번",
              "sex": "남성",
              "age": "20대"
            },
            "speechAct": "(단언) 주장하기",
            "morpheme": "그러게/IC+요키/NNP+키/NNG+요새/NNG+넷플릭스/NNP+는/JX+재밌/VA+던데/EC"
          },
          {
            "id": 15,
            "text": "1 : 그러니까 그게 더 대세인 듯 키키",
            "norm_text": "그러니까 그게 더 대세인 듯 키키",
            "speaker": {
              "id": "1번",
              "sex": "남성",
              "age": "20대"
            },
            "speechAct": "(단언) 주장하기",
            "morpheme": "그러니까/MAJ+그게/NP+JKS+더/MAG+대세/NNG+인/VCP+ETM+듯/NNB+키/NNG+키/XSV+ETN"
          },
          {
            "id": 16,
            "text": "2 : 맞아유 키키 진짜 그 정도의 영화 찍지",
            "norm_text": "맞아유 키키 진짜 그 정도의 영화 찍지",
            "speaker": {
              "id": "2번",
              "sex": "남성",
              "age": "20대"
            },
            "speechAct": "(단언) 주장하기",
            "morpheme": "맞/VV+아유/EC+키/NNG+키/XSV+ETN+진짜/MAG+그/MM+정도/NNG+의/JKG+영화/NNG+찍/VV+지/EC"
          }
        ]
      }
    }
  ]
}