{
  "dataset": {
    "identifier": 50852,
    "name": "KAKAO_979_09_set",
    "src_path": "/data/file/cubeManager/PROJECT001/53/txt20211006134426032466/KAKAO_979_09_set/",
    "label_path": "/data/file/cubeManager/PROJECT001/53/txt20211006134426032466/KAKAO_979_09_set/",
    "category": 2,
    "type": 0
  },
  "licenses": {
    "name": "Apache License 1.0",
    "url": "http://www.apache.org/licenses/LICENSE-1.0"
  },
  "info": [
    {
      "id": 43049,
      "filename": "KAKAO_979_09.txt",
      "title": "KAKAO_979_09",
      "mediatype": "SNS",
      "medianame": "카카오톡",
      "category": "일상대화",
      "date": "2021-10-06",
      "size": 504,
      "annotations": {
        "subject": "반려동물",
        "speaker_type": "1:1",
        "size": 504,
        "word_size": 159,
        "text": "1 : 야 아까 내가 보내준 링크 봤어? 고슴도치?\n2 : 응응 키키 야 진짜 상팔자가 따로 없더라 ㅠㅠ\n1 : 그래 우리 다음 생은 부잣집 고슴도치로 살자...\n2 : 야 진짜 내 소원이다 고슴도치로 태어나기\n1 : 키키 근데 그 고슴도치 주인 진짜 금손 아니냐\n2 : 어... 완전 대단하다 고슴도치 집이 완전 펜트하우스던데?\n1 : 어 키키 헤라펠리스 키키 머리 진짜 좋지 않냐?\n2 : 그러니까 고슴도치 다리길이까지 생각해서 계단 만들던데\n1 : 진짜... 세심하디 세심하다 키키\n1 : 나도 고슴도치 집 만들고 싶어\n2 : 아 맞다 너도 금손이지? 한번 도전해봐!\n1 : 그거 재료 다 어디서 사는 거지? 톱도 필요하고...\n2 : 그러니까  키키 그 사람 무슨 전공자일 듯?\n1 : 나도 그런 거 만드는 전공 하기는 했는데...\n2 : 아 맞다 너도 졸업작품 할 때 모델링인가? 그거 했잖아\n1 : 오~ 기억하네 역시 키키\n1 : 그거 만드는데 세 달 걸림\n2 : 어 키키 너 집 만들고 고슴도치 입양하면 보러 갈게 키키",
        "lines": [
          {
            "id": 1,
            "text": "1 : 야 아까 내가 보내준 링크 봤어? 고슴도치?",
            "norm_text": "야 아까 내가 보내준 링크 봤어? 고슴도치?",
            "speaker": {
              "id": "1번",
              "sex": "여성",
              "age": "20대"
            },
            "speechAct": "(단언) 진술하기",
            "morpheme": "야/IC+아까/MAG+내/NP+가/JKS+보내/VV+EC+준/VX+ETM+링크/NNG+봤/VV+EP+어/EF+고슴도치/NNG"
          },
          {
            "id": 2,
            "text": "2 : 응응 키키 야 진짜 상팔자가 따로 없더라 ㅠㅠ",
            "norm_text": "응응 키키 야 진짜 상팔자가 따로 없더라 ㅠㅠ",
            "speaker": {
              "id": "2번",
              "sex": "여성",
              "age": "20대"
            },
            "speechAct": "(단언) 진술하기",
            "morpheme": "응/IC+응/IC+키/NNG+키/XSV+ETN+야/JX+진짜/MAG+상팔자/NNG+가/JKS+따로/MAG+없/VA+더라/EF+ㅠㅠ/UNKNOWN"
          },
          {
            "id": 3,
            "text": "1 : 그래 우리 다음 생은 부잣집 고슴도치로 살자...",
            "norm_text": "그래 우리 다음 생은 부잣집 고슴도치로 살자...",
            "speaker": {
              "id": "1번",
              "sex": "여성",
              "age": "20대"
            },
            "speechAct": "(지시) 충고/제안하기",
            "morpheme": "그래/IC+우리/NP+다음/NNG+생/XSN+은/JX+부잣집/NNG+고슴도치/NNG+로/JKB+살/VV+자/EF+./SY"
          },
          {
            "id": 4,
            "text": "2 : 야 진짜 내 소원이다 고슴도치로 태어나기",
            "norm_text": "야 진짜 내 소원이다 고슴도치로 태어나기",
            "speaker": {
              "id": "2번",
              "sex": "여성",
              "age": "20대"
            },
            "speechAct": "(단언) 진술하기",
            "morpheme": "야/IC+진짜/MAG+내/NP+JKG+소원/NNG+이/JKS+다/MAG+고슴도치/NNG+로/JKB+태어나/VV+기/ETN"
          },
          {
            "id": 5,
            "text": "1 : 키키 근데 그 고슴도치 주인 진짜 금손 아니냐",
            "norm_text": "키키 근데 그 고슴도치 주인 진짜 금손 아니냐",
            "speaker": {
              "id": "1번",
              "sex": "여성",
              "age": "20대"
            },
            "speechAct": "(지시) 질문하기",
            "morpheme": "키/NNG+키/XSV+ETN+근데/MAJ+그/MM+고슴도치/NNG+주인/NNG+진짜/MAG+금/NNG+손/JX+아니/VCN+냐/EC"
          },
          {
            "id": 6,
            "text": "2 : 어... 완전 대단하다 고슴도치 집이 완전 펜트하우스던데?",
            "norm_text": "어... 완전 대단하다 고슴도치 집이 완전 펜트하우스던데?",
            "speaker": {
              "id": "2번",
              "sex": "여성",
              "age": "20대"
            },
            "speechAct": "(단언) 진술하기",
            "morpheme": "어/IC+./SY+완전/MAG+대단/XR+하/XSA+다/EC+고슴도치/NNG+집/NNG+이/JKS+완전/MAG+펜/NNG+트/NNG+하우스/NNP+던데/VCP+EF"
          },
          {
            "id": 7,
            "text": "1 : 어 키키 헤라펠리스 키키 머리 진짜 좋지 않냐?",
            "norm_text": "어 키키 헤라펠리스 키키 머리 진짜 좋지 않냐?",
            "speaker": {
              "id": "1번",
              "sex": "여성",
              "age": "20대"
            },
            "speechAct": "(지시) 질문하기",
            "morpheme": "어/IC+키/NNG+키/NNG+헤라/XSV+EF+펠리/NNP+스키키/NNP+머리/NNG+진짜/MAG+좋/VA+지/EC+않/VX+냐/EF"
          },
          {
            "id": 8,
            "text": "2 : 그러니까 고슴도치 다리길이까지 생각해서 계단 만들던데",
            "norm_text": "그러니까 고슴도치 다리길이까지 생각해서 계단 만들던데",
            "speaker": {
              "id": "2번",
              "sex": "여성",
              "age": "20대"
            },
            "speechAct": "(단언) 진술하기",
            "morpheme": "그러니까/MAJ+고슴도치/NNG+다리/NNG+길이/NNG+까지/JX+생각/NNG+해서/XSV+EC+계단/NNG+만들/VV+던데/EC"
          },
          {
            "id": 9,
            "text": "1 : 진짜... 세심하디 세심하다 키키",
            "norm_text": "진짜... 세심하디 세심하다 키키",
            "speaker": {
              "id": "1번",
              "sex": "여성",
              "age": "20대"
            },
            "speechAct": "(단언) 주장하기",
            "morpheme": "진짜/MAG+./SY+세심/NNG+하/XSV+디/EC+세심/XR+하/XSA+다키키/NNP"
          },
          {
            "id": 10,
            "text": "1 : 나도 고슴도치 집 만들고 싶어",
            "norm_text": "나도 고슴도치 집 만들고 싶어",
            "speaker": {
              "id": "1번",
              "sex": "여성",
              "age": "20대"
            },
            "speechAct": "(단언) 진술하기",
            "morpheme": "나/NP+도/JX+고슴도치/NNG+집/NNG+만들/VV+고/EC+싶/VX+어/EC"
          },
          {
            "id": 11,
            "text": "2 : 아 맞다 너도 금손이지? 한번 도전해봐!",
            "norm_text": "아 맞다 너도 금손이지? 한번 도전해봐!",
            "speaker": {
              "id": "2번",
              "sex": "여성",
              "age": "20대"
            },
            "speechAct": "(지시) 충고/제안하기",
            "morpheme": "아/IC+맞/VV+다/EF+너/NP+도/JX+금/NNG+손/NNG+이/VCP+지/EF+한/MM+번/NNBC+도/JX+전해/VV+EC+봐/VX+EF"
          },
          {
            "id": 12,
            "text": "1 : 그거 재료 다 어디서 사는 거지? 톱도 필요하고...",
            "norm_text": "그거 재료 다 어디서 사는 거지? 톱도 필요하고...",
            "speaker": {
              "id": "1번",
              "sex": "여성",
              "age": "20대"
            },
            "speechAct": "(단언) 진술하기",
            "morpheme": "그거/NP+재료/NNG+다/VCP+EF+어디/NP+서/JKB+사/VV+는/ETM+거/NNB+지/VCP+EF+톱/NNG+도/JX+필요/NNG+하/XSV+고/EC+./SY+./SY"
          },
          {
            "id": 13,
            "text": "2 : 그러니까  키키 그 사람 무슨 전공자일 듯?",
            "norm_text": "그러니까  키키 그 사람 무슨 전공자일 듯?",
            "speaker": {
              "id": "2번",
              "sex": "여성",
              "age": "20대"
            },
            "speechAct": "(단언) 주장하기",
            "morpheme": "그러니까/MAJ+키키/NNP+그/MM+사람/NNG+무슨/MM+전공/NNG+자/XSN+일/VCP+ETM+듯/NNB"
          },
          {
            "id": 14,
            "text": "1 : 나도 그런 거 만드는 전공 하기는 했는데...",
            "norm_text": "나도 그런 거 만드는 전공 하기는 했는데...",
            "speaker": {
              "id": "1번",
              "sex": "여성",
              "age": "20대"
            },
            "speechAct": "(단언) 진술하기",
            "morpheme": "나/NP+도/JX+그런/MM+거/NNB+만드/VV+는/ETM+전공/NNG+하/XSV+기/ETN+는/JX+했/VV+EP+는데/EC+./SY+./SY"
          },
          {
            "id": 15,
            "text": "2 : 아 맞다 너도 졸업작품 할 때 모델링인가? 그거 했잖아",
            "norm_text": "아 맞다 너도 졸업작품 할 때 모델링인가? 그거 했잖아",
            "speaker": {
              "id": "2번",
              "sex": "여성",
              "age": "20대"
            },
            "speechAct": "(단언) 진술하기",
            "morpheme": "아/IC+맞/VV+다/EF+너/NP+도/JX+졸업/NNG+작품/NNG+할/XSV+ETM+때/NNG+모델링/NNG+인가/VCP+EF+그거/NP+했잖아/VV+EP+EC+VX+EC"
          },
          {
            "id": 16,
            "text": "1 : 오~ 기억하네 역시 키키",
            "norm_text": "오~ 기억하네 역시 키키",
            "speaker": {
              "id": "1번",
              "sex": "여성",
              "age": "20대"
            },
            "speechAct": "(단언) 진술하기",
            "morpheme": "오/NR+~/SY+기억/NNG+하/XSA+네/EF+역시/MAJ+키/NNG+키/XSV+ETN"
          },
          {
            "id": 17,
            "text": "1 : 그거 만드는데 세 달 걸림",
            "norm_text": "그거 만드는데 세 달 걸림",
            "speaker": {
              "id": "1번",
              "sex": "여성",
              "age": "20대"
            },
            "speechAct": "(단언) 진술하기",
            "morpheme": "그거/NP+만드/VV+는데/EC+세/MM+달/NNBC+걸림/VV+ETN"
          },
          {
            "id": 18,
            "text": "2 : 어 키키 너 집 만들고 고슴도치 입양하면 보러 갈게 키키",
            "norm_text": "어 키키 너 집 만들고 고슴도치 입양하면 보러 갈게 키키",
            "speaker": {
              "id": "2번",
              "sex": "여성",
              "age": "20대"
            },
            "speechAct": "(언약) 약속하기(제3자와)/(개인적 수준)",
            "morpheme": "어/IC+키/NNG+키너/NNP+집/NNG+만들/VV+고/EC+고슴도치/NNG+입양/NNG+하/XSV+면/EC+보/VX+러/EC+갈/VX+ETM+게/NNB+JKS+키/NNG+키/XSV+ETN"
          }
        ]
      }
    }
  ]
}