{
  "dataset": {
    "identifier": 68032,
    "name": "KAKAO_968_09_set",
    "src_path": "/data/file/cubeManager/PROJECT001/53/txt20211005163129006532/KAKAO_968_09_set/",
    "label_path": "/data/file/cubeManager/PROJECT001/53/txt20211005163129006532/KAKAO_968_09_set/",
    "category": 2,
    "type": 0
  },
  "licenses": {
    "name": "Apache License 1.0",
    "url": "http://www.apache.org/licenses/LICENSE-1.0"
  },
  "info": [
    {
      "id": 42447,
      "filename": "KAKAO_968_09.txt",
      "title": "KAKAO_968_09",
      "mediatype": "SNS",
      "medianame": "카카오톡",
      "category": "일상대화",
      "date": "2021-10-05",
      "size": 587,
      "annotations": {
        "subject": "반려동물",
        "speaker_type": "1:1",
        "size": 587,
        "word_size": 186,
        "text": "1 : 너 강아지 무서워해?\n1 : 우리 아이가 강아지 키우고 싶다고 해서 고민 중\n2 : 나 강아지 엄청 무서워해 ㅠ\n2 : 멀리서 보는 건 귀여운데 가까이 오면 너무너무 무서워 ㅠ\n1 : 진짜? 왜? 무슨 트타우마가 있는 거야?\n2 : 아이들 앞에서는 안 무서운 척 하는데 ㅋ  사실은 엄청 무서워 키키\n1 : 엄뭐 나도 몰랐어 ㅎ 너 강아지 무서워 하는 거~\n2 : 트라우마는 없고 그냥 물까 봐 무서워 키키 물면 아프잖아 키키\n1 : 하하 물린 적이 있는 건가?\n1 : 강아지 그럼 앞으론 못 키우겠당~\n2 : 심하게 물린 적은 없는데 그냥 물까 봐 무서워 키키 보는 것만 좋아 키키\n1 : 그럼 고양이는 안 무서워? 고양이는 얌전하잖어~\n2 : 고양이도 무서운데 고양이는 사람한테 잘 안 오잖아 키키\n1 : 나는 오히려 고양이한테 할큄 당한 적이 있어서 무섭더라구...\n2 : 그런데 고양이는 눈도 동글동글하고 너무 귀여워 키키\n1 : 개냥이들은 또 쓰윽 오니깐 매력 있긴 해 ㅎ\n2 : 그래도 절대 못 만져... 물까 봐 무서워서 키키\n1 : 이런이런 하하 그럼 파충류는? 요즘 도마뱀도 키우던데 키키\n2 : 으아 키키 도대체 도마뱀 같은 파충류는 와 키우는 거야? 키키",
        "lines": [
          {
            "id": 1,
            "text": "1 : 너 강아지 무서워해?",
            "norm_text": "너 강아지 무서워해?",
            "speaker": {
              "id": "1번",
              "sex": "여성",
              "age": "30대"
            },
            "speechAct": "(지시) 질문하기",
            "morpheme": "너/NP+강아지/NNG+무서워해/VV+EF"
          },
          {
            "id": 2,
            "text": "1 : 우리 아이가 강아지 키우고 싶다고 해서 고민 중",
            "norm_text": "우리 아이가 강아지 키우고 싶다고 해서 고민 중",
            "speaker": {
              "id": "1번",
              "sex": "여성",
              "age": "30대"
            },
            "speechAct": "(단언) 주장하기",
            "morpheme": "우리/NP+아이/NNG+가/JKS+강아지/NNG+키우/VV+고/EC+싶/VX+다고/EC+해서/VX+EC+VCP+고/EC+민중/NNG"
          },
          {
            "id": 3,
            "text": "2 : 나 강아지 엄청 무서워해 ㅠ",
            "norm_text": "나 강아지 엄청 무서워해 ㅠ",
            "speaker": {
              "id": "2번",
              "sex": "여성",
              "age": "30대"
            },
            "speechAct": "(단언) 진술하기",
            "morpheme": "나/NP+강아지/NNG+엄청/MAG+무서워/VA+EC+해ㅠ/UNKNOWN"
          },
          {
            "id": 4,
            "text": "2 : 멀리서 보는 건 귀여운데 가까이 오면 너무너무 무서워 ㅠ",
            "norm_text": "멀리서 보는 건 귀여운데 가까이 오면 너무너무 무서워 ㅠ",
            "speaker": {
              "id": "2번",
              "sex": "여성",
              "age": "30대"
            },
            "speechAct": "(단언) 주장하기",
            "morpheme": "멀리서/MAG+보/VV+는/ETM+건/NNB+JX+귀여운데/VA+EC+가까이/MAG+오/VV+면/EC+너무너무/MAG+무서워/VA+EC+ㅠ/UNKNOWN"
          },
          {
            "id": 5,
            "text": "1 : 진짜? 왜? 무슨 트타우마가 있는 거야?",
            "norm_text": "진짜? 왜? 무슨 트타우마가 있는 거야?",
            "speaker": {
              "id": "1번",
              "sex": "여성",
              "age": "30대"
            },
            "speechAct": "(지시) 질문하기",
            "morpheme": "진짜/MAG+왜/MAG+무슨/MM+트/NNG+타/XSV+EC+우마/NNG+가/JKS+있/VA+는/ETM+거/NNB+야/VCP+EF"
          },
          {
            "id": 6,
            "text": "2 : 아이들 앞에서는 안 무서운 척 하는데 ㅋ  사실은 엄청 무서워 키키",
            "norm_text": "아이들 앞에서는 안 무서운 척 하는데 ㅋ  사실은 엄청 무서워 키키",
            "speaker": {
              "id": "2번",
              "sex": "여성",
              "age": "30대"
            },
            "speechAct": "(단언) 진술하기",
            "morpheme": "아이/NNG+들/XSN+앞/NNG+에서/JKB+는/JX+안/MAG+무서운/VA+ETM+척/NNB+하/XSV+는/ETM+데ㅋ/UNKNOWN+사실/NNG+은/JX+엄청/MAG+무서워/VA+EC+키/NNG+키/XSV+ETN"
          },
          {
            "id": 7,
            "text": "1 : 엄뭐 나도 몰랐어 ㅎ 너 강아지 무서워 하는 거~",
            "norm_text": "엄뭐 나도 몰랐어 ㅎ 너 강아지 무서워 하는 거~",
            "speaker": {
              "id": "1번",
              "sex": "여성",
              "age": "30대"
            },
            "speechAct": "(단언) 진술하기",
            "morpheme": "엄뭐나도몰랐어ㅎ너강아지무서워하는거/UNKNOWN+~/SY"
          },
          {
            "id": 8,
            "text": "2 : 트라우마는 없고 그냥 물까 봐 무서워 키키 물면 아프잖아 키키",
            "norm_text": "트라우마는 없고 그냥 물까 봐 무서워 키키 물면 아프잖아 키키",
            "speaker": {
              "id": "2번",
              "sex": "여성",
              "age": "30대"
            },
            "speechAct": "(단언) 주장하기",
            "morpheme": "트라우마/NNP+는/JX+없/VA+고/EC+그냥/MAG+물/VV+까봐/EC+VX+EC+무서워/VA+EC+키/NNG+키/XSV+ETN+물/VV+면/EC+아프/VA+잖아/EC+키/NNG+키/XSV+ETN"
          },
          {
            "id": 9,
            "text": "1 : 하하 물린 적이 있는 건가?",
            "norm_text": "하하 물린 적이 있는 건가?",
            "speaker": {
              "id": "1번",
              "sex": "여성",
              "age": "30대"
            },
            "speechAct": "(지시) 질문하기",
            "morpheme": "하하/MAG+물린/VV+ETM+적/NNB+이/JKS+있/VA+는/ETM+건가/NNB+VCP+EF"
          },
          {
            "id": 10,
            "text": "1 : 강아지 그럼 앞으론 못 키우겠당~",
            "norm_text": "강아지 그럼 앞으론 못 키우겠당~",
            "speaker": {
              "id": "1번",
              "sex": "여성",
              "age": "30대"
            },
            "speechAct": "(지시) 질문하기",
            "morpheme": "강아지그럼앞으론못키우겠당/UNKNOWN+~/SY"
          },
          {
            "id": 11,
            "text": "2 : 심하게 물린 적은 없는데 그냥 물까 봐 무서워 키키 보는 것만 좋아 키키",
            "norm_text": "심하게 물린 적은 없는데 그냥 물까 봐 무서워 키키 보는 것만 좋아 키키",
            "speaker": {
              "id": "2번",
              "sex": "여성",
              "age": "30대"
            },
            "speechAct": "(단언) 진술하기",
            "morpheme": "심하/VA+게/EC+물린/VV+ETM+적/NNB+은/JX+없/VA+는데/EC+그냥/MAG+물/VV+까봐/EC+VX+EC+무서워/VA+EC+키/NNG+키/XSV+ETN+보/VV+는/ETM+것/NNB+만/JX+좋/VA+아/EC+키/NNG+키/XSV+ETN"
          },
          {
            "id": 12,
            "text": "1 : 그럼 고양이는 안 무서워? 고양이는 얌전하잖어~",
            "norm_text": "그럼 고양이는 안 무서워? 고양이는 얌전하잖어~",
            "speaker": {
              "id": "1번",
              "sex": "여성",
              "age": "30대"
            },
            "speechAct": "(지시) 질문하기",
            "morpheme": "그럼/MAJ+고양이/NNG+는/JX+안/MAG+무서워/VA+EF+고양이/NNG+는/JX+얌전/NNG+하/XSV+잖어/EC+VX+EF+~/SY"
          },
          {
            "id": 13,
            "text": "2 : 고양이도 무서운데 고양이는 사람한테 잘 안 오잖아 키키",
            "norm_text": "고양이도 무서운데 고양이는 사람한테 잘 안 오잖아 키키",
            "speaker": {
              "id": "2번",
              "sex": "여성",
              "age": "30대"
            },
            "speechAct": "(단언) 주장하기",
            "morpheme": "고양이/NNG+도/JX+무서운/VA+ETM+데/NNB+고양이/NNG+는/JX+사람/NNG+한테/JKB+잘/MAG+안/MAG+오/VV+잖아/EC+키/NNG+키/XSV+ETN"
          },
          {
            "id": 14,
            "text": "1 : 나는 오히려 고양이한테 할큄 당한 적이 있어서 무섭더라구...",
            "norm_text": "나는 오히려 고양이한테 할큄 당한 적이 있어서 무섭더라구...",
            "speaker": {
              "id": "1번",
              "sex": "여성",
              "age": "30대"
            },
            "speechAct": "(단언) 진술하기",
            "morpheme": "나/NP+는/JX+오히려/MAJ+고양이/NNG+한테/JKB+할/VV+ETM+큄/NNP+당한/VV+ETM+적/NNB+이/JKS+있/VV+어서/EC+무섭/VA+더라구/EF+./SY"
          },
          {
            "id": 15,
            "text": "2 : 그런데 고양이는 눈도 동글동글하고 너무 귀여워 키키",
            "norm_text": "그런데 고양이는 눈도 동글동글하고 너무 귀여워 키키",
            "speaker": {
              "id": "2번",
              "sex": "여성",
              "age": "30대"
            },
            "speechAct": "(단언) 진술하기",
            "morpheme": "그런데/MAJ+고양이/NNG+는/JX+눈/NNG+도/JX+동글동글/MAG+하/VV+고/EC+너무/MAG+귀여워/VA+EC+키/NNG+키/XSV+ETN"
          },
          {
            "id": 16,
            "text": "1 : 개냥이들은 또 쓰윽 오니깐 매력 있긴 해 ㅎ",
            "norm_text": "개냥이들은 또 쓰윽 오니깐 매력 있긴 해 ㅎ",
            "speaker": {
              "id": "1번",
              "sex": "여성",
              "age": "30대"
            },
            "speechAct": "(단언) 주장하기",
            "morpheme": "개/NNG+냥/NNBC+이/NP+들/XSN+은/JX+또/MAG+쓰윽/MAG+오/VV+니깐/EC+매력/NNG+있/VV+긴/ETN+JX+해/XR+ㅎ/XSA"
          },
          {
            "id": 17,
            "text": "2 : 그래도 절대 못 만져... 물까 봐 무서워서 키키",
            "norm_text": "그래도 절대 못 만져... 물까 봐 무서워서 키키",
            "speaker": {
              "id": "2번",
              "sex": "여성",
              "age": "30대"
            },
            "speechAct": "(단언) 주장하기",
            "morpheme": "그래도/MAJ+절대/MAG+못/MAG+만져/VV+EF+./SY+물까봐무서워서키키/UNKNOWN"
          },
          {
            "id": 18,
            "text": "1 : 이런이런 하하 그럼 파충류는? 요즘 도마뱀도 키우던데 키키",
            "norm_text": "이런이런 하하 그럼 파충류는? 요즘 도마뱀도 키우던데 키키",
            "speaker": {
              "id": "1번",
              "sex": "여성",
              "age": "30대"
            },
            "speechAct": "(지시) 질문하기",
            "morpheme": "이런/MM+이런/MM+하하/MAG+그럼/MAJ+파충류/NNG+는/JX+요즘도마뱀도키우던데키키/UNKNOWN"
          },
          {
            "id": 19,
            "text": "2 : 으아 키키 도대체 도마뱀 같은 파충류는 와 키우는 거야? 키키",
            "norm_text": "으아 키키 도대체 도마뱀 같은 파충류는 와 키우는 거야? 키키",
            "speaker": {
              "id": "2번",
              "sex": "여성",
              "age": "30대"
            },
            "speechAct": "(지시) 질문하기",
            "morpheme": "으아/MAG+키/NNG+키/XSV+ETN+도/JX+대체/MAG+도마뱀/NNG+같/VA+은/ETM+파충류/NNG+는/JX+와/VV+EC+키우/VV+는/ETM+거/NNB+야/VCP+EF+키/NNG+키/XSV+ETN"
          }
        ]
      }
    }
  ]
}