{
  "dataset": {
    "identifier": 49700,
    "name": "KAKAO_955_19_set",
    "src_path": "/data/file/cubeManager/PROJECT001/53/txt20211005163623082864/KAKAO_955_19_set/",
    "label_path": "/data/file/cubeManager/PROJECT001/53/txt20211005163623082864/KAKAO_955_19_set/",
    "category": 2,
    "type": 0
  },
  "licenses": {
    "name": "Apache License 1.0",
    "url": "http://www.apache.org/licenses/LICENSE-1.0"
  },
  "info": [
    {
      "id": 42617,
      "filename": "KAKAO_955_19.txt",
      "title": "KAKAO_955_19",
      "mediatype": "SNS",
      "medianame": "카카오톡",
      "category": "일상대화",
      "date": "2021-10-05",
      "size": 440,
      "annotations": {
        "subject": "방송/연예",
        "speaker_type": "1:1",
        "size": 440,
        "word_size": 152,
        "text": "1 : 슬의생 봤나? 키키 나 몰아봤당\n2 : 아니 아직 시즌2는 이제 봐야지 완결 났다 하더라\n1 : 키키 맞다 졸잼 진짜 너무 재밌다 ㅠ\n2 : 시즌2까지 다 봤음?\n1 : 다 봤지 키키 그거 본다고 요새 늦게 잤다\n2 : 나도 이번 주 주말에 몰아서 봐야겠다\n1 : 키키 주말에 할 거 없으면 보는 것도 나쁘지 않아\n2 : 주말에는 맛있는 거 먹으면서 영화나 드라마 봐야지 키키\n2 : 그게 쉬는 거지\n1 : 키키 맞다 그게 힐링이다 ㅠㅠ 나는 주말까지 일을 하지만 키키\n2 : 헐 주말에도 일하나?\n1 : 나는 쉬는 날이 없다 키키\n1 : 주말도 아침부터 저녁까지 풀 근무임\n2 : 니는 그럼 언제 쉬어?\n1 : 나는 내가 쉬고 싶을 때 쉬는데 그러고 싶진 않다 키키\n2 : 일할수록 돈 더 주는 거가?\n1 : 일한 만큼 페이 받는 거라 쉬면 돈 나간다는 생각에 못 쉬겠더라 ㅋ\n2 : 키키 니도 돈 욕심 많네",
        "lines": [
          {
            "id": 1,
            "text": "1 : 슬의생 봤나? 키키 나 몰아봤당",
            "norm_text": "슬의생 봤나? 키키 나 몰아봤당",
            "speaker": {
              "id": "1번",
              "sex": "여성",
              "age": "20대"
            },
            "speechAct": "(지시) 질문하기",
            "morpheme": "슬/NNG+의/JKG+생/NNG+봤/VV+EP+나/EF+키/NNG+키나/XSA+ETN+JX+몰/VV+아/EC+봤/VX+EP+당/XSN"
          },
          {
            "id": 2,
            "text": "2 : 아니 아직 시즌2는 이제 봐야지 완결 났다 하더라",
            "norm_text": "아니 아직 시즌2는 이제 봐야지 완결 났다 하더라",
            "speaker": {
              "id": "2번",
              "sex": "남성",
              "age": "30대"
            },
            "speechAct": "(단언) 진술하기",
            "morpheme": "아니/IC+아직/MAG+시즌/NNG+2/SN+는/JX+이제/MAG+봐야지/VV+EC+완결/NNG+났/VV+EP+다/EC+하/VV+더라/EC"
          },
          {
            "id": 3,
            "text": "1 : 키키 맞다 졸잼 진짜 너무 재밌다 ㅠ",
            "norm_text": "키키 맞다 졸잼 진짜 너무 재밌다 ㅠ",
            "speaker": {
              "id": "1번",
              "sex": "여성",
              "age": "20대"
            },
            "speechAct": "(단언) 주장하기",
            "morpheme": "키/NNG+키/XSV+ETN+맞/VV+다/EC+졸/VV+ETM+잼/NNG+진짜/MAG+너무/MAG+재밌/VA+다/EF+ㅠ/UNKNOWN"
          },
          {
            "id": 4,
            "text": "2 : 시즌2까지 다 봤음?",
            "norm_text": "시즌2까지 다 봤음?",
            "speaker": {
              "id": "2번",
              "sex": "남성",
              "age": "30대"
            },
            "speechAct": "(지시) 질문하기",
            "morpheme": "시즌/NNG+2/SN+까지/JX+다/MAG+봤/VV+EP+음/ETN"
          },
          {
            "id": 5,
            "text": "1 : 다 봤지 키키 그거 본다고 요새 늦게 잤다",
            "norm_text": "다 봤지 키키 그거 본다고 요새 늦게 잤다",
            "speaker": {
              "id": "1번",
              "sex": "여성",
              "age": "20대"
            },
            "speechAct": "(단언) 진술하기",
            "morpheme": "다/MAG+봤/VV+EP+지/EC+키/NNG+키/XSV+ETN+그거/NP+본다고/VV+EC+요새/MAG+늦/VA+게/EC+잤/VV+EP+다/EC"
          },
          {
            "id": 6,
            "text": "2 : 나도 이번 주 주말에 몰아서 봐야겠다",
            "norm_text": "나도 이번 주 주말에 몰아서 봐야겠다",
            "speaker": {
              "id": "2번",
              "sex": "남성",
              "age": "30대"
            },
            "speechAct": "(언약) 약속하기(제3자와)/(개인적 수준)",
            "morpheme": "나/NP+도/JX+이번/NNG+주주/NNG+말/NNG+에/JKB+몰/VV+아서/EC+봐야/VX+EC+VV+겠/EP+다/EC"
          },
          {
            "id": 7,
            "text": "1 : 키키 주말에 할 거 없으면 보는 것도 나쁘지 않아",
            "norm_text": "키키 주말에 할 거 없으면 보는 것도 나쁘지 않아",
            "speaker": {
              "id": "1번",
              "sex": "여성",
              "age": "20대"
            },
            "speechAct": "(단언) 주장하기",
            "morpheme": "키/NNG+키/NNG+주말/NNG+에/JKB+할/VV+ETM+거/NNB+없/VA+으면/EC+보/VX+는/ETM+것/NNB+도/JX+나쁘/VA+지/EC+않/VX+아/EC"
          },
          {
            "id": 8,
            "text": "2 : 주말에는 맛있는 거 먹으면서 영화나 드라마 봐야지 키키",
            "norm_text": "주말에는 맛있는 거 먹으면서 영화나 드라마 봐야지 키키",
            "speaker": {
              "id": "2번",
              "sex": "남성",
              "age": "30대"
            },
            "speechAct": "(단언) 주장하기",
            "morpheme": "주말/NNG+에/JKB+는/JX+맛있/VA+는/ETM+거/NNB+먹/VV+으면서/EC+영화/NNG+나/JC+드라마/NNG+봐야지/VV+EC+키/NNG+키/XSV+ETN"
          },
          {
            "id": 9,
            "text": "2 : 그게 쉬는 거지",
            "norm_text": "그게 쉬는 거지",
            "speaker": {
              "id": "2번",
              "sex": "남성",
              "age": "30대"
            },
            "speechAct": "(단언) 주장하기",
            "morpheme": "그게/NP+JKS+쉬/VV+는/ETM+거/NNB+지/VCP+EC"
          },
          {
            "id": 10,
            "text": "1 : 키키 맞다 그게 힐링이다 ㅠㅠ 나는 주말까지 일을 하지만 키키",
            "norm_text": "키키 맞다 그게 힐링이다 ㅠㅠ 나는 주말까지 일을 하지만 키키",
            "speaker": {
              "id": "1번",
              "sex": "여성",
              "age": "20대"
            },
            "speechAct": "(단언) 주장하기",
            "morpheme": "키/NNG+키/XSV+ETN+맞/VV+다/EF+그게/NP+JKS+힐링/NNG+이/VCP+다/EF+ㅠㅠ/UNKNOWN+나/NP+는/JX+주말/NNG+까지/JX+일/NNG+을/JKO+하/VV+지만/EC+키/NNG+키/XSV+ETN"
          },
          {
            "id": 11,
            "text": "2 : 헐 주말에도 일하나?",
            "norm_text": "헐 주말에도 일하나?",
            "speaker": {
              "id": "2번",
              "sex": "남성",
              "age": "30대"
            },
            "speechAct": "(지시) 질문하기",
            "morpheme": "헐/IC+주말/NNG+에/JKB+도/JX+일/NR+하나/NR"
          },
          {
            "id": 12,
            "text": "1 : 나는 쉬는 날이 없다 키키",
            "norm_text": "나는 쉬는 날이 없다 키키",
            "speaker": {
              "id": "1번",
              "sex": "여성",
              "age": "20대"
            },
            "speechAct": "(단언) 진술하기",
            "morpheme": "나/NP+는/JX+쉬/VV+는/ETM+날/NNG+이/JKS+없/VA+다키키/NNP"
          },
          {
            "id": 13,
            "text": "1 : 주말도 아침부터 저녁까지 풀 근무임",
            "norm_text": "주말도 아침부터 저녁까지 풀 근무임",
            "speaker": {
              "id": "1번",
              "sex": "여성",
              "age": "20대"
            },
            "speechAct": "(단언) 진술하기",
            "morpheme": "주말/NNG+도/JX+아침/NNG+부터/JX+저녁/NNG+까지/JX+풀/VV+ETM+근무/NNG+임/VCP+ETN"
          },
          {
            "id": 14,
            "text": "2 : 니는 그럼 언제 쉬어?",
            "norm_text": "니는 그럼 언제 쉬어?",
            "speaker": {
              "id": "2번",
              "sex": "남성",
              "age": "30대"
            },
            "speechAct": "(지시) 질문하기",
            "morpheme": "니/NP+는/JX+그럼/MAJ+언제/MAG+쉬/VV+어/EF"
          },
          {
            "id": 15,
            "text": "1 : 나는 내가 쉬고 싶을 때 쉬는데 그러고 싶진 않다 키키",
            "norm_text": "나는 내가 쉬고 싶을 때 쉬는데 그러고 싶진 않다 키키",
            "speaker": {
              "id": "1번",
              "sex": "여성",
              "age": "20대"
            },
            "speechAct": "(단언) 주장하기",
            "morpheme": "나/NP+는/JX+내/NP+가/JKS+쉬/VV+고/EC+싶/VX+을/ETM+때/NNG+쉬/VV+는/ETM+데/NNB+그러/VV+고/EC+싶/VX+진/EC+JX+않/VX+다키키/NNP"
          },
          {
            "id": 16,
            "text": "2 : 일할수록 돈 더 주는 거가?",
            "norm_text": "일할수록 돈 더 주는 거가?",
            "speaker": {
              "id": "2번",
              "sex": "남성",
              "age": "30대"
            },
            "speechAct": "(지시) 질문하기",
            "morpheme": "일/NNG+할수록/XSV+EC+돈/NNG+더/MAG+주/VV+는/ETM+거/NNB+가/JKS"
          },
          {
            "id": 17,
            "text": "1 : 일한 만큼 페이 받는 거라 쉬면 돈 나간다는 생각에 못 쉬겠더라 ㅋ",
            "norm_text": "일한 만큼 페이 받는 거라 쉬면 돈 나간다는 생각에 못 쉬겠더라 ㅋ",
            "speaker": {
              "id": "1번",
              "sex": "여성",
              "age": "20대"
            },
            "speechAct": "(단언) 주장하기",
            "morpheme": "일한/NNG+만큼/JKB+페이/NNP+받/VV+는/ETM+거/NNB+라/VCP+EC+쉬/VV+면/EC+돈/NNG+나간다는/VV+ETM+생각/NNG+에/JKB+못/MAG+쉬/VV+겠/EP+더라/EF+ㅋ/UNKNOWN"
          },
          {
            "id": 18,
            "text": "2 : 키키 니도 돈 욕심 많네",
            "norm_text": "키키 니도 돈 욕심 많네",
            "speaker": {
              "id": "2번",
              "sex": "남성",
              "age": "30대"
            },
            "speechAct": "(단언) 주장하기",
            "morpheme": "키/NNG+키/VV+니/EC+도/JX+돈/NNG+욕심/NNG+많/VA+네/EC"
          }
        ]
      }
    }
  ]
}