{
  "dataset": {
    "identifier": 61476,
    "name": "KAKAO_922_17_set",
    "src_path": "/data/file/cubeManager/PROJECT001/53/txt20211005154147072456/KAKAO_922_17_set/",
    "label_path": "/data/file/cubeManager/PROJECT001/53/txt20211005154147072456/KAKAO_922_17_set/",
    "category": 2,
    "type": 0
  },
  "licenses": {
    "name": "Apache License 1.0",
    "url": "http://www.apache.org/licenses/LICENSE-1.0"
  },
  "info": [
    {
      "id": 41654,
      "filename": "KAKAO_922_17.txt",
      "title": "KAKAO_922_17",
      "mediatype": "SNS",
      "medianame": "카카오톡",
      "category": "일상대화",
      "date": "2021-10-05",
      "size": 533,
      "annotations": {
        "subject": "건강",
        "speaker_type": "1:1",
        "size": 533,
        "word_size": 171,
        "text": "1 : 니가 병원에 입원한 적이 있었나? ㅜㅜ\n2 : 응 예전에 어릴 때 몇 번 입원해봤지!\n1 : 엇 진짜? ㅜㅜ 왜 입원 했었는데? 난 왜 기억이 없지...\n2 : 급성 신우신염 걸려 가지고 ㅠㅠ 대학생 때 키키\n1 : 신우신염? 그게 무슨 병이야? 첨 들어보네\n2 : 뭐 배에 염증이랬나? 오래 돼서 기억 안 나는데 그랬었음 키키\n1 : 헐... 그럼 응급실 갔던 거야? 급성이면 위험해 보여\n2 : 엉 배가 너무 아파서 타이레놀 먹다가 안되겠어서 응급실 갔더니 바로 입원해래 키키\n1 : 헐... 그래도 지금은 나아서 엄청 다행이네 ㅜㅜ\n2 : 응 키키 입원만 하면 낫는 병! 찾아보니 신장 세균 감염이네\n1 : ㅜㅜ 그건 재발 같은 거 자주 안 해? ㅠㅠ\n2 : 응 키키 다행히도 안 하더라고 키키 입원하는 순간부터 안 아프더랑\n1 : 키키 꼭 병원 가면 아프던 게 안 아픈 현상 키키\n2 : 키키 링겔 꽂는 순간부터 안 아파 키키 심심할 뿐\n1 : 키키 입원했을 때 못 가봐서 미안해... 키키 놀러 갔어야 했는데\n2 : 왜 안 왔노... 지금이라도 병문안 올래? 키키",
        "lines": [
          {
            "id": 1,
            "text": "1 : 니가 병원에 입원한 적이 있었나? ㅜㅜ",
            "norm_text": "니가 병원에 입원한 적이 있었나? ㅜㅜ",
            "speaker": {
              "id": "1번",
              "sex": "여성",
              "age": "30대"
            },
            "speechAct": "(지시) 질문하기",
            "morpheme": "니/NP+가/JKS+병원/NNG+에/JKB+입원/NNG+한/XSA+ETM+적/NNB+이/JKS+있/VA+었/EP+나/EF+ㅜㅜ/UNKNOWN"
          },
          {
            "id": 2,
            "text": "2 : 응 예전에 어릴 때 몇 번 입원해봤지!",
            "norm_text": "응 예전에 어릴 때 몇 번 입원해봤지!",
            "speaker": {
              "id": "2번",
              "sex": "여성",
              "age": "30대"
            },
            "speechAct": "(단언) 진술하기",
            "morpheme": "응/IC+예전/NNG+에/JKB+어릴/VA+ETM+때/NNG+몇/MM+번/NNBC+입원/NNG+해/XSV+EC+봤/VX+EP+지/EF"
          },
          {
            "id": 3,
            "text": "1 : 엇 진짜? ㅜㅜ 왜 입원 했었는데? 난 왜 기억이 없지...",
            "norm_text": "엇 진짜? ㅜㅜ 왜 입원 했었는데? 난 왜 기억이 없지...",
            "speaker": {
              "id": "1번",
              "sex": "여성",
              "age": "30대"
            },
            "speechAct": "(지시) 질문하기",
            "morpheme": "엇/IC+진짜/MAG+ㅜㅜ/UNKNOWN+왜/MAG+입원/NNG+했었/XSV+EP+는데/EF+난/NP+JX+왜/MAG+기억/NNG+이/JKS+없/VA+지/EF+./SY"
          },
          {
            "id": 4,
            "text": "2 : 급성 신우신염 걸려 가지고 ㅠㅠ 대학생 때 키키",
            "norm_text": "급성 신우신염 걸려 가지고 ㅠㅠ 대학생 때 키키",
            "speaker": {
              "id": "2번",
              "sex": "여성",
              "age": "30대"
            },
            "speechAct": "(단언) 진술하기",
            "morpheme": "급성/NNG+신우신염/NNG+걸려/VV+EC+가지/VX+고/EC+ㅠㅠ/UNKNOWN+대학생/NNG+때/NNG+키/NNG+키/XSV+ETN"
          },
          {
            "id": 5,
            "text": "1 : 신우신염? 그게 무슨 병이야? 첨 들어보네",
            "norm_text": "신우신염? 그게 무슨 병이야? 첨 들어보네",
            "speaker": {
              "id": "1번",
              "sex": "여성",
              "age": "30대"
            },
            "speechAct": "(지시) 질문하기",
            "morpheme": "신우신염/NNG+그게/NP+JKS+무슨/MM+병/NNG+이/VCP+야/EF+첨/MAG+들/VV+어/EC+보/VX+네/EC"
          },
          {
            "id": 6,
            "text": "2 : 뭐 배에 염증이랬나? 오래 돼서 기억 안 나는데 그랬었음 키키",
            "norm_text": "뭐 배에 염증이랬나? 오래 돼서 기억 안 나는데 그랬었음 키키",
            "speaker": {
              "id": "2번",
              "sex": "여성",
              "age": "30대"
            },
            "speechAct": "(단언) 진술하기",
            "morpheme": "뭐/IC+배/NNG+에/JKB+염증/NNG+이랬/VV+EP+나/EF+오래/MAG+돼서/VV+EC+기억/NNG+안/MAG+나/VV+는/ETM+데/NNB+그랬었/VV+EP+음/ETN+키/NNG+키/XSV+ETN"
          },
          {
            "id": 7,
            "text": "1 : 헐... 그럼 응급실 갔던 거야? 급성이면 위험해 보여",
            "norm_text": "헐... 그럼 응급실 갔던 거야? 급성이면 위험해 보여",
            "speaker": {
              "id": "1번",
              "sex": "여성",
              "age": "30대"
            },
            "speechAct": "(지시) 질문하기",
            "morpheme": "헐/IC+./SY+그럼/MAJ+응급실/NNG+갔/VV+EP+던/ETM+거/NNB+야/VCP+EF+급성/NNG+이/VCP+면/EC+위험/NNG+해/XSV+EC+보여/VV+EC"
          },
          {
            "id": 8,
            "text": "2 : 엉 배가 너무 아파서 타이레놀 먹다가 안되겠어서 응급실 갔더니 바로 입원해래 키키",
            "norm_text": "엉 배가 너무 아파서 타이레놀 먹다가 안되겠어서 응급실 갔더니 바로 입원해래 키키",
            "speaker": {
              "id": "2번",
              "sex": "여성",
              "age": "30대"
            },
            "speechAct": "(단언) 진술하기",
            "morpheme": "엉/IC+배/NNG+가/JKS+너무/MAG+아파서/VA+EC+타/VV+EC+이레/VV+EC+놀/VX+ETM+먹/VV+다가/EC+안/MAG+되/VV+겠/EP+어서/EC+응급실/NNG+갔/VV+EP+더니/EC+바로/MAG+입원/NNG+해/XSV+EC+래키/NNP+키/NNG"
          },
          {
            "id": 9,
            "text": "1 : 헐... 그래도 지금은 나아서 엄청 다행이네 ㅜㅜ",
            "norm_text": "헐... 그래도 지금은 나아서 엄청 다행이네 ㅜㅜ",
            "speaker": {
              "id": "1번",
              "sex": "여성",
              "age": "30대"
            },
            "speechAct": "(단언) 주장하기",
            "morpheme": "헐/IC+./SY+그래도/MAJ+지금/MAG+은/JX+나/VV+아서/EC+엄청/MAG+다행/NNG+이/VCP+네/EF+ㅜㅜ/UNKNOWN"
          },
          {
            "id": 10,
            "text": "2 : 응 키키 입원만 하면 낫는 병! 찾아보니 신장 세균 감염이네",
            "norm_text": "응 키키 입원만 하면 낫는 병! 찾아보니 신장 세균 감염이네",
            "speaker": {
              "id": "2번",
              "sex": "여성",
              "age": "30대"
            },
            "speechAct": "(단언) 진술하기",
            "morpheme": "응/IC+키/NNG+키/NNG+입원/NNG+만/JX+하/VV+면/EC+낫/VV+는/ETM+병/NNG+찾아보/VV+니/EC+신장/NNG+세균/NNG+감염/NNG+이/VCP+네/EC"
          },
          {
            "id": 11,
            "text": "1 : ㅜㅜ 그건 재발 같은 거 자주 안 해? ㅠㅠ",
            "norm_text": "ㅜㅜ 그건 재발 같은 거 자주 안 해? ㅠㅠ",
            "speaker": {
              "id": "1번",
              "sex": "여성",
              "age": "30대"
            },
            "speechAct": "(지시) 질문하기",
            "morpheme": "ㅜㅜ/UNKNOWN+그건/NP+JX+재발/NNG+같/VA+은/ETM+거/NNB+자주/MAG+안/MAG+해/VV+EF+ㅠㅠ/UNKNOWN"
          },
          {
            "id": 12,
            "text": "2 : 응 키키 다행히도 안 하더라고 키키 입원하는 순간부터 안 아프더랑",
            "norm_text": "응 키키 다행히도 안 하더라고 키키 입원하는 순간부터 안 아프더랑",
            "speaker": {
              "id": "2번",
              "sex": "여성",
              "age": "30대"
            },
            "speechAct": "(단언) 주장하기",
            "morpheme": "응/IC+키/NNG+키/XSV+ETN+다행히/MAG+도/JX+안/MAG+하/VV+더라고/EC+키/NNG+키/NNG+입원/NNG+하/XSV+는/ETM+순간/NNG+부터/JX+안/MAG+아프/VA+더/EP+랑/EC"
          },
          {
            "id": 13,
            "text": "1 : 키키 꼭 병원 가면 아프던 게 안 아픈 현상 키키",
            "norm_text": "키키 꼭 병원 가면 아프던 게 안 아픈 현상 키키",
            "speaker": {
              "id": "1번",
              "sex": "여성",
              "age": "30대"
            },
            "speechAct": "(단언) 주장하기",
            "morpheme": "키/NNG+키/XSV+ETN+꼭/MAG+병원/NNG+가/VV+면/EC+아프/VA+던/ETM+게/NNB+JKS+안/MAG+아픈/VA+ETM+현상/NNG+키/NNG+키/XSV+ETN"
          },
          {
            "id": 14,
            "text": "2 : 키키 링겔 꽂는 순간부터 안 아파 키키 심심할 뿐",
            "norm_text": "키키 링겔 꽂는 순간부터 안 아파 키키 심심할 뿐",
            "speaker": {
              "id": "2번",
              "sex": "여성",
              "age": "30대"
            },
            "speechAct": "(단언) 주장하기",
            "morpheme": "키/NNG+키/XSV+ETN+링/JKO+겔/NNG+꽂/VV+는/ETM+순간/NNG+부터/JX+안/MAG+아파/VV+EC+키/NNG+키/XSV+ETN+심심/XR+할/XSA+ETM+뿐/NNB"
          },
          {
            "id": 15,
            "text": "1 : 키키 입원했을 때 못 가봐서 미안해... 키키 놀러 갔어야 했는데",
            "norm_text": "키키 입원했을 때 못 가봐서 미안해... 키키 놀러 갔어야 했는데",
            "speaker": {
              "id": "1번",
              "sex": "여성",
              "age": "30대"
            },
            "speechAct": "(표현) 사과하기",
            "morpheme": "키/NNG+키/NNG+입원/NNG+했/XSV+EP+을/ETM+때/NNG+못가/NNG+봐서/VV+EC+미안/NNG+해/XSV+EF+./SY+키/NNG+키/XSV+ETN+놀러갔/VV+EP+어야/EC+했/VX+EP+는데/EC"
          },
          {
            "id": 16,
            "text": "2 : 왜 안 왔노... 지금이라도 병문안 올래? 키키",
            "norm_text": "왜 안 왔노... 지금이라도 병문안 올래? 키키",
            "speaker": {
              "id": "2번",
              "sex": "여성",
              "age": "30대"
            },
            "speechAct": "(지시) 질문하기",
            "morpheme": "왜/MAG+안/MAG+왔/VV+EP+노/EF+./SY+지금/NNG+이/VCP+라도/EC+병문/NNG+안/MAG+올래/VV+EF+키/NNG+키/XSV+ETN"
          }
        ]
      }
    }
  ]
}