{
  "dataset": {
    "identifier": 61819,
    "name": "KAKAO_921_06_set",
    "src_path": "/data/file/cubeManager/PROJECT001/53/txt20211005161403034875/KAKAO_921_06_set/",
    "label_path": "/data/file/cubeManager/PROJECT001/53/txt20211005161403034875/KAKAO_921_06_set/",
    "category": 2,
    "type": 0
  },
  "licenses": {
    "name": "Apache License 1.0",
    "url": "http://www.apache.org/licenses/LICENSE-1.0"
  },
  "info": [
    {
      "id": 41983,
      "filename": "KAKAO_921_06.txt",
      "title": "KAKAO_921_06",
      "mediatype": "SNS",
      "medianame": "카카오톡",
      "category": "일상대화",
      "date": "2021-10-05",
      "size": 824,
      "annotations": {
        "subject": "교육",
        "speaker_type": "1:1",
        "size": 824,
        "word_size": 275,
        "text": "1 : 요즘 학생들은 이제 문이과라는 게 없어진다넹 키키\n2 : 문과 이과가 없어진다고?\n2 : 헐 그건 생각도 못했다\n2 : 왜 없어져?\n1 : 약간 다양한 교육 기회를 주는 겸 해서 없어지나 봐 정책적으로 키키\n2 : 아 그때 말했던 선택해서 한다는 방식으로 바껴서 그런 거구나?\n1 : 응응 키키 문과 이과 나눠서 유머 하는 것도 다 구시대 유물이 되겠네 ㅜㅜ\n2 : 그러게 키키 이제 그런 개그 못 치겠다\n2 : 난 요즘 역사 듣는 거 너무 재밌더라 키키\n2 : 현대사가 특히 재밌어\n2 : 학교 다닐 때 좋아했던 과목이 뭐야?\n1 : 무조건 한국사였징 키키\n1 : 한국사 다음으로는 정치 사회문화\n1 : 전부 사탐 키키\n2 : 나는 다 싫었는데 특히 수학이 싫었어 키키\n1 : 키키 난 과학이랑 지리... 진짜 너무 싫었어 극혐이었어\n1 : 수학이 오히려 나을 정도\n2 : 공부 얘기 하니까 또 머리 아프네 키키\n2 : 나는 오히려 학교 졸업 하고 역사에 관심 가지게 된 거라서 학교 다닐 때 국사를 좀 열심히 할 걸 키키\n1 : 키키 너가 국사 관심 있는지 몰랐엉 키키\n1 : 우리 그럼 진짜 역사 유적지 여행 같은 거 많이 다녀보장 키키\n2 : 아 졸업 하고 나서 설민석쌤 덕분에 가지게 된 거야 키키\n2 : 얘기 듣는데 너무 재밌더라구\n1 : 키키 응 진짜 말 재밌게 하지 키키\n1 : 역사 배경으로 한 영화 나올 때마다 설민석쌤 설명 영상 보는데 너무 찰져 키키\n2 : 나도나도 키키 그걸 보고 영화를 보면 훨씬 더 재밌더라구\n1 : 키키 근데 지금 학생 때로 돌아가면 그냥 다 한번 열심히 해볼 수 있을 것 같은뎅 키키\n2 : 나는 다시 돌아가도 못할 거 같아 키키\n2 : 국사는 좀 귀에 들어오긴 하겠다",
        "lines": [
          {
            "id": 1,
            "text": "1 : 요즘 학생들은 이제 문이과라는 게 없어진다넹 키키",
            "norm_text": "요즘 학생들은 이제 문이과라는 게 없어진다넹 키키",
            "speaker": {
              "id": "1번",
              "sex": "여성",
              "age": "20대"
            },
            "speechAct": "(단언) 주장하기",
            "morpheme": "요즘/NNG+학생/NNG+들/XSN+은/JX+이제/MAG+문/NNG+이/JKS+과/NNG+라는/VCP+ETM+게/NNB+JKS+없/VA+어/EC+진다/VX+EC+넹/NNP+키키/NNP"
          },
          {
            "id": 2,
            "text": "2 : 문과 이과가 없어진다고?",
            "norm_text": "문과 이과가 없어진다고?",
            "speaker": {
              "id": "2번",
              "sex": "여성",
              "age": "20대"
            },
            "speechAct": "(지시) 질문하기",
            "morpheme": "문/NNG+과/JC+이과/NNG+가/JKS+없/VA+어/EC+진다고/VX+EF"
          },
          {
            "id": 3,
            "text": "2 : 헐 그건 생각도 못했다",
            "norm_text": "헐 그건 생각도 못했다",
            "speaker": {
              "id": "2번",
              "sex": "여성",
              "age": "20대"
            },
            "speechAct": "(단언) 주장하기",
            "morpheme": "헐/IC+그건/NP+JX+생각/NNG+도/JX+못/MAG+했/VV+EP+다/EC"
          },
          {
            "id": 4,
            "text": "2 : 왜 없어져?",
            "norm_text": "왜 없어져?",
            "speaker": {
              "id": "2번",
              "sex": "여성",
              "age": "20대"
            },
            "speechAct": "(지시) 질문하기",
            "morpheme": "왜/MAG+없/VA+어/EC+져/VX+EF"
          },
          {
            "id": 5,
            "text": "1 : 약간 다양한 교육 기회를 주는 겸 해서 없어지나 봐 정책적으로 키키",
            "norm_text": "약간 다양한 교육 기회를 주는 겸 해서 없어지나 봐 정책적으로 키키",
            "speaker": {
              "id": "1번",
              "sex": "여성",
              "age": "20대"
            },
            "speechAct": "(단언) 진술하기",
            "morpheme": "약간/MAG+다양/XR+한/XSA+ETM+교육/NNG+기회/NNG+를/JKO+주/VV+는/ETM+겸/NNB+해서/VV+EC+없/VA+어/EC+지나/VV+EC+봐/VX+EF+정책/NNG+적/XSN+으로/JKB+키/NNG+키/XSV+ETN"
          },
          {
            "id": 6,
            "text": "2 : 아 그때 말했던 선택해서 한다는 방식으로 바껴서 그런 거구나?",
            "norm_text": "아 그때 말했던 선택해서 한다는 방식으로 바껴서 그런 거구나?",
            "speaker": {
              "id": "2번",
              "sex": "여성",
              "age": "20대"
            },
            "speechAct": "(지시) 질문하기",
            "morpheme": "아/IC+그때/NNG+말/NNG+했/XSV+EP+던/ETM+선택/NNG+해서/XSV+EC+한다는/VX+ETM+방식/NNG+으로/JKB+바/NNB+껴서/VV+EC+그런/MM+거/NNB+구나/VCP+EF"
          },
          {
            "id": 7,
            "text": "1 : 응응 키키 문과 이과 나눠서 유머 하는 것도 다 구시대 유물이 되겠네 ㅜㅜ",
            "norm_text": "응응 키키 문과 이과 나눠서 유머 하는 것도 다 구시대 유물이 되겠네 ㅜㅜ",
            "speaker": {
              "id": "1번",
              "sex": "여성",
              "age": "20대"
            },
            "speechAct": "(단언) 주장하기",
            "morpheme": "응/IC+응/IC+키/NNG+키/NNG+문/NNG+과/JC+이과/NNG+나눠서/VV+EC+유머/NNG+하/XSV+는/ETM+것/NNB+도/JX+다구/NNG+시대/NNG+유물/NNG+이/JKS+되/VV+겠/EP+네/EF+ㅜㅜ/UNKNOWN"
          },
          {
            "id": 8,
            "text": "2 : 그러게 키키 이제 그런 개그 못 치겠다",
            "norm_text": "그러게 키키 이제 그런 개그 못 치겠다",
            "speaker": {
              "id": "2번",
              "sex": "여성",
              "age": "20대"
            },
            "speechAct": "(단언) 주장하기",
            "morpheme": "그러/VV+게/EC+키/NNG+키/NNG+이제/MAG+그런/MM+개그/NNG+못/MAG+치/VV+겠/EP+다/EC"
          },
          {
            "id": 9,
            "text": "2 : 난 요즘 역사 듣는 거 너무 재밌더라 키키",
            "norm_text": "난 요즘 역사 듣는 거 너무 재밌더라 키키",
            "speaker": {
              "id": "2번",
              "sex": "여성",
              "age": "20대"
            },
            "speechAct": "(단언) 주장하기",
            "morpheme": "난/NP+JX+요즘/MAG+역사/NNG+듣/VV+는/ETM+거/NNB+너무/MAG+재밌/VA+더라/EC+키/NNG+키/XSV+ETN"
          },
          {
            "id": 10,
            "text": "2 : 현대사가 특히 재밌어",
            "norm_text": "현대사가 특히 재밌어",
            "speaker": {
              "id": "2번",
              "sex": "여성",
              "age": "20대"
            },
            "speechAct": "(단언) 주장하기",
            "morpheme": "현대사/NNG+가/JKS+특히/MAG+재밌/VA+어/EC"
          },
          {
            "id": 11,
            "text": "2 : 학교 다닐 때 좋아했던 과목이 뭐야?",
            "norm_text": "학교 다닐 때 좋아했던 과목이 뭐야?",
            "speaker": {
              "id": "2번",
              "sex": "여성",
              "age": "20대"
            },
            "speechAct": "(지시) 질문하기",
            "morpheme": "학교/NNG+다닐/VV+ETM+때/NNG+좋/VA+아/EC+했/VX+EP+던/ETM+과목/NNG+이/JKS+뭐/NP+야/VCP+EF"
          },
          {
            "id": 12,
            "text": "1 : 무조건 한국사였징 키키",
            "norm_text": "무조건 한국사였징 키키",
            "speaker": {
              "id": "1번",
              "sex": "여성",
              "age": "20대"
            },
            "speechAct": "(단언) 주장하기",
            "morpheme": "무조건/MAG+한/XSA+ETM+국사/NNG+였/VCP+EP+징/EF+키/NNG+키/XSV+ETN"
          },
          {
            "id": 13,
            "text": "1 : 한국사 다음으로는 정치 사회문화",
            "norm_text": "한국사 다음으로는 정치 사회문화",
            "speaker": {
              "id": "1번",
              "sex": "여성",
              "age": "20대"
            },
            "speechAct": "(단언) 주장하기",
            "morpheme": "한국사/NNP+다음/NNG+으로/JKB+는/JX+정치/NNG+사회/NNG+문화/NNG"
          },
          {
            "id": 14,
            "text": "1 : 전부 사탐 키키",
            "norm_text": "전부 사탐 키키",
            "speaker": {
              "id": "1번",
              "sex": "여성",
              "age": "20대"
            },
            "speechAct": "(단언) 주장하기",
            "morpheme": "전부/MAG+사탐/NNG+키/NNG+키/XSV+ETN"
          },
          {
            "id": 15,
            "text": "2 : 나는 다 싫었는데 특히 수학이 싫었어 키키",
            "norm_text": "나는 다 싫었는데 특히 수학이 싫었어 키키",
            "speaker": {
              "id": "2번",
              "sex": "여성",
              "age": "20대"
            },
            "speechAct": "(단언) 주장하기",
            "morpheme": "나/NP+는/JX+다/MAG+싫/VA+었/EP+는데/EC+특히/MAG+수학/NNG+이/JKS+싫/VA+었/EP+어/EC+키/NNG+키/XSV+ETN"
          },
          {
            "id": 16,
            "text": "1 : 키키 난 과학이랑 지리... 진짜 너무 싫었어 극혐이었어",
            "norm_text": "키키 난 과학이랑 지리... 진짜 너무 싫었어 극혐이었어",
            "speaker": {
              "id": "1번",
              "sex": "여성",
              "age": "20대"
            },
            "speechAct": "(단언) 주장하기",
            "morpheme": "키/NNG+키/XSV+ETN+난/VV+ETM+과학/NNG+이랑/JKB+지리/NNG+./SY+./SY+진짜/MAG+너무/MAG+싫/VA+었/EP+어/EF+극혐/UNKNOWN+이/VCP+었/EP+어/EC"
          },
          {
            "id": 17,
            "text": "1 : 수학이 오히려 나을 정도",
            "norm_text": "수학이 오히려 나을 정도",
            "speaker": {
              "id": "1번",
              "sex": "여성",
              "age": "20대"
            },
            "speechAct": "(단언) 주장하기",
            "morpheme": "수학/NNG+이/JKS+오히려/MAJ+나/NP+을/JKO+정도/NNG"
          },
          {
            "id": 18,
            "text": "2 : 공부 얘기 하니까 또 머리 아프네 키키",
            "norm_text": "공부 얘기 하니까 또 머리 아프네 키키",
            "speaker": {
              "id": "2번",
              "sex": "여성",
              "age": "20대"
            },
            "speechAct": "(단언) 주장하기",
            "morpheme": "공부/NNG+얘기/NNG+하/XSV+니까/EC+또/MAG+머리/NNG+아프/VA+네/EF+키/NNG+키/XSV+ETN"
          },
          {
            "id": 19,
            "text": "2 : 나는 오히려 학교 졸업 하고 역사에 관심 가지게 된 거라서 학교 다닐 때 국사를 좀 열심히 할 걸 키키",
            "norm_text": "나는 오히려 학교 졸업 하고 역사에 관심 가지게 된 거라서 학교 다닐 때 국사를 좀 열심히 할 걸 키키",
            "speaker": {
              "id": "2번",
              "sex": "여성",
              "age": "20대"
            },
            "speechAct": "(단언) 주장하기",
            "morpheme": "나/NP+는/JX+오히려/MAJ+학교/NNG+졸업/NNG+하/XSV+고/EC+역사/NNG+에/JKB+관심/NNG+가지/VV+게/EC+된/VV+ETM+거/NNB+라서/VCP+EC+학교/NNG+다닐/VV+ETM+때/NNG+국사/NNG+를/JKO+좀/MAG+열심히/MAG+할/VV+ETM+걸/NNB+JKO+키/NNG+키/XSV+ETN"
          },
          {
            "id": 20,
            "text": "1 : 키키 너가 국사 관심 있는지 몰랐엉 키키",
            "norm_text": "키키 너가 국사 관심 있는지 몰랐엉 키키",
            "speaker": {
              "id": "1번",
              "sex": "여성",
              "age": "20대"
            },
            "speechAct": "(단언) 주장하기",
            "morpheme": "키/NNG+키/XSV+ETN+너/NP+가/JKS+국사/NNG+관심/NNG+있/VV+는지/EC+몰랐/VV+EP+엉/EC+키/NNG+키/XSV+ETN"
          },
          {
            "id": 21,
            "text": "1 : 우리 그럼 진짜 역사 유적지 여행 같은 거 많이 다녀보장 키키",
            "norm_text": "우리 그럼 진짜 역사 유적지 여행 같은 거 많이 다녀보장 키키",
            "speaker": {
              "id": "1번",
              "sex": "여성",
              "age": "20대"
            },
            "speechAct": "(지시) 충고/제안하기",
            "morpheme": "우리/NP+그럼/MAJ+진짜/MAG+역사/NNG+유적지/NNG+여행/NNG+같/VA+은/ETM+거/NNB+많이/MAG+다녀/VV+EC+보장/NNG+키/NNG+키/XSV+ETN"
          },
          {
            "id": 22,
            "text": "2 : 아 졸업 하고 나서 설민석쌤 덕분에 가지게 된 거야 키키",
            "norm_text": "아 졸업 하고 나서 설민석쌤 덕분에 가지게 된 거야 키키",
            "speaker": {
              "id": "2번",
              "sex": "여성",
              "age": "20대"
            },
            "speechAct": "(단언) 주장하기",
            "morpheme": "아/IC+졸업/NNG+하/XSV+고/EC+나/VX+서/EC+설민석/NNP+쌤/NNG+덕분/NNG+에/JKB+가지/VV+게/EC+된/VV+ETM+거/NNB+야/VCP+EF+키/NNG+키/XSV+ETN"
          },
          {
            "id": 23,
            "text": "2 : 얘기 듣는데 너무 재밌더라구",
            "norm_text": "얘기 듣는데 너무 재밌더라구",
            "speaker": {
              "id": "2번",
              "sex": "여성",
              "age": "20대"
            },
            "speechAct": "(단언) 주장하기",
            "morpheme": "얘기/NNG+듣/VV+는데/EC+너무/MAG+재밌/VA+더라구/EC"
          },
          {
            "id": 24,
            "text": "1 : 키키 응 진짜 말 재밌게 하지 키키",
            "norm_text": "키키 응 진짜 말 재밌게 하지 키키",
            "speaker": {
              "id": "1번",
              "sex": "여성",
              "age": "20대"
            },
            "speechAct": "(단언) 주장하기",
            "morpheme": "키/NNG+키/XSV+ETN+응/IC+진짜/MAG+말/NNG+재밌/VA+게/EC+하/VV+지/EC+키/NNG+키/XSV+ETN"
          },
          {
            "id": 25,
            "text": "1 : 역사 배경으로 한 영화 나올 때마다 설민석쌤 설명 영상 보는데 너무 찰져 키키",
            "norm_text": "역사 배경으로 한 영화 나올 때마다 설민석쌤 설명 영상 보는데 너무 찰져 키키",
            "speaker": {
              "id": "1번",
              "sex": "여성",
              "age": "20대"
            },
            "speechAct": "(단언) 주장하기",
            "morpheme": "역사/NNG+배경/NNG+으로/JKB+한/MM+영화/NNG+나올/VV+ETM+때/NNG+마다/JX+설민석/NNP+쌤/NNG+설명/NNG+영상/NNG+보/VV+는데/EC+너무/MAG+찰/VA+ETM+져/NNG+키/NNG+키/XSV+ETN"
          },
          {
            "id": 26,
            "text": "2 : 나도나도 키키 그걸 보고 영화를 보면 훨씬 더 재밌더라구",
            "norm_text": "나도나도 키키 그걸 보고 영화를 보면 훨씬 더 재밌더라구",
            "speaker": {
              "id": "2번",
              "sex": "여성",
              "age": "20대"
            },
            "speechAct": "(단언) 주장하기",
            "morpheme": "나/NP+도/JX+나/NP+도/JX+키/NNG+키/XSV+ETN+그걸/NP+JKO+보/VV+고/EC+영화/NNG+를/JKO+보/VV+면/EC+훨씬/MAG+더/MAG+재밌/VA+더라구/EC"
          },
          {
            "id": 27,
            "text": "1 : 키키 근데 지금 학생 때로 돌아가면 그냥 다 한번 열심히 해볼 수 있을 것 같은뎅 키키",
            "norm_text": "키키 근데 지금 학생 때로 돌아가면 그냥 다 한번 열심히 해볼 수 있을 것 같은뎅 키키",
            "speaker": {
              "id": "1번",
              "sex": "여성",
              "age": "20대"
            },
            "speechAct": "(단언) 주장하기",
            "morpheme": "키/NNG+키/XSV+ETN+근데/MAJ+지금/MAG+학생/NNG+때로/MAG+돌아가/VV+면/EC+그냥/MAG+다/MAG+한/MM+번/NNBC+열심히/MAG+해/VV+EC+볼/VX+ETM+수/NNB+있/VV+을/ETM+것/NNB+같/VA+은/ETM+뎅/NNP+키키/NNP"
          },
          {
            "id": 28,
            "text": "2 : 나는 다시 돌아가도 못할 거 같아 키키",
            "norm_text": "나는 다시 돌아가도 못할 거 같아 키키",
            "speaker": {
              "id": "2번",
              "sex": "여성",
              "age": "20대"
            },
            "speechAct": "(단언) 주장하기",
            "morpheme": "나/NP+는/JX+다시/MAG+돌아가/VV+도/EC+못할/VX+ETM+거/NNB+같/VA+아/EC+키/NNG+키/XSV+ETN"
          },
          {
            "id": 29,
            "text": "2 : 국사는 좀 귀에 들어오긴 하겠다",
            "norm_text": "국사는 좀 귀에 들어오긴 하겠다",
            "speaker": {
              "id": "2번",
              "sex": "여성",
              "age": "20대"
            },
            "speechAct": "(단언) 주장하기",
            "morpheme": "국사/NNG+는/JX+좀/MAG+귀/NNG+에/JKB+들어오/VV+긴/ETN+JX+하/VX+겠/EP+다/EC"
          }
        ]
      }
    }
  ]
}