{
  "dataset": {
    "identifier": 32311,
    "name": "KAKAO_931_06_set",
    "src_path": "/data/file/cubeManager/PROJECT001/53/txt20211005162130065762/KAKAO_931_06_set/",
    "label_path": "/data/file/cubeManager/PROJECT001/53/txt20211005162130065762/KAKAO_931_06_set/",
    "category": 2,
    "type": 0
  },
  "licenses": {
    "name": "Apache License 1.0",
    "url": "http://www.apache.org/licenses/LICENSE-1.0"
  },
  "info": [
    {
      "id": 42183,
      "filename": "KAKAO_931_06.txt",
      "title": "KAKAO_931_06",
      "mediatype": "SNS",
      "medianame": "카카오톡",
      "category": "일상대화",
      "date": "2021-10-05",
      "size": 588,
      "annotations": {
        "subject": "교육",
        "speaker_type": "1:1",
        "size": 588,
        "word_size": 208,
        "text": "1 : 너 구몬 학습지 얼마나 했었지 한 1년 했나?\n2 : 나 1년 넘게 했던 듯? 키키\n2 : 근데 멀쩡히 한 건 한 6개월…ㅋ\n1 : 너 일본어 했었지? 키키\n1 : 효과 있었어?\n1 : 나도 해볼까 싶은데\n2 : 시간 여유 있으면 솔직히 좋아 키키 할 만했어 양이 많지는 않아서\n1 : 조절해 달라 하면 해줘?\n1 : 선생님은 매번 봐야 하지?\n2 : 그것도 그냥 난 아 야근 때문에 바쁘다고 걍 편지함에 넣어 달라 함\n1 : 키키 구몬 안 하던 어린이는 자라서도 똑같구만\n2 : 나 구몬 어릴 때 할 때 별 짓 다해봤는데 키키 내가 생각해도 신박했음\n1 : 뭐했는데? 키키\n1 : 난 그냥 아 놓고 왔다 잃어버렸다 한 듯\n2 : 나? 키키\n2 : 휴 좀 쩔었지 10장씩 버리다가 들켜서\n1 : 아 10장은 좀 많네 키키 인정 키키\n2 : 그 담 번엔 3, 6, 9 이런 식으로 끝은 10으로 끝나게 하고 뜯어 버림\n1 : 디테일 좀 봐 키키\n1 : 선생님한테 안 들킴?\n2 : 키키 에이 설마 알았는데 봐 준 거겠지 안 들켰을 리가\n1 : 키키 맞아 그건 그렇네 키키 근데 진짜 하기 싫었나 보네\n2 : 휴 너무 싫었어 키키 ㅠ\n2 : 근데 그런 내가 나이 먹어서 내 돈 내고 하다니",
        "lines": [
          {
            "id": 1,
            "text": "1 : 너 구몬 학습지 얼마나 했었지 한 1년 했나?",
            "norm_text": "너 구몬 학습지 얼마나 했었지 한 1년 했나?",
            "speaker": {
              "id": "1번",
              "sex": "여성",
              "age": "20대"
            },
            "speechAct": "(단언) 주장하기",
            "morpheme": "너/NP+구몬/NNP+학습지/NNG+얼마나/MAG+했었/VV+EP+지한/EC+VV+ETM+1/SN+년/NNBC+했/VV+EP+나/EF"
          },
          {
            "id": 2,
            "text": "2 : 나 1년 넘게 했던 듯? 키키",
            "norm_text": "나 1년 넘게 했던 듯? 키키",
            "speaker": {
              "id": "2번",
              "sex": "여성",
              "age": "20대"
            },
            "speechAct": "(단언) 주장하기",
            "morpheme": "나/NP+1/SN+년/NNBC+넘/VV+게/EC+했/VX+EP+던/ETM+듯/NNB+키/NNG+키/XSV+ETN"
          },
          {
            "id": 3,
            "text": "2 : 근데 멀쩡히 한 건 한 6개월…ㅋ",
            "norm_text": "근데 멀쩡히 한 건 한 6개월…ㅋ",
            "speaker": {
              "id": "2번",
              "sex": "여성",
              "age": "20대"
            },
            "speechAct": "(단언) 주장하기",
            "morpheme": "근데/MAJ+멀쩡히/MAG+한/XSA+ETM+건/NNB+JX+한/MM+6/SN+개월/NNBC+…/SE+ㅋ/UNKNOWN"
          },
          {
            "id": 4,
            "text": "1 : 너 일본어 했었지? 키키",
            "norm_text": "너 일본어 했었지? 키키",
            "speaker": {
              "id": "1번",
              "sex": "여성",
              "age": "20대"
            },
            "speechAct": "(단언) 주장하기",
            "morpheme": "너/NP+일본어/NNG+했었/XSV+EP+지/EF+키/NNG+키/XSV+ETN"
          },
          {
            "id": 5,
            "text": "1 : 효과 있었어?",
            "norm_text": "효과 있었어?",
            "speaker": {
              "id": "1번",
              "sex": "여성",
              "age": "20대"
            },
            "speechAct": "(단언) 주장하기",
            "morpheme": "효과/NNG+있/VV+었/EP+어/EF"
          },
          {
            "id": 6,
            "text": "1 : 나도 해볼까 싶은데",
            "norm_text": "나도 해볼까 싶은데",
            "speaker": {
              "id": "1번",
              "sex": "여성",
              "age": "20대"
            },
            "speechAct": "(단언) 주장하기",
            "morpheme": "나/NP+도/JX+해볼까/VV+EC+VX+EC+싶/VX+은데/EC"
          },
          {
            "id": 7,
            "text": "2 : 시간 여유 있으면 솔직히 좋아 키키 할 만했어 양이 많지는 않아서",
            "norm_text": "시간 여유 있으면 솔직히 좋아 키키 할 만했어 양이 많지는 않아서",
            "speaker": {
              "id": "2번",
              "sex": "여성",
              "age": "20대"
            },
            "speechAct": "(단언) 주장하기",
            "morpheme": "시간/NNG+여유/NNG+있/VV+으면/EC+솔직히/MAG+좋/VA+아/EC+키/NNG+키/NNG+할/XSV+ETM+만/NNB+했/XSA+EP+어/EC+양/NNG+이/JKS+많/VA+지/EC+는/JX+않/VX+아서/EC"
          },
          {
            "id": 8,
            "text": "1 : 조절해 달라 하면 해줘?",
            "norm_text": "조절해 달라 하면 해줘?",
            "speaker": {
              "id": "1번",
              "sex": "여성",
              "age": "20대"
            },
            "speechAct": "(단언) 주장하기",
            "morpheme": "조절/NNG+해/XSV+EC+달/VX+라/EC+하/VV+면/EC+해/VV+EC+줘/VX+EF"
          },
          {
            "id": 9,
            "text": "1 : 선생님은 매번 봐야 하지?",
            "norm_text": "선생님은 매번 봐야 하지?",
            "speaker": {
              "id": "1번",
              "sex": "여성",
              "age": "20대"
            },
            "speechAct": "(단언) 주장하기",
            "morpheme": "선생/NNG+님/XSN+은/JX+매번/MAG+봐야/VV+EC+하/VX+지/EF"
          },
          {
            "id": 10,
            "text": "2 : 그것도 그냥 난 아 야근 때문에 바쁘다고 걍 편지함에 넣어 달라 함",
            "norm_text": "그것도 그냥 난 아 야근 때문에 바쁘다고 걍 편지함에 넣어 달라 함",
            "speaker": {
              "id": "2번",
              "sex": "여성",
              "age": "20대"
            },
            "speechAct": "(단언) 주장하기",
            "morpheme": "그것/NP+도/JX+그냥/MAG+난아/NNG+야근/NNG+때문/NNB+에/JKB+바쁘/VA+다고/EC+걍/UNKNOWN+편지/NNG+함/XSV+ETN+에/JKB+넣/VV+어/EC+달/VX+라/EC+함/VX+ETN"
          },
          {
            "id": 11,
            "text": "1 : 키키 구몬 안 하던 어린이는 자라서도 똑같구만",
            "norm_text": "키키 구몬 안 하던 어린이는 자라서도 똑같구만",
            "speaker": {
              "id": "1번",
              "sex": "여성",
              "age": "20대"
            },
            "speechAct": "(단언) 주장하기",
            "morpheme": "키키/NNP+구몬/NNP+안/MAG+하/VV+던/ETM+어린이/NNG+는/JX+자라/VV+서/EC+도/JX+똑같/VA+구만/EC"
          },
          {
            "id": 12,
            "text": "2 : 나 구몬 어릴 때 할 때 별 짓 다해봤는데 키키 내가 생각해도 신박했음",
            "norm_text": "나 구몬 어릴 때 할 때 별 짓 다해봤는데 키키 내가 생각해도 신박했음",
            "speaker": {
              "id": "2번",
              "sex": "여성",
              "age": "20대"
            },
            "speechAct": "(단언) 주장하기",
            "morpheme": "나/NP+구몬/NNP+어릴/VA+ETM+때/NNG+할/XSV+ETM+때/NNG+별/XSN+짓/VV+다/EC+해/VV+EC+봤/VX+EP+는데/EC+키/NNG+키/XSV+ETN+내/NP+가/JKS+생각/NNG+해도/XSV+EC+신박/NNG+했/XSV+EP+음/ETN"
          },
          {
            "id": 13,
            "text": "1 : 뭐했는데? 키키",
            "norm_text": "뭐했는데? 키키",
            "speaker": {
              "id": "1번",
              "sex": "여성",
              "age": "20대"
            },
            "speechAct": "(단언) 주장하기",
            "morpheme": "뭐/IC+했/VV+EP+는데/EC+?/SY+키/NNG+키/XSV+ETN"
          },
          {
            "id": 14,
            "text": "1 : 난 그냥 아 놓고 왔다 잃어버렸다 한 듯",
            "norm_text": "난 그냥 아 놓고 왔다 잃어버렸다 한 듯",
            "speaker": {
              "id": "1번",
              "sex": "여성",
              "age": "20대"
            },
            "speechAct": "(단언) 주장하기",
            "morpheme": "난/NP+JX+그냥/MAG+아/IC+놓/VV+고/EC+왔/VX+EP+다/EC+잃어버렸/VV+EP+다/EC+한/VX+ETM+듯/NNB"
          },
          {
            "id": 15,
            "text": "2 : 나? 키키",
            "norm_text": "나? 키키",
            "speaker": {
              "id": "2번",
              "sex": "여성",
              "age": "20대"
            },
            "speechAct": "(단언) 주장하기",
            "morpheme": "나/NP+키/NNG+키/XSV+ETN"
          },
          {
            "id": 16,
            "text": "2 : 휴 좀 쩔었지 10장씩 버리다가 들켜서",
            "norm_text": "휴 좀 쩔었지 10장씩 버리다가 들켜서",
            "speaker": {
              "id": "2번",
              "sex": "여성",
              "age": "20대"
            },
            "speechAct": "(단언) 주장하기",
            "morpheme": "휴/IC+좀/MAG+쩔/VA+었/EP+지/EC+10/SN+장/NNBC+씩/XSN+버리/VV+다가/EC+들켜서/VV+EC"
          },
          {
            "id": 17,
            "text": "1 : 아 10장은 좀 많네 키키 인정 키키",
            "norm_text": "아 10장은 좀 많네 키키 인정 키키",
            "speaker": {
              "id": "1번",
              "sex": "여성",
              "age": "20대"
            },
            "speechAct": "(단언) 주장하기",
            "morpheme": "아/IC+10/SN+장/NNG+은/JX+좀/MAG+많/VA+네/EF+키키/NNP+인정/NNG+키/NNG+키/XSV+ETN"
          },
          {
            "id": 18,
            "text": "2 : 그 담 번엔 3, 6, 9 이런 식으로 끝은 10으로 끝나게 하고 뜯어 버림",
            "norm_text": "그 담 번엔 3, 6, 9 이런 식으로 끝은 10으로 끝나게 하고 뜯어 버림",
            "speaker": {
              "id": "2번",
              "sex": "여성",
              "age": "20대"
            },
            "speechAct": "(단언) 주장하기",
            "morpheme": "그/MM+담/NNG+번/NNBC+엔/JKB+JX+3/SN+,/SC+6/SN+,/SC+9/SN+이런/MM+식/NNB+으로/JKB+끝/NNG+은/JX+10/SN+으로/JKB+끝나/VV+게/EC+하/VV+고/EC+뜯/VV+어/EC+버림/VX+ETN"
          },
          {
            "id": 19,
            "text": "1 : 디테일 좀 봐 키키",
            "norm_text": "디테일 좀 봐 키키",
            "speaker": {
              "id": "1번",
              "sex": "여성",
              "age": "20대"
            },
            "speechAct": "(단언) 주장하기",
            "morpheme": "디테일/NNG+좀/MAG+봐/VV+EC+키/NNG+키/XSV+ETN"
          },
          {
            "id": 20,
            "text": "1 : 선생님한테 안 들킴?",
            "norm_text": "선생님한테 안 들킴?",
            "speaker": {
              "id": "1번",
              "sex": "여성",
              "age": "20대"
            },
            "speechAct": "(단언) 주장하기",
            "morpheme": "선생/NNG+님/XSN+한테/JKB+안들/NNG+킴/NNP"
          },
          {
            "id": 21,
            "text": "2 : 키키 에이 설마 알았는데 봐 준 거겠지 안 들켰을 리가",
            "norm_text": "키키 에이 설마 알았는데 봐 준 거겠지 안 들켰을 리가",
            "speaker": {
              "id": "2번",
              "sex": "여성",
              "age": "20대"
            },
            "speechAct": "(단언) 주장하기",
            "morpheme": "키/NNG+키/NNG+에/JKB+이/MM+설마/MAG+알/VV+았/EP+는데/EC+봐/VX+EC+준거/VX+ETM+NNB+VCP+겠/EP+지/EC+안/MAG+들켰/VV+EP+을/ETM+리/NNB+가/JKS"
          },
          {
            "id": 22,
            "text": "1 : 키키 맞아 그건 그렇네 키키 근데 진짜 하기 싫었나 보네",
            "norm_text": "키키 맞아 그건 그렇네 키키 근데 진짜 하기 싫었나 보네",
            "speaker": {
              "id": "1번",
              "sex": "여성",
              "age": "20대"
            },
            "speechAct": "(단언) 주장하기",
            "morpheme": "키/NNG+키/XSV+ETN+맞/VV+아/EC+그건/NP+JX+그렇/VA+네/EF+키/NNG+키/XSV+ETN+근데/MAJ+진짜/MAG+하/XSA+기/ETN+싫/VA+었/EP+나/EC+보/VX+네/EC"
          },
          {
            "id": 23,
            "text": "2 : 휴 너무 싫었어 키키 ㅠ",
            "norm_text": "휴 너무 싫었어 키키 ㅠ",
            "speaker": {
              "id": "2번",
              "sex": "여성",
              "age": "20대"
            },
            "speechAct": "(단언) 주장하기",
            "morpheme": "휴/IC+너무/MAG+싫/VA+었/EP+어/EC+키/NNG+키ㅠ/UNKNOWN"
          },
          {
            "id": 24,
            "text": "2 : 근데 그런 내가 나이 먹어서 내 돈 내고 하다니",
            "norm_text": "근데 그런 내가 나이 먹어서 내 돈 내고 하다니",
            "speaker": {
              "id": "2번",
              "sex": "여성",
              "age": "20대"
            },
            "speechAct": "(단언) 주장하기",
            "morpheme": "근데/MAJ+그런/MM+내/NP+가/JKS+나이/NNG+먹/VV+어서/EC+내/NP+JKG+돈/NNG+내/VV+고/EC+하/VV+다니/EC"
          }
        ]
      }
    }
  ]
}