{
  "dataset": {
    "identifier": 31700,
    "name": "KAKAO_938_11_set",
    "src_path": "/data/file/cubeManager/PROJECT001/53/txt20211005162530012929/KAKAO_938_11_set/",
    "label_path": "/data/file/cubeManager/PROJECT001/53/txt20211005162530012929/KAKAO_938_11_set/",
    "category": 2,
    "type": 0
  },
  "licenses": {
    "name": "Apache License 1.0",
    "url": "http://www.apache.org/licenses/LICENSE-1.0"
  },
  "info": [
    {
      "id": 42328,
      "filename": "KAKAO_938_11.txt",
      "title": "KAKAO_938_11",
      "mediatype": "SNS",
      "medianame": "카카오톡",
      "category": "일상대화",
      "date": "2021-10-05",
      "size": 814,
      "annotations": {
        "subject": "게임",
        "speaker_type": "1:1",
        "size": 814,
        "word_size": 276,
        "text": "1 : ** 혹시 심즈라고 알아?키키\n2 : 당연히 알지 키키\n2 : 심즈 어릴 때 많이 했었어\n2 : 집 짓고 막 놀이공원도 만들고 그런거 아니야?\n1 : 응응 키키 나도 어릴 때 했었는데 얼마 전에 해봤어 키키\n1 : 진짜 추억 돋더라\n2 : 그거 피시 게임으로 했어? 아님 모바일로?\n2 : 모바일로도 나왔던데!\n1 : 헐 키키 모바일도 있는지 몰랐네\n1 : 난 피씨로 했었어 키키\n1 : 난 롤러코스터 타이쿤도 했었는데 혹시 알앙?\n2 : 아니 그건 잘 몰라 키키\n2 : 타이쿤 게임 중에 붕어빵이랑 햄버거 이런 거도 있지 않아?\n1 : 응 키키 난 그런 게 넘 재밌더라 키키\n1 : 막 키우고 만들고 이런 거\n2 : 나도 그런 단순한 게임이 좋아 키키\n2 : 막 머리 쓰고 조작법 알아야 되고 그런거 말고\n1 : 키키 맞앙 그리고 뭔가 아기자기한 것도 조앙 키키\n1 : 카트라이더도 모바일 있다고 하던뎅\n2 : 응응 키키 근데 카트라이더나 심즈 같은 게임은 피시 게임으로 하는 게 훨씬 더 재밌는 거 같아\n1 : 키키 맞앙 난 옛날에 화이트 데이라는 공포 게임도 했었는데 키키\n1 : 경비한테 쫓기는 거\n2 : 헐 그거 진짜 추억의 게임이다 키키\n2 : 나는 모바일 게임 중에 액션퍼즐패밀리 알아?\n2 : 그거 자주 했었어 키키\n1 : 응 키키 그거 나도 해봤을걸 키키\n1 : 그거 막 작은 게임 여러 개 있는 건가? 키키\n2 : 맞아 맞아 키키 그거 진짜 재밌었어\n2 : 요즘도 가끔 하면 재밌더라구\n1 : 키키 그런 거 비슷한 걸로 모두의 게임 이란 것도 있었는데 키키 존잼\n2 : 모두의 게임 들어 본 것 같아 키키\n2 : 시간 안 갈 때 그런 게임 하면 시간 잘 가고 좋겠다\n2 : 담에 해봐야지",
        "lines": [
          {
            "id": 1,
            "text": "1 : ** 혹시 심즈라고 알아?키키",
            "norm_text": "** 혹시 심즈라고 알아?키키",
            "speaker": {
              "id": "1번",
              "sex": "여성",
              "age": "20대"
            },
            "speechAct": "(지시) 질문하기",
            "morpheme": "*/SY+*/SY+혹시/MAG+심즈/NNP+라고/VCP+EC+알/VV+아/EF+키/NNG+키/XSV+ETN"
          },
          {
            "id": 2,
            "text": "2 : 당연히 알지 키키",
            "norm_text": "당연히 알지 키키",
            "speaker": {
              "id": "2번",
              "sex": "여성",
              "age": "20대"
            },
            "speechAct": "(단언) 주장하기",
            "morpheme": "당연히/MAG+알/VV+지/EC+키/NNG+키/XSV+ETN"
          },
          {
            "id": 3,
            "text": "2 : 심즈 어릴 때 많이 했었어",
            "norm_text": "심즈 어릴 때 많이 했었어",
            "speaker": {
              "id": "2번",
              "sex": "여성",
              "age": "20대"
            },
            "speechAct": "(단언) 진술하기",
            "morpheme": "심즈/NNP+어릴/VA+ETM+때/NNG+많이/MAG+했었/VV+EP+어/EC"
          },
          {
            "id": 4,
            "text": "2 : 집 짓고 막 놀이공원도 만들고 그런거 아니야?",
            "norm_text": "집 짓고 막 놀이공원도 만들고 그런거 아니야?",
            "speaker": {
              "id": "2번",
              "sex": "여성",
              "age": "20대"
            },
            "speechAct": "(지시) 질문하기",
            "morpheme": "집/NNG+짓/VV+고/EC+막/NNG+놀이/NNG+공원/NNG+도/JX+만들/VV+고/EC+그런/MM+거/NNB+아니/VCN+야/EF"
          },
          {
            "id": 5,
            "text": "1 : 응응 키키 나도 어릴 때 했었는데 얼마 전에 해봤어 키키",
            "norm_text": "응응 키키 나도 어릴 때 했었는데 얼마 전에 해봤어 키키",
            "speaker": {
              "id": "1번",
              "sex": "여성",
              "age": "20대"
            },
            "speechAct": "(단언) 진술하기",
            "morpheme": "응/IC+응/IC+키/NNG+키나/XSA+ETN+JX+도/JX+어릴/VA+ETM+때/NNG+했었/XSV+EP+는데/EC+얼마/NNG+전/NNG+에/JKB+해/VV+EC+봤/VX+EP+어/EC+키/NNG+키/XSV+ETN"
          },
          {
            "id": 6,
            "text": "1 : 진짜 추억 돋더라",
            "norm_text": "진짜 추억 돋더라",
            "speaker": {
              "id": "1번",
              "sex": "여성",
              "age": "20대"
            },
            "speechAct": "(단언) 진술하기",
            "morpheme": "진짜/MAG+추억/NNG+돋/VV+더라/EC"
          },
          {
            "id": 7,
            "text": "2 : 그거 피시 게임으로 했어? 아님 모바일로?",
            "norm_text": "그거 피시 게임으로 했어? 아님 모바일로?",
            "speaker": {
              "id": "2번",
              "sex": "여성",
              "age": "20대"
            },
            "speechAct": "(지시) 질문하기",
            "morpheme": "그거/NP+피시/NNG+게임/NNG+으로/JKB+했/VV+EP+어/EF+아님/MAJ+모바일/NNP+로/JKB"
          },
          {
            "id": 8,
            "text": "2 : 모바일로도 나왔던데!",
            "norm_text": "모바일로도 나왔던데!",
            "speaker": {
              "id": "2번",
              "sex": "여성",
              "age": "20대"
            },
            "speechAct": "(단언) 진술하기",
            "morpheme": "모바일/NNP+로/JKB+도/JX+나왔/VV+EP+던데/EF"
          },
          {
            "id": 9,
            "text": "1 : 헐 키키 모바일도 있는지 몰랐네",
            "norm_text": "헐 키키 모바일도 있는지 몰랐네",
            "speaker": {
              "id": "1번",
              "sex": "여성",
              "age": "20대"
            },
            "speechAct": "(단언) 주장하기",
            "morpheme": "헐/IC+키키/NNP+모바일/NNP+도/JX+있/VA+는지/EC+몰랐/VV+EP+네/EF"
          },
          {
            "id": 10,
            "text": "1 : 난 피씨로 했었어 키키",
            "norm_text": "난 피씨로 했었어 키키",
            "speaker": {
              "id": "1번",
              "sex": "여성",
              "age": "20대"
            },
            "speechAct": "(단언) 진술하기",
            "morpheme": "난피/NNG+씨/NNG+로/JKB+했었/VV+EP+어/EC+키/NNG+키/XSV+ETN"
          },
          {
            "id": 11,
            "text": "1 : 난 롤러코스터 타이쿤도 했었는데 혹시 알앙?",
            "norm_text": "난 롤러코스터 타이쿤도 했었는데 혹시 알앙?",
            "speaker": {
              "id": "1번",
              "sex": "여성",
              "age": "20대"
            },
            "speechAct": "(지시) 질문하기",
            "morpheme": "난/NP+JX+롤러코스터/NNG+타이쿤/NNP+도/JX+했었/VV+EP+는데/EC+혹시/MAG+알/VV+앙/EC"
          },
          {
            "id": 12,
            "text": "2 : 아니 그건 잘 몰라 키키",
            "norm_text": "아니 그건 잘 몰라 키키",
            "speaker": {
              "id": "2번",
              "sex": "여성",
              "age": "20대"
            },
            "speechAct": "(단언) 주장하기",
            "morpheme": "아니/IC+그건/NP+JX+잘/MAG+몰라/VV+EC+키/NNG+키/XSV+ETN"
          },
          {
            "id": 13,
            "text": "2 : 타이쿤 게임 중에 붕어빵이랑 햄버거 이런 거도 있지 않아?",
            "norm_text": "타이쿤 게임 중에 붕어빵이랑 햄버거 이런 거도 있지 않아?",
            "speaker": {
              "id": "2번",
              "sex": "여성",
              "age": "20대"
            },
            "speechAct": "(지시) 질문하기",
            "morpheme": "타이쿤/NNP+게임/NNG+중/NNB+에/JKB+붕어빵/NNG+이랑/JC+햄버거/NNP+이런/MM+거/NNB+도/JX+있/VA+지/EC+않/VX+아/EF"
          },
          {
            "id": 14,
            "text": "1 : 응 키키 난 그런 게 넘 재밌더라 키키",
            "norm_text": "응 키키 난 그런 게 넘 재밌더라 키키",
            "speaker": {
              "id": "1번",
              "sex": "여성",
              "age": "20대"
            },
            "speechAct": "(단언) 주장하기",
            "morpheme": "응/IC+키/NNG+키/XSV+ETN+난/NP+JX+그런/MM+게/NNB+JKS+넘/MAG+재밌/VA+더라/EC+키/NNG+키/XSV+ETN"
          },
          {
            "id": 15,
            "text": "1 : 막 키우고 만들고 이런 거",
            "norm_text": "막 키우고 만들고 이런 거",
            "speaker": {
              "id": "1번",
              "sex": "여성",
              "age": "20대"
            },
            "speechAct": "(단언) 주장하기",
            "morpheme": "막/MAJ+키우/VV+고/EC+만들/VV+고/EC+이런/MM+거/NNB"
          },
          {
            "id": 16,
            "text": "2 : 나도 그런 단순한 게임이 좋아 키키",
            "norm_text": "나도 그런 단순한 게임이 좋아 키키",
            "speaker": {
              "id": "2번",
              "sex": "여성",
              "age": "20대"
            },
            "speechAct": "(단언) 주장하기",
            "morpheme": "나/NP+도/JX+그런/MM+단순/NNG+한/XSA+ETM+게임/NNG+이/JKS+좋/VA+아/EC+키/NNG+키/XSV+ETN"
          },
          {
            "id": 17,
            "text": "2 : 막 머리 쓰고 조작법 알아야 되고 그런거 말고",
            "norm_text": "막 머리 쓰고 조작법 알아야 되고 그런거 말고",
            "speaker": {
              "id": "2번",
              "sex": "여성",
              "age": "20대"
            },
            "speechAct": "(단언) 주장하기",
            "morpheme": "막/MAJ+머리/NNG+쓰/VV+고/EC+조작법/NNG+알/VV+아야/EC+되/VV+고/EC+그런/MM+거/NNB+말/VV+고/EC"
          },
          {
            "id": 18,
            "text": "1 : 키키 맞앙 그리고 뭔가 아기자기한 것도 조앙 키키",
            "norm_text": "키키 맞앙 그리고 뭔가 아기자기한 것도 조앙 키키",
            "speaker": {
              "id": "1번",
              "sex": "여성",
              "age": "20대"
            },
            "speechAct": "(단언) 주장하기",
            "morpheme": "키/NNG+키/XSV+ETN+맞/VV+앙/EC+그리고/MAJ+뭔가/NP+VCP+EC+아기자기/XR+한/XSA+ETM+것/NNB+도/JX+조앙/NNG+키/NNG+키/XSV+ETN"
          },
          {
            "id": 19,
            "text": "1 : 카트라이더도 모바일 있다고 하던뎅",
            "norm_text": "카트라이더도 모바일 있다고 하던뎅",
            "speaker": {
              "id": "1번",
              "sex": "여성",
              "age": "20대"
            },
            "speechAct": "(단언) 진술하기",
            "morpheme": "카트라이더/NNP+도/JX+모바일/NNP+있/VV+다고/EC+하/VX+던/ETM+뎅/NNP"
          },
          {
            "id": 20,
            "text": "2 : 응응 키키 근데 카트라이더나 심즈 같은 게임은 피시 게임으로 하는 게 훨씬 더 재밌는 거 같아",
            "norm_text": "응응 키키 근데 카트라이더나 심즈 같은 게임은 피시 게임으로 하는 게 훨씬 더 재밌는 거 같아",
            "speaker": {
              "id": "2번",
              "sex": "여성",
              "age": "20대"
            },
            "speechAct": "(단언) 주장하기",
            "morpheme": "응/IC+응/IC+키/NNG+키/XSV+ETN+근데/MAJ+카트라이더/NNP+나/JC+심즈/NNP+같/VA+은/ETM+게임/NNG+은/JX+피시/NNG+게임/NNG+으로/JKB+하/VV+는/ETM+게/NNB+JKS+훨씬/MAG+더/MAG+재밌/VA+는/ETM+거/NNB+같/VA+아/EC"
          },
          {
            "id": 21,
            "text": "1 : 키키 맞앙 난 옛날에 화이트 데이라는 공포 게임도 했었는데 키키",
            "norm_text": "키키 맞앙 난 옛날에 화이트 데이라는 공포 게임도 했었는데 키키",
            "speaker": {
              "id": "1번",
              "sex": "여성",
              "age": "20대"
            },
            "speechAct": "(단언) 진술하기",
            "morpheme": "키/NNG+키/XSV+ETN+맞/VV+앙/EC+난/VX+ETM+옛날/NNG+에/JKB+화이트데이/NNP+라는/VCP+ETM+공포/NNG+게임/NNG+도/JX+했었/VV+EP+는데/EC+키/NNG+키/XSV+ETN"
          },
          {
            "id": 22,
            "text": "1 : 경비한테 쫓기는 거",
            "norm_text": "경비한테 쫓기는 거",
            "speaker": {
              "id": "1번",
              "sex": "여성",
              "age": "20대"
            },
            "speechAct": "(단언) 진술하기",
            "morpheme": "경비/NNG+한테/JKB+쫓기/VV+는/ETM+거/NNB"
          },
          {
            "id": 23,
            "text": "2 : 헐 그거 진짜 추억의 게임이다 키키",
            "norm_text": "헐 그거 진짜 추억의 게임이다 키키",
            "speaker": {
              "id": "2번",
              "sex": "여성",
              "age": "20대"
            },
            "speechAct": "(단언) 주장하기",
            "morpheme": "헐/IC+그거/NP+진짜/MAG+추억/NNG+의/JKG+게임/NNG+이/JKS+다키키/NNP"
          },
          {
            "id": 24,
            "text": "2 : 나는 모바일 게임 중에 액션퍼즐패밀리 알아?",
            "norm_text": "나는 모바일 게임 중에 액션퍼즐패밀리 알아?",
            "speaker": {
              "id": "2번",
              "sex": "여성",
              "age": "20대"
            },
            "speechAct": "(지시) 질문하기",
            "morpheme": "나/NP+는/JX+모바일/NNP+게임/NNG+중/NNB+에/JKB+액션/NNG+퍼즐/NNG+패밀리/NNG+알/VV+아/EF"
          },
          {
            "id": 25,
            "text": "2 : 그거 자주 했었어 키키",
            "norm_text": "그거 자주 했었어 키키",
            "speaker": {
              "id": "2번",
              "sex": "여성",
              "age": "20대"
            },
            "speechAct": "(단언) 진술하기",
            "morpheme": "그거/NP+자주/MAG+했었/VV+EP+어/EC+키/NNG+키/XSV+ETN"
          },
          {
            "id": 26,
            "text": "1 : 응 키키 그거 나도 해봤을걸 키키",
            "norm_text": "응 키키 그거 나도 해봤을걸 키키",
            "speaker": {
              "id": "1번",
              "sex": "여성",
              "age": "20대"
            },
            "speechAct": "(단언) 주장하기",
            "morpheme": "응/IC+키/NNG+키/XSV+ETN+그거/NP+나/NP+도/JX+해/VV+EC+봤/VX+EP+을/ETM+걸/NNB+JKO+키/NNG+키/XSV+ETN"
          },
          {
            "id": 27,
            "text": "1 : 그거 막 작은 게임 여러 개 있는 건가? 키키",
            "norm_text": "그거 막 작은 게임 여러 개 있는 건가? 키키",
            "speaker": {
              "id": "1번",
              "sex": "여성",
              "age": "20대"
            },
            "speechAct": "(지시) 질문하기",
            "morpheme": "그거/NP+막/MAJ+작/VA+은/ETM+게임/NNG+여러/MM+개/NNBC+있/VA+는/ETM+건가/NNB+VCP+EF+키/NNG+키/XSV+ETN"
          },
          {
            "id": 28,
            "text": "2 : 맞아 맞아 키키 그거 진짜 재밌었어",
            "norm_text": "맞아 맞아 키키 그거 진짜 재밌었어",
            "speaker": {
              "id": "2번",
              "sex": "여성",
              "age": "20대"
            },
            "speechAct": "(단언) 진술하기",
            "morpheme": "맞/VV+아/EC+맞/VV+아/EC+키/NNG+키/XSV+ETN+그거/NP+진짜/MAG+재밌/VA+었/EP+어/EC"
          },
          {
            "id": 29,
            "text": "2 : 요즘도 가끔 하면 재밌더라구",
            "norm_text": "요즘도 가끔 하면 재밌더라구",
            "speaker": {
              "id": "2번",
              "sex": "여성",
              "age": "20대"
            },
            "speechAct": "(단언) 진술하기",
            "morpheme": "요즘/NNG+도/JX+가끔/MAG+하/VV+면/EC+재밌/VA+더라구/EC"
          },
          {
            "id": 30,
            "text": "1 : 키키 그런 거 비슷한 걸로 모두의 게임 이란 것도 있었는데 키키 존잼",
            "norm_text": "키키 그런 거 비슷한 걸로 모두의 게임 이란 것도 있었는데 키키 존잼",
            "speaker": {
              "id": "1번",
              "sex": "여성",
              "age": "20대"
            },
            "speechAct": "(단언) 진술하기",
            "morpheme": "키키/NNP+그런/MM+거/NNB+비슷/XR+한/XSA+ETM+걸로/NNB+JKB+모두/NNG+의/JKG+게임/NNG+이/VCP+란/ETM+것/NNB+도/JX+있/VA+었/EP+는데/EC+키키/NNP+존/NNP+잼/NNG"
          },
          {
            "id": 31,
            "text": "2 : 모두의 게임 들어 본 것 같아 키키",
            "norm_text": "모두의 게임 들어 본 것 같아 키키",
            "speaker": {
              "id": "2번",
              "sex": "여성",
              "age": "20대"
            },
            "speechAct": "(단언) 주장하기",
            "morpheme": "모두/NNG+의/JKG+게임/NNG+들/VV+어/EC+본/VX+ETM+것/NNB+같/VA+아/EC+키/NNG+키/XSV+ETN"
          },
          {
            "id": 32,
            "text": "2 : 시간 안 갈 때 그런 게임 하면 시간 잘 가고 좋겠다",
            "norm_text": "시간 안 갈 때 그런 게임 하면 시간 잘 가고 좋겠다",
            "speaker": {
              "id": "2번",
              "sex": "여성",
              "age": "20대"
            },
            "speechAct": "(단언) 주장하기",
            "morpheme": "시간/NNG+안/MAG+갈/VV+ETM+때/NNG+그런/MM+게임/NNG+하/XSV+면/EC+시간/NNG+잘/MAG+가/VV+고/EC+좋/VA+겠/EP+다/EC"
          },
          {
            "id": 33,
            "text": "2 : 담에 해봐야지",
            "norm_text": "담에 해봐야지",
            "speaker": {
              "id": "2번",
              "sex": "여성",
              "age": "20대"
            },
            "speechAct": "(언약) 약속하기(제3자와)/(개인적 수준)",
            "morpheme": "담/NNG+에/JKB+해/VV+EC+봐야/VX+EC+VV+지/EC"
          }
        ]
      }
    }
  ]
}