{
  "dataset": {
    "identifier": 63466,
    "name": "KAKAO_909_02_set",
    "src_path": "/data/file/cubeManager/PROJECT001/53/txt20211005154109079093/KAKAO_909_02_set/",
    "label_path": "/data/file/cubeManager/PROJECT001/53/txt20211005154109079093/KAKAO_909_02_set/",
    "category": 2,
    "type": 0
  },
  "licenses": {
    "name": "Apache License 1.0",
    "url": "http://www.apache.org/licenses/LICENSE-1.0"
  },
  "info": [
    {
      "id": 41579,
      "filename": "KAKAO_909_02.txt",
      "title": "KAKAO_909_02",
      "mediatype": "SNS",
      "medianame": "카카오톡",
      "category": "일상대화",
      "date": "2021-10-05",
      "size": 460,
      "annotations": {
        "subject": "주거와 생활",
        "speaker_type": "1:1",
        "size": 460,
        "word_size": 148,
        "text": "1 : 아 진짜 자취하고 싶다 ㅠㅠ\n2 : 언니 대학교 때 친구들이랑 자취하지 않았어?\n1 : 엉엉 했지... 근데 한 번 자유를 맛보니 또 하고 싶어\n2 : 키키 그럴 것 같아 키키 그때 학교 앞 얼마였어?\n1 : 나 완전 저렴했어 키키 보증금 5만원에 한 학기에 90이었나\n2 : 언니 몇 명이서 지냈지?\n1 : 3명 키키 거즘 한 달에 10만원 꼴이니까 완전 저렴했지...\n2 : 와... 진짜 저렴하다 키키 거기만 특히 싼 거 같은데\n1 : 맞아 ㅠㅠ 다른 신축 원룸들은 완전 비싼데 내가 살던 원룸은 예전에 지은 거라 저렴하더라\n2 : 글쿠만 언제쯤 자취할 건데?\n1 : 직하면...? 키키 경제적으로 좀 안정 되면?\n2 : 나중에 자취하면 집들이 불러줘\n1 : 아 당연하지! 우리 집에서 자고 가 키키\n2 : 나도 아빠가 엄해서 잠은 못 자\n1 : 맞다 ㅠㅠ 그랬지 ㅠㅠ 내가 진짜 독립하면 꼭 초대할게 키키\n2 : 응응 키키 언제든 불러",
        "lines": [
          {
            "id": 1,
            "text": "1 : 아 진짜 자취하고 싶다 ㅠㅠ",
            "norm_text": "아 진짜 자취하고 싶다 ㅠㅠ",
            "speaker": {
              "id": "1번",
              "sex": "여성",
              "age": "20대"
            },
            "speechAct": "(단언) 주장하기",
            "morpheme": "아/IC+진짜/MAG+자취/NNG+하/XSV+고/EC+싶/VX+다/EF+ㅠㅠ/UNKNOWN"
          },
          {
            "id": 2,
            "text": "2 : 언니 대학교 때 친구들이랑 자취하지 않았어?",
            "norm_text": "언니 대학교 때 친구들이랑 자취하지 않았어?",
            "speaker": {
              "id": "2번",
              "sex": "여성",
              "age": "20대"
            },
            "speechAct": "(지시) 질문하기",
            "morpheme": "언니/NNG+대학교/NNG+때/NNG+친구/NNG+들/XSN+이랑/JKB+자취/NNG+하/XSV+지/EC+않/VX+았/EP+어/EF"
          },
          {
            "id": 3,
            "text": "1 : 엉엉 했지... 근데 한 번 자유를 맛보니 또 하고 싶어",
            "norm_text": "엉엉 했지... 근데 한 번 자유를 맛보니 또 하고 싶어",
            "speaker": {
              "id": "1번",
              "sex": "여성",
              "age": "20대"
            },
            "speechAct": "(단언) 주장하기",
            "morpheme": "엉엉/MAG+했/VV+EP+지/EF+./SY+근데/MAJ+한/MM+번/NNBC+자유/NNG+를/JKO+맛보/VV+니/EC+또/MAG+하/VV+고/EC+싶/VX+어/EC"
          },
          {
            "id": 4,
            "text": "2 : 키키 그럴 것 같아 키키 그때 학교 앞 얼마였어?",
            "norm_text": "키키 그럴 것 같아 키키 그때 학교 앞 얼마였어?",
            "speaker": {
              "id": "2번",
              "sex": "여성",
              "age": "20대"
            },
            "speechAct": "(지시) 질문하기",
            "morpheme": "키/NNG+키/XSV+ETN+그럴/VV+ETM+것/NNB+같/VA+아/EC+키/NNG+키/NNG+그때/NNG+학교/NNG+앞/NNG+얼마/NNG+였/VCP+EP+어/EF"
          },
          {
            "id": 5,
            "text": "1 : 나 완전 저렴했어 키키 보증금 5만원에 한 학기에 90이었나",
            "norm_text": "나 완전 저렴했어 키키 보증금 5만원에 한 학기에 90이었나",
            "speaker": {
              "id": "1번",
              "sex": "여성",
              "age": "20대"
            },
            "speechAct": "(단언) 진술하기",
            "morpheme": "나/NP+완전/MAG+저렴/XR+했/XSA+EP+어/EC+키/NNG+키/NNG+보증금/NNG+5/SN+만/NR+원/NNBC+에/JKB+한/MM+학기/NNG+에/JKB+90/SN+이/VCP+었/EP+나/EC"
          },
          {
            "id": 6,
            "text": "2 : 언니 몇 명이서 지냈지?",
            "norm_text": "언니 몇 명이서 지냈지?",
            "speaker": {
              "id": "2번",
              "sex": "여성",
              "age": "20대"
            },
            "speechAct": "(지시) 질문하기",
            "morpheme": "언니/NNG+몇/MM+명/NNBC+이/XSN+서/JKS+지냈/VV+EP+지/EF"
          },
          {
            "id": 7,
            "text": "1 : 3명 키키 거즘 한 달에 10만원 꼴이니까 완전 저렴했지...",
            "norm_text": "3명 키키 거즘 한 달에 10만원 꼴이니까 완전 저렴했지...",
            "speaker": {
              "id": "1번",
              "sex": "여성",
              "age": "20대"
            },
            "speechAct": "(단언) 진술하기",
            "morpheme": "3/SN+명/NNBC+키/NNG+키/XSV+ETN+거/NNB+즘/MAJ+한/MM+달/NNG+에/JKB+10/SN+만/NR+원/NNBC+꼴/XSN+이/VCP+니까/EC+완전/MAG+저렴/XR+했/XSA+EP+지/EF+./SY"
          },
          {
            "id": 8,
            "text": "2 : 와... 진짜 저렴하다 키키 거기만 특히 싼 거 같은데",
            "norm_text": "와... 진짜 저렴하다 키키 거기만 특히 싼 거 같은데",
            "speaker": {
              "id": "2번",
              "sex": "여성",
              "age": "20대"
            },
            "speechAct": "(단언) 주장하기",
            "morpheme": "와/IC+./SY+진짜/MAG+저렴/XR+하/XSA+다키키/NNP+거기/NP+만/JX+특히/MAG+싼/VA+ETM+거/NNB+같/VA+은데/EC"
          },
          {
            "id": 9,
            "text": "1 : 맞아 ㅠㅠ 다른 신축 원룸들은 완전 비싼데 내가 살던 원룸은 예전에 지은 거라 저렴하더라",
            "norm_text": "맞아 ㅠㅠ 다른 신축 원룸들은 완전 비싼데 내가 살던 원룸은 예전에 지은 거라 저렴하더라",
            "speaker": {
              "id": "1번",
              "sex": "여성",
              "age": "20대"
            },
            "speechAct": "(단언) 진술하기",
            "morpheme": "맞/VV+아/EC+ㅠㅠ/UNKNOWN+다른/MM+신축/NNG+원룸/NNG+들/XSN+은/JX+완전/MAG+비싼데/VA+EC+내/NP+가/JKS+살/VV+던/ETM+원룸/NNG+은/JX+예전/NNG+에/JKB+지/VV+은/ETM+거/NNB+라/VCP+EC+저렴/XR+하/XSA+더라/EC"
          },
          {
            "id": 10,
            "text": "2 : 글쿠만 언제쯤 자취할 건데?",
            "norm_text": "글쿠만 언제쯤 자취할 건데?",
            "speaker": {
              "id": "2번",
              "sex": "여성",
              "age": "20대"
            },
            "speechAct": "(지시) 질문하기",
            "morpheme": "글/VA+쿠/EC+만/JX+언제/NP+쯤/XSN+자취/NNG+할/XSV+ETM+건데/NNB+VCP+EF"
          },
          {
            "id": 11,
            "text": "1 : 직하면...? 키키 경제적으로 좀 안정 되면?",
            "norm_text": "직하면...? 키키 경제적으로 좀 안정 되면?",
            "speaker": {
              "id": "1번",
              "sex": "여성",
              "age": "20대"
            },
            "speechAct": "(단언) 주장하기",
            "morpheme": "직/NNG+하/XSV+면/EC+./SY+./SY+키/NNG+키/NNG+경제/NNG+적/XSN+으로/JKB+좀/MAG+안정/NNG+되/XSV+면/EC"
          },
          {
            "id": 12,
            "text": "2 : 나중에 자취하면 집들이 불러줘",
            "norm_text": "나중에 자취하면 집들이 불러줘",
            "speaker": {
              "id": "2번",
              "sex": "여성",
              "age": "20대"
            },
            "speechAct": "(단언) 주장하기",
            "morpheme": "나중/NNG+에/JKB+자취/NNG+하/XSV+면/EC+집들이/NNG+불러줘/VV+EC+VX+EC"
          },
          {
            "id": 13,
            "text": "1 : 아 당연하지! 우리 집에서 자고 가 키키",
            "norm_text": "아 당연하지! 우리 집에서 자고 가 키키",
            "speaker": {
              "id": "1번",
              "sex": "여성",
              "age": "20대"
            },
            "speechAct": "(단언) 주장하기",
            "morpheme": "아/IC+당연/XR+하/XSA+지/EF+우리/NP+집/NNG+에서/JKB+자고/NNG+가/JKS+키/NNG+키/XSV+ETN"
          },
          {
            "id": 14,
            "text": "2 : 나도 아빠가 엄해서 잠은 못 자",
            "norm_text": "나도 아빠가 엄해서 잠은 못 자",
            "speaker": {
              "id": "2번",
              "sex": "여성",
              "age": "20대"
            },
            "speechAct": "(단언) 진술하기",
            "morpheme": "나/NP+도/JX+아빠/NNG+가/JKS+엄해서/VA+EC+잠/NNG+은/JX+못자/NNG"
          },
          {
            "id": 15,
            "text": "1 : 맞다 ㅠㅠ 그랬지 ㅠㅠ 내가 진짜 독립하면 꼭 초대할게 키키",
            "norm_text": "맞다 ㅠㅠ 그랬지 ㅠㅠ 내가 진짜 독립하면 꼭 초대할게 키키",
            "speaker": {
              "id": "1번",
              "sex": "여성",
              "age": "20대"
            },
            "speechAct": "(단언) 주장하기",
            "morpheme": "맞/VV+다/EF+ㅠㅠ/UNKNOWN+그랬/VV+EP+지/EF+ㅠㅠ/UNKNOWN+내/NP+가/JKS+진짜/MAG+독립/NNG+하/XSV+면/EC+꼭/MAG+초대/NNG+할/XSV+ETM+게/NNB+JKS+키/NNG+키/XSV+ETN"
          },
          {
            "id": 16,
            "text": "2 : 응응 키키 언제든 불러",
            "norm_text": "응응 키키 언제든 불러",
            "speaker": {
              "id": "2번",
              "sex": "여성",
              "age": "20대"
            },
            "speechAct": "(단언) 주장하기",
            "morpheme": "응/IC+응/IC+키/NNG+키/XSV+ETN+언제/NP+든/VCP+EC+불러/VV+EC"
          }
        ]
      }
    }
  ]
}