{
  "dataset": {
    "identifier": 72794,
    "name": "KAKAO_906_11_set",
    "src_path": "/data/file/cubeManager/PROJECT001/53/txt20211005152905041585/KAKAO_906_11_set/",
    "label_path": "/data/file/cubeManager/PROJECT001/53/txt20211005152905041585/KAKAO_906_11_set/",
    "category": 2,
    "type": 0
  },
  "licenses": {
    "name": "Apache License 1.0",
    "url": "http://www.apache.org/licenses/LICENSE-1.0"
  },
  "info": [
    {
      "id": 41368,
      "filename": "KAKAO_906_11.txt",
      "title": "KAKAO_906_11",
      "mediatype": "SNS",
      "medianame": "카카오톡",
      "category": "일상대화",
      "date": "2021-10-05",
      "size": 425,
      "annotations": {
        "subject": "게임",
        "speaker_type": "1:1",
        "size": 425,
        "word_size": 131,
        "text": "1 : 요즘 하는  게임 있뉘...\n2 : 나 19세 게임해... 야한 거\n1 : 바쁜 **가 게임 할 시간이 있겠냐만은...\n2 : 웅 바쁜 시간 나노로 쪼개서 해\n1 : 뭐라고? 게임이 야한 게 있냐?\n2 : 키키 나도 스트레스 풀어야지 그럼 스토리 만들어 가는 건데\n1 : 왕게임 같은 거냐...? 세상에나\n2 : 막 채찍으로 때리고 즐기고 하는 거...\n1 : 키키 개웃겨 키키 이 내용을 볼 누군가에게 부끄럽네...\n2 : **이가 보더니 질색팔색을 하더라... 내 게임 취향 훗\n1 : 키키 질색 팔색 할만두... 뭔 일이데 아주미\n2 : 애 낳아봐라 로맨스가 그립다굿\n1 : 나중에 조심히 정보 공유 좀 유...\n2 : 좌표 안내해 드릴게여 아주미~\n1 : 키키 불법적인 거야...?\n1 : 경찰서에서 전화 오는 거 아냐?\n2 : 키키 겁나 합법적이거든요 걱정 마시고 따라오삼",
        "lines": [
          {
            "id": 1,
            "text": "1 : 요즘 하는  게임 있뉘...",
            "norm_text": "요즘 하는  게임 있뉘...",
            "speaker": {
              "id": "1번",
              "sex": "여성",
              "age": "30대"
            },
            "speechAct": "(지시) 질문하기",
            "morpheme": "요즘/NNG+하/XSV+는/ETM+게임/NNG+있/VA+뉘/NP+JKS+./SY"
          },
          {
            "id": 2,
            "text": "2 : 나 19세 게임해... 야한 거",
            "norm_text": "나 19세 게임해... 야한 거",
            "speaker": {
              "id": "2번",
              "sex": "여성",
              "age": "20대"
            },
            "speechAct": "(단언) 진술하기",
            "morpheme": "나/NP+19/SN+세/NNBC+게임/NNG+해/XSV+EF+./SY+야한/VA+ETM+거/NNB"
          },
          {
            "id": 3,
            "text": "1 : 바쁜 **가 게임 할 시간이 있겠냐만은...",
            "norm_text": "바쁜 **가 게임 할 시간이 있겠냐만은...",
            "speaker": {
              "id": "1번",
              "sex": "여성",
              "age": "30대"
            },
            "speechAct": "(단언) 진술하기",
            "morpheme": "바쁜/VA+ETM+*/SY+*/SY+가/JKS+게임/NNG+할/XSV+ETM+시간/NNG+이/JKS+있/VA+겠/EP+냐/EC+만/JX+은/JX+./SY+./SY"
          },
          {
            "id": 4,
            "text": "2 : 웅 바쁜 시간 나노로 쪼개서 해",
            "norm_text": "웅 바쁜 시간 나노로 쪼개서 해",
            "speaker": {
              "id": "2번",
              "sex": "여성",
              "age": "20대"
            },
            "speechAct": "(단언) 진술하기",
            "morpheme": "웅/IC+바쁜/VA+ETM+시간/NNG+나노/NNG+로/JKB+쪼개/VV+EC+서해/NNP"
          },
          {
            "id": 5,
            "text": "1 : 뭐라고? 게임이 야한 게 있냐?",
            "norm_text": "뭐라고? 게임이 야한 게 있냐?",
            "speaker": {
              "id": "1번",
              "sex": "여성",
              "age": "30대"
            },
            "speechAct": "(지시) 질문하기",
            "morpheme": "뭐/NP+라고/VCP+EC+?/SY+게임/NNG+이/JKS+야한/VA+ETM+게/NNB+JKS+있/VA+냐/EF"
          },
          {
            "id": 6,
            "text": "2 : 키키 나도 스트레스 풀어야지 그럼 스토리 만들어 가는 건데",
            "norm_text": "키키 나도 스트레스 풀어야지 그럼 스토리 만들어 가는 건데",
            "speaker": {
              "id": "2번",
              "sex": "여성",
              "age": "20대"
            },
            "speechAct": "(단언) 진술하기",
            "morpheme": "키/NNG+키나/XSA+ETN+JX+도/JX+스트레스/NNG+풀/VV+어야지/EF+그럼/MAJ+스토리/NNG+만/JX+들어가/VV+는/ETM+건데/NNB+VCP+EC"
          },
          {
            "id": 7,
            "text": "1 : 왕게임 같은 거냐...? 세상에나",
            "norm_text": "왕게임 같은 거냐...? 세상에나",
            "speaker": {
              "id": "1번",
              "sex": "여성",
              "age": "30대"
            },
            "speechAct": "(지시) 질문하기",
            "morpheme": "왕/NNG+게임/NNG+같/VA+은/ETM+거/NNB+냐/VCP+EF+./SY+./SY+세상/NNG+에/JKB+나/JX"
          },
          {
            "id": 8,
            "text": "2 : 막 채찍으로 때리고 즐기고 하는 거...",
            "norm_text": "막 채찍으로 때리고 즐기고 하는 거...",
            "speaker": {
              "id": "2번",
              "sex": "여성",
              "age": "20대"
            },
            "speechAct": "(단언) 진술하기",
            "morpheme": "막/MAJ+채찍/NNG+으로/JKB+때리/VV+고/EC+즐기/VV+고/EC+하/VV+는/ETM+거/NNB+./SY"
          },
          {
            "id": 9,
            "text": "1 : 키키 개웃겨 키키 이 내용을 볼 누군가에게 부끄럽네...",
            "norm_text": "키키 개웃겨 키키 이 내용을 볼 누군가에게 부끄럽네...",
            "speaker": {
              "id": "1번",
              "sex": "여성",
              "age": "30대"
            },
            "speechAct": "(단언) 주장하기",
            "morpheme": "키키개웃겨키키이내용을볼누군가에게부끄럽네/UNKNOWN+./SY"
          },
          {
            "id": 10,
            "text": "2 : **이가 보더니 질색팔색을 하더라... 내 게임 취향 훗",
            "norm_text": "**이가 보더니 질색팔색을 하더라... 내 게임 취향 훗",
            "speaker": {
              "id": "2번",
              "sex": "여성",
              "age": "20대"
            },
            "speechAct": "(단언) 진술하기",
            "morpheme": "*/SY+*/SY+이/NP+가/JKS+보/VV+더니/EC+질색/NNG+팔/NR+색/NNG+을/JKO+하/VV+더라/EF+./SY+내/NP+JKG+게임/NNG+취향/NNG+훗/NNP"
          },
          {
            "id": 11,
            "text": "1 : 키키 질색 팔색 할만두... 뭔 일이데 아주미",
            "norm_text": "키키 질색 팔색 할만두... 뭔 일이데 아주미",
            "speaker": {
              "id": "1번",
              "sex": "여성",
              "age": "30대"
            },
            "speechAct": "(단언) 주장하기",
            "morpheme": "키키질색팔색할만두/UNKNOWN+./SY+뭔/MM+일/NNG+이데아/NNG+주미/NNG"
          },
          {
            "id": 12,
            "text": "2 : 애 낳아봐라 로맨스가 그립다굿",
            "norm_text": "애 낳아봐라 로맨스가 그립다굿",
            "speaker": {
              "id": "2번",
              "sex": "여성",
              "age": "20대"
            },
            "speechAct": "(단언) 주장하기",
            "morpheme": "애/NNG+낳/VV+아/EC+봐라/VX+EF+로맨스/NNG+가/JKS+그립/VA+다/EC+굿/NNG"
          },
          {
            "id": 13,
            "text": "1 : 나중에 조심히 정보 공유 좀 유...",
            "norm_text": "나중에 조심히 정보 공유 좀 유...",
            "speaker": {
              "id": "1번",
              "sex": "여성",
              "age": "30대"
            },
            "speechAct": "(단언) 주장하기",
            "morpheme": "나중/NNG+에/JKB+조심히/MAG+정보/NNG+공유/NNG+좀/MAG+유/IC+./SY"
          },
          {
            "id": 14,
            "text": "2 : 좌표 안내해 드릴게여 아주미~",
            "norm_text": "좌표 안내해 드릴게여 아주미~",
            "speaker": {
              "id": "2번",
              "sex": "여성",
              "age": "20대"
            },
            "speechAct": "(단언) 주장하기",
            "morpheme": "좌표/NNG+안내/NNG+해/XSV+EC+드릴/VX+ETM+게/NNB+JKS+여아/NNG+주미/NNG+~/SY"
          },
          {
            "id": 15,
            "text": "1 : 키키 불법적인 거야...?",
            "norm_text": "키키 불법적인 거야...?",
            "speaker": {
              "id": "1번",
              "sex": "여성",
              "age": "30대"
            },
            "speechAct": "(지시) 질문하기",
            "morpheme": "키/NNG+키/NNG+불법/NNG+적/XSN+인/VCP+ETM+거/NNB+야/VCP+EF+./SY+./SY"
          },
          {
            "id": 16,
            "text": "1 : 경찰서에서 전화 오는 거 아냐?",
            "norm_text": "경찰서에서 전화 오는 거 아냐?",
            "speaker": {
              "id": "1번",
              "sex": "여성",
              "age": "30대"
            },
            "speechAct": "(지시) 질문하기",
            "morpheme": "경찰서/NNG+에서/JKB+전화/NNG+오/VV+는/ETM+거/NNB+아냐/VCN+EF"
          },
          {
            "id": 17,
            "text": "2 : 키키 겁나 합법적이거든요 걱정 마시고 따라오삼",
            "norm_text": "키키 겁나 합법적이거든요 걱정 마시고 따라오삼",
            "speaker": {
              "id": "2번",
              "sex": "여성",
              "age": "20대"
            },
            "speechAct": "(단언) 주장하기",
            "morpheme": "키/NNG+키/XSV+ETN+겁나/VV+EC+합법/NNG+적/XSN+이/VCP+거든요/EF+걱정/NNG+마시/VV+고/EC+따라/VV+EC+오/NR+삼/NR"
          }
        ]
      }
    }
  ]
}