{
  "dataset": {
    "identifier": 60148,
    "name": "KAKAO_984_08_set",
    "src_path": "/data/file/cubeManager/PROJECT001/53/txt202110061220380840108/KAKAO_984_08_set/",
    "label_path": "/data/file/cubeManager/PROJECT001/53/txt202110061220380840108/KAKAO_984_08_set/",
    "category": 2,
    "type": 0
  },
  "licenses": {
    "name": "Apache License 1.0",
    "url": "http://www.apache.org/licenses/LICENSE-1.0"
  },
  "info": [
    {
      "id": 42868,
      "filename": "KAKAO_984_08.txt",
      "title": "KAKAO_984_08",
      "mediatype": "SNS",
      "medianame": "카카오톡",
      "category": "일상대화",
      "date": "2021-10-06",
      "size": 487,
      "annotations": {
        "subject": "연애/결혼",
        "speaker_type": "1:1",
        "size": 487,
        "word_size": 158,
        "text": "1 : 결혼식 또 가야 돼\n1 : 축의금 미쳐 ㅠㅠ\n2 : 그치. 결혼식 매달 있더라.\n1 : 그 축의금들 다 돌려 받을 수 있을까?\n2 : 돌려 받아야지.\n2 : 그러니까 스몰웨딩 못하지. 키키\n1 : 키키 역시 예식장인가...\n1 : 호텔 결혼식은 넘 비싸겠지\n2 : 키키 그래도 뭐 서로 조금씩 보태면 가능할 수도\n1 : 부산에 있는 결혼식장은 거의 다 가본 기분이야\n2 : 키키 대단한데? 요즘 코로나 때문에 인원 제한 같은 거 있지 않아?\n1 : 있어 ㅠㅠ 그래도 할 사람 다해 ㅠㅠ\n1 : 교대 앞에 무슨 결혼식장 하나 있는데...\n2 : 교대 쪽은 모르겠다. 거기 좋아?\n1 : 시설은 별론데 밥이 진짜 맛있어 키키\n1 : 거기서 하면 바로 감 키키\n2 : 와. 키키 밥 중요하지. 참고할게\n1 : 남자친구도 슬 결혼 얘기 꺼내는데 모르겠다 ㅠㅠ\n2 : 진지하게 생각해 봐 좋은 사람이면!\n1 : 이런 거 저런 거 생각하면 걍 도망가고 싶어진달까\n2 : 키키 그렇지. 인생에서 중요한 결정이니까",
        "lines": [
          {
            "id": 1,
            "text": "1 : 결혼식 또 가야 돼",
            "norm_text": "결혼식 또 가야 돼",
            "speaker": {
              "id": "1번",
              "sex": "여성",
              "age": "30대"
            },
            "speechAct": "(단언) 주장하기",
            "morpheme": "결혼식/NNG+또/MAG+가/VV+야/EC+돼/VV+EC"
          },
          {
            "id": 2,
            "text": "1 : 축의금 미쳐 ㅠㅠ",
            "norm_text": "축의금 미쳐 ㅠㅠ",
            "speaker": {
              "id": "1번",
              "sex": "여성",
              "age": "30대"
            },
            "speechAct": "(단언) 주장하기",
            "morpheme": "축의금미쳐ㅠㅠ/UNKNOWN"
          },
          {
            "id": 3,
            "text": "2 : 그치. 결혼식 매달 있더라.",
            "norm_text": "그치. 결혼식 매달 있더라.",
            "speaker": {
              "id": "2번",
              "sex": "여성",
              "age": "30대"
            },
            "speechAct": "(단언) 진술하기",
            "morpheme": "그치/IC+결혼식/NNG+매달/MAG+있/VV+더라/EF"
          },
          {
            "id": 4,
            "text": "1 : 그 축의금들 다 돌려 받을 수 있을까?",
            "norm_text": "그 축의금들 다 돌려 받을 수 있을까?",
            "speaker": {
              "id": "1번",
              "sex": "여성",
              "age": "30대"
            },
            "speechAct": "(지시) 질문하기",
            "morpheme": "그/MM+축의금/NNG+들/XSN+다/MAG+돌려받/VV+을/ETM+수/NNB+있/VV+을까/EF"
          },
          {
            "id": 5,
            "text": "2 : 돌려 받아야지.",
            "norm_text": "돌려 받아야지.",
            "speaker": {
              "id": "2번",
              "sex": "여성",
              "age": "30대"
            },
            "speechAct": "(단언) 주장하기",
            "morpheme": "돌려받/VV+아야지/EF"
          },
          {
            "id": 6,
            "text": "2 : 그러니까 스몰웨딩 못하지. 키키",
            "norm_text": "그러니까 스몰웨딩 못하지. 키키",
            "speaker": {
              "id": "2번",
              "sex": "여성",
              "age": "30대"
            },
            "speechAct": "(단언) 주장하기",
            "morpheme": "그러니까/MAJ+스몰/NNP+웨딩/NNP+못/MAG+하/VV+지/EF+키/NNG+키/XSV+ETN"
          },
          {
            "id": 7,
            "text": "1 : 키키 역시 예식장인가...",
            "norm_text": "키키 역시 예식장인가...",
            "speaker": {
              "id": "1번",
              "sex": "여성",
              "age": "30대"
            },
            "speechAct": "(단언) 주장하기",
            "morpheme": "키/NNG+키/XSV+ETN+역시/MAJ+예식장/NNG+인가/VCP+EF+./SY"
          },
          {
            "id": 8,
            "text": "1 : 호텔 결혼식은 넘 비싸겠지",
            "norm_text": "호텔 결혼식은 넘 비싸겠지",
            "speaker": {
              "id": "1번",
              "sex": "여성",
              "age": "30대"
            },
            "speechAct": "(지시) 질문하기",
            "morpheme": "호텔/NNG+결혼식/NNG+은/JX+넘/MAG+비싸/VA+겠/EP+지/EC"
          },
          {
            "id": 9,
            "text": "2 : 키키 그래도 뭐 서로 조금씩 보태면 가능할 수도",
            "norm_text": "키키 그래도 뭐 서로 조금씩 보태면 가능할 수도",
            "speaker": {
              "id": "2번",
              "sex": "여성",
              "age": "30대"
            },
            "speechAct": "(단언) 주장하기",
            "morpheme": "키/NNG+키/XSV+ETN+그래도/MAJ+뭐/IC+서로/MAG+조금/MAG+씩/XSN+보태/VV+면/EC+가능/NNG+할/XSV+ETM+수/NNB+도/JX"
          },
          {
            "id": 10,
            "text": "1 : 부산에 있는 결혼식장은 거의 다 가본 기분이야",
            "norm_text": "부산에 있는 결혼식장은 거의 다 가본 기분이야",
            "speaker": {
              "id": "1번",
              "sex": "여성",
              "age": "30대"
            },
            "speechAct": "(단언) 주장하기",
            "morpheme": "부산/NNP+에/JKB+있/VV+는/ETM+결혼식장/NNG+은/JX+거의/MAG+다가/VV+EC+본/VX+ETM+기분/NNG+이/VCP+야/EC"
          },
          {
            "id": 11,
            "text": "2 : 키키 대단한데? 요즘 코로나 때문에 인원 제한 같은 거 있지 않아?",
            "norm_text": "키키 대단한데? 요즘 코로나 때문에 인원 제한 같은 거 있지 않아?",
            "speaker": {
              "id": "2번",
              "sex": "여성",
              "age": "30대"
            },
            "speechAct": "(지시) 질문하기",
            "morpheme": "키/NNG+키/XSV+ETN+대단/XR+한데/XSA+EF+요즘/MAG+코로나/NNG+때문/NNB+에/JKB+인원/NNG+제한/NNG+같/VA+은/ETM+거/NNB+있/VA+지/EC+않/VX+아/EF"
          },
          {
            "id": 12,
            "text": "1 : 있어 ㅠㅠ 그래도 할 사람 다해 ㅠㅠ",
            "norm_text": "있어 ㅠㅠ 그래도 할 사람 다해 ㅠㅠ",
            "speaker": {
              "id": "1번",
              "sex": "여성",
              "age": "30대"
            },
            "speechAct": "(단언) 진술하기",
            "morpheme": "있/VA+어/EC+ㅠㅠ/UNKNOWN+그래도/VV+EC+할/VX+ETM+사람/NNG+다/MAG+해/VV+EC+ㅠㅠ/UNKNOWN"
          },
          {
            "id": 13,
            "text": "1 : 교대 앞에 무슨 결혼식장 하나 있는데...",
            "norm_text": "교대 앞에 무슨 결혼식장 하나 있는데...",
            "speaker": {
              "id": "1번",
              "sex": "여성",
              "age": "30대"
            },
            "speechAct": "(단언) 진술하기",
            "morpheme": "교대/NNG+앞/NNG+에/JKB+무슨/MM+결혼식장/NNG+하/XSV+나/EC+있/VX+는데/EC+./SY+./SY"
          },
          {
            "id": 14,
            "text": "2 : 교대 쪽은 모르겠다. 거기 좋아?",
            "norm_text": "교대 쪽은 모르겠다. 거기 좋아?",
            "speaker": {
              "id": "2번",
              "sex": "여성",
              "age": "30대"
            },
            "speechAct": "(지시) 질문하기",
            "morpheme": "교대/NNG+쪽/NNB+은/JX+모르/VV+겠/EP+다/EF+거기/NP+좋/VA+아/EF"
          },
          {
            "id": 15,
            "text": "1 : 시설은 별론데 밥이 진짜 맛있어 키키",
            "norm_text": "시설은 별론데 밥이 진짜 맛있어 키키",
            "speaker": {
              "id": "1번",
              "sex": "여성",
              "age": "30대"
            },
            "speechAct": "(단언) 주장하기",
            "morpheme": "시설/NNG+은/JX+별론데/NNG+VCP+EC+밥/NNG+이/JKS+진짜/MAG+맛있/VA+어/EC+키/NNG+키/XSV+ETN"
          },
          {
            "id": 16,
            "text": "1 : 거기서 하면 바로 감 키키",
            "norm_text": "거기서 하면 바로 감 키키",
            "speaker": {
              "id": "1번",
              "sex": "여성",
              "age": "30대"
            },
            "speechAct": "(단언) 주장하기",
            "morpheme": "거기/NP+서/JKB+하/VV+면/EC+바로/MAG+감/NNG+키/NNG+키/XSV+ETN"
          },
          {
            "id": 17,
            "text": "2 : 와. 키키 밥 중요하지. 참고할게",
            "norm_text": "와. 키키 밥 중요하지. 참고할게",
            "speaker": {
              "id": "2번",
              "sex": "여성",
              "age": "30대"
            },
            "speechAct": "(단언) 주장하기",
            "morpheme": "와/IC+키/NNG+키/NNG+밥/NNG+중요/NNG+하/XSA+지/EF+참고/NNG+할/XSV+ETM+게/NNB+JKS"
          },
          {
            "id": 18,
            "text": "1 : 남자친구도 슬 결혼 얘기 꺼내는데 모르겠다 ㅠㅠ",
            "norm_text": "남자친구도 슬 결혼 얘기 꺼내는데 모르겠다 ㅠㅠ",
            "speaker": {
              "id": "1번",
              "sex": "여성",
              "age": "30대"
            },
            "speechAct": "(단언) 주장하기",
            "morpheme": "남자/NNG+친구/NNG+도/JX+슬/VV+ETM+결혼/NNG+얘기/NNG+꺼내/VV+는/ETM+데/NNB+모르/VV+겠/EP+다/EF+ㅠㅠ/UNKNOWN"
          },
          {
            "id": 19,
            "text": "2 : 진지하게 생각해 봐 좋은 사람이면!",
            "norm_text": "진지하게 생각해 봐 좋은 사람이면!",
            "speaker": {
              "id": "2번",
              "sex": "여성",
              "age": "30대"
            },
            "speechAct": "(지시) 충고/제안하기",
            "morpheme": "진지/XR+하/XSA+게/EC+생각/NNG+해/XSV+EC+봐/VX+EF+좋/VA+은/ETM+사람/NNG+이/VCP+면/EC"
          },
          {
            "id": 20,
            "text": "1 : 이런 거 저런 거 생각하면 걍 도망가고 싶어진달까",
            "norm_text": "이런 거 저런 거 생각하면 걍 도망가고 싶어진달까",
            "speaker": {
              "id": "1번",
              "sex": "여성",
              "age": "30대"
            },
            "speechAct": "(단언) 주장하기",
            "morpheme": "이런/MM+거/NNB+저런/VA+ETM+거/NNB+생각/NNG+하/XSV+면/EC+걍/UNKNOWN+도망가/VV+고/EC+싶/VX+어/EC+진/VX+달까/EC"
          },
          {
            "id": 21,
            "text": "2 : 키키 그렇지. 인생에서 중요한 결정이니까",
            "norm_text": "키키 그렇지. 인생에서 중요한 결정이니까",
            "speaker": {
              "id": "2번",
              "sex": "여성",
              "age": "30대"
            },
            "speechAct": "(단언) 주장하기",
            "morpheme": "키/NNG+키/XSV+ETN+그렇/VA+지/EF+인생/NNG+에서/JKB+중요/NNG+한/XSA+ETM+결정/NNG+이/VCP+니까/EC"
          }
        ]
      }
    }
  ]
}