{
  "dataset": {
    "identifier": 60402,
    "name": "KAKAO_982_17_set",
    "src_path": "/data/file/cubeManager/PROJECT001/53/txt20211006134959059536/KAKAO_982_17_set/",
    "label_path": "/data/file/cubeManager/PROJECT001/53/txt20211006134959059536/KAKAO_982_17_set/",
    "category": 2,
    "type": 0
  },
  "licenses": {
    "name": "Apache License 1.0",
    "url": "http://www.apache.org/licenses/LICENSE-1.0"
  },
  "info": [
    {
      "id": 43655,
      "filename": "KAKAO_982_17.txt",
      "title": "KAKAO_982_17",
      "mediatype": "SNS",
      "medianame": "카카오톡",
      "category": "일상대화",
      "date": "2021-10-06",
      "size": 551,
      "annotations": {
        "subject": "건강",
        "speaker_type": "1:1",
        "size": 551,
        "word_size": 187,
        "text": "1 : 요즘 피로가 너무 쌓여서 잠을 많이 자는 것 같아 ㅠㅠ\n2 : 요즘 현대인들이 피로가 누적 되어 있다고 하더라 ㅠㅠ\n1 : 응 오늘 20시간 넘게 자고 일어 났는데도 힘들더라\n2 : 너무 자서 몸이 피곤해진 거 아니야?\n2 : 너무 많이 자면 피로가 더 쌓인다고 하더라 ㅠㅠ\n1 : 아니야 사실 매일 밤새고 늦게 자서 오늘은 휴일이라 그랬어 키키\n2 : 키키 맞아 휴일은 꿀 같은 잠 자는 게 가장 행복하긴 하지 ㅠㅠ\n1 : 응 맞아 키키 기력 보충에는 뭐가 좋을려나?\n2 : 나는 입맛 없고 힘들면 추어탕 먹어 키키\n1 : 헐 키키 추어탕 완전 짱인걸 ?\n1 : 오늘 포장각이야\n2 : 추어탕에 반찬으로 어리굴젓 나오는 거 진짜 맛있어!\n1 : 와 언니 완전 취향 내 스타일이네\n2 : 그럼 그럼 다음에 같이 맛집 투어 같이 가자 키키\n2 : 그게 건강 챙기는 거야 하하\n1 : 그러게 맛있는 거 잘 먹고 잘 자는 게 복인 것 같아 키키\n2 : 키키 맞아 진짜 그거면 행복한 삶 사는 거지 뭐 하하\n1 : 응 요즘 건강이 최고라는 말 와닿더라고 키키\n2 : 진짜로 엄마들이 왜 영양제 먹는지 알 거 같아 키키",
        "lines": [
          {
            "id": 1,
            "text": "1 : 요즘 피로가 너무 쌓여서 잠을 많이 자는 것 같아 ㅠㅠ",
            "norm_text": "요즘 피로가 너무 쌓여서 잠을 많이 자는 것 같아 ㅠㅠ",
            "speaker": {
              "id": "1번",
              "sex": "여성",
              "age": "20대"
            },
            "speechAct": "(단언) 주장하기",
            "morpheme": "요즘/NNG+피로/NNG+가/JKS+너무/MAG+쌓여서/VV+EC+잠/NNG+을/JKO+많이/MAG+자/VV+는/ETM+것/NNB+같/VA+아/EC+ㅠㅠ/UNKNOWN"
          },
          {
            "id": 2,
            "text": "2 : 요즘 현대인들이 피로가 누적 되어 있다고 하더라 ㅠㅠ",
            "norm_text": "요즘 현대인들이 피로가 누적 되어 있다고 하더라 ㅠㅠ",
            "speaker": {
              "id": "2번",
              "sex": "여성",
              "age": "20대"
            },
            "speechAct": "(단언) 주장하기",
            "morpheme": "요즘/NNG+현대인/NNG+들/XSN+이/JKS+피로/NNG+가/JKS+누적/NNG+되/XSV+어/EC+있/VX+다고/EC+하/VX+더라/EF+ㅠㅠ/UNKNOWN"
          },
          {
            "id": 3,
            "text": "1 : 응 오늘 20시간 넘게 자고 일어 났는데도 힘들더라",
            "norm_text": "응 오늘 20시간 넘게 자고 일어 났는데도 힘들더라",
            "speaker": {
              "id": "1번",
              "sex": "여성",
              "age": "20대"
            },
            "speechAct": "(단언) 주장하기",
            "morpheme": "응/IC+오늘/MAG+20/SN+시간/NNBC+넘/VV+게/EC+자/VV+고/EC+일어났/VV+EP+는데/EC+도/JX+힘들/VA+더라/EC"
          },
          {
            "id": 4,
            "text": "2 : 너무 자서 몸이 피곤해진 거 아니야?",
            "norm_text": "너무 자서 몸이 피곤해진 거 아니야?",
            "speaker": {
              "id": "2번",
              "sex": "여성",
              "age": "20대"
            },
            "speechAct": "(지시) 질문하기",
            "morpheme": "너무/MAG+자서/NNG+몸/NNG+이/JKS+피곤/NNG+해진/XSA+EC+VX+ETM+거/NNB+아니/VCN+야/EF"
          },
          {
            "id": 5,
            "text": "2 : 너무 많이 자면 피로가 더 쌓인다고 하더라 ㅠㅠ",
            "norm_text": "너무 많이 자면 피로가 더 쌓인다고 하더라 ㅠㅠ",
            "speaker": {
              "id": "2번",
              "sex": "여성",
              "age": "20대"
            },
            "speechAct": "(단언) 주장하기",
            "morpheme": "너무/MAG+많이/MAG+자/VV+면/EC+피로/NNG+가/JKS+더/MAG+쌓인다고/VV+EC+하/VX+더라/EF+ㅠㅠ/UNKNOWN"
          },
          {
            "id": 6,
            "text": "1 : 아니야 사실 매일 밤새고 늦게 자서 오늘은 휴일이라 그랬어 키키",
            "norm_text": "아니야 사실 매일 밤새고 늦게 자서 오늘은 휴일이라 그랬어 키키",
            "speaker": {
              "id": "1번",
              "sex": "여성",
              "age": "20대"
            },
            "speechAct": "(단언) 주장하기",
            "morpheme": "아니야/IC+사실/MAG+매일/MAG+밤새/VV+고/EC+늦/VA+게/EC+자서/NNG+오늘/NNG+은/JX+휴일/NNG+이/VCP+라/EC+그랬/VV+EP+어/EC+키/NNG+키/XSV+ETN"
          },
          {
            "id": 7,
            "text": "2 : 키키 맞아 휴일은 꿀 같은 잠 자는 게 가장 행복하긴 하지 ㅠㅠ",
            "norm_text": "키키 맞아 휴일은 꿀 같은 잠 자는 게 가장 행복하긴 하지 ㅠㅠ",
            "speaker": {
              "id": "2번",
              "sex": "여성",
              "age": "20대"
            },
            "speechAct": "(단언) 주장하기",
            "morpheme": "키/NNG+키/XSV+ETN+맞/VV+아/EC+휴일/NNG+은/JX+꿀/VV+ETM+같/VA+은/ETM+잠자/VV+는/ETM+게/NNB+JKS+가장/MAG+행복/NNG+하/XSV+긴/ETN+JX+하/VX+지/EF+ㅠㅠ/UNKNOWN"
          },
          {
            "id": 8,
            "text": "1 : 응 맞아 키키 기력 보충에는 뭐가 좋을려나?",
            "norm_text": "응 맞아 키키 기력 보충에는 뭐가 좋을려나?",
            "speaker": {
              "id": "1번",
              "sex": "여성",
              "age": "20대"
            },
            "speechAct": "(지시) 질문하기",
            "morpheme": "응/IC+맞/VV+아/EC+키/NNG+키/NNG+기력/NNG+보충/NNG+에/JKB+는/JX+뭐/NP+가/JKS+좋/VA+을려나/EF"
          },
          {
            "id": 9,
            "text": "2 : 나는 입맛 없고 힘들면 추어탕 먹어 키키",
            "norm_text": "나는 입맛 없고 힘들면 추어탕 먹어 키키",
            "speaker": {
              "id": "2번",
              "sex": "여성",
              "age": "20대"
            },
            "speechAct": "(단언) 진술하기",
            "morpheme": "나/NP+는/JX+입맛/NNG+없/VA+고/EC+힘들/VA+면/EC+추어탕/NNG+먹/VV+어/EC+키/NNG+키/XSV+ETN"
          },
          {
            "id": 10,
            "text": "1 : 헐 키키 추어탕 완전 짱인걸 ?",
            "norm_text": "헐 키키 추어탕 완전 짱인걸 ?",
            "speaker": {
              "id": "1번",
              "sex": "여성",
              "age": "20대"
            },
            "speechAct": "(단언) 주장하기",
            "morpheme": "헐/IC+키/NNG+키/NNG+추어탕/NNG+완전/NNG+짱/NNG+인걸/VCP+EF"
          },
          {
            "id": 11,
            "text": "1 : 오늘 포장각이야",
            "norm_text": "오늘 포장각이야",
            "speaker": {
              "id": "1번",
              "sex": "여성",
              "age": "20대"
            },
            "speechAct": "(단언) 주장하기",
            "morpheme": "오늘/MAG+포/NNG+장각/NNG+이/VCP+야/EC"
          },
          {
            "id": 12,
            "text": "2 : 추어탕에 반찬으로 어리굴젓 나오는 거 진짜 맛있어!",
            "norm_text": "추어탕에 반찬으로 어리굴젓 나오는 거 진짜 맛있어!",
            "speaker": {
              "id": "2번",
              "sex": "여성",
              "age": "20대"
            },
            "speechAct": "(단언) 주장하기",
            "morpheme": "추어탕/NNG+에/JKB+반찬/NNG+으로/JKB+어리굴젓/NNG+나오/VV+는/ETM+거/NNB+진짜/MAG+맛있/VA+어/EF"
          },
          {
            "id": 13,
            "text": "1 : 와 언니 완전 취향 내 스타일이네",
            "norm_text": "와 언니 완전 취향 내 스타일이네",
            "speaker": {
              "id": "1번",
              "sex": "여성",
              "age": "20대"
            },
            "speechAct": "(단언) 주장하기",
            "morpheme": "와/IC+언니/NNG+완전/NNG+취향/NNG+내/NNB+스타일/NNG+이/VCP+네/EC"
          },
          {
            "id": 14,
            "text": "2 : 그럼 그럼 다음에 같이 맛집 투어 같이 가자 키키",
            "norm_text": "그럼 그럼 다음에 같이 맛집 투어 같이 가자 키키",
            "speaker": {
              "id": "2번",
              "sex": "여성",
              "age": "20대"
            },
            "speechAct": "(지시) 충고/제안하기",
            "morpheme": "그럼/MAJ+그럼/MAJ+다음/NNG+에/JKB+같이/MAG+맛집/NNG+투어/NNG+같이/JKB+가/JKS+자키/NNG+키/XSV+ETN"
          },
          {
            "id": 15,
            "text": "2 : 그게 건강 챙기는 거야 하하",
            "norm_text": "그게 건강 챙기는 거야 하하",
            "speaker": {
              "id": "2번",
              "sex": "여성",
              "age": "20대"
            },
            "speechAct": "(단언) 주장하기",
            "morpheme": "그게/NP+JKS+건강/NNG+챙기/VV+는/ETM+거/NNB+야/VCP+EF+하하/MAG"
          },
          {
            "id": 16,
            "text": "1 : 그러게 맛있는 거 잘 먹고 잘 자는 게 복인 것 같아 키키",
            "norm_text": "그러게 맛있는 거 잘 먹고 잘 자는 게 복인 것 같아 키키",
            "speaker": {
              "id": "1번",
              "sex": "여성",
              "age": "20대"
            },
            "speechAct": "(단언) 주장하기",
            "morpheme": "그러/VV+게/EC+맛있/VA+는/ETM+거/NNB+잘/MAG+먹/VV+고/EC+잘/MAG+자/VV+는/ETM+게/NNB+JKS+복/NNG+인/VCP+ETM+것/NNB+같/VA+아/EC+키/NNG+키/XSV+ETN"
          },
          {
            "id": 17,
            "text": "2 : 키키 맞아 진짜 그거면 행복한 삶 사는 거지 뭐 하하",
            "norm_text": "키키 맞아 진짜 그거면 행복한 삶 사는 거지 뭐 하하",
            "speaker": {
              "id": "2번",
              "sex": "여성",
              "age": "20대"
            },
            "speechAct": "(단언) 주장하기",
            "morpheme": "키/NNG+키/XSV+ETN+맞/VV+아/EC+진짜/MAG+그거/NP+VCP+면/EC+행복/NNG+한/XSA+ETM+삶/NNG+사/VV+는/ETM+거/NNB+지/VCP+EF+뭐/IC+하하/MAG"
          },
          {
            "id": 18,
            "text": "1 : 응 요즘 건강이 최고라는 말 와닿더라고 키키",
            "norm_text": "응 요즘 건강이 최고라는 말 와닿더라고 키키",
            "speaker": {
              "id": "1번",
              "sex": "여성",
              "age": "20대"
            },
            "speechAct": "(단언) 진술하기",
            "morpheme": "응/IC+요즘/MAG+건강/NNG+이/JKS+최고/NNG+라는/VCP+ETM+말/NNG+와/JKB+닿/VV+더라고/EC+키/NNG+키/XSV+ETN"
          },
          {
            "id": 19,
            "text": "2 : 진짜로 엄마들이 왜 영양제 먹는지 알 거 같아 키키",
            "norm_text": "진짜로 엄마들이 왜 영양제 먹는지 알 거 같아 키키",
            "speaker": {
              "id": "2번",
              "sex": "여성",
              "age": "20대"
            },
            "speechAct": "(단언) 주장하기",
            "morpheme": "진짜/NNG+로/JKB+엄마/NNG+들/XSN+이/JKS+왜/MAG+영양제/NNG+먹/VV+는지/EC+알/VV+ETM+거/NNB+같/VA+아/EC+키/NNG+키/XSV+ETN"
          }
        ]
      }
    }
  ]
}