{
  "dataset": {
    "identifier": 67819,
    "name": "KAKAO_994_09_set",
    "src_path": "/data/file/cubeManager/PROJECT001/53/txt20211007112754091578/KAKAO_994_09_set/",
    "label_path": "/data/file/cubeManager/PROJECT001/53/txt20211007112754091578/KAKAO_994_09_set/",
    "category": 2,
    "type": 0
  },
  "licenses": {
    "name": "Apache License 1.0",
    "url": "http://www.apache.org/licenses/LICENSE-1.0"
  },
  "info": [
    {
      "id": 47443,
      "filename": "KAKAO_994_09.txt",
      "title": "KAKAO_994_09",
      "mediatype": "SNS",
      "medianame": "카카오톡",
      "category": "일상대화",
      "date": "2021-10-07",
      "size": 902,
      "annotations": {
        "subject": "반려동물",
        "speaker_type": "다자간 대화",
        "size": 902,
        "word_size": 302,
        "text": "1 : 그럼 우리 넷이 사는데 **은 발 없으니까 반려뱀으로 키우자\n2 : 전개 미쳤네 지금 자르면 되는 거야?\n3 : 층간소음도 안 나고 딱 좋네\n1 : 키키 인정. 월세방에서 키우기 딱 아님? 냄새 안 나고 소리 안 나고\n2 : 발만 자르는데 냄새는 왜 안 나는 거야...\n2 : 뱀은 냄새 안 나나\n3 : 발 냄새는 안 나겠지 너무 좋다\n1 : 키키 발 냄새는 내가 2인 몫 하긴 하는데...\n1 : 안 되겠다 우리 냄새 줄이려면 어쩔 수 없이 사람 3 뱀 1 키워야겠다\n2 : 냄새 안 날려고 나 발 자르고 척추 빼서 뱀으로 만든다고?\n2 : 너네 싸이코냐?\n3 : 뱀은 척추 없냐,. 무섭다\n1 : 넌 뭐 하는 사람이야?\n1 : 왜 있는 척추 없애려고 해?\n1 : 원한다면 빼줄게\n2 : 미안해 이미 등골 많이 빨려서 척수는 다 빠진 거 같다\n3 : 난 여친이랑 동거하면 강쥐 키우고 싶어\n1 : 나 데려다 키워.\n1 : 밥만 챙겨주면 강아지 마냥 헥헥 해줄 수 있어\n2 : 아무 데서나 혓바닥 내밀고 개처럼 살지 말라 했지 내가.\n3 : ; 안 귀엽잔어, 강아지들은 크던 작던 어떤 종이던 다 귀여운데\n1 : 원하면 귀여워 볼게.\n1 : 돈이 공짜인데 혓바닥 그까짓 게 중요해?\n2 : 강아지가 월급 받으면서 애교 부리는 건 아니잖아 돈이 왜 공짜야...\n3 : 그니까, 너 키울 돈은 너가 벌어와라\n1 : 강아지한테 설마하니 월세랑 밥값 받지는 않을 거 아니야\n1 : 내가 강아지 할게\n2 : 굳이 키워야 하면 그냥 털 없는 동물 한 마리 데려오는 건 가능해\n3 : 털 없는 동물 뭐가 있을까\n3 : 거북이는 일단 너무 오래 살아\n1 : ** 털 밀었어?\n1 : 벌써 뱀 되려고 박피 했나 보네\n2 : 지금부터 애기 거북이 키우면 나 죽고도 살아 가지고 2대 주인 구해야 돼서 귀찮을 듯\n3 : 거북이는 백몇 년 살잖아;\n3 : 자식한테 물려줘야 돼 반려동물을",
        "lines": [
          {
            "id": 1,
            "text": "1 : 그럼 우리 넷이 사는데 **은 발 없으니까 반려뱀으로 키우자",
            "norm_text": "그럼 우리 넷이 사는데 **은 발 없으니까 반려뱀으로 키우자",
            "speaker": {
              "id": "1번",
              "sex": "여성",
              "age": "20대"
            },
            "speechAct": "(단언) 주장하기",
            "morpheme": "그럼/MAJ+우리넷/NNP+이/JKS+사/VV+는데/EC+*/SY+*/SY+은발/NNG+없/VA+으니까/EC+반려/NNG+뱀/NNG+으로/JKB+키우/VV+자/EC"
          },
          {
            "id": 2,
            "text": "2 : 전개 미쳤네 지금 자르면 되는 거야?",
            "norm_text": "전개 미쳤네 지금 자르면 되는 거야?",
            "speaker": {
              "id": "2번",
              "sex": "남성",
              "age": "20대"
            },
            "speechAct": "(단언) 주장하기",
            "morpheme": "전개/NNG+미쳤/VV+EP+네/EF+지금/MAG+자르/VV+면/EC+되/VV+는/ETM+거/NNB+야/VCP+EF"
          },
          {
            "id": 3,
            "text": "3 : 층간소음도 안 나고 딱 좋네",
            "norm_text": "층간소음도 안 나고 딱 좋네",
            "speaker": {
              "id": "3번",
              "sex": "남성",
              "age": "20대"
            },
            "speechAct": "(단언) 주장하기",
            "morpheme": "층간/NNG+소음/NNG+도/JX+안/MAG+나/VV+고/EC+딱/MAG+좋/VA+네/EC"
          },
          {
            "id": 4,
            "text": "1 : 키키 인정. 월세방에서 키우기 딱 아님? 냄새 안 나고 소리 안 나고",
            "norm_text": "키키 인정. 월세방에서 키우기 딱 아님? 냄새 안 나고 소리 안 나고",
            "speaker": {
              "id": "1번",
              "sex": "여성",
              "age": "20대"
            },
            "speechAct": "(단언) 주장하기",
            "morpheme": "키/NNG+키/NNG+인정/NNG+./SY+월세방/NNG+에서/JKB+키우/VV+기/ETN+딱/MAG+아님/VCN+ETN+냄새/MAG+안/MAG+나/VV+고/EC+소리/NNG+안/MAG+나/VV+고/EC"
          },
          {
            "id": 5,
            "text": "2 : 발만 자르는데 냄새는 왜 안 나는 거야...",
            "norm_text": "발만 자르는데 냄새는 왜 안 나는 거야...",
            "speaker": {
              "id": "2번",
              "sex": "남성",
              "age": "20대"
            },
            "speechAct": "(단언) 주장하기",
            "morpheme": "발/NNG+만/JX+자르/VV+는데/EC+냄새/NNG+는/JX+왜/MAG+안/MAG+나/VV+는/ETM+거/NNB+야/VCP+EF+./SY"
          },
          {
            "id": 6,
            "text": "2 : 뱀은 냄새 안 나나",
            "norm_text": "뱀은 냄새 안 나나",
            "speaker": {
              "id": "2번",
              "sex": "남성",
              "age": "20대"
            },
            "speechAct": "(단언) 주장하기",
            "morpheme": "뱀/NNG+은/JX+냄새/NNG+안/MAG+나/VV+나/EC"
          },
          {
            "id": 7,
            "text": "3 : 발 냄새는 안 나겠지 너무 좋다",
            "norm_text": "발 냄새는 안 나겠지 너무 좋다",
            "speaker": {
              "id": "3번",
              "sex": "남성",
              "age": "20대"
            },
            "speechAct": "(단언) 주장하기",
            "morpheme": "발/NNG+냄새/NNG+는/JX+안/MAG+나/VV+겠/EP+지/EC+너무/MAG+좋/VA+다/EC"
          },
          {
            "id": 8,
            "text": "1 : 키키 발 냄새는 내가 2인 몫 하긴 하는데...",
            "norm_text": "키키 발 냄새는 내가 2인 몫 하긴 하는데...",
            "speaker": {
              "id": "1번",
              "sex": "여성",
              "age": "20대"
            },
            "speechAct": "(단언) 주장하기",
            "morpheme": "키/NNG+키/NNG+발/NNG+냄새/NNG+는/JX+내/NP+가/JKS+2/SN+인/NNG+몫/NNG+하/XSV+긴/ETN+JX+하/VX+는데/EC+./SY+./SY"
          },
          {
            "id": 9,
            "text": "1 : 안 되겠다 우리 냄새 줄이려면 어쩔 수 없이 사람 3 뱀 1 키워야겠다",
            "norm_text": "안 되겠다 우리 냄새 줄이려면 어쩔 수 없이 사람 3 뱀 1 키워야겠다",
            "speaker": {
              "id": "1번",
              "sex": "여성",
              "age": "20대"
            },
            "speechAct": "(단언) 주장하기",
            "morpheme": "안/MAG+되/VV+겠/EP+다/EF+우리/NP+냄새/MAG+줄이/VV+려면/EC+어쩔/VV+ETM+수/NNB+없이/MAG+사람/NNG+3/SN+뱀/NNG+1/SN+키워야/VV+EC+VX+겠/EP+다/EC"
          },
          {
            "id": 10,
            "text": "2 : 냄새 안 날려고 나 발 자르고 척추 빼서 뱀으로 만든다고?",
            "norm_text": "냄새 안 날려고 나 발 자르고 척추 빼서 뱀으로 만든다고?",
            "speaker": {
              "id": "2번",
              "sex": "남성",
              "age": "20대"
            },
            "speechAct": "(단언) 주장하기",
            "morpheme": "냄새/MAG+안/MAG+날/VV+려고/EC+나발/NNG+자르/VV+고/EC+척추/NNG+빼/VV+서/EC+뱀/NNG+으로/JKB+만든다고/VV+EC"
          },
          {
            "id": 11,
            "text": "2 : 너네 싸이코냐?",
            "norm_text": "너네 싸이코냐?",
            "speaker": {
              "id": "2번",
              "sex": "남성",
              "age": "20대"
            },
            "speechAct": "(단언) 주장하기",
            "morpheme": "너/NP+네/XSN+싸이코/NNP+냐/VCP+EF"
          },
          {
            "id": 12,
            "text": "3 : 뱀은 척추 없냐,. 무섭다",
            "norm_text": "뱀은 척추 없냐,. 무섭다",
            "speaker": {
              "id": "3번",
              "sex": "남성",
              "age": "20대"
            },
            "speechAct": "(단언) 주장하기",
            "morpheme": "뱀/NNG+은/JX+척추/NNG+없/VA+냐/EF+,/SC+./SY+무섭/VA+다/EC"
          },
          {
            "id": 13,
            "text": "1 : 넌 뭐 하는 사람이야?",
            "norm_text": "넌 뭐 하는 사람이야?",
            "speaker": {
              "id": "1번",
              "sex": "여성",
              "age": "20대"
            },
            "speechAct": "(단언) 주장하기",
            "morpheme": "넌/NP+JX+뭐/NP+하/VV+는/ETM+사람/NNG+이/VCP+야/EF"
          },
          {
            "id": 14,
            "text": "1 : 왜 있는 척추 없애려고 해?",
            "norm_text": "왜 있는 척추 없애려고 해?",
            "speaker": {
              "id": "1번",
              "sex": "여성",
              "age": "20대"
            },
            "speechAct": "(단언) 주장하기",
            "morpheme": "왜/MAG+있/VA+는/ETM+척추/NNG+없애/VV+려고/EC+해/VX+EF"
          },
          {
            "id": 15,
            "text": "1 : 원한다면 빼줄게",
            "norm_text": "원한다면 빼줄게",
            "speaker": {
              "id": "1번",
              "sex": "여성",
              "age": "20대"
            },
            "speechAct": "(단언) 주장하기",
            "morpheme": "원한다면/VV+EC+빼/VV+줄게/EC+VX+EC"
          },
          {
            "id": 16,
            "text": "2 : 미안해 이미 등골 많이 빨려서 척수는 다 빠진 거 같다",
            "norm_text": "미안해 이미 등골 많이 빨려서 척수는 다 빠진 거 같다",
            "speaker": {
              "id": "2번",
              "sex": "남성",
              "age": "20대"
            },
            "speechAct": "(단언) 주장하기",
            "morpheme": "미안/NNG+해/XSV+EC+이미/MAG+등골/NNG+많이/MAG+빨려/VV+EC+서척/NNG+수/NNG+는/JX+다/MAG+빠진/VV+ETM+거/NNB+같/VA+다/EC"
          },
          {
            "id": 17,
            "text": "3 : 난 여친이랑 동거하면 강쥐 키우고 싶어",
            "norm_text": "난 여친이랑 동거하면 강쥐 키우고 싶어",
            "speaker": {
              "id": "3번",
              "sex": "남성",
              "age": "20대"
            },
            "speechAct": "(단언) 주장하기",
            "morpheme": "난/NP+JX+여친/NNG+이랑/JKB+동거/NNG+하/XSV+면/EC+강/NNG+쥐/NNG+키우/VV+고/EC+싶/VX+어/EC"
          },
          {
            "id": 18,
            "text": "1 : 나 데려다 키워.",
            "norm_text": "나 데려다 키워.",
            "speaker": {
              "id": "1번",
              "sex": "여성",
              "age": "20대"
            },
            "speechAct": "(단언) 주장하기",
            "morpheme": "나/NP+데려다/VV+EC+키워/VV+EF"
          },
          {
            "id": 19,
            "text": "1 : 밥만 챙겨주면 강아지 마냥 헥헥 해줄 수 있어",
            "norm_text": "밥만 챙겨주면 강아지 마냥 헥헥 해줄 수 있어",
            "speaker": {
              "id": "1번",
              "sex": "여성",
              "age": "20대"
            },
            "speechAct": "(단언) 주장하기",
            "morpheme": "밥/NNG+만/JX+챙겨/VV+EC+주/VX+면/EC+강아지/NNG+마냥/JKB+헥헥/MAG+해/VV+EC+줄/VX+ETM+수/NNB+있/VV+어/EC"
          },
          {
            "id": 20,
            "text": "2 : 아무 데서나 혓바닥 내밀고 개처럼 살지 말라 했지 내가.",
            "norm_text": "아무 데서나 혓바닥 내밀고 개처럼 살지 말라 했지 내가.",
            "speaker": {
              "id": "2번",
              "sex": "남성",
              "age": "20대"
            },
            "speechAct": "(단언) 주장하기",
            "morpheme": "아무/MM+데/NNB+서/JKB+나/JX+혓바닥/NNG+내밀/VV+ETM+고개/NNG+처럼/JKB+살/VV+지/EC+말/VX+라/EC+했/VX+EP+지/EF+내/NP+가/JKS"
          },
          {
            "id": 21,
            "text": "3 : ; 안 귀엽잔어, 강아지들은 크던 작던 어떤 종이던 다 귀여운데",
            "norm_text": "; 안 귀엽잔어, 강아지들은 크던 작던 어떤 종이던 다 귀여운데",
            "speaker": {
              "id": "3번",
              "sex": "남성",
              "age": "20대"
            },
            "speechAct": "(단언) 주장하기",
            "morpheme": ";/SY+안/MAG+귀엽/VA+잔/ETM+어/IC+,/SC+강아지들은크던작던어떤종이던다귀여운데/UNKNOWN"
          },
          {
            "id": 22,
            "text": "1 : 원하면 귀여워 볼게.",
            "norm_text": "원하면 귀여워 볼게.",
            "speaker": {
              "id": "1번",
              "sex": "여성",
              "age": "20대"
            },
            "speechAct": "(단언) 주장하기",
            "morpheme": "원/NNG+하/XSV+면/EC+귀여워/VA+EC+볼게/VX+EF"
          },
          {
            "id": 23,
            "text": "1 : 돈이 공짜인데 혓바닥 그까짓 게 중요해?",
            "norm_text": "돈이 공짜인데 혓바닥 그까짓 게 중요해?",
            "speaker": {
              "id": "1번",
              "sex": "여성",
              "age": "20대"
            },
            "speechAct": "(단언) 주장하기",
            "morpheme": "돈/NNG+이/JKS+공짜/NNG+인데/VCP+EC+혓바닥/NNG+그까/MAJ+짓/VV+게/EC+중요/NNG+해/XSV+EF"
          },
          {
            "id": 24,
            "text": "2 : 강아지가 월급 받으면서 애교 부리는 건 아니잖아 돈이 왜 공짜야...",
            "norm_text": "강아지가 월급 받으면서 애교 부리는 건 아니잖아 돈이 왜 공짜야...",
            "speaker": {
              "id": "2번",
              "sex": "남성",
              "age": "20대"
            },
            "speechAct": "(단언) 주장하기",
            "morpheme": "강아지/NNG+가/JKS+월급/NNG+받/VV+으면서/EC+애교/NNG+부리/VV+는/ETM+건/NNB+JX+아니/VCN+잖아/EC+돈/NNG+이/JKS+왜/MAG+공짜/NNG+야/VCP+EF+./SY"
          },
          {
            "id": 25,
            "text": "3 : 그니까, 너 키울 돈은 너가 벌어와라",
            "norm_text": "그니까, 너 키울 돈은 너가 벌어와라",
            "speaker": {
              "id": "3번",
              "sex": "남성",
              "age": "20대"
            },
            "speechAct": "(단언) 주장하기",
            "morpheme": "그니까/MAJ+,/SC+너/NP+키울/VV+ETM+돈/NNG+은/JX+너/NP+가/JKS+벌어/VV+와라/EC"
          },
          {
            "id": 26,
            "text": "1 : 강아지한테 설마하니 월세랑 밥값 받지는 않을 거 아니야",
            "norm_text": "강아지한테 설마하니 월세랑 밥값 받지는 않을 거 아니야",
            "speaker": {
              "id": "1번",
              "sex": "여성",
              "age": "20대"
            },
            "speechAct": "(단언) 주장하기",
            "morpheme": "강아지/NNG+한테/JKB+설마하니/MAG+월세/NNG+랑/JKB+밥값/NNG+받/VV+지/EC+는/JX+않/VX+을/ETM+거/NNB+아니/VCN+야/EC"
          },
          {
            "id": 27,
            "text": "1 : 내가 강아지 할게",
            "norm_text": "내가 강아지 할게",
            "speaker": {
              "id": "1번",
              "sex": "여성",
              "age": "20대"
            },
            "speechAct": "(단언) 주장하기",
            "morpheme": "내/NP+가/JKS+강아지/NNG+할/XSV+ETM+게/NNB+JKS"
          },
          {
            "id": 28,
            "text": "2 : 굳이 키워야 하면 그냥 털 없는 동물 한 마리 데려오는 건 가능해",
            "norm_text": "굳이 키워야 하면 그냥 털 없는 동물 한 마리 데려오는 건 가능해",
            "speaker": {
              "id": "2번",
              "sex": "남성",
              "age": "20대"
            },
            "speechAct": "(단언) 주장하기",
            "morpheme": "굳이/MAG+키워야/VV+EC+하/VV+면/EC+그냥/MAG+털/VV+ETM+없/VA+는/ETM+동물/NNG+한/MM+마리/NNBC+데려오/VV+는/ETM+건/NNB+JX+가능/NNG+해/XSV+EC"
          },
          {
            "id": 29,
            "text": "3 : 털 없는 동물 뭐가 있을까",
            "norm_text": "털 없는 동물 뭐가 있을까",
            "speaker": {
              "id": "3번",
              "sex": "남성",
              "age": "20대"
            },
            "speechAct": "(단언) 주장하기",
            "morpheme": "털/NNG+없/VA+는/ETM+동물/NNG+뭐/NP+가/JKS+있/VA+을까/EC"
          },
          {
            "id": 30,
            "text": "3 : 거북이는 일단 너무 오래 살아",
            "norm_text": "거북이는 일단 너무 오래 살아",
            "speaker": {
              "id": "3번",
              "sex": "남성",
              "age": "20대"
            },
            "speechAct": "(단언) 주장하기",
            "morpheme": "거북이/NNG+는/JX+일단/MAG+너무/MAG+오래/MAG+살/VV+아/EC"
          },
          {
            "id": 31,
            "text": "1 : ** 털 밀었어?",
            "norm_text": "** 털 밀었어?",
            "speaker": {
              "id": "1번",
              "sex": "여성",
              "age": "20대"
            },
            "speechAct": "(단언) 주장하기",
            "morpheme": "*/SY+*/SY+털/NNG+밀/VV+었/EP+어/EF"
          },
          {
            "id": 32,
            "text": "1 : 벌써 뱀 되려고 박피 했나 보네",
            "norm_text": "벌써 뱀 되려고 박피 했나 보네",
            "speaker": {
              "id": "1번",
              "sex": "여성",
              "age": "20대"
            },
            "speechAct": "(단언) 주장하기",
            "morpheme": "벌써/MAG+뱀/NNG+되/XSV+려고/EC+박피/NNG+했/XSV+EP+나/EC+보/VX+네/EC"
          },
          {
            "id": 33,
            "text": "2 : 지금부터 애기 거북이 키우면 나 죽고도 살아 가지고 2대 주인 구해야 돼서 귀찮을 듯",
            "norm_text": "지금부터 애기 거북이 키우면 나 죽고도 살아 가지고 2대 주인 구해야 돼서 귀찮을 듯",
            "speaker": {
              "id": "2번",
              "sex": "남성",
              "age": "20대"
            },
            "speechAct": "(단언) 주장하기",
            "morpheme": "지금/NNG+부터/JX+애기/NNG+거북/NNG+이/JKS+키우/VV+면/EC+나/NP+죽/VV+고/EC+도/JX+살/VV+아/EC+가지/VX+고/EC+2/SN+대주/NNG+인구/NNG+해야/XSV+EC+돼서/VV+EC+귀찮/VA+을/ETM+듯/NNB"
          },
          {
            "id": 34,
            "text": "3 : 거북이는 백몇 년 살잖아;",
            "norm_text": "거북이는 백몇 년 살잖아;",
            "speaker": {
              "id": "3번",
              "sex": "남성",
              "age": "20대"
            },
            "speechAct": "(단언) 주장하기",
            "morpheme": "거북이/NNG+는/JX+백/NR+몇/MM+년/NNBC+살/VV+잖아/EC+;/SY"
          },
          {
            "id": 35,
            "text": "3 : 자식한테 물려줘야 돼 반려동물을",
            "norm_text": "자식한테 물려줘야 돼 반려동물을",
            "speaker": {
              "id": "3번",
              "sex": "남성",
              "age": "20대"
            },
            "speechAct": "(단언) 주장하기",
            "morpheme": "자식/NNG+한테/JKB+물려/VV+EC+줘야/VX+EC+돼/VV+EC+반려/NNG+동물/NNG+을/JKO"
          }
        ]
      }
    }
  ]
}