{
  "dataset": {
    "identifier": 49877,
    "name": "KAKAO_975_06_set",
    "src_path": "/data/file/cubeManager/PROJECT001/53/txt202110061345170817102/KAKAO_975_06_set/",
    "label_path": "/data/file/cubeManager/PROJECT001/53/txt202110061345170817102/KAKAO_975_06_set/",
    "category": 2,
    "type": 0
  },
  "licenses": {
    "name": "Apache License 1.0",
    "url": "http://www.apache.org/licenses/LICENSE-1.0"
  },
  "info": [
    {
      "id": 43126,
      "filename": "KAKAO_975_06.txt",
      "title": "KAKAO_975_06",
      "mediatype": "SNS",
      "medianame": "카카오톡",
      "category": "일상대화",
      "date": "2021-10-06",
      "size": 458,
      "annotations": {
        "subject": "교육",
        "speaker_type": "1:1",
        "size": 458,
        "word_size": 152,
        "text": "1 : 어릴 때 학원 많이 다녔었어?\n2 : 응 키키 피아노 학원도 다녔다 키키\n1 : 키키 오 나도 피아노 학원 다녔었는데 키키\n1 : 다른 거는 뭐 배웠어?\n2 : 태권도도 배우고 영어 학원도 다녔지\n1 : 키키 다 똑같네 오빠야 태권도 무슨 띠였어?\n2 : 당연 검은 띠였지 키키\n1 : 나는 2년을 다녔는데 만년 갈색 띠였다 키키\n2 : 키키 그건 좀 심하지 않나?\n1 : 키키 솔직히 심사 받으러 갈 때 부끄러워서 안 나갔어\n2 : 키키 거기 여자들도 많잖아?\n1 : 키키 근데 그때 초등학생이라서 뭘 알지도 못하고 갔으면 그냥 빨간 띠 올라갔을 텐데\n2 : 키키 나도 3년 정도 다녔는데 친구들이랑 같이 다녔었다\n1 : 키키 오 그럼 몇 단이야?\n1 : 친구들도 다 검은 띠였나?\n2 : 응 키키 2단까지 따고 그만뒀지\n1 : 키키 사범이 4단 따야 할 수 있는 거제?\n2 : 응 키키 태권도 다닐 때는 사범이 꿈이였었는데 초딩의 꿈 키키",
        "lines": [
          {
            "id": 1,
            "text": "1 : 어릴 때 학원 많이 다녔었어?",
            "norm_text": "어릴 때 학원 많이 다녔었어?",
            "speaker": {
              "id": "1번",
              "sex": "여성",
              "age": "20대"
            },
            "speechAct": "(지시) 질문하기",
            "morpheme": "어릴/VA+ETM+때/NNG+학원/NNG+많이/MAG+다녔었/VV+EP+어/EF"
          },
          {
            "id": 2,
            "text": "2 : 응 키키 피아노 학원도 다녔다 키키",
            "norm_text": "응 키키 피아노 학원도 다녔다 키키",
            "speaker": {
              "id": "2번",
              "sex": "남성",
              "age": "20대"
            },
            "speechAct": "(단언) 진술하기",
            "morpheme": "응/IC+키키/NNP+피아노/NNP+학원/NNG+도/JX+다녔/VV+EP+다키키/NNP"
          },
          {
            "id": 3,
            "text": "1 : 키키 오 나도 피아노 학원 다녔었는데 키키",
            "norm_text": "키키 오 나도 피아노 학원 다녔었는데 키키",
            "speaker": {
              "id": "1번",
              "sex": "여성",
              "age": "20대"
            },
            "speechAct": "(단언) 진술하기",
            "morpheme": "키/NNG+키/XSV+ETN+오/JC+나/NP+도/JX+피아노/NNG+학원/NNG+다녔었/VV+EP+는데/EC+키/NNG+키/XSV+ETN"
          },
          {
            "id": 4,
            "text": "1 : 다른 거는 뭐 배웠어?",
            "norm_text": "다른 거는 뭐 배웠어?",
            "speaker": {
              "id": "1번",
              "sex": "여성",
              "age": "20대"
            },
            "speechAct": "(지시) 질문하기",
            "morpheme": "다른/MM+거/NNB+는/JX+뭐/IC+배웠/VV+EP+어/EF"
          },
          {
            "id": 5,
            "text": "2 : 태권도도 배우고 영어 학원도 다녔지",
            "norm_text": "태권도도 배우고 영어 학원도 다녔지",
            "speaker": {
              "id": "2번",
              "sex": "남성",
              "age": "20대"
            },
            "speechAct": "(단언) 진술하기",
            "morpheme": "태권도/NNG+도/JX+배우/VV+고/EC+영어/NNG+학원/NNG+도/JX+다녔/VV+EP+지/EC"
          },
          {
            "id": 6,
            "text": "1 : 키키 다 똑같네 오빠야 태권도 무슨 띠였어?",
            "norm_text": "키키 다 똑같네 오빠야 태권도 무슨 띠였어?",
            "speaker": {
              "id": "1번",
              "sex": "여성",
              "age": "20대"
            },
            "speechAct": "(지시) 질문하기",
            "morpheme": "키/NNG+키/NNG+다/MAG+똑같/VA+네/EF+오빠/NNG+야태/NNG+권/XSN+도/JX+무슨/MM+띠/NNG+였/VCP+EP+어/EF"
          },
          {
            "id": 7,
            "text": "2 : 당연 검은 띠였지 키키",
            "norm_text": "당연 검은 띠였지 키키",
            "speaker": {
              "id": "2번",
              "sex": "남성",
              "age": "20대"
            },
            "speechAct": "(단언) 진술하기",
            "morpheme": "당연/MAG+검/VA+은/ETM+띠/NNG+였/VCP+EP+지/EC+키/NNG+키/XSV+ETN"
          },
          {
            "id": 8,
            "text": "1 : 나는 2년을 다녔는데 만년 갈색 띠였다 키키",
            "norm_text": "나는 2년을 다녔는데 만년 갈색 띠였다 키키",
            "speaker": {
              "id": "1번",
              "sex": "여성",
              "age": "20대"
            },
            "speechAct": "(단언) 진술하기",
            "morpheme": "나/NP+는/JX+2/SN+년/NNBC+을/JKO+다녔/VV+EP+는데/EC+만/NR+년/NNBC+갈색/NNG+띠/NNG+였/VCP+EP+다키키/NNP"
          },
          {
            "id": 9,
            "text": "2 : 키키 그건 좀 심하지 않나?",
            "norm_text": "키키 그건 좀 심하지 않나?",
            "speaker": {
              "id": "2번",
              "sex": "남성",
              "age": "20대"
            },
            "speechAct": "(지시) 질문하기",
            "morpheme": "키/NNG+키/XSV+ETN+그건/NP+JX+좀/MAG+심하/VA+지/EC+않/VX+나/EF"
          },
          {
            "id": 10,
            "text": "1 : 키키 솔직히 심사 받으러 갈 때 부끄러워서 안 나갔어",
            "norm_text": "키키 솔직히 심사 받으러 갈 때 부끄러워서 안 나갔어",
            "speaker": {
              "id": "1번",
              "sex": "여성",
              "age": "20대"
            },
            "speechAct": "(단언) 진술하기",
            "morpheme": "키/NNG+키/XSV+ETN+솔직히/MAG+심사/NNG+받/VV+으러/EC+갈/VX+ETM+때/NNG+부끄러워서/VA+EC+안/MAG+나갔/VV+EP+어/EC"
          },
          {
            "id": 11,
            "text": "2 : 키키 거기 여자들도 많잖아?",
            "norm_text": "키키 거기 여자들도 많잖아?",
            "speaker": {
              "id": "2번",
              "sex": "남성",
              "age": "20대"
            },
            "speechAct": "(지시) 질문하기",
            "morpheme": "키/NNG+키/XSV+ETN+거기/NP+여자/NNG+들/XSN+도/JX+많/VA+잖아/EF"
          },
          {
            "id": 12,
            "text": "1 : 키키 근데 그때 초등학생이라서 뭘 알지도 못하고 갔으면 그냥 빨간 띠 올라갔을 텐데",
            "norm_text": "키키 근데 그때 초등학생이라서 뭘 알지도 못하고 갔으면 그냥 빨간 띠 올라갔을 텐데",
            "speaker": {
              "id": "1번",
              "sex": "여성",
              "age": "20대"
            },
            "speechAct": "(단언) 주장하기",
            "morpheme": "키/NNG+키/XSV+ETN+근데/MAJ+그때/NNG+초등학생/NNG+이/VCP+라서/EC+뭘/NP+JKO+알/VV+지/EC+도/JX+못하/VX+고/EC+갔으면/VX+EP+EC+그냥/MAG+빨간/VA+ETM+띠/NNG+올라갔/VV+EP+을/ETM+텐데/NNB+VCP+EC"
          },
          {
            "id": 13,
            "text": "2 : 키키 나도 3년 정도 다녔는데 친구들이랑 같이 다녔었다",
            "norm_text": "키키 나도 3년 정도 다녔는데 친구들이랑 같이 다녔었다",
            "speaker": {
              "id": "2번",
              "sex": "남성",
              "age": "20대"
            },
            "speechAct": "(단언) 진술하기",
            "morpheme": "키/NNG+키나/XSA+ETN+JX+도/JX+3/SN+년/NNBC+정도/NNG+다녔/VV+EP+는데/EC+친구/NNG+들/XSN+이랑/JKB+같이/MAG+다녔었/VV+EP+다/EC"
          },
          {
            "id": 14,
            "text": "1 : 키키 오 그럼 몇 단이야?",
            "norm_text": "키키 오 그럼 몇 단이야?",
            "speaker": {
              "id": "1번",
              "sex": "여성",
              "age": "20대"
            },
            "speechAct": "(지시) 질문하기",
            "morpheme": "키/NNG+키/XSV+ETN+오/NR+그럼/MAJ+몇/MM+단/NNBC+이/VCP+야/EF"
          },
          {
            "id": 15,
            "text": "1 : 친구들도 다 검은 띠였나?",
            "norm_text": "친구들도 다 검은 띠였나?",
            "speaker": {
              "id": "1번",
              "sex": "여성",
              "age": "20대"
            },
            "speechAct": "(지시) 질문하기",
            "morpheme": "친구/NNG+들/XSN+도/JX+다/MAG+검/VA+은/ETM+띠/NNG+였/VCP+EP+나/EF"
          },
          {
            "id": 16,
            "text": "2 : 응 키키 2단까지 따고 그만뒀지",
            "norm_text": "응 키키 2단까지 따고 그만뒀지",
            "speaker": {
              "id": "2번",
              "sex": "남성",
              "age": "20대"
            },
            "speechAct": "(단언) 진술하기",
            "morpheme": "응/IC+키/NNG+키/XSV+ETN+2/SN+단/NNBC+까지/JX+따/VV+고/EC+그만뒀/VV+EP+지/EC"
          },
          {
            "id": 17,
            "text": "1 : 키키 사범이 4단 따야 할 수 있는 거제?",
            "norm_text": "키키 사범이 4단 따야 할 수 있는 거제?",
            "speaker": {
              "id": "1번",
              "sex": "여성",
              "age": "20대"
            },
            "speechAct": "(지시) 질문하기",
            "morpheme": "키/NNG+키/NNG+사범/NNG+이/JKS+4/SN+단/NNBC+따/VV+야/EC+할/VX+ETM+수/NNB+있/VV+는/ETM+거/NNB+제/VCP+EF"
          },
          {
            "id": 18,
            "text": "2 : 응 키키 태권도 다닐 때는 사범이 꿈이였었는데 초딩의 꿈 키키",
            "norm_text": "응 키키 태권도 다닐 때는 사범이 꿈이였었는데 초딩의 꿈 키키",
            "speaker": {
              "id": "2번",
              "sex": "남성",
              "age": "20대"
            },
            "speechAct": "(단언) 진술하기",
            "morpheme": "응/IC+키/NNG+키/NNG+태권/NNG+도/JX+다닐/VV+ETM+때/NNG+는/JX+사범/NNG+이/JKS+꿈/NNG+이/VCP+였었/EP+는데/EC+초딩/NNG+의/JKG+꿈/NNG+키/NNG+키/XSV+ETN"
          }
        ]
      }
    }
  ]
}