{
  "dataset": {
    "identifier": 44955,
    "name": "KAKAO_942_07_set",
    "src_path": "/data/file/cubeManager/PROJECT001/53/txt20211005161523078984/KAKAO_942_07_set/",
    "label_path": "/data/file/cubeManager/PROJECT001/53/txt20211005161523078984/KAKAO_942_07_set/",
    "category": 2,
    "type": 0
  },
  "licenses": {
    "name": "Apache License 1.0",
    "url": "http://www.apache.org/licenses/LICENSE-1.0"
  },
  "info": [
    {
      "id": 42084,
      "filename": "KAKAO_942_07.txt",
      "title": "KAKAO_942_07",
      "mediatype": "SNS",
      "medianame": "카카오톡",
      "category": "일상대화",
      "date": "2021-10-05",
      "size": 549,
      "annotations": {
        "subject": "가족",
        "speaker_type": "1:1",
        "size": 549,
        "word_size": 181,
        "text": "1 : 얼마 전에 어머니랑 호캉스 다녀왔더만?\n2 : 어 해운대로 갔었어 멀리 못 가서\n1 : 너무 좋았겠다 ㅠㅠ 어머니랑 오붓한 시간\n2 : 근데, 역시 호캉스는 혼자가 최고인 것 같아\n1 : 왜애 그래도 부모님 돌아가시고 나면 젤 후회하는 게 여행 많이 못 다닌 거라잖아.\n2 : 근데 나는 뭔가 부담이 생기더라고 엄마한테 이렇게 해줘야 하고 이런 거\n1 : 그래도 ㅠㅠ 나도 후회하고 그러기 싫어서 엄마랑 분기별로 여행 가려고 하는 중이야.\n2 : 좋지... 너는 참 좋아 보이더라.\n2 : 나도 진짜 오랜만에 간 거였어\n1 : 키키 근데 나도 말만 그래\n1 : 가면 맨날 싸워 키키\n2 : 나도 이번에 싸운 건 아닌데 참 안 맞구나 느꼈잖아\n1 : 어차피 여행은 돈 쓰러 가는 건데 비싸다 하지 말자 이러면 화나더라고\n2 : 키키 나는 술 먹는 걸로 빈정 상했어 키키\n1 : 키키 갑자기 술 먹는 거?\n1 : 무슨 일이었길래 키키\n2 : 술 많이 먹지도 않는데 울 엄마는 이해는 못하는 거야\n1 : 허얼 나는 울 엄마가 더 많이 마시는데\n2 : 놀러 가서 맥주 한잔 해야 되는데 키키\n2 : 울 엄마 노이해.",
        "lines": [
          {
            "id": 1,
            "text": "1 : 얼마 전에 어머니랑 호캉스 다녀왔더만?",
            "norm_text": "얼마 전에 어머니랑 호캉스 다녀왔더만?",
            "speaker": {
              "id": "1번",
              "sex": "여성",
              "age": "30대"
            },
            "speechAct": "(지시) 질문하기",
            "morpheme": "얼마/NNG+전/NNG+에/JKB+어머니/NNG+랑/JKB+호/NNG+캉/JKB+스/IC+다녀왔/VV+EP+더만/EF"
          },
          {
            "id": 2,
            "text": "2 : 어 해운대로 갔었어 멀리 못 가서",
            "norm_text": "어 해운대로 갔었어 멀리 못 가서",
            "speaker": {
              "id": "2번",
              "sex": "여성",
              "age": "30대"
            },
            "speechAct": "(단언) 진술하기",
            "morpheme": "어/IC+해운대/NNG+로/JKB+갔었/VV+EP+어/EC+멀리/MAG+못/MAG+가/VV+서/EC"
          },
          {
            "id": 3,
            "text": "1 : 너무 좋았겠다 ㅠㅠ 어머니랑 오붓한 시간",
            "norm_text": "너무 좋았겠다 ㅠㅠ 어머니랑 오붓한 시간",
            "speaker": {
              "id": "1번",
              "sex": "여성",
              "age": "30대"
            },
            "speechAct": "(단언) 주장하기",
            "morpheme": "너무/MAG+좋/VA+았/EP+겠/EP+다/EF+ㅠㅠ/UNKNOWN+어머니/NNG+랑/JC+오붓/XR+한/XSA+ETM+시간/NNG"
          },
          {
            "id": 4,
            "text": "2 : 근데, 역시 호캉스는 혼자가 최고인 것 같아",
            "norm_text": "근데, 역시 호캉스는 혼자가 최고인 것 같아",
            "speaker": {
              "id": "2번",
              "sex": "여성",
              "age": "30대"
            },
            "speechAct": "(단언) 주장하기",
            "morpheme": "근데/MAJ+,/SC+역시/MAJ+호/NNG+캉/JKB+스/VV+는/ETM+혼자/NNG+가/JKS+최고/NNG+인/VCP+ETM+것/NNB+같/VA+아/EC"
          },
          {
            "id": 5,
            "text": "1 : 왜애 그래도 부모님 돌아가시고 나면 젤 후회하는 게 여행 많이 못 다닌 거라잖아.",
            "norm_text": "왜애 그래도 부모님 돌아가시고 나면 젤 후회하는 게 여행 많이 못 다닌 거라잖아.",
            "speaker": {
              "id": "1번",
              "sex": "여성",
              "age": "30대"
            },
            "speechAct": "(단언) 진술하기",
            "morpheme": "왜/MAG+애/NNG+그래도/VV+EC+부모/NNG+님/XSN+돌아가/VV+시/EP+고/EC+나/VX+면/EC+젤/MAG+후회/NNG+하/XSV+는/ETM+게/NNB+JKS+여행/NNG+많이/MAG+못/MAG+다닌/VV+ETM+거/NNB+라/VCP+잖아/EF"
          },
          {
            "id": 6,
            "text": "2 : 근데 나는 뭔가 부담이 생기더라고 엄마한테 이렇게 해줘야 하고 이런 거",
            "norm_text": "근데 나는 뭔가 부담이 생기더라고 엄마한테 이렇게 해줘야 하고 이런 거",
            "speaker": {
              "id": "2번",
              "sex": "여성",
              "age": "30대"
            },
            "speechAct": "(단언) 주장하기",
            "morpheme": "근데/MAJ+나/NP+는/JX+뭔가/NP+VCP+EC+부담/NNG+이/JKS+생기/VV+더라고/EC+엄마/NNG+한테/JKB+이렇게/MAG+해/VV+EC+줘야/VX+EC+하/VV+고/EC+이런/MM+거/NNB"
          },
          {
            "id": 7,
            "text": "1 : 그래도 ㅠㅠ 나도 후회하고 그러기 싫어서 엄마랑 분기별로 여행 가려고 하는 중이야.",
            "norm_text": "그래도 ㅠㅠ 나도 후회하고 그러기 싫어서 엄마랑 분기별로 여행 가려고 하는 중이야.",
            "speaker": {
              "id": "1번",
              "sex": "여성",
              "age": "30대"
            },
            "speechAct": "(단언) 진술하기",
            "morpheme": "그래도/MAJ+ㅠㅠ/UNKNOWN+나/NP+도/JX+후회/NNG+하/XSV+고/EC+그러/VV+기/ETN+싫/VA+어서/EC+엄마/NNG+랑/JKB+분기/NNG+별/XSN+로/JKB+여행/NNG+가/VV+려고/EC+하/VV+는/ETM+중/NNB+이/VCP+야/EF"
          },
          {
            "id": 8,
            "text": "2 : 좋지... 너는 참 좋아 보이더라.",
            "norm_text": "좋지... 너는 참 좋아 보이더라.",
            "speaker": {
              "id": "2번",
              "sex": "여성",
              "age": "30대"
            },
            "speechAct": "(단언) 주장하기",
            "morpheme": "좋/VA+지/EF+./SY+너/NP+는/JX+참/MAG+좋/VA+아/EC+보이/VV+더라/EF"
          },
          {
            "id": 9,
            "text": "2 : 나도 진짜 오랜만에 간 거였어",
            "norm_text": "나도 진짜 오랜만에 간 거였어",
            "speaker": {
              "id": "2번",
              "sex": "여성",
              "age": "30대"
            },
            "speechAct": "(단언) 진술하기",
            "morpheme": "나/NP+도/JX+진짜/MAG+오랜만/NNG+에/JKB+간/VV+ETM+거/NNB+였/VCP+EP+어/EC"
          },
          {
            "id": 10,
            "text": "1 : 키키 근데 나도 말만 그래",
            "norm_text": "키키 근데 나도 말만 그래",
            "speaker": {
              "id": "1번",
              "sex": "여성",
              "age": "30대"
            },
            "speechAct": "(단언) 주장하기",
            "morpheme": "키/NNG+키/XSV+ETN+근데/MAJ+나/NP+도/JX+말/NNG+만/JX+그래/VA+EC"
          },
          {
            "id": 11,
            "text": "1 : 가면 맨날 싸워 키키",
            "norm_text": "가면 맨날 싸워 키키",
            "speaker": {
              "id": "1번",
              "sex": "여성",
              "age": "30대"
            },
            "speechAct": "(단언) 진술하기",
            "morpheme": "가/VV+면/EC+맨날/MAG+싸워/VV+EC+키/NNG+키/XSV+ETN"
          },
          {
            "id": 12,
            "text": "2 : 나도 이번에 싸운 건 아닌데 참 안 맞구나 느꼈잖아",
            "norm_text": "나도 이번에 싸운 건 아닌데 참 안 맞구나 느꼈잖아",
            "speaker": {
              "id": "2번",
              "sex": "여성",
              "age": "30대"
            },
            "speechAct": "(단언) 주장하기",
            "morpheme": "나/NP+도/JX+이번/NNG+에/JKB+싸운/VV+ETM+건/NNB+JX+아닌데/VCN+EC+참/MAG+안/MAG+맞/VV+구나/EC+느꼈/VV+EP+잖아/EC"
          },
          {
            "id": 13,
            "text": "1 : 어차피 여행은 돈 쓰러 가는 건데 비싸다 하지 말자 이러면 화나더라고",
            "norm_text": "어차피 여행은 돈 쓰러 가는 건데 비싸다 하지 말자 이러면 화나더라고",
            "speaker": {
              "id": "1번",
              "sex": "여성",
              "age": "30대"
            },
            "speechAct": "(단언) 진술하기",
            "morpheme": "어차피/MAG+여행/NNG+은/JX+돈/NNG+쓰/VV+러/EC+가/VX+는/ETM+건데/NNB+VCP+EC+비싸/VA+다/EC+하/VV+지/EC+말/VX+자/EC+이러/VV+면/EC+화나/VV+더라고/EC"
          },
          {
            "id": 14,
            "text": "2 : 키키 나는 술 먹는 걸로 빈정 상했어 키키",
            "norm_text": "키키 나는 술 먹는 걸로 빈정 상했어 키키",
            "speaker": {
              "id": "2번",
              "sex": "여성",
              "age": "30대"
            },
            "speechAct": "(단언) 진술하기",
            "morpheme": "키/NNG+키나/XSA+ETN+JX+는/JX+술/NNG+먹/VV+는/ETM+걸로/NNB+JKB+빈/VV+ETM+정상/NNG+했/XSV+EP+어/EC+키/NNG+키/XSV+ETN"
          },
          {
            "id": 15,
            "text": "1 : 키키 갑자기 술 먹는 거?",
            "norm_text": "키키 갑자기 술 먹는 거?",
            "speaker": {
              "id": "1번",
              "sex": "여성",
              "age": "30대"
            },
            "speechAct": "(지시) 질문하기",
            "morpheme": "키/NNG+키/NNG+갑자기/MAG+술/NNG+먹/VV+는/ETM+거/NNB"
          },
          {
            "id": 16,
            "text": "1 : 무슨 일이었길래 키키",
            "norm_text": "무슨 일이었길래 키키",
            "speaker": {
              "id": "1번",
              "sex": "여성",
              "age": "30대"
            },
            "speechAct": "(단언) 주장하기",
            "morpheme": "무슨/MM+일/NNG+이/VCP+었/EP+길래/EC+키/NNG+키/XSV+ETN"
          },
          {
            "id": 17,
            "text": "2 : 술 많이 먹지도 않는데 울 엄마는 이해는 못하는 거야",
            "norm_text": "술 많이 먹지도 않는데 울 엄마는 이해는 못하는 거야",
            "speaker": {
              "id": "2번",
              "sex": "여성",
              "age": "30대"
            },
            "speechAct": "(단언) 진술하기",
            "morpheme": "술/NNG+많이/MAG+먹/VV+지/EC+도/JX+않/VX+는데/EC+울엄마/NNP+는/JX+이해/NNG+는/JX+못/MAG+하/VV+는/ETM+거/NNB+야/VCP+EF"
          },
          {
            "id": 18,
            "text": "1 : 허얼 나는 울 엄마가 더 많이 마시는데",
            "norm_text": "허얼 나는 울 엄마가 더 많이 마시는데",
            "speaker": {
              "id": "1번",
              "sex": "여성",
              "age": "30대"
            },
            "speechAct": "(단언) 진술하기",
            "morpheme": "허/IC+얼/IC+나/NP+는/JX+울엄마/NNP+가/JKS+더/MAG+많이/MAG+마시/VV+는데/EC"
          },
          {
            "id": 19,
            "text": "2 : 놀러 가서 맥주 한잔 해야 되는데 키키",
            "norm_text": "놀러 가서 맥주 한잔 해야 되는데 키키",
            "speaker": {
              "id": "2번",
              "sex": "여성",
              "age": "30대"
            },
            "speechAct": "(단언) 주장하기",
            "morpheme": "놀/VV+러/EC+가/VX+서/EC+맥주/NNG+한잔/NNG+해야/XSV+EC+되/VV+는데/EC+키/NNG+키/XSV+ETN"
          },
          {
            "id": 20,
            "text": "2 : 울 엄마 노이해.",
            "norm_text": "울 엄마 노이해.",
            "speaker": {
              "id": "2번",
              "sex": "여성",
              "age": "30대"
            },
            "speechAct": "(단언) 주장하기",
            "morpheme": "울엄마/NNP+노이/NNG+해/XSV+EF"
          }
        ]
      }
    }
  ]
}