{
  "dataset": {
    "identifier": 50853,
    "name": "KAKAO_999_06_set",
    "src_path": "/data/file/cubeManager/PROJECT001/53/txt20211006140325045865/KAKAO_999_06_set/",
    "label_path": "/data/file/cubeManager/PROJECT001/53/txt20211006140325045865/KAKAO_999_06_set/",
    "category": 2,
    "type": 0
  },
  "licenses": {
    "name": "Apache License 1.0",
    "url": "http://www.apache.org/licenses/LICENSE-1.0"
  },
  "info": [
    {
      "id": 45237,
      "filename": "KAKAO_999_06.txt",
      "title": "KAKAO_999_06",
      "mediatype": "SNS",
      "medianame": "카카오톡",
      "category": "일상대화",
      "date": "2021-10-06",
      "size": 393,
      "annotations": {
        "subject": "교육",
        "speaker_type": "1:1",
        "size": 393,
        "word_size": 126,
        "text": "1 : 요즘도 책 많이 읽어?\n2 : 얍얍 공부 빼고는 다 하고 있어\n1 : 아니 키키 공부를 해야지 다른 걸 하다니\n2 : 하기 싫은 걸 어떡하라구 ㅠㅠ\n1 : 나도 뭐라 할 처지는 아니지만 ㅠㅜ\n2 : 아냐 그래도 나보다 부지런하게 하고 있잖아\n1 : 키키 그런가?\n1 : 그럴지도 모르겠다\n2 : 이렇게 책만 읽을 줄 알았으면 책 관련 쪽을 선택할 걸\n1 : 어디?\n1 : 문헌정보? 국어국문 이쪽으로?\n2 : 응 취미랑 직업이랑은 다른 느낌이겠지만\n1 : 그치 그래도 흥미는 생기지 않았을까?\n2 : 어쩌면 그 흥미를 잃게 되는 계기가 될지도\n1 : 흐음 듣고 보니깐 그러네...\n2 : 그치 좋아하는 걸 하다가 싫어하게 되는\n1 : 모순적이다 정말 좋아했지만 이제는 증오하는\n2 : 맞아 뜬금없지만 나 모순이라는 단어 좋아해",
        "lines": [
          {
            "id": 1,
            "text": "1 : 요즘도 책 많이 읽어?",
            "norm_text": "요즘도 책 많이 읽어?",
            "speaker": {
              "id": "1번",
              "sex": "여성",
              "age": "20대"
            },
            "speechAct": "(지시) 질문하기",
            "morpheme": "요즘/NNG+도/JX+책/NNG+많이/MAG+읽/VV+어/EF"
          },
          {
            "id": 2,
            "text": "2 : 얍얍 공부 빼고는 다 하고 있어",
            "norm_text": "얍얍 공부 빼고는 다 하고 있어",
            "speaker": {
              "id": "2번",
              "sex": "여성",
              "age": "20대"
            },
            "speechAct": "(단언) 진술하기",
            "morpheme": "얍/IC+얍/IC+공부/NNG+빼/VV+고/EC+는/JX+다/MAG+하/VV+고/EC+있/VX+어/EC"
          },
          {
            "id": 3,
            "text": "1 : 아니 키키 공부를 해야지 다른 걸 하다니",
            "norm_text": "아니 키키 공부를 해야지 다른 걸 하다니",
            "speaker": {
              "id": "1번",
              "sex": "여성",
              "age": "20대"
            },
            "speechAct": "(단언) 진술하기",
            "morpheme": "아니키/NNP+키/NNG+공부/NNG+를/JKO+해야지/VV+EF+다른/MM+걸/NNB+JKO+하/VV+다니/EC"
          },
          {
            "id": 4,
            "text": "2 : 하기 싫은 걸 어떡하라구 ㅠㅠ",
            "norm_text": "하기 싫은 걸 어떡하라구 ㅠㅠ",
            "speaker": {
              "id": "2번",
              "sex": "여성",
              "age": "20대"
            },
            "speechAct": "(단언) 진술하기",
            "morpheme": "하/VV+기/ETN+싫/VA+은/ETM+걸/NNB+JKO+어떡/XR+하/XSA+라구/EC+ㅠㅠ/UNKNOWN"
          },
          {
            "id": 5,
            "text": "1 : 나도 뭐라 할 처지는 아니지만 ㅠㅜ",
            "norm_text": "나도 뭐라 할 처지는 아니지만 ㅠㅜ",
            "speaker": {
              "id": "1번",
              "sex": "여성",
              "age": "20대"
            },
            "speechAct": "(단언) 진술하기",
            "morpheme": "나/NP+도/JX+뭐/NP+라/VCP+EC+할/VX+ETM+처지/NNG+는/JX+아니/VCN+지만/EC+ㅠㅜ/UNKNOWN"
          },
          {
            "id": 6,
            "text": "2 : 아냐 그래도 나보다 부지런하게 하고 있잖아",
            "norm_text": "아냐 그래도 나보다 부지런하게 하고 있잖아",
            "speaker": {
              "id": "2번",
              "sex": "여성",
              "age": "20대"
            },
            "speechAct": "(단언) 진술하기",
            "morpheme": "아냐/IC+그래도/MAJ+나/NP+보다/JKB+부지런/NNG+하/XSV+게/EC+하/VV+고/EC+있/VX+잖아/EC"
          },
          {
            "id": 7,
            "text": "1 : 키키 그런가?",
            "norm_text": "키키 그런가?",
            "speaker": {
              "id": "1번",
              "sex": "여성",
              "age": "20대"
            },
            "speechAct": "(지시) 질문하기",
            "morpheme": "키/NNG+키/XSV+ETN+그런가/VA+EF"
          },
          {
            "id": 8,
            "text": "1 : 그럴지도 모르겠다",
            "norm_text": "그럴지도 모르겠다",
            "speaker": {
              "id": "1번",
              "sex": "여성",
              "age": "20대"
            },
            "speechAct": "(단언) 진술하기",
            "morpheme": "그럴지도/VA+EC+JX+모르/VV+겠/EP+다/EC"
          },
          {
            "id": 9,
            "text": "2 : 이렇게 책만 읽을 줄 알았으면 책 관련 쪽을 선택할 걸",
            "norm_text": "이렇게 책만 읽을 줄 알았으면 책 관련 쪽을 선택할 걸",
            "speaker": {
              "id": "2번",
              "sex": "여성",
              "age": "20대"
            },
            "speechAct": "(단언) 진술하기",
            "morpheme": "이렇게/MAG+책/NNG+만/JX+읽/VV+을/ETM+줄/NNB+알/VV+았/EP+으면/EC+책/NNG+관련/NNG+쪽/NNB+을/JKO+선택/NNG+할걸/XSV+EC"
          },
          {
            "id": 10,
            "text": "1 : 어디?",
            "norm_text": "어디?",
            "speaker": {
              "id": "1번",
              "sex": "여성",
              "age": "20대"
            },
            "speechAct": "(지시) 질문하기",
            "morpheme": "어디/NP"
          },
          {
            "id": 11,
            "text": "1 : 문헌정보? 국어국문 이쪽으로?",
            "norm_text": "문헌정보? 국어국문 이쪽으로?",
            "speaker": {
              "id": "1번",
              "sex": "여성",
              "age": "20대"
            },
            "speechAct": "(지시) 질문하기",
            "morpheme": "문헌/NNG+정보/NNG+?/SY+국어/NNG+국문/NNG+이쪽/NP+으로/JKB"
          },
          {
            "id": 12,
            "text": "2 : 응 취미랑 직업이랑은 다른 느낌이겠지만",
            "norm_text": "응 취미랑 직업이랑은 다른 느낌이겠지만",
            "speaker": {
              "id": "2번",
              "sex": "여성",
              "age": "20대"
            },
            "speechAct": "(단언) 진술하기",
            "morpheme": "응/IC+취미/NNG+랑/JKB+직업/NNG+이랑/JKB+은/JX+다른/MM+느낌/NNG+이/VCP+겠/EP+지만/EC"
          },
          {
            "id": 13,
            "text": "1 : 그치 그래도 흥미는 생기지 않았을까?",
            "norm_text": "그치 그래도 흥미는 생기지 않았을까?",
            "speaker": {
              "id": "1번",
              "sex": "여성",
              "age": "20대"
            },
            "speechAct": "(지시) 충고/제안하기",
            "morpheme": "그치/IC+그래도/MAJ+흥미/NNG+는/JX+생기/VV+지/EC+않/VX+았/EP+을까/EF"
          },
          {
            "id": 14,
            "text": "2 : 어쩌면 그 흥미를 잃게 되는 계기가 될지도",
            "norm_text": "어쩌면 그 흥미를 잃게 되는 계기가 될지도",
            "speaker": {
              "id": "2번",
              "sex": "여성",
              "age": "20대"
            },
            "speechAct": "(단언) 주장하기",
            "morpheme": "어쩌면/MAG+그/MM+흥미/NNG+를/JKO+잃/VV+게/EC+되/VV+는/ETM+계기/NNG+가/JKS+될/VV+ETM+지도/NNG"
          },
          {
            "id": 15,
            "text": "1 : 흐음 듣고 보니깐 그러네...",
            "norm_text": "흐음 듣고 보니깐 그러네...",
            "speaker": {
              "id": "1번",
              "sex": "여성",
              "age": "20대"
            },
            "speechAct": "(단언) 진술하기",
            "morpheme": "흐음/IC+듣/VV+고/EC+보/VX+니깐/EC+그러/VV+네/EF+./SY"
          },
          {
            "id": 16,
            "text": "2 : 그치 좋아하는 걸 하다가 싫어하게 되는",
            "norm_text": "그치 좋아하는 걸 하다가 싫어하게 되는",
            "speaker": {
              "id": "2번",
              "sex": "여성",
              "age": "20대"
            },
            "speechAct": "(단언) 진술하기",
            "morpheme": "그치/IC+좋/VA+아/EC+하/VV+는/ETM+걸/NNB+JKO+하/VV+다가/EC+싫/VA+어/EC+하/VV+게/EC+되/VV+는/ETM"
          },
          {
            "id": 17,
            "text": "1 : 모순적이다 정말 좋아했지만 이제는 증오하는",
            "norm_text": "모순적이다 정말 좋아했지만 이제는 증오하는",
            "speaker": {
              "id": "1번",
              "sex": "여성",
              "age": "20대"
            },
            "speechAct": "(단언) 진술하기",
            "morpheme": "모순/NNG+적/XSN+이/VCP+다/EF+정말/MAG+좋/VA+아/EC+했/VX+EP+지만/EC+이제/NNG+는/JX+증오/NNG+하/XSV+는/ETM"
          },
          {
            "id": 18,
            "text": "2 : 맞아 뜬금없지만 나 모순이라는 단어 좋아해",
            "norm_text": "맞아 뜬금없지만 나 모순이라는 단어 좋아해",
            "speaker": {
              "id": "2번",
              "sex": "여성",
              "age": "20대"
            },
            "speechAct": "(단언) 주장하기",
            "morpheme": "맞/VV+아/EC+뜬금없/VA+지만/EC+나/NP+모순/NNG+이/VCP+라는/ETM+단어/NNG+좋/VA+아/EC+해/VV+EC"
          }
        ]
      }
    }
  ]
}