{
  "dataset": {
    "identifier": 61074,
    "name": "KAKAO_925_09_set",
    "src_path": "/data/file/cubeManager/PROJECT001/53/txt20211006121743085277/KAKAO_925_09_set/",
    "label_path": "/data/file/cubeManager/PROJECT001/53/txt20211006121743085277/KAKAO_925_09_set/",
    "category": 2,
    "type": 0
  },
  "licenses": {
    "name": "Apache License 1.0",
    "url": "http://www.apache.org/licenses/LICENSE-1.0"
  },
  "info": [
    {
      "id": 42769,
      "filename": "KAKAO_925_09.txt",
      "title": "KAKAO_925_09",
      "mediatype": "SNS",
      "medianame": "카카오톡",
      "category": "일상대화",
      "date": "2021-10-06",
      "size": 1120,
      "annotations": {
        "subject": "반려동물",
        "speaker_type": "다자간 대화",
        "size": 1120,
        "word_size": 351,
        "text": "1 : 아 내일 오랜만에 하우스 간다\n1 : 성돌이 드디어 만나넹 울 애기\n2 : 오 축하해 강아지는 건강하고 아직?\n3 : 고양이도 키우지 않음? 많이 컸겠지\n1 : 응응 근데 강아지가 원래 본가 살다가 이사하면서 하우스로 옮겼는데 사람 없는 곳에 두니까 하루아침에 시들시들해져서 다시 사람 많은 곳에 놨거든?\n1 : 그러니까 쌩쌩해짐\n2 : 전에 나도 한번 보지 않았나...?\n2 : 귀여웠던 거 같은데 건강하다니 다행이네\n3 : 내일 가서 사진 찍어 보내 봐\n3 : 난 랜선으로 사랑해 줄게\n1 : 그때 그 강아지 중에 가장 큰 강아지양\n1 : 고양이는 얼마 전에 크게 사고 당해서 죽을 뻔했어...\n1 : 지금도 누워서 잘 못 움직인대\n2 : 어휴 잘 좀 데리고 있어\n2 : 뭔 일 생기면 어떡할려 그래\n3 : 무슨 사고 났는데?\n3 : 병원에 있어?\n1 : 아니 그 하우스에 트럭 큰 거 있는데 오이 다 따고 담을 때 트럭 시동 걸어두고 오이 담는단 말이야\n1 : 근데 거기 아래가 따듯했나 봐\n1 : 아무도 모르게 그 아래 들어가 있던 거...\n1 : 그래서 아빠가 차 운전하니까 그대로 튕겨져서 밖으로 나왔대... 살 찢어지고...\n2 : 아이고 진짜 큰일 날 뻔했네 ㅠ\n2 : 나도 가끔 담배 피러 나오다가 타이어 밑에 고양이들 막 들어가 있는 거 보고 위험하겠다 생각함\n3 : 그래서 원래 차 움직이기 전에 본넷 두드리거나 클락션 울려야 됨\n1 : 맞어 근데 워낙 거기 오래 있었고 한 번도 안 그래서 몰랐다던데\n1 : 아빠도 엄청 놀라고 미안해 하고 오빠도 고양이한테 미안해 하고...\n2 : 그니까 집 밖으로 안 나가는 이구아나를 키우자 결혼하면\n3 : 근데 고양이 다쳐서 병원비 꽤나 나왔겠네\n1 : 우리 집은 나 태어나고 한 번도 동물을 안 키워본 적이 없는데 이번 애들 다 죽게 되면 안 키울 거래\n1 : 이별이 너무 무섭고 힘들어서 못하겠다더라\n2 : 동물 병원은 보험 되나 모르겠네\n3 : 동물 병원 보험 되긴 하는데 되는 항목이 얼마 없을걸 키키\n1 : 키키 근데 병원비를 떠나서 결국은 떠나잖아\n1 : 인간보다 훨씬 짧게 살고... 또 시골이라 막 엄청난 케어를 해주는 것도 아니구...\n1 : 그래서 이별이 더 힘들대\n1 : 후회도 많고 그렇다고\n2 : 안타깝네... 동물들을 위해서 기도해줄게\n3 : 그래도 정성을 다해 키워야지 ㅠ",
        "lines": [
          {
            "id": 1,
            "text": "1 : 아 내일 오랜만에 하우스 간다",
            "norm_text": "아 내일 오랜만에 하우스 간다",
            "speaker": {
              "id": "1번",
              "sex": "여성",
              "age": "20대"
            },
            "speechAct": "(단언) 진술하기",
            "morpheme": "아/IC+내일/MAG+오랜만/NNG+에/JKB+하우스/NNP+간다/NNP"
          },
          {
            "id": 2,
            "text": "1 : 성돌이 드디어 만나넹 울 애기",
            "norm_text": "성돌이 드디어 만나넹 울 애기",
            "speaker": {
              "id": "1번",
              "sex": "여성",
              "age": "20대"
            },
            "speechAct": "(단언) 주장하기",
            "morpheme": "성/NNG+돌/NNG+이/JKS+드디어/MAG+만나/VV+EC+넹울/UNKNOWN+애기/NNG"
          },
          {
            "id": 3,
            "text": "2 : 오 축하해 강아지는 건강하고 아직?",
            "norm_text": "오 축하해 강아지는 건강하고 아직?",
            "speaker": {
              "id": "2번",
              "sex": "남성",
              "age": "20대"
            },
            "speechAct": "(지시) 질문하기",
            "morpheme": "오/NR+축하/NNG+해/XSV+EC+강아지/NNG+는/JX+건강/NNG+하/XSV+고/EC+아직/MAG"
          },
          {
            "id": 4,
            "text": "3 : 고양이도 키우지 않음? 많이 컸겠지",
            "norm_text": "고양이도 키우지 않음? 많이 컸겠지",
            "speaker": {
              "id": "3번",
              "sex": "남성",
              "age": "20대"
            },
            "speechAct": "(단언) 주장하기",
            "morpheme": "고양이/NNG+도/JX+키우/VV+지/EC+않/VX+음/ETN+많이/MAG+컸/VA+EP+겠/EP+지/EC"
          },
          {
            "id": 5,
            "text": "1 : 응응 근데 강아지가 원래 본가 살다가 이사하면서 하우스로 옮겼는데 사람 없는 곳에 두니까 하루아침에 시들시들해져서 다시 사람 많은 곳에 놨거든?",
            "norm_text": "응응 근데 강아지가 원래 본가 살다가 이사하면서 하우스로 옮겼는데 사람 없는 곳에 두니까 하루아침에 시들시들해져서 다시 사람 많은 곳에 놨거든?",
            "speaker": {
              "id": "1번",
              "sex": "여성",
              "age": "20대"
            },
            "speechAct": "(단언) 진술하기",
            "morpheme": "응/IC+응/IC+근데/MAJ+강아지/NNG+가/JKS+원래/MAG+본가/NNG+살/VV+다가/EC+이사/NNG+하/XSV+면서/EC+하우스/NNP+로/JKB+옮겼/VV+EP+는데/EC+사람/NNG+없/VA+는/ETM+곳/NNG+에/JKB+두/VV+니까/EC+하루아침/NNG+에/JKB+시들시들/MAG+해져서/XSA+EC+VX+EC+다시/MAG+사람/NNG+많/VA+은/ETM+곳/NNG+에/JKB+놨/VV+EP+거든/EF"
          },
          {
            "id": 6,
            "text": "1 : 그러니까 쌩쌩해짐",
            "norm_text": "그러니까 쌩쌩해짐",
            "speaker": {
              "id": "1번",
              "sex": "여성",
              "age": "20대"
            },
            "speechAct": "(단언) 진술하기",
            "morpheme": "그러니까/MAJ+쌩쌩/XR+해짐/XSA+EC+VX+ETN"
          },
          {
            "id": 7,
            "text": "2 : 전에 나도 한번 보지 않았나...?",
            "norm_text": "전에 나도 한번 보지 않았나...?",
            "speaker": {
              "id": "2번",
              "sex": "남성",
              "age": "20대"
            },
            "speechAct": "(지시) 질문하기",
            "morpheme": "전/NNG+에/JKB+나/NP+도/JX+한/MM+번/NNBC+보/VV+지/EC+않/VX+았/EP+나/EF+./SY+./SY"
          },
          {
            "id": 8,
            "text": "2 : 귀여웠던 거 같은데 건강하다니 다행이네",
            "norm_text": "귀여웠던 거 같은데 건강하다니 다행이네",
            "speaker": {
              "id": "2번",
              "sex": "남성",
              "age": "20대"
            },
            "speechAct": "(단언) 주장하기",
            "morpheme": "귀여웠/VA+EP+던/ETM+거/NNB+같/VA+은데/EC+건강/NNG+하/XSV+다니/EC+다행/NNG+이/VCP+네/EC"
          },
          {
            "id": 9,
            "text": "3 : 내일 가서 사진 찍어 보내 봐",
            "norm_text": "내일 가서 사진 찍어 보내 봐",
            "speaker": {
              "id": "3번",
              "sex": "남성",
              "age": "20대"
            },
            "speechAct": "(지시) 충고/제안하기",
            "morpheme": "내일/MAG+가/VV+서/EC+사진/NNG+찍/VV+어/EC+보내/VV+EC+봐/VX+EC"
          },
          {
            "id": 10,
            "text": "3 : 난 랜선으로 사랑해 줄게",
            "norm_text": "난 랜선으로 사랑해 줄게",
            "speaker": {
              "id": "3번",
              "sex": "남성",
              "age": "20대"
            },
            "speechAct": "(단언) 주장하기",
            "morpheme": "난/NP+JX+랜/VCP+ETM+선/NNG+으로/JKB+사랑/NNG+해/XSV+EC+줄/VX+ETM+게/NNB+JKS"
          },
          {
            "id": 11,
            "text": "1 : 그때 그 강아지 중에 가장 큰 강아지양",
            "norm_text": "그때 그 강아지 중에 가장 큰 강아지양",
            "speaker": {
              "id": "1번",
              "sex": "여성",
              "age": "20대"
            },
            "speechAct": "(단언) 진술하기",
            "morpheme": "그때/NNG+그/MM+강아지/NNG+중/NNB+에/JKB+가장/MAG+큰/VA+ETM+강아지/NNG+양/NNG"
          },
          {
            "id": 12,
            "text": "1 : 고양이는 얼마 전에 크게 사고 당해서 죽을 뻔했어...",
            "norm_text": "고양이는 얼마 전에 크게 사고 당해서 죽을 뻔했어...",
            "speaker": {
              "id": "1번",
              "sex": "여성",
              "age": "20대"
            },
            "speechAct": "(단언) 진술하기",
            "morpheme": "고양이/NNG+는/JX+얼마/NNG+전/NNG+에/JKB+크/VA+게/EC+사고/NNG+당해서/XSV+EC+죽/VV+을/ETM+뻔/NNB+했/XSA+EP+어/EF+./SY"
          },
          {
            "id": 13,
            "text": "1 : 지금도 누워서 잘 못 움직인대",
            "norm_text": "지금도 누워서 잘 못 움직인대",
            "speaker": {
              "id": "1번",
              "sex": "여성",
              "age": "20대"
            },
            "speechAct": "(단언) 진술하기",
            "morpheme": "지금/NNG+도/JX+누워서/VV+EC+잘못/MAG+움직인/VV+ETM+대/NNG"
          },
          {
            "id": 14,
            "text": "2 : 어휴 잘 좀 데리고 있어",
            "norm_text": "어휴 잘 좀 데리고 있어",
            "speaker": {
              "id": "2번",
              "sex": "남성",
              "age": "20대"
            },
            "speechAct": "(단언) 주장하기",
            "morpheme": "어휴/IC+잘/MAG+좀/MAG+데리/VV+고/EC+있/VX+어/EC"
          },
          {
            "id": 15,
            "text": "2 : 뭔 일 생기면 어떡할려 그래",
            "norm_text": "뭔 일 생기면 어떡할려 그래",
            "speaker": {
              "id": "2번",
              "sex": "남성",
              "age": "20대"
            },
            "speechAct": "(단언) 주장하기",
            "morpheme": "뭔일/NP+생기/VV+면/EC+어떡/XR+할려/XSV+EC+그래/VV+EC"
          },
          {
            "id": 16,
            "text": "3 : 무슨 사고 났는데?",
            "norm_text": "무슨 사고 났는데?",
            "speaker": {
              "id": "3번",
              "sex": "남성",
              "age": "20대"
            },
            "speechAct": "(지시) 질문하기",
            "morpheme": "무슨/MM+사고/NNG+났/VV+EP+는데/EF"
          },
          {
            "id": 17,
            "text": "3 : 병원에 있어?",
            "norm_text": "병원에 있어?",
            "speaker": {
              "id": "3번",
              "sex": "남성",
              "age": "20대"
            },
            "speechAct": "(지시) 질문하기",
            "morpheme": "병원/NNG+에/JKB+있/VV+어/EF"
          },
          {
            "id": 18,
            "text": "1 : 아니 그 하우스에 트럭 큰 거 있는데 오이 다 따고 담을 때 트럭 시동 걸어두고 오이 담는단 말이야",
            "norm_text": "아니 그 하우스에 트럭 큰 거 있는데 오이 다 따고 담을 때 트럭 시동 걸어두고 오이 담는단 말이야",
            "speaker": {
              "id": "1번",
              "sex": "여성",
              "age": "20대"
            },
            "speechAct": "(단언) 진술하기",
            "morpheme": "아니/IC+그/IC+하우스/NNP+에/JKB+트럭/NNG+큰/VA+ETM+거/NNB+있/VA+는데/EC+오이/IC+다/MAG+따/VV+고/EC+담/VV+을/ETM+때/NNG+트럭/NNG+시동/NNG+걸/VV+어/EC+두/VX+고/EC+오이/NNG+담/VV+는단/ETM+말/NNG+이/VCP+야/EC"
          },
          {
            "id": 19,
            "text": "1 : 근데 거기 아래가 따듯했나 봐",
            "norm_text": "근데 거기 아래가 따듯했나 봐",
            "speaker": {
              "id": "1번",
              "sex": "여성",
              "age": "20대"
            },
            "speechAct": "(단언) 주장하기",
            "morpheme": "근데/MAJ+거기/NP+아래/NNG+가/JKS+따듯/XR+했/XSA+EP+나/EC+봐/VX+EC"
          },
          {
            "id": 20,
            "text": "1 : 아무도 모르게 그 아래 들어가 있던 거...",
            "norm_text": "아무도 모르게 그 아래 들어가 있던 거...",
            "speaker": {
              "id": "1번",
              "sex": "여성",
              "age": "20대"
            },
            "speechAct": "(단언) 진술하기",
            "morpheme": "아무/NP+도/JX+모르/VV+게/EC+그/MM+아래/NNG+들어가/VV+EC+있/VX+던/ETM+거/NNB+./SY"
          },
          {
            "id": 21,
            "text": "1 : 그래서 아빠가 차 운전하니까 그대로 튕겨져서 밖으로 나왔대... 살 찢어지고...",
            "norm_text": "그래서 아빠가 차 운전하니까 그대로 튕겨져서 밖으로 나왔대... 살 찢어지고...",
            "speaker": {
              "id": "1번",
              "sex": "여성",
              "age": "20대"
            },
            "speechAct": "(단언) 진술하기",
            "morpheme": "그래서/MAJ+아빠/NNG+가/JKS+차운/VA+ETM+전/NNG+하/XSV+니까/EC+그대로/MAG+튕겨/VV+EC+져서/VX+EC+밖/NNG+으로/JKB+나왔/VV+EP+대/EF+./SY+./SY+살/NNBC+찢어지/VV+고/EC+./SY+./SY"
          },
          {
            "id": 22,
            "text": "2 : 아이고 진짜 큰일 날 뻔했네 ㅠ",
            "norm_text": "아이고 진짜 큰일 날 뻔했네 ㅠ",
            "speaker": {
              "id": "2번",
              "sex": "남성",
              "age": "20대"
            },
            "speechAct": "(단언) 주장하기",
            "morpheme": "아이고/IC+진짜/MAG+큰일날/VV+ETM+뻔/NNB+했/XSA+EP+네ㅠ/UNKNOWN"
          },
          {
            "id": 23,
            "text": "2 : 나도 가끔 담배 피러 나오다가 타이어 밑에 고양이들 막 들어가 있는 거 보고 위험하겠다 생각함",
            "norm_text": "나도 가끔 담배 피러 나오다가 타이어 밑에 고양이들 막 들어가 있는 거 보고 위험하겠다 생각함",
            "speaker": {
              "id": "2번",
              "sex": "남성",
              "age": "20대"
            },
            "speechAct": "(단언) 진술하기",
            "morpheme": "나/NP+도/JX+가끔/MAG+담배/NNG+피/VV+러/EC+나오/VV+다가/EC+타이어/NNG+밑/NNG+에/JKB+고양이/NNG+들/XSN+막/NNG+들어가/VV+EC+있/VX+는/ETM+거/NNB+보고/JKB+위험/NNG+하/XSV+겠/EP+다/EC+생각/NNG+함/XSV+ETN"
          },
          {
            "id": 24,
            "text": "3 : 그래서 원래 차 움직이기 전에 본넷 두드리거나 클락션 울려야 됨",
            "norm_text": "그래서 원래 차 움직이기 전에 본넷 두드리거나 클락션 울려야 됨",
            "speaker": {
              "id": "3번",
              "sex": "남성",
              "age": "20대"
            },
            "speechAct": "(단언) 주장하기",
            "morpheme": "그래서/MAJ+원래/MAG+차/NNG+움직이/VV+기/ETN+전/NNG+에/JKB+본/VV+ETM+넷/NR+두드리/VV+거나/EC+클락/NNP+션/NNG+울려야/VV+EC+됨/VV+ETN"
          },
          {
            "id": 25,
            "text": "1 : 맞어 근데 워낙 거기 오래 있었고 한 번도 안 그래서 몰랐다던데",
            "norm_text": "맞어 근데 워낙 거기 오래 있었고 한 번도 안 그래서 몰랐다던데",
            "speaker": {
              "id": "1번",
              "sex": "여성",
              "age": "20대"
            },
            "speechAct": "(단언) 진술하기",
            "morpheme": "맞/VV+어/EF+근데/MAJ+워낙/MAG+거기/NP+오래/MAG+있/VV+었/EP+고/EC+한/MM+번/NNBC+도/JX+안/MAG+그래서/VV+EC+몰랐다/VV+EP+던데/EC"
          },
          {
            "id": 26,
            "text": "1 : 아빠도 엄청 놀라고 미안해 하고 오빠도 고양이한테 미안해 하고...",
            "norm_text": "아빠도 엄청 놀라고 미안해 하고 오빠도 고양이한테 미안해 하고...",
            "speaker": {
              "id": "1번",
              "sex": "여성",
              "age": "20대"
            },
            "speechAct": "(단언) 진술하기",
            "morpheme": "아빠/NNG+도/JX+엄청/MAG+놀라/VV+고/EC+미안/NNG+해/XSV+EC+하/VV+고/EC+오빠/NNG+도/JX+고양이/NNG+한테/JKB+미안/NNG+해/XSV+EC+하/VV+고/EC+./SY+./SY"
          },
          {
            "id": 27,
            "text": "2 : 그니까 집 밖으로 안 나가는 이구아나를 키우자 결혼하면",
            "norm_text": "그니까 집 밖으로 안 나가는 이구아나를 키우자 결혼하면",
            "speaker": {
              "id": "2번",
              "sex": "남성",
              "age": "20대"
            },
            "speechAct": "(단언) 주장하기",
            "morpheme": "그니까/MAJ+집/NNG+밖/NNG+으로/JKB+안/MAG+나가/VV+는/ETM+이구아나/NNG+를/JKO+키우/VV+자/EC+결혼/NNG+하/XSV+면/EC"
          },
          {
            "id": 28,
            "text": "3 : 근데 고양이 다쳐서 병원비 꽤나 나왔겠네",
            "norm_text": "근데 고양이 다쳐서 병원비 꽤나 나왔겠네",
            "speaker": {
              "id": "3번",
              "sex": "남성",
              "age": "20대"
            },
            "speechAct": "(단언) 주장하기",
            "morpheme": "근데/MAJ+고양이/NNG+다쳐서/VV+EC+병원/NNG+비/NNG+꽤/MAG+나/JX+나왔/VV+EP+겠/EP+네/EF"
          },
          {
            "id": 29,
            "text": "1 : 우리 집은 나 태어나고 한 번도 동물을 안 키워본 적이 없는데 이번 애들 다 죽게 되면 안 키울 거래",
            "norm_text": "우리 집은 나 태어나고 한 번도 동물을 안 키워본 적이 없는데 이번 애들 다 죽게 되면 안 키울 거래",
            "speaker": {
              "id": "1번",
              "sex": "여성",
              "age": "20대"
            },
            "speechAct": "(단언) 진술하기",
            "morpheme": "우리/NP+집/NNG+은/JX+나/NP+태어나/VV+고/EC+한/MM+번/NNBC+도/JX+동물/NNG+을/JKO+안/MAG+키워본/VV+EC+VX+ETM+적/NNB+이/JKS+없/VA+는데/EC+이번/NNG+애/NNG+들/XSN+다/MAG+죽/VV+게/EC+되/VV+면/EC+안/MAG+키울/VV+ETM+거래/NNG"
          },
          {
            "id": 30,
            "text": "1 : 이별이 너무 무섭고 힘들어서 못하겠다더라",
            "norm_text": "이별이 너무 무섭고 힘들어서 못하겠다더라",
            "speaker": {
              "id": "1번",
              "sex": "여성",
              "age": "20대"
            },
            "speechAct": "(단언) 진술하기",
            "morpheme": "이별/NNG+이/JKS+너무/MAG+무섭/VA+고/EC+힘들/VA+어서/EC+못하/VX+겠/EP+다더라/EC"
          },
          {
            "id": 31,
            "text": "2 : 동물 병원은 보험 되나 모르겠네",
            "norm_text": "동물 병원은 보험 되나 모르겠네",
            "speaker": {
              "id": "2번",
              "sex": "남성",
              "age": "20대"
            },
            "speechAct": "(단언) 주장하기",
            "morpheme": "동물/NNG+병원/NNG+은/JX+보험/NNG+되/XSV+나/EC+모르/VV+겠/EP+네/EF"
          },
          {
            "id": 32,
            "text": "3 : 동물 병원 보험 되긴 하는데 되는 항목이 얼마 없을걸 키키",
            "norm_text": "동물 병원 보험 되긴 하는데 되는 항목이 얼마 없을걸 키키",
            "speaker": {
              "id": "3번",
              "sex": "남성",
              "age": "20대"
            },
            "speechAct": "(단언) 주장하기",
            "morpheme": "동물/NNG+병원/NNG+보험/NNG+되/XSV+긴/ETN+JX+하/VX+는/ETM+데/NNB+되/VV+는/ETM+항목/NNG+이/JKS+얼마/NNG+없/VA+을/ETM+걸/NNB+JKO+키/NNG+키/XSV+ETN"
          },
          {
            "id": 33,
            "text": "1 : 키키 근데 병원비를 떠나서 결국은 떠나잖아",
            "norm_text": "키키 근데 병원비를 떠나서 결국은 떠나잖아",
            "speaker": {
              "id": "1번",
              "sex": "여성",
              "age": "20대"
            },
            "speechAct": "(단언) 주장하기",
            "morpheme": "키/NNG+키/XSV+ETN+근데/MAJ+병원/NNG+비/NNG+를/JKO+떠나/VV+서/EC+결국/NNG+은/JX+떠나/VV+잖아/EC"
          },
          {
            "id": 34,
            "text": "1 : 인간보다 훨씬 짧게 살고... 또 시골이라 막 엄청난 케어를 해주는 것도 아니구...",
            "norm_text": "인간보다 훨씬 짧게 살고... 또 시골이라 막 엄청난 케어를 해주는 것도 아니구...",
            "speaker": {
              "id": "1번",
              "sex": "여성",
              "age": "20대"
            },
            "speechAct": "(단언) 진술하기",
            "morpheme": "인간/NNG+보다/JKB+훨씬/MAG+짧/VA+게/EC+살/VV+고/EC+./SY+./SY+또/MAG+시골/NNG+이/VCP+라/EC+막/XR+엄청난/XSA+ETM+케어/NNG+를/JKO+해/VV+EC+주/VX+는/ETM+것/NNB+도/JX+아니/VCN+구/EC+./SY+./SY"
          },
          {
            "id": 35,
            "text": "1 : 그래서 이별이 더 힘들대",
            "norm_text": "그래서 이별이 더 힘들대",
            "speaker": {
              "id": "1번",
              "sex": "여성",
              "age": "20대"
            },
            "speechAct": "(단언) 진술하기",
            "morpheme": "그래서/MAJ+이별/NNG+이/JKS+더/MAG+힘들/VA+대/EC"
          },
          {
            "id": 36,
            "text": "1 : 후회도 많고 그렇다고",
            "norm_text": "후회도 많고 그렇다고",
            "speaker": {
              "id": "1번",
              "sex": "여성",
              "age": "20대"
            },
            "speechAct": "(단언) 진술하기",
            "morpheme": "후회/NNG+도/JX+많/VA+고/EC+그렇/VA+다고/EC"
          },
          {
            "id": 37,
            "text": "2 : 안타깝네... 동물들을 위해서 기도해줄게",
            "norm_text": "안타깝네... 동물들을 위해서 기도해줄게",
            "speaker": {
              "id": "2번",
              "sex": "남성",
              "age": "20대"
            },
            "speechAct": "(단언) 주장하기",
            "morpheme": "안타깝/VA+네/EF+./SY+동물/NNG+들/XSN+을/JKO+위해서/VV+EC+기도/NNG+해/XSV+EC+줄/VX+ETM+게/NNB+JKS"
          },
          {
            "id": 38,
            "text": "3 : 그래도 정성을 다해 키워야지 ㅠ",
            "norm_text": "그래도 정성을 다해 키워야지 ㅠ",
            "speaker": {
              "id": "3번",
              "sex": "남성",
              "age": "20대"
            },
            "speechAct": "(단언) 주장하기",
            "morpheme": "그래도/MAJ+정성/NNG+을/JKO+다/MAG+해/VV+EC+키워야지/VV+EF+ㅠ/UNKNOWN"
          }
        ]
      }
    }
  ]
}