{
  "dataset": {
    "identifier": 67958,
    "name": "KAKAO_963_18_set",
    "src_path": "/data/file/cubeManager/PROJECT001/53/txt20211005163222066575/KAKAO_963_18_set/",
    "label_path": "/data/file/cubeManager/PROJECT001/53/txt20211005163222066575/KAKAO_963_18_set/",
    "category": 2,
    "type": 0
  },
  "licenses": {
    "name": "Apache License 1.0",
    "url": "http://www.apache.org/licenses/LICENSE-1.0"
  },
  "info": [
    {
      "id": 42536,
      "filename": "KAKAO_963_18.txt",
      "title": "KAKAO_963_18",
      "mediatype": "SNS",
      "medianame": "카카오톡",
      "category": "일상대화",
      "date": "2021-10-05",
      "size": 605,
      "annotations": {
        "subject": "상거래 전반",
        "speaker_type": "1:1",
        "size": 605,
        "word_size": 194,
        "text": "1 : 요즘 쇼핑몰 창업할 때 필요한 것들 수업 해주는 거 많더라\n2 : 응 키키 요즘 젊은 사람들 창업을 많이 하니까... 우리 나라가 이런 건 참 잘해\n1 : 응응 직장 다니고 있어도 지원금 받아서 수업 듣던데?\n2 : 글쿤 키키 인터넷으로 물건 살 수 있으니까 자꾸 더 소비하게 돼서 큰일이다\n1 : 맞아... 키키 진짜 그리고 대부분 하루 만에 배송되니까\n2 : 어 키키 싸고... 인터넷에서 사면 더 저렴한 경우도 많아서 막 지름\n1 : 맞다... 키키 근데 넌 옷 같은 것도 인터넷으로 사?\n2 : 어 키키 상의나 원피스는 인터넷으로 많이 삼 키키 근데 바지나 신발은 안 산다\n1 : 아 진짜? 바지나 신발 안 사는 이유가 있어?\n2 : 맞는 사이즈 사는 게 어려움 키키\n2 : 입어보고 사야 된다 아님 실패함 키키\n1 : 아아 키키 근데 신발은 사이즈 있으니 괜찮지 않아?\n2 : 신발 이런 거는 신어보고 편한지 느껴봐야 됨 키키 근데 저렴한 건 그냥 막 사긴 하지\n1 : 나도 이번에 220 신발 받았는데 크긴 하더라... 230샀음 큰일 날 뻔\n2 : 와 너 발 진짜 작네. **랑 같은 사이즈\n1 : 응 맞아 ㅜㅜ 그래서 신발이 잘 없어\n2 : 우리 선배도 220이어서 맞춤구두 해서 사더라고",
        "lines": [
          {
            "id": 1,
            "text": "1 : 요즘 쇼핑몰 창업할 때 필요한 것들 수업 해주는 거 많더라",
            "norm_text": "요즘 쇼핑몰 창업할 때 필요한 것들 수업 해주는 거 많더라",
            "speaker": {
              "id": "1번",
              "sex": "여성",
              "age": "30대"
            },
            "speechAct": "(단언) 진술하기",
            "morpheme": "요즘/NNG+쇼핑몰/NNG+창업/NNG+할/XSV+ETM+때/NNG+필요/NNG+한/XSA+ETM+것/NNB+들/XSN+수업/NNG+해/XSV+EC+주/VX+는/ETM+거/NNB+많/VA+더라/EC"
          },
          {
            "id": 2,
            "text": "2 : 응 키키 요즘 젊은 사람들 창업을 많이 하니까... 우리 나라가 이런 건 참 잘해",
            "norm_text": "응 키키 요즘 젊은 사람들 창업을 많이 하니까... 우리 나라가 이런 건 참 잘해",
            "speaker": {
              "id": "2번",
              "sex": "여성",
              "age": "30대"
            },
            "speechAct": "(단언) 주장하기",
            "morpheme": "응/IC+키/NNG+키/NNG+요즘/NNG+젊/VA+은/ETM+사람/NNG+들/XSN+창업/NNG+을/JKO+많이/MAG+하/VV+니까/EC+./SY+./SY+우리/NP+나라/NNG+가/JKS+이런/MM+건/NNB+JX+참/MAG+잘/MAG+해/VV+EC"
          },
          {
            "id": 3,
            "text": "1 : 응응 직장 다니고 있어도 지원금 받아서 수업 듣던데?",
            "norm_text": "응응 직장 다니고 있어도 지원금 받아서 수업 듣던데?",
            "speaker": {
              "id": "1번",
              "sex": "여성",
              "age": "30대"
            },
            "speechAct": "(단언) 진술하기",
            "morpheme": "응/IC+응/IC+직장/NNG+다니/VV+고/EC+있/VX+어도/EC+지원금/NNG+받/VV+아서/EC+수업/NNG+듣/VV+던데/EF"
          },
          {
            "id": 4,
            "text": "2 : 글쿤 키키 인터넷으로 물건 살 수 있으니까 자꾸 더 소비하게 돼서 큰일이다",
            "norm_text": "글쿤 키키 인터넷으로 물건 살 수 있으니까 자꾸 더 소비하게 돼서 큰일이다",
            "speaker": {
              "id": "2번",
              "sex": "여성",
              "age": "30대"
            },
            "speechAct": "(단언) 주장하기",
            "morpheme": "글/NNG+쿤/NNP+키키/NNP+인터넷/NNG+으로/JKB+물건/NNG+살/VV+ETM+수/NNB+있/VV+으니까/EC+자꾸/MAG+더/MAG+소비/NNG+하/XSV+게/EC+돼서/VV+EC+큰일/NNG+이/VCP+다/EC"
          },
          {
            "id": 5,
            "text": "1 : 맞아... 키키 진짜 그리고 대부분 하루 만에 배송되니까",
            "norm_text": "맞아... 키키 진짜 그리고 대부분 하루 만에 배송되니까",
            "speaker": {
              "id": "1번",
              "sex": "여성",
              "age": "30대"
            },
            "speechAct": "(단언) 진술하기",
            "morpheme": "맞/VV+아/EF+./SY+키/NNG+키/XSV+ETN+진짜/MAG+그리고/MAJ+대부분/NNG+하루/NNG+만/NNB+에/JKB+배송/NNG+되/XSV+니까/EC"
          },
          {
            "id": 6,
            "text": "2 : 어 키키 싸고... 인터넷에서 사면 더 저렴한 경우도 많아서 막 지름",
            "norm_text": "어 키키 싸고... 인터넷에서 사면 더 저렴한 경우도 많아서 막 지름",
            "speaker": {
              "id": "2번",
              "sex": "여성",
              "age": "30대"
            },
            "speechAct": "(단언) 주장하기",
            "morpheme": "어/IC+키/NNG+키/XSV+ETN+싸/VA+고/EC+./SY+./SY+인터넷에서사면더저렴한경우도많아서막지름/UNKNOWN"
          },
          {
            "id": 7,
            "text": "1 : 맞다... 키키 근데 넌 옷 같은 것도 인터넷으로 사?",
            "norm_text": "맞다... 키키 근데 넌 옷 같은 것도 인터넷으로 사?",
            "speaker": {
              "id": "1번",
              "sex": "여성",
              "age": "30대"
            },
            "speechAct": "(지시) 질문하기",
            "morpheme": "맞/VV+다/EF+./SY+키/NNG+키/XSV+ETN+근데/MAJ+넌/NP+JX+옷/NNG+같/VA+은/ETM+것/NNB+도/JX+인터넷/NNG+으로/JKB+사/VV+EF"
          },
          {
            "id": 8,
            "text": "2 : 어 키키 상의나 원피스는 인터넷으로 많이 삼 키키 근데 바지나 신발은 안 산다",
            "norm_text": "어 키키 상의나 원피스는 인터넷으로 많이 삼 키키 근데 바지나 신발은 안 산다",
            "speaker": {
              "id": "2번",
              "sex": "여성",
              "age": "30대"
            },
            "speechAct": "(단언) 진술하기",
            "morpheme": "어/IC+키/NNG+키/NNG+상/XSN+의/JKG+나원/IC+피스/NNG+는/JX+인터넷/NNG+으로/JKB+많이/MAG+삼/NR+키/NNG+키/XSV+ETN+근데/MAJ+바지/NNG+나/JC+신발/NNG+은/JX+안/MAG+산다/VV+EC"
          },
          {
            "id": 9,
            "text": "1 : 아 진짜? 바지나 신발 안 사는 이유가 있어?",
            "norm_text": "아 진짜? 바지나 신발 안 사는 이유가 있어?",
            "speaker": {
              "id": "1번",
              "sex": "여성",
              "age": "30대"
            },
            "speechAct": "(지시) 질문하기",
            "morpheme": "아/IC+진짜/MAG+바지/NNG+나/JC+신발/NNG+안/MAG+사/VV+는/ETM+이유/NNG+가/JKS+있/VA+어/EF"
          },
          {
            "id": 10,
            "text": "2 : 맞는 사이즈 사는 게 어려움 키키",
            "norm_text": "맞는 사이즈 사는 게 어려움 키키",
            "speaker": {
              "id": "2번",
              "sex": "여성",
              "age": "30대"
            },
            "speechAct": "(단언) 진술하기",
            "morpheme": "맞/VV+는/ETM+사이즈/NNG+사/VV+는/ETM+게/NNB+JKS+어려움/VA+ETN+키/NNG+키/XSV+ETN"
          },
          {
            "id": 11,
            "text": "2 : 입어보고 사야 된다 아님 실패함 키키",
            "norm_text": "입어보고 사야 된다 아님 실패함 키키",
            "speaker": {
              "id": "2번",
              "sex": "여성",
              "age": "30대"
            },
            "speechAct": "(단언) 주장하기",
            "morpheme": "입/VV+어/EC+보/VX+고/EC+사야/NNG+된다/XSV+EF+아님/MAJ+실패/NNG+함/XSV+ETN+키/NNG+키/XSV+ETN"
          },
          {
            "id": 12,
            "text": "1 : 아아 키키 근데 신발은 사이즈 있으니 괜찮지 않아?",
            "norm_text": "아아 키키 근데 신발은 사이즈 있으니 괜찮지 않아?",
            "speaker": {
              "id": "1번",
              "sex": "여성",
              "age": "30대"
            },
            "speechAct": "(지시) 질문하기",
            "morpheme": "아아/IC+키/NNG+키/XSV+ETN+근데/MAJ+신발/NNG+은/JX+사이즈/NNG+있/VV+으니/EC+괜찮/VA+지/EC+않/VX+아/EF"
          },
          {
            "id": 13,
            "text": "2 : 신발 이런 거는 신어보고 편한지 느껴봐야 됨 키키 근데 저렴한 건 그냥 막 사긴 하지",
            "norm_text": "신발 이런 거는 신어보고 편한지 느껴봐야 됨 키키 근데 저렴한 건 그냥 막 사긴 하지",
            "speaker": {
              "id": "2번",
              "sex": "여성",
              "age": "30대"
            },
            "speechAct": "(단언) 주장하기",
            "morpheme": "신발/NNG+이런/MM+거/NNB+는/JX+신어/NNP+보고/JKB+편한지/VA+EC+느껴/VV+EC+봐야/VX+EC+됨/VV+ETN+키/NNG+키/XSV+ETN+근데/MAJ+저렴/XR+한/XSA+ETM+건/NNB+JX+그냥/MAG+막사/NNG+긴/VCP+ETN+JX+하/VX+지/EC"
          },
          {
            "id": 14,
            "text": "1 : 나도 이번에 220 신발 받았는데 크긴 하더라... 230샀음 큰일 날 뻔",
            "norm_text": "나도 이번에 220 신발 받았는데 크긴 하더라... 230샀음 큰일 날 뻔",
            "speaker": {
              "id": "1번",
              "sex": "여성",
              "age": "30대"
            },
            "speechAct": "(단언) 진술하기",
            "morpheme": "나/NP+도/JX+이번/NNG+에/JKB+220/SN+신발/NNG+받/VV+았/EP+는데/EC+크/VA+긴/ETN+JX+하/VX+더라/EF+./SY+./SY+230/SN+샀/VV+EP+음/ETN+큰일날/VV+ETM+뻔/NNB"
          },
          {
            "id": 15,
            "text": "2 : 와 너 발 진짜 작네. **랑 같은 사이즈",
            "norm_text": "와 너 발 진짜 작네. **랑 같은 사이즈",
            "speaker": {
              "id": "2번",
              "sex": "여성",
              "age": "30대"
            },
            "speechAct": "(단언) 주장하기",
            "morpheme": "와/IC+너/NP+발/NNG+진짜/MAG+작/VA+네/EF+*/SY+*/SY+랑/JKB+같/VA+은/ETM+사이즈/NNG"
          },
          {
            "id": 16,
            "text": "1 : 응 맞아 ㅜㅜ 그래서 신발이 잘 없어",
            "norm_text": "응 맞아 ㅜㅜ 그래서 신발이 잘 없어",
            "speaker": {
              "id": "1번",
              "sex": "여성",
              "age": "30대"
            },
            "speechAct": "(단언) 진술하기",
            "morpheme": "응/IC+맞/VV+아/EC+ㅜㅜ/UNKNOWN+그래서/MAJ+신발/NNG+이/JKS+잘/MAG+없/VA+어/EC"
          },
          {
            "id": 17,
            "text": "2 : 우리 선배도 220이어서 맞춤구두 해서 사더라고",
            "norm_text": "우리 선배도 220이어서 맞춤구두 해서 사더라고",
            "speaker": {
              "id": "2번",
              "sex": "여성",
              "age": "30대"
            },
            "speechAct": "(단언) 진술하기",
            "morpheme": "우리/NP+선배/NNG+도/JX+220/SN+이/VCP+어서/EC+맞춤/VV+EC+구두/NNG+해서/XSV+EC+사/VV+더라고/EC"
          }
        ]
      }
    }
  ]
}