{
  "dataset": {
    "identifier": 68896,
    "name": "KAKAO_951_01_set",
    "src_path": "/data/file/cubeManager/PROJECT001/53/txt20211005163301055566/KAKAO_951_01_set/",
    "label_path": "/data/file/cubeManager/PROJECT001/53/txt20211005163301055566/KAKAO_951_01_set/",
    "category": 2,
    "type": 0
  },
  "licenses": {
    "name": "Apache License 1.0",
    "url": "http://www.apache.org/licenses/LICENSE-1.0"
  },
  "info": [
    {
      "id": 42579,
      "filename": "KAKAO_951_01.txt",
      "title": "KAKAO_951_01",
      "mediatype": "SNS",
      "medianame": "카카오톡",
      "category": "일상대화",
      "date": "2021-10-05",
      "size": 521,
      "annotations": {
        "subject": "식음료",
        "speaker_type": "1:1",
        "size": 521,
        "word_size": 171,
        "text": "1 : 요새 디저트 집 괜찮은데 있나? 나 디저트 먹고픔 ㅠ\n2 : 아 나도… 나도 추천 받고 싶어 디저트 카페…\n1 : 다 거기서 거기인 거 같아서 좀 색다른 거 먹고 싶음\n2 : 너 광안리 녹아내려는 가봤나? 거기 괜찮아\n1 : 니가 그때 이야기해서 가봤지… 많이 갔어 이미\n2 : 키키 나보다 많이 갔을 듯? 키키 대박이네 키키\n1 : 넌 요즘 안 가봤어? 새 메뉴 계속 나오잖아!\n2 : 아 거기 계절마다 메뉴 바뀌지 키키 나 한 1년은 안 간 듯?\n1 : 거기 그래도 토마토 바질 그 메뉴가 제일 잘 나가는 거 같아\n2 : 키키 나도 인정 그 메뉴가 신선해 키키 디저트 안 같고\n1 : 응응 디저트 안 같은데 디저트라 진짜 신선해 키키 그래서 좋더라\n2 : 그러니까 키키 난 그래도 커스타드 크림이 좋긴 한데\n1 : 커스타드 크림은 좀 정통? 정식? 디저트 같은 느낌이지\n2 : 응 그렇지 키키 진짜 이게 디저트다! 나는 디저트다! 같은\n1 : 키키 그래서 그것도 진짜 인기 많은 듯 인정해~\n2 : 우리 언제 한번 녹아내려 가자! 디저트는 사랑이야",
        "lines": [
          {
            "id": 1,
            "text": "1 : 요새 디저트 집 괜찮은데 있나? 나 디저트 먹고픔 ㅠ",
            "norm_text": "요새 디저트 집 괜찮은데 있나? 나 디저트 먹고픔 ㅠ",
            "speaker": {
              "id": "1번",
              "sex": "여성",
              "age": "20대"
            },
            "speechAct": "(단언) 주장하기",
            "morpheme": "요새/NNG+디저트/NNG+집/NNG+괜찮/VA+은데/EC+있/VX+나/EF+나디저트먹고픔ㅠ/UNKNOWN"
          },
          {
            "id": 2,
            "text": "2 : 아 나도… 나도 추천 받고 싶어 디저트 카페…",
            "norm_text": "아 나도… 나도 추천 받고 싶어 디저트 카페…",
            "speaker": {
              "id": "2번",
              "sex": "여성",
              "age": "20대"
            },
            "speechAct": "(단언) 주장하기",
            "morpheme": "아/IC+나/NP+도/JX+…/SE+나/NP+도/JX+추천/NNG+받/VV+고/EC+싶/VX+어/EC+디저트/NNG+카페/NNG+…/SE"
          },
          {
            "id": 3,
            "text": "1 : 다 거기서 거기인 거 같아서 좀 색다른 거 먹고 싶음",
            "norm_text": "다 거기서 거기인 거 같아서 좀 색다른 거 먹고 싶음",
            "speaker": {
              "id": "1번",
              "sex": "여성",
              "age": "20대"
            },
            "speechAct": "(단언) 주장하기",
            "morpheme": "다/MAG+거기/NP+서/JKB+거기/NP+인/VCP+ETM+거/NNB+같/VA+아서/EC+좀/MAG+색다른/VA+ETM+거/NNB+먹/VV+고/EC+싶/VX+음/ETN"
          },
          {
            "id": 4,
            "text": "2 : 너 광안리 녹아내려는 가봤나? 거기 괜찮아",
            "norm_text": "너 광안리 녹아내려는 가봤나? 거기 괜찮아",
            "speaker": {
              "id": "2번",
              "sex": "여성",
              "age": "20대"
            },
            "speechAct": "(지시) 충고/제안하기",
            "morpheme": "너/NP+광안리/NNP+녹/VV+아/EC+내/VX+려는가/EC+봤/VX+EP+나/EF+거기/NP+괜찮/VA+아/EC"
          },
          {
            "id": 5,
            "text": "1 : 니가 그때 이야기해서 가봤지… 많이 갔어 이미",
            "norm_text": "니가 그때 이야기해서 가봤지… 많이 갔어 이미",
            "speaker": {
              "id": "1번",
              "sex": "여성",
              "age": "20대"
            },
            "speechAct": "(단언) 주장하기",
            "morpheme": "니/NP+가/JKS+그때/NNG+이야기/NNG+해서/XSV+EC+가/JKS+봤/VV+EP+지/EC+…/SE+많이/MAG+갔/VV+EP+어/EF+이미/MAG"
          },
          {
            "id": 6,
            "text": "2 : 키키 나보다 많이 갔을 듯? 키키 대박이네 키키",
            "norm_text": "키키 나보다 많이 갔을 듯? 키키 대박이네 키키",
            "speaker": {
              "id": "2번",
              "sex": "여성",
              "age": "20대"
            },
            "speechAct": "(단언) 주장하기",
            "morpheme": "키/NNG+키나/XSA+ETN+JX+보다/MAG+많이/MAG+갔/VV+EP+을/ETM+듯/NNB+키키대박이네키키/UNKNOWN"
          },
          {
            "id": 7,
            "text": "1 : 넌 요즘 안 가봤어? 새 메뉴 계속 나오잖아!",
            "norm_text": "넌 요즘 안 가봤어? 새 메뉴 계속 나오잖아!",
            "speaker": {
              "id": "1번",
              "sex": "여성",
              "age": "20대"
            },
            "speechAct": "(단언) 주장하기",
            "morpheme": "넌/NP+JX+요즘/MAG+안/MAG+가/VV+EC+봤/VX+EP+어/EF+새/MM+메뉴/NNG+계속/MAG+나오/VV+잖아/EF"
          },
          {
            "id": 8,
            "text": "2 : 아 거기 계절마다 메뉴 바뀌지 키키 나 한 1년은 안 간 듯?",
            "norm_text": "아 거기 계절마다 메뉴 바뀌지 키키 나 한 1년은 안 간 듯?",
            "speaker": {
              "id": "2번",
              "sex": "여성",
              "age": "20대"
            },
            "speechAct": "(단언) 주장하기",
            "morpheme": "아거기계절마다메뉴바뀌지키키나한/UNKNOWN+1/SN+년/NNBC+은/JX+안/MAG+간/VV+ETM+듯/NNB"
          },
          {
            "id": 9,
            "text": "1 : 거기 그래도 토마토 바질 그 메뉴가 제일 잘 나가는 거 같아",
            "norm_text": "거기 그래도 토마토 바질 그 메뉴가 제일 잘 나가는 거 같아",
            "speaker": {
              "id": "1번",
              "sex": "여성",
              "age": "20대"
            },
            "speechAct": "(단언) 주장하기",
            "morpheme": "거기/NP+그래도/VV+EC+토마토/NNG+바질/NNG+JKO+그/MM+메뉴/NNG+가/JKS+제일/MAG+잘/MAG+나가/VV+는/ETM+거/NNB+같/VA+아/EC"
          },
          {
            "id": 10,
            "text": "2 : 키키 나도 인정 그 메뉴가 신선해 키키 디저트 안 같고",
            "norm_text": "키키 나도 인정 그 메뉴가 신선해 키키 디저트 안 같고",
            "speaker": {
              "id": "2번",
              "sex": "여성",
              "age": "20대"
            },
            "speechAct": "(단언) 주장하기",
            "morpheme": "키/NNG+키나/XSA+ETN+JX+도/JX+인정/NNG+그/MM+메뉴/NNG+가/JKS+신선/XR+해/XSA+EC+키/NNG+키/NNG+디저트/NNG+안/MAG+같/VA+고/EC"
          },
          {
            "id": 11,
            "text": "1 : 응응 디저트 안 같은데 디저트라 진짜 신선해 키키 그래서 좋더라",
            "norm_text": "응응 디저트 안 같은데 디저트라 진짜 신선해 키키 그래서 좋더라",
            "speaker": {
              "id": "1번",
              "sex": "여성",
              "age": "20대"
            },
            "speechAct": "(단언) 주장하기",
            "morpheme": "응/IC+응/IC+디저트/NNG+안/MAG+같/VA+은데/EC+디저트/NNG+라/VCP+EC+진짜/MAG+신선/XR+해/XSA+EC+키/NNG+키/XSV+ETN+그래서/MAJ+좋/VA+더라/EC"
          },
          {
            "id": 12,
            "text": "2 : 그러니까 키키 난 그래도 커스타드 크림이 좋긴 한데",
            "norm_text": "그러니까 키키 난 그래도 커스타드 크림이 좋긴 한데",
            "speaker": {
              "id": "2번",
              "sex": "여성",
              "age": "20대"
            },
            "speechAct": "(단언) 주장하기",
            "morpheme": "그러니까/MAJ+키/NNG+키/XSV+ETN+난/NP+JX+그래도/VV+EC+커/VV+EC+스타드/NNP+크림/NNG+이/JKS+좋/VA+긴/ETN+JX+한데/VX+EC"
          },
          {
            "id": 13,
            "text": "1 : 커스타드 크림은 좀 정통? 정식? 디저트 같은 느낌이지",
            "norm_text": "커스타드 크림은 좀 정통? 정식? 디저트 같은 느낌이지",
            "speaker": {
              "id": "1번",
              "sex": "여성",
              "age": "20대"
            },
            "speechAct": "(단언) 주장하기",
            "morpheme": "커/VA+EC+스타드/NNP+크림/NNG+은/JX+좀/MAG+정통/NNG+?/SY+정식/NNG+?/SY+디저트/NNG+같/VA+은/ETM+느낌/NNG+이/VCP+지/EC"
          },
          {
            "id": 14,
            "text": "2 : 응 그렇지 키키 진짜 이게 디저트다! 나는 디저트다! 같은",
            "norm_text": "응 그렇지 키키 진짜 이게 디저트다! 나는 디저트다! 같은",
            "speaker": {
              "id": "2번",
              "sex": "여성",
              "age": "20대"
            },
            "speechAct": "(단언) 주장하기",
            "morpheme": "응/IC+그렇/VA+지/EC+키/NNG+키/XSV+ETN+진짜/MAG+이게/NP+JKS+디저트/NNG+다/VCP+EF+나/NP+는/JX+디저트/NNG+다/VCP+EF+같/VA+은/ETM"
          },
          {
            "id": 15,
            "text": "1 : 키키 그래서 그것도 진짜 인기 많은 듯 인정해~",
            "norm_text": "키키 그래서 그것도 진짜 인기 많은 듯 인정해~",
            "speaker": {
              "id": "1번",
              "sex": "여성",
              "age": "20대"
            },
            "speechAct": "(단언) 주장하기",
            "morpheme": "키/NNG+키/XSV+ETN+그래서/MAJ+그것/NP+도/JX+진짜/MAG+인기/NNG+많/VA+은/ETM+듯/NNB+인정/NNG+해/XSV+EC+~/SY"
          },
          {
            "id": 16,
            "text": "2 : 우리 언제 한번 녹아내려 가자! 디저트는 사랑이야",
            "norm_text": "우리 언제 한번 녹아내려 가자! 디저트는 사랑이야",
            "speaker": {
              "id": "2번",
              "sex": "여성",
              "age": "20대"
            },
            "speechAct": "(언약) 약속하기(제3자와)/(개인적 수준)",
            "morpheme": "우리/NP+언제/MAG+한/MM+번/NNBC+녹아내려/VV+EC+가/VX+자/EF+디저트/NNG+는/JX+사랑/NNG+이/VCP+야/EC"
          }
        ]
      }
    }
  ]
}