{
  "dataset": {
    "identifier": 45171,
    "name": "KAKAO_944_02_set",
    "src_path": "/data/file/cubeManager/PROJECT001/53/txt20211005161536060831/KAKAO_944_02_set/",
    "label_path": "/data/file/cubeManager/PROJECT001/53/txt20211005161536060831/KAKAO_944_02_set/",
    "category": 2,
    "type": 0
  },
  "licenses": {
    "name": "Apache License 1.0",
    "url": "http://www.apache.org/licenses/LICENSE-1.0"
  },
  "info": [
    {
      "id": 42099,
      "filename": "KAKAO_944_02.txt",
      "title": "KAKAO_944_02",
      "mediatype": "SNS",
      "medianame": "카카오톡",
      "category": "일상대화",
      "date": "2021-10-05",
      "size": 534,
      "annotations": {
        "subject": "주거와 생활",
        "speaker_type": "1:1",
        "size": 534,
        "word_size": 176,
        "text": "1 : 넌 부동산 투자하는 거 관심 있나? 키키\n2 : 관심은 많지! 키키 씨드가 없어서 글치\n1 : 키키 내 주변에 경매 하는 사람 있는데 꽤 좋은가 봐\n2 : 오... 직접 배워서 하는 거가 그런 건?\n1 : 응 키키 돈을 많이 벌려면 부동산 투자밖에 답이 없는 듯\n2 : 맞재 ㅠㅠ 돈이 돈을 버는 듯...\n2 : 에공 많이 모아야지\n1 : ㅜㅜ 응 근데 경매 원룸 같은 걸로 하면 돈 적어도 할 수 있나 보더라\n2 : 오... 그런 건 월세로? 아님 오르는 걸 기다려?\n1 : 음... 투자해서 월세를 받고 또 다른 데 투자하고?\n2 : 닌 그런 거 해볼 생각 없나? 엄마도 그거 하시자나\n1 : 응 나도 해보고 싶긴 한데... 아예 모르니까 시작을 못하겠네\n2 : 엄마한테 한번 물어보고 해보징?\n2 : 니도 많이 모아놨잖아 키키\n1 : 키키 나... 내년에 이사 갈 때 보증금으로 다 쓸 거 같은데\n2 : 또 대출 받아서 할 거 아냐?\n2 : 지금 집처럼?\n1 : 여기 서울 집값이 너무 비싸서... 대출도 부족하다... 키키\n2 : ㅠㅠ... 이번에 계약 끝나면 이사 가게?",
        "lines": [
          {
            "id": 1,
            "text": "1 : 넌 부동산 투자하는 거 관심 있나? 키키",
            "norm_text": "넌 부동산 투자하는 거 관심 있나? 키키",
            "speaker": {
              "id": "1번",
              "sex": "여성",
              "age": "30대"
            },
            "speechAct": "(지시) 질문하기",
            "morpheme": "넌/NP+JX+부동산/NNG+투자/NNG+하/XSV+는/ETM+거/NNB+관심/NNG+있/VA+나/EF+키/NNG+키/XSV+ETN"
          },
          {
            "id": 2,
            "text": "2 : 관심은 많지! 키키 씨드가 없어서 글치",
            "norm_text": "관심은 많지! 키키 씨드가 없어서 글치",
            "speaker": {
              "id": "2번",
              "sex": "여성",
              "age": "30대"
            },
            "speechAct": "(단언) 주장하기",
            "morpheme": "관심/NNG+은/JX+많/VA+지/EF+키키/NNP+씨드/NNP+가/JKS+없/VA+어서/EC+글/NNG+치/XSA+EC"
          },
          {
            "id": 3,
            "text": "1 : 키키 내 주변에 경매 하는 사람 있는데 꽤 좋은가 봐",
            "norm_text": "키키 내 주변에 경매 하는 사람 있는데 꽤 좋은가 봐",
            "speaker": {
              "id": "1번",
              "sex": "여성",
              "age": "30대"
            },
            "speechAct": "(단언) 주장하기",
            "morpheme": "키/NNG+키/XSV+ETN+내/NP+JKG+주변/NNG+에/JKB+경매/NNG+하/XSV+는/ETM+사람/NNG+있/VV+는데/EC+꽤/MAG+좋/VA+은가/EC+봐/VX+EC"
          },
          {
            "id": 4,
            "text": "2 : 오... 직접 배워서 하는 거가 그런 건?",
            "norm_text": "오... 직접 배워서 하는 거가 그런 건?",
            "speaker": {
              "id": "2번",
              "sex": "여성",
              "age": "30대"
            },
            "speechAct": "(지시) 질문하기",
            "morpheme": "오/IC+./SY+직접/MAG+배워서/VV+EC+하/VV+는/ETM+거/NNB+가/JKS+그런/MM+건/NNB+JX"
          },
          {
            "id": 5,
            "text": "1 : 응 키키 돈을 많이 벌려면 부동산 투자밖에 답이 없는 듯",
            "norm_text": "응 키키 돈을 많이 벌려면 부동산 투자밖에 답이 없는 듯",
            "speaker": {
              "id": "1번",
              "sex": "여성",
              "age": "30대"
            },
            "speechAct": "(단언) 주장하기",
            "morpheme": "응/IC+키/NNG+키/NNG+돈/NNG+을/JKO+많이/MAG+벌/VV+려면/EC+부동산/NNG+투자/NNG+밖에/JX+답/NNG+이/JKS+없/VA+는/ETM+듯/NNB"
          },
          {
            "id": 6,
            "text": "2 : 맞재 ㅠㅠ 돈이 돈을 버는 듯...",
            "norm_text": "맞재 ㅠㅠ 돈이 돈을 버는 듯...",
            "speaker": {
              "id": "2번",
              "sex": "여성",
              "age": "30대"
            },
            "speechAct": "(단언) 주장하기",
            "morpheme": "맞재/VV+ㅠㅠ/UNKNOWN+돈/NNG+이/JKS+돈/NNG+을/JKO+버/VV+는/ETM+듯/NNB+./SY"
          },
          {
            "id": 7,
            "text": "2 : 에공 많이 모아야지",
            "norm_text": "에공 많이 모아야지",
            "speaker": {
              "id": "2번",
              "sex": "여성",
              "age": "30대"
            },
            "speechAct": "(단언) 주장하기",
            "morpheme": "에/IC+공/NNG+많이/MAG+모아야지/VV+EC"
          },
          {
            "id": 8,
            "text": "1 : ㅜㅜ 응 근데 경매 원룸 같은 걸로 하면 돈 적어도 할 수 있나 보더라",
            "norm_text": "ㅜㅜ 응 근데 경매 원룸 같은 걸로 하면 돈 적어도 할 수 있나 보더라",
            "speaker": {
              "id": "1번",
              "sex": "여성",
              "age": "30대"
            },
            "speechAct": "(단언) 진술하기",
            "morpheme": "ㅜㅜ/UNKNOWN+응/IC+근데/MAJ+경매/NNG+원룸/NNG+같/VA+은/ETM+걸로/NNB+JKB+하/VV+면/EC+돈/NNG+적/XSN+어도/NNG+할/XSV+ETM+수/NNB+있/VV+나/EC+보/VX+더라/EC"
          },
          {
            "id": 9,
            "text": "2 : 오... 그런 건 월세로? 아님 오르는 걸 기다려?",
            "norm_text": "오... 그런 건 월세로? 아님 오르는 걸 기다려?",
            "speaker": {
              "id": "2번",
              "sex": "여성",
              "age": "30대"
            },
            "speechAct": "(지시) 질문하기",
            "morpheme": "오/IC+./SY+그런/MM+건/NNB+JX+월세/NNG+로/JKB+아님/VCN+ETN+오르/VV+는/ETM+걸/NNB+JKO+기다려/VV+EF"
          },
          {
            "id": 10,
            "text": "1 : 음... 투자해서 월세를 받고 또 다른 데 투자하고?",
            "norm_text": "음... 투자해서 월세를 받고 또 다른 데 투자하고?",
            "speaker": {
              "id": "1번",
              "sex": "여성",
              "age": "30대"
            },
            "speechAct": "(지시) 질문하기",
            "morpheme": "음/IC+./SY+투자/NNG+해서/XSV+EC+월세/NNG+를/JKO+받/VV+고/EC+또/MAG+다른/MM+데/NNB+투자/NNG+하/XSV+고/EC"
          },
          {
            "id": 11,
            "text": "2 : 닌 그런 거 해볼 생각 없나? 엄마도 그거 하시자나",
            "norm_text": "닌 그런 거 해볼 생각 없나? 엄마도 그거 하시자나",
            "speaker": {
              "id": "2번",
              "sex": "여성",
              "age": "30대"
            },
            "speechAct": "(단언) 주장하기",
            "morpheme": "닌/NNP+그런/MM+거/NNB+해/VV+EC+볼/VX+ETM+생각/NNG+없/VA+나/EF+엄마/NNG+도/JX+그거/NP+하/VV+시/EP+자/EC+나/VX"
          },
          {
            "id": 12,
            "text": "1 : 응 나도 해보고 싶긴 한데... 아예 모르니까 시작을 못하겠네",
            "norm_text": "응 나도 해보고 싶긴 한데... 아예 모르니까 시작을 못하겠네",
            "speaker": {
              "id": "1번",
              "sex": "여성",
              "age": "30대"
            },
            "speechAct": "(단언) 주장하기",
            "morpheme": "응/IC+나/NP+도/JX+해/VV+EC+보/VX+고/EC+싶/VX+긴/ETN+JX+한데/VX+EC+./SY+./SY+아예/MAG+모르/VV+니까/EC+시작/NNG+을/JKO+못/MAG+하/VV+겠/EP+네/EF"
          },
          {
            "id": 13,
            "text": "2 : 엄마한테 한번 물어보고 해보징?",
            "norm_text": "엄마한테 한번 물어보고 해보징?",
            "speaker": {
              "id": "2번",
              "sex": "여성",
              "age": "30대"
            },
            "speechAct": "(지시) 질문하기",
            "morpheme": "엄마/NNG+한테/JKB+한번/MAG+물/VV+어/EC+보/VX+고/EC+해/VV+EC+보/VX+징/EF"
          },
          {
            "id": 14,
            "text": "2 : 니도 많이 모아놨잖아 키키",
            "norm_text": "니도 많이 모아놨잖아 키키",
            "speaker": {
              "id": "2번",
              "sex": "여성",
              "age": "30대"
            },
            "speechAct": "(단언) 진술하기",
            "morpheme": "니/NP+도/JX+많이/MAG+모아놨/VV+EC+VX+EP+잖아/EF+키/NNG+키/XSV+ETN"
          },
          {
            "id": 15,
            "text": "1 : 키키 나... 내년에 이사 갈 때 보증금으로 다 쓸 거 같은데",
            "norm_text": "키키 나... 내년에 이사 갈 때 보증금으로 다 쓸 거 같은데",
            "speaker": {
              "id": "1번",
              "sex": "여성",
              "age": "30대"
            },
            "speechAct": "(단언) 주장하기",
            "morpheme": "키/NNG+키나/XSA+ETN+JX+./SY+내년/NNG+에/JKB+이/MM+사갈/NNG+때/NNG+보증금/NNG+으로/JKB+다/MAG+쓸/VV+ETM+거/NNB+같/VA+은데/EC"
          },
          {
            "id": 16,
            "text": "2 : 또 대출 받아서 할 거 아냐?",
            "norm_text": "또 대출 받아서 할 거 아냐?",
            "speaker": {
              "id": "2번",
              "sex": "여성",
              "age": "30대"
            },
            "speechAct": "(지시) 질문하기",
            "morpheme": "또/MAG+대출/NNG+받/VV+아서/EC+할/VX+ETM+거/NNB+아냐/VCN+EF"
          },
          {
            "id": 17,
            "text": "2 : 지금 집처럼?",
            "norm_text": "지금 집처럼?",
            "speaker": {
              "id": "2번",
              "sex": "여성",
              "age": "30대"
            },
            "speechAct": "(지시) 질문하기",
            "morpheme": "지금/MAG+집/NNG+처럼/JKB"
          },
          {
            "id": 18,
            "text": "1 : 여기 서울 집값이 너무 비싸서... 대출도 부족하다... 키키",
            "norm_text": "여기 서울 집값이 너무 비싸서... 대출도 부족하다... 키키",
            "speaker": {
              "id": "1번",
              "sex": "여성",
              "age": "30대"
            },
            "speechAct": "(단언) 주장하기",
            "morpheme": "여기/NP+서울/NNP+집값/NNG+이/JKS+너무/MAG+비싸/VA+서/EC+./SY+./SY+대출/NNG+도/JX+부족/NNG+하/XSA+다/EF+./SY+키/NNG+키/XSV+ETN"
          },
          {
            "id": 19,
            "text": "2 : ㅠㅠ... 이번에 계약 끝나면 이사 가게?",
            "norm_text": "ㅠㅠ... 이번에 계약 끝나면 이사 가게?",
            "speaker": {
              "id": "2번",
              "sex": "여성",
              "age": "30대"
            },
            "speechAct": "(지시) 질문하기",
            "morpheme": "ㅠㅠ/UNKNOWN+./SY+이번/NNG+에/JKB+계약/NNG+끝/NNG+나/VV+면/EC+이사/NNG+가게/NNG"
          }
        ]
      }
    }
  ]
}