{
  "dataset": {
    "identifier": 49896,
    "name": "KAKAO_975_10_set",
    "src_path": "/data/file/cubeManager/PROJECT001/53/txt20211006134517085232/KAKAO_975_10_set/",
    "label_path": "/data/file/cubeManager/PROJECT001/53/txt20211006134517085232/KAKAO_975_10_set/",
    "category": 2,
    "type": 0
  },
  "licenses": {
    "name": "Apache License 1.0",
    "url": "http://www.apache.org/licenses/LICENSE-1.0"
  },
  "info": [
    {
      "id": 43130,
      "filename": "KAKAO_975_10.txt",
      "title": "KAKAO_975_10",
      "mediatype": "SNS",
      "medianame": "카카오톡",
      "category": "일상대화",
      "date": "2021-10-06",
      "size": 413,
      "annotations": {
        "subject": "스포츠/레저",
        "speaker_type": "1:1",
        "size": 413,
        "word_size": 140,
        "text": "1 : 오빠야는 산 잘 타나?\n2 : 아니 키키 몸이 무거워서 못 걷는다\n1 : 키키 등산 해본 적 없나?\n2 : 있기는 있지 키키 몇 년 전에 키키\n1 : 키키 그때는 몸이 좀 가벼웠었어?\n2 : 어 키키 이 정도까지는 아니였지\n1 : 키키 등산하면서 살 빼면 안돼?\n2 : 내 다리가 못 버틸 것 같은데 ㅜㅜ 지금은 가볍게 산책 정도 해야 된다\n1 : 산책은 하고 있낭?\n2 : 아 키키 너무 쪄서 산책 1시간 정도 한다\n1 : 키키 그래도 산책하는 게 어디야 살 쫌 빠졌어?\n2 : 2키로 정도? 키키 더 빼야지 ㅠㅠ\n1 : 오 그래도 산책 1시간씩 하면서 2키로 빠진 거면 대단한 건데?!\n2 : 키키 그만큼 살 많이 쪄서 빠진 거 아니겠나?키키\n1 : 키키 그래도 좋은 징조다 더 열심히 해서 등산 도전 해보십시오\n2 : 한 10키로 빠지면 등산 도전해볼게",
        "lines": [
          {
            "id": 1,
            "text": "1 : 오빠야는 산 잘 타나?",
            "norm_text": "오빠야는 산 잘 타나?",
            "speaker": {
              "id": "1번",
              "sex": "여성",
              "age": "20대"
            },
            "speechAct": "(지시) 질문하기",
            "morpheme": "오빠/NNG+야/VCP+EF+는/JX+산/NNG+잘/MAG+타/VV+나/EF"
          },
          {
            "id": 2,
            "text": "2 : 아니 키키 몸이 무거워서 못 걷는다",
            "norm_text": "아니 키키 몸이 무거워서 못 걷는다",
            "speaker": {
              "id": "2번",
              "sex": "남성",
              "age": "20대"
            },
            "speechAct": "(단언) 진술하기",
            "morpheme": "아니키/NNP+키/NNG+몸/NNG+이/JKS+무거워서/VA+EC+못/MAG+걷/VV+는다/EC"
          },
          {
            "id": 3,
            "text": "1 : 키키 등산 해본 적 없나?",
            "norm_text": "키키 등산 해본 적 없나?",
            "speaker": {
              "id": "1번",
              "sex": "여성",
              "age": "20대"
            },
            "speechAct": "(지시) 질문하기",
            "morpheme": "키/NNG+키/NNG+등산/NNG+해/XSV+EC+본/VX+ETM+적/NNB+없/VA+나/EF"
          },
          {
            "id": 4,
            "text": "2 : 있기는 있지 키키 몇 년 전에 키키",
            "norm_text": "있기는 있지 키키 몇 년 전에 키키",
            "speaker": {
              "id": "2번",
              "sex": "남성",
              "age": "20대"
            },
            "speechAct": "(단언) 진술하기",
            "morpheme": "있/VA+기/ETN+는/JX+있/VX+지/EC+키/NNG+키/XSV+ETN+몇/MM+년/NNBC+전/NNG+에/JKB+키/NNG+키/XSV+ETN"
          },
          {
            "id": 5,
            "text": "1 : 키키 그때는 몸이 좀 가벼웠었어?",
            "norm_text": "키키 그때는 몸이 좀 가벼웠었어?",
            "speaker": {
              "id": "1번",
              "sex": "여성",
              "age": "20대"
            },
            "speechAct": "(지시) 질문하기",
            "morpheme": "키/NNG+키/NNG+그때/NNG+는/JX+몸/NNG+이/JKS+좀/MAG+가벼웠/VA+EP+었/EP+어/EF"
          },
          {
            "id": 6,
            "text": "2 : 어 키키 이 정도까지는 아니였지",
            "norm_text": "어 키키 이 정도까지는 아니였지",
            "speaker": {
              "id": "2번",
              "sex": "남성",
              "age": "20대"
            },
            "speechAct": "(단언) 진술하기",
            "morpheme": "어/IC+키/NNG+키/XSV+ETN+이/JKS+정도/NNG+까지/JX+는/JX+아니/VCN+였/EP+지/EC"
          },
          {
            "id": 7,
            "text": "1 : 키키 등산하면서 살 빼면 안돼?",
            "norm_text": "키키 등산하면서 살 빼면 안돼?",
            "speaker": {
              "id": "1번",
              "sex": "여성",
              "age": "20대"
            },
            "speechAct": "(지시) 질문하기",
            "morpheme": "키/NNG+키/NNG+등산/NNG+하/XSV+면서/EC+살빼/VV+면/EC+안/MAG+돼/VV+EF"
          },
          {
            "id": 8,
            "text": "2 : 내 다리가 못 버틸 것 같은데 ㅜㅜ 지금은 가볍게 산책 정도 해야 된다",
            "norm_text": "내 다리가 못 버틸 것 같은데 ㅜㅜ 지금은 가볍게 산책 정도 해야 된다",
            "speaker": {
              "id": "2번",
              "sex": "남성",
              "age": "20대"
            },
            "speechAct": "(단언) 주장하기",
            "morpheme": "내/NP+JKG+다리/NNG+가/JKS+못/MAG+버틸/VV+ETM+것/NNB+같/VA+은데/EC+ㅜㅜ/UNKNOWN+지금/NNG+은/JX+가볍/VA+게/EC+산책/NNG+정도/NNG+해야/XSV+EC+된다/VV+EC"
          },
          {
            "id": 9,
            "text": "1 : 산책은 하고 있낭?",
            "norm_text": "산책은 하고 있낭?",
            "speaker": {
              "id": "1번",
              "sex": "여성",
              "age": "20대"
            },
            "speechAct": "(지시) 질문하기",
            "morpheme": "산책/NNG+은/JX+하/VV+고/EC+있/VX+낭/NNG"
          },
          {
            "id": 10,
            "text": "2 : 아 키키 너무 쪄서 산책 1시간 정도 한다",
            "norm_text": "아 키키 너무 쪄서 산책 1시간 정도 한다",
            "speaker": {
              "id": "2번",
              "sex": "남성",
              "age": "20대"
            },
            "speechAct": "(단언) 진술하기",
            "morpheme": "아키/NNP+키/NNG+너무/MAG+쪄서/VV+EC+산책/NNG+1/SN+시간/NNBC+정도/NNG+한다/XSV+EC"
          },
          {
            "id": 11,
            "text": "1 : 키키 그래도 산책하는 게 어디야 살 쫌 빠졌어?",
            "norm_text": "키키 그래도 산책하는 게 어디야 살 쫌 빠졌어?",
            "speaker": {
              "id": "1번",
              "sex": "여성",
              "age": "20대"
            },
            "speechAct": "(지시) 질문하기",
            "morpheme": "키/NNG+키/XSV+ETN+그래도/MAJ+산책/NNG+하/XSV+는/ETM+게/NNB+JKS+어디/NP+야/VCP+EF+살/NNBC+쫌/XSN+빠졌/VV+EP+어/EF"
          },
          {
            "id": 12,
            "text": "2 : 2키로 정도? 키키 더 빼야지 ㅠㅠ",
            "norm_text": "2키로 정도? 키키 더 빼야지 ㅠㅠ",
            "speaker": {
              "id": "2번",
              "sex": "남성",
              "age": "20대"
            },
            "speechAct": "(단언) 진술하기",
            "morpheme": "2/SN+키로/XSV+ETN+JKB+정도/NNG+?/SY+키키더빼야지ㅠㅠ/UNKNOWN"
          },
          {
            "id": 13,
            "text": "1 : 오 그래도 산책 1시간씩 하면서 2키로 빠진 거면 대단한 건데?!",
            "norm_text": "오 그래도 산책 1시간씩 하면서 2키로 빠진 거면 대단한 건데?!",
            "speaker": {
              "id": "1번",
              "sex": "여성",
              "age": "20대"
            },
            "speechAct": "(단언) 주장하기",
            "morpheme": "오/IC+그래도/MAJ+산책/NNG+1/SN+시간/NNBC+씩/XSN+하/VV+면서/EC+2/SN+키/NNG+로/JKB+빠진/VV+ETM+거/NNB+면/VCP+EC+대단/XR+한/XSA+ETM+건데/NNB+VCP+EC+?/SY"
          },
          {
            "id": 14,
            "text": "2 : 키키 그만큼 살 많이 쪄서 빠진 거 아니겠나?키키",
            "norm_text": "키키 그만큼 살 많이 쪄서 빠진 거 아니겠나?키키",
            "speaker": {
              "id": "2번",
              "sex": "남성",
              "age": "20대"
            },
            "speechAct": "(단언) 주장하기",
            "morpheme": "키/NNG+키/NNG+그만큼/MAG+살/VV+ETM+많이/MAG+쪄서/VV+EC+빠진/VX+ETM+거/NNB+아니/VCN+겠/EP+나/EF+키/NNG+키/XSV+ETN"
          },
          {
            "id": 15,
            "text": "1 : 키키 그래도 좋은 징조다 더 열심히 해서 등산 도전 해보십시오",
            "norm_text": "키키 그래도 좋은 징조다 더 열심히 해서 등산 도전 해보십시오",
            "speaker": {
              "id": "1번",
              "sex": "여성",
              "age": "20대"
            },
            "speechAct": "(지시) 충고/제안하기",
            "morpheme": "키/NNG+키/XSV+ETN+그래도/MAJ+좋/VA+은/ETM+징조/NNG+다/MAG+더/MAG+열심히/MAG+해서/VV+EC+등산/NNG+도/JX+전해/VV+EC+보/VX+십시오/EP+EC"
          },
          {
            "id": 16,
            "text": "2 : 한 10키로 빠지면 등산 도전해볼게",
            "norm_text": "한 10키로 빠지면 등산 도전해볼게",
            "speaker": {
              "id": "2번",
              "sex": "남성",
              "age": "20대"
            },
            "speechAct": "(언약) 약속하기(제3자와)/(개인적 수준)",
            "morpheme": "한/MM+10/SN+키/NNG+로/JKB+빠지/VV+면/EC+등산/NNG+도/JX+전해/VV+EC+볼/VX+게/EC"
          }
        ]
      }
    }
  ]
}