{
  "dataset": {
    "identifier": 34303,
    "name": "KAKAO_937_14_set",
    "src_path": "/data/file/cubeManager/PROJECT001/53/txt202110051625430589107/KAKAO_937_14_set/",
    "label_path": "/data/file/cubeManager/PROJECT001/53/txt202110051625430589107/KAKAO_937_14_set/",
    "category": 2,
    "type": 0
  },
  "licenses": {
    "name": "Apache License 1.0",
    "url": "http://www.apache.org/licenses/LICENSE-1.0"
  },
  "info": [
    {
      "id": 42351,
      "filename": "KAKAO_937_14.txt",
      "title": "KAKAO_937_14",
      "mediatype": "SNS",
      "medianame": "카카오톡",
      "category": "일상대화",
      "date": "2021-10-05",
      "size": 553,
      "annotations": {
        "subject": "사회이슈",
        "speaker_type": "1:1",
        "size": 553,
        "word_size": 184,
        "text": "1 : 재난지원금 이번에 지급할 때 상위는 안 준거 알아?\n2 : 맞아 그렇다던데 ㅠㅠ\n2 : 나도 받기 싫다 키키\n1 : 나도 그래...\n1 : 근데 경기도에서는 이번에 상위 12%에게 따로 준대 키키\n2 : 키키 결국 잘사는 사람들을 위한 법이네 키키\n1 : 근데 뭐 똑같이 세금 내는데 안줄 이유 있나?\n2 : 그건 그렇지만 나중에 세금이 또 오르잖아 ㅠㅠ\n2 : 그게 너무 슬퍼\n1 : 하긴 맞아 안 그래도 기를 쓰고 주차 단속 하더라\n2 : 맞아 카메라 속도도 낮아지고 많아져서 운전하기도 힘들어 ㅠㅠ\n1 : 사실 재난지원금 좀 더 줬으면 좋겠어\n1 : 누구 코에 붙이라고\n2 : 그래도 전에 엄마한테 다 갔는데 이번에는 개별로 줘서 그건 좋아 하하\n1 : 어 맞아 키키\n1 : 덕분에 나도 옷 사 입고 화장품도 샀어\n2 : 나도 지금 즐거운 명절을 나랏돈으로 즐기고 있어 키키\n1 : 언니는 재난 지원금으로 뭐 뭐 했는데?\n2 : 음 편의점에서 자주 쓴 거 같아 나는! 밥이랑 !\n1 : 아하 올리브영도 가끔 되는 곳 있더라고 너무 좋아 키키\n2 : 근데 여긴 올리브영이 두 개 뿐이라 둘 다 안 될 거 같아 ㅠㅠ",
        "lines": [
          {
            "id": 1,
            "text": "1 : 재난지원금 이번에 지급할 때 상위는 안 준거 알아?",
            "norm_text": "재난지원금 이번에 지급할 때 상위는 안 준거 알아?",
            "speaker": {
              "id": "1번",
              "sex": "여성",
              "age": "20대"
            },
            "speechAct": "(지시) 질문하기",
            "morpheme": "재난/NNG+지원금/NNG+이번/NNG+에/JKB+지급/NNG+할/XSV+ETM+때/NNG+상위/NNG+는/JX+안/MAG+준/VV+ETM+거/NNB+알/VV+아/EF"
          },
          {
            "id": 2,
            "text": "2 : 맞아 그렇다던데 ㅠㅠ",
            "norm_text": "맞아 그렇다던데 ㅠㅠ",
            "speaker": {
              "id": "2번",
              "sex": "여성",
              "age": "20대"
            },
            "speechAct": "(단언) 주장하기",
            "morpheme": "맞/VV+아/EC+그렇/VA+다던데/EC+ㅠㅠ/UNKNOWN"
          },
          {
            "id": 3,
            "text": "2 : 나도 받기 싫다 키키",
            "norm_text": "나도 받기 싫다 키키",
            "speaker": {
              "id": "2번",
              "sex": "여성",
              "age": "20대"
            },
            "speechAct": "(단언) 주장하기",
            "morpheme": "나/NP+도/JX+받/VV+기/ETN+싫/VA+다키키/NNP"
          },
          {
            "id": 4,
            "text": "1 : 나도 그래...",
            "norm_text": "나도 그래...",
            "speaker": {
              "id": "1번",
              "sex": "여성",
              "age": "20대"
            },
            "speechAct": "(단언) 주장하기",
            "morpheme": "나/NP+도/JX+그래/VA+EF+./SY"
          },
          {
            "id": 5,
            "text": "1 : 근데 경기도에서는 이번에 상위 12%에게 따로 준대 키키",
            "norm_text": "근데 경기도에서는 이번에 상위 12%에게 따로 준대 키키",
            "speaker": {
              "id": "1번",
              "sex": "여성",
              "age": "20대"
            },
            "speechAct": "(단언) 진술하기",
            "morpheme": "근데/MAJ+경기도/NNP+에서/JKB+는/JX+이번/NNG+에/JKB+상위/NNG+12/SN+%/SY+에게/JKB+따로/MAG+준대/VV+EF+키/NNG+키/XSV+ETN"
          },
          {
            "id": 6,
            "text": "2 : 키키 결국 잘사는 사람들을 위한 법이네 키키",
            "norm_text": "키키 결국 잘사는 사람들을 위한 법이네 키키",
            "speaker": {
              "id": "2번",
              "sex": "여성",
              "age": "20대"
            },
            "speechAct": "(단언) 주장하기",
            "morpheme": "키/NNG+키/NNG+결국/NNG+잘/MAG+사/VV+는/ETM+사람/NNG+들/XSN+을/JKO+위한/VV+ETM+법/NNB+이/JKS+네/MM+키/NNG+키/XSV+ETN"
          },
          {
            "id": 7,
            "text": "1 : 근데 뭐 똑같이 세금 내는데 안줄 이유 있나?",
            "norm_text": "근데 뭐 똑같이 세금 내는데 안줄 이유 있나?",
            "speaker": {
              "id": "1번",
              "sex": "여성",
              "age": "20대"
            },
            "speechAct": "(지시) 질문하기",
            "morpheme": "근데/MAJ+뭐/IC+똑같이/MAG+세금/NNG+내/VV+는데/EC+안/MAG+줄이/VV+유/EC+있/VX+나/EF"
          },
          {
            "id": 8,
            "text": "2 : 그건 그렇지만 나중에 세금이 또 오르잖아 ㅠㅠ",
            "norm_text": "그건 그렇지만 나중에 세금이 또 오르잖아 ㅠㅠ",
            "speaker": {
              "id": "2번",
              "sex": "여성",
              "age": "20대"
            },
            "speechAct": "(단언) 주장하기",
            "morpheme": "그건/NP+JX+그렇/VA+지만/EC+나중/NNG+에/JKB+세금/NNG+이/JKS+또/MAG+오르/VV+잖아/EF+ㅠㅠ/UNKNOWN"
          },
          {
            "id": 9,
            "text": "2 : 그게 너무 슬퍼",
            "norm_text": "그게 너무 슬퍼",
            "speaker": {
              "id": "2번",
              "sex": "여성",
              "age": "20대"
            },
            "speechAct": "(표현) 부정감정 표현하기",
            "morpheme": "그게/NP+JKS+너무/MAG+슬퍼/VA+EC"
          },
          {
            "id": 10,
            "text": "1 : 하긴 맞아 안 그래도 기를 쓰고 주차 단속 하더라",
            "norm_text": "하긴 맞아 안 그래도 기를 쓰고 주차 단속 하더라",
            "speaker": {
              "id": "1번",
              "sex": "여성",
              "age": "20대"
            },
            "speechAct": "(단언) 진술하기",
            "morpheme": "하긴/MAJ+맞/VV+아/EC+안/MAG+그래도/VV+EC+기/ETN+를/JKO+쓰/VV+고/EC+주차/NNG+단속/NNG+하/XSV+더라/EC"
          },
          {
            "id": 11,
            "text": "2 : 맞아 카메라 속도도 낮아지고 많아져서 운전하기도 힘들어 ㅠㅠ",
            "norm_text": "맞아 카메라 속도도 낮아지고 많아져서 운전하기도 힘들어 ㅠㅠ",
            "speaker": {
              "id": "2번",
              "sex": "여성",
              "age": "20대"
            },
            "speechAct": "(단언) 주장하기",
            "morpheme": "맞/VV+아/EC+카메라/NNG+속도/NNG+도/JX+낮/VA+아/EC+지/VX+고/EC+많/VA+아/EC+져서/VX+EC+운전/NNG+하/XSV+기/ETN+도/JX+힘들/VA+어/EC+ㅠㅠ/UNKNOWN"
          },
          {
            "id": 12,
            "text": "1 : 사실 재난지원금 좀 더 줬으면 좋겠어",
            "norm_text": "사실 재난지원금 좀 더 줬으면 좋겠어",
            "speaker": {
              "id": "1번",
              "sex": "여성",
              "age": "20대"
            },
            "speechAct": "(단언) 주장하기",
            "morpheme": "사실/MAG+재난/NNG+지원금/NNG+좀/MAG+더/MAG+줬/VV+EP+으면/EC+좋/VA+겠/EP+어/EC"
          },
          {
            "id": 13,
            "text": "1 : 누구 코에 붙이라고",
            "norm_text": "누구 코에 붙이라고",
            "speaker": {
              "id": "1번",
              "sex": "여성",
              "age": "20대"
            },
            "speechAct": "(단언) 주장하기",
            "morpheme": "누구/NP+코/NNG+에/JKB+붙이/VV+라고/EC"
          },
          {
            "id": 14,
            "text": "2 : 그래도 전에 엄마한테 다 갔는데 이번에는 개별로 줘서 그건 좋아 하하",
            "norm_text": "그래도 전에 엄마한테 다 갔는데 이번에는 개별로 줘서 그건 좋아 하하",
            "speaker": {
              "id": "2번",
              "sex": "여성",
              "age": "20대"
            },
            "speechAct": "(단언) 주장하기",
            "morpheme": "그래도/MAJ+전/NNG+에/JKB+엄마/NNG+한테/JKB+다/MAG+갔/VV+EP+는데/EC+이번/NNG+에/JKB+는/JX+개별/NNG+로/JKB+줘서/VV+EC+그건/NP+JX+좋/VA+아/EC+하하/MAG"
          },
          {
            "id": 15,
            "text": "1 : 어 맞아 키키",
            "norm_text": "어 맞아 키키",
            "speaker": {
              "id": "1번",
              "sex": "여성",
              "age": "20대"
            },
            "speechAct": "(단언) 주장하기",
            "morpheme": "어/IC+맞/VV+아/EC+키/NNG+키/XSV+ETN"
          },
          {
            "id": 16,
            "text": "1 : 덕분에 나도 옷 사 입고 화장품도 샀어",
            "norm_text": "덕분에 나도 옷 사 입고 화장품도 샀어",
            "speaker": {
              "id": "1번",
              "sex": "여성",
              "age": "20대"
            },
            "speechAct": "(단언) 진술하기",
            "morpheme": "덕분/NNG+에/JKB+나/NP+도/JX+옷/NNG+사/VV+EC+입/VV+고/EC+화장품/NNG+도/JX+샀/VV+EP+어/EC"
          },
          {
            "id": 17,
            "text": "2 : 나도 지금 즐거운 명절을 나랏돈으로 즐기고 있어 키키",
            "norm_text": "나도 지금 즐거운 명절을 나랏돈으로 즐기고 있어 키키",
            "speaker": {
              "id": "2번",
              "sex": "여성",
              "age": "20대"
            },
            "speechAct": "(단언) 주장하기",
            "morpheme": "나/NP+도/JX+지금/MAG+즐거운/VA+ETM+명절/NNG+을/JKO+나랏돈/NNG+으로/JKB+즐기/VV+고/EC+있/VX+어/EC+키/NNG+키/XSV+ETN"
          },
          {
            "id": 18,
            "text": "1 : 언니는 재난 지원금으로 뭐 뭐 했는데?",
            "norm_text": "언니는 재난 지원금으로 뭐 뭐 했는데?",
            "speaker": {
              "id": "1번",
              "sex": "여성",
              "age": "20대"
            },
            "speechAct": "(지시) 질문하기",
            "morpheme": "언니/NNG+는/JX+재난/NNG+지원금/NNG+으로/JKB+뭐/IC+뭐/IC+했/VV+EP+는데/EF"
          },
          {
            "id": 19,
            "text": "2 : 음 편의점에서 자주 쓴 거 같아 나는! 밥이랑 !",
            "norm_text": "음 편의점에서 자주 쓴 거 같아 나는! 밥이랑 !",
            "speaker": {
              "id": "2번",
              "sex": "여성",
              "age": "20대"
            },
            "speechAct": "(단언) 진술하기",
            "morpheme": "음/IC+편의점/NNG+에서/JKB+자주/MAG+쓴/VV+ETM+거/NNB+같/VA+아/EC+나/NP+는/JX+밥/NNG+이랑/JC"
          },
          {
            "id": 20,
            "text": "1 : 아하 올리브영도 가끔 되는 곳 있더라고 너무 좋아 키키",
            "norm_text": "아하 올리브영도 가끔 되는 곳 있더라고 너무 좋아 키키",
            "speaker": {
              "id": "1번",
              "sex": "여성",
              "age": "20대"
            },
            "speechAct": "(단언) 주장하기",
            "morpheme": "아하/IC+올리브/NNG+영도/NNG+가끔/MAG+되/VV+는/ETM+곳/NNB+있/VV+더라고/EC+너무/MAG+좋/VA+아/EC+키/NNG+키/XSV+ETN"
          },
          {
            "id": 21,
            "text": "2 : 근데 여긴 올리브영이 두 개 뿐이라 둘 다 안 될 거 같아 ㅠㅠ",
            "norm_text": "근데 여긴 올리브영이 두 개 뿐이라 둘 다 안 될 거 같아 ㅠㅠ",
            "speaker": {
              "id": "2번",
              "sex": "여성",
              "age": "20대"
            },
            "speechAct": "(단언) 주장하기",
            "morpheme": "근데/MAJ+여긴/NP+JX+올리브/NNG+영/NNG+이/JKS+두/MM+개/NNBC+뿐/JX+이/VCP+라/EC+둘/VX+ETM+다/MAG+안/MAG+될/VV+ETM+거/NNB+같/VA+아/EC+ㅠㅠ/UNKNOWN"
          }
        ]
      }
    }
  ]
}