{
  "dataset": {
    "identifier": 63719,
    "name": "KAKAO_902_04_set",
    "src_path": "/data/file/cubeManager/PROJECT001/53/txt20211005153950062892/KAKAO_902_04_set/",
    "label_path": "/data/file/cubeManager/PROJECT001/53/txt20211005153950062892/KAKAO_902_04_set/",
    "category": 2,
    "type": 0
  },
  "licenses": {
    "name": "Apache License 1.0",
    "url": "http://www.apache.org/licenses/LICENSE-1.0"
  },
  "info": [
    {
      "id": 41541,
      "filename": "KAKAO_902_04.txt",
      "title": "KAKAO_902_04",
      "mediatype": "SNS",
      "medianame": "카카오톡",
      "category": "일상대화",
      "date": "2021-10-05",
      "size": 867,
      "annotations": {
        "subject": "회사/아르바이트",
        "speaker_type": "다자간 대화",
        "size": 867,
        "word_size": 276,
        "text": "1 : 야 그래도 시골 학교든 뭐든 학교 다니는 거 너무 부럽다 일하기 싫어 죽겠어\n2 : 키키 일하기 싫다니 볼링공으로 맞아봐야 정신 차리지\n3 : 키키 난 카페 알바 해보고 싶다\n1 : 나도 카페 하고 싶음 ㅠㅠ 여기서 쥐꼬리만한 월급 받으면서 기계 다루랴 손님 맞으랴 죽겠어\n2 : 카페 알바 하면 번호 많이 따인다는 망상 벗어나야 돼\n3 : 그거 잘생기거나 이쁘면 어떤 알바를 해도 따여\n1 : 인정 나처럼 ^^ 나 난리 나잖아 ㅠㅠ 출근하기가 무서워\n2 : 그냥 일하지 마 출근 안 하는 게 볼링장에 이득인 거 같아...\n3 : 키키 어차피 다 아저씨들 아니냐 근데 직장내 성희롱 이런 건 없음/\n1 : 우린 손님들이 진짜 성희롱 오지게 많이 해 ... 추잡 할 정도임 인류애 떨어진다\n2 : 정신 차려야지 손님이 왕인 사회 없어져야 해\n3 : 버거킹은 버거가 왕인데, 키키 나는 알바 별로 안 해봐서 잘 모름\n1 : 키키 난 한평생을 알바쟁이로 살아가고 있잖아... 이제 그만 안정적인 취업 하고 싶어\n2 : 그러니까 공부 열심히 해야지 뭐 하는 거야...ㅠ\n3 : 공부 잘한다고 좋은 곳에 취업하는 건 다 옛날 말이다\n1 : 근데 공부 안 하면 좋은 곳에 취업 정말 못함\n2 : 취업 잘할려면 공부를 잘하고 돈 많이 벌려면 라인 잘타야해\n3 : 공부 잘 못해도 운빨로 될 수도 있잖아 예를 들면 교수?\n1 : 키키 교수님 모독하지 말아주세요 ...\n1 : 역시 돈 많은 오빠가 하시는 모든 말씀은 띵언이네요\n2 : 오 맞는 말 잘하는데... 나도 교수나 해야겠다\n3 : 아니 교수 님이 취업 꽂아주는 거 얘기하는 건데,?\n1 : 암 쏘 리... 저는 교수 님 존경합니다 판사 님\n2 : 우리 아빠가 교수 하거든 오해할 뻔 하하\n3 : 아니 교수 되려면 공부 겁나 많이 해야 돼.,",
        "lines": [
          {
            "id": 1,
            "text": "1 : 야 그래도 시골 학교든 뭐든 학교 다니는 거 너무 부럽다 일하기 싫어 죽겠어",
            "norm_text": "야 그래도 시골 학교든 뭐든 학교 다니는 거 너무 부럽다 일하기 싫어 죽겠어",
            "speaker": {
              "id": "1번",
              "sex": "여성",
              "age": "20대"
            },
            "speechAct": "(단언) 주장하기",
            "morpheme": "야/IC+그래도/MAJ+시골/NNG+학교/NNG+든/VCP+EC+뭐/NP+든/VCP+EC+학교/NNG+다니/VV+는/ETM+거/NNB+너무/MAG+부럽/VA+다/EC+일/NNG+하/XSV+기/ETN+싫/VA+어/EC+죽/VV+겠/EP+어/EC"
          },
          {
            "id": 2,
            "text": "2 : 키키 일하기 싫다니 볼링공으로 맞아봐야 정신 차리지",
            "norm_text": "키키 일하기 싫다니 볼링공으로 맞아봐야 정신 차리지",
            "speaker": {
              "id": "2번",
              "sex": "남성",
              "age": "20대"
            },
            "speechAct": "(단언) 주장하기",
            "morpheme": "키/NNG+키/NNG+일/NNG+하/XSV+기/ETN+싫/VA+다니/EC+볼링공/NNG+으로/JKB+맞/VV+아/EC+봐야/VX+EC+정신/NNG+차리/VV+지/EC"
          },
          {
            "id": 3,
            "text": "3 : 키키 난 카페 알바 해보고 싶다",
            "norm_text": "키키 난 카페 알바 해보고 싶다",
            "speaker": {
              "id": "3번",
              "sex": "남성",
              "age": "20대"
            },
            "speechAct": "(단언) 주장하기",
            "morpheme": "키/NNG+키/XSV+ETN+난/VV+ETM+카페/NNG+알/VV+ETM+바/NNB+해/VV+EC+보/VX+고/EC+싶/VX+다/EC"
          },
          {
            "id": 4,
            "text": "1 : 나도 카페 하고 싶음 ㅠㅠ 여기서 쥐꼬리만한 월급 받으면서 기계 다루랴 손님 맞으랴 죽겠어",
            "norm_text": "나도 카페 하고 싶음 ㅠㅠ 여기서 쥐꼬리만한 월급 받으면서 기계 다루랴 손님 맞으랴 죽겠어",
            "speaker": {
              "id": "1번",
              "sex": "여성",
              "age": "20대"
            },
            "speechAct": "(단언) 주장하기",
            "morpheme": "나/NP+도/JX+카페/NNG+하/XSV+고/EC+싶/VX+음/ETN+ㅠㅠ/UNKNOWN+여기/NP+서/JKB+쥐꼬리/NNG+만/JX+한/MM+월급/NNG+받/VV+으면서/EC+기계/NNG+다루/VV+랴/EC+손/NNG+님/XSN+맞/VV+으랴/EC+죽/VV+겠/EP+어/EC"
          },
          {
            "id": 5,
            "text": "2 : 카페 알바 하면 번호 많이 따인다는 망상 벗어나야 돼",
            "norm_text": "카페 알바 하면 번호 많이 따인다는 망상 벗어나야 돼",
            "speaker": {
              "id": "2번",
              "sex": "남성",
              "age": "20대"
            },
            "speechAct": "(단언) 주장하기",
            "morpheme": "카페/NNG+알/VV+ETM+바/NNB+하/VV+면/EC+번호/NNG+많이/MAG+따/VV+EC+인다/VV+EC+는/JX+망상/NNG+벗어나/VV+야/EC+돼/VV+EC"
          },
          {
            "id": 6,
            "text": "3 : 그거 잘생기거나 이쁘면 어떤 알바를 해도 따여",
            "norm_text": "그거 잘생기거나 이쁘면 어떤 알바를 해도 따여",
            "speaker": {
              "id": "3번",
              "sex": "남성",
              "age": "20대"
            },
            "speechAct": "(단언) 주장하기",
            "morpheme": "그거/NP+잘/MAG+생기/VV+거나/EC+이쁘/VA+면/EC+어떤/MM+알바/NNP+를/JKO+해도/VV+EC+따/VV+여/EC"
          },
          {
            "id": 7,
            "text": "1 : 인정 나처럼 ^^ 나 난리 나잖아 ㅠㅠ 출근하기가 무서워",
            "norm_text": "인정 나처럼 ^^ 나 난리 나잖아 ㅠㅠ 출근하기가 무서워",
            "speaker": {
              "id": "1번",
              "sex": "여성",
              "age": "20대"
            },
            "speechAct": "(단언) 주장하기",
            "morpheme": "인정/NNG+나/NP+처럼/JKB+^/SY+^/SY+나/JX+난리나/VV+잖아/EF+ㅠㅠ/UNKNOWN+출근/NNG+하/XSV+기/ETN+가/JKS+무서워/VA+EC"
          },
          {
            "id": 8,
            "text": "2 : 그냥 일하지 마 출근 안 하는 게 볼링장에 이득인 거 같아...",
            "norm_text": "그냥 일하지 마 출근 안 하는 게 볼링장에 이득인 거 같아...",
            "speaker": {
              "id": "2번",
              "sex": "남성",
              "age": "20대"
            },
            "speechAct": "(단언) 주장하기",
            "morpheme": "그냥/MAG+일/NNG+하/XSV+지/EC+마/VX+EC+출근/NNG+안/MAG+하/VV+는/ETM+게/NNB+JKS+볼링장/NNG+에/JKB+이득/NNG+인/VCP+ETM+거/NNB+같/VA+아/EF+./SY"
          },
          {
            "id": 9,
            "text": "3 : 키키 어차피 다 아저씨들 아니냐 근데 직장내 성희롱 이런 건 없음/",
            "norm_text": "키키 어차피 다 아저씨들 아니냐 근데 직장내 성희롱 이런 건 없음/",
            "speaker": {
              "id": "3번",
              "sex": "남성",
              "age": "20대"
            },
            "speechAct": "(지시) 질문하기",
            "morpheme": "키/NNG+키/XSV+ETN+어차피/MAG+다/MAG+아저씨/NNG+들/XSN+아니/VCN+냐/EF+근데/MAJ+직장/NNG+내성/NNP+희롱/NNG+이런/MM+건/NNB+JX+없/VA+음/ETN+//SC"
          },
          {
            "id": 10,
            "text": "1 : 우린 손님들이 진짜 성희롱 오지게 많이 해 ... 추잡 할 정도임 인류애 떨어진다",
            "norm_text": "우린 손님들이 진짜 성희롱 오지게 많이 해 ... 추잡 할 정도임 인류애 떨어진다",
            "speaker": {
              "id": "1번",
              "sex": "여성",
              "age": "20대"
            },
            "speechAct": "(단언) 주장하기",
            "morpheme": "우린/NP+JX+손님/NNG+들/XSN+이/JKS+진짜/MAG+성희롱/NNG+오지/VV+게/EC+많이/MAG+해/VV+EF+./SY+추잡/XR+할/XSA+ETM+정도/NNG+임/VCP+ETN+인류애/NNG+떨어진다/VV+EC"
          },
          {
            "id": 11,
            "text": "2 : 정신 차려야지 손님이 왕인 사회 없어져야 해",
            "norm_text": "정신 차려야지 손님이 왕인 사회 없어져야 해",
            "speaker": {
              "id": "2번",
              "sex": "남성",
              "age": "20대"
            },
            "speechAct": "(단언) 주장하기",
            "morpheme": "정신/NNG+차려야/VV+EC+지손/NNG+님/XSN+이/JKS+왕인/NNG+사회/NNG+없/VA+어/EC+져야/VX+EC+해/VV+EC"
          },
          {
            "id": 12,
            "text": "3 : 버거킹은 버거가 왕인데, 키키 나는 알바 별로 안 해봐서 잘 모름",
            "norm_text": "버거킹은 버거가 왕인데, 키키 나는 알바 별로 안 해봐서 잘 모름",
            "speaker": {
              "id": "3번",
              "sex": "남성",
              "age": "20대"
            },
            "speechAct": "(단언) 진술하기",
            "morpheme": "버거킹/NNP+은/JX+버거/NNG+가/JKS+왕/NNG+인데/VCP+EC+,/SC+키/NNG+키나/XSA+ETN+JX+는/JX+알/VV+ETM+바/NNB+별로/MAG+안/MAG+해/VV+EC+봐서/VV+EC+잘/MAG+모름/VV+ETN"
          },
          {
            "id": 13,
            "text": "1 : 키키 난 한평생을 알바쟁이로 살아가고 있잖아... 이제 그만 안정적인 취업 하고 싶어",
            "norm_text": "키키 난 한평생을 알바쟁이로 살아가고 있잖아... 이제 그만 안정적인 취업 하고 싶어",
            "speaker": {
              "id": "1번",
              "sex": "여성",
              "age": "20대"
            },
            "speechAct": "(단언) 주장하기",
            "morpheme": "키/NNG+키/XSV+ETN+난/NP+JX+한/MM+평생/NNG+을/JKO+알/VV+ETM+바/NNB+쟁이/XSN+로/JKB+살아가/VV+고/EC+있/VX+잖아/EF+./SY+이제/IC+그만/MAG+안정/NNG+적/XSN+인/VCP+ETM+취업/NNG+하/XSV+고/EC+싶/VX+어/EC"
          },
          {
            "id": 14,
            "text": "2 : 그러니까 공부 열심히 해야지 뭐 하는 거야...ㅠ",
            "norm_text": "그러니까 공부 열심히 해야지 뭐 하는 거야...ㅠ",
            "speaker": {
              "id": "2번",
              "sex": "남성",
              "age": "20대"
            },
            "speechAct": "(지시) 충고/제안하기",
            "morpheme": "그러니까/MAJ+공부/NNG+열심히/MAG+해야지/VV+EF+뭐/IC+하/VV+는/ETM+거/NNB+야/VCP+EF+./SY+ㅠ/UNKNOWN"
          },
          {
            "id": 15,
            "text": "3 : 공부 잘한다고 좋은 곳에 취업하는 건 다 옛날 말이다",
            "norm_text": "공부 잘한다고 좋은 곳에 취업하는 건 다 옛날 말이다",
            "speaker": {
              "id": "3번",
              "sex": "남성",
              "age": "20대"
            },
            "speechAct": "(단언) 주장하기",
            "morpheme": "공부/NNG+잘/MAG+한다고/VV+EC+좋/VA+은/ETM+곳/NNG+에/JKB+취업/NNG+하/XSV+는/ETM+건/NNB+JX+다/MAG+옛날/NNG+말/NNG+이/VCP+다/EC"
          },
          {
            "id": 16,
            "text": "1 : 근데 공부 안 하면 좋은 곳에 취업 정말 못함",
            "norm_text": "근데 공부 안 하면 좋은 곳에 취업 정말 못함",
            "speaker": {
              "id": "1번",
              "sex": "여성",
              "age": "20대"
            },
            "speechAct": "(단언) 주장하기",
            "morpheme": "근데/MAJ+공부/NNG+안/MAG+하/VV+면/EC+좋/VA+은/ETM+곳/NNG+에/JKB+취업/NNG+정말/MAG+못/MAG+함/VV+ETN"
          },
          {
            "id": 17,
            "text": "2 : 취업 잘할려면 공부를 잘하고 돈 많이 벌려면 라인 잘타야해",
            "norm_text": "취업 잘할려면 공부를 잘하고 돈 많이 벌려면 라인 잘타야해",
            "speaker": {
              "id": "2번",
              "sex": "남성",
              "age": "20대"
            },
            "speechAct": "(단언) 주장하기",
            "morpheme": "취업/NNG+잘/MAG+할려면/VV+EC+공부/NNG+를/JKO+잘/MAG+하/VV+고/EC+돈/NNG+많이/MAG+벌/VV+려면/EC+라인/NNG+잘/MAG+타/VV+야/EC+해/VV+EC"
          },
          {
            "id": 18,
            "text": "3 : 공부 잘 못해도 운빨로 될 수도 있잖아 예를 들면 교수?",
            "norm_text": "공부 잘 못해도 운빨로 될 수도 있잖아 예를 들면 교수?",
            "speaker": {
              "id": "3번",
              "sex": "남성",
              "age": "20대"
            },
            "speechAct": "(단언) 주장하기",
            "morpheme": "공부/NNG+잘못/MAG+해도/VV+EC+운빨/UNKNOWN+로/JKB+될/VV+ETM+수/NNB+도/JX+있/VA+잖아예/EF+를/JKO+들/VV+면/EC+교수/NNG"
          },
          {
            "id": 19,
            "text": "1 : 키키 교수님 모독하지 말아주세요 ...",
            "norm_text": "키키 교수님 모독하지 말아주세요 ...",
            "speaker": {
              "id": "1번",
              "sex": "여성",
              "age": "20대"
            },
            "speechAct": "(지시) 부탁하기",
            "morpheme": "키/NNG+키/NNG+교수/NNG+님/XSN+모독/NNG+하/XSV+지/EC+말/VX+아/EC+주/VX+세요/EP+EF+./SY"
          },
          {
            "id": 20,
            "text": "1 : 역시 돈 많은 오빠가 하시는 모든 말씀은 띵언이네요",
            "norm_text": "역시 돈 많은 오빠가 하시는 모든 말씀은 띵언이네요",
            "speaker": {
              "id": "1번",
              "sex": "여성",
              "age": "20대"
            },
            "speechAct": "(단언) 주장하기",
            "morpheme": "역시/MAJ+돈/NNG+많/VA+은/ETM+오빠/NNG+가/JKS+하/VV+시/EP+는/ETM+모든/MM+말씀/NNG+은/JX+띵/MAG+언/NNG+이/VCP+네요/EC"
          },
          {
            "id": 21,
            "text": "2 : 오 맞는 말 잘하는데... 나도 교수나 해야겠다",
            "norm_text": "오 맞는 말 잘하는데... 나도 교수나 해야겠다",
            "speaker": {
              "id": "2번",
              "sex": "남성",
              "age": "20대"
            },
            "speechAct": "(단언) 주장하기",
            "morpheme": "오/NR+맞/VV+는/ETM+말/NNG+잘/MAG+하/VV+는데/EC+./SY+./SY+나/NP+도/JX+교수/NNG+나/JX+해야/VV+EC+VX+겠/EP+다/EC"
          },
          {
            "id": 22,
            "text": "3 : 아니 교수 님이 취업 꽂아주는 거 얘기하는 건데,?",
            "norm_text": "아니 교수 님이 취업 꽂아주는 거 얘기하는 건데,?",
            "speaker": {
              "id": "3번",
              "sex": "남성",
              "age": "20대"
            },
            "speechAct": "(단언) 진술하기",
            "morpheme": "아니/IC+교수/NNG+님/XSN+이/JKS+취업/NNG+꽂/VV+아/EC+주/VX+는/ETM+거/NNB+얘기/NNG+하/XSV+는/ETM+건데/NNB+VCP+EC+,/SY"
          },
          {
            "id": 23,
            "text": "1 : 암 쏘 리... 저는 교수 님 존경합니다 판사 님",
            "norm_text": "암 쏘 리... 저는 교수 님 존경합니다 판사 님",
            "speaker": {
              "id": "1번",
              "sex": "여성",
              "age": "20대"
            },
            "speechAct": "(표현) 사과하기",
            "morpheme": "암/IC+쏘리/IC+./SY+저/NP+는/JX+교수/NNG+님/XSN+존경/NNG+합니다/XSV+EF+판사/NNG+님/XSN"
          },
          {
            "id": 24,
            "text": "2 : 우리 아빠가 교수 하거든 오해할 뻔 하하",
            "norm_text": "우리 아빠가 교수 하거든 오해할 뻔 하하",
            "speaker": {
              "id": "2번",
              "sex": "남성",
              "age": "20대"
            },
            "speechAct": "(단언) 주장하기",
            "morpheme": "우리/NP+아빠/NNG+가/JKS+교수/NNG+하/XSV+거든/EC+오해/NNG+할/XSV+ETM+뻔/NNB+하하/MAG"
          },
          {
            "id": 25,
            "text": "3 : 아니 교수 되려면 공부 겁나 많이 해야 돼.,",
            "norm_text": "아니 교수 되려면 공부 겁나 많이 해야 돼.,",
            "speaker": {
              "id": "3번",
              "sex": "남성",
              "age": "20대"
            },
            "speechAct": "(단언) 주장하기",
            "morpheme": "아니/IC+교수/NNG+되/XSV+려면/EC+공부/NNG+겁나/VV+EC+많이/MAG+해야/VV+EC+돼/VV+EF+,/SC"
          }
        ]
      }
    }
  ]
}