{
  "dataset": {
    "identifier": 50977,
    "name": "KAKAO_987_02_set",
    "src_path": "/data/file/cubeManager/PROJECT001/53/txt202110061345460812100/KAKAO_987_02_set/",
    "label_path": "/data/file/cubeManager/PROJECT001/53/txt202110061345460812100/KAKAO_987_02_set/",
    "category": 2,
    "type": 0
  },
  "licenses": {
    "name": "Apache License 1.0",
    "url": "http://www.apache.org/licenses/LICENSE-1.0"
  },
  "info": [
    {
      "id": 43162,
      "filename": "KAKAO_987_02.txt",
      "title": "KAKAO_987_02",
      "mediatype": "SNS",
      "medianame": "카카오톡",
      "category": "일상대화",
      "date": "2021-10-06",
      "size": 300,
      "annotations": {
        "subject": "주거와 생활",
        "speaker_type": "1:1",
        "size": 300,
        "word_size": 111,
        "text": "1 : 지금 집이 너무 더러웡!\n2 : 오늘 비 와서 완전 습한 듯 ㅠ\n1 : 우리 집 인테리어도 너무 질려\n2 : 제습을 틀어서 조지장 하하\n1 : 구랭 습하긴 하더라\n2 : 인테리어 뭐 바꾸고 싶은디 ?\n1 : 소품 같은 거 즘 사고 싶어\n2 : 그래도 우리 집 정도면 아직 좋지 하하\n1 : 소품이 너무 질려!\n2 : 소품 사 놓으면 버리니깐 하하\n1 : 아냐 난 좀 변화가 필요행\n2 : 사놓고 당근마켓 팔기\n1 : 키키 그렇긴 한디 그래두 산뜻하게\n2 : **는 그게 전문이지 하하\n1 : 키키 넌 날 너무 잘 알아\n2 : 안 사는 게 그냥 나을 듯 하하",
        "lines": [
          {
            "id": 1,
            "text": "1 : 지금 집이 너무 더러웡!",
            "norm_text": "지금 집이 너무 더러웡!",
            "speaker": {
              "id": "1번",
              "sex": "여성",
              "age": "30대"
            },
            "speechAct": "(단언) 주장하기",
            "morpheme": "지금/MAG+집/NNG+이/JKS+너무/MAG+더러/MAG+웡/NNP"
          },
          {
            "id": 2,
            "text": "2 : 오늘 비 와서 완전 습한 듯 ㅠ",
            "norm_text": "오늘 비 와서 완전 습한 듯 ㅠ",
            "speaker": {
              "id": "2번",
              "sex": "남성",
              "age": "30대"
            },
            "speechAct": "(단언) 주장하기",
            "morpheme": "오늘/MAG+비와/VV+EC+서완/NNG+전습/NNG+한/XSA+ETM+듯ㅠ/UNKNOWN"
          },
          {
            "id": 3,
            "text": "1 : 우리 집 인테리어도 너무 질려",
            "norm_text": "우리 집 인테리어도 너무 질려",
            "speaker": {
              "id": "1번",
              "sex": "여성",
              "age": "30대"
            },
            "speechAct": "(단언) 주장하기",
            "morpheme": "우리/NP+집/NNG+인테리어/NNG+도/JX+너무/MAG+질려/VV+EC"
          },
          {
            "id": 4,
            "text": "2 : 제습을 틀어서 조지장 하하",
            "norm_text": "제습을 틀어서 조지장 하하",
            "speaker": {
              "id": "2번",
              "sex": "남성",
              "age": "30대"
            },
            "speechAct": "(지시) 충고/제안하기",
            "morpheme": "제습/NNG+을/JKO+틀/VV+어서/EC+조지/NNP+장하/NNG+하/XSV"
          },
          {
            "id": 5,
            "text": "1 : 구랭 습하긴 하더라",
            "norm_text": "구랭 습하긴 하더라",
            "speaker": {
              "id": "1번",
              "sex": "여성",
              "age": "30대"
            },
            "speechAct": "(단언) 진술하기",
            "morpheme": "구랭습하긴하더라/UNKNOWN"
          },
          {
            "id": 6,
            "text": "2 : 인테리어 뭐 바꾸고 싶은디 ?",
            "norm_text": "인테리어 뭐 바꾸고 싶은디 ?",
            "speaker": {
              "id": "2번",
              "sex": "남성",
              "age": "30대"
            },
            "speechAct": "(지시) 질문하기",
            "morpheme": "인테리어/NNG+뭐/IC+바꾸/VV+고/EC+싶/VX+은디/EF"
          },
          {
            "id": 7,
            "text": "1 : 소품 같은 거 즘 사고 싶어",
            "norm_text": "소품 같은 거 즘 사고 싶어",
            "speaker": {
              "id": "1번",
              "sex": "여성",
              "age": "30대"
            },
            "speechAct": "(단언) 주장하기",
            "morpheme": "소품/NNG+같/VA+은/ETM+거/NNB+즘/MAG+사/VV+고/EC+싶/VX+어/EC"
          },
          {
            "id": 8,
            "text": "2 : 그래도 우리 집 정도면 아직 좋지 하하",
            "norm_text": "그래도 우리 집 정도면 아직 좋지 하하",
            "speaker": {
              "id": "2번",
              "sex": "남성",
              "age": "30대"
            },
            "speechAct": "(단언) 주장하기",
            "morpheme": "그래도/MAJ+우리/NP+집/NNG+정도/NNG+면/VCP+EC+아직/MAG+좋/VA+지/EC+하하/MAG"
          },
          {
            "id": 9,
            "text": "1 : 소품이 너무 질려!",
            "norm_text": "소품이 너무 질려!",
            "speaker": {
              "id": "1번",
              "sex": "여성",
              "age": "30대"
            },
            "speechAct": "(단언) 주장하기",
            "morpheme": "소품/NNG+이/JKS+너무/MAG+질려/VV+EC"
          },
          {
            "id": 10,
            "text": "2 : 소품 사 놓으면 버리니깐 하하",
            "norm_text": "소품 사 놓으면 버리니깐 하하",
            "speaker": {
              "id": "2번",
              "sex": "남성",
              "age": "30대"
            },
            "speechAct": "(단언) 진술하기",
            "morpheme": "소품/NNG+사놓/VV+으면/EC+버리/VX+니깐/EC+하하/MAG"
          },
          {
            "id": 11,
            "text": "1 : 아냐 난 좀 변화가 필요행",
            "norm_text": "아냐 난 좀 변화가 필요행",
            "speaker": {
              "id": "1번",
              "sex": "여성",
              "age": "30대"
            },
            "speechAct": "(단언) 주장하기",
            "morpheme": "아냐/IC+난/NP+JX+좀/MAG+변화/NNG+가/JKS+필요/NNG+행/NNG"
          },
          {
            "id": 12,
            "text": "2 : 사놓고 당근마켓 팔기",
            "norm_text": "사놓고 당근마켓 팔기",
            "speaker": {
              "id": "2번",
              "sex": "남성",
              "age": "30대"
            },
            "speechAct": "(단언) 진술하기",
            "morpheme": "사놓/VV+고/EC+당근/MAG+마켓/NNP+팔기/NNG"
          },
          {
            "id": 13,
            "text": "1 : 키키 그렇긴 한디 그래두 산뜻하게",
            "norm_text": "키키 그렇긴 한디 그래두 산뜻하게",
            "speaker": {
              "id": "1번",
              "sex": "여성",
              "age": "30대"
            },
            "speechAct": "(단언) 주장하기",
            "morpheme": "키/NNG+키/XSV+ETN+그렇/VA+긴/ETN+JX+한/MM+디/NNG+그래두/MAJ+산뜻/XR+하/XSA+게/EC"
          },
          {
            "id": 14,
            "text": "2 : **는 그게 전문이지 하하",
            "norm_text": "**는 그게 전문이지 하하",
            "speaker": {
              "id": "2번",
              "sex": "남성",
              "age": "30대"
            },
            "speechAct": "(단언) 진술하기",
            "morpheme": "*/SY+*/SY+는/JX+그게/NP+JKS+전문/NNG+이/JKS+지하/NNG+하/XSV"
          },
          {
            "id": 15,
            "text": "1 : 키키 넌 날 너무 잘 알아",
            "norm_text": "키키 넌 날 너무 잘 알아",
            "speaker": {
              "id": "1번",
              "sex": "여성",
              "age": "30대"
            },
            "speechAct": "(단언) 주장하기",
            "morpheme": "키/NNG+키/XSV+ETN+넌/JX+날/NNG+너무/MAG+잘/MAG+알/VV+아/EC"
          },
          {
            "id": 16,
            "text": "2 : 안 사는 게 그냥 나을 듯 하하",
            "norm_text": "안 사는 게 그냥 나을 듯 하하",
            "speaker": {
              "id": "2번",
              "sex": "남성",
              "age": "30대"
            },
            "speechAct": "(단언) 주장하기",
            "morpheme": "안/MAG+사/VV+는/ETM+게/NNB+JKS+그냥/MAG+나/VV+을/ETM+듯/NNB+하/XSA+하/XSA"
          }
        ]
      }
    }
  ]
}