{
  "dataset": {
    "identifier": 35134,
    "name": "KAKAO_953_06_set",
    "src_path": "/data/file/cubeManager/PROJECT001/53/txt202110051637410985110/KAKAO_953_06_set/",
    "label_path": "/data/file/cubeManager/PROJECT001/53/txt202110051637410985110/KAKAO_953_06_set/",
    "category": 2,
    "type": 0
  },
  "licenses": {
    "name": "Apache License 1.0",
    "url": "http://www.apache.org/licenses/LICENSE-1.0"
  },
  "info": [
    {
      "id": 42704,
      "filename": "KAKAO_953_06.txt",
      "title": "KAKAO_953_06",
      "mediatype": "SNS",
      "medianame": "카카오톡",
      "category": "일상대화",
      "date": "2021-10-05",
      "size": 384,
      "annotations": {
        "subject": "교육",
        "speaker_type": "1:1",
        "size": 384,
        "word_size": 131,
        "text": "1 : 아기는 지금 뭘 따로 가르치진 않아?\n2 : 아이고 애기 이제 10개월이야\n1 : 지금은 뭘 배우고 있뉘 하하\n2 : 그냥 책 보여 주고 있어 같이 놀고\n1 : 엄마 아빠 배우고 있는 거 아냐? 키키\n2 : 맞아 사실 키키 엄마 아빠를 배우지\n1 : 아니 왜 아직 10개월 밖에 안됐니...?\n2 : 우리 강아지 그래도 많이 컸다고 ㅜㅜ\n1 : 뱃속에  있을 때는 시간 겁나 빨리 가는 거 같더니\n2 : 원래 남의 애기는 금방 큰다고 ㅜㅜ\n1 : 왜 아직 걘 10개월이쥐...?\n2 : 뱃속에 있을 때가 좋았다...\n1 : 키키 아 그래?? 신생아 때 비교해서  많이  컸어?\n2 : 넌 이 말을 모를 거야... 나중에 임신하면 알게 될 거야\n1 : 이제 밥 먹어? 이유식?\n2 : 이유식 먹은 지 3개월째",
        "lines": [
          {
            "id": 1,
            "text": "1 : 아기는 지금 뭘 따로 가르치진 않아?",
            "norm_text": "아기는 지금 뭘 따로 가르치진 않아?",
            "speaker": {
              "id": "1번",
              "sex": "여성",
              "age": "30대"
            },
            "speechAct": "(지시) 질문하기",
            "morpheme": "아기/NNG+는/JX+지금/MAG+뭘/NP+JKO+따로/MAG+가르치/VV+진/EC+JX+않/VX+아/EF"
          },
          {
            "id": 2,
            "text": "2 : 아이고 애기 이제 10개월이야",
            "norm_text": "아이고 애기 이제 10개월이야",
            "speaker": {
              "id": "2번",
              "sex": "여성",
              "age": "20대"
            },
            "speechAct": "(단언) 주장하기",
            "morpheme": "아이고/IC+애기/NNG+이제/MAG+10/SN+개월/NNBC+이/VCP+야/EC"
          },
          {
            "id": 3,
            "text": "1 : 지금은 뭘 배우고 있뉘 하하",
            "norm_text": "지금은 뭘 배우고 있뉘 하하",
            "speaker": {
              "id": "1번",
              "sex": "여성",
              "age": "30대"
            },
            "speechAct": "(단언) 주장하기",
            "morpheme": "지금/MAG+은/JX+뭘/NP+JKO+배우/VV+고/EC+있/VX+뉘/NP+JKS+하하/MAG"
          },
          {
            "id": 4,
            "text": "2 : 그냥 책 보여 주고 있어 같이 놀고",
            "norm_text": "그냥 책 보여 주고 있어 같이 놀고",
            "speaker": {
              "id": "2번",
              "sex": "여성",
              "age": "20대"
            },
            "speechAct": "(단언) 주장하기",
            "morpheme": "그냥/MAG+책/NNG+보여/VV+EC+주/VX+고/EC+있/VX+어/EC+같이/MAG+놀/VV+고/EC"
          },
          {
            "id": 5,
            "text": "1 : 엄마 아빠 배우고 있는 거 아냐? 키키",
            "norm_text": "엄마 아빠 배우고 있는 거 아냐? 키키",
            "speaker": {
              "id": "1번",
              "sex": "여성",
              "age": "30대"
            },
            "speechAct": "(지시) 질문하기",
            "morpheme": "엄마/NNG+아빠/NNG+배우/VV+고/EC+있/VX+는/ETM+거/NNB+아냐/VCN+EF+키/NNG+키/XSV+ETN"
          },
          {
            "id": 6,
            "text": "2 : 맞아 사실 키키 엄마 아빠를 배우지",
            "norm_text": "맞아 사실 키키 엄마 아빠를 배우지",
            "speaker": {
              "id": "2번",
              "sex": "여성",
              "age": "20대"
            },
            "speechAct": "(단언) 주장하기",
            "morpheme": "맞/VV+아/EC+사실/MAG+키/NNG+키/NNG+엄마/NNG+아빠/NNG+를/JKO+배우/VV+지/EC"
          },
          {
            "id": 7,
            "text": "1 : 아니 왜 아직 10개월 밖에 안됐니...?",
            "norm_text": "아니 왜 아직 10개월 밖에 안됐니...?",
            "speaker": {
              "id": "1번",
              "sex": "여성",
              "age": "30대"
            },
            "speechAct": "(지시) 질문하기",
            "morpheme": "아니/IC+왜/MAG+아직/MAG+10/SN+개월/NNBC+밖에/JX+안/MAG+됐/VV+EP+니/EF+./SY+./SY"
          },
          {
            "id": 8,
            "text": "2 : 우리 강아지 그래도 많이 컸다고 ㅜㅜ",
            "norm_text": "우리 강아지 그래도 많이 컸다고 ㅜㅜ",
            "speaker": {
              "id": "2번",
              "sex": "여성",
              "age": "20대"
            },
            "speechAct": "(단언) 주장하기",
            "morpheme": "우리/NP+강아지/NNG+그래도/MAJ+많이/MAG+컸/VA+EP+다고/EC+ㅜㅜ/UNKNOWN"
          },
          {
            "id": 9,
            "text": "1 : 뱃속에  있을 때는 시간 겁나 빨리 가는 거 같더니",
            "norm_text": "뱃속에  있을 때는 시간 겁나 빨리 가는 거 같더니",
            "speaker": {
              "id": "1번",
              "sex": "여성",
              "age": "30대"
            },
            "speechAct": "(단언) 주장하기",
            "morpheme": "뱃속/NNG+에/JKB+있/VV+을/ETM+때/NNG+는/JX+시간/NNG+겁나/VV+EC+빨리/MAG+가/VV+는/ETM+거/NNB+같/VA+더니/EC"
          },
          {
            "id": 10,
            "text": "2 : 원래 남의 애기는 금방 큰다고 ㅜㅜ",
            "norm_text": "원래 남의 애기는 금방 큰다고 ㅜㅜ",
            "speaker": {
              "id": "2번",
              "sex": "여성",
              "age": "20대"
            },
            "speechAct": "(단언) 주장하기",
            "morpheme": "원래/MAG+남/NNG+의/JKG+애기/NNG+는/JX+금방/MAG+큰다고/VA+EC+ㅜㅜ/UNKNOWN"
          },
          {
            "id": 11,
            "text": "1 : 왜 아직 걘 10개월이쥐...?",
            "norm_text": "왜 아직 걘 10개월이쥐...?",
            "speaker": {
              "id": "1번",
              "sex": "여성",
              "age": "30대"
            },
            "speechAct": "(지시) 질문하기",
            "morpheme": "왜/MAG+아직/MAG+걘/NP+JX+10/SN+개월/NNBC+이/JKS+쥐/NNG+./SY+./SY"
          },
          {
            "id": 12,
            "text": "2 : 뱃속에 있을 때가 좋았다...",
            "norm_text": "뱃속에 있을 때가 좋았다...",
            "speaker": {
              "id": "2번",
              "sex": "여성",
              "age": "20대"
            },
            "speechAct": "(단언) 주장하기",
            "morpheme": "뱃속/NNG+에/JKB+있/VV+을/ETM+때/NNG+가/JKS+좋/VA+았/EP+다/EF+./SY"
          },
          {
            "id": 13,
            "text": "1 : 키키 아 그래?? 신생아 때 비교해서  많이  컸어?",
            "norm_text": "키키 아 그래?? 신생아 때 비교해서  많이  컸어?",
            "speaker": {
              "id": "1번",
              "sex": "여성",
              "age": "30대"
            },
            "speechAct": "(지시) 질문하기",
            "morpheme": "키/NNG+키/VV+아/EC+그래/VV+EF+?/SY+신생아/NNG+때/NNG+비교/NNG+해서/XSV+EC+많이/MAG+컸/VA+EP+어/EF"
          },
          {
            "id": 14,
            "text": "2 : 넌 이 말을 모를 거야... 나중에 임신하면 알게 될 거야",
            "norm_text": "넌 이 말을 모를 거야... 나중에 임신하면 알게 될 거야",
            "speaker": {
              "id": "2번",
              "sex": "여성",
              "age": "20대"
            },
            "speechAct": "(단언) 주장하기",
            "morpheme": "넌/NP+JX+이/MM+말/NNG+을/JKO+모를/VV+ETM+거/NNB+야/VCP+EF+./SY+나중/NNG+에/JKB+임신/NNG+하/XSV+면/EC+알/VV+게/EC+될/VV+ETM+거/NNB+야/VCP+EF"
          },
          {
            "id": 15,
            "text": "1 : 이제 밥 먹어? 이유식?",
            "norm_text": "이제 밥 먹어? 이유식?",
            "speaker": {
              "id": "1번",
              "sex": "여성",
              "age": "30대"
            },
            "speechAct": "(지시) 질문하기",
            "morpheme": "이제/MAG+밥/NNG+먹/VV+어/EF+이유식/NNP"
          },
          {
            "id": 16,
            "text": "2 : 이유식 먹은 지 3개월째",
            "norm_text": "이유식 먹은 지 3개월째",
            "speaker": {
              "id": "2번",
              "sex": "여성",
              "age": "20대"
            },
            "speechAct": "(단언) 주장하기",
            "morpheme": "이유식/NNP+먹/VV+은지/EC+3/SN+개월/NNBC+째/XSN"
          }
        ]
      }
    }
  ]
}