{
  "dataset": {
    "identifier": 58696,
    "name": "KAKAO_991_11_set",
    "src_path": "/data/file/cubeManager/PROJECT001/53/txt20211006134932046855/KAKAO_991_11_set/",
    "label_path": "/data/file/cubeManager/PROJECT001/53/txt20211006134932046855/KAKAO_991_11_set/",
    "category": 2,
    "type": 0
  },
  "licenses": {
    "name": "Apache License 1.0",
    "url": "http://www.apache.org/licenses/LICENSE-1.0"
  },
  "info": [
    {
      "id": 43545,
      "filename": "KAKAO_991_11.txt",
      "title": "KAKAO_991_11",
      "mediatype": "SNS",
      "medianame": "카카오톡",
      "category": "일상대화",
      "date": "2021-10-06",
      "size": 617,
      "annotations": {
        "subject": "게임",
        "speaker_type": "1:1",
        "size": 617,
        "word_size": 204,
        "text": "1 : 캔디크러쉬 사가 게임 해본 적 있나?\n2 : 음... 들어본 거 같은데?\n2 : 옛날에 나온 게임 아냐? 애니팡 같은?\n1 : 응응! 키키 그거 매니아 층이 많아서 지금도 유명한대! 하하\n2 : 아아~ 장수 게임인데?\n2 : 너두 하는 게임이야? 하하\n1 : 키키 나도 예전엔 자주 했는데... 키키 지금은 게임을 잘 안 해서\n2 : 아하 키키 준 매니아 정도였구만 키키\n2 : 나는 한 번도 안 해본 거 같아 키키\n1 : 아 진짜? 키키\n1 : 그것도 은근 판을 깨는 재미가 있다구! 키키\n2 : 키키 모든 게임은 언제나 재미있지 키키 인정인정!\n1 : 그리고 인터넷 굳이 연결 안 해도 돼서 비행기 같은 거 탈 때도 요긴한 게임이야 키키\n2 : 아아? 싱글게임이야?\n2 : 데이터도 필요 없는 거야? 하하\n1 : 응응! 데이터 연결하면 순위 매겨지고 하는데 굳이 안 해도 돼\n2 : 아하! 신박한 게임이네?\n2 : 데이터 없이도 가능한 게 하하\n1 : 키키 깔아놓고 가끔씩 할 일 없을 때 하는 게임이야 하하\n2 : 아아~ 키키 할 일이 없을 수도 있구나~ 키키\n2 : 나는 게임 할 시간이 없어 ㅜㅜ\n1 : 키키 나도 요즘엔 게임 할 시간이 없네 ㅠㅠ\n2 : 진짜 어렸을 땐 게임 엄청 했는데 키키 요즘은 게임이 재미가 없어 키키",
        "lines": [
          {
            "id": 1,
            "text": "1 : 캔디크러쉬 사가 게임 해본 적 있나?",
            "norm_text": "캔디크러쉬 사가 게임 해본 적 있나?",
            "speaker": {
              "id": "1번",
              "sex": "여성",
              "age": "30대"
            },
            "speechAct": "(지시) 질문하기",
            "morpheme": "캔디/NNP+크러쉬/NNP+사/NNG+가/JKS+게임/NNG+해/XSV+EC+본/VX+ETM+적/NNB+있/VA+나/EF"
          },
          {
            "id": 2,
            "text": "2 : 음... 들어본 거 같은데?",
            "norm_text": "음... 들어본 거 같은데?",
            "speaker": {
              "id": "2번",
              "sex": "남성",
              "age": "30대"
            },
            "speechAct": "(단언) 주장하기",
            "morpheme": "음/IC+./SY+들/VV+어/EC+본/VX+ETM+거/NNB+같/VA+은데/EF"
          },
          {
            "id": 3,
            "text": "2 : 옛날에 나온 게임 아냐? 애니팡 같은?",
            "norm_text": "옛날에 나온 게임 아냐? 애니팡 같은?",
            "speaker": {
              "id": "2번",
              "sex": "남성",
              "age": "30대"
            },
            "speechAct": "(지시) 질문하기",
            "morpheme": "옛날/NNG+에/JKB+나온/VV+ETM+게임/NNG+아냐/VCN+EF+애니팡/NNP+같/VA+은/ETM"
          },
          {
            "id": 4,
            "text": "1 : 응응! 키키 그거 매니아 층이 많아서 지금도 유명한대! 하하",
            "norm_text": "응응! 키키 그거 매니아 층이 많아서 지금도 유명한대! 하하",
            "speaker": {
              "id": "1번",
              "sex": "여성",
              "age": "30대"
            },
            "speechAct": "(단언) 진술하기",
            "morpheme": "응/IC+응/IC+키/NNG+키/XSV+ETN+그거/NP+매니아/NNP+층/NNG+이/JKS+많/VA+아서/EC+지금/NNG+도/JX+유명/NNG+한대/XSV+EF+하하/MAG"
          },
          {
            "id": 5,
            "text": "2 : 아아~ 장수 게임인데?",
            "norm_text": "아아~ 장수 게임인데?",
            "speaker": {
              "id": "2번",
              "sex": "남성",
              "age": "30대"
            },
            "speechAct": "(단언) 주장하기",
            "morpheme": "아아/NNG+~/SY+장수/NNP+게임/NNG+인데/VCP+EF"
          },
          {
            "id": 6,
            "text": "2 : 너두 하는 게임이야? 하하",
            "norm_text": "너두 하는 게임이야? 하하",
            "speaker": {
              "id": "2번",
              "sex": "남성",
              "age": "30대"
            },
            "speechAct": "(단언) 진술하기",
            "morpheme": "너/NP+두/JX+하/VV+는/ETM+게임/NNG+이/VCP+야/EF+하하/MAG"
          },
          {
            "id": 7,
            "text": "1 : 키키 나도 예전엔 자주 했는데... 키키 지금은 게임을 잘 안 해서",
            "norm_text": "키키 나도 예전엔 자주 했는데... 키키 지금은 게임을 잘 안 해서",
            "speaker": {
              "id": "1번",
              "sex": "여성",
              "age": "30대"
            },
            "speechAct": "(단언) 주장하기",
            "morpheme": "키/NNG+키나/XSA+ETN+JX+도/JX+예전/NNG+엔/JKB+JX+자주/MAG+했/VV+EP+는데/EC+./SY+./SY+키/NNG+키/NNG+지금/MAG+은/JX+게임/NNG+을/JKO+잘/MAG+안/MAG+해서/VV+EC"
          },
          {
            "id": 8,
            "text": "2 : 아하 키키 준 매니아 정도였구만 키키",
            "norm_text": "아하 키키 준 매니아 정도였구만 키키",
            "speaker": {
              "id": "2번",
              "sex": "남성",
              "age": "30대"
            },
            "speechAct": "(단언) 진술하기",
            "morpheme": "아/IC+하키/NNG+키/XSV+ETN+준/VV+ETM+매니아/NNP+정도/NNG+였/VCP+EP+구/EC+만/JX+키/NNG+키/XSV+ETN"
          },
          {
            "id": 9,
            "text": "2 : 나는 한 번도 안 해본 거 같아 키키",
            "norm_text": "나는 한 번도 안 해본 거 같아 키키",
            "speaker": {
              "id": "2번",
              "sex": "남성",
              "age": "30대"
            },
            "speechAct": "(단언) 주장하기",
            "morpheme": "나/NP+는/JX+한/MM+번/NNBC+도/JX+안/MAG+해/VV+EC+본/VX+ETM+거/NNB+같/VA+아/EC+키/NNG+키/XSV+ETN"
          },
          {
            "id": 10,
            "text": "1 : 아 진짜? 키키",
            "norm_text": "아 진짜? 키키",
            "speaker": {
              "id": "1번",
              "sex": "여성",
              "age": "30대"
            },
            "speechAct": "(지시) 질문하기",
            "morpheme": "아/IC+진짜/MAG+키/NNG+키/XSV+ETN"
          },
          {
            "id": 11,
            "text": "1 : 그것도 은근 판을 깨는 재미가 있다구! 키키",
            "norm_text": "그것도 은근 판을 깨는 재미가 있다구! 키키",
            "speaker": {
              "id": "1번",
              "sex": "여성",
              "age": "30대"
            },
            "speechAct": "(단언) 주장하기",
            "morpheme": "그것/NP+도/JX+은근/NNG+판/NNG+을/JKO+깨/VV+는/ETM+재미/NNG+가/JKS+있/VA+다구/EF+키/NNG+키/XSV+ETN"
          },
          {
            "id": 12,
            "text": "2 : 키키 모든 게임은 언제나 재미있지 키키 인정인정!",
            "norm_text": "키키 모든 게임은 언제나 재미있지 키키 인정인정!",
            "speaker": {
              "id": "2번",
              "sex": "남성",
              "age": "30대"
            },
            "speechAct": "(단언) 주장하기",
            "morpheme": "키키/NNP+모든/MM+게임/NNG+은/JX+언제나/MAG+재미있/VA+지/EC+키/NNG+키/NNG+인정/NNG+인정/NNG"
          },
          {
            "id": 13,
            "text": "1 : 그리고 인터넷 굳이 연결 안 해도 돼서 비행기 같은 거 탈 때도 요긴한 게임이야 키키",
            "norm_text": "그리고 인터넷 굳이 연결 안 해도 돼서 비행기 같은 거 탈 때도 요긴한 게임이야 키키",
            "speaker": {
              "id": "1번",
              "sex": "여성",
              "age": "30대"
            },
            "speechAct": "(단언) 진술하기",
            "morpheme": "그리고/MAJ+인터넷/NNG+굳이/MAG+연결/NNG+안/MAG+해도/VV+EC+돼서/VV+EC+비행기/NNG+같/VA+은/ETM+거/NNB+탈/XPN+때/NNG+도/JX+요긴/XR+한/XSA+ETM+게임/NNG+이/VCP+야/EC+키/NNG+키/XSV+ETN"
          },
          {
            "id": 14,
            "text": "2 : 아아? 싱글게임이야?",
            "norm_text": "아아? 싱글게임이야?",
            "speaker": {
              "id": "2번",
              "sex": "남성",
              "age": "30대"
            },
            "speechAct": "(지시) 질문하기",
            "morpheme": "아아/IC+싱글/MAG+게임/NNG+이/VCP+야/EF"
          },
          {
            "id": 15,
            "text": "2 : 데이터도 필요 없는 거야? 하하",
            "norm_text": "데이터도 필요 없는 거야? 하하",
            "speaker": {
              "id": "2번",
              "sex": "남성",
              "age": "30대"
            },
            "speechAct": "(지시) 질문하기",
            "morpheme": "데이터/NNG+도/JX+필요/NNG+없/VA+는/ETM+거/NNB+야/VCP+EF+하하/MAG"
          },
          {
            "id": 16,
            "text": "1 : 응응! 데이터 연결하면 순위 매겨지고 하는데 굳이 안 해도 돼",
            "norm_text": "응응! 데이터 연결하면 순위 매겨지고 하는데 굳이 안 해도 돼",
            "speaker": {
              "id": "1번",
              "sex": "여성",
              "age": "30대"
            },
            "speechAct": "(단언) 진술하기",
            "morpheme": "응/IC+응/IC+데이터/NNG+연결/NNG+하/XSV+면/EC+순위/NNG+매겨/VV+EC+지/VX+고/EC+하/VV+는데/EC+굳이/MAG+안/MAG+해도/VV+EC+돼/VV+EC"
          },
          {
            "id": 17,
            "text": "2 : 아하! 신박한 게임이네?",
            "norm_text": "아하! 신박한 게임이네?",
            "speaker": {
              "id": "2번",
              "sex": "남성",
              "age": "30대"
            },
            "speechAct": "(지시) 질문하기",
            "morpheme": "아하/IC+신박/NNG+한/XSA+ETM+게임/NNG+이/VCP+네/EF"
          },
          {
            "id": 18,
            "text": "2 : 데이터 없이도 가능한 게 하하",
            "norm_text": "데이터 없이도 가능한 게 하하",
            "speaker": {
              "id": "2번",
              "sex": "남성",
              "age": "30대"
            },
            "speechAct": "(단언) 주장하기",
            "morpheme": "데이터/NNG+없이/MAG+도/JX+가능/NNG+한/XSA+ETM+게/NNB+JKS+하하/MAG"
          },
          {
            "id": 19,
            "text": "1 : 키키 깔아놓고 가끔씩 할 일 없을 때 하는 게임이야 하하",
            "norm_text": "키키 깔아놓고 가끔씩 할 일 없을 때 하는 게임이야 하하",
            "speaker": {
              "id": "1번",
              "sex": "여성",
              "age": "30대"
            },
            "speechAct": "(단언) 주장하기",
            "morpheme": "키/NNG+키/XSV+ETN+깔/VV+아/EC+놓/VX+고/EC+가끔/MAG+씩/XSN+할/VV+ETM+일/NNG+없/VA+을/ETM+때/NNG+하/XSV+는/ETM+게임/NNG+이야/JX+하하/MAG"
          },
          {
            "id": 20,
            "text": "2 : 아아~ 키키 할 일이 없을 수도 있구나~ 키키",
            "norm_text": "아아~ 키키 할 일이 없을 수도 있구나~ 키키",
            "speaker": {
              "id": "2번",
              "sex": "남성",
              "age": "30대"
            },
            "speechAct": "(단언) 진술하기",
            "morpheme": "아아/NNG+~/SY+키/NNG+키/NNG+할/XSV+ETM+일/NNG+이/JKS+없/VA+을/ETM+수/NNB+도/JX+있/VA+구나/EF+~/SY+키/NNG+키/XSV+ETN"
          },
          {
            "id": 21,
            "text": "2 : 나는 게임 할 시간이 없어 ㅜㅜ",
            "norm_text": "나는 게임 할 시간이 없어 ㅜㅜ",
            "speaker": {
              "id": "2번",
              "sex": "남성",
              "age": "30대"
            },
            "speechAct": "(단언) 주장하기",
            "morpheme": "나/NP+는/JX+게임/NNG+할/XSV+ETM+시간/NNG+이/JKS+없/VA+어/EC+ㅜㅜ/UNKNOWN"
          },
          {
            "id": 22,
            "text": "1 : 키키 나도 요즘엔 게임 할 시간이 없네 ㅠㅠ",
            "norm_text": "키키 나도 요즘엔 게임 할 시간이 없네 ㅠㅠ",
            "speaker": {
              "id": "1번",
              "sex": "여성",
              "age": "30대"
            },
            "speechAct": "(단언) 주장하기",
            "morpheme": "키/NNG+키나/XSA+ETN+JX+도/JX+요즘/NNG+엔/JKB+JX+게임/NNG+할/XSV+ETM+시간/NNG+이/JKS+없/VA+네/EF+ㅠㅠ/UNKNOWN"
          },
          {
            "id": 23,
            "text": "2 : 진짜 어렸을 땐 게임 엄청 했는데 키키 요즘은 게임이 재미가 없어 키키",
            "norm_text": "진짜 어렸을 땐 게임 엄청 했는데 키키 요즘은 게임이 재미가 없어 키키",
            "speaker": {
              "id": "2번",
              "sex": "남성",
              "age": "30대"
            },
            "speechAct": "(단언) 주장하기",
            "morpheme": "진짜/MAG+어렸/VA+EP+을/ETM+땐/NNG+JX+게임/NNG+엄청/MAG+했/VV+EP+는데/EC+키/NNG+키/NNG+요즘/NNG+은/JX+게임/NNG+이/JKS+재미/NNG+가/JKS+없/VA+어/EC+키/NNG+키/XSV+ETN"
          }
        ]
      }
    }
  ]
}