{
  "dataset": {
    "identifier": 68211,
    "name": "KAKAO_961_08_set",
    "src_path": "/data/file/cubeManager/PROJECT001/53/txt20211005163155095816/KAKAO_961_08_set/",
    "label_path": "/data/file/cubeManager/PROJECT001/53/txt20211005163155095816/KAKAO_961_08_set/",
    "category": 2,
    "type": 0
  },
  "licenses": {
    "name": "Apache License 1.0",
    "url": "http://www.apache.org/licenses/LICENSE-1.0"
  },
  "info": [
    {
      "id": 42486,
      "filename": "KAKAO_961_08.txt",
      "title": "KAKAO_961_08",
      "mediatype": "SNS",
      "medianame": "카카오톡",
      "category": "일상대화",
      "date": "2021-10-05",
      "size": 447,
      "annotations": {
        "subject": "연애/결혼",
        "speaker_type": "1:1",
        "size": 447,
        "word_size": 146,
        "text": "1 : 연애는 시작하고 싶은 맘 없어?\n2 : 연애는 하고 싶지. 근데 혼자 하는 것도 아니고 어렵네\n1 : 얼마 전까지 남자친구 있지 않았던가?\n2 : 아 썸타던 사람 아직도 썸만 타고 있어\n1 : 아직도 썸만 탄다고? 기간이 얼마나 됐는데 키키\n2 : 한 2달? 근데 이제 끝난 것 같아 키키\n1 : 왜 끝나 ㅠㅠ 무슨 일 있어서?\n2 : 그냥 계속 그렇게 지내고 있는데 답답해서 키키 아닌 것 같아\n1 : 아니다 싶을 땐 빨리 정리하는 것도 맞지 ㅠ\n2 : 올해 가기 전에 새로운 인연이 생겼으면 좋겠다.\n1 : 그러게 소개팅이나 맞선 계획 있음?\n2 : 소개팅은 해준다는 사람은 있는데 아직 미정이야. 맞선은... 노노\n1 : 왜 주변에 괜찮은 사람 많을 거 같은데\n2 : 근데 나한테 맞는 사람은 없나 봐\n1 : 아니야 키키 어느 날 갑자기 짠하고 나타날걸?\n2 : 그랬으면 좋겠다. 키키\n2 : 너도 주변에 좀 찾아봐",
        "lines": [
          {
            "id": 1,
            "text": "1 : 연애는 시작하고 싶은 맘 없어?",
            "norm_text": "연애는 시작하고 싶은 맘 없어?",
            "speaker": {
              "id": "1번",
              "sex": "여성",
              "age": "30대"
            },
            "speechAct": "(지시) 질문하기",
            "morpheme": "연애/NNG+는/JX+시작/NNG+하/XSV+고/EC+싶/VX+은/ETM+맘/NNG+없/VA+어/EF"
          },
          {
            "id": 2,
            "text": "2 : 연애는 하고 싶지. 근데 혼자 하는 것도 아니고 어렵네",
            "norm_text": "연애는 하고 싶지. 근데 혼자 하는 것도 아니고 어렵네",
            "speaker": {
              "id": "2번",
              "sex": "여성",
              "age": "30대"
            },
            "speechAct": "(단언) 주장하기",
            "morpheme": "연애/NNG+는/JX+하/VV+고/EC+싶/VX+지/EF+근데/MAJ+혼자/NNG+하/XSV+는/ETM+것/NNB+도/JX+아니/VCN+고/EC+어렵/VA+네/EC"
          },
          {
            "id": 3,
            "text": "1 : 얼마 전까지 남자친구 있지 않았던가?",
            "norm_text": "얼마 전까지 남자친구 있지 않았던가?",
            "speaker": {
              "id": "1번",
              "sex": "여성",
              "age": "30대"
            },
            "speechAct": "(지시) 질문하기",
            "morpheme": "얼마/NNG+전/NNG+까지/JX+남자/NNG+친구/NNG+있/VV+지/EC+않/VX+았/EP+던가/EF"
          },
          {
            "id": 4,
            "text": "2 : 아 썸타던 사람 아직도 썸만 타고 있어",
            "norm_text": "아 썸타던 사람 아직도 썸만 타고 있어",
            "speaker": {
              "id": "2번",
              "sex": "여성",
              "age": "30대"
            },
            "speechAct": "(단언) 진술하기",
            "morpheme": "아썸타/NNP+던/ETM+사람/NNG+아직/MAG+도/JX+썸/NNG+만/JX+타/VV+고/EC+있/VX+어/EC"
          },
          {
            "id": 5,
            "text": "1 : 아직도 썸만 탄다고? 기간이 얼마나 됐는데 키키",
            "norm_text": "아직도 썸만 탄다고? 기간이 얼마나 됐는데 키키",
            "speaker": {
              "id": "1번",
              "sex": "여성",
              "age": "30대"
            },
            "speechAct": "(지시) 질문하기",
            "morpheme": "아직/MAG+도/JX+썸/NNG+만/JX+탄다고/VV+EF+기간/NNG+이/JKS+얼마나/MAG+됐/VV+EP+는데/EC+키/NNG+키/XSV+ETN"
          },
          {
            "id": 6,
            "text": "2 : 한 2달? 근데 이제 끝난 것 같아 키키",
            "norm_text": "한 2달? 근데 이제 끝난 것 같아 키키",
            "speaker": {
              "id": "2번",
              "sex": "여성",
              "age": "30대"
            },
            "speechAct": "(단언) 주장하기",
            "morpheme": "한/MM+2/SN+달/NNG+근데/MAJ+이제/MAG+끝난/VV+ETM+것/NNB+같/VA+아/EC+키/NNG+키/XSV+ETN"
          },
          {
            "id": 7,
            "text": "1 : 왜 끝나 ㅠㅠ 무슨 일 있어서?",
            "norm_text": "왜 끝나 ㅠㅠ 무슨 일 있어서?",
            "speaker": {
              "id": "1번",
              "sex": "여성",
              "age": "30대"
            },
            "speechAct": "(지시) 질문하기",
            "morpheme": "왜/MAG+끝/NNG+나/NP+ㅠㅠ/UNKNOWN+무슨/MM+일/NNG+있/VV+어서/EC"
          },
          {
            "id": 8,
            "text": "2 : 그냥 계속 그렇게 지내고 있는데 답답해서 키키 아닌 것 같아",
            "norm_text": "그냥 계속 그렇게 지내고 있는데 답답해서 키키 아닌 것 같아",
            "speaker": {
              "id": "2번",
              "sex": "여성",
              "age": "30대"
            },
            "speechAct": "(단언) 주장하기",
            "morpheme": "그냥/MAG+계속/MAG+그렇게/MAG+지내/VV+고/EC+있/VX+는데/EC+답답/XR+해서/XSA+EC+키/NNG+키/XSV+ETN+아닌/VCN+ETM+것/NNB+같/VA+아/EC"
          },
          {
            "id": 9,
            "text": "1 : 아니다 싶을 땐 빨리 정리하는 것도 맞지 ㅠ",
            "norm_text": "아니다 싶을 땐 빨리 정리하는 것도 맞지 ㅠ",
            "speaker": {
              "id": "1번",
              "sex": "여성",
              "age": "30대"
            },
            "speechAct": "(단언) 주장하기",
            "morpheme": "아니/VCN+다/EC+싶/VX+을/ETM+땐/NNG+JX+빨리/MAG+정리/NNG+하/XSV+는/ETM+것/NNB+도/JX+맞/VV+지/EC+ㅠ/UNKNOWN"
          },
          {
            "id": 10,
            "text": "2 : 올해 가기 전에 새로운 인연이 생겼으면 좋겠다.",
            "norm_text": "올해 가기 전에 새로운 인연이 생겼으면 좋겠다.",
            "speaker": {
              "id": "2번",
              "sex": "여성",
              "age": "30대"
            },
            "speechAct": "(단언) 주장하기",
            "morpheme": "올해/NNG+가/JKS+기전/NNG+에/JKB+새로운/VA+ETM+인연/NNG+이/JKS+생겼/VV+EP+으면/EC+좋/VA+겠/EP+다/EF"
          },
          {
            "id": 11,
            "text": "1 : 그러게 소개팅이나 맞선 계획 있음?",
            "norm_text": "그러게 소개팅이나 맞선 계획 있음?",
            "speaker": {
              "id": "1번",
              "sex": "여성",
              "age": "30대"
            },
            "speechAct": "(지시) 질문하기",
            "morpheme": "그러/VV+게/EC+소개팅/NNG+이나/JC+맞선/NNG+계획/NNG+있/VV+음/ETN"
          },
          {
            "id": 12,
            "text": "2 : 소개팅은 해준다는 사람은 있는데 아직 미정이야. 맞선은... 노노",
            "norm_text": "소개팅은 해준다는 사람은 있는데 아직 미정이야. 맞선은... 노노",
            "speaker": {
              "id": "2번",
              "sex": "여성",
              "age": "30대"
            },
            "speechAct": "(단언) 주장하기",
            "morpheme": "소개팅/NNG+은/JX+해/VV+EC+준다는/VX+ETM+사람/NNG+은/JX+있/VA+는데/EC+아직/MAG+미정/NNG+이/VCP+야/EF+맞선/NNG+은/JX+./SY+./SY+노노/IC"
          },
          {
            "id": 13,
            "text": "1 : 왜 주변에 괜찮은 사람 많을 거 같은데",
            "norm_text": "왜 주변에 괜찮은 사람 많을 거 같은데",
            "speaker": {
              "id": "1번",
              "sex": "여성",
              "age": "30대"
            },
            "speechAct": "(단언) 주장하기",
            "morpheme": "왜/MAG+주변/NNG+에/JKB+괜찮/VA+은/ETM+사람/NNG+많/VA+을/ETM+거/NNB+같/VA+은데/EC"
          },
          {
            "id": 14,
            "text": "2 : 근데 나한테 맞는 사람은 없나 봐",
            "norm_text": "근데 나한테 맞는 사람은 없나 봐",
            "speaker": {
              "id": "2번",
              "sex": "여성",
              "age": "30대"
            },
            "speechAct": "(단언) 진술하기",
            "morpheme": "근데/MAJ+나/NP+한테/JKB+맞/VV+는/ETM+사람/NNG+은/JX+없/VA+나/EC+봐/VX+EC"
          },
          {
            "id": 15,
            "text": "1 : 아니야 키키 어느 날 갑자기 짠하고 나타날걸?",
            "norm_text": "아니야 키키 어느 날 갑자기 짠하고 나타날걸?",
            "speaker": {
              "id": "1번",
              "sex": "여성",
              "age": "30대"
            },
            "speechAct": "(지시) 질문하기",
            "morpheme": "아니야/IC+키키/NNP+어느/MM+날/NNG+갑자기/MAG+짠/MAG+하/VV+고/EC+나타날/VV+ETM+걸/NNB+JKO"
          },
          {
            "id": 16,
            "text": "2 : 그랬으면 좋겠다. 키키",
            "norm_text": "그랬으면 좋겠다. 키키",
            "speaker": {
              "id": "2번",
              "sex": "여성",
              "age": "30대"
            },
            "speechAct": "(단언) 주장하기",
            "morpheme": "그랬/VV+EP+으면/EC+좋/VA+겠/EP+다/EF+키/NNG+키/XSV+ETN"
          },
          {
            "id": 17,
            "text": "2 : 너도 주변에 좀 찾아봐",
            "norm_text": "너도 주변에 좀 찾아봐",
            "speaker": {
              "id": "2번",
              "sex": "여성",
              "age": "30대"
            },
            "speechAct": "(지시) 충고/제안하기",
            "morpheme": "너/NP+도/JX+주변/NNG+에/JKB+좀/MAG+찾아봐/VV+EC"
          }
        ]
      }
    }
  ]
}