{
  "dataset": {
    "identifier": 63157,
    "name": "KAKAO_918_19_set",
    "src_path": "/data/file/cubeManager/PROJECT001/53/txt20211005154951059116/KAKAO_918_19_set/",
    "label_path": "/data/file/cubeManager/PROJECT001/53/txt20211005154951059116/KAKAO_918_19_set/",
    "category": 2,
    "type": 0
  },
  "licenses": {
    "name": "Apache License 1.0",
    "url": "http://www.apache.org/licenses/LICENSE-1.0"
  },
  "info": [
    {
      "id": 41796,
      "filename": "KAKAO_918_19.txt",
      "title": "KAKAO_918_19",
      "mediatype": "SNS",
      "medianame": "카카오톡",
      "category": "일상대화",
      "date": "2021-10-05",
      "size": 326,
      "annotations": {
        "subject": "방송/연예",
        "speaker_type": "1:1",
        "size": 326,
        "word_size": 111,
        "text": "1 : 요즘에 TV 프로그램 보는 거 있어?\n2 : 요즘 1박 2일 본다\n1 : 1박 2일에 누구 나와?\n2 : 김종민 빼고 다 바꼈다\n1 : 김종민은 아직 하고 있나?\n2 : 시즌 1부터 꾸준히 하고 있네\n1 : 아 진짜 대단하다 변함이 없네\n2 : 시즌 1이랑 똑같이 웃기더라 키키\n1 : 키키 김종민 다른 예능에도 많이 나오지 않나?\n2 : 요즘에 한 번씩 나오긴 하더라\n1 : 김종민도 나이 많이 먹었을걸\n2 : 근데 예전 모습이랑 똑같은 거 같아\n1 : 맞다 키키 왜 안 늙냐\n2 : 연예인들은 관리하지 않겠나?\n1 : 그럴 듯 키키 남자들도 다 관리할 것 같아\n2 : 연예인들은 돈이 많으니깐 하겠지",
        "lines": [
          {
            "id": 1,
            "text": "1 : 요즘에 TV 프로그램 보는 거 있어?",
            "norm_text": "요즘에 TV 프로그램 보는 거 있어?",
            "speaker": {
              "id": "1번",
              "sex": "여성",
              "age": "20대"
            },
            "speechAct": "(지시) 질문하기",
            "morpheme": "요즘/NNG+에/JKB+TV/SL+프로그램/NNG+보/VV+는/ETM+거/NNB+있/VA+어/EF"
          },
          {
            "id": 2,
            "text": "2 : 요즘 1박 2일 본다",
            "norm_text": "요즘 1박 2일 본다",
            "speaker": {
              "id": "2번",
              "sex": "남성",
              "age": "30대"
            },
            "speechAct": "(단언) 진술하기",
            "morpheme": "요즘/MAG+1/SN+박/NNBC+2/SN+일/NNBC+본다/VV+EC"
          },
          {
            "id": 3,
            "text": "1 : 1박 2일에 누구 나와?",
            "norm_text": "1박 2일에 누구 나와?",
            "speaker": {
              "id": "1번",
              "sex": "여성",
              "age": "20대"
            },
            "speechAct": "(지시) 질문하기",
            "morpheme": "1/SN+박/NNBC+2/SN+일/NNBC+에/JKB+누구/NP+나와/VV+EF"
          },
          {
            "id": 4,
            "text": "2 : 김종민 빼고 다 바꼈다",
            "norm_text": "김종민 빼고 다 바꼈다",
            "speaker": {
              "id": "2번",
              "sex": "남성",
              "age": "30대"
            },
            "speechAct": "(단언) 진술하기",
            "morpheme": "김종민/NNP+빼/VV+고/EC+다/MAG+바꼈/VV+EP+다/EC"
          },
          {
            "id": 5,
            "text": "1 : 김종민은 아직 하고 있나?",
            "norm_text": "김종민은 아직 하고 있나?",
            "speaker": {
              "id": "1번",
              "sex": "여성",
              "age": "20대"
            },
            "speechAct": "(지시) 질문하기",
            "morpheme": "김종민/NNP+은/JX+아직/MAG+하/VV+고/EC+있/VX+나/EF"
          },
          {
            "id": 6,
            "text": "2 : 시즌 1부터 꾸준히 하고 있네",
            "norm_text": "시즌 1부터 꾸준히 하고 있네",
            "speaker": {
              "id": "2번",
              "sex": "남성",
              "age": "30대"
            },
            "speechAct": "(단언) 진술하기",
            "morpheme": "시즌/NNG+1/SN+부터/JX+꾸준히/MAG+하/VV+고/EC+있/VX+네/EC"
          },
          {
            "id": 7,
            "text": "1 : 아 진짜 대단하다 변함이 없네",
            "norm_text": "아 진짜 대단하다 변함이 없네",
            "speaker": {
              "id": "1번",
              "sex": "여성",
              "age": "20대"
            },
            "speechAct": "(단언) 주장하기",
            "morpheme": "아/IC+진짜/MAG+대단/XR+하/XSA+다/EC+변함/VV+ETN+이/JKS+없/VA+네/EC"
          },
          {
            "id": 8,
            "text": "2 : 시즌 1이랑 똑같이 웃기더라 키키",
            "norm_text": "시즌 1이랑 똑같이 웃기더라 키키",
            "speaker": {
              "id": "2번",
              "sex": "남성",
              "age": "30대"
            },
            "speechAct": "(단언) 진술하기",
            "morpheme": "시즌/NNG+1/SN+이랑/JKB+똑같이/MAG+웃기/VV+더라/EC+키/NNG+키/XSV+ETN"
          },
          {
            "id": 9,
            "text": "1 : 키키 김종민 다른 예능에도 많이 나오지 않나?",
            "norm_text": "키키 김종민 다른 예능에도 많이 나오지 않나?",
            "speaker": {
              "id": "1번",
              "sex": "여성",
              "age": "20대"
            },
            "speechAct": "(지시) 질문하기",
            "morpheme": "키키/NNP+김종민/NNP+다른/MM+예능/NNG+에/JKB+도/JX+많이/MAG+나오/VV+지/EC+않/VX+나/EF"
          },
          {
            "id": 10,
            "text": "2 : 요즘에 한 번씩 나오긴 하더라",
            "norm_text": "요즘에 한 번씩 나오긴 하더라",
            "speaker": {
              "id": "2번",
              "sex": "남성",
              "age": "30대"
            },
            "speechAct": "(단언) 진술하기",
            "morpheme": "요즘/NNG+에/JKB+한/MM+번/NNBC+씩/XSN+나오/VV+긴/ETN+JX+하/VX+더라/EC"
          },
          {
            "id": 11,
            "text": "1 : 김종민도 나이 많이 먹었을걸",
            "norm_text": "김종민도 나이 많이 먹었을걸",
            "speaker": {
              "id": "1번",
              "sex": "여성",
              "age": "20대"
            },
            "speechAct": "(단언) 진술하기",
            "morpheme": "김종민/NNP+도/JX+나이/NNG+많이/MAG+먹/VV+었/EP+을/ETM+걸/NNB+JKO"
          },
          {
            "id": 12,
            "text": "2 : 근데 예전 모습이랑 똑같은 거 같아",
            "norm_text": "근데 예전 모습이랑 똑같은 거 같아",
            "speaker": {
              "id": "2번",
              "sex": "남성",
              "age": "30대"
            },
            "speechAct": "(단언) 주장하기",
            "morpheme": "근데/MAJ+예전/NNG+모습/NNG+이랑/JKB+똑같/VA+은/ETM+거/NNB+같/VA+아/EC"
          },
          {
            "id": 13,
            "text": "1 : 맞다 키키 왜 안 늙냐",
            "norm_text": "맞다 키키 왜 안 늙냐",
            "speaker": {
              "id": "1번",
              "sex": "여성",
              "age": "20대"
            },
            "speechAct": "(단언) 반박하기",
            "morpheme": "맞/XPN+다키키/NNP+왜/MAG+안/MAG+늙/VV+냐/EC"
          },
          {
            "id": 14,
            "text": "2 : 연예인들은 관리하지 않겠나?",
            "norm_text": "연예인들은 관리하지 않겠나?",
            "speaker": {
              "id": "2번",
              "sex": "남성",
              "age": "30대"
            },
            "speechAct": "(단언) 주장하기",
            "morpheme": "연예인/NNG+들/XSN+은/JX+관리/NNG+하/XSV+지/EC+않/VX+겠/EP+나/EF"
          },
          {
            "id": 15,
            "text": "1 : 그럴 듯 키키 남자들도 다 관리할 것 같아",
            "norm_text": "그럴 듯 키키 남자들도 다 관리할 것 같아",
            "speaker": {
              "id": "1번",
              "sex": "여성",
              "age": "20대"
            },
            "speechAct": "(단언) 주장하기",
            "morpheme": "그럴듯/VA+ETM+NNB+키/NNG+키/NNG+남자/NNG+들/XSN+도/JX+다/MAG+관리/NNG+할/XSV+ETM+것/NNB+같/VA+아/EC"
          },
          {
            "id": 16,
            "text": "2 : 연예인들은 돈이 많으니깐 하겠지",
            "norm_text": "연예인들은 돈이 많으니깐 하겠지",
            "speaker": {
              "id": "2번",
              "sex": "남성",
              "age": "30대"
            },
            "speechAct": "(단언) 주장하기",
            "morpheme": "연예인/NNG+들/XSN+은/JX+돈/NNG+이/JKS+많/VA+으니깐/EC+하/VX+겠/EP+지/EC"
          }
        ]
      }
    }
  ]
}