{
  "dataset": {
    "identifier": 63508,
    "name": "KAKAO_909_19_set",
    "src_path": "/data/file/cubeManager/PROJECT001/53/txt20211005154109092114/KAKAO_909_19_set/",
    "label_path": "/data/file/cubeManager/PROJECT001/53/txt20211005154109092114/KAKAO_909_19_set/",
    "category": 2,
    "type": 0
  },
  "licenses": {
    "name": "Apache License 1.0",
    "url": "http://www.apache.org/licenses/LICENSE-1.0"
  },
  "info": [
    {
      "id": 41596,
      "filename": "KAKAO_909_19.txt",
      "title": "KAKAO_909_19",
      "mediatype": "SNS",
      "medianame": "카카오톡",
      "category": "일상대화",
      "date": "2021-10-05",
      "size": 472,
      "annotations": {
        "subject": "방송/연예",
        "speaker_type": "1:1",
        "size": 472,
        "word_size": 158,
        "text": "1 : 요즘 밥 먹을 때 볼 영상이 필요해\n2 : 나랑 완전 똑같네 키키\n1 : 밥 먹을 때 사운드가 비는 게 너무 싫어서 뭘 틀어 놓게 돼\n2 : 나는 유튜브 틀어 놓고 밥 먹는데\n1 : 뭐 보면서 먹어? 공유 좀~\n2 : 최근에는 왓챠로 드라마 봤는데 정주행 다 해서 새로운 거 찾는 중이야 ㅠㅠ\n1 : 아 맞아 너가 추천해준 웬만해선 그들을 막을 수 없다 재밌더라\n2 : 봤어? 진짜 재밌지?\n1 : 나는 이제 막 나온 드라마인줄 알았는데 2000년도에 나온 드라마더라고키키\n2 : 그래도 재밌지 않았어?\n1 : 시트콤이라서 밥 먹으면서 한 편씩 보기 좋았어 키키\n2 : 지금 몇 화 보고 있어? 내 기준 66회가 레전드야\n1 : 아 본지 얼마 안 되서 키키 내일 밥 먹으면서 66회 볼게 키키\n2 : 키키  나는 솔직히 옛날 드라마가 더 재밌는 거 같아\n1 : 아 그건 나도 인정이야 ㅠㅠ 솔직히 요즘 드라마 하나도 몰라;\n2 : 이거 다 보면 내가 또 추천해줄게",
        "lines": [
          {
            "id": 1,
            "text": "1 : 요즘 밥 먹을 때 볼 영상이 필요해",
            "norm_text": "요즘 밥 먹을 때 볼 영상이 필요해",
            "speaker": {
              "id": "1번",
              "sex": "여성",
              "age": "20대"
            },
            "speechAct": "(단언) 주장하기",
            "morpheme": "요즘/NNG+밥/NNG+먹/VV+을/ETM+때/NNG+볼/VV+ETM+영상/NNG+이/JKS+필요/NNG+해/XSV+EC"
          },
          {
            "id": 2,
            "text": "2 : 나랑 완전 똑같네 키키",
            "norm_text": "나랑 완전 똑같네 키키",
            "speaker": {
              "id": "2번",
              "sex": "여성",
              "age": "20대"
            },
            "speechAct": "(단언) 주장하기",
            "morpheme": "나/NP+랑/JKB+완전/MAG+똑같/VA+네/EF+키/NNG+키/XSV+ETN"
          },
          {
            "id": 3,
            "text": "1 : 밥 먹을 때 사운드가 비는 게 너무 싫어서 뭘 틀어 놓게 돼",
            "norm_text": "밥 먹을 때 사운드가 비는 게 너무 싫어서 뭘 틀어 놓게 돼",
            "speaker": {
              "id": "1번",
              "sex": "여성",
              "age": "20대"
            },
            "speechAct": "(단언) 주장하기",
            "morpheme": "밥/NNG+먹/VV+을/ETM+때/NNG+사운드/NNP+가/JKS+비/VV+는/ETM+게/NNB+JKS+너무/MAG+싫/VA+어서/EC+뭘/NP+JKO+틀/VV+어/EC+놓/VX+게/EC+돼/VV+EC"
          },
          {
            "id": 4,
            "text": "2 : 나는 유튜브 틀어 놓고 밥 먹는데",
            "norm_text": "나는 유튜브 틀어 놓고 밥 먹는데",
            "speaker": {
              "id": "2번",
              "sex": "여성",
              "age": "20대"
            },
            "speechAct": "(단언) 진술하기",
            "morpheme": "나/NP+는/JX+유튜브/NNP+틀/VV+어/EC+놓/VX+고/EC+밥/NNG+먹/VV+는데/EC"
          },
          {
            "id": 5,
            "text": "1 : 뭐 보면서 먹어? 공유 좀~",
            "norm_text": "뭐 보면서 먹어? 공유 좀~",
            "speaker": {
              "id": "1번",
              "sex": "여성",
              "age": "20대"
            },
            "speechAct": "(지시) 질문하기",
            "morpheme": "뭐/IC+보/VV+면서/EC+먹/VV+어/EF+공유/NNG+좀/MAG+~/SY"
          },
          {
            "id": 6,
            "text": "2 : 최근에는 왓챠로 드라마 봤는데 정주행 다 해서 새로운 거 찾는 중이야 ㅠㅠ",
            "norm_text": "최근에는 왓챠로 드라마 봤는데 정주행 다 해서 새로운 거 찾는 중이야 ㅠㅠ",
            "speaker": {
              "id": "2번",
              "sex": "여성",
              "age": "20대"
            },
            "speechAct": "(단언) 진술하기",
            "morpheme": "최근/NNG+에/JKB+는/JX+왓/VV+EP+챠/NNP+로/JKB+드라마/NNG+봤/VV+EP+는데/EC+정주/NNG+행/XSN+다/MAG+해서/VV+EC+새로운/VA+ETM+거/NNB+찾/VV+는/ETM+중/NNB+이/VCP+야/EF+ㅠㅠ/UNKNOWN"
          },
          {
            "id": 7,
            "text": "1 : 아 맞아 너가 추천해준 웬만해선 그들을 막을 수 없다 재밌더라",
            "norm_text": "아 맞아 너가 추천해준 웬만해선 그들을 막을 수 없다 재밌더라",
            "speaker": {
              "id": "1번",
              "sex": "여성",
              "age": "20대"
            },
            "speechAct": "(단언) 주장하기",
            "morpheme": "아/IC+맞아/IC+너/NP+가/JKS+추천/NNG+해/XSV+EC+준/VX+ETM+웬만/XR+해선/XSA+EC+JX+그/NP+들/XSN+을/JKO+막/VV+을/ETM+수/NNB+없/VA+다/EC+재밌/VA+더라/EC"
          },
          {
            "id": 8,
            "text": "2 : 봤어? 진짜 재밌지?",
            "norm_text": "봤어? 진짜 재밌지?",
            "speaker": {
              "id": "2번",
              "sex": "여성",
              "age": "20대"
            },
            "speechAct": "(지시) 질문하기",
            "morpheme": "봤/VV+EP+어/EF+진짜/MAG+재밌/VA+지/EF"
          },
          {
            "id": 9,
            "text": "1 : 나는 이제 막 나온 드라마인줄 알았는데 2000년도에 나온 드라마더라고키키",
            "norm_text": "나는 이제 막 나온 드라마인줄 알았는데 2000년도에 나온 드라마더라고키키",
            "speaker": {
              "id": "1번",
              "sex": "여성",
              "age": "20대"
            },
            "speechAct": "(단언) 진술하기",
            "morpheme": "나/NP+는/JX+이제/MAG+막/MAJ+나온/VV+ETM+드라마/NNG+인/VCP+ETM+줄/NNB+알/VV+았/EP+는데/EC+2000/SN+년/NNBC+도/NNG+에/JKB+나온/VV+ETM+드라마/NNG+더라고/VCP+EC+키/NNG+키/XSV+ETN"
          },
          {
            "id": 10,
            "text": "2 : 그래도 재밌지 않았어?",
            "norm_text": "그래도 재밌지 않았어?",
            "speaker": {
              "id": "2번",
              "sex": "여성",
              "age": "20대"
            },
            "speechAct": "(지시) 질문하기",
            "morpheme": "그래도/MAJ+재밌/VA+지/EC+않/VX+았/EP+어/EF"
          },
          {
            "id": 11,
            "text": "1 : 시트콤이라서 밥 먹으면서 한 편씩 보기 좋았어 키키",
            "norm_text": "시트콤이라서 밥 먹으면서 한 편씩 보기 좋았어 키키",
            "speaker": {
              "id": "1번",
              "sex": "여성",
              "age": "20대"
            },
            "speechAct": "(단언) 주장하기",
            "morpheme": "시트콤/NNG+이/VCP+라서/EC+밥/NNG+먹/VV+으면서/EC+한편/NNG+씩/XSN+보/VV+기/ETN+좋/VA+았/EP+어/EC+키/NNG+키/XSV+ETN"
          },
          {
            "id": 12,
            "text": "2 : 지금 몇 화 보고 있어? 내 기준 66회가 레전드야",
            "norm_text": "지금 몇 화 보고 있어? 내 기준 66회가 레전드야",
            "speaker": {
              "id": "2번",
              "sex": "여성",
              "age": "20대"
            },
            "speechAct": "(지시) 질문하기",
            "morpheme": "지금/MAG+몇/MM+화보/NNG+고/VCP+EC+있/VX+어/EF+내/NP+JKG+기준/NNG+66/SN+회/NNBC+가/JKS+레전드/NNP+야/JKV"
          },
          {
            "id": 13,
            "text": "1 : 아 본지 얼마 안 되서 키키 내일 밥 먹으면서 66회 볼게 키키",
            "norm_text": "아 본지 얼마 안 되서 키키 내일 밥 먹으면서 66회 볼게 키키",
            "speaker": {
              "id": "1번",
              "sex": "여성",
              "age": "20대"
            },
            "speechAct": "(단언) 진술하기",
            "morpheme": "아/IC+본지/NNG+얼마/NNG+안/MAG+되/VV+서/EC+키/NNG+키/NNG+내일/NNG+밥/NNG+먹/VV+으면서/EC+66/SN+회/NNBC+볼/VV+ETM+게/NNB+JKS+키/NNG+키/XSV+ETN"
          },
          {
            "id": 14,
            "text": "2 : 키키  나는 솔직히 옛날 드라마가 더 재밌는 거 같아",
            "norm_text": "키키  나는 솔직히 옛날 드라마가 더 재밌는 거 같아",
            "speaker": {
              "id": "2번",
              "sex": "여성",
              "age": "20대"
            },
            "speechAct": "(단언) 주장하기",
            "morpheme": "키/NNG+키나/XSA+ETN+JX+는/JX+솔직히/MAG+옛날/NNG+드라마/NNG+가/JKS+더/MAG+재밌/VA+는/ETM+거/NNB+같/VA+아/EC"
          },
          {
            "id": 15,
            "text": "1 : 아 그건 나도 인정이야 ㅠㅠ 솔직히 요즘 드라마 하나도 몰라;",
            "norm_text": "아 그건 나도 인정이야 ㅠㅠ 솔직히 요즘 드라마 하나도 몰라;",
            "speaker": {
              "id": "1번",
              "sex": "여성",
              "age": "20대"
            },
            "speechAct": "(단언) 주장하기",
            "morpheme": "아/IC+그건/NP+JX+나/NP+도/JX+인정/NNG+이/VCP+야/EF+ㅠㅠ/UNKNOWN+솔직히/MAG+요즘/MAG+드라마/NNG+하나/NR+도/JX+몰라/VV+EC+;/SY"
          },
          {
            "id": 16,
            "text": "2 : 이거 다 보면 내가 또 추천해줄게",
            "norm_text": "이거 다 보면 내가 또 추천해줄게",
            "speaker": {
              "id": "2번",
              "sex": "여성",
              "age": "20대"
            },
            "speechAct": "(단언) 주장하기",
            "morpheme": "이거/NP+다/JX+보/VV+면/EC+내/NP+가/JKS+또/MAG+추천/NNG+해/XSV+EC+줄/VX+ETM+게/NNB+JKS"
          }
        ]
      }
    }
  ]
}