{
  "dataset": {
    "identifier": 61236,
    "name": "KAKAO_923_20_set",
    "src_path": "/data/file/cubeManager/PROJECT001/53/txt202110051541590809101/KAKAO_923_20_set/",
    "label_path": "/data/file/cubeManager/PROJECT001/53/txt202110051541590809101/KAKAO_923_20_set/",
    "category": 2,
    "type": 0
  },
  "licenses": {
    "name": "Apache License 1.0",
    "url": "http://www.apache.org/licenses/LICENSE-1.0"
  },
  "info": [
    {
      "id": 41677,
      "filename": "KAKAO_923_20.txt",
      "title": "KAKAO_923_20",
      "mediatype": "SNS",
      "medianame": "카카오톡",
      "category": "일상대화",
      "date": "2021-10-05",
      "size": 587,
      "annotations": {
        "subject": "영화/만화",
        "speaker_type": "1:1",
        "size": 587,
        "word_size": 194,
        "text": "1 : 니 애니메이션 영화도 자주 보나? 키키\n2 : 옛날에 자주 봤지 키키 하울의 움직이는 성\n1 : 오 키키 내 친구도 그 영화 좋아하던데 키키\n2 : 키키 나 고2 때 별명이었잖아 하울이라고 키키\n1 : 앗 그랬나? 키키 샤기컷 해서 그랬었나? 키키\n2 : 키키 샤기컷이었는지는 기억 안 나는데 그때 몇몇 애들이 하울 닮았다고 키키\n1 : 키키 엇? 뭐지? 키키 내가 고1 때 하울이라고 불린 거 같은 이 기억은?\n2 : 우리 닮았나 봐 키키 마스크 쓴 모습 보고 우리 과장 님도 닮았다 했었는데\n1 : 나 지금 진짜 너무 빵터졌다 키키 내 친구가 옆에서 소피는 없냐는데? 키키 너네 학교는 하울만 있었냐는데 키키\n2 : 키키 진짜 빵터지네 키키 이제 내가 소피할게\n1 : 키키 근데 내가 사진 봐도 우리 둘이 좀 닮은 듯\n2 : 그래? 나 닮아서 기분 좋겠네 키키\n1 : 아니 나 얼마 전에 하울 영화 얘기 했었거든 키키 아 너무 빵 터짐\n1 : 키키 응... 그래 참 기분이 좋네\n2 : 키키 못생긴 애 안 닮은 게 어디야 키키 우리 서로 나쁘진 않잖아\n1 : 그래... 키키 우리 이제 나이도 있으니 안 닮은 걸로 하자 그냥\n2 : 왜 갑자기 기분 나빠하고 그래 키키",
        "lines": [
          {
            "id": 1,
            "text": "1 : 니 애니메이션 영화도 자주 보나? 키키",
            "norm_text": "니 애니메이션 영화도 자주 보나? 키키",
            "speaker": {
              "id": "1번",
              "sex": "여성",
              "age": "30대"
            },
            "speechAct": "(지시) 질문하기",
            "morpheme": "니/MM+애니메이션/NNG+영화/NNG+도/JX+자주/MAG+보/VV+나/EF+키/NNG+키/XSV+ETN"
          },
          {
            "id": 2,
            "text": "2 : 옛날에 자주 봤지 키키 하울의 움직이는 성",
            "norm_text": "옛날에 자주 봤지 키키 하울의 움직이는 성",
            "speaker": {
              "id": "2번",
              "sex": "여성",
              "age": "30대"
            },
            "speechAct": "(단언) 진술하기",
            "morpheme": "옛날/NNG+에/JKB+자주/MAG+봤/VV+EP+지/EF+키키/NNP+하울/NNP+의/JKG+움직이/VV+는/ETM+성/NNG"
          },
          {
            "id": 3,
            "text": "1 : 오 키키 내 친구도 그 영화 좋아하던데 키키",
            "norm_text": "오 키키 내 친구도 그 영화 좋아하던데 키키",
            "speaker": {
              "id": "1번",
              "sex": "여성",
              "age": "30대"
            },
            "speechAct": "(단언) 주장하기",
            "morpheme": "오키/NNP+키/NNG+내/NNB+친구/NNG+도/JX+그/MM+영화/NNG+좋/VA+아/EC+하/VV+던데/EC+키/NNG+키/XSV+ETN"
          },
          {
            "id": 4,
            "text": "2 : 키키 나 고2 때 별명이었잖아 하울이라고 키키",
            "norm_text": "키키 나 고2 때 별명이었잖아 하울이라고 키키",
            "speaker": {
              "id": "2번",
              "sex": "여성",
              "age": "30대"
            },
            "speechAct": "(단언) 진술하기",
            "morpheme": "키/NNG+키나/XSA+ETN+JX+고/EC+2/SN+때별명이었잖아하울이라고키키/UNKNOWN"
          },
          {
            "id": 5,
            "text": "1 : 앗 그랬나? 키키 샤기컷 해서 그랬었나? 키키",
            "norm_text": "앗 그랬나? 키키 샤기컷 해서 그랬었나? 키키",
            "speaker": {
              "id": "1번",
              "sex": "여성",
              "age": "30대"
            },
            "speechAct": "(지시) 질문하기",
            "morpheme": "앗/IC+그랬/VV+EP+나/EF+키/NNG+키/VV+샤/EP+기/ETN+컷/NNG+해서/XSV+EC+그랬었/VV+EP+나/EF+키/NNG+키/XSV+ETN"
          },
          {
            "id": 6,
            "text": "2 : 키키 샤기컷이었는지는 기억 안 나는데 그때 몇몇 애들이 하울 닮았다고 키키",
            "norm_text": "키키 샤기컷이었는지는 기억 안 나는데 그때 몇몇 애들이 하울 닮았다고 키키",
            "speaker": {
              "id": "2번",
              "sex": "여성",
              "age": "30대"
            },
            "speechAct": "(단언) 진술하기",
            "morpheme": "키키/NNP+샤기/NNP+컷/NNG+이/VCP+었/EP+는지/EC+는/JX+기억/NNG+안/MAG+나/VV+는데/EC+그때/NNG+몇몇/MM+애/NNG+들/XSN+이/JKS+하/VV+울/EC+닮/VV+았/EP+다고/EC+키/NNG+키/XSV+ETN"
          },
          {
            "id": 7,
            "text": "1 : 키키 엇? 뭐지? 키키 내가 고1 때 하울이라고 불린 거 같은 이 기억은?",
            "norm_text": "키키 엇? 뭐지? 키키 내가 고1 때 하울이라고 불린 거 같은 이 기억은?",
            "speaker": {
              "id": "1번",
              "sex": "여성",
              "age": "30대"
            },
            "speechAct": "(지시) 질문하기",
            "morpheme": "키/NNG+키/VV+엇/EF+뭐/NP+지/VCP+EF+키/NNG+키/XSV+ETN+내가/VV+고/EC+1/SN+때/NNG+하/XSV+울이/VV+라고/EC+불린/VV+ETM+거/NNB+같/VA+은/ETM+이/MM+기억/NNG+은/JX"
          },
          {
            "id": 8,
            "text": "2 : 우리 닮았나 봐 키키 마스크 쓴 모습 보고 우리 과장 님도 닮았다 했었는데",
            "norm_text": "우리 닮았나 봐 키키 마스크 쓴 모습 보고 우리 과장 님도 닮았다 했었는데",
            "speaker": {
              "id": "2번",
              "sex": "여성",
              "age": "30대"
            },
            "speechAct": "(단언) 주장하기",
            "morpheme": "우리/NP+닮/VV+았/EP+나/EC+봐/VX+EF+키키/NNP+마스크/NNG+쓴/VV+ETM+모습/NNG+보/VV+고/EC+우리/NP+과장/NNG+님/XSN+도/JX+닮/VV+았/EP+다/EC+했었/VX+EP+는데/EC"
          },
          {
            "id": 9,
            "text": "1 : 나 지금 진짜 너무 빵터졌다 키키 내 친구가 옆에서 소피는 없냐는데? 키키 너네 학교는 하울만 있었냐는데 키키",
            "norm_text": "나 지금 진짜 너무 빵터졌다 키키 내 친구가 옆에서 소피는 없냐는데? 키키 너네 학교는 하울만 있었냐는데 키키",
            "speaker": {
              "id": "1번",
              "sex": "여성",
              "age": "30대"
            },
            "speechAct": "(지시) 질문하기",
            "morpheme": "나지금진짜너무빵터졌다키키내친구가옆에서소피는없냐는데/UNKNOWN+키키너네학교는하울만있었냐는데키키/UNKNOWN"
          },
          {
            "id": 10,
            "text": "2 : 키키 진짜 빵터지네 키키 이제 내가 소피할게",
            "norm_text": "키키 진짜 빵터지네 키키 이제 내가 소피할게",
            "speaker": {
              "id": "2번",
              "sex": "여성",
              "age": "30대"
            },
            "speechAct": "(단언) 주장하기",
            "morpheme": "키/NNG+키/XSV+ETN+진짜/MAG+빵/NNG+터지/VV+네/EF+키/NNG+키/NNG+이제/MAG+내/NP+가/JKS+소피/NNG+할/XSV+ETM+게/NNB+JKS"
          },
          {
            "id": 11,
            "text": "1 : 키키 근데 내가 사진 봐도 우리 둘이 좀 닮은 듯",
            "norm_text": "키키 근데 내가 사진 봐도 우리 둘이 좀 닮은 듯",
            "speaker": {
              "id": "1번",
              "sex": "여성",
              "age": "30대"
            },
            "speechAct": "(단언) 주장하기",
            "morpheme": "키/NNG+키/XSV+ETN+근데/MAJ+내/NP+가/JKS+사진/NNG+봐도/VV+EC+우리/NP+둘/NR+이/JKS+좀/MAG+닮/VV+은/ETM+듯/NNB"
          },
          {
            "id": 12,
            "text": "2 : 그래? 나 닮아서 기분 좋겠네 키키",
            "norm_text": "그래? 나 닮아서 기분 좋겠네 키키",
            "speaker": {
              "id": "2번",
              "sex": "여성",
              "age": "30대"
            },
            "speechAct": "(단언) 주장하기",
            "morpheme": "그래/IC+나/NP+닮/VV+아서/EC+기분/NNG+좋/VA+겠/EP+네/EF+키/NNG+키/XSV+ETN"
          },
          {
            "id": 13,
            "text": "1 : 아니 나 얼마 전에 하울 영화 얘기 했었거든 키키 아 너무 빵 터짐",
            "norm_text": "아니 나 얼마 전에 하울 영화 얘기 했었거든 키키 아 너무 빵 터짐",
            "speaker": {
              "id": "1번",
              "sex": "여성",
              "age": "30대"
            },
            "speechAct": "(단언) 주장하기",
            "morpheme": "아니/IC+나/NP+얼마/NNG+전/NNG+에/JKB+하/VV+울/EC+영화/NNG+얘기/NNG+했었/XSV+EP+거든/EF+키/MAG+키/VV+아/EC+너무/MAG+빵/NNG+터짐/NNG"
          },
          {
            "id": 14,
            "text": "1 : 키키 응... 그래 참 기분이 좋네",
            "norm_text": "키키 응... 그래 참 기분이 좋네",
            "speaker": {
              "id": "1번",
              "sex": "여성",
              "age": "30대"
            },
            "speechAct": "(단언) 주장하기",
            "morpheme": "키/NNG+키/XSV+ETN+응/IC+./SY+그래/IC+참/MAG+기분/NNG+이/JKS+좋/VA+네/EC"
          },
          {
            "id": 15,
            "text": "2 : 키키 못생긴 애 안 닮은 게 어디야 키키 우리 서로 나쁘진 않잖아",
            "norm_text": "키키 못생긴 애 안 닮은 게 어디야 키키 우리 서로 나쁘진 않잖아",
            "speaker": {
              "id": "2번",
              "sex": "여성",
              "age": "30대"
            },
            "speechAct": "(단언) 주장하기",
            "morpheme": "키/NNG+키/XSV+ETN+못생긴/VA+ETM+애/NNG+안/MAG+닮/VV+은/ETM+게/NNB+JKS+어디/NP+야/VCP+EF+키/NNG+키/XSV+ETN+우리/NP+서로/MAG+나쁘/VA+진/EC+JX+않/VX+잖아/EC"
          },
          {
            "id": 16,
            "text": "1 : 그래... 키키 우리 이제 나이도 있으니 안 닮은 걸로 하자 그냥",
            "norm_text": "그래... 키키 우리 이제 나이도 있으니 안 닮은 걸로 하자 그냥",
            "speaker": {
              "id": "1번",
              "sex": "여성",
              "age": "30대"
            },
            "speechAct": "(단언) 주장하기",
            "morpheme": "그래/IC+./SY+키키우리이제나이도있으니안닮은걸로하자그냥/UNKNOWN"
          },
          {
            "id": 17,
            "text": "2 : 왜 갑자기 기분 나빠하고 그래 키키",
            "norm_text": "왜 갑자기 기분 나빠하고 그래 키키",
            "speaker": {
              "id": "2번",
              "sex": "여성",
              "age": "30대"
            },
            "speechAct": "(지시) 질문하기",
            "morpheme": "왜/MAG+갑자기/MAG+기분/NNG+나빠/VA+EC+하/VV+고/EC+그래/VV+EC+키/NNG+키/XSV+ETN"
          }
        ]
      }
    }
  ]
}