{
  "dataset": {
    "identifier": 63769,
    "name": "KAKAO_902_12_set",
    "src_path": "/data/file/cubeManager/PROJECT001/53/txt20211005153950068242/KAKAO_902_12_set/",
    "label_path": "/data/file/cubeManager/PROJECT001/53/txt20211005153950068242/KAKAO_902_12_set/",
    "category": 2,
    "type": 0
  },
  "licenses": {
    "name": "Apache License 1.0",
    "url": "http://www.apache.org/licenses/LICENSE-1.0"
  },
  "info": [
    {
      "id": 41549,
      "filename": "KAKAO_902_12.txt",
      "title": "KAKAO_902_12",
      "mediatype": "SNS",
      "medianame": "카카오톡",
      "category": "일상대화",
      "date": "2021-10-05",
      "size": 834,
      "annotations": {
        "subject": "여행",
        "speaker_type": "다자간 대화",
        "size": 834,
        "word_size": 255,
        "text": "1 : 겁나 웃기네 키키 그냥 우리 게임 하지 말고 여행이나 가자 우정을 돈독히 하기 위한\n2 : 요즘 백신 안 맞으면 해외 안 보내주잖아... 일본 가고 싶어\n3 : 야야 여친이랑 넷해서 놀러 가자 어때 *\n1 : 아 너무 좋은데 혹시 나한테는 의견 안 물어보는 거야?\n2 : 너는 내가 가면 무조건 같이 가는 거 아니었어?\n3 : 여자친구가 그 풀빌라나 아니면 스키장 마렵다는데\n1 : 풀빌라 완전 좋은디? 독채로 빌리자\n2 : 독채 빌릴바에 경치 좋은 호텔 가서 바다 구경하면서 놀지\n3 : 호캉스? 이번에 다녀옴 진짜 좋아\n1 : 독채에서 놀면 밤새 시끄럽고 자유롭게 놀고 담배도 마음껏 펴도 돼\n2 : 담배가 먼저였구나 너는... 역시 흡연충\n3 : 그냥 모텔이나 가라 거긴 무한 흡연할 수 있고 좋네\n1 : 야아 우리 네명이서 모텔가긴 좀 사회적으로 보이는 시선이 ... 히히 아우 몰라 난!\n2 : 키키 극한의 가성비충 여행 벌써 걱정되네...\n3 : 키키 누구? 나 아니면 **?\n1 : 나 말하는듯 키키 극한의 가성비충에게 좋은 숙소를 잡는다? 그것은 삼시세끼 컵라면 850원짜리로 식사한다는 뜻\n2 : 의식주 하루만이라도 제대로 해결하는 여행 하자 좀...\n3 : **는 가성비 별로냐 내 여친도 가성비 따지는데\n1 : 의식주 하나만이라도 제대로 해결은 가능해\n2 : 사실 내가 ** 가성비 심어준 거긴 함 키키\n2 : 컵라면 침 고이네\n3 : 아 여행에 컵라면은 못 참지\n1 : 키키 내 경제 관념은 *이 다 만들어 준겨. 그러므로 우리 풀빌라든 뭐든 잡으면 컵라면 들고가야함\n2 : 그냥 캠핑 장비 챙겨서 야외 취침 하자 키키 굿굿\n3 : 나 예전에 간 풀빌라 독채 100만원이었음 그럼 4명이면 인당 25 어때",
        "lines": [
          {
            "id": 1,
            "text": "1 : 겁나 웃기네 키키 그냥 우리 게임 하지 말고 여행이나 가자 우정을 돈독히 하기 위한",
            "norm_text": "겁나 웃기네 키키 그냥 우리 게임 하지 말고 여행이나 가자 우정을 돈독히 하기 위한",
            "speaker": {
              "id": "1번",
              "sex": "여성",
              "age": "20대"
            },
            "speechAct": "(지시) 충고/제안하기",
            "morpheme": "겁나/MAG+웃기/VV+네/EF+키/NNG+키/NNG+그냥/MAG+우리/NP+게/JKB+임하/VV+지/EC+말/VX+고/EC+여행/NNG+이/JKS+나가/VV+자/EC+우정/NNG+을/JKO+돈독히/MAG+하/VV+기/ETN+위한/VV+ETM"
          },
          {
            "id": 2,
            "text": "2 : 요즘 백신 안 맞으면 해외 안 보내주잖아... 일본 가고 싶어",
            "norm_text": "요즘 백신 안 맞으면 해외 안 보내주잖아... 일본 가고 싶어",
            "speaker": {
              "id": "2번",
              "sex": "남성",
              "age": "20대"
            },
            "speechAct": "(단언) 반박하기",
            "morpheme": "요즘/NNG+백신/NNG+안/MAG+맞/VV+으면/EC+해외/NNG+안/MAG+보내/VV+EC+주/VX+잖아/EF+./SY+./SY+일본/NNP+가/VV+고/EC+싶/VX+어/EC"
          },
          {
            "id": 3,
            "text": "3 : 야야 여친이랑 넷해서 놀러 가자 어때 *",
            "norm_text": "야야 여친이랑 넷해서 놀러 가자 어때 *",
            "speaker": {
              "id": "3번",
              "sex": "남성",
              "age": "20대"
            },
            "speechAct": "(지시) 질문하기",
            "morpheme": "야야/IC+여친/NNG+이랑/JC+넷/NR+해서/VV+EC+놀/VV+러/EC+가/VX+자/EC+어때/VA+EC+*/SY"
          },
          {
            "id": 4,
            "text": "1 : 아 너무 좋은데 혹시 나한테는 의견 안 물어보는 거야?",
            "norm_text": "아 너무 좋은데 혹시 나한테는 의견 안 물어보는 거야?",
            "speaker": {
              "id": "1번",
              "sex": "여성",
              "age": "20대"
            },
            "speechAct": "(지시) 질문하기",
            "morpheme": "아/IC+너무/MAG+좋/VA+은데/EC+혹시/MAG+나/NP+한테/JKB+는/JX+의견/NNG+안/MAG+물/VV+어/EC+보/VX+는/ETM+거/NNB+야/VCP+EF"
          },
          {
            "id": 5,
            "text": "2 : 너는 내가 가면 무조건 같이 가는 거 아니었어?",
            "norm_text": "너는 내가 가면 무조건 같이 가는 거 아니었어?",
            "speaker": {
              "id": "2번",
              "sex": "남성",
              "age": "20대"
            },
            "speechAct": "(단언) 주장하기",
            "morpheme": "너/NP+는/JX+내/NP+가/JKS+가/VV+면/EC+무조건/MAG+같이/MAG+가/VV+는/ETM+거/NNB+아니/VCN+었/EP+어/EF"
          },
          {
            "id": 6,
            "text": "3 : 여자친구가 그 풀빌라나 아니면 스키장 마렵다는데",
            "norm_text": "여자친구가 그 풀빌라나 아니면 스키장 마렵다는데",
            "speaker": {
              "id": "3번",
              "sex": "남성",
              "age": "20대"
            },
            "speechAct": "(단언) 진술하기",
            "morpheme": "여자/NNG+친구/NNG+가/JKS+그/MM+풀/NNG+빌라/NNG+나/JC+아니/VCN+면/EC+스키장/NNG+마렵/VV+다는데/EC"
          },
          {
            "id": 7,
            "text": "1 : 풀빌라 완전 좋은디? 독채로 빌리자",
            "norm_text": "풀빌라 완전 좋은디? 독채로 빌리자",
            "speaker": {
              "id": "1번",
              "sex": "여성",
              "age": "20대"
            },
            "speechAct": "(지시) 충고/제안하기",
            "morpheme": "풀/NNG+빌라/NNG+완전/NNG+좋/VA+은디/EF+독채/NNG+로/JKB+빌리/VV+자/EC"
          },
          {
            "id": 8,
            "text": "2 : 독채 빌릴바에 경치 좋은 호텔 가서 바다 구경하면서 놀지",
            "norm_text": "독채 빌릴바에 경치 좋은 호텔 가서 바다 구경하면서 놀지",
            "speaker": {
              "id": "2번",
              "sex": "남성",
              "age": "20대"
            },
            "speechAct": "(단언) 반박하기",
            "morpheme": "독채/NNG+빌릴/VV+ETM+바/NNB+에/JKB+경치/NNG+좋/VA+은/ETM+호텔/NNG+가/VV+서/EC+바다/NNG+구경/NNG+하/XSV+면서/EC+놀/VV+지/EC"
          },
          {
            "id": 9,
            "text": "3 : 호캉스? 이번에 다녀옴 진짜 좋아",
            "norm_text": "호캉스? 이번에 다녀옴 진짜 좋아",
            "speaker": {
              "id": "3번",
              "sex": "남성",
              "age": "20대"
            },
            "speechAct": "(단언) 주장하기",
            "morpheme": "호/NNG+캉/JKB+스/IC+이번/NNG+에/JKB+다녀옴/VV+ETN+진짜/MAG+좋/VA+아/EC"
          },
          {
            "id": 10,
            "text": "1 : 독채에서 놀면 밤새 시끄럽고 자유롭게 놀고 담배도 마음껏 펴도 돼",
            "norm_text": "독채에서 놀면 밤새 시끄럽고 자유롭게 놀고 담배도 마음껏 펴도 돼",
            "speaker": {
              "id": "1번",
              "sex": "여성",
              "age": "20대"
            },
            "speechAct": "(단언) 진술하기",
            "morpheme": "독채/NNG+에서/JKB+놀/VV+면/EC+밤새/NNG+시끄럽/VA+고/EC+자유/NNG+롭/XSA+게/EC+놀/VV+고/EC+담배/NNG+도/JX+마음껏/MAG+펴도/VV+EC+돼/VV+EC"
          },
          {
            "id": 11,
            "text": "2 : 담배가 먼저였구나 너는... 역시 흡연충",
            "norm_text": "담배가 먼저였구나 너는... 역시 흡연충",
            "speaker": {
              "id": "2번",
              "sex": "남성",
              "age": "20대"
            },
            "speechAct": "(단언) 주장하기",
            "morpheme": "담배/NNG+가/JKS+먼저/MAG+였/VCP+EP+구나/EF+너/NP+는/JX+./SY+역시/MAJ+흡/IC+연충/NNG"
          },
          {
            "id": 12,
            "text": "3 : 그냥 모텔이나 가라 거긴 무한 흡연할 수 있고 좋네",
            "norm_text": "그냥 모텔이나 가라 거긴 무한 흡연할 수 있고 좋네",
            "speaker": {
              "id": "3번",
              "sex": "남성",
              "age": "20대"
            },
            "speechAct": "(지시) 충고/제안하기",
            "morpheme": "그냥/MAG+모텔/NNG+이/JKS+나가/VV+라/EC+거긴/NP+JX+무한/NNG+흡연/NNG+할/XSV+ETM+수/NNB+있/VV+고/EC+좋/VA+네/EC"
          },
          {
            "id": 13,
            "text": "1 : 야아 우리 네명이서 모텔가긴 좀 사회적으로 보이는 시선이 ... 히히 아우 몰라 난!",
            "norm_text": "야아 우리 네명이서 모텔가긴 좀 사회적으로 보이는 시선이 ... 히히 아우 몰라 난!",
            "speaker": {
              "id": "1번",
              "sex": "여성",
              "age": "20대"
            },
            "speechAct": "(단언) 주장하기",
            "morpheme": "야아/IC+우리/NP+네/XSN+명/NNBC+이/XSN+서/JKS+모텔/NNG+가/VV+긴/ETN+JX+좀/MAG+사회/NNG+적/XSN+으로/JKB+보이/VV+는/ETM+시선/NNG+이/JKS+./SY+./SY+히히/IC+아우/IC+몰라/VV+EF+난/NP+JX"
          },
          {
            "id": 14,
            "text": "2 : 키키 극한의 가성비충 여행 벌써 걱정되네...",
            "norm_text": "키키 극한의 가성비충 여행 벌써 걱정되네...",
            "speaker": {
              "id": "2번",
              "sex": "남성",
              "age": "20대"
            },
            "speechAct": "(단언) 주장하기",
            "morpheme": "키/NNG+키/NNG+극한/NNG+의/JKG+가성/NNG+비충/NNG+여행/NNG+벌써/MAG+걱정/NNG+되/XSV+네/EF+./SY"
          },
          {
            "id": 15,
            "text": "3 : 키키 누구? 나 아니면 **?",
            "norm_text": "키키 누구? 나 아니면 **?",
            "speaker": {
              "id": "3번",
              "sex": "남성",
              "age": "20대"
            },
            "speechAct": "(지시) 질문하기",
            "morpheme": "키/NNG+키/XSV+ETN+누구/NP+나/NP+아니/VCN+면/EC+*/SY+*/SY"
          },
          {
            "id": 16,
            "text": "1 : 나 말하는듯 키키 극한의 가성비충에게 좋은 숙소를 잡는다? 그것은 삼시세끼 컵라면 850원짜리로 식사한다는 뜻",
            "norm_text": "나 말하는듯 키키 극한의 가성비충에게 좋은 숙소를 잡는다? 그것은 삼시세끼 컵라면 850원짜리로 식사한다는 뜻",
            "speaker": {
              "id": "1번",
              "sex": "여성",
              "age": "20대"
            },
            "speechAct": "(단언) 주장하기",
            "morpheme": "나말/NNG+하/XSV+는/ETM+듯/NNB+키/NNG+키/NNG+극한/NNG+의/JKG+가성/NNG+비충/NNG+에게/JKB+좋/VA+은/ETM+숙소/NNG+를/JKO+잡/VV+는다/EF+그것/NP+은/JX+삼/NR+시/NNBC+세끼/NNG+컵라면/NNG+850/SN+원/NNBC+짜리/XSN+로/JKB+식사/NNG+한다는/XSV+ETM+뜻/NNG"
          },
          {
            "id": 17,
            "text": "2 : 의식주 하루만이라도 제대로 해결하는 여행 하자 좀...",
            "norm_text": "의식주 하루만이라도 제대로 해결하는 여행 하자 좀...",
            "speaker": {
              "id": "2번",
              "sex": "남성",
              "age": "20대"
            },
            "speechAct": "(지시) 부탁하기",
            "morpheme": "의식주/NNG+하루/NNG+만/JX+이라도/JX+제대로/MAG+해결/NNG+하/XSV+는/ETM+여행/NNG+하/XSV+자/EC+좀/MAG+./SY"
          },
          {
            "id": 18,
            "text": "3 : **는 가성비 별로냐 내 여친도 가성비 따지는데",
            "norm_text": "**는 가성비 별로냐 내 여친도 가성비 따지는데",
            "speaker": {
              "id": "3번",
              "sex": "남성",
              "age": "20대"
            },
            "speechAct": "(단언) 주장하기",
            "morpheme": "*/SY+*/SY+는가/EC+성비/NNG+별/XSN+로/JKB+냐/VCP+EF+내/NP+JKG+여친/NNG+도/JX+가/VV+EC+성비/NNG+따지/VV+는데/EC"
          },
          {
            "id": 19,
            "text": "1 : 의식주 하나만이라도 제대로 해결은 가능해",
            "norm_text": "의식주 하나만이라도 제대로 해결은 가능해",
            "speaker": {
              "id": "1번",
              "sex": "여성",
              "age": "20대"
            },
            "speechAct": "(단언) 주장하기",
            "morpheme": "의식주/NNG+하나/NR+만/JX+이라도/JX+제대로/MAG+해결/NNG+은/JX+가능/NNG+해/XSV+EC"
          },
          {
            "id": 20,
            "text": "2 : 사실 내가 ** 가성비 심어준 거긴 함 키키",
            "norm_text": "사실 내가 ** 가성비 심어준 거긴 함 키키",
            "speaker": {
              "id": "2번",
              "sex": "남성",
              "age": "20대"
            },
            "speechAct": "(단언) 주장하기",
            "morpheme": "사실/MAG+내/NP+가/JKS+*/SY+*/SY+가/JKS+성비/NNG+심/VV+어/EC+준거/VX+ETM+NNB+VCP+긴/ETN+JX+함/VX+ETN+키/NNG+키/XSV+ETN"
          },
          {
            "id": 21,
            "text": "2 : 컵라면 침 고이네",
            "norm_text": "컵라면 침 고이네",
            "speaker": {
              "id": "2번",
              "sex": "남성",
              "age": "20대"
            },
            "speechAct": "(단언) 주장하기",
            "morpheme": "컵라면/NNG+침고/NNG+이/VCP+네/EC"
          },
          {
            "id": 22,
            "text": "3 : 아 여행에 컵라면은 못 참지",
            "norm_text": "아 여행에 컵라면은 못 참지",
            "speaker": {
              "id": "3번",
              "sex": "남성",
              "age": "20대"
            },
            "speechAct": "(단언) 주장하기",
            "morpheme": "아/IC+여행/NNG+에/JKB+컵라면/NNG+은/JX+못/MAG+참/VV+지/EC"
          },
          {
            "id": 23,
            "text": "1 : 키키 내 경제 관념은 *이 다 만들어 준겨. 그러므로 우리 풀빌라든 뭐든 잡으면 컵라면 들고가야함",
            "norm_text": "키키 내 경제 관념은 *이 다 만들어 준겨. 그러므로 우리 풀빌라든 뭐든 잡으면 컵라면 들고가야함",
            "speaker": {
              "id": "1번",
              "sex": "여성",
              "age": "20대"
            },
            "speechAct": "(단언) 주장하기",
            "morpheme": "키/NNG+키/XSV+ETN+내/NP+JKG+경제/NNG+관념/NNG+은/JX+*/SY+이/VCP+다/EC+만들/VV+어/EC+준/VX+ETM+겨/NNB+VCP+EF+그러므로/MAJ+우리/NP+풀/VV+ETM+빌/NNP+라든/JC+뭐/NP+든/VCP+EC+잡/VV+으면/EC+컵라면/NNG+들/VV+고/EC+가/VX+야/EC+함/VX+ETN"
          },
          {
            "id": 24,
            "text": "2 : 그냥 캠핑 장비 챙겨서 야외 취침 하자 키키 굿굿",
            "norm_text": "그냥 캠핑 장비 챙겨서 야외 취침 하자 키키 굿굿",
            "speaker": {
              "id": "2번",
              "sex": "남성",
              "age": "20대"
            },
            "speechAct": "(지시) 충고/제안하기",
            "morpheme": "그냥/MAG+캠핑/NNG+장비/NNG+챙겨서/VV+EC+야외/NNG+취침/NNG+하/XSV+자/EC+키/NNG+키/NNG+굿/NNG+굿/NNG"
          },
          {
            "id": 25,
            "text": "3 : 나 예전에 간 풀빌라 독채 100만원이었음 그럼 4명이면 인당 25 어때",
            "norm_text": "나 예전에 간 풀빌라 독채 100만원이었음 그럼 4명이면 인당 25 어때",
            "speaker": {
              "id": "3번",
              "sex": "남성",
              "age": "20대"
            },
            "speechAct": "(지시) 질문하기",
            "morpheme": "나/NP+예전/NNG+에/JKB+간/VV+ETM+풀/NNG+빌라/NNG+독채/NNG+100/SN+만/NR+원/NNBC+이/VCP+었/EP+음/ETN+그럼/MAJ+4/SN+명/NNBC+이/VCP+면/EC+인/NNG+당/XSN+25/SN+어때/VA+EC"
          }
        ]
      }
    }
  ]
}