{
  "dataset": {
    "identifier": 49829,
    "name": "KAKAO_973_19_set",
    "src_path": "/data/file/cubeManager/PROJECT001/53/txt20211006134451066334/KAKAO_973_19_set/",
    "label_path": "/data/file/cubeManager/PROJECT001/53/txt20211006134451066334/KAKAO_973_19_set/",
    "category": 2,
    "type": 0
  },
  "licenses": {
    "name": "Apache License 1.0",
    "url": "http://www.apache.org/licenses/LICENSE-1.0"
  },
  "info": [
    {
      "id": 43099,
      "filename": "KAKAO_973_19.txt",
      "title": "KAKAO_973_19",
      "mediatype": "SNS",
      "medianame": "카카오톡",
      "category": "일상대화",
      "date": "2021-10-06",
      "size": 382,
      "annotations": {
        "subject": "방송/연예",
        "speaker_type": "1:1",
        "size": 382,
        "word_size": 126,
        "text": "1 : 요즘도 강심장 하나?\n2 : 재방도 안 할걸? 못 본 거 같은데?\n1 : 안 한 지 진짜 오래됐제? 키키\n2 : 어 키키 옛날에 재미있게 봤는데 ㅠㅠ\n1 : 매회마다 이야기 보따리 잔뜩 들고 나오던데 키키\n2 : 키키 어 키키 보면은 시간순삭 한다 아님\n1 : 맞다 키키 화요일마다 했던 걸로 기억함\n2 : 키키 강호도 이승기 키키 나도 기억하고 있다\n1 : 키키 그때 강호동 인기 많았었는데\n2 : 강호동도 많이 늙었더라 ㅠㅠ\n1 : 강호동 나오는 예능 프로 또 있나?\n2 : 한끼줍쇼 키키 아는형님 이렇게 하지 않나?\n1 : 아 키키 한끼줍쇼 아직도 하나?\n2 : 지금은 안 할걸? 키키\n2 : 아는형님만 하겠다\n1 : 한끼줍쇼도 재밌게 봤었는데 ㅠㅠ\n2 : 나도 ㅜㅜ 좀 새로운 예능이였다 아님 키키",
        "lines": [
          {
            "id": 1,
            "text": "1 : 요즘도 강심장 하나?",
            "norm_text": "요즘도 강심장 하나?",
            "speaker": {
              "id": "1번",
              "sex": "여성",
              "age": "20대"
            },
            "speechAct": "(지시) 질문하기",
            "morpheme": "요즘/NNG+도/JX+강심장/NNG+하나/NR"
          },
          {
            "id": 2,
            "text": "2 : 재방도 안 할걸? 못 본 거 같은데?",
            "norm_text": "재방도 안 할걸? 못 본 거 같은데?",
            "speaker": {
              "id": "2번",
              "sex": "남성",
              "age": "30대"
            },
            "speechAct": "(단언) 주장하기",
            "morpheme": "재방/NNG+도/JX+안/MAG+할걸/VV+EF+못/MAG+본/VV+ETM+거/NNB+같/VA+은데/EF"
          },
          {
            "id": 3,
            "text": "1 : 안 한 지 진짜 오래됐제? 키키",
            "norm_text": "안 한 지 진짜 오래됐제? 키키",
            "speaker": {
              "id": "1번",
              "sex": "여성",
              "age": "20대"
            },
            "speechAct": "(지시) 질문하기",
            "morpheme": "안/MAG+한지/VV+EC+진짜/MAG+오래/MAG+됐/VV+EP+제/EF+키/NNG+키/XSV+ETN"
          },
          {
            "id": 4,
            "text": "2 : 어 키키 옛날에 재미있게 봤는데 ㅠㅠ",
            "norm_text": "어 키키 옛날에 재미있게 봤는데 ㅠㅠ",
            "speaker": {
              "id": "2번",
              "sex": "남성",
              "age": "30대"
            },
            "speechAct": "(단언) 진술하기",
            "morpheme": "어/IC+키/NNG+키/NNG+옛날/NNG+에/JKB+재미있/VA+게/EC+봤/VX+EP+는데/EC+ㅠㅠ/UNKNOWN"
          },
          {
            "id": 5,
            "text": "1 : 매회마다 이야기 보따리 잔뜩 들고 나오던데 키키",
            "norm_text": "매회마다 이야기 보따리 잔뜩 들고 나오던데 키키",
            "speaker": {
              "id": "1번",
              "sex": "여성",
              "age": "20대"
            },
            "speechAct": "(단언) 진술하기",
            "morpheme": "매회/NNG+마다/JX+이야기/NNG+보따리/NNG+잔뜩/MAG+들/VV+고/EC+나오/VV+던데/EC+키/NNG+키/XSV+ETN"
          },
          {
            "id": 6,
            "text": "2 : 키키 어 키키 보면은 시간순삭 한다 아님",
            "norm_text": "키키 어 키키 보면은 시간순삭 한다 아님",
            "speaker": {
              "id": "2번",
              "sex": "남성",
              "age": "30대"
            },
            "speechAct": "(단언) 주장하기",
            "morpheme": "키/NNG+키어/NNG+키/NNG+키/XSV+ETN+보/VV+면은/EC+시간/NNG+순삭/NNG+한다/XSV+EC+아님/VCN+ETN"
          },
          {
            "id": 7,
            "text": "1 : 맞다 키키 화요일마다 했던 걸로 기억함",
            "norm_text": "맞다 키키 화요일마다 했던 걸로 기억함",
            "speaker": {
              "id": "1번",
              "sex": "여성",
              "age": "20대"
            },
            "speechAct": "(단언) 진술하기",
            "morpheme": "맞/XPN+다키키/NNP+화요일/NNG+마다/JX+했/VV+EP+던/ETM+걸로/NNB+JKB+기억/NNG+함/XSV+ETN"
          },
          {
            "id": 8,
            "text": "2 : 키키 강호도 이승기 키키 나도 기억하고 있다",
            "norm_text": "키키 강호도 이승기 키키 나도 기억하고 있다",
            "speaker": {
              "id": "2번",
              "sex": "남성",
              "age": "30대"
            },
            "speechAct": "(단언) 진술하기",
            "morpheme": "키/NNG+키/NNG+강호/NNG+도/JX+이승기/NNP+키/NNG+키나/XSA+ETN+JX+도/JX+기억/NNG+하/XSV+고/EC+있/VX+다/EC"
          },
          {
            "id": 9,
            "text": "1 : 키키 그때 강호동 인기 많았었는데",
            "norm_text": "키키 그때 강호동 인기 많았었는데",
            "speaker": {
              "id": "1번",
              "sex": "여성",
              "age": "20대"
            },
            "speechAct": "(단언) 진술하기",
            "morpheme": "키/NNG+키/NNG+그때/NNG+강호동/NNP+인기/NNG+많/VA+았었/EP+는데/EC"
          },
          {
            "id": 10,
            "text": "2 : 강호동도 많이 늙었더라 ㅠㅠ",
            "norm_text": "강호동도 많이 늙었더라 ㅠㅠ",
            "speaker": {
              "id": "2번",
              "sex": "남성",
              "age": "30대"
            },
            "speechAct": "(단언) 진술하기",
            "morpheme": "강호동/NNP+도/JX+많이/MAG+늙/VV+었/EP+더라/EF+ㅠㅠ/UNKNOWN"
          },
          {
            "id": 11,
            "text": "1 : 강호동 나오는 예능 프로 또 있나?",
            "norm_text": "강호동 나오는 예능 프로 또 있나?",
            "speaker": {
              "id": "1번",
              "sex": "여성",
              "age": "20대"
            },
            "speechAct": "(지시) 질문하기",
            "morpheme": "강호동/NNP+나오/VV+는/ETM+예능/NNG+프로/NNG+또/MAG+있/VV+나/EF"
          },
          {
            "id": 12,
            "text": "2 : 한끼줍쇼 키키 아는형님 이렇게 하지 않나?",
            "norm_text": "한끼줍쇼 키키 아는형님 이렇게 하지 않나?",
            "speaker": {
              "id": "2번",
              "sex": "남성",
              "age": "30대"
            },
            "speechAct": "(단언) 주장하기",
            "morpheme": "한/MM+끼/NNBC+줍쇼/VV+EC+키/NNG+키/XSV+ETN+아/VV+는/ETM+형/NNG+님/XSN+이렇게/MAG+하/VV+지/EC+않/VX+나/EF"
          },
          {
            "id": 13,
            "text": "1 : 아 키키 한끼줍쇼 아직도 하나?",
            "norm_text": "아 키키 한끼줍쇼 아직도 하나?",
            "speaker": {
              "id": "1번",
              "sex": "여성",
              "age": "20대"
            },
            "speechAct": "(지시) 질문하기",
            "morpheme": "아키/NNP+키/NNG+한/XSA+ETM+끼/NNG+줍쇼/VV+EC+아직/MAG+도/JX+하/VV+나/EF"
          },
          {
            "id": 14,
            "text": "2 : 지금은 안 할걸? 키키",
            "norm_text": "지금은 안 할걸? 키키",
            "speaker": {
              "id": "2번",
              "sex": "남성",
              "age": "30대"
            },
            "speechAct": "(단언) 주장하기",
            "morpheme": "지금/MAG+은/JX+안/MAG+할걸/VV+EF+키/NNG+키/XSV+ETN"
          },
          {
            "id": 15,
            "text": "2 : 아는형님만 하겠다",
            "norm_text": "아는형님만 하겠다",
            "speaker": {
              "id": "2번",
              "sex": "남성",
              "age": "30대"
            },
            "speechAct": "(단언) 주장하기",
            "morpheme": "아/VV+는/ETM+형/NNG+님/XSN+만/JX+하/VV+겠/EP+다/EC"
          },
          {
            "id": 16,
            "text": "1 : 한끼줍쇼도 재밌게 봤었는데 ㅠㅠ",
            "norm_text": "한끼줍쇼도 재밌게 봤었는데 ㅠㅠ",
            "speaker": {
              "id": "1번",
              "sex": "여성",
              "age": "20대"
            },
            "speechAct": "(단언) 진술하기",
            "morpheme": "한/MM+끼/NNBC+줍쇼/VV+EC+도/JX+재밌/VA+게/EC+봤었/VX+EP+는데/EC+ㅠㅠ/UNKNOWN"
          },
          {
            "id": 17,
            "text": "2 : 나도 ㅜㅜ 좀 새로운 예능이였다 아님 키키",
            "norm_text": "나도 ㅜㅜ 좀 새로운 예능이였다 아님 키키",
            "speaker": {
              "id": "2번",
              "sex": "남성",
              "age": "30대"
            },
            "speechAct": "(단언) 진술하기",
            "morpheme": "나/NP+도/JX+ㅜㅜ/UNKNOWN+좀/MAG+새로운/VA+ETM+예능/NNG+이/VCP+였/EP+다/EF+아님/MAJ+키/NNG+키/XSV+ETN"
          }
        ]
      }
    }
  ]
}