{
  "dataset": {
    "identifier": 60678,
    "name": "KAKAO_935_08_set",
    "src_path": "/data/file/cubeManager/PROJECT001/53/txt20211006121811012493/KAKAO_935_08_set/",
    "label_path": "/data/file/cubeManager/PROJECT001/53/txt20211006121811012493/KAKAO_935_08_set/",
    "category": 2,
    "type": 0
  },
  "licenses": {
    "name": "Apache License 1.0",
    "url": "http://www.apache.org/licenses/LICENSE-1.0"
  },
  "info": [
    {
      "id": 42788,
      "filename": "KAKAO_935_08.txt",
      "title": "KAKAO_935_08",
      "mediatype": "SNS",
      "medianame": "카카오톡",
      "category": "일상대화",
      "date": "2021-10-06",
      "size": 776,
      "annotations": {
        "subject": "연애/결혼",
        "speaker_type": "다자간 대화",
        "size": 776,
        "word_size": 238,
        "text": "1 : 다들 결혼식 어떻게 하려고 생각해둔 거 있어요?\n2 : 음 글쎄요? 서양식으로 하거나 전통 혼례 하거나 그런 거요?\n3 : 오오오 전통 혼례 재밌을 것 같아요\n1 : 네네 저 원래 전통 혼례 알아봤었거든요\n2 : 전통 혼례 한 친구 있어서 가봤는데 색다르긴 했어요\n3 : 전통 혼례면 티비에 나오는 것처럼 막 그렇게 하는 거예요?\n1 : 막 닭 날리고 그런 거요? 키키\n2 : 키키 그런 것까지 하시려고요? 막 가마 타고?\n3 : 앗 그런 건 티비에서만 하는 건가요?\n1 : 민속촌에서는 하긴 하더라고요\n1 : 일반 전통 혼례에서는 좀 생략하는 거 같고\n2 : 오오 민속촌에서 하면 진짜 재밌겠네요\n3 : 저 지금 알아봤는데 민속촌에서는 진짜 신부가 가마 타는데요?\n1 : 맞아요 신랑은 말 타고 들어와요 키키\n2 : 오호 진짜 재밌겠네요!\n2 : 근데 전통 혼례가 일반 서양식 결혼식보다 싸요?\n3 : 오 이거 궁금하네요?\n3 : 뭔가 하는 게 더 많긴 한데\n1 : 민속촌은 싸요\n1 : 근데 대신에 뷔페 같은 게 없어서 아마 갈비탕인가 대접하는 걸로 알아요\n2 : 네? 결혼식의 꽃은 뷔페 아닌가요?\n3 : 네? 고작 갈비탕이요? 민속촌 먼데...\n1 : 그래서 저도 좀 고민스럽더라고요\n2 : 젊은 사람들이야 그런데 어르신들은 밥을 중요하게 생각하실 텐데\n3 : 아니에요 언니 젊은 사람들도 뷔페는 중요해요!\n1 : 맛도 없다는 말도 있고...\n1 : 그래서 다들 그냥 웨딩홀에서 하나 봐요\n2 : 아무래도 딱딱 코스가 짜여있어서 편한 건 웨딩홀이죠\n3 : 그런데 얘기 들어보면 민속촌에서 하는 결혼 진짜 재밌을 것 같아요!",
        "lines": [
          {
            "id": 1,
            "text": "1 : 다들 결혼식 어떻게 하려고 생각해둔 거 있어요?",
            "norm_text": "다들 결혼식 어떻게 하려고 생각해둔 거 있어요?",
            "speaker": {
              "id": "1번",
              "sex": "여성",
              "age": "30대"
            },
            "speechAct": "(지시) 질문하기",
            "morpheme": "다/MAG+들/XSN+결혼식/NNG+어떻게/MAG+하/VV+려고/EC+생각/NNG+해/XSV+EC+둔/VX+ETM+거/NNB+있/VA+어요/EF"
          },
          {
            "id": 2,
            "text": "2 : 음 글쎄요? 서양식으로 하거나 전통 혼례 하거나 그런 거요?",
            "norm_text": "음 글쎄요? 서양식으로 하거나 전통 혼례 하거나 그런 거요?",
            "speaker": {
              "id": "2번",
              "sex": "여성",
              "age": "40대"
            },
            "speechAct": "(지시) 질문하기",
            "morpheme": "음/IC+글쎄요/IC+서양식/NNG+으로/JKB+하/VV+거나/EC+전통/NNG+혼례/NNG+하/XSV+거나/EC+그런/MM+거/NNB+요/VCP+EF"
          },
          {
            "id": 3,
            "text": "3 : 오오오 전통 혼례 재밌을 것 같아요",
            "norm_text": "오오오 전통 혼례 재밌을 것 같아요",
            "speaker": {
              "id": "3번",
              "sex": "여성",
              "age": "10대"
            },
            "speechAct": "(단언) 주장하기",
            "morpheme": "오/NR+오/NR+오/NR+전통/NNG+혼례/NNG+재밌/VA+을/ETM+것/NNB+같/VA+아요/EC"
          },
          {
            "id": 4,
            "text": "1 : 네네 저 원래 전통 혼례 알아봤었거든요",
            "norm_text": "네네 저 원래 전통 혼례 알아봤었거든요",
            "speaker": {
              "id": "1번",
              "sex": "여성",
              "age": "30대"
            },
            "speechAct": "(단언) 진술하기",
            "morpheme": "네네/IC+저/IC+원래/MAG+전통/NNG+혼례/NNG+알아봤었/VV+EP+거든요/EF"
          },
          {
            "id": 5,
            "text": "2 : 전통 혼례 한 친구 있어서 가봤는데 색다르긴 했어요",
            "norm_text": "전통 혼례 한 친구 있어서 가봤는데 색다르긴 했어요",
            "speaker": {
              "id": "2번",
              "sex": "여성",
              "age": "40대"
            },
            "speechAct": "(단언) 진술하기",
            "morpheme": "전통/NNG+혼례/NNG+한/XSA+ETM+친구/NNG+있/VV+어서/EC+가/JKS+봤/VV+EP+는데/EC+색다르/VA+긴/ETN+JX+했/VX+EP+어요/EF"
          },
          {
            "id": 6,
            "text": "3 : 전통 혼례면 티비에 나오는 것처럼 막 그렇게 하는 거예요?",
            "norm_text": "전통 혼례면 티비에 나오는 것처럼 막 그렇게 하는 거예요?",
            "speaker": {
              "id": "3번",
              "sex": "여성",
              "age": "10대"
            },
            "speechAct": "(지시) 질문하기",
            "morpheme": "전통/NNG+혼례/NNG+면/VCP+EC+티비/NNG+에/JKB+나오/VV+는/ETM+것/NNB+처럼/JKB+막/MAJ+그렇게/MAG+하/VV+는/ETM+거/NNB+예요/VCP+EF"
          },
          {
            "id": 7,
            "text": "1 : 막 닭 날리고 그런 거요? 키키",
            "norm_text": "막 닭 날리고 그런 거요? 키키",
            "speaker": {
              "id": "1번",
              "sex": "여성",
              "age": "30대"
            },
            "speechAct": "(지시) 질문하기",
            "morpheme": "막/MAJ+닭/NNG+날리/VV+고/EC+그런/MM+거/NNB+요/VCP+EF+키/NNG+키/XSV+ETN"
          },
          {
            "id": 8,
            "text": "2 : 키키 그런 것까지 하시려고요? 막 가마 타고?",
            "norm_text": "키키 그런 것까지 하시려고요? 막 가마 타고?",
            "speaker": {
              "id": "2번",
              "sex": "여성",
              "age": "40대"
            },
            "speechAct": "(지시) 질문하기",
            "morpheme": "키키/NNP+그런/MM+것/NNB+까지/JX+하/VV+시/EP+려고요/EF+막가마/NNG+타/VV+고/EC"
          },
          {
            "id": 9,
            "text": "3 : 앗 그런 건 티비에서만 하는 건가요?",
            "norm_text": "앗 그런 건 티비에서만 하는 건가요?",
            "speaker": {
              "id": "3번",
              "sex": "여성",
              "age": "10대"
            },
            "speechAct": "(지시) 질문하기",
            "morpheme": "앗/IC+그런/MM+건/NNB+JX+티비/NNG+에서/JKB+만/JX+하/VV+는/ETM+건가요/NNB+VCP+EF"
          },
          {
            "id": 10,
            "text": "1 : 민속촌에서는 하긴 하더라고요",
            "norm_text": "민속촌에서는 하긴 하더라고요",
            "speaker": {
              "id": "1번",
              "sex": "여성",
              "age": "30대"
            },
            "speechAct": "(단언) 진술하기",
            "morpheme": "민속촌/NNG+에서/JKB+는/JX+하/VV+긴/ETN+JX+하/VX+더라고요/EC"
          },
          {
            "id": 11,
            "text": "1 : 일반 전통 혼례에서는 좀 생략하는 거 같고",
            "norm_text": "일반 전통 혼례에서는 좀 생략하는 거 같고",
            "speaker": {
              "id": "1번",
              "sex": "여성",
              "age": "30대"
            },
            "speechAct": "(단언) 진술하기",
            "morpheme": "일반/NNG+전통/NNG+혼례/NNG+에서/JKB+는/JX+좀/MAG+생략/NNG+하/XSV+는/ETM+거/NNB+같/VA+고/EC"
          },
          {
            "id": 12,
            "text": "2 : 오오 민속촌에서 하면 진짜 재밌겠네요",
            "norm_text": "오오 민속촌에서 하면 진짜 재밌겠네요",
            "speaker": {
              "id": "2번",
              "sex": "여성",
              "age": "40대"
            },
            "speechAct": "(단언) 주장하기",
            "morpheme": "오/NR+오/NR+민속촌/NNG+에서/JKB+하/VV+면/EC+진짜/MAG+재밌/VA+겠/EP+네요/EC"
          },
          {
            "id": 13,
            "text": "3 : 저 지금 알아봤는데 민속촌에서는 진짜 신부가 가마 타는데요?",
            "norm_text": "저 지금 알아봤는데 민속촌에서는 진짜 신부가 가마 타는데요?",
            "speaker": {
              "id": "3번",
              "sex": "여성",
              "age": "10대"
            },
            "speechAct": "(단언) 진술하기",
            "morpheme": "저/IC+지금/MAG+알/VV+아/EC+봤/VX+EP+는데/EC+민속촌/NNG+에서/JKB+는/JX+진짜/MAG+신부/NNG+가/JKS+가마/NNG+타/VV+는데요/EF"
          },
          {
            "id": 14,
            "text": "1 : 맞아요 신랑은 말 타고 들어와요 키키",
            "norm_text": "맞아요 신랑은 말 타고 들어와요 키키",
            "speaker": {
              "id": "1번",
              "sex": "여성",
              "age": "30대"
            },
            "speechAct": "(단언) 진술하기",
            "morpheme": "맞/VV+아요/EF+신랑/NNG+은/JX+말/NNG+타/VV+고/EC+들어와/VV+EC+요키/NNP+키/NNG"
          },
          {
            "id": 15,
            "text": "2 : 오호 진짜 재밌겠네요!",
            "norm_text": "오호 진짜 재밌겠네요!",
            "speaker": {
              "id": "2번",
              "sex": "여성",
              "age": "40대"
            },
            "speechAct": "(단언) 주장하기",
            "morpheme": "오호/IC+진짜/MAG+재밌/VA+겠/EP+네요/EF"
          },
          {
            "id": 16,
            "text": "2 : 근데 전통 혼례가 일반 서양식 결혼식보다 싸요?",
            "norm_text": "근데 전통 혼례가 일반 서양식 결혼식보다 싸요?",
            "speaker": {
              "id": "2번",
              "sex": "여성",
              "age": "40대"
            },
            "speechAct": "(지시) 질문하기",
            "morpheme": "근데/MAJ+전통/NNG+혼례/NNG+가/JKS+일반/NNG+서양식/NNG+결혼식/NNG+보다/JKB+싸/VA+요/EF"
          },
          {
            "id": 17,
            "text": "3 : 오 이거 궁금하네요?",
            "norm_text": "오 이거 궁금하네요?",
            "speaker": {
              "id": "3번",
              "sex": "여성",
              "age": "10대"
            },
            "speechAct": "(단언) 주장하기",
            "morpheme": "오/IC+이거/NP+궁금/XR+하/XSA+네요/EF"
          },
          {
            "id": 18,
            "text": "3 : 뭔가 하는 게 더 많긴 한데",
            "norm_text": "뭔가 하는 게 더 많긴 한데",
            "speaker": {
              "id": "3번",
              "sex": "여성",
              "age": "10대"
            },
            "speechAct": "(단언) 진술하기",
            "morpheme": "뭔가/NP+VCP+EC+하/VV+는/ETM+게/NNB+JKS+더/MAG+많/VA+긴/ETN+JX+한데/VX+EC"
          },
          {
            "id": 19,
            "text": "1 : 민속촌은 싸요",
            "norm_text": "민속촌은 싸요",
            "speaker": {
              "id": "1번",
              "sex": "여성",
              "age": "30대"
            },
            "speechAct": "(단언) 진술하기",
            "morpheme": "민속촌/NNG+은/JX+싸/VA+요/EC"
          },
          {
            "id": 20,
            "text": "1 : 근데 대신에 뷔페 같은 게 없어서 아마 갈비탕인가 대접하는 걸로 알아요",
            "norm_text": "근데 대신에 뷔페 같은 게 없어서 아마 갈비탕인가 대접하는 걸로 알아요",
            "speaker": {
              "id": "1번",
              "sex": "여성",
              "age": "30대"
            },
            "speechAct": "(단언) 진술하기",
            "morpheme": "근데/MAJ+대신/NNG+에/JKB+뷔페/NNG+같/VA+은/ETM+게/NNB+JKS+없/VA+어서/EC+아마/MAG+갈비탕/NNG+인가/VCP+EC+대접/NNG+하/XSV+는/ETM+걸로/NNB+JKB+알/VV+아요/EC"
          },
          {
            "id": 21,
            "text": "2 : 네? 결혼식의 꽃은 뷔페 아닌가요?",
            "norm_text": "네? 결혼식의 꽃은 뷔페 아닌가요?",
            "speaker": {
              "id": "2번",
              "sex": "여성",
              "age": "40대"
            },
            "speechAct": "(지시) 질문하기",
            "morpheme": "네/IC+결혼식/NNG+의/JKG+꽃/NNG+은/JX+뷔페/NNG+아닌가요/VCN+EF"
          },
          {
            "id": 22,
            "text": "3 : 네? 고작 갈비탕이요? 민속촌 먼데...",
            "norm_text": "네? 고작 갈비탕이요? 민속촌 먼데...",
            "speaker": {
              "id": "3번",
              "sex": "여성",
              "age": "10대"
            },
            "speechAct": "(지시) 질문하기",
            "morpheme": "네/IC+고작/MAG+갈비탕/NNG+이/VCP+요/EF+민속촌/NNG+먼데/VA+EF+./SY"
          },
          {
            "id": 23,
            "text": "1 : 그래서 저도 좀 고민스럽더라고요",
            "norm_text": "그래서 저도 좀 고민스럽더라고요",
            "speaker": {
              "id": "1번",
              "sex": "여성",
              "age": "30대"
            },
            "speechAct": "(단언) 주장하기",
            "morpheme": "그래서/MAJ+저/NP+도/JX+좀/MAG+고민/NNG+스럽/XSA+더라고요/EC"
          },
          {
            "id": 24,
            "text": "2 : 젊은 사람들이야 그런데 어르신들은 밥을 중요하게 생각하실 텐데",
            "norm_text": "젊은 사람들이야 그런데 어르신들은 밥을 중요하게 생각하실 텐데",
            "speaker": {
              "id": "2번",
              "sex": "여성",
              "age": "40대"
            },
            "speechAct": "(단언) 진술하기",
            "morpheme": "젊/VA+은/ETM+사람/NNG+들/XSN+이/VCP+야/EF+그런데/MAJ+어르신/NNG+들/XSN+은/JX+밥/NNG+을/JKO+중요/NNG+하/XSV+게/EC+생각/NNG+하/XSV+실/EP+ETM+텐데/NNB+VCP+EC"
          },
          {
            "id": 25,
            "text": "3 : 아니에요 언니 젊은 사람들도 뷔페는 중요해요!",
            "norm_text": "아니에요 언니 젊은 사람들도 뷔페는 중요해요!",
            "speaker": {
              "id": "3번",
              "sex": "여성",
              "age": "10대"
            },
            "speechAct": "(단언) 주장하기",
            "morpheme": "아니/VCN+에요/EF+언니/NNG+젊/VA+은/ETM+사람/NNG+들/XSN+도/JX+뷔페/NNG+는/JX+중요/NNG+해요/XSV+EF"
          },
          {
            "id": 26,
            "text": "1 : 맛도 없다는 말도 있고...",
            "norm_text": "맛도 없다는 말도 있고...",
            "speaker": {
              "id": "1번",
              "sex": "여성",
              "age": "30대"
            },
            "speechAct": "(단언) 진술하기",
            "morpheme": "맛/NNG+도/JX+없/VA+다는/ETM+말/NNG+도/JX+있/VA+고/EC+./SY+./SY"
          },
          {
            "id": 27,
            "text": "1 : 그래서 다들 그냥 웨딩홀에서 하나 봐요",
            "norm_text": "그래서 다들 그냥 웨딩홀에서 하나 봐요",
            "speaker": {
              "id": "1번",
              "sex": "여성",
              "age": "30대"
            },
            "speechAct": "(단언) 주장하기",
            "morpheme": "그래서/MAJ+다/MAG+들/XSN+그냥/MAG+웨딩/NNP+홀/NNP+에서/JKB+하나/NR+봐요/VV+EC"
          },
          {
            "id": 28,
            "text": "2 : 아무래도 딱딱 코스가 짜여있어서 편한 건 웨딩홀이죠",
            "norm_text": "아무래도 딱딱 코스가 짜여있어서 편한 건 웨딩홀이죠",
            "speaker": {
              "id": "2번",
              "sex": "여성",
              "age": "40대"
            },
            "speechAct": "(단언) 진술하기",
            "morpheme": "아무래도/MAG+딱딱/MAG+코스/NNG+가/JKS+짜여/VV+EC+있/VX+어서/EC+편한/VA+ETM+건/NNB+JX+웨딩/NNP+홀/NNP+이/VCP+죠/EF"
          },
          {
            "id": 29,
            "text": "3 : 그런데 얘기 들어보면 민속촌에서 하는 결혼 진짜 재밌을 것 같아요!",
            "norm_text": "그런데 얘기 들어보면 민속촌에서 하는 결혼 진짜 재밌을 것 같아요!",
            "speaker": {
              "id": "3번",
              "sex": "여성",
              "age": "10대"
            },
            "speechAct": "(단언) 주장하기",
            "morpheme": "그런데/MAJ+얘기/NNG+들/VV+어/EC+보/VX+면/EC+민속촌/NNG+에서/JKB+하/VV+는/ETM+결혼/NNG+진짜/MAG+재밌/VA+을/ETM+것/NNB+같/VA+아요/EF"
          }
        ]
      }
    }
  ]
}