{
  "dataset": {
    "identifier": 60744,
    "name": "KAKAO_927_18_set",
    "src_path": "/data/file/cubeManager/PROJECT001/53/txt20211005154843093131/KAKAO_927_18_set/",
    "label_path": "/data/file/cubeManager/PROJECT001/53/txt20211005154843093131/KAKAO_927_18_set/",
    "category": 2,
    "type": 0
  },
  "licenses": {
    "name": "Apache License 1.0",
    "url": "http://www.apache.org/licenses/LICENSE-1.0"
  },
  "info": [
    {
      "id": 41715,
      "filename": "KAKAO_927_18.txt",
      "title": "KAKAO_927_18",
      "mediatype": "SNS",
      "medianame": "카카오톡",
      "category": "일상대화",
      "date": "2021-10-05",
      "size": 616,
      "annotations": {
        "subject": "상거래 전반",
        "speaker_type": "1:1",
        "size": 616,
        "word_size": 199,
        "text": "1 : 진짜 너 때문이라도 아프면 안 되겠다야 건강할게\n2 : 그래 건강해야 돈 많이 벌어서 나한테 맛있는 것도 사주지\n1 : 우선 너 만나면 나 좀 혼날 거 같으니까 인터넷으로 배달해줄게 돈 많이 벌면...\n2 : 배달 음식도 시켜주라\n2 : 이왕 할 거면 쿠팡으로도 보내줘 로켓배송으로다가\n1 : 미안한데 우리 집에도 물 뿐인데 내가 너한테 그런 거 시켜둘 여유가 있을까?\n2 : 있을 거야 이제 너 돈 많이 벌어서 부자 될 거잖아\n2 : 너 40 될 때까지 존버 탈라고\n1 : 잠수 타고 있다가 40 되면 다시 오는 거 아니지?\n1 : 나 친구 없어 버리지 마\n2 : 옆에 딱 달라붙을게 매미처럼\n1 : 어; 글해; 고마워;\n1 : 쿠팡에서 에프킬라 주문해야겠다\n2 : 설마 내가 매미라고 해서 에프킬라 사는 건 아니지...?\n2 : 집에 모기 잡으려고 사는 거지?\n1 : 에 우리 집에 모기도 벌레도 없는 댑쇼\n2 : 근데 에프킬라는 왜 사니 그치?\n1 : 어... 모르는 게 때로는 약이고 그렇더라\n2 : 괜히 돈 낭비 말고 차라리 에프킬라 살 돈을 나한테 줘\n2 : 내가 관리해줄게 벌레도 다 잡고 오케?\n1 : 그럴 바에 그냥 내 돈 당근마켓에 무료 나눔으로 올리고 말지.\n2 : 그럼 나한테 나눔 해주라 바로 가져갈 수 있어",
        "lines": [
          {
            "id": 1,
            "text": "1 : 진짜 너 때문이라도 아프면 안 되겠다야 건강할게",
            "norm_text": "진짜 너 때문이라도 아프면 안 되겠다야 건강할게",
            "speaker": {
              "id": "1번",
              "sex": "여성",
              "age": "20대"
            },
            "speechAct": "(언약) 약속하기(제3자와)/(개인적 수준)",
            "morpheme": "진짜/MAG+너/NP+때문/NNB+이/VCP+라도/EC+아프/VA+면/EC+안/MAG+되/VV+겠/EP+다/EF+야/IC+건강/NNG+할/XSV+ETM+게/NNB+JKS"
          },
          {
            "id": 2,
            "text": "2 : 그래 건강해야 돈 많이 벌어서 나한테 맛있는 것도 사주지",
            "norm_text": "그래 건강해야 돈 많이 벌어서 나한테 맛있는 것도 사주지",
            "speaker": {
              "id": "2번",
              "sex": "여성",
              "age": "20대"
            },
            "speechAct": "(단언) 주장하기",
            "morpheme": "그래/IC+건강/NNG+해야/XSV+EC+돈/NNG+많이/MAG+벌/VV+어서/EC+나/NP+한테/JKB+맛있/VA+는/ETM+것/NNB+도/JX+사/VV+EC+주/VX+지/EC"
          },
          {
            "id": 3,
            "text": "1 : 우선 너 만나면 나 좀 혼날 거 같으니까 인터넷으로 배달해줄게 돈 많이 벌면...",
            "norm_text": "우선 너 만나면 나 좀 혼날 거 같으니까 인터넷으로 배달해줄게 돈 많이 벌면...",
            "speaker": {
              "id": "1번",
              "sex": "여성",
              "age": "20대"
            },
            "speechAct": "(언약) 약속하기(제3자와)/(개인적 수준)",
            "morpheme": "우선/MAG+너/NP+만나/VV+면/EC+나/NP+좀/MAG+혼날/VV+ETM+거/NNB+같/VA+으니까/EC+인터넷/NNG+으로/JKB+배달/NNG+해/XSV+EC+줄/VX+ETM+게/NNB+JKS+돈/NNG+많이/MAG+벌/VV+면/EC+./SY+./SY"
          },
          {
            "id": 4,
            "text": "2 : 배달 음식도 시켜주라",
            "norm_text": "배달 음식도 시켜주라",
            "speaker": {
              "id": "2번",
              "sex": "여성",
              "age": "20대"
            },
            "speechAct": "(지시) 부탁하기",
            "morpheme": "배달/NNG+음식/NNG+도/JX+시켜/VV+EC+주/VX+라/EC"
          },
          {
            "id": 5,
            "text": "2 : 이왕 할 거면 쿠팡으로도 보내줘 로켓배송으로다가",
            "norm_text": "이왕 할 거면 쿠팡으로도 보내줘 로켓배송으로다가",
            "speaker": {
              "id": "2번",
              "sex": "여성",
              "age": "20대"
            },
            "speechAct": "(지시) 부탁하기",
            "morpheme": "이왕/MAG+할거/XSA+ETM+NNB+VCP+면/EC+쿠팡/NNP+으로/JKB+도/JX+보내/VV+줘/EC+VV+EC+로켓/NNG+배송/NNG+으로/JKB+다가/VV+EC"
          },
          {
            "id": 6,
            "text": "1 : 미안한데 우리 집에도 물 뿐인데 내가 너한테 그런 거 시켜둘 여유가 있을까?",
            "norm_text": "미안한데 우리 집에도 물 뿐인데 내가 너한테 그런 거 시켜둘 여유가 있을까?",
            "speaker": {
              "id": "1번",
              "sex": "여성",
              "age": "20대"
            },
            "speechAct": "(단언) 주장하기",
            "morpheme": "미안/NNG+한데/XSA+EC+우리/NP+집/NNG+에/JKB+도/JX+물/VV+ETM+뿐/NNB+인데/VCP+EC+내/NP+가/JKS+너/NP+한테/JKB+그런/MM+거/NNB+시켜/VV+EC+둘/NR+여유/NNG+가/JKS+있/VA+을까/EF"
          },
          {
            "id": 7,
            "text": "2 : 있을 거야 이제 너 돈 많이 벌어서 부자 될 거잖아",
            "norm_text": "있을 거야 이제 너 돈 많이 벌어서 부자 될 거잖아",
            "speaker": {
              "id": "2번",
              "sex": "여성",
              "age": "20대"
            },
            "speechAct": "(단언) 주장하기",
            "morpheme": "있/VA+을/ETM+거/NNB+야/VCP+EF+이제/MAG+너/NP+돈/NNG+많이/MAG+벌/VV+어서/EC+부자/NNG+될/XSV+ETM+거/NNB+잖아/VCP+EC+VX+EC"
          },
          {
            "id": 8,
            "text": "2 : 너 40 될 때까지 존버 탈라고",
            "norm_text": "너 40 될 때까지 존버 탈라고",
            "speaker": {
              "id": "2번",
              "sex": "여성",
              "age": "20대"
            },
            "speechAct": "(단언) 주장하기",
            "morpheme": "너/NP+40/SN+될/XSV+ETM+때/NNG+까지/JX+존버/UNKNOWN+탈라고/VV+EC"
          },
          {
            "id": 9,
            "text": "1 : 잠수 타고 있다가 40 되면 다시 오는 거 아니지?",
            "norm_text": "잠수 타고 있다가 40 되면 다시 오는 거 아니지?",
            "speaker": {
              "id": "1번",
              "sex": "여성",
              "age": "20대"
            },
            "speechAct": "(지시) 질문하기",
            "morpheme": "잠수/NNG+타/VV+고/EC+있/VX+다가/EC+40/SN+되/XSV+면/EC+다시/MAG+오/VV+는/ETM+거/NNB+아니/VCN+지/EF"
          },
          {
            "id": 10,
            "text": "1 : 나 친구 없어 버리지 마",
            "norm_text": "나 친구 없어 버리지 마",
            "speaker": {
              "id": "1번",
              "sex": "여성",
              "age": "20대"
            },
            "speechAct": "(지시) 부탁하기",
            "morpheme": "나/NP+친구/NNG+없/VA+어/EC+버리/VX+지/EC+마/VX+EC"
          },
          {
            "id": 11,
            "text": "2 : 옆에 딱 달라붙을게 매미처럼",
            "norm_text": "옆에 딱 달라붙을게 매미처럼",
            "speaker": {
              "id": "2번",
              "sex": "여성",
              "age": "20대"
            },
            "speechAct": "(언약) 약속하기(제3자와)/(개인적 수준)",
            "morpheme": "옆/NNG+에/JKB+딱/MAG+달라붙/VV+을/ETM+게/NNB+JKS+매미/NNG+처럼/JKB"
          },
          {
            "id": 12,
            "text": "1 : 어; 글해; 고마워;",
            "norm_text": "어; 글해; 고마워;",
            "speaker": {
              "id": "1번",
              "sex": "여성",
              "age": "20대"
            },
            "speechAct": "(표현) 부정감정 표현하기",
            "morpheme": "어/IC+;/SY+글/NNG+해/XSV+EC+;/SY+고마워/VA+EC+;/SY"
          },
          {
            "id": 13,
            "text": "1 : 쿠팡에서 에프킬라 주문해야겠다",
            "norm_text": "쿠팡에서 에프킬라 주문해야겠다",
            "speaker": {
              "id": "1번",
              "sex": "여성",
              "age": "20대"
            },
            "speechAct": "(언약) 약속하기(제3자와)/(개인적 수준)",
            "morpheme": "쿠팡/NNP+에서/JKB+에프/NNP+킬라/NNP+주문/NNG+해야/XSV+EC+VX+겠/EP+다/EC"
          },
          {
            "id": 14,
            "text": "2 : 설마 내가 매미라고 해서 에프킬라 사는 건 아니지...?",
            "norm_text": "설마 내가 매미라고 해서 에프킬라 사는 건 아니지...?",
            "speaker": {
              "id": "2번",
              "sex": "여성",
              "age": "20대"
            },
            "speechAct": "(지시) 질문하기",
            "morpheme": "설마/MAG+내/NP+가/JKS+매미/NNG+라고/VCP+EC+해서/VV+EC+에프/NNG+킬/XSV+ETN+JKO+라/EC+사/VV+는/ETM+건/NNB+JX+아니/VCN+지/EF+./SY+./SY"
          },
          {
            "id": 15,
            "text": "2 : 집에 모기 잡으려고 사는 거지?",
            "norm_text": "집에 모기 잡으려고 사는 거지?",
            "speaker": {
              "id": "2번",
              "sex": "여성",
              "age": "20대"
            },
            "speechAct": "(지시) 질문하기",
            "morpheme": "집/NNG+에/JKB+모기/NNG+잡/VV+으려고/EC+사/VV+는/ETM+거/NNB+지/VCP+EF"
          },
          {
            "id": 16,
            "text": "1 : 에 우리 집에 모기도 벌레도 없는 댑쇼",
            "norm_text": "에 우리 집에 모기도 벌레도 없는 댑쇼",
            "speaker": {
              "id": "1번",
              "sex": "여성",
              "age": "20대"
            },
            "speechAct": "(단언) 주장하기",
            "morpheme": "에/IC+우리/NP+집/NNG+에/JKB+모/VV+기/ETN+도/JX+벌레/NNG+도/JX+없/VA+는/ETM+댑쇼/UNKNOWN"
          },
          {
            "id": 17,
            "text": "2 : 근데 에프킬라는 왜 사니 그치?",
            "norm_text": "근데 에프킬라는 왜 사니 그치?",
            "speaker": {
              "id": "2번",
              "sex": "여성",
              "age": "20대"
            },
            "speechAct": "(지시) 질문하기",
            "morpheme": "근데/MAJ+에프/NNG+킬/XSV+ETN+JKO+라는/ETM+왜/MAG+사니/NNG+그치/IC"
          },
          {
            "id": 18,
            "text": "1 : 어... 모르는 게 때로는 약이고 그렇더라",
            "norm_text": "어... 모르는 게 때로는 약이고 그렇더라",
            "speaker": {
              "id": "1번",
              "sex": "여성",
              "age": "20대"
            },
            "speechAct": "(단언) 주장하기",
            "morpheme": "어/IC+./SY+모르/VV+는/ETM+게/NNB+JKS+때로/MAG+는/JX+약/NNG+이/VCP+고/EC+그렇/VA+더라/EC"
          },
          {
            "id": 19,
            "text": "2 : 괜히 돈 낭비 말고 차라리 에프킬라 살 돈을 나한테 줘",
            "norm_text": "괜히 돈 낭비 말고 차라리 에프킬라 살 돈을 나한테 줘",
            "speaker": {
              "id": "2번",
              "sex": "여성",
              "age": "20대"
            },
            "speechAct": "(지시) 명령/요구하기",
            "morpheme": "괜히/MAG+돈/NNG+낭비/NNG+말/VV+고/EC+차라리/MAG+에프/NNG+킬/XSV+ETN+JKO+라살/NNP+돈/NNG+을/JKO+나/NP+한테/JKB+줘/VV+EC"
          },
          {
            "id": 20,
            "text": "2 : 내가 관리해줄게 벌레도 다 잡고 오케?",
            "norm_text": "내가 관리해줄게 벌레도 다 잡고 오케?",
            "speaker": {
              "id": "2번",
              "sex": "여성",
              "age": "20대"
            },
            "speechAct": "(언약) 약속하기(제3자와)/(개인적 수준)",
            "morpheme": "내/NP+가/JKS+관리/NNG+해/XSV+EC+줄/VX+ETM+게/NNB+JKS+벌레/NNG+도/JX+다/MAG+잡/VV+고/EC+오케/IC"
          },
          {
            "id": 21,
            "text": "1 : 그럴 바에 그냥 내 돈 당근마켓에 무료 나눔으로 올리고 말지.",
            "norm_text": "그럴 바에 그냥 내 돈 당근마켓에 무료 나눔으로 올리고 말지.",
            "speaker": {
              "id": "1번",
              "sex": "여성",
              "age": "20대"
            },
            "speechAct": "(단언) 주장하기",
            "morpheme": "그럴/VA+ETM+바/NNB+에/JKB+그냥/MAG+내/NP+JKG+돈/NNG+당근/NNG+마켓/NNP+에/JKB+무료/NNG+나눔/VV+ETN+으로/JKB+올리/VV+고/EC+말/VX+지/EF"
          },
          {
            "id": 22,
            "text": "2 : 그럼 나한테 나눔 해주라 바로 가져갈 수 있어",
            "norm_text": "그럼 나한테 나눔 해주라 바로 가져갈 수 있어",
            "speaker": {
              "id": "2번",
              "sex": "여성",
              "age": "20대"
            },
            "speechAct": "(지시) 부탁하기",
            "morpheme": "그럼/MAJ+나/NP+한테/JKB+나눔/VV+ETN+해/VV+EC+주/VX+라/EC+바로/MAG+가져갈/VV+ETM+수/NNB+있/VV+어/EC"
          }
        ]
      }
    }
  ]
}