{
  "dataset": {
    "identifier": 56738,
    "name": "KAKAO_913_12_set",
    "src_path": "/data/file/cubeManager/PROJECT001/53/txt20211005161416016147/KAKAO_913_12_set/",
    "label_path": "/data/file/cubeManager/PROJECT001/53/txt20211005161416016147/KAKAO_913_12_set/",
    "category": 2,
    "type": 0
  },
  "licenses": {
    "name": "Apache License 1.0",
    "url": "http://www.apache.org/licenses/LICENSE-1.0"
  },
  "info": [
    {
      "id": 42009,
      "filename": "KAKAO_913_12.txt",
      "title": "KAKAO_913_12",
      "mediatype": "SNS",
      "medianame": "카카오톡",
      "category": "일상대화",
      "date": "2021-10-05",
      "size": 383,
      "annotations": {
        "subject": "여행",
        "speaker_type": "1:1",
        "size": 383,
        "word_size": 131,
        "text": "1 : 언니 곧 남친이랑 여행 간다며!\n2 : 맞아 제주도 가기로 했어 키키\n1 : 그래? 혹시 그게 이별여행은 아니지?\n2 : 그렇게 될 거 같긴 한데 잘 놀아보려고 키키\n1 : 제주도 얼마 전에 갔는데 좋더라\n2 : 우와 혹시 추천하는 데 있어?\n1 : 음 산방산이 엄청 크고 예쁘더라!\n2 : 혹시 산을 타야 되는 거야?...\n1 : 아니야 그냥 경치만 보는 곳이야 걱정 마 ^^\n2 : 식겁했네 키키\n2 : 가기 싫을 뻔했어 하하\n1 : 역시 운동 부족 키키\n1 : 차 타고 드라이브도 추천해!\n2 : 거긴 어디 쪽에 있는 거야?\n1 : 서귀포 제주도 남쪽쯤에 있어 키키\n2 : 헐 ㅠ 난 동쪽 여행 계획 중인데...\n1 : 동쪽도 좋다고 하던데 키키\n1 : 특히 김녕해변!\n2 : 맞아 내 숙소가 거기야 키키",
        "lines": [
          {
            "id": 1,
            "text": "1 : 언니 곧 남친이랑 여행 간다며!",
            "norm_text": "언니 곧 남친이랑 여행 간다며!",
            "speaker": {
              "id": "1번",
              "sex": "여성",
              "age": "20대"
            },
            "speechAct": "(지시) 질문하기",
            "morpheme": "언니/NNG+곧/MAG+남친/NNG+이랑/JKB+여행/NNG+간다며/VV+EC"
          },
          {
            "id": 2,
            "text": "2 : 맞아 제주도 가기로 했어 키키",
            "norm_text": "맞아 제주도 가기로 했어 키키",
            "speaker": {
              "id": "2번",
              "sex": "여성",
              "age": "20대"
            },
            "speechAct": "(단언) 진술하기",
            "morpheme": "맞/VV+아/EC+제주도/NNP+가/JKS+기로/NNG+했/XSV+EP+어/EC+키/NNG+키/XSV+ETN"
          },
          {
            "id": 3,
            "text": "1 : 그래? 혹시 그게 이별여행은 아니지?",
            "norm_text": "그래? 혹시 그게 이별여행은 아니지?",
            "speaker": {
              "id": "1번",
              "sex": "여성",
              "age": "20대"
            },
            "speechAct": "(지시) 질문하기",
            "morpheme": "그래/IC+혹시/MAG+그게/NP+JKS+이별/NNG+여행/NNG+은/JX+아니/VCN+지/EF"
          },
          {
            "id": 4,
            "text": "2 : 그렇게 될 거 같긴 한데 잘 놀아보려고 키키",
            "norm_text": "그렇게 될 거 같긴 한데 잘 놀아보려고 키키",
            "speaker": {
              "id": "2번",
              "sex": "여성",
              "age": "20대"
            },
            "speechAct": "(단언) 주장하기",
            "morpheme": "그렇게/MAG+될/VV+ETM+거/NNB+같/VA+긴/ETN+JX+한데/VX+EC+잘/MAG+놀/VV+아/EC+보/VX+려고/EC+키/NNG+키/XSV+ETN"
          },
          {
            "id": 5,
            "text": "1 : 제주도 얼마 전에 갔는데 좋더라",
            "norm_text": "제주도 얼마 전에 갔는데 좋더라",
            "speaker": {
              "id": "1번",
              "sex": "여성",
              "age": "20대"
            },
            "speechAct": "(단언) 진술하기",
            "morpheme": "제주도/NNP+얼마/NNG+전/NNG+에/JKB+갔/VV+EP+는데/EC+좋/VA+더라/EC"
          },
          {
            "id": 6,
            "text": "2 : 우와 혹시 추천하는 데 있어?",
            "norm_text": "우와 혹시 추천하는 데 있어?",
            "speaker": {
              "id": "2번",
              "sex": "여성",
              "age": "20대"
            },
            "speechAct": "(지시) 질문하기",
            "morpheme": "우와/IC+혹시/MAG+추천/NNG+하/XSV+는데/EC+있/VX+어/EF"
          },
          {
            "id": 7,
            "text": "1 : 음 산방산이 엄청 크고 예쁘더라!",
            "norm_text": "음 산방산이 엄청 크고 예쁘더라!",
            "speaker": {
              "id": "1번",
              "sex": "여성",
              "age": "20대"
            },
            "speechAct": "(단언) 진술하기",
            "morpheme": "음산/NNG+방산/NNG+이/JKS+엄청/MAG+크/VA+고/EC+예쁘/VA+더라/EF"
          },
          {
            "id": 8,
            "text": "2 : 혹시 산을 타야 되는 거야?...",
            "norm_text": "혹시 산을 타야 되는 거야?...",
            "speaker": {
              "id": "2번",
              "sex": "여성",
              "age": "20대"
            },
            "speechAct": "(지시) 질문하기",
            "morpheme": "혹시/MAG+산/NNG+을/JKO+타/VV+야/EC+되/VV+는/ETM+거/NNB+야/VCP+EF+./SY+./SY"
          },
          {
            "id": 9,
            "text": "1 : 아니야 그냥 경치만 보는 곳이야 걱정 마 ^^",
            "norm_text": "아니야 그냥 경치만 보는 곳이야 걱정 마 ^^",
            "speaker": {
              "id": "1번",
              "sex": "여성",
              "age": "20대"
            },
            "speechAct": "(단언) 주장하기",
            "morpheme": "아니야/IC+그냥/MAG+경치/NNG+만/JX+보/VV+는/ETM+곳/NNG+이/VCP+야/EC+걱정/NNG+마/NNG+^/SY+^/SY"
          },
          {
            "id": 10,
            "text": "2 : 식겁했네 키키",
            "norm_text": "식겁했네 키키",
            "speaker": {
              "id": "2번",
              "sex": "여성",
              "age": "20대"
            },
            "speechAct": "(단언) 주장하기",
            "morpheme": "식겁/NNG+했/XSV+EP+네/EF+키/NNG+키/XSV+ETN"
          },
          {
            "id": 11,
            "text": "2 : 가기 싫을 뻔했어 하하",
            "norm_text": "가기 싫을 뻔했어 하하",
            "speaker": {
              "id": "2번",
              "sex": "여성",
              "age": "20대"
            },
            "speechAct": "(단언) 주장하기",
            "morpheme": "가/VV+기/ETN+싫/VA+을/ETM+뻔/NNB+했/XSA+EP+어/EC+하하/MAG"
          },
          {
            "id": 12,
            "text": "1 : 역시 운동 부족 키키",
            "norm_text": "역시 운동 부족 키키",
            "speaker": {
              "id": "1번",
              "sex": "여성",
              "age": "20대"
            },
            "speechAct": "(단언) 주장하기",
            "morpheme": "역시/MAJ+운동/NNG+부족/NNG+키/NNG+키/XSV+ETN"
          },
          {
            "id": 13,
            "text": "1 : 차 타고 드라이브도 추천해!",
            "norm_text": "차 타고 드라이브도 추천해!",
            "speaker": {
              "id": "1번",
              "sex": "여성",
              "age": "20대"
            },
            "speechAct": "(단언) 주장하기",
            "morpheme": "차/NNG+타/VV+고/EC+드라이브/NNG+도/JX+추천/NNG+해/XSV+EF"
          },
          {
            "id": 14,
            "text": "2 : 거긴 어디 쪽에 있는 거야?",
            "norm_text": "거긴 어디 쪽에 있는 거야?",
            "speaker": {
              "id": "2번",
              "sex": "여성",
              "age": "20대"
            },
            "speechAct": "(지시) 질문하기",
            "morpheme": "거긴/NP+JX+어디/NP+쪽/NNB+에/JKB+있/VV+는/ETM+거/NNB+야/VCP+EF"
          },
          {
            "id": 15,
            "text": "1 : 서귀포 제주도 남쪽쯤에 있어 키키",
            "norm_text": "서귀포 제주도 남쪽쯤에 있어 키키",
            "speaker": {
              "id": "1번",
              "sex": "여성",
              "age": "20대"
            },
            "speechAct": "(단언) 진술하기",
            "morpheme": "서귀포/NNP+제주도/NNP+남쪽/NNG+쯤/XSN+에/JKB+있/VV+어/EC+키/NNG+키/XSV+ETN"
          },
          {
            "id": 16,
            "text": "2 : 헐 ㅠ 난 동쪽 여행 계획 중인데...",
            "norm_text": "헐 ㅠ 난 동쪽 여행 계획 중인데...",
            "speaker": {
              "id": "2번",
              "sex": "여성",
              "age": "20대"
            },
            "speechAct": "(단언) 주장하기",
            "morpheme": "헐/VV+JKO+ㅠ난/UNKNOWN+동쪽/NNG+여행/NNG+계획/NNG+중/NNB+인데/VCP+EC+./SY+./SY"
          },
          {
            "id": 17,
            "text": "1 : 동쪽도 좋다고 하던데 키키",
            "norm_text": "동쪽도 좋다고 하던데 키키",
            "speaker": {
              "id": "1번",
              "sex": "여성",
              "age": "20대"
            },
            "speechAct": "(단언) 진술하기",
            "morpheme": "동쪽/NNG+도/JX+좋/VA+다고/EC+하/VV+던데/EC+키/NNG+키/XSV+ETN"
          },
          {
            "id": 18,
            "text": "1 : 특히 김녕해변!",
            "norm_text": "특히 김녕해변!",
            "speaker": {
              "id": "1번",
              "sex": "여성",
              "age": "20대"
            },
            "speechAct": "(단언) 진술하기",
            "morpheme": "특히/MAG+김녕/NNP+해변/NNG"
          },
          {
            "id": 19,
            "text": "2 : 맞아 내 숙소가 거기야 키키",
            "norm_text": "맞아 내 숙소가 거기야 키키",
            "speaker": {
              "id": "2번",
              "sex": "여성",
              "age": "20대"
            },
            "speechAct": "(단언) 주장하기",
            "morpheme": "맞/VV+아/EC+내/NP+JKG+숙소/NNG+가/JKS+거기/NP+야/VCP+EF+키/NNG+키/XSV+ETN"
          }
        ]
      }
    }
  ]
}