{
  "dataset": {
    "identifier": 72824,
    "name": "KAKAO_905_16_set",
    "src_path": "/data/file/cubeManager/PROJECT001/53/txt20211005152852001237/KAKAO_905_16_set/",
    "label_path": "/data/file/cubeManager/PROJECT001/53/txt20211005152852001237/KAKAO_905_16_set/",
    "category": 2,
    "type": 0
  },
  "licenses": {
    "name": "Apache License 1.0",
    "url": "http://www.apache.org/licenses/LICENSE-1.0"
  },
  "info": [
    {
      "id": 41353,
      "filename": "KAKAO_905_16.txt",
      "title": "KAKAO_905_16",
      "mediatype": "SNS",
      "medianame": "카카오톡",
      "category": "일상대화",
      "date": "2021-10-05",
      "size": 327,
      "annotations": {
        "subject": "미용",
        "speaker_type": "1:1",
        "size": 327,
        "word_size": 117,
        "text": "1 : *** 눈썹 문신 언제 가냐\n2 : 아 가야 되는데 귀찮\n1 : 이제 날씨도 쌀쌀해졌는데 딱 각이당\n2 : 구니까 근데 짱구 될까 봐\n1 : 그거 여름에는 하기에 좀 그렇거든\n2 : 응 짱구 될까 봐 못 하겠음\n1 : 아냐 요즘은 자연스럽게 해준다니까 키키\n2 : 그렇다곤 하던데 케바케지 그\n1 : 해서 너도 까준이가 돼 보렴\n2 : 잘하는데 아는 데 있니\n1 : 키키 엉 시내에  졸 잘하는 데 발견\n2 : 이마가 넓어서 못 깜\n1 : 거기서 하면 그냥 바로  자연스럽다는\n2 : 아빠 닮아서  ㅠㅠ 짜증 나네 머리 까짐\n1 : 그게 멋이라고 이 양반아 키키\n2 : 멋이 아냐 ㅠㅠ 나중에 머리 심어줘",
        "lines": [
          {
            "id": 1,
            "text": "1 : *** 눈썹 문신 언제 가냐",
            "norm_text": "*** 눈썹 문신 언제 가냐",
            "speaker": {
              "id": "1번",
              "sex": "여성",
              "age": "30대"
            },
            "speechAct": "(지시) 질문하기",
            "morpheme": "*/SY+*/SY+*/SY+눈썹문신언제가냐/UNKNOWN"
          },
          {
            "id": 2,
            "text": "2 : 아 가야 되는데 귀찮",
            "norm_text": "아 가야 되는데 귀찮",
            "speaker": {
              "id": "2번",
              "sex": "남성",
              "age": "30대"
            },
            "speechAct": "(단언) 주장하기",
            "morpheme": "아가야/NNG+되/XSV+는/ETM+데/NNB+귀찮/VA"
          },
          {
            "id": 3,
            "text": "1 : 이제 날씨도 쌀쌀해졌는데 딱 각이당",
            "norm_text": "이제 날씨도 쌀쌀해졌는데 딱 각이당",
            "speaker": {
              "id": "1번",
              "sex": "여성",
              "age": "30대"
            },
            "speechAct": "(단언) 주장하기",
            "morpheme": "이제/MAG+날씨/NNG+도/JX+쌀쌀/XR+해졌/XSA+EC+VX+EP+는데/EC+딱/MAG+각/MM+이당/NNG"
          },
          {
            "id": 4,
            "text": "2 : 구니까 근데 짱구 될까 봐",
            "norm_text": "구니까 근데 짱구 될까 봐",
            "speaker": {
              "id": "2번",
              "sex": "남성",
              "age": "30대"
            },
            "speechAct": "(단언) 주장하기",
            "morpheme": "구/VA+니까/EC+근데/MAJ+짱구/NNG+될까봐/XSV+EC+VX+EC"
          },
          {
            "id": 5,
            "text": "1 : 그거 여름에는 하기에 좀 그렇거든",
            "norm_text": "그거 여름에는 하기에 좀 그렇거든",
            "speaker": {
              "id": "1번",
              "sex": "여성",
              "age": "30대"
            },
            "speechAct": "(단언) 주장하기",
            "morpheme": "그거/NP+여름/NNG+에/JKB+는/JX+하/VV+기/ETN+에/JKB+좀/MAG+그렇/VA+거든/EC"
          },
          {
            "id": 6,
            "text": "2 : 응 짱구 될까 봐 못 하겠음",
            "norm_text": "응 짱구 될까 봐 못 하겠음",
            "speaker": {
              "id": "2번",
              "sex": "남성",
              "age": "30대"
            },
            "speechAct": "(단언) 주장하기",
            "morpheme": "응/IC+짱구/NNG+될까봐/XSV+EC+VX+EC+못하/VX+겠/EP+음/ETN"
          },
          {
            "id": 7,
            "text": "1 : 아냐 요즘은 자연스럽게 해준다니까 키키",
            "norm_text": "아냐 요즘은 자연스럽게 해준다니까 키키",
            "speaker": {
              "id": "1번",
              "sex": "여성",
              "age": "30대"
            },
            "speechAct": "(단언) 진술하기",
            "morpheme": "아냐/IC+요즘/NNG+은/JX+자연/NNG+스럽/XSA+게/EC+해준다니까/VX+EC+VX+EC+키/NNG+키/XSV+ETN"
          },
          {
            "id": 8,
            "text": "2 : 그렇다곤 하던데 케바케지 그",
            "norm_text": "그렇다곤 하던데 케바케지 그",
            "speaker": {
              "id": "2번",
              "sex": "남성",
              "age": "30대"
            },
            "speechAct": "(단언) 주장하기",
            "morpheme": "그렇/VA+다곤/EC+하/VX+던데/EF+케/IC+바케/NNP+지그/NNG"
          },
          {
            "id": 9,
            "text": "1 : 해서 너도 까준이가 돼 보렴",
            "norm_text": "해서 너도 까준이가 돼 보렴",
            "speaker": {
              "id": "1번",
              "sex": "여성",
              "age": "30대"
            },
            "speechAct": "(지시) 충고/제안하기",
            "morpheme": "해서/VV+EC+너/NP+도/JX+까/VV+EC+준/VX+ETM+이/NNB+가/JKS+돼/VV+EC+보/VX+렴/EC"
          },
          {
            "id": 10,
            "text": "2 : 잘하는데 아는 데 있니",
            "norm_text": "잘하는데 아는 데 있니",
            "speaker": {
              "id": "2번",
              "sex": "남성",
              "age": "30대"
            },
            "speechAct": "(지시) 질문하기",
            "morpheme": "잘/MAG+하/VV+는/ETM+데/NNB+아/VV+는데/EC+있/VX+니/EC"
          },
          {
            "id": 11,
            "text": "1 : 키키 엉 시내에  졸 잘하는 데 발견",
            "norm_text": "키키 엉 시내에  졸 잘하는 데 발견",
            "speaker": {
              "id": "1번",
              "sex": "여성",
              "age": "30대"
            },
            "speechAct": "(단언) 진술하기",
            "morpheme": "키/NNG+키/VV+엉/EC+시내/NNG+에/JKB+졸/VV+ETM+잘/MAG+하/VV+는데/EC+발견/NNG"
          },
          {
            "id": 12,
            "text": "2 : 이마가 넓어서 못 깜",
            "norm_text": "이마가 넓어서 못 깜",
            "speaker": {
              "id": "2번",
              "sex": "남성",
              "age": "30대"
            },
            "speechAct": "(단언) 진술하기",
            "morpheme": "이마/NNG+가/JKS+넓/VA+어서/EC+못/MAG+깜/VV"
          },
          {
            "id": 13,
            "text": "1 : 거기서 하면 그냥 바로  자연스럽다는",
            "norm_text": "거기서 하면 그냥 바로  자연스럽다는",
            "speaker": {
              "id": "1번",
              "sex": "여성",
              "age": "30대"
            },
            "speechAct": "(단언) 주장하기",
            "morpheme": "거기/NP+서/JKB+하/VV+면/EC+그냥/MAG+바로/MAG+자연/NNG+스럽/XSA+다는/ETM"
          },
          {
            "id": 14,
            "text": "2 : 아빠 닮아서  ㅠㅠ 짜증 나네 머리 까짐",
            "norm_text": "아빠 닮아서  ㅠㅠ 짜증 나네 머리 까짐",
            "speaker": {
              "id": "2번",
              "sex": "남성",
              "age": "30대"
            },
            "speechAct": "(단언) 진술하기",
            "morpheme": "아빠/NNG+닮/VV+아서/EC+ㅠㅠ/UNKNOWN+짜증/NNG+나/NP+네/XSN+머리/NNG+까/VCP+EC+짐/NNG"
          },
          {
            "id": 15,
            "text": "1 : 그게 멋이라고 이 양반아 키키",
            "norm_text": "그게 멋이라고 이 양반아 키키",
            "speaker": {
              "id": "1번",
              "sex": "여성",
              "age": "30대"
            },
            "speechAct": "(단언) 주장하기",
            "morpheme": "그게/NP+JKS+멋/NNG+이/VCP+라고/EC+이/MM+양반/NNG+아키/NNP+키/NNG"
          },
          {
            "id": 16,
            "text": "2 : 멋이 아냐 ㅠㅠ 나중에 머리 심어줘",
            "norm_text": "멋이 아냐 ㅠㅠ 나중에 머리 심어줘",
            "speaker": {
              "id": "2번",
              "sex": "남성",
              "age": "30대"
            },
            "speechAct": "(단언) 주장하기",
            "morpheme": "멋/NNG+이/JKC+아냐/VCN+EF+ㅠㅠ/UNKNOWN+나중/NNG+에/JKB+머리/NNG+심/VV+어/EC+줘/VX+EC"
          }
        ]
      }
    }
  ]
}