{
  "dataset": {
    "identifier": 34544,
    "name": "KAKAO_952_06_set",
    "src_path": "/data/file/cubeManager/PROJECT001/53/txt20211005163729009427/KAKAO_952_06_set/",
    "label_path": "/data/file/cubeManager/PROJECT001/53/txt20211005163729009427/KAKAO_952_06_set/",
    "category": 2,
    "type": 0
  },
  "licenses": {
    "name": "Apache License 1.0",
    "url": "http://www.apache.org/licenses/LICENSE-1.0"
  },
  "info": [
    {
      "id": 42684,
      "filename": "KAKAO_952_06.txt",
      "title": "KAKAO_952_06",
      "mediatype": "SNS",
      "medianame": "카카오톡",
      "category": "일상대화",
      "date": "2021-10-05",
      "size": 360,
      "annotations": {
        "subject": "교육",
        "speaker_type": "1:1",
        "size": 360,
        "word_size": 127,
        "text": "1 : ** 좀 따 시험이래\n2 : 오 시험이라 하하 또 시험이군\n1 : 건보 준비 하는 거 알쥐?\n2 : 근데 그거 서류 통과해야 보는 거 아님 ?\n1 : 그거 무슨 컴활 따야 한다데...?\n2 : 컴활 따논 거 있지 않니\n1 : 근데 아직도 안 땄데...\n2 : 헐랭방구 몇 년을 뭐하는 거쥐\n1 : 한국사만 따 놓고 맨날\n2 : 걔도 참 답답하다 하하\n1 : 키키 근데 시험를 서울에서 친다데 무조건\n2 : 뭔가 바쁜데 성과 없는\n1 : 그래서 전날 모텔에서 자야한데 ㅠ\n2 : **이 같이 가는갑더만\n1 : 그게 넘 무섭데 시험 전날 혼자 자는 게...\n2 : 데이트 삼아서 갔다 오는 듯 하하\n1 : ** 같이 못 가 토요일이래\n2 : 토요일 회사 뺴고 가겠쥐 하하",
        "lines": [
          {
            "id": 1,
            "text": "1 : ** 좀 따 시험이래",
            "norm_text": "** 좀 따 시험이래",
            "speaker": {
              "id": "1번",
              "sex": "여성",
              "age": "30대"
            },
            "speechAct": "(단언) 진술하기",
            "morpheme": "*/SY+*/SY+좀/MAG+따/VV+EC+시험/NNG+이래/NNB"
          },
          {
            "id": 2,
            "text": "2 : 오 시험이라 하하 또 시험이군",
            "norm_text": "오 시험이라 하하 또 시험이군",
            "speaker": {
              "id": "2번",
              "sex": "남성",
              "age": "30대"
            },
            "speechAct": "(단언) 진술하기",
            "morpheme": "오/NR+시험/NNG+이/VCP+라/EC+하하/MAG+또/MAG+시험/NNG+이/JKS+군/NNG"
          },
          {
            "id": 3,
            "text": "1 : 건보 준비 하는 거 알쥐?",
            "norm_text": "건보 준비 하는 거 알쥐?",
            "speaker": {
              "id": "1번",
              "sex": "여성",
              "age": "30대"
            },
            "speechAct": "(지시) 질문하기",
            "morpheme": "건보/NNG+준비/NNG+하/XSV+는/ETM+거/NNB+알/VV+ETM+쥐/NNG"
          },
          {
            "id": 4,
            "text": "2 : 근데 그거 서류 통과해야 보는 거 아님 ?",
            "norm_text": "근데 그거 서류 통과해야 보는 거 아님 ?",
            "speaker": {
              "id": "2번",
              "sex": "남성",
              "age": "30대"
            },
            "speechAct": "(단언) 주장하기",
            "morpheme": "근데/MAJ+그거/NP+서류/NNG+통과/NNG+해야/XSV+EC+보/VX+는/ETM+거/NNB+아님/VCN+ETN"
          },
          {
            "id": 5,
            "text": "1 : 그거 무슨 컴활 따야 한다데...?",
            "norm_text": "그거 무슨 컴활 따야 한다데...?",
            "speaker": {
              "id": "1번",
              "sex": "여성",
              "age": "30대"
            },
            "speechAct": "(단언) 진술하기",
            "morpheme": "그거/NP+무슨/MM+컴활/UNKNOWN+따/VV+야/EC+한/VX+EP+다데/EF+./SY+./SY"
          },
          {
            "id": 6,
            "text": "2 : 컴활 따논 거 있지 않니",
            "norm_text": "컴활 따논 거 있지 않니",
            "speaker": {
              "id": "2번",
              "sex": "남성",
              "age": "30대"
            },
            "speechAct": "(지시) 질문하기",
            "morpheme": "컴/NNP+활/NNG+따논/VV+ETM+거/NNB+있/VA+지/EC+않/VX+니/EC"
          },
          {
            "id": 7,
            "text": "1 : 근데 아직도 안 땄데...",
            "norm_text": "근데 아직도 안 땄데...",
            "speaker": {
              "id": "1번",
              "sex": "여성",
              "age": "30대"
            },
            "speechAct": "(단언) 진술하기",
            "morpheme": "근데/MAJ+아직/MAG+도/JX+안/MAG+땄/VV+EP+데/EF+./SY"
          },
          {
            "id": 8,
            "text": "2 : 헐랭방구 몇 년을 뭐하는 거쥐",
            "norm_text": "헐랭방구 몇 년을 뭐하는 거쥐",
            "speaker": {
              "id": "2번",
              "sex": "남성",
              "age": "30대"
            },
            "speechAct": "(지시) 질문하기",
            "morpheme": "헐랭/NNP+방구/NNG+몇/MM+년/NNBC+을/JKO+뭐/IC+하/VV+는/ETM+거/NNB+쥐/NNG"
          },
          {
            "id": 9,
            "text": "1 : 한국사만 따 놓고 맨날",
            "norm_text": "한국사만 따 놓고 맨날",
            "speaker": {
              "id": "1번",
              "sex": "여성",
              "age": "30대"
            },
            "speechAct": "(단언) 진술하기",
            "morpheme": "한국사/NNP+만/JX+따놓/VV+고/EC+맨날/MAG"
          },
          {
            "id": 10,
            "text": "2 : 걔도 참 답답하다 하하",
            "norm_text": "걔도 참 답답하다 하하",
            "speaker": {
              "id": "2번",
              "sex": "남성",
              "age": "30대"
            },
            "speechAct": "(단언) 주장하기",
            "morpheme": "걔/NP+도/JX+참/MAG+답답/XR+하/XSA+다/EC+하하/MAG"
          },
          {
            "id": 11,
            "text": "1 : 키키 근데 시험를 서울에서 친다데 무조건",
            "norm_text": "키키 근데 시험를 서울에서 친다데 무조건",
            "speaker": {
              "id": "1번",
              "sex": "여성",
              "age": "30대"
            },
            "speechAct": "(단언) 진술하기",
            "morpheme": "키/NNG+키/XSV+ETN+근데/MAJ+시험/NNG+를/JKO+서울/NNP+에서/JKB+친다/VV+EC+데무/NNP+조건/NNG"
          },
          {
            "id": 12,
            "text": "2 : 뭔가 바쁜데 성과 없는",
            "norm_text": "뭔가 바쁜데 성과 없는",
            "speaker": {
              "id": "2번",
              "sex": "남성",
              "age": "30대"
            },
            "speechAct": "(단언) 진술하기",
            "morpheme": "뭔가/NP+VCP+EC+바쁜데/VA+EC+성과/NNG+없/VA+는/ETM"
          },
          {
            "id": 13,
            "text": "1 : 그래서 전날 모텔에서 자야한데 ㅠ",
            "norm_text": "그래서 전날 모텔에서 자야한데 ㅠ",
            "speaker": {
              "id": "1번",
              "sex": "여성",
              "age": "30대"
            },
            "speechAct": "(단언) 진술하기",
            "morpheme": "그래서/MAJ+전날/NNG+모텔/NNG+에서/JKB+자/VV+야/EC+한데/VX+EC+ㅠ/UNKNOWN"
          },
          {
            "id": 14,
            "text": "2 : **이 같이 가는갑더만",
            "norm_text": "**이 같이 가는갑더만",
            "speaker": {
              "id": "2번",
              "sex": "남성",
              "age": "30대"
            },
            "speechAct": "(단언) 진술하기",
            "morpheme": "*/SY+*/SY+이/JKS+같이/MAG+가/VV+는/ETM+갑/VX+더만/EC"
          },
          {
            "id": 15,
            "text": "1 : 그게 넘 무섭데 시험 전날 혼자 자는 게...",
            "norm_text": "그게 넘 무섭데 시험 전날 혼자 자는 게...",
            "speaker": {
              "id": "1번",
              "sex": "여성",
              "age": "30대"
            },
            "speechAct": "(단언) 진술하기",
            "morpheme": "그게/NP+JKS+넘/MAG+무섭/VA+데/EC+시험/NNG+전날/NNG+혼자/MAG+자/VV+는/ETM+게/NNB+JKS+./SY"
          },
          {
            "id": 16,
            "text": "2 : 데이트 삼아서 갔다 오는 듯 하하",
            "norm_text": "데이트 삼아서 갔다 오는 듯 하하",
            "speaker": {
              "id": "2번",
              "sex": "남성",
              "age": "30대"
            },
            "speechAct": "(단언) 진술하기",
            "morpheme": "데이트/NNG+삼/VV+아서/EC+갔다오/VV+는/ETM+듯/NNB+하/XSA+하/XSA"
          },
          {
            "id": 17,
            "text": "1 : ** 같이 못 가 토요일이래",
            "norm_text": "** 같이 못 가 토요일이래",
            "speaker": {
              "id": "1번",
              "sex": "여성",
              "age": "30대"
            },
            "speechAct": "(단언) 진술하기",
            "morpheme": "*/SY+*/SY+같이/MAG+못/MAG+가/VV+EC+토요일/NNG+이래/NNB"
          },
          {
            "id": 18,
            "text": "2 : 토요일 회사 뺴고 가겠쥐 하하",
            "norm_text": "토요일 회사 뺴고 가겠쥐 하하",
            "speaker": {
              "id": "2번",
              "sex": "남성",
              "age": "30대"
            },
            "speechAct": "(단언) 진술하기",
            "morpheme": "토요일/NNG+회사/NNG+뺴/UNKNOWN+고/EC+가/VX+겠/EP+쥐/NNG+하/XSV+하/XSA"
          }
        ]
      }
    }
  ]
}