{
  "dataset": {
    "identifier": 60143,
    "name": "KAKAO_984_04_set",
    "src_path": "/data/file/cubeManager/PROJECT001/53/txt20211006122038080267/KAKAO_984_04_set/",
    "label_path": "/data/file/cubeManager/PROJECT001/53/txt20211006122038080267/KAKAO_984_04_set/",
    "category": 2,
    "type": 0
  },
  "licenses": {
    "name": "Apache License 1.0",
    "url": "http://www.apache.org/licenses/LICENSE-1.0"
  },
  "info": [
    {
      "id": 42864,
      "filename": "KAKAO_984_04.txt",
      "title": "KAKAO_984_04",
      "mediatype": "SNS",
      "medianame": "카카오톡",
      "category": "일상대화",
      "date": "2021-10-06",
      "size": 485,
      "annotations": {
        "subject": "회사/아르바이트",
        "speaker_type": "1:1",
        "size": 485,
        "word_size": 159,
        "text": "1 : 대학교 다닐 때 알바 해본 적 있어?\n2 : 많이 했지. 기억이 남는 건 도미노피자\n1 : 도미노피자? 그럼 피자를 만드는 거야?\n2 : 피자 만드는 일이었는데 재밌었어\n1 : 아 그렇구나 신기하당 하하\n1 : 피자 만드는 거 재밌을 거 같아\n2 : 응 괜히 요리 잘 하는 사람인 것 같고.\n2 : 집에서도 비슷하게 해본 적 있지\n1 : 집에서 만들어 먹는 피자라니 근사한데 키키\n2 : 응 생각보다 쉬워.\n2 : 너는 아르바이트 기억에 남는 거 있어?\n1 : 나는 첫 알바 키키 나뚜루 아이스크림\n2 : 뭔가 추억이다.\n2 : 요즘 나뚜루는 많이 없잖아\n1 : 맞아 녹차 아이스크림이 유명했는데 키키\n2 : 녹차 아이스크림 넘 맛있었지. 힘들었겠다.\n1 : 힘들지 진상도 많고 짱나서 두 달인가 하고 땔쳤어\n2 : 힘 엄청 든다고 하더라고. 하하\n2 : 첫 알바니까 어쩔 수 없지\n1 : 키키 근데 그다음 알바 맥도날드였는데 키키 두 시간 만에 때려침 키키\n2 : 키키 그건 했다고 볼 수 없어",
        "lines": [
          {
            "id": 1,
            "text": "1 : 대학교 다닐 때 알바 해본 적 있어?",
            "norm_text": "대학교 다닐 때 알바 해본 적 있어?",
            "speaker": {
              "id": "1번",
              "sex": "여성",
              "age": "30대"
            },
            "speechAct": "(지시) 질문하기",
            "morpheme": "대학교/NNG+다닐/VV+ETM+때/NNG+알/VV+ETM+바/NNB+해/VV+EC+본/VX+ETM+적/NNB+있/VA+어/EF"
          },
          {
            "id": 2,
            "text": "2 : 많이 했지. 기억이 남는 건 도미노피자",
            "norm_text": "많이 했지. 기억이 남는 건 도미노피자",
            "speaker": {
              "id": "2번",
              "sex": "여성",
              "age": "30대"
            },
            "speechAct": "(단언) 주장하기",
            "morpheme": "많이/MAG+했/VV+EP+지/EF+기억/NNG+이/JKS+남/VV+는/ETM+건/NNB+JX+도미노피자/NNP"
          },
          {
            "id": 3,
            "text": "1 : 도미노피자? 그럼 피자를 만드는 거야?",
            "norm_text": "도미노피자? 그럼 피자를 만드는 거야?",
            "speaker": {
              "id": "1번",
              "sex": "여성",
              "age": "30대"
            },
            "speechAct": "(지시) 질문하기",
            "morpheme": "도미노피자/NNP+그럼/MAJ+피자/NNG+를/JKO+만드/VV+는/ETM+거/NNB+야/VCP+EF"
          },
          {
            "id": 4,
            "text": "2 : 피자 만드는 일이었는데 재밌었어",
            "norm_text": "피자 만드는 일이었는데 재밌었어",
            "speaker": {
              "id": "2번",
              "sex": "여성",
              "age": "30대"
            },
            "speechAct": "(단언) 주장하기",
            "morpheme": "피자/NNG+만드/VV+는/ETM+일/NNG+이/VCP+었/EP+는데/EC+재밌/VA+었/EP+어/EC"
          },
          {
            "id": 5,
            "text": "1 : 아 그렇구나 신기하당 하하",
            "norm_text": "아 그렇구나 신기하당 하하",
            "speaker": {
              "id": "1번",
              "sex": "여성",
              "age": "30대"
            },
            "speechAct": "(단언) 주장하기",
            "morpheme": "아/IC+그렇/VA+구나/EF+신기하/NNP+당하/NNG+하/XSV"
          },
          {
            "id": 6,
            "text": "1 : 피자 만드는 거 재밌을 거 같아",
            "norm_text": "피자 만드는 거 재밌을 거 같아",
            "speaker": {
              "id": "1번",
              "sex": "여성",
              "age": "30대"
            },
            "speechAct": "(단언) 진술하기",
            "morpheme": "피자/NNG+만드/VV+는/ETM+거/NNB+재밌/VA+을/ETM+거/NNB+같/VA+아/EC"
          },
          {
            "id": 7,
            "text": "2 : 응 괜히 요리 잘 하는 사람인 것 같고.",
            "norm_text": "응 괜히 요리 잘 하는 사람인 것 같고.",
            "speaker": {
              "id": "2번",
              "sex": "여성",
              "age": "30대"
            },
            "speechAct": "(단언) 주장하기",
            "morpheme": "응/IC+괜히/MAG+요리/NNG+잘/MAG+하/VV+는/ETM+사람/NNG+인/VCP+ETM+것/NNB+같/VA+고/EC"
          },
          {
            "id": 8,
            "text": "2 : 집에서도 비슷하게 해본 적 있지",
            "norm_text": "집에서도 비슷하게 해본 적 있지",
            "speaker": {
              "id": "2번",
              "sex": "여성",
              "age": "30대"
            },
            "speechAct": "(단언) 주장하기",
            "morpheme": "집/NNG+에서/JKB+도/JX+비슷/XR+하/XSA+게/EC+해본/VX+EC+VX+ETM+적/NNB+있/VA+지/EC"
          },
          {
            "id": 9,
            "text": "1 : 집에서 만들어 먹는 피자라니 근사한데 키키",
            "norm_text": "집에서 만들어 먹는 피자라니 근사한데 키키",
            "speaker": {
              "id": "1번",
              "sex": "여성",
              "age": "30대"
            },
            "speechAct": "(단언) 주장하기",
            "morpheme": "집/NNG+에서/JKB+만들/VV+어/EC+먹/VV+는/ETM+피자/NNG+라니/VCP+EC+근사/XR+한데/XSA+EC+키/NNG+키/XSV+ETN"
          },
          {
            "id": 10,
            "text": "2 : 응 생각보다 쉬워.",
            "norm_text": "응 생각보다 쉬워.",
            "speaker": {
              "id": "2번",
              "sex": "여성",
              "age": "30대"
            },
            "speechAct": "(단언) 주장하기",
            "morpheme": "응/IC+생각/NNG+보다/JKB+쉬워/VA+EF"
          },
          {
            "id": 11,
            "text": "2 : 너는 아르바이트 기억에 남는 거 있어?",
            "norm_text": "너는 아르바이트 기억에 남는 거 있어?",
            "speaker": {
              "id": "2번",
              "sex": "여성",
              "age": "30대"
            },
            "speechAct": "(지시) 질문하기",
            "morpheme": "너/NP+는/JX+아르바이트/NNG+기억/NNG+에/JKB+남/VV+는/ETM+거/NNB+있/VA+어/EF"
          },
          {
            "id": 12,
            "text": "1 : 나는 첫 알바 키키 나뚜루 아이스크림",
            "norm_text": "나는 첫 알바 키키 나뚜루 아이스크림",
            "speaker": {
              "id": "1번",
              "sex": "여성",
              "age": "30대"
            },
            "speechAct": "(단언) 주장하기",
            "morpheme": "나/NP+는/JX+첫/MM+알바/NNP+키/NNG+키나/XSA+ETN+JX+뚜/NNG+루/JKB+아이스크림/NNG"
          },
          {
            "id": 13,
            "text": "2 : 뭔가 추억이다.",
            "norm_text": "뭔가 추억이다.",
            "speaker": {
              "id": "2번",
              "sex": "여성",
              "age": "30대"
            },
            "speechAct": "(단언) 주장하기",
            "morpheme": "뭔가/NP+VCP+EC+추억/NNG+이/VCP+다/EF"
          },
          {
            "id": 14,
            "text": "2 : 요즘 나뚜루는 많이 없잖아",
            "norm_text": "요즘 나뚜루는 많이 없잖아",
            "speaker": {
              "id": "2번",
              "sex": "여성",
              "age": "30대"
            },
            "speechAct": "(단언) 진술하기",
            "morpheme": "요즘/MAG+나/NP+뚜/NNG+루/JKB+는/JX+많이/MAG+없/VA+잖아/EC"
          },
          {
            "id": 15,
            "text": "1 : 맞아 녹차 아이스크림이 유명했는데 키키",
            "norm_text": "맞아 녹차 아이스크림이 유명했는데 키키",
            "speaker": {
              "id": "1번",
              "sex": "여성",
              "age": "30대"
            },
            "speechAct": "(단언) 진술하기",
            "morpheme": "맞/VV+아/EC+녹차/NNG+아이스크림/NNG+이/JKS+유명/NNG+했/XSV+EP+는데/EC+키/NNG+키/XSV+ETN"
          },
          {
            "id": 16,
            "text": "2 : 녹차 아이스크림 넘 맛있었지. 힘들었겠다.",
            "norm_text": "녹차 아이스크림 넘 맛있었지. 힘들었겠다.",
            "speaker": {
              "id": "2번",
              "sex": "여성",
              "age": "30대"
            },
            "speechAct": "(단언) 주장하기",
            "morpheme": "녹차/NNG+아이스크림/NNG+넘/MAG+맛있/VA+었/EP+지/EF+힘들/VA+었/EP+겠/EP+다/EF"
          },
          {
            "id": 17,
            "text": "1 : 힘들지 진상도 많고 짱나서 두 달인가 하고 땔쳤어",
            "norm_text": "힘들지 진상도 많고 짱나서 두 달인가 하고 땔쳤어",
            "speaker": {
              "id": "1번",
              "sex": "여성",
              "age": "30대"
            },
            "speechAct": "(단언) 주장하기",
            "morpheme": "힘들/VA+지/EC+진상/NNG+도/JX+많/VA+고/EC+짱나/VV+서/EC+두/MM+달/NNBC+인가/VCP+EC+하/VV+고/EC+땔/NNG+JKO+쳤/VV+EP+어/EC"
          },
          {
            "id": 18,
            "text": "2 : 힘 엄청 든다고 하더라고. 하하",
            "norm_text": "힘 엄청 든다고 하더라고. 하하",
            "speaker": {
              "id": "2번",
              "sex": "여성",
              "age": "30대"
            },
            "speechAct": "(단언) 진술하기",
            "morpheme": "힘/NNG+엄청/MAG+든다고/VV+EC+하/VX+더라고/EF+하하/MAG"
          },
          {
            "id": 19,
            "text": "2 : 첫 알바니까 어쩔 수 없지",
            "norm_text": "첫 알바니까 어쩔 수 없지",
            "speaker": {
              "id": "2번",
              "sex": "여성",
              "age": "30대"
            },
            "speechAct": "(단언) 주장하기",
            "morpheme": "첫/MM+알/VV+ETM+바/NNB+니까/VCP+EC+어쩔/VV+ETM+수/NNB+없/VA+지/EC"
          },
          {
            "id": 20,
            "text": "1 : 키키 근데 그다음 알바 맥도날드였는데 키키 두 시간 만에 때려침 키키",
            "norm_text": "키키 근데 그다음 알바 맥도날드였는데 키키 두 시간 만에 때려침 키키",
            "speaker": {
              "id": "1번",
              "sex": "여성",
              "age": "30대"
            },
            "speechAct": "(단언) 주장하기",
            "morpheme": "키/NNG+키/XSV+ETN+근데/MAJ+그/MM+다음/NNG+알바/NNP+맥도날드/NNP+였/VCP+EP+는데/EC+키/NNG+키/XSV+ETN+두/JX+시간/NNG+만/NNB+에/JKB+때려/VV+EC+침/NNG+키/NNG+키/XSV+ETN"
          },
          {
            "id": 21,
            "text": "2 : 키키 그건 했다고 볼 수 없어",
            "norm_text": "키키 그건 했다고 볼 수 없어",
            "speaker": {
              "id": "2번",
              "sex": "여성",
              "age": "30대"
            },
            "speechAct": "(단언) 주장하기",
            "morpheme": "키/NNG+키/XSV+ETN+그건/NP+JX+했/VV+EP+다고/EC+볼/VX+ETM+수/NNB+없/VA+어/EC"
          }
        ]
      }
    }
  ]
}