{
  "dataset": {
    "identifier": 60444,
    "name": "KAKAO_980_10_set",
    "src_path": "/data/file/cubeManager/PROJECT001/53/txt20211006122011024890/KAKAO_980_10_set/",
    "label_path": "/data/file/cubeManager/PROJECT001/53/txt20211006122011024890/KAKAO_980_10_set/",
    "category": 2,
    "type": 0
  },
  "licenses": {
    "name": "Apache License 1.0",
    "url": "http://www.apache.org/licenses/LICENSE-1.0"
  },
  "info": [
    {
      "id": 42830,
      "filename": "KAKAO_980_10.txt",
      "title": "KAKAO_980_10",
      "mediatype": "SNS",
      "medianame": "카카오톡",
      "category": "일상대화",
      "date": "2021-10-06",
      "size": 432,
      "annotations": {
        "subject": "스포츠/레저",
        "speaker_type": "1:1",
        "size": 432,
        "word_size": 150,
        "text": "1 : 키키 내가 보낸 사진 봐봐\n2 : 오 웬 물고기야?\n1 : 작은 아빠랑 애들 데리고 낚시하고 왔어! 키키\n2 : 근데 겨우 2마리 잡은 거야?\n1 : 키키 응응 잘 안 잡히더라고\n2 : 나도 바다 낚시 가고 싶다\n1 : 나도 ㅠㅠ 오늘은 하천 같은 곳에서 했거든 ㅠㅠ\n1 : 배 타고 낚시 가고 싶다\n2 : 앗 나는 뱃멀미 있어서 배는 말고 그냥 바다에서만 키키\n1 : 뱃멀미가 있구만 ㅠㅠ\n1 : 배 낚시하면 잡은 물고기 바로 매운탕 같은 거 끓여 먹고 재밌는데 ㅜ\n2 : 언니 생선 못 먹지 않아?\n1 : 응 못 먹어 키키\n1 : 그냥 기분만 내는 거지\n2 : 키키 뱃멀미는 없어?\n1 : 엄청 파도 심하게 치는 것만 아니면 뱃멀미 없어\n2 : 아 그렇군! 언니가 낚시 말하니까 갑자기 낚시하고 싶어지잖아!\n1 : 실내 낚시 카페 갈래?\n1 : 그런 데도 재밌더라\n2 : 광주에 그런 곳이 있어?",
        "lines": [
          {
            "id": 1,
            "text": "1 : 키키 내가 보낸 사진 봐봐",
            "norm_text": "키키 내가 보낸 사진 봐봐",
            "speaker": {
              "id": "1번",
              "sex": "여성",
              "age": "20대"
            },
            "speechAct": "(지시) 명령/요구하기",
            "morpheme": "키/NNG+키/XSV+ETN+내/NP+가/JKS+보낸/VV+ETM+사진/NNG+봐/VV+EC+봐/VX+EC"
          },
          {
            "id": 2,
            "text": "2 : 오 웬 물고기야?",
            "norm_text": "오 웬 물고기야?",
            "speaker": {
              "id": "2번",
              "sex": "여성",
              "age": "20대"
            },
            "speechAct": "(지시) 질문하기",
            "morpheme": "오웬/NNP+물고기/NNG+야/VCP+EF"
          },
          {
            "id": 3,
            "text": "1 : 작은 아빠랑 애들 데리고 낚시하고 왔어! 키키",
            "norm_text": "작은 아빠랑 애들 데리고 낚시하고 왔어! 키키",
            "speaker": {
              "id": "1번",
              "sex": "여성",
              "age": "20대"
            },
            "speechAct": "(단언) 진술하기",
            "morpheme": "작/VA+은/ETM+아빠/NNG+랑/JKB+애/NNG+들/XSN+데리/VV+고/EC+낚시/NNG+하/XSV+고/EC+왔/VX+EP+어/EF+키/NNG+키/XSV+ETN"
          },
          {
            "id": 4,
            "text": "2 : 근데 겨우 2마리 잡은 거야?",
            "norm_text": "근데 겨우 2마리 잡은 거야?",
            "speaker": {
              "id": "2번",
              "sex": "여성",
              "age": "20대"
            },
            "speechAct": "(지시) 질문하기",
            "morpheme": "근데/MAJ+겨우/MAG+2/SN+마리/NNBC+잡/VV+은/ETM+거/NNB+야/VCP+EF"
          },
          {
            "id": 5,
            "text": "1 : 키키 응응 잘 안 잡히더라고",
            "norm_text": "키키 응응 잘 안 잡히더라고",
            "speaker": {
              "id": "1번",
              "sex": "여성",
              "age": "20대"
            },
            "speechAct": "(단언) 진술하기",
            "morpheme": "키/NNG+키/XSV+ETN+응/IC+응/IC+잘/MAG+안/MAG+잡히/VV+더라고/EC"
          },
          {
            "id": 6,
            "text": "2 : 나도 바다 낚시 가고 싶다",
            "norm_text": "나도 바다 낚시 가고 싶다",
            "speaker": {
              "id": "2번",
              "sex": "여성",
              "age": "20대"
            },
            "speechAct": "(단언) 주장하기",
            "morpheme": "나/NP+도/JX+바다낚시/NNG+가/VV+고/EC+싶/VX+다/EC"
          },
          {
            "id": 7,
            "text": "1 : 나도 ㅠㅠ 오늘은 하천 같은 곳에서 했거든 ㅠㅠ",
            "norm_text": "나도 ㅠㅠ 오늘은 하천 같은 곳에서 했거든 ㅠㅠ",
            "speaker": {
              "id": "1번",
              "sex": "여성",
              "age": "20대"
            },
            "speechAct": "(단언) 진술하기",
            "morpheme": "나/NP+도/JX+ㅠㅠ/UNKNOWN+오늘/NNG+은/JX+하천/NNG+같/VA+은/ETM+곳/NNG+에서/JKB+했/VV+EP+거든/EF+ㅠㅠ/UNKNOWN"
          },
          {
            "id": 8,
            "text": "1 : 배 타고 낚시 가고 싶다",
            "norm_text": "배 타고 낚시 가고 싶다",
            "speaker": {
              "id": "1번",
              "sex": "여성",
              "age": "20대"
            },
            "speechAct": "(단언) 주장하기",
            "morpheme": "배/NNG+타/VV+고/EC+낚시/NNG+가/VV+고/EC+싶/VX+다/EC"
          },
          {
            "id": 9,
            "text": "2 : 앗 나는 뱃멀미 있어서 배는 말고 그냥 바다에서만 키키",
            "norm_text": "앗 나는 뱃멀미 있어서 배는 말고 그냥 바다에서만 키키",
            "speaker": {
              "id": "2번",
              "sex": "여성",
              "age": "20대"
            },
            "speechAct": "(단언) 주장하기",
            "morpheme": "앗/IC+나/NP+는/JX+뱃멀미/NNG+있/VV+어서/EC+배/NNG+는/JX+말/VX+고/EC+그냥/MAG+바다/NNG+에서/JKB+만/JX+키/NNG+키/XSV+ETN"
          },
          {
            "id": 10,
            "text": "1 : 뱃멀미가 있구만 ㅠㅠ",
            "norm_text": "뱃멀미가 있구만 ㅠㅠ",
            "speaker": {
              "id": "1번",
              "sex": "여성",
              "age": "20대"
            },
            "speechAct": "(단언) 주장하기",
            "morpheme": "뱃멀미/NNG+가/JKS+있/VA+구/EC+만/JX+ㅠㅠ/UNKNOWN"
          },
          {
            "id": 11,
            "text": "1 : 배 낚시하면 잡은 물고기 바로 매운탕 같은 거 끓여 먹고 재밌는데 ㅜ",
            "norm_text": "배 낚시하면 잡은 물고기 바로 매운탕 같은 거 끓여 먹고 재밌는데 ㅜ",
            "speaker": {
              "id": "1번",
              "sex": "여성",
              "age": "20대"
            },
            "speechAct": "(단언) 주장하기",
            "morpheme": "배낚시/NNG+하/XSV+면/EC+잡/VV+은/ETM+물고기/NNG+바로/MAG+매운탕/NNG+같/VA+은/ETM+거/NNB+끓여/VV+EC+먹/VV+고/EC+재밌/VA+는/ETM+데ㅜ/UNKNOWN"
          },
          {
            "id": 12,
            "text": "2 : 언니 생선 못 먹지 않아?",
            "norm_text": "언니 생선 못 먹지 않아?",
            "speaker": {
              "id": "2번",
              "sex": "여성",
              "age": "20대"
            },
            "speechAct": "(지시) 질문하기",
            "morpheme": "언니/NNG+생선/NNG+못/MAG+먹/VV+지/EC+않/VX+아/EF"
          },
          {
            "id": 13,
            "text": "1 : 응 못 먹어 키키",
            "norm_text": "응 못 먹어 키키",
            "speaker": {
              "id": "1번",
              "sex": "여성",
              "age": "20대"
            },
            "speechAct": "(단언) 진술하기",
            "morpheme": "응/IC+못/MAG+먹/VV+어/EC+키/NNG+키/XSV+ETN"
          },
          {
            "id": 14,
            "text": "1 : 그냥 기분만 내는 거지",
            "norm_text": "그냥 기분만 내는 거지",
            "speaker": {
              "id": "1번",
              "sex": "여성",
              "age": "20대"
            },
            "speechAct": "(단언) 진술하기",
            "morpheme": "그냥/MAG+기분/NNG+만/JX+내/VV+는/ETM+거/NNB+지/VCP+EC"
          },
          {
            "id": 15,
            "text": "2 : 키키 뱃멀미는 없어?",
            "norm_text": "키키 뱃멀미는 없어?",
            "speaker": {
              "id": "2번",
              "sex": "여성",
              "age": "20대"
            },
            "speechAct": "(지시) 질문하기",
            "morpheme": "키/NNG+키/NNG+뱃멀미/NNG+는/JX+없/VA+어/EF"
          },
          {
            "id": 16,
            "text": "1 : 엄청 파도 심하게 치는 것만 아니면 뱃멀미 없어",
            "norm_text": "엄청 파도 심하게 치는 것만 아니면 뱃멀미 없어",
            "speaker": {
              "id": "1번",
              "sex": "여성",
              "age": "20대"
            },
            "speechAct": "(단언) 진술하기",
            "morpheme": "엄청/MAG+파/NNG+도/JX+심하/VA+게/EC+치/VV+는/ETM+것/NNB+만/JX+아니/VCN+면/EC+뱃멀미/NNG+없/VA+어/EC"
          },
          {
            "id": 17,
            "text": "2 : 아 그렇군! 언니가 낚시 말하니까 갑자기 낚시하고 싶어지잖아!",
            "norm_text": "아 그렇군! 언니가 낚시 말하니까 갑자기 낚시하고 싶어지잖아!",
            "speaker": {
              "id": "2번",
              "sex": "여성",
              "age": "20대"
            },
            "speechAct": "(단언) 주장하기",
            "morpheme": "아/IC+그렇/VA+군/EF+언니/NNG+가/JKS+낚시/NNG+말/NNG+하/XSV+니까/EC+갑자기/MAG+낚시/NNG+하/XSV+고/EC+싶/VX+어/EC+지/VX+잖아/EF"
          },
          {
            "id": 18,
            "text": "1 : 실내 낚시 카페 갈래?",
            "norm_text": "실내 낚시 카페 갈래?",
            "speaker": {
              "id": "1번",
              "sex": "여성",
              "age": "20대"
            },
            "speechAct": "(지시) 질문하기",
            "morpheme": "실내/NNG+낚시/NNG+카페/NNG+갈래/VV+EF"
          },
          {
            "id": 19,
            "text": "1 : 그런 데도 재밌더라",
            "norm_text": "그런 데도 재밌더라",
            "speaker": {
              "id": "1번",
              "sex": "여성",
              "age": "20대"
            },
            "speechAct": "(단언) 주장하기",
            "morpheme": "그런데/MAJ+도/JX+재밌/VA+더라/EC"
          },
          {
            "id": 20,
            "text": "2 : 광주에 그런 곳이 있어?",
            "norm_text": "광주에 그런 곳이 있어?",
            "speaker": {
              "id": "2번",
              "sex": "여성",
              "age": "20대"
            },
            "speechAct": "(지시) 질문하기",
            "morpheme": "광주/NNP+에/JKB+그런/MM+곳/NNB+이/JKS+있/VA+어/EF"
          }
        ]
      }
    }
  ]
}