{
  "dataset": {
    "identifier": 31753,
    "name": "KAKAO_937_02_set",
    "src_path": "/data/file/cubeManager/PROJECT001/53/txt20211005162543049752/KAKAO_937_02_set/",
    "label_path": "/data/file/cubeManager/PROJECT001/53/txt20211005162543049752/KAKAO_937_02_set/",
    "category": 2,
    "type": 0
  },
  "licenses": {
    "name": "Apache License 1.0",
    "url": "http://www.apache.org/licenses/LICENSE-1.0"
  },
  "info": [
    {
      "id": 42339,
      "filename": "KAKAO_937_02.txt",
      "title": "KAKAO_937_02",
      "mediatype": "SNS",
      "medianame": "카카오톡",
      "category": "일상대화",
      "date": "2021-10-05",
      "size": 412,
      "annotations": {
        "subject": "주거와 생활",
        "speaker_type": "1:1",
        "size": 412,
        "word_size": 141,
        "text": "1 : 언니는 인테리어 직접 하는 거 좋아해?\n2 : 한번도 안 해봤는데 해보고 싶어 ㅠㅠ\n1 : 그치 요즘 셀프시공이 되게 유행이래\n2 : 맞아 나 이번에 아는 동생 셀프로 했다더라!\n1 : 오 나는 조금씩 바꾸고 있어 키키 내방\n2 : 어떤 거 바꾸고 있는 거야?\n1 : 조명을 사서 달아봤는데 완전 예뻐 키키\n2 : 헐 조명도 바꾸고 있구나\n2 : 손재주가 좋아?\n1 : 그건 아니지만 하하\n1 : 확실히 방 분위기가 달라\n2 : 그런 조명은 어디서 사는거야?\n1 : 음 나는 인스타 마켓 아니면 이케아!\n2 : 이케아에서 조명도 팔고 있어?\n1 : 응 맞아!\n1 : 직접 가서 구경하고 빛도 볼 수 있어!\n2 : 나 한번도 안 가봤는데 ㅠㅠ\n2 : 가보고 싶다 ㅠㅠ\n1 : 생각 보다 좋더라고~\n1 : 언니 거기 구경 가봐\n2 : 다음에 트럭 가지고 가볼 거야 키키",
        "lines": [
          {
            "id": 1,
            "text": "1 : 언니는 인테리어 직접 하는 거 좋아해?",
            "norm_text": "언니는 인테리어 직접 하는 거 좋아해?",
            "speaker": {
              "id": "1번",
              "sex": "여성",
              "age": "20대"
            },
            "speechAct": "(지시) 질문하기",
            "morpheme": "언니/NNG+는/JX+인테리어/NNG+직접/NNG+하/XSV+는/ETM+거/NNB+좋/VA+아/EC+해/VX+EF"
          },
          {
            "id": 2,
            "text": "2 : 한번도 안 해봤는데 해보고 싶어 ㅠㅠ",
            "norm_text": "한번도 안 해봤는데 해보고 싶어 ㅠㅠ",
            "speaker": {
              "id": "2번",
              "sex": "여성",
              "age": "20대"
            },
            "speechAct": "(단언) 주장하기",
            "morpheme": "한/MM+번/NNBC+도/JX+안/MAG+해/VV+EC+봤/VX+EP+는데/EC+해/VV+EC+보/VX+고/EC+싶/VX+어/EC+ㅠㅠ/UNKNOWN"
          },
          {
            "id": 3,
            "text": "1 : 그치 요즘 셀프시공이 되게 유행이래",
            "norm_text": "그치 요즘 셀프시공이 되게 유행이래",
            "speaker": {
              "id": "1번",
              "sex": "여성",
              "age": "20대"
            },
            "speechAct": "(단언) 진술하기",
            "morpheme": "그치/IC+요즘/MAG+셀프/NNG+시공/NNG+이/JKS+되게/MAG+유행/NNG+이래/NNB"
          },
          {
            "id": 4,
            "text": "2 : 맞아 나 이번에 아는 동생 셀프로 했다더라!",
            "norm_text": "맞아 나 이번에 아는 동생 셀프로 했다더라!",
            "speaker": {
              "id": "2번",
              "sex": "여성",
              "age": "20대"
            },
            "speechAct": "(단언) 진술하기",
            "morpheme": "맞/VV+아나/EC+이번/NNG+에/JKB+아/VV+는/ETM+동생/NNG+셀/VV+ETM+프로/NNG+했/XSV+EP+다더라/EF"
          },
          {
            "id": 5,
            "text": "1 : 오 나는 조금씩 바꾸고 있어 키키 내방",
            "norm_text": "오 나는 조금씩 바꾸고 있어 키키 내방",
            "speaker": {
              "id": "1번",
              "sex": "여성",
              "age": "20대"
            },
            "speechAct": "(단언) 진술하기",
            "morpheme": "오/IC+나/NP+는/JX+조금/NNG+씩/XSN+바꾸/VV+고/EC+있/VX+어/EC+키키/NNP+내방/NNP"
          },
          {
            "id": 6,
            "text": "2 : 어떤 거 바꾸고 있는 거야?",
            "norm_text": "어떤 거 바꾸고 있는 거야?",
            "speaker": {
              "id": "2번",
              "sex": "여성",
              "age": "20대"
            },
            "speechAct": "(지시) 질문하기",
            "morpheme": "어떤/MM+거/NNB+바꾸/VV+고/EC+있/VX+는/ETM+거/NNB+야/VCP+EF"
          },
          {
            "id": 7,
            "text": "1 : 조명을 사서 달아봤는데 완전 예뻐 키키",
            "norm_text": "조명을 사서 달아봤는데 완전 예뻐 키키",
            "speaker": {
              "id": "1번",
              "sex": "여성",
              "age": "20대"
            },
            "speechAct": "(단언) 진술하기",
            "morpheme": "조명/NNG+을/JKO+사/VV+서/EC+달/VX+아/EC+봤/VX+EP+는데/EC+완전/MAG+예뻐/VA+EC+키/NNG+키/XSV+ETN"
          },
          {
            "id": 8,
            "text": "2 : 헐 조명도 바꾸고 있구나",
            "norm_text": "헐 조명도 바꾸고 있구나",
            "speaker": {
              "id": "2번",
              "sex": "여성",
              "age": "20대"
            },
            "speechAct": "(단언) 주장하기",
            "morpheme": "헐/IC+조명/NNG+도/JX+바꾸/VV+고/EC+있/VX+구나/EC"
          },
          {
            "id": 9,
            "text": "2 : 손재주가 좋아?",
            "norm_text": "손재주가 좋아?",
            "speaker": {
              "id": "2번",
              "sex": "여성",
              "age": "20대"
            },
            "speechAct": "(지시) 질문하기",
            "morpheme": "손재주/NNG+가/JKS+좋/VA+아/EF"
          },
          {
            "id": 10,
            "text": "1 : 그건 아니지만 하하",
            "norm_text": "그건 아니지만 하하",
            "speaker": {
              "id": "1번",
              "sex": "여성",
              "age": "20대"
            },
            "speechAct": "(단언) 주장하기",
            "morpheme": "그건/NP+JX+아니/VCN+지만/EC+하하/MAG"
          },
          {
            "id": 11,
            "text": "1 : 확실히 방 분위기가 달라",
            "norm_text": "확실히 방 분위기가 달라",
            "speaker": {
              "id": "1번",
              "sex": "여성",
              "age": "20대"
            },
            "speechAct": "(단언) 진술하기",
            "morpheme": "확실히/MAG+방/NNG+분위기/NNG+가/JKS+달라/VA+EC"
          },
          {
            "id": 12,
            "text": "2 : 그런 조명은 어디서 사는거야?",
            "norm_text": "그런 조명은 어디서 사는거야?",
            "speaker": {
              "id": "2번",
              "sex": "여성",
              "age": "20대"
            },
            "speechAct": "(지시) 질문하기",
            "morpheme": "그런/MM+조명/NNG+은/JX+어디/NP+서/JKB+사/VV+는/ETM+거/NNB+야/VCP+EF"
          },
          {
            "id": 13,
            "text": "1 : 음 나는 인스타 마켓 아니면 이케아!",
            "norm_text": "음 나는 인스타 마켓 아니면 이케아!",
            "speaker": {
              "id": "1번",
              "sex": "여성",
              "age": "20대"
            },
            "speechAct": "(단언) 주장하기",
            "morpheme": "음/IC+나/NP+는/JX+인스/NNP+타마/NNP+켓/NNP+아니/VCN+면/EC+이케아/NNP"
          },
          {
            "id": 14,
            "text": "2 : 이케아에서 조명도 팔고 있어?",
            "norm_text": "이케아에서 조명도 팔고 있어?",
            "speaker": {
              "id": "2번",
              "sex": "여성",
              "age": "20대"
            },
            "speechAct": "(지시) 질문하기",
            "morpheme": "이케아/NNP+에서/JKB+조명/NNG+도/JX+팔/VV+고/EC+있/VX+어/EF"
          },
          {
            "id": 15,
            "text": "1 : 응 맞아!",
            "norm_text": "응 맞아!",
            "speaker": {
              "id": "1번",
              "sex": "여성",
              "age": "20대"
            },
            "speechAct": "(단언) 주장하기",
            "morpheme": "응/IC+맞/VV+아/EF"
          },
          {
            "id": 16,
            "text": "1 : 직접 가서 구경하고 빛도 볼 수 있어!",
            "norm_text": "직접 가서 구경하고 빛도 볼 수 있어!",
            "speaker": {
              "id": "1번",
              "sex": "여성",
              "age": "20대"
            },
            "speechAct": "(단언) 진술하기",
            "morpheme": "직접/MAG+가/VV+서/EC+구경/NNG+하/XSV+고/EC+빛/NNG+도/JX+볼/VV+ETM+수/NNB+있/VV+어/EF"
          },
          {
            "id": 17,
            "text": "2 : 나 한번도 안 가봤는데 ㅠㅠ",
            "norm_text": "나 한번도 안 가봤는데 ㅠㅠ",
            "speaker": {
              "id": "2번",
              "sex": "여성",
              "age": "20대"
            },
            "speechAct": "(단언) 진술하기",
            "morpheme": "나/NP+한/MM+번/NNBC+도/JX+안/MAG+가/VV+EC+봤/VX+EP+는데/EC+ㅠㅠ/UNKNOWN"
          },
          {
            "id": 18,
            "text": "2 : 가보고 싶다 ㅠㅠ",
            "norm_text": "가보고 싶다 ㅠㅠ",
            "speaker": {
              "id": "2번",
              "sex": "여성",
              "age": "20대"
            },
            "speechAct": "(단언) 주장하기",
            "morpheme": "가보고싶다ㅠㅠ/UNKNOWN"
          },
          {
            "id": 19,
            "text": "1 : 생각 보다 좋더라고~",
            "norm_text": "생각 보다 좋더라고~",
            "speaker": {
              "id": "1번",
              "sex": "여성",
              "age": "20대"
            },
            "speechAct": "(단언) 주장하기",
            "morpheme": "생각/NNG+보다/JKB+좋/VA+더라고/EC+~/SY"
          },
          {
            "id": 20,
            "text": "1 : 언니 거기 구경 가봐",
            "norm_text": "언니 거기 구경 가봐",
            "speaker": {
              "id": "1번",
              "sex": "여성",
              "age": "20대"
            },
            "speechAct": "(지시) 충고/제안하기",
            "morpheme": "언니/NNG+거기/NP+구경/NNG+가/JKC+봐/VV+EC"
          },
          {
            "id": 21,
            "text": "2 : 다음에 트럭 가지고 가볼 거야 키키",
            "norm_text": "다음에 트럭 가지고 가볼 거야 키키",
            "speaker": {
              "id": "2번",
              "sex": "여성",
              "age": "20대"
            },
            "speechAct": "(언약) 약속하기(제3자와)/(개인적 수준)",
            "morpheme": "다음/NNG+에/JKB+트럭/NNG+가지/VV+고/EC+가/JKS+볼/VV+ETM+거/NNB+야/VCP+EF+키/NNG+키/XSV+ETN"
          }
        ]
      }
    }
  ]
}