{
  "dataset": {
    "identifier": 60156,
    "name": "KAKAO_984_12_set",
    "src_path": "/data/file/cubeManager/PROJECT001/53/txt20211006122038087661/KAKAO_984_12_set/",
    "label_path": "/data/file/cubeManager/PROJECT001/53/txt20211006122038087661/KAKAO_984_12_set/",
    "category": 2,
    "type": 0
  },
  "licenses": {
    "name": "Apache License 1.0",
    "url": "http://www.apache.org/licenses/LICENSE-1.0"
  },
  "info": [
    {
      "id": 42872,
      "filename": "KAKAO_984_12.txt",
      "title": "KAKAO_984_12",
      "mediatype": "SNS",
      "medianame": "카카오톡",
      "category": "일상대화",
      "date": "2021-10-06",
      "size": 490,
      "annotations": {
        "subject": "여행",
        "speaker_type": "1:1",
        "size": 490,
        "word_size": 158,
        "text": "1 : 포항도 여행 가기 참 좋은 도시인 거 같아 가깝고\n2 : 그치. 예쁘더라고,\n2 : 우리는 바다에 사는데도 바다 있는 곳을 좋아해.\n1 : 그러게 키키 포항 바다는 좀 다른 느낌이어서 그런가?\n2 : 그치 그치. 약간 아기자기한 느낌이야\n1 : 오도리 해수욕장이라고 있는데 엄청 아기자기해\n2 : 이름도 예쁜데? 담에 가볼게\n1 : 거기 펜션도 많구 키키 좀 조용해서 괜찮아 ㅋ\n2 : 요즘은 조용하고 한적한 곳에 여행 가는 게 너무 좋아\n1 : 그치 아까 말한 동백꽃 필 무렵 촬영장 거기도 괜찮아\n2 : 좋을 것 같아.\n2 : 나는 통영도 참 좋아해\n1 : 통영도 동피랑이나 유명한 스팟 많잖아\n2 : 응 맞아. 거기도 참 예쁜 것 같아 맛있는 것도 많고\n1 : 쌍욕라떼 기억난다 빈정 상했던 기억\n2 : 키키 아 거기 엄청 유명하지. 키키\n2 : 나는 욕먹으면서 가긴 싫어\n1 : 욕 적어 주세요 하니까 매사에 지멋대로인 년?이었나 키키\n1 : 어이없었음 키키\n2 : 키키 니가 뭘 알아... 하지",
        "lines": [
          {
            "id": 1,
            "text": "1 : 포항도 여행 가기 참 좋은 도시인 거 같아 가깝고",
            "norm_text": "포항도 여행 가기 참 좋은 도시인 거 같아 가깝고",
            "speaker": {
              "id": "1번",
              "sex": "여성",
              "age": "30대"
            },
            "speechAct": "(단언) 진술하기",
            "morpheme": "포항/NNG+도/JX+여행가/NNG+기참/NNG+좋/VA+은/ETM+도시/NNG+인/VCP+ETM+거/NNB+같/VA+아/EC+가깝/VA+고/EC"
          },
          {
            "id": 2,
            "text": "2 : 그치. 예쁘더라고,",
            "norm_text": "그치. 예쁘더라고,",
            "speaker": {
              "id": "2번",
              "sex": "여성",
              "age": "30대"
            },
            "speechAct": "(표현) 긍정감정 표현하기",
            "morpheme": "그치/IC+예쁘/VA+더라고/EF+,/SC"
          },
          {
            "id": 3,
            "text": "2 : 우리는 바다에 사는데도 바다 있는 곳을 좋아해.",
            "norm_text": "우리는 바다에 사는데도 바다 있는 곳을 좋아해.",
            "speaker": {
              "id": "2번",
              "sex": "여성",
              "age": "30대"
            },
            "speechAct": "(단언) 주장하기",
            "morpheme": "우리/NP+는/JX+바다/NNG+에/JKB+사/VV+는/ETM+데/NNB+도/JX+바다/NNG+있/VA+는/ETM+곳/NNG+을/JKO+좋아해/VV+EF"
          },
          {
            "id": 4,
            "text": "1 : 그러게 키키 포항 바다는 좀 다른 느낌이어서 그런가?",
            "norm_text": "그러게 키키 포항 바다는 좀 다른 느낌이어서 그런가?",
            "speaker": {
              "id": "1번",
              "sex": "여성",
              "age": "30대"
            },
            "speechAct": "(지시) 질문하기",
            "morpheme": "그러게/IC+키키/NNP+포항/NNP+바다/NNG+는/JX+좀/MAG+다른/MM+느낌/NNG+이/VCP+어서/EC+그런가/VA+EF"
          },
          {
            "id": 5,
            "text": "2 : 그치 그치. 약간 아기자기한 느낌이야",
            "norm_text": "그치 그치. 약간 아기자기한 느낌이야",
            "speaker": {
              "id": "2번",
              "sex": "여성",
              "age": "30대"
            },
            "speechAct": "(단언) 진술하기",
            "morpheme": "그치/IC+그치/IC+약간/MAG+아기자기/XR+한/XSA+ETM+느낌/NNG+이/VCP+야/EC"
          },
          {
            "id": 6,
            "text": "1 : 오도리 해수욕장이라고 있는데 엄청 아기자기해",
            "norm_text": "오도리 해수욕장이라고 있는데 엄청 아기자기해",
            "speaker": {
              "id": "1번",
              "sex": "여성",
              "age": "30대"
            },
            "speechAct": "(단언) 진술하기",
            "morpheme": "오도리/NNP+해수욕장/NNG+이/VCP+라고/EC+있/VX+는데/EC+엄청/MAG+아기자기/MAG+해/VV+EC"
          },
          {
            "id": 7,
            "text": "2 : 이름도 예쁜데? 담에 가볼게",
            "norm_text": "이름도 예쁜데? 담에 가볼게",
            "speaker": {
              "id": "2번",
              "sex": "여성",
              "age": "30대"
            },
            "speechAct": "(단언) 주장하기",
            "morpheme": "이름/NNG+도/JX+예쁜데/VA+EC+?/SY+담/NNG+에/JKB+가/VV+볼게/EC+VX+EC"
          },
          {
            "id": 8,
            "text": "1 : 거기 펜션도 많구 키키 좀 조용해서 괜찮아 ㅋ",
            "norm_text": "거기 펜션도 많구 키키 좀 조용해서 괜찮아 ㅋ",
            "speaker": {
              "id": "1번",
              "sex": "여성",
              "age": "30대"
            },
            "speechAct": "(단언) 주장하기",
            "morpheme": "거기/NP+펜션/NNG+도/JX+많/VA+구/EC+키/NNG+키/NNG+좀/MAG+조용/XR+해서/XSA+EC+괜찮/VA+아/EC+ㅋ/UNKNOWN"
          },
          {
            "id": 9,
            "text": "2 : 요즘은 조용하고 한적한 곳에 여행 가는 게 너무 좋아",
            "norm_text": "요즘은 조용하고 한적한 곳에 여행 가는 게 너무 좋아",
            "speaker": {
              "id": "2번",
              "sex": "여성",
              "age": "30대"
            },
            "speechAct": "(단언) 주장하기",
            "morpheme": "요즘/NNG+은/JX+조용/XR+하/XSA+고/EC+한적/XR+한/XSA+ETM+곳/NNG+에/JKB+여행/NNG+가/VV+는/ETM+게/NNB+JKS+너무/MAG+좋/VA+아/EC"
          },
          {
            "id": 10,
            "text": "1 : 그치 아까 말한 동백꽃 필 무렵 촬영장 거기도 괜찮아",
            "norm_text": "그치 아까 말한 동백꽃 필 무렵 촬영장 거기도 괜찮아",
            "speaker": {
              "id": "1번",
              "sex": "여성",
              "age": "30대"
            },
            "speechAct": "(단언) 주장하기",
            "morpheme": "그치/IC+아까/MAG+말/NNG+한/XSA+ETM+동백/NNG+꽃필/VV+ETM+무렵/NNB+촬영장/NNG+거기/NP+도/JX+괜찮/VA+아/EC"
          },
          {
            "id": 11,
            "text": "2 : 좋을 것 같아.",
            "norm_text": "좋을 것 같아.",
            "speaker": {
              "id": "2번",
              "sex": "여성",
              "age": "30대"
            },
            "speechAct": "(표현) 긍정감정 표현하기",
            "morpheme": "좋/VA+을/ETM+것/NNB+같/VA+아/EF"
          },
          {
            "id": 12,
            "text": "2 : 나는 통영도 참 좋아해",
            "norm_text": "나는 통영도 참 좋아해",
            "speaker": {
              "id": "2번",
              "sex": "여성",
              "age": "30대"
            },
            "speechAct": "(단언) 주장하기",
            "morpheme": "나/NP+는/JX+통영/NNG+도/JX+참/MAG+좋/VA+아/EC+해/VV+EC"
          },
          {
            "id": 13,
            "text": "1 : 통영도 동피랑이나 유명한 스팟 많잖아",
            "norm_text": "통영도 동피랑이나 유명한 스팟 많잖아",
            "speaker": {
              "id": "1번",
              "sex": "여성",
              "age": "30대"
            },
            "speechAct": "(단언) 주장하기",
            "morpheme": "통영/NNG+도동/NNG+피/NNG+랑/JKB+이나/JX+유명/XR+한/XSA+ETM+스팟/NNG+많/VA+잖아/EC"
          },
          {
            "id": 14,
            "text": "2 : 응 맞아. 거기도 참 예쁜 것 같아 맛있는 것도 많고",
            "norm_text": "응 맞아. 거기도 참 예쁜 것 같아 맛있는 것도 많고",
            "speaker": {
              "id": "2번",
              "sex": "여성",
              "age": "30대"
            },
            "speechAct": "(단언) 주장하기",
            "morpheme": "응/IC+맞/VV+아/EF+거기/NP+도/JX+참/MAG+예쁜/VA+ETM+것/NNB+같/VA+아/EC+맛있/VA+는/ETM+것/NNB+도/JX+많/VA+고/EC"
          },
          {
            "id": 15,
            "text": "1 : 쌍욕라떼 기억난다 빈정 상했던 기억",
            "norm_text": "쌍욕라떼 기억난다 빈정 상했던 기억",
            "speaker": {
              "id": "1번",
              "sex": "여성",
              "age": "30대"
            },
            "speechAct": "(단언) 진술하기",
            "morpheme": "쌍욕/NNG+라떼/NNG+기억/NNG+난다/VV+EC+빈/VV+ETM+정상/NNG+했/XSV+EP+던/ETM+기억/NNG"
          },
          {
            "id": 16,
            "text": "2 : 키키 아 거기 엄청 유명하지. 키키",
            "norm_text": "키키 아 거기 엄청 유명하지. 키키",
            "speaker": {
              "id": "2번",
              "sex": "여성",
              "age": "30대"
            },
            "speechAct": "(표현) 긍정감정 표현하기",
            "morpheme": "키키/NNP+아/JKV+거기/NP+엄청/MAG+유명/NNG+하/XSA+지/EF+키/NNG+키/XSV+ETN"
          },
          {
            "id": 17,
            "text": "2 : 나는 욕먹으면서 가긴 싫어",
            "norm_text": "나는 욕먹으면서 가긴 싫어",
            "speaker": {
              "id": "2번",
              "sex": "여성",
              "age": "30대"
            },
            "speechAct": "(단언) 주장하기",
            "morpheme": "나/NP+는/JX+욕먹/VV+으면서/EC+가/VX+긴/ETN+JX+싫/VA+어/EC"
          },
          {
            "id": 18,
            "text": "1 : 욕 적어 주세요 하니까 매사에 지멋대로인 년?이었나 키키",
            "norm_text": "욕 적어 주세요 하니까 매사에 지멋대로인 년?이었나 키키",
            "speaker": {
              "id": "1번",
              "sex": "여성",
              "age": "30대"
            },
            "speechAct": "(지시) 질문하기",
            "morpheme": "욕/NNG+적/VA+어/EC+주/VX+세요/EP+EF+하/VV+니까/EC+매사/NNG+에/JKB+지멋대로/MAG+인년/NNG+?/SY+이/VCP+었/EP+나/EC+키/NNG+키/XSV+ETN"
          },
          {
            "id": 19,
            "text": "1 : 어이없었음 키키",
            "norm_text": "어이없었음 키키",
            "speaker": {
              "id": "1번",
              "sex": "여성",
              "age": "30대"
            },
            "speechAct": "(단언) 진술하기",
            "morpheme": "어이없/VA+었/EP+음/ETN+키/NNG+키/XSV+ETN"
          },
          {
            "id": 20,
            "text": "2 : 키키 니가 뭘 알아... 하지",
            "norm_text": "키키 니가 뭘 알아... 하지",
            "speaker": {
              "id": "2번",
              "sex": "여성",
              "age": "30대"
            },
            "speechAct": "(지시) 질문하기",
            "morpheme": "키/NNG+키/XSV+ETN+니/NP+가/JKS+뭘/NP+JKO+알/VV+아/EF+./SY+하/VV+지/EC"
          }
        ]
      }
    }
  ]
}