{
  "dataset": {
    "identifier": 67889,
    "name": "KAKAO_981_11_set",
    "src_path": "/data/file/cubeManager/PROJECT001/53/txt20211006122540083262/KAKAO_981_11_set/",
    "label_path": "/data/file/cubeManager/PROJECT001/53/txt20211006122540083262/KAKAO_981_11_set/",
    "category": 2,
    "type": 0
  },
  "licenses": {
    "name": "Apache License 1.0",
    "url": "http://www.apache.org/licenses/LICENSE-1.0"
  },
  "info": [
    {
      "id": 43011,
      "filename": "KAKAO_981_11.txt",
      "title": "KAKAO_981_11",
      "mediatype": "SNS",
      "medianame": "카카오톡",
      "category": "일상대화",
      "date": "2021-10-06",
      "size": 788,
      "annotations": {
        "subject": "게임",
        "speaker_type": "다자간 대화",
        "size": 788,
        "word_size": 244,
        "text": "1 : 와 페이커 진짜 잘나가네요 광고도 많이 찍고\n2 : 페이커? 그게 누구예요?\n3 : 아 롤 프로 선수예요!\n1 : 네네 리그 오브 레전드라는 스타같이 유명한 게임에서 탑 찍은 사람!\n2 : 아 그래요? 무슨 광고를 찍었어요?\n3 : 이번에 바디프렌드도 찍은 거 같던데 각 스포츠 분야의 탑 들만요\n1 : 그래서 와 이스포츠가 이제는 정말로 스포츠로 인정받는구나 했어요\n2 : 스타크래프트는 알아요! 프로 선수들 임요환도 있고 홍진호도 있고 하잖아요\n3 : 저는 스타는 잘 모르지만 롤은 그래도 좀 알아요 오빠랑도 몇 번 해봤어요!\n1 : 저도 한번 해봤는데 전 좀 안 맞더라고요\n2 : 저는 안 해봤어요 어떻게 하는 거예요?\n3 : 아 이게 막 팀을 짜서 하는 건데 자기 구역을 지키면서 남의 구역을 다 침범해서 부수면 이기는 게임이에요\n1 : 아 근데 뭔가 끝나지가 않는 느낌이더라고요\n2 : 뭔가 저랑은 잘 안 맞을 거 같은 게임이네요 하하\n3 : 언니가 말한 게 뭔지 알 것 같아요 죽어도 죽지를 않는...\n1 : 맞아요 제가 야구를 싫어하는 게 그런 거거든요 언제 끝나는지 알 수가 없어서\n2 : 근데 그걸 부수면 끝난 다는 거 아니었어요?\n3 : 그렇긴 한데 그래도 플레이어는 계속 살아나요 부수기 전까지\n1 : 맞아요 그리고 제가 못하니까 자꾸 킬 당해서 짜증 나요\n2 : 저도 게임 잘 못해서 막 지면 화날 것 같아요\n3 : 저는 그래서 주로 컴퓨터랑 했었어요\n1 : 아 맞아요 그럼 좀 낫더라고요 아무래도 욕은 안 먹으니까\n2 : 페이커는 그 롤을 엄청 잘하는 거예요?\n3 : 네네 요즘은 좀 기복이 있는데 그래도 엄청 잘해요!",
        "lines": [
          {
            "id": 1,
            "text": "1 : 와 페이커 진짜 잘나가네요 광고도 많이 찍고",
            "norm_text": "와 페이커 진짜 잘나가네요 광고도 많이 찍고",
            "speaker": {
              "id": "1번",
              "sex": "여성",
              "age": "30대"
            },
            "speechAct": "(단언) 주장하기",
            "morpheme": "와/IC+페이커/NNP+진짜/MAG+잘/MAG+나가/VV+네요/EF+광고/NNG+도/JX+많이/MAG+찍/VV+고/EC"
          },
          {
            "id": 2,
            "text": "2 : 페이커? 그게 누구예요?",
            "norm_text": "페이커? 그게 누구예요?",
            "speaker": {
              "id": "2번",
              "sex": "여성",
              "age": "40대"
            },
            "speechAct": "(지시) 질문하기",
            "morpheme": "페이커/NNP+그게/NP+JKS+누구/NP+예요/VCP+EF"
          },
          {
            "id": 3,
            "text": "3 : 아 롤 프로 선수예요!",
            "norm_text": "아 롤 프로 선수예요!",
            "speaker": {
              "id": "3번",
              "sex": "여성",
              "age": "10대"
            },
            "speechAct": "(단언) 진술하기",
            "morpheme": "아/IC+롤/NNG+프로/NNG+선수/NNG+예요/VCP+EF"
          },
          {
            "id": 4,
            "text": "1 : 네네 리그 오브 레전드라는 스타같이 유명한 게임에서 탑 찍은 사람!",
            "norm_text": "네네 리그 오브 레전드라는 스타같이 유명한 게임에서 탑 찍은 사람!",
            "speaker": {
              "id": "1번",
              "sex": "여성",
              "age": "30대"
            },
            "speechAct": "(단언) 진술하기",
            "morpheme": "네/NP+네/XSN+리그/NNG+오브/NNP+레전드/NNP+라는/VCP+ETM+스타/NNG+같이/JKB+유명/XR+한/XSA+ETM+게임/NNG+에서/JKB+탑/NNG+찍/VV+은/ETM+사람/NNG"
          },
          {
            "id": 5,
            "text": "2 : 아 그래요? 무슨 광고를 찍었어요?",
            "norm_text": "아 그래요? 무슨 광고를 찍었어요?",
            "speaker": {
              "id": "2번",
              "sex": "여성",
              "age": "40대"
            },
            "speechAct": "(지시) 질문하기",
            "morpheme": "아/IC+그래요/VV+EF+무슨/MM+광고/NNG+를/JKO+찍/VV+었/EP+어요/EF"
          },
          {
            "id": 6,
            "text": "3 : 이번에 바디프렌드도 찍은 거 같던데 각 스포츠 분야의 탑 들만요",
            "norm_text": "이번에 바디프렌드도 찍은 거 같던데 각 스포츠 분야의 탑 들만요",
            "speaker": {
              "id": "3번",
              "sex": "여성",
              "age": "10대"
            },
            "speechAct": "(단언) 진술하기",
            "morpheme": "이번/NNG+에/JKB+바디/NNG+프렌드/NNG+도/JX+찍/VV+은/ETM+거/NNB+같/VA+던데/EC+각/MM+스포츠/NNG+분야/NNG+의/JKG+탑/NNG+들/XSN+만/JX+요/JX"
          },
          {
            "id": 7,
            "text": "1 : 그래서 와 이스포츠가 이제는 정말로 스포츠로 인정받는구나 했어요",
            "norm_text": "그래서 와 이스포츠가 이제는 정말로 스포츠로 인정받는구나 했어요",
            "speaker": {
              "id": "1번",
              "sex": "여성",
              "age": "30대"
            },
            "speechAct": "(단언) 주장하기",
            "morpheme": "그래서/MAJ+와이/MM+스포츠/NNG+가/JKS+이제/NNG+는/JX+정말로/MAG+스포츠/NNG+로/JKB+인정받/VV+는구나/EC+했/VX+EP+어요/EF"
          },
          {
            "id": 8,
            "text": "2 : 스타크래프트는 알아요! 프로 선수들 임요환도 있고 홍진호도 있고 하잖아요",
            "norm_text": "스타크래프트는 알아요! 프로 선수들 임요환도 있고 홍진호도 있고 하잖아요",
            "speaker": {
              "id": "2번",
              "sex": "여성",
              "age": "40대"
            },
            "speechAct": "(단언) 진술하기",
            "morpheme": "스타크래프트/NNP+는/JX+알/VV+아요/EF+프로/NNG+선수/NNG+들/XSN+임요환/NNP+도/JX+있/VA+고/EC+홍진호/NNP+도/JX+있/VA+고/EC+하/VV+잖아요/EC"
          },
          {
            "id": 9,
            "text": "3 : 저는 스타는 잘 모르지만 롤은 그래도 좀 알아요 오빠랑도 몇 번 해봤어요!",
            "norm_text": "저는 스타는 잘 모르지만 롤은 그래도 좀 알아요 오빠랑도 몇 번 해봤어요!",
            "speaker": {
              "id": "3번",
              "sex": "여성",
              "age": "10대"
            },
            "speechAct": "(단언) 진술하기",
            "morpheme": "저/NP+는/JX+스타/NNG+는/JX+잘/MAG+모르/VV+지만/EC+롤/NNG+은/JX+그래도/MAJ+좀/MAG+알/VV+아요/EF+오빠/NNG+랑/JKB+도/JX+몇/MM+번/NNBC+해/VV+EC+봤/VX+EP+어요/EF"
          },
          {
            "id": 10,
            "text": "1 : 저도 한번 해봤는데 전 좀 안 맞더라고요",
            "norm_text": "저도 한번 해봤는데 전 좀 안 맞더라고요",
            "speaker": {
              "id": "1번",
              "sex": "여성",
              "age": "30대"
            },
            "speechAct": "(단언) 주장하기",
            "morpheme": "저/NP+도/JX+한/MM+번/NNBC+해/VV+EC+봤/VX+EP+는데/EC+전/NP+JX+좀/MAG+안/MAG+맞/VV+더라고요/EC"
          },
          {
            "id": 11,
            "text": "2 : 저는 안 해봤어요 어떻게 하는 거예요?",
            "norm_text": "저는 안 해봤어요 어떻게 하는 거예요?",
            "speaker": {
              "id": "2번",
              "sex": "여성",
              "age": "40대"
            },
            "speechAct": "(지시) 질문하기",
            "morpheme": "저/NP+는/JX+안/MAG+해/VV+EC+봤/VX+EP+어요/EF+어떻게/MAG+하/VV+는/ETM+거/NNB+예요/VCP+EF"
          },
          {
            "id": 12,
            "text": "3 : 아 이게 막 팀을 짜서 하는 건데 자기 구역을 지키면서 남의 구역을 다 침범해서 부수면 이기는 게임이에요",
            "norm_text": "아 이게 막 팀을 짜서 하는 건데 자기 구역을 지키면서 남의 구역을 다 침범해서 부수면 이기는 게임이에요",
            "speaker": {
              "id": "3번",
              "sex": "여성",
              "age": "10대"
            },
            "speechAct": "(단언) 진술하기",
            "morpheme": "아/IC+이게/NP+JKS+막/IC+팀/NNG+을/JKO+짜/VV+서/EC+하/VV+는/ETM+건데/NNB+VCP+EC+자기/NP+구역/NNG+을/JKO+지키/VV+면서/EC+남/NNG+의/JKG+구역/NNG+을/JKO+다/MAG+침범/NNG+해서/XSV+EC+부수/VV+면/EC+이기/VV+는/ETM+게임/NNG+이/VCP+에요/EF"
          },
          {
            "id": 13,
            "text": "1 : 아 근데 뭔가 끝나지가 않는 느낌이더라고요",
            "norm_text": "아 근데 뭔가 끝나지가 않는 느낌이더라고요",
            "speaker": {
              "id": "1번",
              "sex": "여성",
              "age": "30대"
            },
            "speechAct": "(단언) 주장하기",
            "morpheme": "아/IC+근데/MAJ+뭔가/NP+VCP+EC+끝나/VV+지/EC+가/JX+않/VX+는/ETM+느낌/NNG+이/VCP+더라고요/EC"
          },
          {
            "id": 14,
            "text": "2 : 뭔가 저랑은 잘 안 맞을 거 같은 게임이네요 하하",
            "norm_text": "뭔가 저랑은 잘 안 맞을 거 같은 게임이네요 하하",
            "speaker": {
              "id": "2번",
              "sex": "여성",
              "age": "40대"
            },
            "speechAct": "(단언) 주장하기",
            "morpheme": "뭔가/NP+VCP+EC+저/NP+랑/JKB+은/JX+잘/MAG+안/MAG+맞/VV+을/ETM+거/NNB+같/VA+은/ETM+게임/NNG+이/VCP+네요/EF+하하/MAG"
          },
          {
            "id": 15,
            "text": "3 : 언니가 말한 게 뭔지 알 것 같아요 죽어도 죽지를 않는...",
            "norm_text": "언니가 말한 게 뭔지 알 것 같아요 죽어도 죽지를 않는...",
            "speaker": {
              "id": "3번",
              "sex": "여성",
              "age": "10대"
            },
            "speechAct": "(단언) 주장하기",
            "morpheme": "언니/NNG+가/JKS+말/NNG+한/XSA+ETM+게/NNB+JKS+뭔지/NP+VCP+EC+알/VV+ETM+것/NNB+같/VA+아요/EF+죽/VV+어도/EC+죽/VV+지/EC+를/JX+않/VX+는/ETM+./SY+./SY"
          },
          {
            "id": 16,
            "text": "1 : 맞아요 제가 야구를 싫어하는 게 그런 거거든요 언제 끝나는지 알 수가 없어서",
            "norm_text": "맞아요 제가 야구를 싫어하는 게 그런 거거든요 언제 끝나는지 알 수가 없어서",
            "speaker": {
              "id": "1번",
              "sex": "여성",
              "age": "30대"
            },
            "speechAct": "(단언) 주장하기",
            "morpheme": "맞/VV+아요/EF+제/NP+가/JKS+야구/NNG+를/JKO+싫어하/VV+는/ETM+게/NNB+JKS+그런/MM+거/NNB+거든요/VCP+EF+언제/MAG+끝나/VV+는지/EC+알/VV+ETM+수/NNB+가/JKS+없/VA+어서/EC"
          },
          {
            "id": 17,
            "text": "2 : 근데 그걸 부수면 끝난 다는 거 아니었어요?",
            "norm_text": "근데 그걸 부수면 끝난 다는 거 아니었어요?",
            "speaker": {
              "id": "2번",
              "sex": "여성",
              "age": "40대"
            },
            "speechAct": "(지시) 질문하기",
            "morpheme": "근데/MAJ+그걸/NP+JKO+부수/VV+면/EC+끝난다는/VV+ETM+거/NNB+아니/VCN+었/EP+어요/EF"
          },
          {
            "id": 18,
            "text": "3 : 그렇긴 한데 그래도 플레이어는 계속 살아나요 부수기 전까지",
            "norm_text": "그렇긴 한데 그래도 플레이어는 계속 살아나요 부수기 전까지",
            "speaker": {
              "id": "3번",
              "sex": "여성",
              "age": "10대"
            },
            "speechAct": "(단언) 진술하기",
            "morpheme": "그렇/VA+긴/ETN+JX+한데/VX+EC+그래도/VV+EC+플레이어/NNG+는/JX+계속/MAG+살아나/VV+요/EC+부수/VV+기/ETN+전/NNG+까지/JX"
          },
          {
            "id": 19,
            "text": "1 : 맞아요 그리고 제가 못하니까 자꾸 킬 당해서 짜증 나요",
            "norm_text": "맞아요 그리고 제가 못하니까 자꾸 킬 당해서 짜증 나요",
            "speaker": {
              "id": "1번",
              "sex": "여성",
              "age": "30대"
            },
            "speechAct": "(단언) 주장하기",
            "morpheme": "맞/VV+아요/EF+그리고/MAJ+제/NP+가/JKS+못/MAG+하/VV+니까/EC+자꾸/MAG+킬/XSV+ETN+JKO+당해서/VV+EC+짜증/NNG+나/VV+요/EC"
          },
          {
            "id": 20,
            "text": "2 : 저도 게임 잘 못해서 막 지면 화날 것 같아요",
            "norm_text": "저도 게임 잘 못해서 막 지면 화날 것 같아요",
            "speaker": {
              "id": "2번",
              "sex": "여성",
              "age": "40대"
            },
            "speechAct": "(단언) 주장하기",
            "morpheme": "저/NP+도/JX+게임/NNG+잘못/MAG+해서/VV+EC+막/VV+지면/EC+VX+EC+화날/VV+ETM+것/NNB+같/VA+아요/EC"
          },
          {
            "id": 21,
            "text": "3 : 저는 그래서 주로 컴퓨터랑 했었어요",
            "norm_text": "저는 그래서 주로 컴퓨터랑 했었어요",
            "speaker": {
              "id": "3번",
              "sex": "여성",
              "age": "10대"
            },
            "speechAct": "(단언) 진술하기",
            "morpheme": "저/NP+는/JX+그래서/MAJ+주로/MAG+컴퓨터/NNG+랑/JKB+했었/VV+EP+어요/EF"
          },
          {
            "id": 22,
            "text": "1 : 아 맞아요 그럼 좀 낫더라고요 아무래도 욕은 안 먹으니까",
            "norm_text": "아 맞아요 그럼 좀 낫더라고요 아무래도 욕은 안 먹으니까",
            "speaker": {
              "id": "1번",
              "sex": "여성",
              "age": "30대"
            },
            "speechAct": "(단언) 주장하기",
            "morpheme": "아/IC+맞/VV+아요/EF+그럼/MAJ+좀/MAG+낫/VA+더라고요/EF+아무래도/MAG+욕/NNG+은/JX+안/MAG+먹/VV+으니까/EC"
          },
          {
            "id": 23,
            "text": "2 : 페이커는 그 롤을 엄청 잘하는 거예요?",
            "norm_text": "페이커는 그 롤을 엄청 잘하는 거예요?",
            "speaker": {
              "id": "2번",
              "sex": "여성",
              "age": "40대"
            },
            "speechAct": "(지시) 질문하기",
            "morpheme": "페이커/NNP+는/JX+그/MM+롤/NNG+을/JKO+엄청/MAG+잘/MAG+하/VV+는/ETM+거/NNB+예요/VCP+EF"
          },
          {
            "id": 24,
            "text": "3 : 네네 요즘은 좀 기복이 있는데 그래도 엄청 잘해요!",
            "norm_text": "네네 요즘은 좀 기복이 있는데 그래도 엄청 잘해요!",
            "speaker": {
              "id": "3번",
              "sex": "여성",
              "age": "10대"
            },
            "speechAct": "(단언) 진술하기",
            "morpheme": "네/NP+네/XSN+요즘/NNG+은/JX+좀/MAG+기복/NNG+이/JKS+있/VA+는/ETM+데/NNB+그래도/VV+EC+엄청/MAG+잘/MAG+해요/VV+EF"
          }
        ]
      }
    }
  ]
}