{
  "dataset": {
    "identifier": 69008,
    "name": "KAKAO_929_07_set",
    "src_path": "/data/file/cubeManager/PROJECT001/53/txt20211005155821098753/KAKAO_929_07_set/",
    "label_path": "/data/file/cubeManager/PROJECT001/53/txt20211005155821098753/KAKAO_929_07_set/",
    "category": 2,
    "type": 0
  },
  "licenses": {
    "name": "Apache License 1.0",
    "url": "http://www.apache.org/licenses/LICENSE-1.0"
  },
  "info": [
    {
      "id": 41884,
      "filename": "KAKAO_929_07.txt",
      "title": "KAKAO_929_07",
      "mediatype": "SNS",
      "medianame": "카카오톡",
      "category": "일상대화",
      "date": "2021-10-05",
      "size": 435,
      "annotations": {
        "subject": "가족",
        "speaker_type": "1:1",
        "size": 435,
        "word_size": 140,
        "text": "1 : 명절에 친척집도 가니?\n2 : 시댁 동네는 성씨들만 모여 사는 동네라 그냥 인사는 드려\n1 : 아 우와 우리 시댁도 그런데 졸 신기함 키키\n2 : park 빌리지임 키키 시골은 다 그렇지 않냐?\n1 : 그 동네 사람 다 *씨라서 너무 놀랬어\n2 : 아니 나도 처음에 몰랐는데 다 *씨더라고...\n1 : 키키 *씨냐 키키 밀양 *씨래?\n2 : 함양 *씨임 ^^ 굉장히 강조함 함양을\n1 : 아 오 졸 레어긴 하네 키키 함양 *씨 잘 없는데?\n2 : 아니 함양 *씨가 *씨 중에 레어임?\n1 : 키키 아 당근 내가 만난 *씨는 99퍼가 밀양임\n2 : 하긴 나도 함양 *씨는 첨 들어봤어... 거의 밀양이였어\n1 : 물론 나도 밀양 *씨임 키키 레어 *씨였네\n2 : 그래도 옥구 *씨가 놀랍지 않니? ^^\n1 : 키키 옥구 *씨 키키 오꾸닭 생각나 키키\n2 : 오꾸닭이라고 놀리던 너가 생각나네 훗...",
        "lines": [
          {
            "id": 1,
            "text": "1 : 명절에 친척집도 가니?",
            "norm_text": "명절에 친척집도 가니?",
            "speaker": {
              "id": "1번",
              "sex": "여성",
              "age": "30대"
            },
            "speechAct": "(지시) 질문하기",
            "morpheme": "명절/NNG+에/JKB+친척/NNG+집/NNG+도/JX+가/VV+니/EF"
          },
          {
            "id": 2,
            "text": "2 : 시댁 동네는 성씨들만 모여 사는 동네라 그냥 인사는 드려",
            "norm_text": "시댁 동네는 성씨들만 모여 사는 동네라 그냥 인사는 드려",
            "speaker": {
              "id": "2번",
              "sex": "여성",
              "age": "20대"
            },
            "speechAct": "(단언) 주장하기",
            "morpheme": "시댁/NNG+동네/NNG+는/JX+성씨/NNG+들/XSN+만/JX+모여사/VV+EC+VV+는/ETM+동네/NNG+라/VCP+EC+그냥/MAG+인사/NNG+는/JX+드려/VV+EC"
          },
          {
            "id": 3,
            "text": "1 : 아 우와 우리 시댁도 그런데 졸 신기함 키키",
            "norm_text": "아 우와 우리 시댁도 그런데 졸 신기함 키키",
            "speaker": {
              "id": "1번",
              "sex": "여성",
              "age": "30대"
            },
            "speechAct": "(단언) 주장하기",
            "morpheme": "아우/NNG+와/JC+우리/NP+시댁/NNG+도/JX+그런/MM+데/NNB+졸/VV+ETM+신기/XR+함/XSA+ETN+키/NNG+키/XSV+ETN"
          },
          {
            "id": 4,
            "text": "2 : park 빌리지임 키키 시골은 다 그렇지 않냐?",
            "norm_text": "park 빌리지임 키키 시골은 다 그렇지 않냐?",
            "speaker": {
              "id": "2번",
              "sex": "여성",
              "age": "20대"
            },
            "speechAct": "(지시) 질문하기",
            "morpheme": "park/SL+빌리지임키키시골은다그렇지않냐/UNKNOWN"
          },
          {
            "id": 5,
            "text": "1 : 그 동네 사람 다 *씨라서 너무 놀랬어",
            "norm_text": "그 동네 사람 다 *씨라서 너무 놀랬어",
            "speaker": {
              "id": "1번",
              "sex": "여성",
              "age": "30대"
            },
            "speechAct": "(단언) 주장하기",
            "morpheme": "그/MM+동네/NNG+사/NR+람다/NNBC+*/SY+씨/NNB+라서/VCP+EC+너무/MAG+놀랬/VV+EP+어/EC"
          },
          {
            "id": 6,
            "text": "2 : 아니 나도 처음에 몰랐는데 다 *씨더라고...",
            "norm_text": "아니 나도 처음에 몰랐는데 다 *씨더라고...",
            "speaker": {
              "id": "2번",
              "sex": "여성",
              "age": "20대"
            },
            "speechAct": "(단언) 주장하기",
            "morpheme": "아니/IC+나/NP+도/JX+처음/NNG+에/JKB+몰랐/VV+EP+는데다/EC+*/SY+씨/VA+더라고/EF+./SY"
          },
          {
            "id": 7,
            "text": "1 : 키키 *씨냐 키키 밀양 *씨래?",
            "norm_text": "키키 *씨냐 키키 밀양 *씨래?",
            "speaker": {
              "id": "1번",
              "sex": "여성",
              "age": "30대"
            },
            "speechAct": "(지시) 질문하기",
            "morpheme": "키/NNG+키/XSV+ETN+*/SY+씨냐키키밀양/UNKNOWN+*/SY+씨래/NNG"
          },
          {
            "id": 8,
            "text": "2 : 함양 *씨임 ^^ 굉장히 강조함 함양을",
            "norm_text": "함양 *씨임 ^^ 굉장히 강조함 함양을",
            "speaker": {
              "id": "2번",
              "sex": "여성",
              "age": "20대"
            },
            "speechAct": "(단언) 주장하기",
            "morpheme": "함양/NNG+*/SY+씨/NNB+임/VCP+ETN+^/SY+^/SY+굉장히/MAG+강조/NNG+함/XSV+ETN+함양/NNG+을/JKO"
          },
          {
            "id": 9,
            "text": "1 : 아 오 졸 레어긴 하네 키키 함양 *씨 잘 없는데?",
            "norm_text": "아 오 졸 레어긴 하네 키키 함양 *씨 잘 없는데?",
            "speaker": {
              "id": "1번",
              "sex": "여성",
              "age": "30대"
            },
            "speechAct": "(지시) 질문하기",
            "morpheme": "아오졸레어긴하네키키함양/UNKNOWN+*/SY+씨/IC+잘/MAG+없/VA+는데/EC"
          },
          {
            "id": 10,
            "text": "2 : 아니 함양 *씨가 *씨 중에 레어임?",
            "norm_text": "아니 함양 *씨가 *씨 중에 레어임?",
            "speaker": {
              "id": "2번",
              "sex": "여성",
              "age": "20대"
            },
            "speechAct": "(지시) 질문하기",
            "morpheme": "아니/IC+함양/NNG+*/SY+씨/NNB+가/JKS+*/SY+씨/NNG+중/NNB+에/JKB+레어/NNP+임/VCP+ETN"
          },
          {
            "id": 11,
            "text": "1 : 키키 아 당근 내가 만난 *씨는 99퍼가 밀양임",
            "norm_text": "키키 아 당근 내가 만난 *씨는 99퍼가 밀양임",
            "speaker": {
              "id": "1번",
              "sex": "여성",
              "age": "30대"
            },
            "speechAct": "(단언) 주장하기",
            "morpheme": "키/NNG+키/VV+아/EC+당근/MAG+내/NP+가/JKS+만난/VV+ETM+*/SY+씨/NNB+는/JX+99/SN+퍼/NNG+가/JKS+밀/VV+ETM+양임/NNP"
          },
          {
            "id": 12,
            "text": "2 : 하긴 나도 함양 *씨는 첨 들어봤어... 거의 밀양이였어",
            "norm_text": "하긴 나도 함양 *씨는 첨 들어봤어... 거의 밀양이였어",
            "speaker": {
              "id": "2번",
              "sex": "여성",
              "age": "20대"
            },
            "speechAct": "(단언) 주장하기",
            "morpheme": "하긴/MAJ+나/NP+도/JX+함양/NNG+*/SY+씨/NNB+는/JX+첨/MAG+들/VV+어/EC+봤/VX+EP+어/EF+./SY+거의/MAG+밀양/NNP+이/VCP+였/EP+어/EC"
          },
          {
            "id": 13,
            "text": "1 : 물론 나도 밀양 *씨임 키키 레어 *씨였네",
            "norm_text": "물론 나도 밀양 *씨임 키키 레어 *씨였네",
            "speaker": {
              "id": "1번",
              "sex": "여성",
              "age": "30대"
            },
            "speechAct": "(단언) 주장하기",
            "morpheme": "물론/MAG+나/NP+도/JX+밀양/NNP+*/SY+씨임키키레어/UNKNOWN+*/SY+씨/NNG+였/VCP+EP+네/EF"
          },
          {
            "id": 14,
            "text": "2 : 그래도 옥구 *씨가 놀랍지 않니? ^^",
            "norm_text": "그래도 옥구 *씨가 놀랍지 않니? ^^",
            "speaker": {
              "id": "2번",
              "sex": "여성",
              "age": "20대"
            },
            "speechAct": "(지시) 질문하기",
            "morpheme": "그래도/MAJ+옥구/NNP+*/SY+씨/NNB+가/JKS+놀랍/VA+지/EC+않/VX+니/EF+^/SY+^/SY"
          },
          {
            "id": 15,
            "text": "1 : 키키 옥구 *씨 키키 오꾸닭 생각나 키키",
            "norm_text": "키키 옥구 *씨 키키 오꾸닭 생각나 키키",
            "speaker": {
              "id": "1번",
              "sex": "여성",
              "age": "30대"
            },
            "speechAct": "(단언) 주장하기",
            "morpheme": "키키/NNP+옥구/NNP+*/SY+씨키키오꾸닭생각나키키/UNKNOWN"
          },
          {
            "id": 16,
            "text": "2 : 오꾸닭이라고 놀리던 너가 생각나네 훗...",
            "norm_text": "오꾸닭이라고 놀리던 너가 생각나네 훗...",
            "speaker": {
              "id": "2번",
              "sex": "여성",
              "age": "20대"
            },
            "speechAct": "(단언) 주장하기",
            "morpheme": "오꾸닭이라고놀리던너가생각나네훗/UNKNOWN+./SY"
          }
        ]
      }
    }
  ]
}