{
  "dataset": {
    "identifier": 68131,
    "name": "KAKAO_962_15_set",
    "src_path": "/data/file/cubeManager/PROJECT001/53/txt20211005163142018238/KAKAO_962_15_set/",
    "label_path": "/data/file/cubeManager/PROJECT001/53/txt20211005163142018238/KAKAO_962_15_set/",
    "category": 2,
    "type": 0
  },
  "licenses": {
    "name": "Apache License 1.0",
    "url": "http://www.apache.org/licenses/LICENSE-1.0"
  },
  "info": [
    {
      "id": 42473,
      "filename": "KAKAO_962_15.txt",
      "title": "KAKAO_962_15",
      "mediatype": "SNS",
      "medianame": "카카오톡",
      "category": "일상대화",
      "date": "2021-10-05",
      "size": 559,
      "annotations": {
        "subject": "타 국가 이슈",
        "speaker_type": "1:1",
        "size": 559,
        "word_size": 158,
        "text": "1 : 세계적으로 변이 바이러스 계속 퍼지네?\n2 : 그러게 오늘 백신 맞고 왔는데 이게 의미가 있을까 싶다\n1 : 인도는 델타 바이러스 하더니 이번엔 코로나 말고 신종 바이러스 또 나옴\n2 : 신종? 그럼 코로나랑 합체하는 거 아니가 키키\n1 : 니파 바이러스라는데 이거는 돼지에서 전염이래.\n2 : 박쥐 돼지 난리네 키키 지구 멸망하려는 갑다 키키\n1 : 문제는 치사율이 40~75%. 코로나보다 더함\n2 : 헐... 키키 와 진짜 인류 멸망의 전조다 키키\n1 : 이건 더 무섭다. 감기처럼 진행되다가 뇌염이랑 발작하다 이틀 안에 혼수상태 된대\n2 : 허얼... 그럼 콜록거리면서 자고 나면 괜찮겠지 하다가 영원히 잠드는 거네?\n1 : 그렇겠지. 이거는 심지어 동물까지 감염 가능이래 ㅡㅡ\n2 : 와... 집합금지 그딴 거 해봤자 철새 같은 야생동물이 다 퍼뜨리고 다니겠네\n1 : 심지어 삼중 변이 바이러스까지 발견이라네 키키 미친다 인도\n2 : 이참에 인구 좀 줄어서 인력난으로 급여나 올랐음 좋겠다\n1 : 신규 확진자 수가 하루에 31만 명씩이라는데 인구 감안해도 노답이네.\n2 : 31만 명... 진짜 후덜덜하네...",
        "lines": [
          {
            "id": 1,
            "text": "1 : 세계적으로 변이 바이러스 계속 퍼지네?",
            "norm_text": "세계적으로 변이 바이러스 계속 퍼지네?",
            "speaker": {
              "id": "1번",
              "sex": "여성",
              "age": "30대"
            },
            "speechAct": "(단언) 주장하기",
            "morpheme": "세계/NNG+적/XSN+으로/JKB+변이/NNG+바이러스/NNG+계속/MAG+퍼지/VV+네/EF"
          },
          {
            "id": 2,
            "text": "2 : 그러게 오늘 백신 맞고 왔는데 이게 의미가 있을까 싶다",
            "norm_text": "그러게 오늘 백신 맞고 왔는데 이게 의미가 있을까 싶다",
            "speaker": {
              "id": "2번",
              "sex": "남성",
              "age": "30대"
            },
            "speechAct": "(단언) 주장하기",
            "morpheme": "그러게/IC+오늘/MAG+백신/NNG+맞/VV+고/EC+왔/VX+EP+는데/EC+이게/NP+JKS+의미/NNG+가/JKS+있/VA+을까/EC+싶/VX+다/EC"
          },
          {
            "id": 3,
            "text": "1 : 인도는 델타 바이러스 하더니 이번엔 코로나 말고 신종 바이러스 또 나옴",
            "norm_text": "인도는 델타 바이러스 하더니 이번엔 코로나 말고 신종 바이러스 또 나옴",
            "speaker": {
              "id": "1번",
              "sex": "여성",
              "age": "30대"
            },
            "speechAct": "(단언) 진술하기",
            "morpheme": "인도/NNP+는/JX+델타/NNG+바이러스/NNG+하/XSV+더니/EC+이번/NNG+엔/JKB+JX+코로나/NNG+말/VV+고/EC+신종/NNG+바이러스/NNG+또/MAG+나옴/VV+EC"
          },
          {
            "id": 4,
            "text": "2 : 신종? 그럼 코로나랑 합체하는 거 아니가 키키",
            "norm_text": "신종? 그럼 코로나랑 합체하는 거 아니가 키키",
            "speaker": {
              "id": "2번",
              "sex": "남성",
              "age": "30대"
            },
            "speechAct": "(단언) 주장하기",
            "morpheme": "신종/NNG+그럼/MAJ+코로나/NNP+랑/JC+합체/NNG+하/XSV+는/ETM+거/NNB+아니/VCN+가/JKS+키/NNG+키/XSV+ETN"
          },
          {
            "id": 5,
            "text": "1 : 니파 바이러스라는데 이거는 돼지에서 전염이래.",
            "norm_text": "니파 바이러스라는데 이거는 돼지에서 전염이래.",
            "speaker": {
              "id": "1번",
              "sex": "여성",
              "age": "30대"
            },
            "speechAct": "(단언) 진술하기",
            "morpheme": "니파/NNG+바이러스/NNG+라는/VCP+ETM+데/NNB+이거/NP+는/JX+돼지/NNG+에서/JKB+전염/NNG+이/VCP+래/EF"
          },
          {
            "id": 6,
            "text": "2 : 박쥐 돼지 난리네 키키 지구 멸망하려는 갑다 키키",
            "norm_text": "박쥐 돼지 난리네 키키 지구 멸망하려는 갑다 키키",
            "speaker": {
              "id": "2번",
              "sex": "남성",
              "age": "30대"
            },
            "speechAct": "(단언) 주장하기",
            "morpheme": "박쥐/NNG+돼/XSV+EC+지난/VV+ETM+리네/NNP+키키/NNP+지구/NNG+멸망/NNG+하/XSV+려는/ETM+갑/NNG+다키키/NNP"
          },
          {
            "id": 7,
            "text": "1 : 문제는 치사율이 40~75%. 코로나보다 더함",
            "norm_text": "문제는 치사율이 40~75%. 코로나보다 더함",
            "speaker": {
              "id": "1번",
              "sex": "여성",
              "age": "30대"
            },
            "speechAct": "(단언) 진술하기",
            "morpheme": "문제/NNG+는/JX+치사/NNG+율/XSN+이/JKS+40/SN+~/SY+75/SN+%/SY+코로나/NNG+보다/JKB+더함/VA+ETN"
          },
          {
            "id": 8,
            "text": "2 : 헐... 키키 와 진짜 인류 멸망의 전조다 키키",
            "norm_text": "헐... 키키 와 진짜 인류 멸망의 전조다 키키",
            "speaker": {
              "id": "2번",
              "sex": "남성",
              "age": "30대"
            },
            "speechAct": "(단언) 주장하기",
            "morpheme": "헐/IC+./SY+키키와진짜인류멸망의전조다키키/UNKNOWN"
          },
          {
            "id": 9,
            "text": "1 : 이건 더 무섭다. 감기처럼 진행되다가 뇌염이랑 발작하다 이틀 안에 혼수상태 된대",
            "norm_text": "이건 더 무섭다. 감기처럼 진행되다가 뇌염이랑 발작하다 이틀 안에 혼수상태 된대",
            "speaker": {
              "id": "1번",
              "sex": "여성",
              "age": "30대"
            },
            "speechAct": "(단언) 진술하기",
            "morpheme": "이건/NP+JX+더/MAG+무섭/VA+다/EF+감기처럼진행되다가뇌염이랑발작하다이틀안에혼수상태된대/UNKNOWN"
          },
          {
            "id": 10,
            "text": "2 : 허얼... 그럼 콜록거리면서 자고 나면 괜찮겠지 하다가 영원히 잠드는 거네?",
            "norm_text": "허얼... 그럼 콜록거리면서 자고 나면 괜찮겠지 하다가 영원히 잠드는 거네?",
            "speaker": {
              "id": "2번",
              "sex": "남성",
              "age": "30대"
            },
            "speechAct": "(지시) 질문하기",
            "morpheme": "허/IC+얼/IC+./SY+그럼/MAJ+콜록거리/VV+면서/EC+자/VV+고/EC+나/VX+면/EC+괜찮/VA+겠/EP+지/EC+하/VV+다가/EC+영원히/MAG+잠드/VV+는/ETM+거/NNB+네/VCP+EF"
          },
          {
            "id": 11,
            "text": "1 : 그렇겠지. 이거는 심지어 동물까지 감염 가능이래 ㅡㅡ",
            "norm_text": "그렇겠지. 이거는 심지어 동물까지 감염 가능이래 ㅡㅡ",
            "speaker": {
              "id": "1번",
              "sex": "여성",
              "age": "30대"
            },
            "speechAct": "(단언) 진술하기",
            "morpheme": "그렇/VA+겠/EP+지/EF+이거/NP+는/JX+심지어/MAG+동물/NNG+까지/JX+감염/NNG+가능/NNG+이/VCP+래/EF+ㅡㅡ/UNKNOWN"
          },
          {
            "id": 12,
            "text": "2 : 와... 집합금지 그딴 거 해봤자 철새 같은 야생동물이 다 퍼뜨리고 다니겠네",
            "norm_text": "와... 집합금지 그딴 거 해봤자 철새 같은 야생동물이 다 퍼뜨리고 다니겠네",
            "speaker": {
              "id": "2번",
              "sex": "남성",
              "age": "30대"
            },
            "speechAct": "(단언) 주장하기",
            "morpheme": "와/IC+./SY+집합금지그딴거해봤자철새같은야생동물이다퍼뜨리고다니겠네/UNKNOWN"
          },
          {
            "id": 13,
            "text": "1 : 심지어 삼중 변이 바이러스까지 발견이라네 키키 미친다 인도",
            "norm_text": "심지어 삼중 변이 바이러스까지 발견이라네 키키 미친다 인도",
            "speaker": {
              "id": "1번",
              "sex": "여성",
              "age": "30대"
            },
            "speechAct": "(단언) 진술하기",
            "morpheme": "심지어/MAG+삼/NR+중변/NNG+이/JKS+바이러스/NNG+까지/JX+발견/NNG+이/VCP+라네/EC+키/NNG+키/XSV+ETN+미친다/VV+EC+인도/NNP"
          },
          {
            "id": 14,
            "text": "2 : 이참에 인구 좀 줄어서 인력난으로 급여나 올랐음 좋겠다",
            "norm_text": "이참에 인구 좀 줄어서 인력난으로 급여나 올랐음 좋겠다",
            "speaker": {
              "id": "2번",
              "sex": "남성",
              "age": "30대"
            },
            "speechAct": "(단언) 주장하기",
            "morpheme": "이/MM+참/NNB+에/JKB+인구/NNG+좀/MAG+줄/VV+어서/EC+인력난/NNG+으로/JKB+급여/NNG+나/JX+올랐/VV+EP+음/ETN+좋/VA+겠/EP+다/EC"
          },
          {
            "id": 15,
            "text": "1 : 신규 확진자 수가 하루에 31만 명씩이라는데 인구 감안해도 노답이네.",
            "norm_text": "신규 확진자 수가 하루에 31만 명씩이라는데 인구 감안해도 노답이네.",
            "speaker": {
              "id": "1번",
              "sex": "여성",
              "age": "30대"
            },
            "speechAct": "(단언) 진술하기",
            "morpheme": "신규/NNG+확진/NNG+자수/NNG+가/JKS+하루/NNG+에/JKB+31/SN+만/NR+명/NNBC+씩/XSN+이/VCP+라는/ETM+데/NNB+인구/NNG+감안/NNG+해도/XSV+EC+노/NNP+답/NNG+이/VCP+네/EF"
          },
          {
            "id": 16,
            "text": "2 : 31만 명... 진짜 후덜덜하네...",
            "norm_text": "31만 명... 진짜 후덜덜하네...",
            "speaker": {
              "id": "2번",
              "sex": "남성",
              "age": "30대"
            },
            "speechAct": "(단언) 주장하기",
            "morpheme": "31/SN+만/NR+명/NNBC+./SY+진짜/MAG+후/NNG+덜덜/MAG+하/VV+네/EF+./SY"
          }
        ]
      }
    }
  ]
}