{
  "dataset": {
    "identifier": 58322,
    "name": "KAKAO_996_14_set",
    "src_path": "/data/file/cubeManager/PROJECT001/53/txt20211006140339063531/KAKAO_996_14_set/",
    "label_path": "/data/file/cubeManager/PROJECT001/53/txt20211006140339063531/KAKAO_996_14_set/",
    "category": 2,
    "type": 0
  },
  "licenses": {
    "name": "Apache License 1.0",
    "url": "http://www.apache.org/licenses/LICENSE-1.0"
  },
  "info": [
    {
      "id": 45265,
      "filename": "KAKAO_996_14.txt",
      "title": "KAKAO_996_14",
      "mediatype": "SNS",
      "medianame": "카카오톡",
      "category": "일상대화",
      "date": "2021-10-06",
      "size": 618,
      "annotations": {
        "subject": "사회이슈",
        "speaker_type": "1:1",
        "size": 618,
        "word_size": 197,
        "text": "1 : 중학생이 병원 갔다가 실수로 화이자 접종 됐대...\n2 : 아 며칠 전에 기사 봤어...\n2 : 애가 되게 컸나 보네.\n1 : 아휴... 성인인 줄 알아도...\n1 : 이름이나 백신 확인은 해야 하는 거 아닌가\n2 : 맞아... 그 병원 가면 백신 맞는 사람 확인하고 팔에 스티커 붙여주던데 ㅠㅠ\n1 : 그니까 ㅜㅜ 요즘 백신 접종 양이 너무 많아서 이런 일 생기는 듯\n2 : 응 ㅠㅠ 근데 후속 기사가 없어서 그 학생 괜찮은지 어떤지 모르겠네\n1 : 현재 별다른 증상은 없는 것으로 알려졌대 ㅜㅜ\n2 : 아니 저번에 학생한테 잘못 접종한 거 말고 이번에 또 발생한 거야?\n1 : 응응 이번에 또 발생한 거야! 그땐 초등학생 거였고 ㅜㅜ\n2 : 헐 소름이다 ㅠㅠ\n2 : 그런 일 생겼었으면 더더욱 신경 써서 해야지...\n1 : 그러니까 ㅜㅜ 그냥 내과 갔는데 부작용도 있는 접종을 막 놨다 생각해봐 ㅜㅜ\n2 : 저 병원 난리 났겠네... 가뜩이나 화이자도 말 많은데...\n1 : 그러게 ㅜㅜ 백신 놓은 걸 무를 수도 없다이가 ㅜㅜ\n1 : 어째 보상해 주노\n2 : 의사가 책임지고 몇 날 며칠 계속 봐줘야 되는 거 아님?\n1 : 내 말이 ㅜㅜ 무슨 부작용이 있을지 모르잖아 ㅜㅜ\n2 : 응응 ㅠㅠ 성인인 나도 백신 맞고 나면 무서운데",
        "lines": [
          {
            "id": 1,
            "text": "1 : 중학생이 병원 갔다가 실수로 화이자 접종 됐대...",
            "norm_text": "중학생이 병원 갔다가 실수로 화이자 접종 됐대...",
            "speaker": {
              "id": "1번",
              "sex": "여성",
              "age": "30대"
            },
            "speechAct": "(단언) 진술하기",
            "morpheme": "중학생/NNG+이/JKS+병원/NNG+갔/VV+EP+다가/EC+실수/NNG+로/JKB+화이자/NNP+접종/NNG+됐/XSV+EP+대/EF+./SY"
          },
          {
            "id": 2,
            "text": "2 : 아 며칠 전에 기사 봤어...",
            "norm_text": "아 며칠 전에 기사 봤어...",
            "speaker": {
              "id": "2번",
              "sex": "여성",
              "age": "30대"
            },
            "speechAct": "(단언) 주장하기",
            "morpheme": "아/IC+며칠/NNG+전/NNG+에/JKB+기사/NNG+봤/VV+EP+어/EF+./SY"
          },
          {
            "id": 3,
            "text": "2 : 애가 되게 컸나 보네.",
            "norm_text": "애가 되게 컸나 보네.",
            "speaker": {
              "id": "2번",
              "sex": "여성",
              "age": "30대"
            },
            "speechAct": "(단언) 주장하기",
            "morpheme": "애/NNG+가/JKS+되게/MAG+컸/VA+EP+나/EC+보/VX+네/EF"
          },
          {
            "id": 4,
            "text": "1 : 아휴... 성인인 줄 알아도...",
            "norm_text": "아휴... 성인인 줄 알아도...",
            "speaker": {
              "id": "1번",
              "sex": "여성",
              "age": "30대"
            },
            "speechAct": "(단언) 주장하기",
            "morpheme": "아휴/IC+./SY+성인/NNG+인/VCP+ETM+줄/NNB+알/VV+아도/EC+./SY+./SY"
          },
          {
            "id": 5,
            "text": "1 : 이름이나 백신 확인은 해야 하는 거 아닌가",
            "norm_text": "이름이나 백신 확인은 해야 하는 거 아닌가",
            "speaker": {
              "id": "1번",
              "sex": "여성",
              "age": "30대"
            },
            "speechAct": "(단언) 주장하기",
            "morpheme": "이름/NNG+이나/JC+백신/NNG+확인/NNG+은/JX+해야/VV+EC+하/VV+는/ETM+거/NNB+아닌가/VCN+EC"
          },
          {
            "id": 6,
            "text": "2 : 맞아... 그 병원 가면 백신 맞는 사람 확인하고 팔에 스티커 붙여주던데 ㅠㅠ",
            "norm_text": "맞아... 그 병원 가면 백신 맞는 사람 확인하고 팔에 스티커 붙여주던데 ㅠㅠ",
            "speaker": {
              "id": "2번",
              "sex": "여성",
              "age": "30대"
            },
            "speechAct": "(단언) 진술하기",
            "morpheme": "맞/VV+아/EF+./SY+그/MM+병원/NNG+가/VV+면/EC+백신/NNG+맞/VV+는/ETM+사람/NNG+확인/NNG+하/XSV+고/EC+팔/NNG+에/JKB+스티커/NNG+붙여/VV+EC+주/VX+던데/EC+ㅠㅠ/UNKNOWN"
          },
          {
            "id": 7,
            "text": "1 : 그니까 ㅜㅜ 요즘 백신 접종 양이 너무 많아서 이런 일 생기는 듯",
            "norm_text": "그니까 ㅜㅜ 요즘 백신 접종 양이 너무 많아서 이런 일 생기는 듯",
            "speaker": {
              "id": "1번",
              "sex": "여성",
              "age": "30대"
            },
            "speechAct": "(단언) 주장하기",
            "morpheme": "그니까/MAJ+ㅜㅜ/UNKNOWN+요즘/NNG+백/NR+신접/NNG+종양/NNG+이/JKS+너무/MAG+많/VA+아서/EC+이런/MM+일/NNG+생기/VV+는/ETM+듯/NNB"
          },
          {
            "id": 8,
            "text": "2 : 응 ㅠㅠ 근데 후속 기사가 없어서 그 학생 괜찮은지 어떤지 모르겠네",
            "norm_text": "응 ㅠㅠ 근데 후속 기사가 없어서 그 학생 괜찮은지 어떤지 모르겠네",
            "speaker": {
              "id": "2번",
              "sex": "여성",
              "age": "30대"
            },
            "speechAct": "(단언) 주장하기",
            "morpheme": "응/IC+ㅠㅠ/UNKNOWN+근데/MAJ+후속/NNG+기사/NNG+가/JKS+없/VA+어서/EC+그/MM+학생/NNG+괜찮/VA+은지/EC+어떤지/VA+EC+모르/VV+겠/EP+네/EF"
          },
          {
            "id": 9,
            "text": "1 : 현재 별다른 증상은 없는 것으로 알려졌대 ㅜㅜ",
            "norm_text": "현재 별다른 증상은 없는 것으로 알려졌대 ㅜㅜ",
            "speaker": {
              "id": "1번",
              "sex": "여성",
              "age": "30대"
            },
            "speechAct": "(단언) 진술하기",
            "morpheme": "현재/MAG+별다른/VA+ETM+증상/NNG+은/JX+없/VA+는/ETM+것/NNB+으로/JKB+알려졌/VV+EC+VX+EP+대/EF+ㅜㅜ/UNKNOWN"
          },
          {
            "id": 10,
            "text": "2 : 아니 저번에 학생한테 잘못 접종한 거 말고 이번에 또 발생한 거야?",
            "norm_text": "아니 저번에 학생한테 잘못 접종한 거 말고 이번에 또 발생한 거야?",
            "speaker": {
              "id": "2번",
              "sex": "여성",
              "age": "30대"
            },
            "speechAct": "(지시) 질문하기",
            "morpheme": "아니/IC+저번/NNG+에/JKB+학생/NNG+한테/JKB+잘못/MAG+접종/NNG+한/XSA+ETM+거/NNB+말/VV+고/EC+이번/NNG+에/JKB+또/MAG+발생/NNG+한/XSA+ETM+거/NNB+야/VCP+EF"
          },
          {
            "id": 11,
            "text": "1 : 응응 이번에 또 발생한 거야! 그땐 초등학생 거였고 ㅜㅜ",
            "norm_text": "응응 이번에 또 발생한 거야! 그땐 초등학생 거였고 ㅜㅜ",
            "speaker": {
              "id": "1번",
              "sex": "여성",
              "age": "30대"
            },
            "speechAct": "(단언) 진술하기",
            "morpheme": "응/IC+응/IC+이번/NNG+에/JKB+또/MAG+발생/NNG+한/XSA+ETM+거/NNB+야/VCP+EF+그/MM+땐/NNG+JX+초등학생/NNG+거였/NNB+VCP+EP+고/EC+ㅜㅜ/UNKNOWN"
          },
          {
            "id": 12,
            "text": "2 : 헐 소름이다 ㅠㅠ",
            "norm_text": "헐 소름이다 ㅠㅠ",
            "speaker": {
              "id": "2번",
              "sex": "여성",
              "age": "30대"
            },
            "speechAct": "(단언) 주장하기",
            "morpheme": "헐소름이다ㅠㅠ/UNKNOWN"
          },
          {
            "id": 13,
            "text": "2 : 그런 일 생겼었으면 더더욱 신경 써서 해야지...",
            "norm_text": "그런 일 생겼었으면 더더욱 신경 써서 해야지...",
            "speaker": {
              "id": "2번",
              "sex": "여성",
              "age": "30대"
            },
            "speechAct": "(단언) 주장하기",
            "morpheme": "그런/MM+일/NNG+생겼었/VV+EP+으면/EC+더더욱/MAG+신경/NNG+써서/VV+EC+해야지/VV+EF+./SY"
          },
          {
            "id": 14,
            "text": "1 : 그러니까 ㅜㅜ 그냥 내과 갔는데 부작용도 있는 접종을 막 놨다 생각해봐 ㅜㅜ",
            "norm_text": "그러니까 ㅜㅜ 그냥 내과 갔는데 부작용도 있는 접종을 막 놨다 생각해봐 ㅜㅜ",
            "speaker": {
              "id": "1번",
              "sex": "여성",
              "age": "30대"
            },
            "speechAct": "(단언) 주장하기",
            "morpheme": "그러니까/MAJ+ㅜㅜ/UNKNOWN+그냥/MAG+내과/NNG+갔/VV+EP+는데/EC+부작용/NNG+도/JX+있/VX+는/ETM+접종/NNG+을/JKO+막/VV+놨/EC+VX+EP+다/EC+생각/NNG+해/XSV+EC+봐/VX+EF+ㅜㅜ/UNKNOWN"
          },
          {
            "id": 15,
            "text": "2 : 저 병원 난리 났겠네... 가뜩이나 화이자도 말 많은데...",
            "norm_text": "저 병원 난리 났겠네... 가뜩이나 화이자도 말 많은데...",
            "speaker": {
              "id": "2번",
              "sex": "여성",
              "age": "30대"
            },
            "speechAct": "(단언) 주장하기",
            "morpheme": "저/MM+병원/NNG+난리/NNG+났/VV+EP+겠/EP+네/EF+./SY+가뜩이나/MAG+화이자/NNP+도/JX+말/NNG+많/VA+은데/EF+./SY"
          },
          {
            "id": 16,
            "text": "1 : 그러게 ㅜㅜ 백신 놓은 걸 무를 수도 없다이가 ㅜㅜ",
            "norm_text": "그러게 ㅜㅜ 백신 놓은 걸 무를 수도 없다이가 ㅜㅜ",
            "speaker": {
              "id": "1번",
              "sex": "여성",
              "age": "30대"
            },
            "speechAct": "(단언) 주장하기",
            "morpheme": "그러/VV+게/EC+ㅜㅜ/UNKNOWN+백신/NNG+놓/VV+은/ETM+걸/NNB+JKO+무를/VV+ETM+수/NNB+도/JX+없/VA+다/EF+이/NP+가/JKS+ㅜㅜ/UNKNOWN"
          },
          {
            "id": 17,
            "text": "1 : 어째 보상해 주노",
            "norm_text": "어째 보상해 주노",
            "speaker": {
              "id": "1번",
              "sex": "여성",
              "age": "30대"
            },
            "speechAct": "(단언) 주장하기",
            "morpheme": "어째/MAG+XSV+EC+보상/NNG+해/XSV+EC+주/VX+노/EC"
          },
          {
            "id": 18,
            "text": "2 : 의사가 책임지고 몇 날 며칠 계속 봐줘야 되는 거 아님?",
            "norm_text": "의사가 책임지고 몇 날 며칠 계속 봐줘야 되는 거 아님?",
            "speaker": {
              "id": "2번",
              "sex": "여성",
              "age": "30대"
            },
            "speechAct": "(지시) 질문하기",
            "morpheme": "의사/NNG+가/JKS+책임지/VV+고/EC+몇/MM+날/NNG+며칠/NNG+계속/MAG+봐/VV+EC+줘야/VX+EC+되/VV+는/ETM+거/NNB+아님/VCN+ETN"
          },
          {
            "id": 19,
            "text": "1 : 내 말이 ㅜㅜ 무슨 부작용이 있을지 모르잖아 ㅜㅜ",
            "norm_text": "내 말이 ㅜㅜ 무슨 부작용이 있을지 모르잖아 ㅜㅜ",
            "speaker": {
              "id": "1번",
              "sex": "여성",
              "age": "30대"
            },
            "speechAct": "(단언) 주장하기",
            "morpheme": "내말이/NP+JKG+NNG+JKS+ㅜㅜ/UNKNOWN+무슨/MM+부작용/NNG+이/JKS+있/VV+을지/EC+모르/VV+잖아/EF+ㅜㅜ/UNKNOWN"
          },
          {
            "id": 20,
            "text": "2 : 응응 ㅠㅠ 성인인 나도 백신 맞고 나면 무서운데",
            "norm_text": "응응 ㅠㅠ 성인인 나도 백신 맞고 나면 무서운데",
            "speaker": {
              "id": "2번",
              "sex": "여성",
              "age": "30대"
            },
            "speechAct": "(단언) 주장하기",
            "morpheme": "응/IC+응/IC+ㅠㅠ/UNKNOWN+성인/NNG+인/VCP+ETM+나/NP+도/JX+백신/NNG+맞/VV+고/EC+나/VX+면/EC+무서운데/VA+EC"
          }
        ]
      }
    }
  ]
}