{
  "dataset": {
    "identifier": 68872,
    "name": "KAKAO_959_17_set",
    "src_path": "/data/file/cubeManager/PROJECT001/53/txt20211006122452082416/KAKAO_959_17_set/",
    "label_path": "/data/file/cubeManager/PROJECT001/53/txt20211006122452082416/KAKAO_959_17_set/",
    "category": 2,
    "type": 0
  },
  "licenses": {
    "name": "Apache License 1.0",
    "url": "http://www.apache.org/licenses/LICENSE-1.0"
  },
  "info": [
    {
      "id": 42997,
      "filename": "KAKAO_959_17.txt",
      "title": "KAKAO_959_17",
      "mediatype": "SNS",
      "medianame": "카카오톡",
      "category": "일상대화",
      "date": "2021-10-06",
      "size": 525,
      "annotations": {
        "subject": "건강",
        "speaker_type": "1:1",
        "size": 525,
        "word_size": 173,
        "text": "1 : 나 이제 3달 정도 쉬니까 몸 괜찮아 졌어 키키\n2 : 오 다행이다 역시 쉬는 게 짱이야\n1 : 처음에 수술해야 하는 거 아닌가 엄청 걱정했었는데 키키\n2 : 지금은 수술 안 해도 괜찮은 정도야?\n1 : 치료 잘 받고 푹 쉬니까 키키 몸이 괜찮아 지네 키키\n2 : 병원에서는 뭐라고 했어? 괜찮아졌대?\n1 : 웅 키키 병원에서 나이가 너무 어려서 수술이나 시술 안 권해 키키\n2 : 수술 안 하는 거 너무 다행이다\n1 : 이제 몸 아프면 오고 안아도 된다더라 키키\n2 : 요즘 수술하면 코로나 검사 하라고 하더라\n1 : 약 처방을 진짜 센 걸로 받았었거든 키키 부작용 와우\n2 : 와 완전 많이 나아졌네! 헐 무슨 부작용?\n1 : 부작용으로 우울증 올 수도 있고 어지럼증이랑 졸음?\n2 : 헐 그렇군 그 부작용 다 왔어?\n1 : 우울증 빼고 약국에서 얘기한 부작용 다 겪음 키키\n2 : 헐 키키 근데 우울증 안 와서 다행이다\n1 : 그냥 앉아 있을 때는 괜찮았는데 서니까 어지러워서 중심 못 잡고 그랬음 키키 듯이 졸리고 키키\n2 : 듯이 졸리면 좀 힘들었을 듯",
        "lines": [
          {
            "id": 1,
            "text": "1 : 나 이제 3달 정도 쉬니까 몸 괜찮아 졌어 키키",
            "norm_text": "나 이제 3달 정도 쉬니까 몸 괜찮아 졌어 키키",
            "speaker": {
              "id": "1번",
              "sex": "여성",
              "age": "20대"
            },
            "speechAct": "(단언) 진술하기",
            "morpheme": "나/NP+이제/MAG+3/SN+달정도쉬니까몸괜찮아졌어키키/UNKNOWN"
          },
          {
            "id": 2,
            "text": "2 : 오 다행이다 역시 쉬는 게 짱이야",
            "norm_text": "오 다행이다 역시 쉬는 게 짱이야",
            "speaker": {
              "id": "2번",
              "sex": "여성",
              "age": "30대"
            },
            "speechAct": "(단언) 주장하기",
            "morpheme": "오/NR+다행/NNG+이/VCP+다/EF+역시/MAJ+쉬/VV+는/ETM+게/NNB+JKS+짱/NNG+이/VCP+야/EC"
          },
          {
            "id": 3,
            "text": "1 : 처음에 수술해야 하는 거 아닌가 엄청 걱정했었는데 키키",
            "norm_text": "처음에 수술해야 하는 거 아닌가 엄청 걱정했었는데 키키",
            "speaker": {
              "id": "1번",
              "sex": "여성",
              "age": "20대"
            },
            "speechAct": "(단언) 주장하기",
            "morpheme": "처음/NNG+에/JKB+수술/NNG+해야/XSV+EC+하/VV+는/ETM+거/NNB+아닌가/VCN+EC+엄청/MAG+걱정/NNG+했었/XSV+EP+는데/EC+키/NNG+키/XSV+ETN"
          },
          {
            "id": 4,
            "text": "2 : 지금은 수술 안 해도 괜찮은 정도야?",
            "norm_text": "지금은 수술 안 해도 괜찮은 정도야?",
            "speaker": {
              "id": "2번",
              "sex": "여성",
              "age": "30대"
            },
            "speechAct": "(지시) 질문하기",
            "morpheme": "지금/MAG+은/JX+수술/NNG+안/MAG+해도/VV+EC+괜찮/VA+은/ETM+정도/NNG+야/VCP+EF"
          },
          {
            "id": 5,
            "text": "1 : 치료 잘 받고 푹 쉬니까 키키 몸이 괜찮아 지네 키키",
            "norm_text": "치료 잘 받고 푹 쉬니까 키키 몸이 괜찮아 지네 키키",
            "speaker": {
              "id": "1번",
              "sex": "여성",
              "age": "20대"
            },
            "speechAct": "(단언) 진술하기",
            "morpheme": "치료/NNG+잘/MAG+받/VV+고/EC+푹/MAG+쉬/VV+니까/EC+키/NNG+키/NNG+몸/NNG+이/JKS+괜찮/VA+아/EC+지네/NNG+키/NNG+키/XSV+ETN"
          },
          {
            "id": 6,
            "text": "2 : 병원에서는 뭐라고 했어? 괜찮아졌대?",
            "norm_text": "병원에서는 뭐라고 했어? 괜찮아졌대?",
            "speaker": {
              "id": "2번",
              "sex": "여성",
              "age": "30대"
            },
            "speechAct": "(지시) 질문하기",
            "morpheme": "병원/NNG+에서/JKB+는/JX+뭐/NP+라고/VCP+EC+했/VX+EP+어/EF+괜찮/VA+아/EC+졌/VX+EP+대/EF"
          },
          {
            "id": 7,
            "text": "1 : 웅 키키 병원에서 나이가 너무 어려서 수술이나 시술 안 권해 키키",
            "norm_text": "웅 키키 병원에서 나이가 너무 어려서 수술이나 시술 안 권해 키키",
            "speaker": {
              "id": "1번",
              "sex": "여성",
              "age": "20대"
            },
            "speechAct": "(단언) 주장하기",
            "morpheme": "웅/IC+키/NNG+키/NNG+병원/NNG+에서/JKB+나이/NNG+가/JKS+너무/MAG+어려서/VA+EC+수술/NNG+이나/JC+시술/NNG+안/MAG+권해/VV+EC+키/NNG+키/XSV+ETN"
          },
          {
            "id": 8,
            "text": "2 : 수술 안 하는 거 너무 다행이다",
            "norm_text": "수술 안 하는 거 너무 다행이다",
            "speaker": {
              "id": "2번",
              "sex": "여성",
              "age": "30대"
            },
            "speechAct": "(단언) 주장하기",
            "morpheme": "수술/NNG+안/MAG+하/VV+는/ETM+거/NNB+너무/MAG+다행/NNG+이/VCP+다/EC"
          },
          {
            "id": 9,
            "text": "1 : 이제 몸 아프면 오고 안아도 된다더라 키키",
            "norm_text": "이제 몸 아프면 오고 안아도 된다더라 키키",
            "speaker": {
              "id": "1번",
              "sex": "여성",
              "age": "20대"
            },
            "speechAct": "(단언) 진술하기",
            "morpheme": "이제/MAG+몸/NNG+아프/VA+면/EC+오/VV+고/EC+안/VV+아도/EC+된다더라/VV+EC+키/NNG+키/XSV+ETN"
          },
          {
            "id": 10,
            "text": "2 : 요즘 수술하면 코로나 검사 하라고 하더라",
            "norm_text": "요즘 수술하면 코로나 검사 하라고 하더라",
            "speaker": {
              "id": "2번",
              "sex": "여성",
              "age": "30대"
            },
            "speechAct": "(단언) 주장하기",
            "morpheme": "요즘/NNG+수술/NNG+하/XSV+면/EC+코로나/NNG+검사/NNG+하/XSV+라고/EC+하/VV+더라/EC"
          },
          {
            "id": 11,
            "text": "1 : 약 처방을 진짜 센 걸로 받았었거든 키키 부작용 와우",
            "norm_text": "약 처방을 진짜 센 걸로 받았었거든 키키 부작용 와우",
            "speaker": {
              "id": "1번",
              "sex": "여성",
              "age": "20대"
            },
            "speechAct": "(단언) 진술하기",
            "morpheme": "약/MM+처방/NNG+을/JKO+진짜/MAG+센/VA+ETM+걸로/NNB+JKB+받/VV+았었/EP+거든/EF+키키/NNP+부작용/NNG+와우/NNG"
          },
          {
            "id": 12,
            "text": "2 : 와 완전 많이 나아졌네! 헐 무슨 부작용?",
            "norm_text": "와 완전 많이 나아졌네! 헐 무슨 부작용?",
            "speaker": {
              "id": "2번",
              "sex": "여성",
              "age": "30대"
            },
            "speechAct": "(지시) 질문하기",
            "morpheme": "와/IC+완전/MAG+많이/MAG+나아졌/VV+EP+네/EF+헐/VV+JKO+무슨/MM+부작용/NNG"
          },
          {
            "id": 13,
            "text": "1 : 부작용으로 우울증 올 수도 있고 어지럼증이랑 졸음?",
            "norm_text": "부작용으로 우울증 올 수도 있고 어지럼증이랑 졸음?",
            "speaker": {
              "id": "1번",
              "sex": "여성",
              "age": "20대"
            },
            "speechAct": "(지시) 질문하기",
            "morpheme": "부작용/NNG+으로/JKB+우울증/NNG+올/VV+ETM+수/NNB+도/JX+있/VA+고/EC+어지럼증/NNG+이랑/JKB+졸음/NNG"
          },
          {
            "id": 14,
            "text": "2 : 헐 그렇군 그 부작용 다 왔어?",
            "norm_text": "헐 그렇군 그 부작용 다 왔어?",
            "speaker": {
              "id": "2번",
              "sex": "여성",
              "age": "30대"
            },
            "speechAct": "(지시) 질문하기",
            "morpheme": "헐/VV+JKO+그렇/VA+군/EC+그/MM+부작용/NNG+다왔/XSA+EP+어/EF"
          },
          {
            "id": 15,
            "text": "1 : 우울증 빼고 약국에서 얘기한 부작용 다 겪음 키키",
            "norm_text": "우울증 빼고 약국에서 얘기한 부작용 다 겪음 키키",
            "speaker": {
              "id": "1번",
              "sex": "여성",
              "age": "20대"
            },
            "speechAct": "(단언) 진술하기",
            "morpheme": "우울증/NNG+빼/VV+고/EC+약국/NNG+에서/JKB+얘기/NNG+한/XSA+ETM+부작용/NNG+다/MAG+겪/VV+음/ETN+키/NNG+키/XSV+ETN"
          },
          {
            "id": 16,
            "text": "2 : 헐 키키 근데 우울증 안 와서 다행이다",
            "norm_text": "헐 키키 근데 우울증 안 와서 다행이다",
            "speaker": {
              "id": "2번",
              "sex": "여성",
              "age": "30대"
            },
            "speechAct": "(단언) 주장하기",
            "morpheme": "헐/IC+키/NNG+키/XSV+ETN+근데/MAJ+우울증/NNG+안/MAG+와서/VV+EC+다행/NNG+이/VCP+다/EC"
          },
          {
            "id": 17,
            "text": "1 : 그냥 앉아 있을 때는 괜찮았는데 서니까 어지러워서 중심 못 잡고 그랬음 키키 듯이 졸리고 키키",
            "norm_text": "그냥 앉아 있을 때는 괜찮았는데 서니까 어지러워서 중심 못 잡고 그랬음 키키 듯이 졸리고 키키",
            "speaker": {
              "id": "1번",
              "sex": "여성",
              "age": "20대"
            },
            "speechAct": "(단언) 주장하기",
            "morpheme": "그냥/MAG+앉/VV+아/EC+있/VX+을/ETM+때/NNG+는/JX+괜찮/VA+았/EP+는데/EC+서/VV+니까/EC+어지러워서/VA+EC+중심/NNG+못/MAG+잡/VV+고/EC+그랬음/VA+EP+EC+키/NNG+키/VV+듯이/EC+졸리/VV+고/EC+키/NNG+키/XSV+ETN"
          },
          {
            "id": 18,
            "text": "2 : 듯이 졸리면 좀 힘들었을 듯",
            "norm_text": "듯이 졸리면 좀 힘들었을 듯",
            "speaker": {
              "id": "2번",
              "sex": "여성",
              "age": "30대"
            },
            "speechAct": "(단언) 주장하기",
            "morpheme": "듯이/MAG+졸리/VV+면/EC+좀/MAG+힘들/VA+었/EP+을/ETM+듯/NNB"
          }
        ]
      }
    }
  ]
}