{
  "dataset": {
    "identifier": 67774,
    "name": "KAKAO_998_07_set",
    "src_path": "/data/file/cubeManager/PROJECT001/53/txt20211006141726009249/KAKAO_998_07_set/",
    "label_path": "/data/file/cubeManager/PROJECT001/53/txt20211006141726009249/KAKAO_998_07_set/",
    "category": 2,
    "type": 0
  },
  "licenses": {
    "name": "Apache License 1.0",
    "url": "http://www.apache.org/licenses/LICENSE-1.0"
  },
  "info": [
    {
      "id": 45359,
      "filename": "KAKAO_998_07.txt",
      "title": "KAKAO_998_07",
      "mediatype": "SNS",
      "medianame": "카카오톡",
      "category": "일상대화",
      "date": "2021-10-06",
      "size": 618,
      "annotations": {
        "subject": "가족",
        "speaker_type": "1:1",
        "size": 618,
        "word_size": 205,
        "text": "1 : 내 친구들 보니까 대가족인 집안들도 많이 있더라 키키\n2 : 아~ 조부모님들? 다~ 살아 계시고? 하하\n1 : 우리는 친척들 다 모여도 대가족 축에도 못 끼는데 키키\n2 : 아아~ 식구들이 많은 거 키키\n2 : 그렇지 우리는 대가족 아니야 키키\n1 : 응 부모님들의 형제들이 많은가 봐 키키\n1 : 명절에 가면 이름도 모르는 친척이 있대 키키\n2 : 키키 이름도 모를 수가 있나 ㅋ\n2 : 얼마나 식구가 많으면 키키\n1 : 막 가족들이 너무 많아서 집에서는 가족 전부 모일 수가 없다는 애들도 있어 키키\n2 : 아? 그래? 키키 그런 집 보면 경험 해보지 못한 거라 부럽기도 하다 키키\n1 : 그런 북적북적한 명절은 분위기가 어떻지 궁금하다 키키\n2 : 응응 나도 궁금하다 키키\n2 :  바람 잘날 없기도 할거 같고 키키\n1 : 대가족이라고 다 행복한 건 아닐 수도 있지 키키\n2 : 그건 그렇지만 키키\n2 : 분위기 자체는 궁금해 키키\n1 : 오히려 싸움이 더 많이 날 수 도 있고 그럴 것 같아! 키키\n2 : 그럴 수도 있지\n2 : 우선 ㅋ 사람 자체가 많으니깐 키키\n1 : 응응 키키 그럴 것 같다 키키\n1 : 어르신들 잔소리도 두배 세배 들어야 할 수도 있을 듯 키키\n2 : 키키 학교얘기 결혼얘기 사회생활 얘기 다~들어야지 키키",
        "lines": [
          {
            "id": 1,
            "text": "1 : 내 친구들 보니까 대가족인 집안들도 많이 있더라 키키",
            "norm_text": "내 친구들 보니까 대가족인 집안들도 많이 있더라 키키",
            "speaker": {
              "id": "1번",
              "sex": "여성",
              "age": "30대"
            },
            "speechAct": "(단언) 진술하기",
            "morpheme": "내/NP+JKG+친구/NNG+들/XSN+보/VV+니까/EC+대/XPN+가족/NNG+인/VCP+ETM+집안/NNG+들/XSN+도/JX+많이/MAG+있/VA+더라/EC+키/NNG+키/XSV+ETN"
          },
          {
            "id": 2,
            "text": "2 : 아~ 조부모님들? 다~ 살아 계시고? 하하",
            "norm_text": "아~ 조부모님들? 다~ 살아 계시고? 하하",
            "speaker": {
              "id": "2번",
              "sex": "남성",
              "age": "30대"
            },
            "speechAct": "(지시) 질문하기",
            "morpheme": "아/IC+~/SY+조부모/NNG+님/XSN+들/XSN+다/MAG+~/SY+살/VV+아/EC+계시/VX+고/EC+하하/MAG"
          },
          {
            "id": 3,
            "text": "1 : 우리는 친척들 다 모여도 대가족 축에도 못 끼는데 키키",
            "norm_text": "우리는 친척들 다 모여도 대가족 축에도 못 끼는데 키키",
            "speaker": {
              "id": "1번",
              "sex": "여성",
              "age": "30대"
            },
            "speechAct": "(단언) 진술하기",
            "morpheme": "우리/NP+는/JX+친척/NNG+들/XSN+다/MAG+모여/VV+EC+도/JX+대/XPN+가족/NNG+축/NNG+에/JKB+도/JX+못/MAG+끼/VV+는데/EC+키/NNG+키/XSV+ETN"
          },
          {
            "id": 4,
            "text": "2 : 아아~ 식구들이 많은 거 키키",
            "norm_text": "아아~ 식구들이 많은 거 키키",
            "speaker": {
              "id": "2번",
              "sex": "남성",
              "age": "30대"
            },
            "speechAct": "(단언) 진술하기",
            "morpheme": "아아/NNG+~/SY+식구/NNG+들/XSN+이/JKS+많/VA+은/ETM+거/NNB+키/NNG+키/XSV+ETN"
          },
          {
            "id": 5,
            "text": "2 : 그렇지 우리는 대가족 아니야 키키",
            "norm_text": "그렇지 우리는 대가족 아니야 키키",
            "speaker": {
              "id": "2번",
              "sex": "남성",
              "age": "30대"
            },
            "speechAct": "(단언) 진술하기",
            "morpheme": "그렇/VA+지/EF+우리/NP+는/JX+대/XPN+가족/NNG+아니/VCN+야/EC+키/NNG+키/XSV+ETN"
          },
          {
            "id": 6,
            "text": "1 : 응 부모님들의 형제들이 많은가 봐 키키",
            "norm_text": "응 부모님들의 형제들이 많은가 봐 키키",
            "speaker": {
              "id": "1번",
              "sex": "여성",
              "age": "30대"
            },
            "speechAct": "(단언) 주장하기",
            "morpheme": "응/IC+부모/NNG+님/XSN+들/XSN+의/JKG+형제/NNG+들/XSN+이/JKS+많/VA+은가/EC+봐/VX+EF+키/NNG+키/XSV+ETN"
          },
          {
            "id": 7,
            "text": "1 : 명절에 가면 이름도 모르는 친척이 있대 키키",
            "norm_text": "명절에 가면 이름도 모르는 친척이 있대 키키",
            "speaker": {
              "id": "1번",
              "sex": "여성",
              "age": "30대"
            },
            "speechAct": "(단언) 진술하기",
            "morpheme": "명절/NNG+에/JKB+가/VV+면/EC+이름/NNG+도/JX+모르/VV+는/ETM+친척/NNG+이/JKS+있/VA+대/EF+키/NNG+키/XSV+ETN"
          },
          {
            "id": 8,
            "text": "2 : 키키 이름도 모를 수가 있나 ㅋ",
            "norm_text": "키키 이름도 모를 수가 있나 ㅋ",
            "speaker": {
              "id": "2번",
              "sex": "남성",
              "age": "30대"
            },
            "speechAct": "(단언) 주장하기",
            "morpheme": "키/NNG+키/NNG+이름/NNG+도/JX+모를/VV+ETM+수/NNB+가/JKS+있/VA+나/EC+ㅋ/UNKNOWN"
          },
          {
            "id": 9,
            "text": "2 : 얼마나 식구가 많으면 키키",
            "norm_text": "얼마나 식구가 많으면 키키",
            "speaker": {
              "id": "2번",
              "sex": "남성",
              "age": "30대"
            },
            "speechAct": "(단언) 주장하기",
            "morpheme": "얼마나/MAG+식구/NNG+가/JKS+많/VA+으면/EC+키/NNG+키/XSV+ETN"
          },
          {
            "id": 10,
            "text": "1 : 막 가족들이 너무 많아서 집에서는 가족 전부 모일 수가 없다는 애들도 있어 키키",
            "norm_text": "막 가족들이 너무 많아서 집에서는 가족 전부 모일 수가 없다는 애들도 있어 키키",
            "speaker": {
              "id": "1번",
              "sex": "여성",
              "age": "30대"
            },
            "speechAct": "(단언) 진술하기",
            "morpheme": "막/MAJ+가족/NNG+들/XSN+이/JKS+너무/MAG+많/VA+아서/EC+집/NNG+에서/JKB+는/JX+가족/NNG+전부/MAG+모일/VV+ETM+수/NNB+가/JKS+없/VA+다는/ETM+애/NNG+들/XSN+도/JX+있/VA+어/EC+키/NNG+키/XSV+ETN"
          },
          {
            "id": 11,
            "text": "2 : 아? 그래? 키키 그런 집 보면 경험 해보지 못한 거라 부럽기도 하다 키키",
            "norm_text": "아? 그래? 키키 그런 집 보면 경험 해보지 못한 거라 부럽기도 하다 키키",
            "speaker": {
              "id": "2번",
              "sex": "남성",
              "age": "30대"
            },
            "speechAct": "(단언) 주장하기",
            "morpheme": "아/IC+그래/IC+키키그런집보면경험해보지못한거라부럽기도하다키키/UNKNOWN"
          },
          {
            "id": 12,
            "text": "1 : 그런 북적북적한 명절은 분위기가 어떻지 궁금하다 키키",
            "norm_text": "그런 북적북적한 명절은 분위기가 어떻지 궁금하다 키키",
            "speaker": {
              "id": "1번",
              "sex": "여성",
              "age": "30대"
            },
            "speechAct": "(단언) 주장하기",
            "morpheme": "그런/MM+북적북적/MAG+한/XSA+ETM+명절/NNG+은/JX+분위기/NNG+가/JKS+어떻/VA+지/EC+궁금/XR+하/XSA+다키키/NNP"
          },
          {
            "id": 13,
            "text": "2 : 응응 나도 궁금하다 키키",
            "norm_text": "응응 나도 궁금하다 키키",
            "speaker": {
              "id": "2번",
              "sex": "남성",
              "age": "30대"
            },
            "speechAct": "(단언) 주장하기",
            "morpheme": "응/IC+응/IC+나/NP+도/JX+궁금/XR+하/XSA+다키키/NNP"
          },
          {
            "id": 14,
            "text": "2 :  바람 잘날 없기도 할거 같고 키키",
            "norm_text": "바람 잘날 없기도 할거 같고 키키",
            "speaker": {
              "id": "2번",
              "sex": "남성",
              "age": "30대"
            },
            "speechAct": "(단언) 주장하기",
            "morpheme": "바람/NNG+잘/MAG+날/NNG+없/VA+기/ETN+도/JX+할/VV+ETM+거/NNB+같/VA+고/EC+키/NNG+키/XSV+ETN"
          },
          {
            "id": 15,
            "text": "1 : 대가족이라고 다 행복한 건 아닐 수도 있지 키키",
            "norm_text": "대가족이라고 다 행복한 건 아닐 수도 있지 키키",
            "speaker": {
              "id": "1번",
              "sex": "여성",
              "age": "30대"
            },
            "speechAct": "(단언) 주장하기",
            "morpheme": "대/XPN+가족/NNG+이/VCP+라고/EC+다/MAG+행복/NNG+한/XSA+ETM+건/NNB+JX+아닐/VCN+ETM+수/NNB+도/JX+있/VA+지/EC+키/NNG+키/XSV+ETN"
          },
          {
            "id": 16,
            "text": "2 : 그건 그렇지만 키키",
            "norm_text": "그건 그렇지만 키키",
            "speaker": {
              "id": "2번",
              "sex": "남성",
              "age": "30대"
            },
            "speechAct": "(단언) 주장하기",
            "morpheme": "그건/NP+JX+그렇/VA+지만/EC+키/NNG+키/XSV+ETN"
          },
          {
            "id": 17,
            "text": "2 : 분위기 자체는 궁금해 키키",
            "norm_text": "분위기 자체는 궁금해 키키",
            "speaker": {
              "id": "2번",
              "sex": "남성",
              "age": "30대"
            },
            "speechAct": "(단언) 주장하기",
            "morpheme": "분위기/NNG+자체/NNG+는/JX+궁금/XR+해/XSA+EC+키/NNG+키/XSV+ETN"
          },
          {
            "id": 18,
            "text": "1 : 오히려 싸움이 더 많이 날 수 도 있고 그럴 것 같아! 키키",
            "norm_text": "오히려 싸움이 더 많이 날 수 도 있고 그럴 것 같아! 키키",
            "speaker": {
              "id": "1번",
              "sex": "여성",
              "age": "30대"
            },
            "speechAct": "(단언) 주장하기",
            "morpheme": "오히려/MAJ+싸움/NNG+이/JKS+더/MAG+많이/MAG+날/VV+ETM+수/NNB+도/JX+있/VA+고/EC+그럴/VV+ETM+것/NNB+같/VA+아/EF+키/NNG+키/XSV+ETN"
          },
          {
            "id": 19,
            "text": "2 : 그럴 수도 있지",
            "norm_text": "그럴 수도 있지",
            "speaker": {
              "id": "2번",
              "sex": "남성",
              "age": "30대"
            },
            "speechAct": "(단언) 주장하기",
            "morpheme": "그럴/VA+ETM+수/NNB+도/JX+있/VA+지/EC"
          },
          {
            "id": 20,
            "text": "2 : 우선 ㅋ 사람 자체가 많으니깐 키키",
            "norm_text": "우선 ㅋ 사람 자체가 많으니깐 키키",
            "speaker": {
              "id": "2번",
              "sex": "남성",
              "age": "30대"
            },
            "speechAct": "(단언) 주장하기",
            "morpheme": "우선/MAG+ㅋ/UNKNOWN+사람/NNG+자체/NNG+가/JKS+많/VA+으니깐/EC+키/NNG+키/XSV+ETN"
          },
          {
            "id": 21,
            "text": "1 : 응응 키키 그럴 것 같다 키키",
            "norm_text": "응응 키키 그럴 것 같다 키키",
            "speaker": {
              "id": "1번",
              "sex": "여성",
              "age": "30대"
            },
            "speechAct": "(단언) 주장하기",
            "morpheme": "응/IC+응/IC+키/NNG+키/XSV+ETN+그럴/VV+ETM+것/NNB+같/VA+다키키/NNP"
          },
          {
            "id": 22,
            "text": "1 : 어르신들 잔소리도 두배 세배 들어야 할 수도 있을 듯 키키",
            "norm_text": "어르신들 잔소리도 두배 세배 들어야 할 수도 있을 듯 키키",
            "speaker": {
              "id": "1번",
              "sex": "여성",
              "age": "30대"
            },
            "speechAct": "(단언) 주장하기",
            "morpheme": "어르신/NNG+들/XSN+잔소리/NNG+도/JX+두/MM+배/NNBC+세/MM+배/NNBC+들어야/VV+EC+할/VX+ETM+수/NNB+도/JX+있/VA+을/ETM+듯/NNB+키/NNG+키/XSV+ETN"
          },
          {
            "id": 23,
            "text": "2 : 키키 학교얘기 결혼얘기 사회생활 얘기 다~들어야지 키키",
            "norm_text": "키키 학교얘기 결혼얘기 사회생활 얘기 다~들어야지 키키",
            "speaker": {
              "id": "2번",
              "sex": "남성",
              "age": "30대"
            },
            "speechAct": "(단언) 주장하기",
            "morpheme": "키키학교얘기결혼얘기사회생활얘기다/UNKNOWN+~/SY+들/VV+어야지/EC+키/NNG+키/XSV+ETN"
          }
        ]
      }
    }
  ]
}