{
  "dataset": {
    "identifier": 50840,
    "name": "KAKAO_999_07_set",
    "src_path": "/data/file/cubeManager/PROJECT001/53/txt20211006140325046682/KAKAO_999_07_set/",
    "label_path": "/data/file/cubeManager/PROJECT001/53/txt20211006140325046682/KAKAO_999_07_set/",
    "category": 2,
    "type": 0
  },
  "licenses": {
    "name": "Apache License 1.0",
    "url": "http://www.apache.org/licenses/LICENSE-1.0"
  },
  "info": [
    {
      "id": 45238,
      "filename": "KAKAO_999_07.txt",
      "title": "KAKAO_999_07",
      "mediatype": "SNS",
      "medianame": "카카오톡",
      "category": "일상대화",
      "date": "2021-10-06",
      "size": 368,
      "annotations": {
        "subject": "가족",
        "speaker_type": "1:1",
        "size": 368,
        "word_size": 128,
        "text": "1 : 요번 추석에 친척들 만났어?\n2 : 노놉 이번에 아무 곳도 안 갔어!\n1 : 그럼 송편도 안 빚었겠네?\n2 : 맞습니다 추석 때마다 할머니댁 가서 빚었는데\n1 : 너가 추석 때마다 귀찮다고 했던 것 같기도 해\n2 : 키키 아 진짜 넘 귀찮은 작업이야\n1 : 그럼 송편 안 먹었어?\n2 : 아닝~ 사촌오빠가 추석 선물로 송편 보내줌\n1 : 추석 선물로 송편이라니 완전 꿀이다 키키\n2 : 그치 그래서 아주 맛있게 먹었다\n1 : 너 콩 송편 좋아해?\n1 : 꿀 송편 좋아해?\n2 : 뭐 콩?\n2 : 알게 뭐야 당연 꿀 송편이지\n1 : 키키 나도 꿀 송편을 더 좋아해\n2 : 난 진짜 콩이 너무 너무 싫어\n1 : 나도 콩 송편은 좀 그래...\n2 : 그치 누가 뭐래도 송편은 꿀이 최고야",
        "lines": [
          {
            "id": 1,
            "text": "1 : 요번 추석에 친척들 만났어?",
            "norm_text": "요번 추석에 친척들 만났어?",
            "speaker": {
              "id": "1번",
              "sex": "여성",
              "age": "20대"
            },
            "speechAct": "(지시) 질문하기",
            "morpheme": "요번/NNG+추석/NNG+에/JKB+친척/NNG+들/XSN+만났/VV+EP+어/EF"
          },
          {
            "id": 2,
            "text": "2 : 노놉 이번에 아무 곳도 안 갔어!",
            "norm_text": "노놉 이번에 아무 곳도 안 갔어!",
            "speaker": {
              "id": "2번",
              "sex": "여성",
              "age": "20대"
            },
            "speechAct": "(단언) 진술하기",
            "morpheme": "노/NNP+놉/NNG+이번/NNG+에/JKB+아무/MM+곳/NNG+도/JX+안/MAG+갔/VV+EP+어/EF"
          },
          {
            "id": 3,
            "text": "1 : 그럼 송편도 안 빚었겠네?",
            "norm_text": "그럼 송편도 안 빚었겠네?",
            "speaker": {
              "id": "1번",
              "sex": "여성",
              "age": "20대"
            },
            "speechAct": "(지시) 질문하기",
            "morpheme": "그럼/MAJ+송편/NNG+도/JX+안/MAG+빚/VV+었/EP+겠/EP+네/EF"
          },
          {
            "id": 4,
            "text": "2 : 맞습니다 추석 때마다 할머니댁 가서 빚었는데",
            "norm_text": "맞습니다 추석 때마다 할머니댁 가서 빚었는데",
            "speaker": {
              "id": "2번",
              "sex": "여성",
              "age": "20대"
            },
            "speechAct": "(단언) 진술하기",
            "morpheme": "맞/VV+습니다/EF+추석/NNG+때/NNG+마다/JX+할머니/NNG+댁/NNG+가/VV+서/EC+빚/VV+었/EP+는데/EC"
          },
          {
            "id": 5,
            "text": "1 : 너가 추석 때마다 귀찮다고 했던 것 같기도 해",
            "norm_text": "너가 추석 때마다 귀찮다고 했던 것 같기도 해",
            "speaker": {
              "id": "1번",
              "sex": "여성",
              "age": "20대"
            },
            "speechAct": "(단언) 진술하기",
            "morpheme": "너/NP+가/JKS+추석/NNG+때/NNG+마다/JX+귀찮/VA+다고/EC+했/VX+EP+던/ETM+것/NNB+같/VA+기/ETN+도/JX+해/VV+EC"
          },
          {
            "id": 6,
            "text": "2 : 키키 아 진짜 넘 귀찮은 작업이야",
            "norm_text": "키키 아 진짜 넘 귀찮은 작업이야",
            "speaker": {
              "id": "2번",
              "sex": "여성",
              "age": "20대"
            },
            "speechAct": "(단언) 진술하기",
            "morpheme": "키/NNG+키/VV+아/EC+진짜/MAG+넘/MAG+귀찮/VA+은/ETM+작업/NNG+이/VCP+야/EC"
          },
          {
            "id": 7,
            "text": "1 : 그럼 송편 안 먹었어?",
            "norm_text": "그럼 송편 안 먹었어?",
            "speaker": {
              "id": "1번",
              "sex": "여성",
              "age": "20대"
            },
            "speechAct": "(지시) 질문하기",
            "morpheme": "그럼/MAJ+송편/NNG+안/MAG+먹/VV+었/EP+어/EF"
          },
          {
            "id": 8,
            "text": "2 : 아닝~ 사촌오빠가 추석 선물로 송편 보내줌",
            "norm_text": "아닝~ 사촌오빠가 추석 선물로 송편 보내줌",
            "speaker": {
              "id": "2번",
              "sex": "여성",
              "age": "20대"
            },
            "speechAct": "(단언) 진술하기",
            "morpheme": "아닝/NNP+~/SY+사촌/NNG+오빠/NNG+가/JKS+추석/NNG+선물/NNG+로/JKB+송편/NNG+보내/VV+줌/EC+VX+ETN"
          },
          {
            "id": 9,
            "text": "1 : 추석 선물로 송편이라니 완전 꿀이다 키키",
            "norm_text": "추석 선물로 송편이라니 완전 꿀이다 키키",
            "speaker": {
              "id": "1번",
              "sex": "여성",
              "age": "20대"
            },
            "speechAct": "(단언) 진술하기",
            "morpheme": "추석/NNG+선물/NNG+로/JKB+송편/NNG+이/VCP+라니/EC+완전/NNG+꿀/NNG+이/JKS+다키키/NNP"
          },
          {
            "id": 10,
            "text": "2 : 그치 그래서 아주 맛있게 먹었다",
            "norm_text": "그치 그래서 아주 맛있게 먹었다",
            "speaker": {
              "id": "2번",
              "sex": "여성",
              "age": "20대"
            },
            "speechAct": "(단언) 진술하기",
            "morpheme": "그치/IC+그래서/MAJ+아주/MAG+맛있/VA+게/EC+먹/VV+었/EP+다/EC"
          },
          {
            "id": 11,
            "text": "1 : 너 콩 송편 좋아해?",
            "norm_text": "너 콩 송편 좋아해?",
            "speaker": {
              "id": "1번",
              "sex": "여성",
              "age": "20대"
            },
            "speechAct": "(지시) 질문하기",
            "morpheme": "너/NP+콩/NNG+송편/NNG+좋/VA+아/EC+해/VX+EF"
          },
          {
            "id": 12,
            "text": "1 : 꿀 송편 좋아해?",
            "norm_text": "꿀 송편 좋아해?",
            "speaker": {
              "id": "1번",
              "sex": "여성",
              "age": "20대"
            },
            "speechAct": "(지시) 질문하기",
            "morpheme": "꿀/NNG+송편/NNG+좋/VA+아/EC+해/VX+EF"
          },
          {
            "id": 13,
            "text": "2 : 뭐 콩?",
            "norm_text": "뭐 콩?",
            "speaker": {
              "id": "2번",
              "sex": "여성",
              "age": "20대"
            },
            "speechAct": "(지시) 질문하기",
            "morpheme": "뭐/IC+콩/NNG"
          },
          {
            "id": 14,
            "text": "2 : 알게 뭐야 당연 꿀 송편이지",
            "norm_text": "알게 뭐야 당연 꿀 송편이지",
            "speaker": {
              "id": "2번",
              "sex": "여성",
              "age": "20대"
            },
            "speechAct": "(단언) 진술하기",
            "morpheme": "알/VV+게/EC+뭐/NP+야/VCP+EF+당연/MAG+꿀/VV+ETM+송편/NNG+이/VCP+지/EC"
          },
          {
            "id": 15,
            "text": "1 : 키키 나도 꿀 송편을 더 좋아해",
            "norm_text": "키키 나도 꿀 송편을 더 좋아해",
            "speaker": {
              "id": "1번",
              "sex": "여성",
              "age": "20대"
            },
            "speechAct": "(단언) 주장하기",
            "morpheme": "키/NNG+키나/XSA+ETN+JX+도/JX+꿀/VV+ETM+송편/NNG+을/JKO+더/MAG+좋/VA+아/EC+해/VV+EC"
          },
          {
            "id": 16,
            "text": "2 : 난 진짜 콩이 너무 너무 싫어",
            "norm_text": "난 진짜 콩이 너무 너무 싫어",
            "speaker": {
              "id": "2번",
              "sex": "여성",
              "age": "20대"
            },
            "speechAct": "(단언) 진술하기",
            "morpheme": "난/NP+JX+진짜/MAG+콩/NNG+이/JKS+너무너무/MAG+싫/VA+어/EC"
          },
          {
            "id": 17,
            "text": "1 : 나도 콩 송편은 좀 그래...",
            "norm_text": "나도 콩 송편은 좀 그래...",
            "speaker": {
              "id": "1번",
              "sex": "여성",
              "age": "20대"
            },
            "speechAct": "(단언) 진술하기",
            "morpheme": "나/NP+도/JX+콩/NNG+송편/NNG+은/JX+좀/MAG+그래/VA+EF+./SY"
          },
          {
            "id": 18,
            "text": "2 : 그치 누가 뭐래도 송편은 꿀이 최고야",
            "norm_text": "그치 누가 뭐래도 송편은 꿀이 최고야",
            "speaker": {
              "id": "2번",
              "sex": "여성",
              "age": "20대"
            },
            "speechAct": "(단언) 진술하기",
            "morpheme": "그치/IC+누가/NP+JKS+뭐/IC+래도/NNG+송편/NNG+은/JX+꿀/NNG+이/JKS+최고/NNG+야/VCP+EF"
          }
        ]
      }
    }
  ]
}