{
  "dataset": {
    "identifier": 63168,
    "name": "KAKAO_917_07_set",
    "src_path": "/data/file/cubeManager/PROJECT001/53/txt20211005154939017029/KAKAO_917_07_set/",
    "label_path": "/data/file/cubeManager/PROJECT001/53/txt20211005154939017029/KAKAO_917_07_set/",
    "category": 2,
    "type": 0
  },
  "licenses": {
    "name": "Apache License 1.0",
    "url": "http://www.apache.org/licenses/LICENSE-1.0"
  },
  "info": [
    {
      "id": 41764,
      "filename": "KAKAO_917_07.txt",
      "title": "KAKAO_917_07",
      "mediatype": "SNS",
      "medianame": "카카오톡",
      "category": "일상대화",
      "date": "2021-10-05",
      "size": 441,
      "annotations": {
        "subject": "가족",
        "speaker_type": "1:1",
        "size": 441,
        "word_size": 154,
        "text": "1 : 이번 추석에 부모님 뵈러 언제 가?\n2 : 내일 내려 갈라고 ㅠ\n2 : 아침 일찍 가야겠제\n1 : 엉 키키 차 많이 막힐 듯...\n2 : 맞제 ㅠ 출근 시간에 똑같이 나와야겠노 키키\n1 : 키키 출근 시간에 나와도 막힐 것 같은데...\n1 : 거의 일찍 움직이잖아 ㅠㅠ\n2 : 그럼 오후에 출발해야 하는가? 눈치 게임이다\n1 : 키키 그냥 새벽에 가면 안 막히지 않을까?\n2 : 그럼 내가 너무 피곤하잖아 ㅠㅠ\n1 : 그냥 밤새고 가 키키\n2 : 그럼 졸음운전 한다 키키 위험함\n1 : 졸음 깨는 껌 있잖아\n1 : 그거 하나씩 씹자 키키\n2 : 키키 그냥 차 막힐 때 갈란다 키키\n1 : 키키 근데 코로나 때문에 많이 없을 수도 있당\n2 : 아 맞네 잘 안 모이잖아 키키\n1 : 키키 그러니까 아무 때나 가뿌라...\n2 : 키키 니는 어디 안 가나?\n1 : 나는 집에 있는다 키키\n2 : 이번에는 어디 안 가나 보네?",
        "lines": [
          {
            "id": 1,
            "text": "1 : 이번 추석에 부모님 뵈러 언제 가?",
            "norm_text": "이번 추석에 부모님 뵈러 언제 가?",
            "speaker": {
              "id": "1번",
              "sex": "여성",
              "age": "20대"
            },
            "speechAct": "(지시) 질문하기",
            "morpheme": "이번/NNG+추석/NNG+에/JKB+부모/NNG+님/XSN+뵈/VV+러/EC+언제/NP+가/JKS"
          },
          {
            "id": 2,
            "text": "2 : 내일 내려 갈라고 ㅠ",
            "norm_text": "내일 내려 갈라고 ㅠ",
            "speaker": {
              "id": "2번",
              "sex": "남성",
              "age": "30대"
            },
            "speechAct": "(단언) 진술하기",
            "morpheme": "내일내려갈라고ㅠ/UNKNOWN"
          },
          {
            "id": 3,
            "text": "2 : 아침 일찍 가야겠제",
            "norm_text": "아침 일찍 가야겠제",
            "speaker": {
              "id": "2번",
              "sex": "남성",
              "age": "30대"
            },
            "speechAct": "(단언) 진술하기",
            "morpheme": "아침/NNG+일찍/MAG+가/VV+야/EC+VX+겠/EP+제/EC"
          },
          {
            "id": 4,
            "text": "1 : 엉 키키 차 많이 막힐 듯...",
            "norm_text": "엉 키키 차 많이 막힐 듯...",
            "speaker": {
              "id": "1번",
              "sex": "여성",
              "age": "20대"
            },
            "speechAct": "(단언) 주장하기",
            "morpheme": "엉키키차많이막힐듯/UNKNOWN+./SY"
          },
          {
            "id": 5,
            "text": "2 : 맞제 ㅠ 출근 시간에 똑같이 나와야겠노 키키",
            "norm_text": "맞제 ㅠ 출근 시간에 똑같이 나와야겠노 키키",
            "speaker": {
              "id": "2번",
              "sex": "남성",
              "age": "30대"
            },
            "speechAct": "(단언) 진술하기",
            "morpheme": "맞/VV+제ㅠ/UNKNOWN+출근/NNG+시간/NNG+에/JKB+똑같이/MAG+나와야/VV+EC+VX+겠/EP+노/EC+키/NNG+키/XSV+ETN"
          },
          {
            "id": 6,
            "text": "1 : 키키 출근 시간에 나와도 막힐 것 같은데...",
            "norm_text": "키키 출근 시간에 나와도 막힐 것 같은데...",
            "speaker": {
              "id": "1번",
              "sex": "여성",
              "age": "20대"
            },
            "speechAct": "(단언) 주장하기",
            "morpheme": "키/NNG+키/NNG+출근/NNG+시간/NNG+에/JKB+나와도/VV+EC+막힐/VV+ETM+것/NNB+같/VA+은데/EF+./SY"
          },
          {
            "id": 7,
            "text": "1 : 거의 일찍 움직이잖아 ㅠㅠ",
            "norm_text": "거의 일찍 움직이잖아 ㅠㅠ",
            "speaker": {
              "id": "1번",
              "sex": "여성",
              "age": "20대"
            },
            "speechAct": "(단언) 진술하기",
            "morpheme": "거의/MAG+일찍/MAG+움직이/VV+잖아/EF+ㅠㅠ/UNKNOWN"
          },
          {
            "id": 8,
            "text": "2 : 그럼 오후에 출발해야 하는가? 눈치 게임이다",
            "norm_text": "그럼 오후에 출발해야 하는가? 눈치 게임이다",
            "speaker": {
              "id": "2번",
              "sex": "남성",
              "age": "30대"
            },
            "speechAct": "(지시) 질문하기",
            "morpheme": "그럼/MAJ+오후/NNG+에/JKB+출발/NNG+해야/XSV+EC+하/VX+는가/EF+눈치/NNG+게임/NNG+이/VCP+다/EC"
          },
          {
            "id": 9,
            "text": "1 : 키키 그냥 새벽에 가면 안 막히지 않을까?",
            "norm_text": "키키 그냥 새벽에 가면 안 막히지 않을까?",
            "speaker": {
              "id": "1번",
              "sex": "여성",
              "age": "20대"
            },
            "speechAct": "(지시) 질문하기",
            "morpheme": "키/NNG+키/NNG+그냥/MAG+새벽/NNG+에/JKB+가/VV+면/EC+안/MAG+막히/VV+지/EC+않/VX+을까/EF"
          },
          {
            "id": 10,
            "text": "2 : 그럼 내가 너무 피곤하잖아 ㅠㅠ",
            "norm_text": "그럼 내가 너무 피곤하잖아 ㅠㅠ",
            "speaker": {
              "id": "2번",
              "sex": "남성",
              "age": "30대"
            },
            "speechAct": "(단언) 진술하기",
            "morpheme": "그럼/MAJ+내/NP+가/JKS+너무/MAG+피곤/NNG+하/XSV+잖아/EC+VX+EF+ㅠㅠ/UNKNOWN"
          },
          {
            "id": 11,
            "text": "1 : 그냥 밤새고 가 키키",
            "norm_text": "그냥 밤새고 가 키키",
            "speaker": {
              "id": "1번",
              "sex": "여성",
              "age": "20대"
            },
            "speechAct": "(지시) 충고/제안하기",
            "morpheme": "그냥/MAG+밤새/VV+고/EC+가/JKS+키/NNG+키/XSV+ETN"
          },
          {
            "id": 12,
            "text": "2 : 그럼 졸음운전 한다 키키 위험함",
            "norm_text": "그럼 졸음운전 한다 키키 위험함",
            "speaker": {
              "id": "2번",
              "sex": "남성",
              "age": "30대"
            },
            "speechAct": "(단언) 진술하기",
            "morpheme": "그럼/MAJ+졸음운전/NNG+한/XSA+ETM+다키키/NNP+위험/NNG+함/XSV+ETN"
          },
          {
            "id": 13,
            "text": "1 : 졸음 깨는 껌 있잖아",
            "norm_text": "졸음 깨는 껌 있잖아",
            "speaker": {
              "id": "1번",
              "sex": "여성",
              "age": "20대"
            },
            "speechAct": "(단언) 진술하기",
            "morpheme": "졸음/NNG+깨/VV+는/ETM+껌/NNG+있/VV+잖아/EC"
          },
          {
            "id": 14,
            "text": "1 : 그거 하나씩 씹자 키키",
            "norm_text": "그거 하나씩 씹자 키키",
            "speaker": {
              "id": "1번",
              "sex": "여성",
              "age": "20대"
            },
            "speechAct": "(지시) 충고/제안하기",
            "morpheme": "그거/NP+하나/NR+씩/XSN+씹/NNG+자키/NNG+키/XSV+ETN"
          },
          {
            "id": 15,
            "text": "2 : 키키 그냥 차 막힐 때 갈란다 키키",
            "norm_text": "키키 그냥 차 막힐 때 갈란다 키키",
            "speaker": {
              "id": "2번",
              "sex": "남성",
              "age": "30대"
            },
            "speechAct": "(단언) 진술하기",
            "morpheme": "키/NNG+키/NNG+그냥/MAG+차/NNG+막힐/VV+ETM+때/NNG+갈란/NNP+다키키/NNP"
          },
          {
            "id": 16,
            "text": "1 : 키키 근데 코로나 때문에 많이 없을 수도 있당",
            "norm_text": "키키 근데 코로나 때문에 많이 없을 수도 있당",
            "speaker": {
              "id": "1번",
              "sex": "여성",
              "age": "20대"
            },
            "speechAct": "(단언) 주장하기",
            "morpheme": "키/NNG+키/XSV+ETN+근데/MAJ+코로나/NNG+때문/NNB+에/JKB+많이/MAG+없/VA+을/ETM+수/NNB+도/JX+있/VA+당/EF"
          },
          {
            "id": 17,
            "text": "2 : 아 맞네 잘 안 모이잖아 키키",
            "norm_text": "아 맞네 잘 안 모이잖아 키키",
            "speaker": {
              "id": "2번",
              "sex": "남성",
              "age": "30대"
            },
            "speechAct": "(단언) 진술하기",
            "morpheme": "아/IC+맞/VV+네/EF+잘/MAG+안/MAG+모이/VV+잖아/EC+키/NNG+키/XSV+ETN"
          },
          {
            "id": 18,
            "text": "1 : 키키 그러니까 아무 때나 가뿌라...",
            "norm_text": "키키 그러니까 아무 때나 가뿌라...",
            "speaker": {
              "id": "1번",
              "sex": "여성",
              "age": "20대"
            },
            "speechAct": "(지시) 충고/제안하기",
            "morpheme": "키/NNG+키/XSV+ETN+그러니까/MAJ+아무/MM+때/NNG+나가/VV+EC+뿌/VX+라/EF+./SY"
          },
          {
            "id": 19,
            "text": "2 : 키키 니는 어디 안 가나?",
            "norm_text": "키키 니는 어디 안 가나?",
            "speaker": {
              "id": "2번",
              "sex": "남성",
              "age": "30대"
            },
            "speechAct": "(지시) 질문하기",
            "morpheme": "키/NNG+키/XSV+ETN+니/NP+는/JX+어디/NP+안/MAG+가/VV+나/EF"
          },
          {
            "id": 20,
            "text": "1 : 나는 집에 있는다 키키",
            "norm_text": "나는 집에 있는다 키키",
            "speaker": {
              "id": "1번",
              "sex": "여성",
              "age": "20대"
            },
            "speechAct": "(단언) 진술하기",
            "morpheme": "나/NP+는/JX+집/NNG+에/JKB+있/VV+는/ETM+다키키/NNP"
          },
          {
            "id": 21,
            "text": "2 : 이번에는 어디 안 가나 보네?",
            "norm_text": "이번에는 어디 안 가나 보네?",
            "speaker": {
              "id": "2번",
              "sex": "남성",
              "age": "30대"
            },
            "speechAct": "(지시) 질문하기",
            "morpheme": "이번/NNG+에/JKB+는/JX+어디/NP+안/MAG+가/VV+나/EC+보/VX+네/EF"
          }
        ]
      }
    }
  ]
}