{
  "dataset": {
    "identifier": 67931,
    "name": "KAKAO_970_12_set",
    "src_path": "/data/file/cubeManager/PROJECT001/53/txt20211005163235033943/KAKAO_970_12_set/",
    "label_path": "/data/file/cubeManager/PROJECT001/53/txt20211005163235033943/KAKAO_970_12_set/",
    "category": 2,
    "type": 0
  },
  "licenses": {
    "name": "Apache License 1.0",
    "url": "http://www.apache.org/licenses/LICENSE-1.0"
  },
  "info": [
    {
      "id": 42550,
      "filename": "KAKAO_970_12.txt",
      "title": "KAKAO_970_12",
      "mediatype": "SNS",
      "medianame": "카카오톡",
      "category": "일상대화",
      "date": "2021-10-05",
      "size": 612,
      "annotations": {
        "subject": "여행",
        "speaker_type": "1:1",
        "size": 612,
        "word_size": 192,
        "text": "1 : 인정 아 일 그만두고 병원 가기 전에 시간 좀 남는데 그때 여행 가고 싶음\n2 : 간단하게 제주도라도 가 남친이랑\n1 : 제주도 가봤잖아 키키 안 가본 곳 너무 많아서 다른 곳도 가보고 싶음\n2 : 그럼 전주 가봐 거기도 볼 거 많다더라\n1 : 전주? 먹을 거 엄청 많다던데 벌써 군침 도네\n2 : 비빔밥 와플이였나 그것도 먹어보고 싶어\n1 : 비빔밥 와플? 뭔지 모르겠는데 맛있어 보여\n2 : 암튼 재밌어 전주 예전에 한번 가봤는데 번화가도 꽤 크고 놀만한 곳 많더라\n1 : 너는 언제 가봤는데?\n1 : 요즘에는 돌아다니면서 노는 건 좀 힘들잖아 ㅠㅠ\n2 : 요즘에는 못 갔지 대학교 때 애들이랑 갔었어 룸메가 전주사람이라서 키키\n1 : 완전 전국구네 키키 아 나 진짜 국토대장정도 너무 가고 싶음\n2 : 한번 해 볼만해 난 코로나 풀리면 산티아고 순례길 \n 갈 거야\n1 : 아 진짜 좋겠다... 너 국토대장정도 했잖아...\n1 : 니가 내 인생의 롤모델이다\n2 : 국토대장정은 할만해 근데 혼자서 하라고 하면 못할 듯\n1 : 그런가 난 혼자나 친구랑 하고 싶은데... 하긴 좀 너처럼 구체적인 룰이 있는 곳에서 하는 게 좋으려나\n2 : 아무래도 그런 곳른 여러 번 해봤으니까 좀 더 잘하겠지 숙식 같은 것도 그렇고",
        "lines": [
          {
            "id": 1,
            "text": "1 : 인정 아 일 그만두고 병원 가기 전에 시간 좀 남는데 그때 여행 가고 싶음",
            "norm_text": "인정 아 일 그만두고 병원 가기 전에 시간 좀 남는데 그때 여행 가고 싶음",
            "speaker": {
              "id": "1번",
              "sex": "여성",
              "age": "20대"
            },
            "speechAct": "(단언) 주장하기",
            "morpheme": "인정/NNG+아일/NNG+JKO+그만두/VV+고/EC+병원/NNG+가/VV+기/ETN+전/NNG+에/JKB+시간/NNG+좀/MAG+남/VV+는데/EC+그때/NNG+여행/NNG+가/VV+고/EC+싶/VX+음/ETN"
          },
          {
            "id": 2,
            "text": "2 : 간단하게 제주도라도 가 남친이랑",
            "norm_text": "간단하게 제주도라도 가 남친이랑",
            "speaker": {
              "id": "2번",
              "sex": "여성",
              "age": "20대"
            },
            "speechAct": "(지시) 충고/제안하기",
            "morpheme": "간단/XR+하/XSA+게/EC+제주/NNP+도라도/NNP+가/JKS+남친/NNG+이랑/JKB"
          },
          {
            "id": 3,
            "text": "1 : 제주도 가봤잖아 키키 안 가본 곳 너무 많아서 다른 곳도 가보고 싶음",
            "norm_text": "제주도 가봤잖아 키키 안 가본 곳 너무 많아서 다른 곳도 가보고 싶음",
            "speaker": {
              "id": "1번",
              "sex": "여성",
              "age": "20대"
            },
            "speechAct": "(단언) 주장하기",
            "morpheme": "제주도/NNP+가/JKS+봤잖아/VV+EP+EC+VX+EC+키/NNG+키/NNG+안/MAG+가/VV+EC+본곳/NNG+너무/MAG+많/VA+아서/EC+다른/MM+곳도/NNP+가/JKS+보/VV+고/EC+싶/VX+음/ETN"
          },
          {
            "id": 4,
            "text": "2 : 그럼 전주 가봐 거기도 볼 거 많다더라",
            "norm_text": "그럼 전주 가봐 거기도 볼 거 많다더라",
            "speaker": {
              "id": "2번",
              "sex": "여성",
              "age": "20대"
            },
            "speechAct": "(단언) 진술하기",
            "morpheme": "그럼/MAJ+전주/NNG+가/JKS+봐/VV+EC+거기/NP+도/JX+볼/VV+ETM+거/NNB+많/VA+다더라/EC"
          },
          {
            "id": 5,
            "text": "1 : 전주? 먹을 거 엄청 많다던데 벌써 군침 도네",
            "norm_text": "전주? 먹을 거 엄청 많다던데 벌써 군침 도네",
            "speaker": {
              "id": "1번",
              "sex": "여성",
              "age": "20대"
            },
            "speechAct": "(단언) 주장하기",
            "morpheme": "전주/NNP+?/SY+먹을거엄청많다던데벌써군침도네/UNKNOWN"
          },
          {
            "id": 6,
            "text": "2 : 비빔밥 와플이였나 그것도 먹어보고 싶어",
            "norm_text": "비빔밥 와플이였나 그것도 먹어보고 싶어",
            "speaker": {
              "id": "2번",
              "sex": "여성",
              "age": "20대"
            },
            "speechAct": "(단언) 주장하기",
            "morpheme": "비빔밥/NNG+와플/NNG+이/VCP+였/EP+나/EF+그것/NP+도/JX+먹/VV+어/EC+보/VX+고/EC+싶/VX+어/EC"
          },
          {
            "id": 7,
            "text": "1 : 비빔밥 와플? 뭔지 모르겠는데 맛있어 보여",
            "norm_text": "비빔밥 와플? 뭔지 모르겠는데 맛있어 보여",
            "speaker": {
              "id": "1번",
              "sex": "여성",
              "age": "20대"
            },
            "speechAct": "(단언) 주장하기",
            "morpheme": "비빔밥/NNG+와플/NNG+뭔지/NP+VCP+EC+모르/VV+겠/EP+는데/EC+맛있/VA+어/EC+보여/VV+EC"
          },
          {
            "id": 8,
            "text": "2 : 암튼 재밌어 전주 예전에 한번 가봤는데 번화가도 꽤 크고 놀만한 곳 많더라",
            "norm_text": "암튼 재밌어 전주 예전에 한번 가봤는데 번화가도 꽤 크고 놀만한 곳 많더라",
            "speaker": {
              "id": "2번",
              "sex": "여성",
              "age": "20대"
            },
            "speechAct": "(단언) 주장하기",
            "morpheme": "암튼/MAJ+재밌/VA+어/EC+전주/NNG+예전/NNG+에/JKB+한/MM+번/NNBC+가/JKS+봤/VV+EP+는데/EC+번화가/NNG+도/JX+꽤/MAG+크/VA+고/EC+놀/VX+ETM+만/NNB+한/XSA+ETM+곳/NNB+많/VA+더라/EC"
          },
          {
            "id": 9,
            "text": "1 : 너는 언제 가봤는데?",
            "norm_text": "너는 언제 가봤는데?",
            "speaker": {
              "id": "1번",
              "sex": "여성",
              "age": "20대"
            },
            "speechAct": "(지시) 질문하기",
            "morpheme": "너/NP+는/JX+언제/NP+가/JKS+봤/VV+EP+는데/EF"
          },
          {
            "id": 10,
            "text": "1 : 요즘에는 돌아다니면서 노는 건 좀 힘들잖아 ㅠㅠ",
            "norm_text": "요즘에는 돌아다니면서 노는 건 좀 힘들잖아 ㅠㅠ",
            "speaker": {
              "id": "1번",
              "sex": "여성",
              "age": "20대"
            },
            "speechAct": "(단언) 주장하기",
            "morpheme": "요즘/NNG+에/JKB+는/JX+돌아다니/VV+면서/EC+노/VX+는/ETM+건/NNB+JX+좀/MAG+힘들/VA+잖아/EF+ㅠㅠ/UNKNOWN"
          },
          {
            "id": 11,
            "text": "2 : 요즘에는 못 갔지 대학교 때 애들이랑 갔었어 룸메가 전주사람이라서 키키",
            "norm_text": "요즘에는 못 갔지 대학교 때 애들이랑 갔었어 룸메가 전주사람이라서 키키",
            "speaker": {
              "id": "2번",
              "sex": "여성",
              "age": "20대"
            },
            "speechAct": "(단언) 진술하기",
            "morpheme": "요즘/NNG+에/JKB+는/JX+못/MAG+갔/VV+EP+지/EC+대학교/NNG+때/NNG+애/NNG+들/XSN+이랑/JKB+갔었/VV+EP+어/EC+룸/NNG+메/NNG+가/JKS+전주/NNG+사람/NNG+이/VCP+라서/EC+키/NNG+키/XSV+ETN"
          },
          {
            "id": 12,
            "text": "1 : 완전 전국구네 키키 아 나 진짜 국토대장정도 너무 가고 싶음",
            "norm_text": "완전 전국구네 키키 아 나 진짜 국토대장정도 너무 가고 싶음",
            "speaker": {
              "id": "1번",
              "sex": "여성",
              "age": "20대"
            },
            "speechAct": "(단언) 주장하기",
            "morpheme": "완전/NNG+전국구/NNG+네/XSN+키/NNG+키아나/NNP+진짜/MAG+국토/NNG+대장정/NNG+도/JX+너무/MAG+가/VV+고/EC+싶/VX+음/ETN"
          },
          {
            "id": 13,
            "text": "2 : 한번 해 볼만해 난 코로나 풀리면 산티아고 순례길 \n 갈 거야",
            "norm_text": "한번 해 볼만해 난 코로나 풀리면 산티아고 순례길 \n 갈 거야",
            "speaker": {
              "id": "2번",
              "sex": "여성",
              "age": "20대"
            },
            "speechAct": "(단언) 주장하기",
            "morpheme": "한번해볼만해난코로나풀리면산티아고순례길/UNKNOWN+갈/VV+ETM+거/NNB+야/VCP+EF"
          },
          {
            "id": 14,
            "text": "1 : 아 진짜 좋겠다... 너 국토대장정도 했잖아...",
            "norm_text": "아 진짜 좋겠다... 너 국토대장정도 했잖아...",
            "speaker": {
              "id": "1번",
              "sex": "여성",
              "age": "20대"
            },
            "speechAct": "(단언) 진술하기",
            "morpheme": "아/IC+진짜/MAG+좋/VA+겠/EP+다/EF+./SY+너/NP+국토/NNG+대장/NNG+정도/NNG+했잖아/XSV+EP+EC+VX+EF+./SY"
          },
          {
            "id": 15,
            "text": "1 : 니가 내 인생의 롤모델이다",
            "norm_text": "니가 내 인생의 롤모델이다",
            "speaker": {
              "id": "1번",
              "sex": "여성",
              "age": "20대"
            },
            "speechAct": "(단언) 주장하기",
            "morpheme": "니/NP+가/JKS+내인생의/NP+JKG+NNG+JKG+롤/NNG+모델/NNG+이/VCP+다/EC"
          },
          {
            "id": 16,
            "text": "2 : 국토대장정은 할만해 근데 혼자서 하라고 하면 못할 듯",
            "norm_text": "국토대장정은 할만해 근데 혼자서 하라고 하면 못할 듯",
            "speaker": {
              "id": "2번",
              "sex": "여성",
              "age": "20대"
            },
            "speechAct": "(단언) 주장하기",
            "morpheme": "국토/NNG+대장정/NNG+은/JX+할만/NNG+해/XSV+EC+근데/MAJ+혼자/NNG+서/JKB+하/VV+라고/EC+하/VV+면/EC+못할/VX+ETM+듯/NNB"
          },
          {
            "id": 17,
            "text": "1 : 그런가 난 혼자나 친구랑 하고 싶은데... 하긴 좀 너처럼 구체적인 룰이 있는 곳에서 하는 게 좋으려나",
            "norm_text": "그런가 난 혼자나 친구랑 하고 싶은데... 하긴 좀 너처럼 구체적인 룰이 있는 곳에서 하는 게 좋으려나",
            "speaker": {
              "id": "1번",
              "sex": "여성",
              "age": "20대"
            },
            "speechAct": "(단언) 주장하기",
            "morpheme": "그런/MM+가난/NNG+혼자/NNG+나/JC+친구/NNG+랑/JKB+하/VV+고/EC+싶/VX+은데/EF+./SY+하/VV+긴/ETN+JX+좀/MAG+너/NP+처럼/JKB+구체/NNG+적/XSN+인/VCP+ETM+룰/NNG+이/JKS+있/VA+는/ETM+곳/NNG+에서/JKB+하/VV+는/ETM+게/NNB+JKS+좋/VA+으려나/EC"
          },
          {
            "id": 18,
            "text": "2 : 아무래도 그런 곳른 여러 번 해봤으니까 좀 더 잘하겠지 숙식 같은 것도 그렇고",
            "norm_text": "아무래도 그런 곳른 여러 번 해봤으니까 좀 더 잘하겠지 숙식 같은 것도 그렇고",
            "speaker": {
              "id": "2번",
              "sex": "여성",
              "age": "20대"
            },
            "speechAct": "(단언) 주장하기",
            "morpheme": "아무래도/MAG+그런/MM+곳른/UNKNOWN+여러/MM+번/NNBC+해/VV+EC+봤/VX+EP+으니까/EC+좀/MAG+더/MAG+잘/MAG+하/VV+겠/EP+지/EC+숙식/NNG+같/VA+은/ETM+것/NNB+도/JX+그렇/VA+고/EC"
          }
        ]
      }
    }
  ]
}