{
  "dataset": {
    "identifier": 60408,
    "name": "KAKAO_982_20_set",
    "src_path": "/data/file/cubeManager/PROJECT001/53/txt202110061349590624100/KAKAO_982_20_set/",
    "label_path": "/data/file/cubeManager/PROJECT001/53/txt202110061349590624100/KAKAO_982_20_set/",
    "category": 2,
    "type": 0
  },
  "licenses": {
    "name": "Apache License 1.0",
    "url": "http://www.apache.org/licenses/LICENSE-1.0"
  },
  "info": [
    {
      "id": 43658,
      "filename": "KAKAO_982_20.txt",
      "title": "KAKAO_982_20",
      "mediatype": "SNS",
      "medianame": "카카오톡",
      "category": "일상대화",
      "date": "2021-10-06",
      "size": 574,
      "annotations": {
        "subject": "영화/만화",
        "speaker_type": "1:1",
        "size": 574,
        "word_size": 188,
        "text": "1 : 언니 뮤지컬 영화도 좋아해?\n2 : 헐 나 뮤지컬 한번 봤었는데 진짜 너무 좋더라!\n1 : 나도 키키 그래서 음악 영화 같은 거 요즘 되게 즐겨봐\n2 : 키키 이게 나이가 들어가고 있나 봐 키키\n2 : 뮤지컬에 신영숙님 진짜 너무 멋있어\n1 : 아 정말? 나는 국내에서 뮤지컬은 아직 안 봤어 ㅠㅠ\n2 : 나중에 한번 가서 봐봐 ㅠㅠ\n2 : 진짜 맨날 보고 싶어져 ㅠㅠ\n1 : 헐 정말? 나는 영국에서 라이언킹 봤는데 진짜 소름 돋았어\n2 : 헐 영국에서 라이언킹?\n2 : 제대로 봤는걸?\n2 : 나도 보고 싶다 ㅠㅠ\n1 : 응응 만약 유럽 여행 간다면 뮤지컬 정말 추천해\n1 : 값진 경험이야\n2 : 맞아 유럽 여행 가서 뮤지컬 보고 오는 사람들 많더라 ㅠㅠ\n2 : 못 알아듣는데도 그렇게 좋다고 하던데 ㅠㅠ\n1 : 응 맞아 어쨌든 내용은 다 아니깐 키키 재밌어\n2 : 그럼 가서 보게 되면 아는 내용의 뮤지컬을 봐야겠다 키키\n1 : 응 라이언킹도 좋고 나는 개인적으로 시카고 좋아해\n2 : 근데 지금 어딜 못 가니까 ㅠㅠ 너무 꿈 같은 이야기다...\n1 : 시카고는 아직 넷플에 있는데 한번 봐봐 존잼이야\n2 : 오케이~ 한번 오늘 밤에 시청해볼겡 하하",
        "lines": [
          {
            "id": 1,
            "text": "1 : 언니 뮤지컬 영화도 좋아해?",
            "norm_text": "언니 뮤지컬 영화도 좋아해?",
            "speaker": {
              "id": "1번",
              "sex": "여성",
              "age": "20대"
            },
            "speechAct": "(지시) 질문하기",
            "morpheme": "언니/NNG+뮤지컬/NNG+영화/NNG+도/JX+좋/VA+아/EC+해/VX+EF"
          },
          {
            "id": 2,
            "text": "2 : 헐 나 뮤지컬 한번 봤었는데 진짜 너무 좋더라!",
            "norm_text": "헐 나 뮤지컬 한번 봤었는데 진짜 너무 좋더라!",
            "speaker": {
              "id": "2번",
              "sex": "여성",
              "age": "20대"
            },
            "speechAct": "(단언) 주장하기",
            "morpheme": "헐/IC+나/NP+뮤지컬/NNG+한/MM+번/NNBC+봤었/VV+EP+는데/EC+진짜/MAG+너무/MAG+좋/VA+더라/EF"
          },
          {
            "id": 3,
            "text": "1 : 나도 키키 그래서 음악 영화 같은 거 요즘 되게 즐겨봐",
            "norm_text": "나도 키키 그래서 음악 영화 같은 거 요즘 되게 즐겨봐",
            "speaker": {
              "id": "1번",
              "sex": "여성",
              "age": "20대"
            },
            "speechAct": "(단언) 주장하기",
            "morpheme": "나/NP+도/JX+키/NNG+키/XSV+ETN+그래서/MAJ+음악/NNG+영화/NNG+같/VA+은/ETM+거/NNB+요즘/MAG+되게/MAG+즐겨/VV+EC+봐/VX+EC"
          },
          {
            "id": 4,
            "text": "2 : 키키 이게 나이가 들어가고 있나 봐 키키",
            "norm_text": "키키 이게 나이가 들어가고 있나 봐 키키",
            "speaker": {
              "id": "2번",
              "sex": "여성",
              "age": "20대"
            },
            "speechAct": "(단언) 주장하기",
            "morpheme": "키/NNG+키/XSV+ETN+이게/NP+JKS+나이/NNG+가/JKS+들어가/VV+고/EC+있/VX+나/EC+봐/VX+EF+키/NNG+키/XSV+ETN"
          },
          {
            "id": 5,
            "text": "2 : 뮤지컬에 신영숙님 진짜 너무 멋있어",
            "norm_text": "뮤지컬에 신영숙님 진짜 너무 멋있어",
            "speaker": {
              "id": "2번",
              "sex": "여성",
              "age": "20대"
            },
            "speechAct": "(표현) 긍정감정 표현하기",
            "morpheme": "뮤지컬/NNG+에/JKB+신영숙/NNP+님/XSN+진짜/MAG+너무/MAG+멋있/VA+어/EC"
          },
          {
            "id": 6,
            "text": "1 : 아 정말? 나는 국내에서 뮤지컬은 아직 안 봤어 ㅠㅠ",
            "norm_text": "아 정말? 나는 국내에서 뮤지컬은 아직 안 봤어 ㅠㅠ",
            "speaker": {
              "id": "1번",
              "sex": "여성",
              "age": "20대"
            },
            "speechAct": "(단언) 진술하기",
            "morpheme": "아/IC+정말/MAG+나/NP+는/JX+국내/NNG+에서/JKB+뮤지컬/NNG+은/JX+아직/MAG+안/MAG+봤/VV+EP+어/EF+ㅠㅠ/UNKNOWN"
          },
          {
            "id": 7,
            "text": "2 : 나중에 한번 가서 봐봐 ㅠㅠ",
            "norm_text": "나중에 한번 가서 봐봐 ㅠㅠ",
            "speaker": {
              "id": "2번",
              "sex": "여성",
              "age": "20대"
            },
            "speechAct": "(지시) 충고/제안하기",
            "morpheme": "나중/NNG+에/JKB+한/MM+번/NNBC+가/VV+서/EC+봐/VX+EC+봐/VX+EF+ㅠㅠ/UNKNOWN"
          },
          {
            "id": 8,
            "text": "2 : 진짜 맨날 보고 싶어져 ㅠㅠ",
            "norm_text": "진짜 맨날 보고 싶어져 ㅠㅠ",
            "speaker": {
              "id": "2번",
              "sex": "여성",
              "age": "20대"
            },
            "speechAct": "(단언) 진술하기",
            "morpheme": "진짜/MAG+맨날/MAG+보/VV+고/EC+싶/VX+어/EC+져/VX+EC+ㅠㅠ/UNKNOWN"
          },
          {
            "id": 9,
            "text": "1 : 헐 정말? 나는 영국에서 라이언킹 봤는데 진짜 소름 돋았어",
            "norm_text": "헐 정말? 나는 영국에서 라이언킹 봤는데 진짜 소름 돋았어",
            "speaker": {
              "id": "1번",
              "sex": "여성",
              "age": "20대"
            },
            "speechAct": "(단언) 주장하기",
            "morpheme": "헐/IC+정말/MAG+나/NP+는/JX+영국/NNP+에서/JKB+라이언/NNP+킹/MAG+봤/VV+EP+는데/EC+진짜/MAG+소름/NNG+돋/VV+았/EP+어/EC"
          },
          {
            "id": 10,
            "text": "2 : 헐 영국에서 라이언킹?",
            "norm_text": "헐 영국에서 라이언킹?",
            "speaker": {
              "id": "2번",
              "sex": "여성",
              "age": "20대"
            },
            "speechAct": "(지시) 질문하기",
            "morpheme": "헐/IC+영국/NNP+에서/JKB+라이언/NNP+킹/NNP"
          },
          {
            "id": 11,
            "text": "2 : 제대로 봤는걸?",
            "norm_text": "제대로 봤는걸?",
            "speaker": {
              "id": "2번",
              "sex": "여성",
              "age": "20대"
            },
            "speechAct": "(단언) 주장하기",
            "morpheme": "제대로/MAG+봤/VV+EP+는걸/EF"
          },
          {
            "id": 12,
            "text": "2 : 나도 보고 싶다 ㅠㅠ",
            "norm_text": "나도 보고 싶다 ㅠㅠ",
            "speaker": {
              "id": "2번",
              "sex": "여성",
              "age": "20대"
            },
            "speechAct": "(단언) 주장하기",
            "morpheme": "나/NP+도/JX+보/VV+고/EC+싶/VX+다/EF+ㅠㅠ/UNKNOWN"
          },
          {
            "id": 13,
            "text": "1 : 응응 만약 유럽 여행 간다면 뮤지컬 정말 추천해",
            "norm_text": "응응 만약 유럽 여행 간다면 뮤지컬 정말 추천해",
            "speaker": {
              "id": "1번",
              "sex": "여성",
              "age": "20대"
            },
            "speechAct": "(지시) 충고/제안하기",
            "morpheme": "응/IC+응/IC+만약/MAG+유럽/NNP+여행/NNG+간다면/VV+EC+뮤지컬/NNG+정말/MAG+추천/NNG+해/XSV+EC"
          },
          {
            "id": 14,
            "text": "1 : 값진 경험이야",
            "norm_text": "값진 경험이야",
            "speaker": {
              "id": "1번",
              "sex": "여성",
              "age": "20대"
            },
            "speechAct": "(단언) 주장하기",
            "morpheme": "값진/VA+ETM+경험/NNG+이/VCP+야/EC"
          },
          {
            "id": 15,
            "text": "2 : 맞아 유럽 여행 가서 뮤지컬 보고 오는 사람들 많더라 ㅠㅠ",
            "norm_text": "맞아 유럽 여행 가서 뮤지컬 보고 오는 사람들 많더라 ㅠㅠ",
            "speaker": {
              "id": "2번",
              "sex": "여성",
              "age": "20대"
            },
            "speechAct": "(단언) 주장하기",
            "morpheme": "맞/VV+아/EC+유럽/NNP+여행/NNG+가/VV+서/EC+뮤지컬/NNG+보/VV+고/EC+오/VV+는/ETM+사람/NNG+들/XSN+많/VA+더라/EF+ㅠㅠ/UNKNOWN"
          },
          {
            "id": 16,
            "text": "2 : 못 알아듣는데도 그렇게 좋다고 하던데 ㅠㅠ",
            "norm_text": "못 알아듣는데도 그렇게 좋다고 하던데 ㅠㅠ",
            "speaker": {
              "id": "2번",
              "sex": "여성",
              "age": "20대"
            },
            "speechAct": "(단언) 주장하기",
            "morpheme": "못/MAG+알아듣/VV+는데/EC+도/JX+그렇게/MAG+좋/VA+다고/EC+하/VV+던데/EC+ㅠㅠ/UNKNOWN"
          },
          {
            "id": 17,
            "text": "1 : 응 맞아 어쨌든 내용은 다 아니깐 키키 재밌어",
            "norm_text": "응 맞아 어쨌든 내용은 다 아니깐 키키 재밌어",
            "speaker": {
              "id": "1번",
              "sex": "여성",
              "age": "20대"
            },
            "speechAct": "(단언) 주장하기",
            "morpheme": "응/IC+맞아/IC+어쨌든/MAJ+내용/NNG+은/JX+다/MAG+아니/MAG+깐/VV+ETM+키/NNG+키/XSV+ETN+재밌/VA+어/EC"
          },
          {
            "id": 18,
            "text": "2 : 그럼 가서 보게 되면 아는 내용의 뮤지컬을 봐야겠다 키키",
            "norm_text": "그럼 가서 보게 되면 아는 내용의 뮤지컬을 봐야겠다 키키",
            "speaker": {
              "id": "2번",
              "sex": "여성",
              "age": "20대"
            },
            "speechAct": "(단언) 주장하기",
            "morpheme": "그럼/MAJ+가/VV+서/EC+보/VX+게/EC+되/VV+면/EC+아/VV+는/ETM+내용/NNG+의/JKG+뮤지컬/NNG+을/JKO+봐야/VV+EC+VX+겠/EP+다키키/NNP"
          },
          {
            "id": 19,
            "text": "1 : 응 라이언킹도 좋고 나는 개인적으로 시카고 좋아해",
            "norm_text": "응 라이언킹도 좋고 나는 개인적으로 시카고 좋아해",
            "speaker": {
              "id": "1번",
              "sex": "여성",
              "age": "20대"
            },
            "speechAct": "(표현) 긍정감정 표현하기",
            "morpheme": "응/IC+라이언/NNP+킹/NNP+도/JX+좋/VA+고/EC+나/NP+는/JX+개인/NNG+적/XSN+으로/JKB+시카고/NNP+좋/VA+아/EC+해/VV+EC"
          },
          {
            "id": 20,
            "text": "2 : 근데 지금 어딜 못 가니까 ㅠㅠ 너무 꿈 같은 이야기다...",
            "norm_text": "근데 지금 어딜 못 가니까 ㅠㅠ 너무 꿈 같은 이야기다...",
            "speaker": {
              "id": "2번",
              "sex": "여성",
              "age": "20대"
            },
            "speechAct": "(단언) 주장하기",
            "morpheme": "근데/MAJ+지금/MAG+어딜/NP+JKO+못/MAG+가/VV+니까/EC+ㅠㅠ/UNKNOWN+너무/MAG+꿈/NNG+같/VA+은/ETM+이야기/NNG+다/VCP+EF+./SY"
          },
          {
            "id": 21,
            "text": "1 : 시카고는 아직 넷플에 있는데 한번 봐봐 존잼이야",
            "norm_text": "시카고는 아직 넷플에 있는데 한번 봐봐 존잼이야",
            "speaker": {
              "id": "1번",
              "sex": "여성",
              "age": "20대"
            },
            "speechAct": "(단언) 주장하기",
            "morpheme": "시카고/NNP+는/JX+아직/MAG+넷/NR+플/NNG+에/JKB+있/VV+는데/EC+한/MM+번/NNBC+봐/VV+EC+봐/VX+EF+존/NNP+잼/NNG+이/VCP+야/EC"
          },
          {
            "id": 22,
            "text": "2 : 오케이~ 한번 오늘 밤에 시청해볼겡 하하",
            "norm_text": "오케이~ 한번 오늘 밤에 시청해볼겡 하하",
            "speaker": {
              "id": "2번",
              "sex": "여성",
              "age": "20대"
            },
            "speechAct": "(언약) 약속하기(제3자와)/(개인적 수준)",
            "morpheme": "오케이/NNP+~/SY+한/MM+번/NNBC+오늘/MAG+밤/NNG+에/JKB+시청/NNG+해볼/XSV+EC+VX+ETM+겡/NNG+하/XSV+하/XSA"
          }
        ]
      }
    }
  ]
}