{
  "dataset": {
    "identifier": 63817,
    "name": "KAKAO_911_15_set",
    "src_path": "/data/file/cubeManager/PROJECT001/53/txt20211005154123073420/KAKAO_911_15_set/",
    "label_path": "/data/file/cubeManager/PROJECT001/53/txt20211005154123073420/KAKAO_911_15_set/",
    "category": 2,
    "type": 0
  },
  "licenses": {
    "name": "Apache License 1.0",
    "url": "http://www.apache.org/licenses/LICENSE-1.0"
  },
  "info": [
    {
      "id": 41612,
      "filename": "KAKAO_911_15.txt",
      "title": "KAKAO_911_15",
      "mediatype": "SNS",
      "medianame": "카카오톡",
      "category": "일상대화",
      "date": "2021-10-05",
      "size": 622,
      "annotations": {
        "subject": "타 국가 이슈",
        "speaker_type": "1:1",
        "size": 622,
        "word_size": 180,
        "text": "1 : 근데 뉴스 보니까 한국은 화이자인데 일본은 모더나 맞고 부작용이 많다고 기사 있던데?\n2 : 어 모더나 부작용 70프로인가 80프로인가 그렇다더라\n2 : 1차는 괜찮은데 2차에서 심하다 그러데\n1 : 일본에 모더나 맞고 탈모 심하게 온 여자 있었잖아!\n2 : 헐? 탈모? 타알모오? 대머루? 대멋떼시마우?\n1 : 아니 한번 봐바... 기사 사진 보고 넘 충격 받았다 진짜...\n2 : 허얼... 안 그래도 점점 머리카락이 가늘어져서 고민인데...\n1 : 단순 탈모가 아니라 그냥 훌러덩 그래도 멘탈 좋더라. 사진에 접종 후 며칠 경과 됐다 써 놓고 하트도 그려 놓고\n2 : 헐... 키키 멘탈 갑이네 키키 검색해봐야겠다 키키\n1 : 근데 코로나 걸리고 부작용에 탈모 있는 거 알지?\n2 : 진짜? 아... 제발... 탈모는 안 되는데... 안 그래도 외로워서 고독사 할 것 같은데...\n1 : 진짜 최악이다. 일본은 하루에 확진자 얼마나 나옴?\n2 : 일본 지금 5702명이네...\n1 : 헐 장난 아니네 **님 퇴진 하실 만하네...\n2 : 근데 인구 수 생각하면 한국이랑 크게 차이 없는 거 아니가?\n1 : 것도 맞지 ㅠ 근데 다음 유력 후보가 한국 때리기 잘해서 더 걱정이다\n2 : 누군데? 일본에 그 코로나 장관 그 사람인가?",
        "lines": [
          {
            "id": 1,
            "text": "1 : 근데 뉴스 보니까 한국은 화이자인데 일본은 모더나 맞고 부작용이 많다고 기사 있던데?",
            "norm_text": "근데 뉴스 보니까 한국은 화이자인데 일본은 모더나 맞고 부작용이 많다고 기사 있던데?",
            "speaker": {
              "id": "1번",
              "sex": "여성",
              "age": "30대"
            },
            "speechAct": "(단언) 진술하기",
            "morpheme": "근데/MAJ+뉴스/NNG+보/VV+니까/EC+한국/NNP+은/JX+화이자/NNP+인데/VCP+EC+일본/NNP+은모/NNG+더/MAG+나/JX+맞/VV+고/EC+부작용/NNG+이/JKS+많/VA+다고/EC+기사/NNG+있/VA+던데/EF"
          },
          {
            "id": 2,
            "text": "2 : 어 모더나 부작용 70프로인가 80프로인가 그렇다더라",
            "norm_text": "어 모더나 부작용 70프로인가 80프로인가 그렇다더라",
            "speaker": {
              "id": "2번",
              "sex": "남성",
              "age": "30대"
            },
            "speechAct": "(단언) 진술하기",
            "morpheme": "어모/NNG+더/MAG+나부/NNG+작용/NNG+70/SN+프로/NNBC+인가/VCP+EC+80/SN+프로/NNBC+인가/VCP+EC+그렇/VA+다더라/EC"
          },
          {
            "id": 3,
            "text": "2 : 1차는 괜찮은데 2차에서 심하다 그러데",
            "norm_text": "1차는 괜찮은데 2차에서 심하다 그러데",
            "speaker": {
              "id": "2번",
              "sex": "남성",
              "age": "30대"
            },
            "speechAct": "(단언) 진술하기",
            "morpheme": "1/SN+차/NNBC+는/JX+괜찮/VA+은데/EC+2/SN+차/NNBC+에서/JKB+심하/VA+다/EF+그러데/MAJ"
          },
          {
            "id": 4,
            "text": "1 : 일본에 모더나 맞고 탈모 심하게 온 여자 있었잖아!",
            "norm_text": "일본에 모더나 맞고 탈모 심하게 온 여자 있었잖아!",
            "speaker": {
              "id": "1번",
              "sex": "여성",
              "age": "30대"
            },
            "speechAct": "(단언) 진술하기",
            "morpheme": "일본/NNP+에/JKB+모/IC+더/MAG+나/JX+맞/VV+고/EC+탈/XPN+모심/NNG+하/XSV+게/EC+온/VX+ETM+여자/NNG+있/VV+었/EP+잖아/EF"
          },
          {
            "id": 5,
            "text": "2 : 헐? 탈모? 타알모오? 대머루? 대멋떼시마우?",
            "norm_text": "헐? 탈모? 타알모오? 대머루? 대멋떼시마우?",
            "speaker": {
              "id": "2번",
              "sex": "남성",
              "age": "30대"
            },
            "speechAct": "(지시) 질문하기",
            "morpheme": "헐/IC+탈모/NNG+?/SY+타알모오/UNKNOWN+?/SY+대/XPN+머루/NNG+?/SY+대멋떼시마우/UNKNOWN"
          },
          {
            "id": 6,
            "text": "1 : 아니 한번 봐바... 기사 사진 보고 넘 충격 받았다 진짜...",
            "norm_text": "아니 한번 봐바... 기사 사진 보고 넘 충격 받았다 진짜...",
            "speaker": {
              "id": "1번",
              "sex": "여성",
              "age": "30대"
            },
            "speechAct": "(지시) 충고/제안하기",
            "morpheme": "아니/IC+한/MM+번/NNBC+봐/VV+바/EC+./SY+./SY+기사/NNG+사진/NNG+보/VV+고/EC+넘/MAG+충격/NNG+받/VV+았/EP+다/EF+진짜/MAG+./SY"
          },
          {
            "id": 7,
            "text": "2 : 허얼... 안 그래도 점점 머리카락이 가늘어져서 고민인데...",
            "norm_text": "허얼... 안 그래도 점점 머리카락이 가늘어져서 고민인데...",
            "speaker": {
              "id": "2번",
              "sex": "남성",
              "age": "30대"
            },
            "speechAct": "(단언) 주장하기",
            "morpheme": "허/IC+얼/IC+./SY+안/MAG+그래도/VV+EC+점점/MAG+머리카락/NNG+이/JKS+가늘/VA+어/EC+져서/VX+EC+고민/NNG+인데/VCP+EC+./SY+./SY"
          },
          {
            "id": 8,
            "text": "1 : 단순 탈모가 아니라 그냥 훌러덩 그래도 멘탈 좋더라. 사진에 접종 후 며칠 경과 됐다 써 놓고 하트도 그려 놓고",
            "norm_text": "단순 탈모가 아니라 그냥 훌러덩 그래도 멘탈 좋더라. 사진에 접종 후 며칠 경과 됐다 써 놓고 하트도 그려 놓고",
            "speaker": {
              "id": "1번",
              "sex": "여성",
              "age": "30대"
            },
            "speechAct": "(단언) 주장하기",
            "morpheme": "단순/NNG+탈모/NNG+가/JKC+아니/VCN+라/EC+그냥/MAG+훌러덩/MAG+그래도/VV+EC+멘탈/NNG+좋/VA+더라/EF+사진/NNG+에/JKB+접종/NNG+후/NNG+며칠/NNG+경과/NNG+됐/XSV+EP+다/EC+써/VV+EC+놓/VX+고/EC+하트/NNG+도/JX+그려/VV+EC+놓/VX+고/EC"
          },
          {
            "id": 9,
            "text": "2 : 헐... 키키 멘탈 갑이네 키키 검색해봐야겠다 키키",
            "norm_text": "헐... 키키 멘탈 갑이네 키키 검색해봐야겠다 키키",
            "speaker": {
              "id": "2번",
              "sex": "남성",
              "age": "30대"
            },
            "speechAct": "(언약) 약속하기(제3자와)/(개인적 수준)",
            "morpheme": "헐/IC+./SY+키/NNG+키/NNG+멘탈/NNG+갑/NNG+이/JKS+네/MM+키/NNG+키/NNG+검색/NNG+해봐야/XSV+EC+VX+EC+VX+겠/EP+다키키/NNP"
          },
          {
            "id": 10,
            "text": "1 : 근데 코로나 걸리고 부작용에 탈모 있는 거 알지?",
            "norm_text": "근데 코로나 걸리고 부작용에 탈모 있는 거 알지?",
            "speaker": {
              "id": "1번",
              "sex": "여성",
              "age": "30대"
            },
            "speechAct": "(지시) 질문하기",
            "morpheme": "근데/MAJ+코로나/NNG+걸리/VV+고/EC+부작용/NNG+에/JKB+탈/VV+모/EC+있/VX+는/ETM+거/NNB+알/VV+지/EF"
          },
          {
            "id": 11,
            "text": "2 : 진짜? 아... 제발... 탈모는 안 되는데... 안 그래도 외로워서 고독사 할 것 같은데...",
            "norm_text": "진짜? 아... 제발... 탈모는 안 되는데... 안 그래도 외로워서 고독사 할 것 같은데...",
            "speaker": {
              "id": "2번",
              "sex": "남성",
              "age": "30대"
            },
            "speechAct": "(단언) 주장하기",
            "morpheme": "진짜/MAG+아/IC+./SY+제발/MAG+./SY+탈모/NNG+는/JX+안/MAG+되/VV+는데/EC+./SY+./SY+안/MAG+그래도/VV+EC+외로워서/VA+EC+고독사/NNP+할/VV+ETM+것/NNB+같/VA+은데/EF+./SY"
          },
          {
            "id": 12,
            "text": "1 : 진짜 최악이다. 일본은 하루에 확진자 얼마나 나옴?",
            "norm_text": "진짜 최악이다. 일본은 하루에 확진자 얼마나 나옴?",
            "speaker": {
              "id": "1번",
              "sex": "여성",
              "age": "30대"
            },
            "speechAct": "(지시) 질문하기",
            "morpheme": "진짜/MAG+최악/NNG+이/VCP+다/EF+일본/NNP+은/JX+하루/NNG+에/JKB+확진/NNG+자/XSN+얼마나/MAG+나옴/VV+ETN"
          },
          {
            "id": 13,
            "text": "2 : 일본 지금 5702명이네...",
            "norm_text": "일본 지금 5702명이네...",
            "speaker": {
              "id": "2번",
              "sex": "남성",
              "age": "30대"
            },
            "speechAct": "(단언) 진술하기",
            "morpheme": "일본/NNP+지금/MAG+5702/SN+명/NNBC+이/VCP+네/EF+./SY"
          },
          {
            "id": 14,
            "text": "1 : 헐 장난 아니네 **님 퇴진 하실 만하네...",
            "norm_text": "헐 장난 아니네 **님 퇴진 하실 만하네...",
            "speaker": {
              "id": "1번",
              "sex": "여성",
              "age": "30대"
            },
            "speechAct": "(단언) 주장하기",
            "morpheme": "헐장/NNG+난/NP+JX+아니/VCN+네/EC+*/SY+*/SY+님/XSN+퇴진/NNG+하/XSV+실/EP+ETM+만/NNB+하/XSA+네/EF+./SY"
          },
          {
            "id": 15,
            "text": "2 : 근데 인구 수 생각하면 한국이랑 크게 차이 없는 거 아니가?",
            "norm_text": "근데 인구 수 생각하면 한국이랑 크게 차이 없는 거 아니가?",
            "speaker": {
              "id": "2번",
              "sex": "남성",
              "age": "30대"
            },
            "speechAct": "(지시) 질문하기",
            "morpheme": "근데/MAJ+인구수/NNG+생각/NNG+하/XSV+면/EC+한국/NNP+이랑/JKB+크/VA+게/EC+차이/NNG+없/VA+는/ETM+거/NNB+아니/VCN+가/EF"
          },
          {
            "id": 16,
            "text": "1 : 것도 맞지 ㅠ 근데 다음 유력 후보가 한국 때리기 잘해서 더 걱정이다",
            "norm_text": "것도 맞지 ㅠ 근데 다음 유력 후보가 한국 때리기 잘해서 더 걱정이다",
            "speaker": {
              "id": "1번",
              "sex": "여성",
              "age": "30대"
            },
            "speechAct": "(단언) 주장하기",
            "morpheme": "것/NNB+도/JX+맞/VV+지/EC+ㅠ/UNKNOWN+근데/MAJ+다음/NNG+유력/NNG+후보/NNG+가/JKS+한국/NNP+때리/VV+기/ETN+잘/MAG+해서/VV+EC+더/MAG+걱정/NNG+이/VCP+다/EC"
          },
          {
            "id": 17,
            "text": "2 : 누군데? 일본에 그 코로나 장관 그 사람인가?",
            "norm_text": "누군데? 일본에 그 코로나 장관 그 사람인가?",
            "speaker": {
              "id": "2번",
              "sex": "남성",
              "age": "30대"
            },
            "speechAct": "(지시) 질문하기",
            "morpheme": "누군데/NP+VCP+EF+일본/NNP+에/JKB+그/MM+코로나/NNG+장관/NNG+그/MM+사람/NNG+인가/VCP+EF"
          }
        ]
      }
    }
  ]
}