{
  "dataset": {
    "identifier": 43851,
    "name": "KAKAO_985_08_set",
    "src_path": "/data/file/cubeManager/PROJECT001/53/txt20211006140111081018/KAKAO_985_08_set/",
    "label_path": "/data/file/cubeManager/PROJECT001/53/txt20211006140111081018/KAKAO_985_08_set/",
    "category": 2,
    "type": 0
  },
  "licenses": {
    "name": "Apache License 1.0",
    "url": "http://www.apache.org/licenses/LICENSE-1.0"
  },
  "info": [
    {
      "id": 45199,
      "filename": "KAKAO_985_08.txt",
      "title": "KAKAO_985_08",
      "mediatype": "SNS",
      "medianame": "카카오톡",
      "category": "일상대화",
      "date": "2021-10-06",
      "size": 482,
      "annotations": {
        "subject": "연애/결혼",
        "speaker_type": "1:1",
        "size": 482,
        "word_size": 153,
        "text": "1 : 원하는 남편상이 어떻게 되십니까?\n2 : 나는 완전 다정하고 가정적인 사람 키키\n1 : 키키  그게 최고지 키키 그리고 그게 base이고 키키\n2 : 너는 어떤 사람이었으면 좋겠음? 키키\n1 : 키키 나 내가 요리를 못해서 대신 요리 해줬으면 좋겠어 키키\n2 : 남편은 적어도 집안일은 다 할 줄 알았으면 좋겠다 키키\n1 : 요리도 못하고 먹는 거에도 뜻이 없어서 요리 하면서 음식 냄새 맡는 거 안 좋아함 키키\n2 : 요리 잘 하는 남편 완전 좋지 키키\n1 : 키키 집안일도 요즘은 base지 키키\n2 : 내가 먹고 싶은 거 말하면 짠하고 해줬으면 좋겠다 키키\n1 : 키키 진짜 백종원 그렇게 해주던데 키키\n2 : 그런 의미에서 백종원 완전 베스트 남편이네 키키\n1 : 완전 키키 나이 차가 너무 심하다는 것만 아니면 키키\n2 : 소유진은 좋겠다 맨날 맛있는 음식 먹고 키키\n1 : 그러니까 키키 소유진 지인들한테도 잘하는 거 같던데 키키\n2 : 나이 차이는 좀... 그렇다 키키",
        "lines": [
          {
            "id": 1,
            "text": "1 : 원하는 남편상이 어떻게 되십니까?",
            "norm_text": "원하는 남편상이 어떻게 되십니까?",
            "speaker": {
              "id": "1번",
              "sex": "여성",
              "age": "20대"
            },
            "speechAct": "(지시) 질문하기",
            "morpheme": "원/NNG+하/XSV+는/ETM+남편/NNG+상/XSN+이/JKS+어떻게/MAG+되/VV+십니까/EP+EF"
          },
          {
            "id": 2,
            "text": "2 : 나는 완전 다정하고 가정적인 사람 키키",
            "norm_text": "나는 완전 다정하고 가정적인 사람 키키",
            "speaker": {
              "id": "2번",
              "sex": "여성",
              "age": "30대"
            },
            "speechAct": "(단언) 주장하기",
            "morpheme": "나/NP+는/JX+완전/NNG+다정/NNG+하/XSV+고/EC+가정/NNG+적/XSN+인/VCP+ETM+사람/NNG+키/NNG+키/XSV+ETN"
          },
          {
            "id": 3,
            "text": "1 : 키키  그게 최고지 키키 그리고 그게 base이고 키키",
            "norm_text": "키키  그게 최고지 키키 그리고 그게 base이고 키키",
            "speaker": {
              "id": "1번",
              "sex": "여성",
              "age": "20대"
            },
            "speechAct": "(단언) 주장하기",
            "morpheme": "키/NNG+키/XSV+ETN+그게/NP+JKS+최고/NNG+지키/NNP+키/NNG+그리고/MAJ+그게/NP+JKS+base/SL+이/VCP+고/EC+키/NNG+키/XSV+ETN"
          },
          {
            "id": 4,
            "text": "2 : 너는 어떤 사람이었으면 좋겠음? 키키",
            "norm_text": "너는 어떤 사람이었으면 좋겠음? 키키",
            "speaker": {
              "id": "2번",
              "sex": "여성",
              "age": "30대"
            },
            "speechAct": "(지시) 질문하기",
            "morpheme": "너/NP+는/JX+어떤/MM+사람/NNG+이/VCP+었/EP+으면/EC+좋/VA+겠/EP+음/ETN+키/NNG+키/XSV+ETN"
          },
          {
            "id": 5,
            "text": "1 : 키키 나 내가 요리를 못해서 대신 요리 해줬으면 좋겠어 키키",
            "norm_text": "키키 나 내가 요리를 못해서 대신 요리 해줬으면 좋겠어 키키",
            "speaker": {
              "id": "1번",
              "sex": "여성",
              "age": "20대"
            },
            "speechAct": "(단언) 주장하기",
            "morpheme": "키/NNG+키나/XSA+ETN+JX+내/NP+가/JKS+요리/NNG+를/JKO+못/MAG+해서/VV+EC+대신/NNG+요리/NNG+해줬으면/XSV+EC+VX+EP+EC+좋/VA+겠/EP+어/EC+키/NNG+키/XSV+ETN"
          },
          {
            "id": 6,
            "text": "2 : 남편은 적어도 집안일은 다 할 줄 알았으면 좋겠다 키키",
            "norm_text": "남편은 적어도 집안일은 다 할 줄 알았으면 좋겠다 키키",
            "speaker": {
              "id": "2번",
              "sex": "여성",
              "age": "30대"
            },
            "speechAct": "(단언) 주장하기",
            "morpheme": "남편/NNG+은/JX+적어도/MAG+집안일/NNG+은/JX+다/MAG+할/VV+ETM+줄/NNB+알/VV+았/EP+으면/EC+좋/VA+겠/EP+다키키/NNP"
          },
          {
            "id": 7,
            "text": "1 : 요리도 못하고 먹는 거에도 뜻이 없어서 요리 하면서 음식 냄새 맡는 거 안 좋아함 키키",
            "norm_text": "요리도 못하고 먹는 거에도 뜻이 없어서 요리 하면서 음식 냄새 맡는 거 안 좋아함 키키",
            "speaker": {
              "id": "1번",
              "sex": "여성",
              "age": "20대"
            },
            "speechAct": "(단언) 주장하기",
            "morpheme": "요리/NNG+도/JX+못하/VX+고/EC+먹/VV+는/ETM+거/NNB+에/JKB+도/JX+뜻/NNG+이/JKS+없/VA+어서/EC+요리/NNG+하/XSV+면서/EC+음식/NNG+냄새/NNG+맡/VV+는/ETM+거/NNB+안/MAG+좋아함/VV+ETN+키/NNG+키/XSV+ETN"
          },
          {
            "id": 8,
            "text": "2 : 요리 잘 하는 남편 완전 좋지 키키",
            "norm_text": "요리 잘 하는 남편 완전 좋지 키키",
            "speaker": {
              "id": "2번",
              "sex": "여성",
              "age": "30대"
            },
            "speechAct": "(단언) 주장하기",
            "morpheme": "요리/NNG+잘/MAG+하/VV+는/ETM+남편/NNG+완전/NNG+좋/VA+지/EC+키/NNG+키/XSV+ETN"
          },
          {
            "id": 9,
            "text": "1 : 키키 집안일도 요즘은 base지 키키",
            "norm_text": "키키 집안일도 요즘은 base지 키키",
            "speaker": {
              "id": "1번",
              "sex": "여성",
              "age": "20대"
            },
            "speechAct": "(단언) 주장하기",
            "morpheme": "키/NNG+키/NNG+집안일/NNG+도/JX+요즘/NNG+은/JX+base/SL+지키/NNP+키/NNG"
          },
          {
            "id": 10,
            "text": "2 : 내가 먹고 싶은 거 말하면 짠하고 해줬으면 좋겠다 키키",
            "norm_text": "내가 먹고 싶은 거 말하면 짠하고 해줬으면 좋겠다 키키",
            "speaker": {
              "id": "2번",
              "sex": "여성",
              "age": "30대"
            },
            "speechAct": "(단언) 주장하기",
            "morpheme": "내/NP+가/JKS+먹/VV+고/EC+싶/VX+은/ETM+거/NNB+말/NNG+하/XSV+면/EC+짠하/VA+고/EC+해/VV+EC+줬/VX+EP+으면/EC+좋/VA+겠/EP+다키키/NNP"
          },
          {
            "id": 11,
            "text": "1 : 키키 진짜 백종원 그렇게 해주던데 키키",
            "norm_text": "키키 진짜 백종원 그렇게 해주던데 키키",
            "speaker": {
              "id": "1번",
              "sex": "여성",
              "age": "20대"
            },
            "speechAct": "(단언) 진술하기",
            "morpheme": "키/NNG+키/XSV+ETN+진짜/MAG+백종원/NNP+그렇게/MAG+해/VV+EC+주/VX+던데/EC+키/NNG+키/XSV+ETN"
          },
          {
            "id": 12,
            "text": "2 : 그런 의미에서 백종원 완전 베스트 남편이네 키키",
            "norm_text": "그런 의미에서 백종원 완전 베스트 남편이네 키키",
            "speaker": {
              "id": "2번",
              "sex": "여성",
              "age": "30대"
            },
            "speechAct": "(단언) 주장하기",
            "morpheme": "그런/MM+의미/NNG+에서/JKB+백종원/NNP+완전/NNG+베스트/NNG+남편/NNG+이/JKS+네/MM+키/NNG+키/XSV+ETN"
          },
          {
            "id": 13,
            "text": "1 : 완전 키키 나이 차가 너무 심하다는 것만 아니면 키키",
            "norm_text": "완전 키키 나이 차가 너무 심하다는 것만 아니면 키키",
            "speaker": {
              "id": "1번",
              "sex": "여성",
              "age": "20대"
            },
            "speechAct": "(단언) 주장하기",
            "morpheme": "완전/NNG+키/NNG+키나/XSA+ETN+JX+이/MM+차/NNG+가/JKS+너무/MAG+심하/VA+다는/ETM+것/NNB+만/JX+아니/VCN+면/EC+키/NNG+키/XSV+ETN"
          },
          {
            "id": 14,
            "text": "2 : 소유진은 좋겠다 맨날 맛있는 음식 먹고 키키",
            "norm_text": "소유진은 좋겠다 맨날 맛있는 음식 먹고 키키",
            "speaker": {
              "id": "2번",
              "sex": "여성",
              "age": "30대"
            },
            "speechAct": "(단언) 주장하기",
            "morpheme": "소유진/NNP+은/JX+좋/VA+겠/EP+다/EF+맨날/MAG+맛있/VA+는/ETM+음식/NNG+먹/VV+고/EC+키/NNG+키/XSV+ETN"
          },
          {
            "id": 15,
            "text": "1 : 그러니까 키키 소유진 지인들한테도 잘하는 거 같던데 키키",
            "norm_text": "그러니까 키키 소유진 지인들한테도 잘하는 거 같던데 키키",
            "speaker": {
              "id": "1번",
              "sex": "여성",
              "age": "20대"
            },
            "speechAct": "(단언) 주장하기",
            "morpheme": "그러니까/MAJ+키키/NNP+소유진/NNP+지인/NNG+들/XSN+한테/JKB+도/JX+잘/MAG+하/VV+는/ETM+거/NNB+같/VA+던데/EC+키/NNG+키/XSV+ETN"
          },
          {
            "id": 16,
            "text": "2 : 나이 차이는 좀... 그렇다 키키",
            "norm_text": "나이 차이는 좀... 그렇다 키키",
            "speaker": {
              "id": "2번",
              "sex": "여성",
              "age": "30대"
            },
            "speechAct": "(단언) 주장하기",
            "morpheme": "나이/NNG+차이/NNG+는/JX+좀/MAG+./SY+그렇/VA+다키키/NNP"
          }
        ]
      }
    }
  ]
}