{
  "dataset": {
    "identifier": 69692,
    "name": "KAKAO_919_19_set",
    "src_path": "/data/file/cubeManager/PROJECT001/53/txt20211005155848062170/KAKAO_919_19_set/",
    "label_path": "/data/file/cubeManager/PROJECT001/53/txt20211005155848062170/KAKAO_919_19_set/",
    "category": 2,
    "type": 0
  },
  "licenses": {
    "name": "Apache License 1.0",
    "url": "http://www.apache.org/licenses/LICENSE-1.0"
  },
  "info": [
    {
      "id": 41936,
      "filename": "KAKAO_919_19.txt",
      "title": "KAKAO_919_19",
      "mediatype": "SNS",
      "medianame": "카카오톡",
      "category": "일상대화",
      "date": "2021-10-05",
      "size": 670,
      "annotations": {
        "subject": "방송/연예",
        "speaker_type": "1:1",
        "size": 670,
        "word_size": 203,
        "text": "1 : 와 이번에 인스타그램에 한지민이 사진 올렸는데 진짜 이쁘다...\n2 : 한지민? 와 내가 좋아하는 여자 연예인인데 ㅠㅠ 어디서 봐?\n1 : 인스타그램에 한지민 계정 들어가면 볼 수 있어 키키\n2 : 그렇구만 진짜 내가 제일 좋아하는 연예인이 시간이 흘러 40세라는 게 믿기지 않는다 키키\n1 : 근데 진짜 40세라는 게 믿기지가 않아 키키\n2 : 진짜 저 나이에 진짜 몸매며 얼굴이며 아직도 그냥 여신 그 자체...\n1 : 연예인들 보면 진짜 자기 관리 엄청 잘하는 거 같아...\n2 : 직업 특성상 어쩔 수 없지 키키\n2 : 이제 습관처럼 자기 관리한다고 하는 거 같던데\n1 : 그렇지 키키 와... 얼굴도 이쁘고 몸매도 이쁘고 마음씨도 엄청 이쁘잖아 키키\n2 : 맞아 한지민이 연예인 중 자원봉사? 이런 거 엄청 잘하기로 소문 나 있지\n1 : 연예인이 저렇게 봉사하기 쉽지 않을 텐데 대단해...\n2 : 진짜 대단한 듯...\n2 : 연예인 아니고 일반인이였어도 존경 그 자체...\n2 : 빛이 난다 빛이 나...\n1 : 과연 한지민과 결혼할 상대는 누구일까?\n2 : 그것도 진짜 궁금하다...\n2 : 한지민이 남편감으로 마음이 밝고 건강한 사람을 원한다는데 딱 나네 나야 키키\n1 : 너긴 무슨 소설 쓰고 앉아 있네 키키\n2 : 왜 키키 상상은 자유라고 그랬어 키키\n2 : 팬으로서 한지민 배우님 한번 만나 보고 싶다 ㅠㅠ",
        "lines": [
          {
            "id": 1,
            "text": "1 : 와 이번에 인스타그램에 한지민이 사진 올렸는데 진짜 이쁘다...",
            "norm_text": "와 이번에 인스타그램에 한지민이 사진 올렸는데 진짜 이쁘다...",
            "speaker": {
              "id": "1번",
              "sex": "남성",
              "age": "20대"
            },
            "speechAct": "(단언) 주장하기",
            "morpheme": "와이번에인스타그램에한지민이사진올렸는데진짜이쁘다/UNKNOWN+./SY"
          },
          {
            "id": 2,
            "text": "2 : 한지민? 와 내가 좋아하는 여자 연예인인데 ㅠㅠ 어디서 봐?",
            "norm_text": "한지민? 와 내가 좋아하는 여자 연예인인데 ㅠㅠ 어디서 봐?",
            "speaker": {
              "id": "2번",
              "sex": "남성",
              "age": "20대"
            },
            "speechAct": "(지시) 질문하기",
            "morpheme": "한지민/NNP+?/SY+와내가좋아하는여자연예인인데ㅠㅠ어디서봐/UNKNOWN"
          },
          {
            "id": 3,
            "text": "1 : 인스타그램에 한지민 계정 들어가면 볼 수 있어 키키",
            "norm_text": "인스타그램에 한지민 계정 들어가면 볼 수 있어 키키",
            "speaker": {
              "id": "1번",
              "sex": "남성",
              "age": "20대"
            },
            "speechAct": "(단언) 진술하기",
            "morpheme": "인/NNG+스타/NNG+그램/NNG+에/JKB+한/MM+지민/NNG+계정/NNG+들어가/VV+면/EC+볼/VX+ETM+수/NNB+있/VV+어/EC+키/NNG+키/XSV+ETN"
          },
          {
            "id": 4,
            "text": "2 : 그렇구만 진짜 내가 제일 좋아하는 연예인이 시간이 흘러 40세라는 게 믿기지 않는다 키키",
            "norm_text": "그렇구만 진짜 내가 제일 좋아하는 연예인이 시간이 흘러 40세라는 게 믿기지 않는다 키키",
            "speaker": {
              "id": "2번",
              "sex": "남성",
              "age": "20대"
            },
            "speechAct": "(단언) 주장하기",
            "morpheme": "그렇/VA+구만/EF+진짜/MAG+내/NP+가/JKS+제일/MAG+좋/VA+아/EC+하/VV+는/ETM+연예인/NNG+이/JKS+시간/NNG+이/JKS+흘러/VV+EC+40/SN+세/NNBC+라는/VCP+ETM+게/NNB+JKS+믿기/VV+지/EC+않/VX+는/ETM+다키키/NNP"
          },
          {
            "id": 5,
            "text": "1 : 근데 진짜 40세라는 게 믿기지가 않아 키키",
            "norm_text": "근데 진짜 40세라는 게 믿기지가 않아 키키",
            "speaker": {
              "id": "1번",
              "sex": "남성",
              "age": "20대"
            },
            "speechAct": "(단언) 주장하기",
            "morpheme": "근데/MAJ+진짜/MAG+40/SN+세/NNBC+라는/VCP+ETM+게/NNB+JKS+믿기/VV+지/EC+가/JX+않/VX+아/EC+키/NNG+키/XSV+ETN"
          },
          {
            "id": 6,
            "text": "2 : 진짜 저 나이에 진짜 몸매며 얼굴이며 아직도 그냥 여신 그 자체...",
            "norm_text": "진짜 저 나이에 진짜 몸매며 얼굴이며 아직도 그냥 여신 그 자체...",
            "speaker": {
              "id": "2번",
              "sex": "남성",
              "age": "20대"
            },
            "speechAct": "(단언) 주장하기",
            "morpheme": "진짜저나이에진짜몸매며얼굴이며아직도그냥여신그자체/UNKNOWN+./SY"
          },
          {
            "id": 7,
            "text": "1 : 연예인들 보면 진짜 자기 관리 엄청 잘하는 거 같아...",
            "norm_text": "연예인들 보면 진짜 자기 관리 엄청 잘하는 거 같아...",
            "speaker": {
              "id": "1번",
              "sex": "남성",
              "age": "20대"
            },
            "speechAct": "(단언) 주장하기",
            "morpheme": "연예인/NNG+들/XSN+보/VV+면/EC+진짜/MAG+자기/NP+관리/NNG+엄청/MAG+잘/MAG+하/VV+는/ETM+거/NNB+같/VA+아/EF+./SY"
          },
          {
            "id": 8,
            "text": "2 : 직업 특성상 어쩔 수 없지 키키",
            "norm_text": "직업 특성상 어쩔 수 없지 키키",
            "speaker": {
              "id": "2번",
              "sex": "남성",
              "age": "20대"
            },
            "speechAct": "(단언) 주장하기",
            "morpheme": "직업/NNG+특성/NNG+상/XSN+어쩔/VV+ETM+수/NNB+없/VA+지/EC+키/NNG+키/XSV+ETN"
          },
          {
            "id": 9,
            "text": "2 : 이제 습관처럼 자기 관리한다고 하는 거 같던데",
            "norm_text": "이제 습관처럼 자기 관리한다고 하는 거 같던데",
            "speaker": {
              "id": "2번",
              "sex": "남성",
              "age": "20대"
            },
            "speechAct": "(단언) 진술하기",
            "morpheme": "이제/MAG+습관/NNG+처럼/JKB+자기/NP+관리/NNG+한다고/XSV+EC+하/VV+는/ETM+거/NNB+같/VA+던데/EC"
          },
          {
            "id": 10,
            "text": "1 : 그렇지 키키 와... 얼굴도 이쁘고 몸매도 이쁘고 마음씨도 엄청 이쁘잖아 키키",
            "norm_text": "그렇지 키키 와... 얼굴도 이쁘고 몸매도 이쁘고 마음씨도 엄청 이쁘잖아 키키",
            "speaker": {
              "id": "1번",
              "sex": "남성",
              "age": "20대"
            },
            "speechAct": "(단언) 주장하기",
            "morpheme": "그렇/VA+지/EC+키/NNG+키/XSV+ETN+와/JC+./SY+./SY+얼굴도이쁘고몸매도이쁘고마음씨도엄청이쁘잖아키키/UNKNOWN"
          },
          {
            "id": 11,
            "text": "2 : 맞아 한지민이 연예인 중 자원봉사? 이런 거 엄청 잘하기로 소문 나 있지",
            "norm_text": "맞아 한지민이 연예인 중 자원봉사? 이런 거 엄청 잘하기로 소문 나 있지",
            "speaker": {
              "id": "2번",
              "sex": "남성",
              "age": "20대"
            },
            "speechAct": "(단언) 진술하기",
            "morpheme": "맞아한지민이연예인중자원봉사/UNKNOWN+이런/MM+거/NNB+엄청/MAG+잘/MAG+하/VV+기/ETN+로/JKB+소문나/VV+EC+있/VX+지/EC"
          },
          {
            "id": 12,
            "text": "1 : 연예인이 저렇게 봉사하기 쉽지 않을 텐데 대단해...",
            "norm_text": "연예인이 저렇게 봉사하기 쉽지 않을 텐데 대단해...",
            "speaker": {
              "id": "1번",
              "sex": "남성",
              "age": "20대"
            },
            "speechAct": "(단언) 주장하기",
            "morpheme": "연예인/NNG+이/JKS+저렇/VA+게/EC+봉사/NNG+하/XSV+기/ETN+쉽/VA+지/EC+않/VX+을/ETM+텐데/NNB+VCP+EC+대단/XR+해/XSA+EF+./SY"
          },
          {
            "id": 13,
            "text": "2 : 진짜 대단한 듯...",
            "norm_text": "진짜 대단한 듯...",
            "speaker": {
              "id": "2번",
              "sex": "남성",
              "age": "20대"
            },
            "speechAct": "(단언) 주장하기",
            "morpheme": "진짜/MAG+대단/XR+한/XSA+ETM+듯/NNB+./SY"
          },
          {
            "id": 14,
            "text": "2 : 연예인 아니고 일반인이였어도 존경 그 자체...",
            "norm_text": "연예인 아니고 일반인이였어도 존경 그 자체...",
            "speaker": {
              "id": "2번",
              "sex": "남성",
              "age": "20대"
            },
            "speechAct": "(단언) 주장하기",
            "morpheme": "연예인/NNG+아니/VCN+고/EC+일반인/NNG+이/VCP+였/EP+어도/EC+존경/NNG+그/MM+자체/NNG+./SY+./SY"
          },
          {
            "id": 15,
            "text": "2 : 빛이 난다 빛이 나...",
            "norm_text": "빛이 난다 빛이 나...",
            "speaker": {
              "id": "2번",
              "sex": "남성",
              "age": "20대"
            },
            "speechAct": "(단언) 주장하기",
            "morpheme": "빛/NNG+이/JKS+난다/VV+EC+빛/NNG+이나/JC+./SY"
          },
          {
            "id": 16,
            "text": "1 : 과연 한지민과 결혼할 상대는 누구일까?",
            "norm_text": "과연 한지민과 결혼할 상대는 누구일까?",
            "speaker": {
              "id": "1번",
              "sex": "남성",
              "age": "20대"
            },
            "speechAct": "(지시) 질문하기",
            "morpheme": "과연/MAG+한/MM+지민/NNG+과/JC+결혼/NNG+할/XSV+ETM+상대/NNG+는/JX+누구/NP+일까/VCP+EF"
          },
          {
            "id": 17,
            "text": "2 : 그것도 진짜 궁금하다...",
            "norm_text": "그것도 진짜 궁금하다...",
            "speaker": {
              "id": "2번",
              "sex": "남성",
              "age": "20대"
            },
            "speechAct": "(단언) 주장하기",
            "morpheme": "그것/NP+도/JX+진짜/MAG+궁금/XR+하/XSA+다/EF+./SY"
          },
          {
            "id": 18,
            "text": "2 : 한지민이 남편감으로 마음이 밝고 건강한 사람을 원한다는데 딱 나네 나야 키키",
            "norm_text": "한지민이 남편감으로 마음이 밝고 건강한 사람을 원한다는데 딱 나네 나야 키키",
            "speaker": {
              "id": "2번",
              "sex": "남성",
              "age": "20대"
            },
            "speechAct": "(단언) 주장하기",
            "morpheme": "한지민/NNP+이/JKS+남편감/NNG+으로/JKB+마음/NNG+이/JKS+밝/VA+고/EC+건강/NNG+한/XSA+ETM+사람/NNG+을/JKO+원한다는데/VV+EC+딱/MAG+나/NP+네/XSN+나/NP+야/VCP+EF+키/NNG+키/XSV+ETN"
          },
          {
            "id": 19,
            "text": "1 : 너긴 무슨 소설 쓰고 앉아 있네 키키",
            "norm_text": "너긴 무슨 소설 쓰고 앉아 있네 키키",
            "speaker": {
              "id": "1번",
              "sex": "남성",
              "age": "20대"
            },
            "speechAct": "(단언) 주장하기",
            "morpheme": "너/NP+긴/VCP+ETN+JX+무슨/MM+소설/NNG+쓰/VV+고/EC+앉/VV+아/EC+있/VX+네/EF+키/NNG+키/XSV+ETN"
          },
          {
            "id": 20,
            "text": "2 : 왜 키키 상상은 자유라고 그랬어 키키",
            "norm_text": "왜 키키 상상은 자유라고 그랬어 키키",
            "speaker": {
              "id": "2번",
              "sex": "남성",
              "age": "20대"
            },
            "speechAct": "(단언) 주장하기",
            "morpheme": "왜/MAG+키/NNG+키/NNG+상상/NNG+은/JX+자유/NNG+라고/VCP+EC+그랬/VV+EP+어/EC+키/NNG+키/XSV+ETN"
          },
          {
            "id": 21,
            "text": "2 : 팬으로서 한지민 배우님 한번 만나 보고 싶다 ㅠㅠ",
            "norm_text": "팬으로서 한지민 배우님 한번 만나 보고 싶다 ㅠㅠ",
            "speaker": {
              "id": "2번",
              "sex": "남성",
              "age": "20대"
            },
            "speechAct": "(단언) 주장하기",
            "morpheme": "팬/NNG+으로서/JKB+한/MM+지민/NNG+배우/NNG+님/XSN+한번/MAG+만나/VV+EC+보/VX+고/EC+싶/VX+다/EF+ㅠㅠ/UNKNOWN"
          }
        ]
      }
    }
  ]
}