{
  "dataset": {
    "identifier": 63857,
    "name": "KAKAO_901_19_set",
    "src_path": "/data/file/cubeManager/PROJECT001/53/txt20211005153438088378/KAKAO_901_19_set/",
    "label_path": "/data/file/cubeManager/PROJECT001/53/txt20211005153438088378/KAKAO_901_19_set/",
    "category": 2,
    "type": 0
  },
  "licenses": {
    "name": "Apache License 1.0",
    "url": "http://www.apache.org/licenses/LICENSE-1.0"
  },
  "info": [
    {
      "id": 41496,
      "filename": "KAKAO_901_19.txt",
      "title": "KAKAO_901_19",
      "mediatype": "SNS",
      "medianame": "카카오톡",
      "category": "일상대화",
      "date": "2021-10-05",
      "size": 457,
      "annotations": {
        "subject": "방송/연예",
        "speaker_type": "1:1",
        "size": 457,
        "word_size": 156,
        "text": "1 : 슬의생 보나? 막방 했는데 하...\n2 : 오 형 그거 열심히 챙겨봤나 보네요\n1 : 다 봤지 키키 유일한 낙이었는데 마지막이 좀 그럼\n2 : 키키 왜요 그거 이번에서 끝난다는 말이 있던데\n1 : 뭔가 더 할 것처럼 열린 결말이야\n2 : 오... 그건 좀 싫은데 왜 그렇게 끝났지\n1 : 몰라... 이거 뭐 사람 반응 보고 시즌3 할지 말지 하는 거 아니야?\n2 : 오 그럴려나 그러기엔 인기 많은 거 지들도 알 텐데\n1 : 그러니까 진짜 짜증이다 안 봤으면 보지 마 키키\n2 : 키키 오 그 정도인가요?\n2 : 저 아직 시작 안 했는데\n1 : 키키 됐어 시작하지 마\n2 : 키키 오 단호박이시네요 그렇다면 일단...\n1 : 키키 다른 거 봐 재밌는 거 많아\n2 : 요새 뭐 재밌어요? 그알 말고 보는 게 없네\n1 : 키키 그알 말고 다른 거 보는 거 없어?\n2 : 키키 네 아 요새 dp 뭐 난리라서 보고 싶으면서도 보기 싫은 거 알죠?",
        "lines": [
          {
            "id": 1,
            "text": "1 : 슬의생 보나? 막방 했는데 하...",
            "norm_text": "슬의생 보나? 막방 했는데 하...",
            "speaker": {
              "id": "1번",
              "sex": "남성",
              "age": "20대"
            },
            "speechAct": "(지시) 질문하기",
            "morpheme": "슬/NNG+의/JKG+생보/NNG+나/JC+막/MAJ+방/NNG+했/XSV+EP+는데/EC+하/IC+./SY"
          },
          {
            "id": 2,
            "text": "2 : 오 형 그거 열심히 챙겨봤나 보네요",
            "norm_text": "오 형 그거 열심히 챙겨봤나 보네요",
            "speaker": {
              "id": "2번",
              "sex": "남성",
              "age": "20대"
            },
            "speechAct": "(지시) 질문하기",
            "morpheme": "오형/NNG+그거/NP+열심히/MAG+챙겨/VV+EC+봤/VX+EP+나/EC+보/VX+네요/EC"
          },
          {
            "id": 3,
            "text": "1 : 다 봤지 키키 유일한 낙이었는데 마지막이 좀 그럼",
            "norm_text": "다 봤지 키키 유일한 낙이었는데 마지막이 좀 그럼",
            "speaker": {
              "id": "1번",
              "sex": "남성",
              "age": "20대"
            },
            "speechAct": "(단언) 진술하기",
            "morpheme": "다/MAG+봤/VV+EP+지/EC+키/NNG+키/NNG+유일/NNG+한/XSA+ETM+낙/NNG+이/VCP+었/EP+는데/EC+마지막/NNG+이/JKS+좀/MAG+그럼/VV+EC"
          },
          {
            "id": 4,
            "text": "2 : 키키 왜요 그거 이번에서 끝난다는 말이 있던데",
            "norm_text": "키키 왜요 그거 이번에서 끝난다는 말이 있던데",
            "speaker": {
              "id": "2번",
              "sex": "남성",
              "age": "20대"
            },
            "speechAct": "(지시) 질문하기",
            "morpheme": "키/NNG+키/XSV+ETN+왜/MAG+요/JX+그거/NP+이번/NNG+에서/JKB+끝난다는/VV+ETM+말/NNG+이/JKS+있/VV+던데/EC"
          },
          {
            "id": 5,
            "text": "1 : 뭔가 더 할 것처럼 열린 결말이야",
            "norm_text": "뭔가 더 할 것처럼 열린 결말이야",
            "speaker": {
              "id": "1번",
              "sex": "남성",
              "age": "20대"
            },
            "speechAct": "(단언) 진술하기",
            "morpheme": "뭔가/NP+VCP+EC+더/MAG+할/VV+ETM+것/NNB+처럼/JKB+열린/VV+ETM+결말/NNG+이/VCP+야/EC"
          },
          {
            "id": 6,
            "text": "2 : 오... 그건 좀 싫은데 왜 그렇게 끝났지",
            "norm_text": "오... 그건 좀 싫은데 왜 그렇게 끝났지",
            "speaker": {
              "id": "2번",
              "sex": "남성",
              "age": "20대"
            },
            "speechAct": "(지시) 질문하기",
            "morpheme": "오/IC+./SY+그건/NP+JX+좀/MAG+싫/VA+은데/EC+왜/MAG+그렇게/MAG+끝/NNG+났/VV+EP+지/EC"
          },
          {
            "id": 7,
            "text": "1 : 몰라... 이거 뭐 사람 반응 보고 시즌3 할지 말지 하는 거 아니야?",
            "norm_text": "몰라... 이거 뭐 사람 반응 보고 시즌3 할지 말지 하는 거 아니야?",
            "speaker": {
              "id": "1번",
              "sex": "남성",
              "age": "20대"
            },
            "speechAct": "(지시) 질문하기",
            "morpheme": "몰라/VV+EF+./SY+이거/NP+뭐/IC+사람/NNG+반응/NNG+보고/JKB+시즌/NNG+3/SN+할지/NNG+말지/NNG+하/XSV+는/ETM+거/NNB+아니/VCN+야/EF"
          },
          {
            "id": 8,
            "text": "2 : 오 그럴려나 그러기엔 인기 많은 거 지들도 알 텐데",
            "norm_text": "오 그럴려나 그러기엔 인기 많은 거 지들도 알 텐데",
            "speaker": {
              "id": "2번",
              "sex": "남성",
              "age": "20대"
            },
            "speechAct": "(단언) 진술하기",
            "morpheme": "오/NR+그럴려/VV+EC+나/JX+그러/VV+기/ETN+엔/JKB+JX+인기/NNG+많/VA+은/ETM+거지/NNG+들/XSN+도/JX+알/VV+ETM+텐데/NNB+VCP+EC"
          },
          {
            "id": 9,
            "text": "1 : 그러니까 진짜 짜증이다 안 봤으면 보지 마 키키",
            "norm_text": "그러니까 진짜 짜증이다 안 봤으면 보지 마 키키",
            "speaker": {
              "id": "1번",
              "sex": "남성",
              "age": "20대"
            },
            "speechAct": "(지시) 충고/제안하기",
            "morpheme": "그러니까/MAJ+진짜/MAG+짜증/NNG+이/JKS+다/MAG+안/MAG+봤/VV+EP+으면/EC+보/VX+지/EC+마키/NNG+키/XSV+ETN"
          },
          {
            "id": 10,
            "text": "2 : 키키 오 그 정도인가요?",
            "norm_text": "키키 오 그 정도인가요?",
            "speaker": {
              "id": "2번",
              "sex": "남성",
              "age": "20대"
            },
            "speechAct": "(지시) 질문하기",
            "morpheme": "키/NNG+키/VV+오/EC+그/MM+정도/NNG+인가요/VCP+EF"
          },
          {
            "id": 11,
            "text": "2 : 저 아직 시작 안 했는데",
            "norm_text": "저 아직 시작 안 했는데",
            "speaker": {
              "id": "2번",
              "sex": "남성",
              "age": "20대"
            },
            "speechAct": "(단언) 진술하기",
            "morpheme": "저/IC+아직/MAG+시작/NNG+안/MAG+했/VV+EP+는데/EC"
          },
          {
            "id": 12,
            "text": "1 : 키키 됐어 시작하지 마",
            "norm_text": "키키 됐어 시작하지 마",
            "speaker": {
              "id": "1번",
              "sex": "남성",
              "age": "20대"
            },
            "speechAct": "(단언) 주장하기",
            "morpheme": "키/NNG+키/NNG+됐/XSV+EP+어/EC+시작/NNG+하/XSV+지/EC+마/VX+EC"
          },
          {
            "id": 13,
            "text": "2 : 키키 오 단호박이시네요 그렇다면 일단...",
            "norm_text": "키키 오 단호박이시네요 그렇다면 일단...",
            "speaker": {
              "id": "2번",
              "sex": "남성",
              "age": "20대"
            },
            "speechAct": "(단언) 진술하기",
            "morpheme": "키/NNG+키/XSV+ETN+오/NR+단호박/NNG+이/VCP+시/EP+네요/EF+그렇/VA+다면/EC+일단/MAG+./SY"
          },
          {
            "id": 14,
            "text": "1 : 키키 다른 거 봐 재밌는 거 많아",
            "norm_text": "키키 다른 거 봐 재밌는 거 많아",
            "speaker": {
              "id": "1번",
              "sex": "남성",
              "age": "20대"
            },
            "speechAct": "(단언) 주장하기",
            "morpheme": "키/NNG+키/XSV+ETN+다른/VA+ETM+거/NNB+봐/VV+EC+재밌/VA+는/ETM+거/NNB+많/VA+아/EC"
          },
          {
            "id": 15,
            "text": "2 : 요새 뭐 재밌어요? 그알 말고 보는 게 없네",
            "norm_text": "요새 뭐 재밌어요? 그알 말고 보는 게 없네",
            "speaker": {
              "id": "2번",
              "sex": "남성",
              "age": "20대"
            },
            "speechAct": "(지시) 질문하기",
            "morpheme": "요새/MAG+뭐/IC+재밌/VA+어요/EF+그/MM+알/NNG+말/VV+고/EC+보/VX+는/ETM+게/NNB+JKS+없/VA+네/EC"
          },
          {
            "id": 16,
            "text": "1 : 키키 그알 말고 다른 거 보는 거 없어?",
            "norm_text": "키키 그알 말고 다른 거 보는 거 없어?",
            "speaker": {
              "id": "1번",
              "sex": "남성",
              "age": "20대"
            },
            "speechAct": "(지시) 질문하기",
            "morpheme": "키키/NNP+그/MM+알/NNG+말/VV+고/EC+다른/MM+거/NNB+보/VV+는/ETM+거/NNB+없/VA+어/EF"
          },
          {
            "id": 17,
            "text": "2 : 키키 네 아 요새 dp 뭐 난리라서 보고 싶으면서도 보기 싫은 거 알죠?",
            "norm_text": "키키 네 아 요새 dp 뭐 난리라서 보고 싶으면서도 보기 싫은 거 알죠?",
            "speaker": {
              "id": "2번",
              "sex": "남성",
              "age": "20대"
            },
            "speechAct": "(지시) 질문하기",
            "morpheme": "키/NNG+키/VV+네/EF+아/IC+요새/NNG+dp/SL+뭐/IC+난리/NNG+라서/VCP+EC+보/VX+고/EC+싶/VX+으면서도/EC+보/VX+기/ETN+싫/VA+은/ETM+거/NNB+알/VV+죠/EF"
          }
        ]
      }
    }
  ]
}