{
  "dataset": {
    "identifier": 61464,
    "name": "KAKAO_922_16_set",
    "src_path": "/data/file/cubeManager/PROJECT001/53/txt20211005154147071544/KAKAO_922_16_set/",
    "label_path": "/data/file/cubeManager/PROJECT001/53/txt20211005154147071544/KAKAO_922_16_set/",
    "category": 2,
    "type": 0
  },
  "licenses": {
    "name": "Apache License 1.0",
    "url": "http://www.apache.org/licenses/LICENSE-1.0"
  },
  "info": [
    {
      "id": 41653,
      "filename": "KAKAO_922_16.txt",
      "title": "KAKAO_922_16",
      "mediatype": "SNS",
      "medianame": "카카오톡",
      "category": "일상대화",
      "date": "2021-10-05",
      "size": 581,
      "annotations": {
        "subject": "미용",
        "speaker_type": "1:1",
        "size": 581,
        "word_size": 190,
        "text": "1 : 너는 피부 관리 따로 하는 거 있나? 키키\n2 : 음... 피부 관리하는 기기들은 있는데 잘 안 하게 되네\n1 : 오 진짜? 기계 있어? 효과는 있는 편이야?\n2 : 피부샵에서 쓰는 led 기기 있거든 키키 계속 주기적으로 해야 효과가 있는데 토끼가 날 가만히 안 둔다 ㅠ\n1 : 아... 키키 그거 엄청 비싼 거 아니야?\n1 : 키키 넌 서서 하면 되지 않나?\n2 : 그게 빛이 눈에 들어가면 안 좋아서 방문 닫고 하는데 그거 할 동안 뭐하냐고 짖고 난리 키키\n1 : 아... 키키 그럼 화장실에 가서 하는 건 어때\n2 : 누워서 받는 거거든 키키 로션이나 팩 같은 거 바르고\n1 : 키키 무리네 키키 토끼가 니가 위험한 줄 아나 봐\n2 : 나도 눈가리개 쓰고... 키키 그러다 보니 ㅠ 못하게 되네\n1 : 키키 그거 한번 하면 몇 분 정도 하는데?\n2 : 나 놔두고 뭐 하는 거야! 이게 무슨 소리야! 키키 20분!\n1 : 키키 그럼... 그냥 더 낡기 전에 팔아버려라 키키\n2 : 키키 그래도 써야 효과가 있는 거니... 팔기에는 좀 아깝지 ㅠ\n1 : 비싸게 주고 샀는데 안쓰면 아깝잖아 ㅜㅜ\n2 : 그래도 어떻게든 쓸 거라는 생각에 계속 들고 있당 키키",
        "lines": [
          {
            "id": 1,
            "text": "1 : 너는 피부 관리 따로 하는 거 있나? 키키",
            "norm_text": "너는 피부 관리 따로 하는 거 있나? 키키",
            "speaker": {
              "id": "1번",
              "sex": "여성",
              "age": "30대"
            },
            "speechAct": "(지시) 질문하기",
            "morpheme": "너/NP+는/JX+피부/NNG+관리/NNG+따로/MAG+하/VV+는/ETM+거/NNB+있/VA+나/EF+키/NNG+키/XSV+ETN"
          },
          {
            "id": 2,
            "text": "2 : 음... 피부 관리하는 기기들은 있는데 잘 안 하게 되네",
            "norm_text": "음... 피부 관리하는 기기들은 있는데 잘 안 하게 되네",
            "speaker": {
              "id": "2번",
              "sex": "여성",
              "age": "30대"
            },
            "speechAct": "(단언) 주장하기",
            "morpheme": "음/IC+./SY+피부/NNG+관리/NNG+하/XSV+는/ETM+기기/NNG+들/XSN+은/JX+있/VA+는데/EC+잘/MAG+안/MAG+하/VV+게/EC+되/VV+네/EC"
          },
          {
            "id": 3,
            "text": "1 : 오 진짜? 기계 있어? 효과는 있는 편이야?",
            "norm_text": "오 진짜? 기계 있어? 효과는 있는 편이야?",
            "speaker": {
              "id": "1번",
              "sex": "여성",
              "age": "30대"
            },
            "speechAct": "(지시) 질문하기",
            "morpheme": "오/IC+진짜/MAG+기계/NNG+있/VA+어/EF+효과/NNG+는/JX+있/VX+는/ETM+편/NNB+이/VCP+야/EF"
          },
          {
            "id": 4,
            "text": "2 : 피부샵에서 쓰는 led 기기 있거든 키키 계속 주기적으로 해야 효과가 있는데 토끼가 날 가만히 안 둔다 ㅠ",
            "norm_text": "피부샵에서 쓰는 led 기기 있거든 키키 계속 주기적으로 해야 효과가 있는데 토끼가 날 가만히 안 둔다 ㅠ",
            "speaker": {
              "id": "2번",
              "sex": "여성",
              "age": "30대"
            },
            "speechAct": "(단언) 주장하기",
            "morpheme": "피부/NNG+샵/NNP+에서/JKB+쓰/VV+는/ETM+led/SL+기기있거든키키계속주기적으로해야효과가있는데토끼가날가만히안둔다ㅠ/UNKNOWN"
          },
          {
            "id": 5,
            "text": "1 : 아... 키키 그거 엄청 비싼 거 아니야?",
            "norm_text": "아... 키키 그거 엄청 비싼 거 아니야?",
            "speaker": {
              "id": "1번",
              "sex": "여성",
              "age": "30대"
            },
            "speechAct": "(지시) 질문하기",
            "morpheme": "아/IC+./SY+키/NNG+키/XSV+ETN+그거/NP+엄청/MAG+비싼/VA+ETM+거/NNB+아니/VCN+야/EF"
          },
          {
            "id": 6,
            "text": "1 : 키키 넌 서서 하면 되지 않나?",
            "norm_text": "키키 넌 서서 하면 되지 않나?",
            "speaker": {
              "id": "1번",
              "sex": "여성",
              "age": "30대"
            },
            "speechAct": "(지시) 질문하기",
            "morpheme": "키/NNG+키/XSV+ETN+넌/JX+서서/XR+하/XSA+면/EC+되/VV+지/EC+않/VX+나/EF"
          },
          {
            "id": 7,
            "text": "2 : 그게 빛이 눈에 들어가면 안 좋아서 방문 닫고 하는데 그거 할 동안 뭐하냐고 짖고 난리 키키",
            "norm_text": "그게 빛이 눈에 들어가면 안 좋아서 방문 닫고 하는데 그거 할 동안 뭐하냐고 짖고 난리 키키",
            "speaker": {
              "id": "2번",
              "sex": "여성",
              "age": "30대"
            },
            "speechAct": "(단언) 진술하기",
            "morpheme": "그게/NP+JKS+빛/NNG+이/JKS+눈/NNG+에/JKB+들어가/VV+면/EC+안/MAG+좋/VA+아서/EC+방문/NNG+닫/VV+고/EC+하/VV+는데/EC+그거/NP+할/VV+ETM+동안/NNG+뭐/IC+하/VV+냐고/EC+짖/VV+고/EC+난리/NNG+키/NNG+키/XSV+ETN"
          },
          {
            "id": 8,
            "text": "1 : 아... 키키 그럼 화장실에 가서 하는 건 어때",
            "norm_text": "아... 키키 그럼 화장실에 가서 하는 건 어때",
            "speaker": {
              "id": "1번",
              "sex": "여성",
              "age": "30대"
            },
            "speechAct": "(지시) 충고/제안하기",
            "morpheme": "아/IC+./SY+키/NNG+키/XSV+ETN+그럼/MAJ+화장실/NNG+에/JKB+가/VV+서/EC+하/VV+는/ETM+건/NNB+JX+어때/VA+EC"
          },
          {
            "id": 9,
            "text": "2 : 누워서 받는 거거든 키키 로션이나 팩 같은 거 바르고",
            "norm_text": "누워서 받는 거거든 키키 로션이나 팩 같은 거 바르고",
            "speaker": {
              "id": "2번",
              "sex": "여성",
              "age": "30대"
            },
            "speechAct": "(단언) 진술하기",
            "morpheme": "누워서/VV+EC+받/VV+는/ETM+거/NNB+거든/VCP+EC+키/NNG+키로/XSV+ETN+JKB+션/NNG+이나/JC+팩/NNG+같/VA+은/ETM+거/NNB+바르/VA+고/EC"
          },
          {
            "id": 10,
            "text": "1 : 키키 무리네 키키 토끼가 니가 위험한 줄 아나 봐",
            "norm_text": "키키 무리네 키키 토끼가 니가 위험한 줄 아나 봐",
            "speaker": {
              "id": "1번",
              "sex": "여성",
              "age": "30대"
            },
            "speechAct": "(단언) 주장하기",
            "morpheme": "키/NNG+키/NNG+무리/NNG+네/XSN+키/NNG+키/NNG+토끼/NNG+가/JKS+니/NP+가/JKS+위험/NNG+한/XSA+ETM+줄/NNB+아/VV+나/EC+봐/VX+EC"
          },
          {
            "id": 11,
            "text": "2 : 나도 눈가리개 쓰고... 키키 그러다 보니 ㅠ 못하게 되네",
            "norm_text": "나도 눈가리개 쓰고... 키키 그러다 보니 ㅠ 못하게 되네",
            "speaker": {
              "id": "2번",
              "sex": "여성",
              "age": "30대"
            },
            "speechAct": "(단언) 주장하기",
            "morpheme": "나/NP+도/JX+눈가리개/NNG+쓰/VV+고/EC+./SY+./SY+키키그러다보니ㅠ못하게되네/UNKNOWN"
          },
          {
            "id": 12,
            "text": "1 : 키키 그거 한번 하면 몇 분 정도 하는데?",
            "norm_text": "키키 그거 한번 하면 몇 분 정도 하는데?",
            "speaker": {
              "id": "1번",
              "sex": "여성",
              "age": "30대"
            },
            "speechAct": "(지시) 질문하기",
            "morpheme": "키/NNG+키/XSV+ETN+그거/NP+한번/MAG+하/VV+면/EC+몇/MM+분/NNBC+정도/NNG+하/XSV+는데/EC"
          },
          {
            "id": 13,
            "text": "2 : 나 놔두고 뭐 하는 거야! 이게 무슨 소리야! 키키 20분!",
            "norm_text": "나 놔두고 뭐 하는 거야! 이게 무슨 소리야! 키키 20분!",
            "speaker": {
              "id": "2번",
              "sex": "여성",
              "age": "30대"
            },
            "speechAct": "(단언) 주장하기",
            "morpheme": "나/NP+놔두/VV+고/EC+뭐/IC+하/VV+는/ETM+거/NNB+야/VCP+EF+이게/NP+JKS+무슨/MM+소리/NNG+야/VCP+EF+키/NNG+키/XSV+ETN+20/SN+분/NNBC"
          },
          {
            "id": 14,
            "text": "1 : 키키 그럼... 그냥 더 낡기 전에 팔아버려라 키키",
            "norm_text": "키키 그럼... 그냥 더 낡기 전에 팔아버려라 키키",
            "speaker": {
              "id": "1번",
              "sex": "여성",
              "age": "30대"
            },
            "speechAct": "(단언) 주장하기",
            "morpheme": "키/NNG+키/XSV+ETN+그럼/MAJ+./SY+그냥/MAG+더/MAG+낡/VA+기/ETN+전/NNG+에/JKB+팔/VV+아/EC+버려라/VX+EC+키/NNG+키/XSV+ETN"
          },
          {
            "id": 15,
            "text": "2 : 키키 그래도 써야 효과가 있는 거니... 팔기에는 좀 아깝지 ㅠ",
            "norm_text": "키키 그래도 써야 효과가 있는 거니... 팔기에는 좀 아깝지 ㅠ",
            "speaker": {
              "id": "2번",
              "sex": "여성",
              "age": "30대"
            },
            "speechAct": "(단언) 주장하기",
            "morpheme": "키/NNG+키/XSV+ETN+그래도/VV+EC+써야/VV+EC+효과/NNG+가/JKS+있/VA+는/ETM+거/NNB+니/VCP+EF+./SY+팔기에는좀아깝지ㅠ/UNKNOWN"
          },
          {
            "id": 16,
            "text": "1 : 비싸게 주고 샀는데 안쓰면 아깝잖아 ㅜㅜ",
            "norm_text": "비싸게 주고 샀는데 안쓰면 아깝잖아 ㅜㅜ",
            "speaker": {
              "id": "1번",
              "sex": "여성",
              "age": "30대"
            },
            "speechAct": "(단언) 진술하기",
            "morpheme": "비싸/VA+게/EC+주/VX+고/EC+샀/VV+EP+는데/EC+안/MAG+쓰/VV+면/EC+아깝/VA+잖아/EF+ㅜㅜ/UNKNOWN"
          },
          {
            "id": 17,
            "text": "2 : 그래도 어떻게든 쓸 거라는 생각에 계속 들고 있당 키키",
            "norm_text": "그래도 어떻게든 쓸 거라는 생각에 계속 들고 있당 키키",
            "speaker": {
              "id": "2번",
              "sex": "여성",
              "age": "30대"
            },
            "speechAct": "(단언) 주장하기",
            "morpheme": "그래도/MAJ+어떻게/MAG+든/JX+쓸/VV+ETM+거/NNB+라는/VCP+ETM+생각/NNG+에/JKB+계속/MAG+들/VV+고/EC+있/VX+당/EF+키/NNG+키/XSV+ETN"
          }
        ]
      }
    }
  ]
}