{
  "dataset": {
    "identifier": 58641,
    "name": "KAKAO_991_06_set",
    "src_path": "/data/file/cubeManager/PROJECT001/53/txt20211006134932043556/KAKAO_991_06_set/",
    "label_path": "/data/file/cubeManager/PROJECT001/53/txt20211006134932043556/KAKAO_991_06_set/",
    "category": 2,
    "type": 0
  },
  "licenses": {
    "name": "Apache License 1.0",
    "url": "http://www.apache.org/licenses/LICENSE-1.0"
  },
  "info": [
    {
      "id": 43540,
      "filename": "KAKAO_991_06.txt",
      "title": "KAKAO_991_06",
      "mediatype": "SNS",
      "medianame": "카카오톡",
      "category": "일상대화",
      "date": "2021-10-06",
      "size": 629,
      "annotations": {
        "subject": "교육",
        "speaker_type": "1:1",
        "size": 629,
        "word_size": 198,
        "text": "1 : 오빠야는 예전에 학교 다닐 때 스터디 같은 거 해본 적 있나?\n2 : 아니 아니 키키 해본 적 없었어 키키\n2 : ** 너는 해봤나?\n1 : 아니 키키 난 공부는 혼자 하는 타입이라 키키\n2 : 키키 나 학창시절 때도 스터디 같은 게 있었나? 키키\n1 : 키키 학교 내에서 그런 스터디들 많이 모집하고 그랬을걸?\n2 : 음? 관심이 너무 없었나 봐... 키키 몰랐는데 키키\n1 : 키키 나는 학교 다닐 때 뭐가 그리 바빴는지 키키 학교 생활을 잘 안 해서 몰랐지 키키\n2 : 키키 잘하지 않았나? 개근상도 받고? 키키\n2 : 돈벌이 하고 있고 그럼 학교생활 잘한 거지 키키\n1 : 근데 애들한테 물어보니까 스터디 모임 나가서 공부는 거의 안 한다 하더라 키키\n2 : 그렇지 키키 진짜 공부하는 애들은 혼자 하지 키키\n1 : 맞제? 키키 다들 그냥 인맥관리 차원에서 그런 스터디 하고 그러는 것 같다!\n2 : 그냥... 인맥관리라기보다 키키 놀려고 그러는 거지 키키\n1 : 키키 그렇지... 술 마시고 놀려고 만드는 거지 키키\n2 : 키키 그렇지 그래도 할 사람들은 하긴 한다는데 키키\n1 : 키키 응... 그런 데는 진짜 벌금도 세고 숙제도 많다더라고\n2 : 아아~ 오우... 빡세네... 너무 하하\n2 : 진짜 하는 사람들은 따라갈 수가 없어 키키",
        "lines": [
          {
            "id": 1,
            "text": "1 : 오빠야는 예전에 학교 다닐 때 스터디 같은 거 해본 적 있나?",
            "norm_text": "오빠야는 예전에 학교 다닐 때 스터디 같은 거 해본 적 있나?",
            "speaker": {
              "id": "1번",
              "sex": "여성",
              "age": "30대"
            },
            "speechAct": "(지시) 질문하기",
            "morpheme": "오빠/NNG+야/VCP+EF+는/JX+예전/NNG+에/JKB+학교/NNG+다닐/VV+ETM+때/NNG+스터디/NNP+같/VA+은/ETM+거/NNB+해/VV+EC+본/VX+ETM+적/NNB+있/VA+나/EF"
          },
          {
            "id": 2,
            "text": "2 : 아니 아니 키키 해본 적 없었어 키키",
            "norm_text": "아니 아니 키키 해본 적 없었어 키키",
            "speaker": {
              "id": "2번",
              "sex": "남성",
              "age": "30대"
            },
            "speechAct": "(단언) 진술하기",
            "morpheme": "아니/IC+아니/IC+키/NNG+키/NNG+해/XSV+EC+본/VX+ETM+적/NNB+없/VA+었/EP+어/EC+키/NNG+키/XSV+ETN"
          },
          {
            "id": 3,
            "text": "2 : ** 너는 해봤나?",
            "norm_text": "** 너는 해봤나?",
            "speaker": {
              "id": "2번",
              "sex": "남성",
              "age": "30대"
            },
            "speechAct": "(지시) 질문하기",
            "morpheme": "*/SY+*/SY+너/NP+는/JX+해/VV+EC+봤/VX+EP+나/EF"
          },
          {
            "id": 4,
            "text": "1 : 아니 키키 난 공부는 혼자 하는 타입이라 키키",
            "norm_text": "아니 키키 난 공부는 혼자 하는 타입이라 키키",
            "speaker": {
              "id": "1번",
              "sex": "여성",
              "age": "30대"
            },
            "speechAct": "(단언) 진술하기",
            "morpheme": "아니키/NNP+키난/NNP+공부/NNG+는/JX+혼자/NNG+하/XSV+는/ETM+타입/NNG+이/JKS+라키/NNP+키/NNG"
          },
          {
            "id": 5,
            "text": "2 : 키키 나 학창시절 때도 스터디 같은 게 있었나? 키키",
            "norm_text": "키키 나 학창시절 때도 스터디 같은 게 있었나? 키키",
            "speaker": {
              "id": "2번",
              "sex": "남성",
              "age": "30대"
            },
            "speechAct": "(지시) 질문하기",
            "morpheme": "키/NNG+키나/XSA+ETN+JX+학창/NNG+시절/NNG+때/NNG+도/JX+스터디/NNP+같/VA+은/ETM+게/NNB+JKS+있/VA+었/EP+나/EF+키/NNG+키/XSV+ETN"
          },
          {
            "id": 6,
            "text": "1 : 키키 학교 내에서 그런 스터디들 많이 모집하고 그랬을걸?",
            "norm_text": "키키 학교 내에서 그런 스터디들 많이 모집하고 그랬을걸?",
            "speaker": {
              "id": "1번",
              "sex": "여성",
              "age": "30대"
            },
            "speechAct": "(단언) 주장하기",
            "morpheme": "키/NNG+키/NNG+학교/NNG+내/NNB+에서/JKB+그런/MM+스터디/NNP+들/XSN+많이/MAG+모집/NNG+하/XSV+고/EC+그랬/VV+EP+을걸/EF"
          },
          {
            "id": 7,
            "text": "2 : 음? 관심이 너무 없었나 봐... 키키 몰랐는데 키키",
            "norm_text": "음? 관심이 너무 없었나 봐... 키키 몰랐는데 키키",
            "speaker": {
              "id": "2번",
              "sex": "남성",
              "age": "30대"
            },
            "speechAct": "(단언) 진술하기",
            "morpheme": "음/IC+관심/NNG+이/JKS+너무/MAG+없/VA+었/EP+나/EC+봐/VX+EF+./SY+키키몰랐는데키키/UNKNOWN"
          },
          {
            "id": 8,
            "text": "1 : 키키 나는 학교 다닐 때 뭐가 그리 바빴는지 키키 학교 생활을 잘 안 해서 몰랐지 키키",
            "norm_text": "키키 나는 학교 다닐 때 뭐가 그리 바빴는지 키키 학교 생활을 잘 안 해서 몰랐지 키키",
            "speaker": {
              "id": "1번",
              "sex": "여성",
              "age": "30대"
            },
            "speechAct": "(단언) 진술하기",
            "morpheme": "키/NNG+키나/XSA+ETN+JX+는/JX+학교/NNG+다닐/VV+ETM+때/NNG+뭐/NP+가/JKS+그리/MAG+바빴/VA+EP+는지/EC+키/NNG+키/NNG+학교/NNG+생활/NNG+을/JKO+잘/MAG+안/MAG+해서/VV+EC+몰랐/VV+EP+지/EC+키/NNG+키/XSV+ETN"
          },
          {
            "id": 9,
            "text": "2 : 키키 잘하지 않았나? 개근상도 받고? 키키",
            "norm_text": "키키 잘하지 않았나? 개근상도 받고? 키키",
            "speaker": {
              "id": "2번",
              "sex": "남성",
              "age": "30대"
            },
            "speechAct": "(단언) 진술하기",
            "morpheme": "키/NNG+키/XSV+ETN+잘/MAG+하/VV+지/EC+않/VX+았/EP+나/EF+개근상/NNG+도/JX+받/VV+고/EC+?/SY+키/NNG+키/XSV+ETN"
          },
          {
            "id": 10,
            "text": "2 : 돈벌이 하고 있고 그럼 학교생활 잘한 거지 키키",
            "norm_text": "돈벌이 하고 있고 그럼 학교생활 잘한 거지 키키",
            "speaker": {
              "id": "2번",
              "sex": "남성",
              "age": "30대"
            },
            "speechAct": "(단언) 진술하기",
            "morpheme": "돈벌이/NNG+하/XSV+고/EC+있/VX+고/EC+그럼/MAJ+학교/NNG+생활/NNG+잘/MAG+한/XSA+ETM+거/NNB+지/VCP+EC+키/NNG+키/XSV+ETN"
          },
          {
            "id": 11,
            "text": "1 : 근데 애들한테 물어보니까 스터디 모임 나가서 공부는 거의 안 한다 하더라 키키",
            "norm_text": "근데 애들한테 물어보니까 스터디 모임 나가서 공부는 거의 안 한다 하더라 키키",
            "speaker": {
              "id": "1번",
              "sex": "여성",
              "age": "30대"
            },
            "speechAct": "(단언) 진술하기",
            "morpheme": "근데/MAJ+애/NNG+들/XSN+한테/JKB+물/VV+어/EC+보/VX+니까/EC+스터디/NNP+모임/NNG+나가/VV+서/EC+공부/NNG+는/JX+거의/MAG+안/MAG+한다/VV+EC+하/VV+더라/EC+키/NNG+키/XSV+ETN"
          },
          {
            "id": 12,
            "text": "2 : 그렇지 키키 진짜 공부하는 애들은 혼자 하지 키키",
            "norm_text": "그렇지 키키 진짜 공부하는 애들은 혼자 하지 키키",
            "speaker": {
              "id": "2번",
              "sex": "남성",
              "age": "30대"
            },
            "speechAct": "(단언) 진술하기",
            "morpheme": "그렇/VA+지/EC+키/NNG+키/XSV+ETN+진짜/MAG+공부/NNG+하/XSV+는/ETM+애/NNG+들/XSN+은/JX+혼자/NNG+하/XSV+지/EC+키/NNG+키/XSV+ETN"
          },
          {
            "id": 13,
            "text": "1 : 맞제? 키키 다들 그냥 인맥관리 차원에서 그런 스터디 하고 그러는 것 같다!",
            "norm_text": "맞제? 키키 다들 그냥 인맥관리 차원에서 그런 스터디 하고 그러는 것 같다!",
            "speaker": {
              "id": "1번",
              "sex": "여성",
              "age": "30대"
            },
            "speechAct": "(단언) 진술하기",
            "morpheme": "맞/VV+제/EF+키/NNG+키/VV+다/EC+들/XSN+그냥/MAG+인맥/NNG+관리/NNG+차원/NNG+에서/JKB+그런/MM+스터디/NNP+하고/JKB+그러/VV+는/ETM+것/NNB+같/VA+다/EF"
          },
          {
            "id": 14,
            "text": "2 : 그냥... 인맥관리라기보다 키키 놀려고 그러는 거지 키키",
            "norm_text": "그냥... 인맥관리라기보다 키키 놀려고 그러는 거지 키키",
            "speaker": {
              "id": "2번",
              "sex": "남성",
              "age": "30대"
            },
            "speechAct": "(단언) 주장하기",
            "morpheme": "그냥/MAG+./SY+인맥/NNG+관리/NNG+라기/VCP+ETN+보다/JKB+키/NNG+키/XSV+ETN+놀/VV+려고/EC+그러/VV+는/ETM+거/NNB+지/VCP+EC+키/NNG+키/XSV+ETN"
          },
          {
            "id": 15,
            "text": "1 : 키키 그렇지... 술 마시고 놀려고 만드는 거지 키키",
            "norm_text": "키키 그렇지... 술 마시고 놀려고 만드는 거지 키키",
            "speaker": {
              "id": "1번",
              "sex": "여성",
              "age": "30대"
            },
            "speechAct": "(단언) 주장하기",
            "morpheme": "키/NNG+키/XSV+ETN+그렇/VA+지/EF+./SY+술/NNG+마시/VV+고/EC+놀/VV+려고/EC+만드/VV+는/ETM+거/NNB+지/VCP+EC+키/NNG+키/XSV+ETN"
          },
          {
            "id": 16,
            "text": "2 : 키키 그렇지 그래도 할 사람들은 하긴 한다는데 키키",
            "norm_text": "키키 그렇지 그래도 할 사람들은 하긴 한다는데 키키",
            "speaker": {
              "id": "2번",
              "sex": "남성",
              "age": "30대"
            },
            "speechAct": "(단언) 진술하기",
            "morpheme": "키/NNG+키/XSV+ETN+그렇/VA+지/EC+그래도/VV+EC+할/VX+ETM+사람/NNG+들/XSN+은/JX+하/VV+긴/ETN+JX+한다는/VX+ETM+데/NNB+키/NNG+키/XSV+ETN"
          },
          {
            "id": 17,
            "text": "1 : 키키 응... 그런 데는 진짜 벌금도 세고 숙제도 많다더라고",
            "norm_text": "키키 응... 그런 데는 진짜 벌금도 세고 숙제도 많다더라고",
            "speaker": {
              "id": "1번",
              "sex": "여성",
              "age": "30대"
            },
            "speechAct": "(단언) 진술하기",
            "morpheme": "키/NNG+키/XSV+ETN+응/IC+./SY+그런/MM+데/NNB+는/JX+진짜/MAG+벌금/NNG+도/JX+세/VA+고/EC+숙제/NNG+도/JX+많/VA+다더라고/EC"
          },
          {
            "id": 18,
            "text": "2 : 아아~ 오우... 빡세네... 너무 하하",
            "norm_text": "아아~ 오우... 빡세네... 너무 하하",
            "speaker": {
              "id": "2번",
              "sex": "남성",
              "age": "30대"
            },
            "speechAct": "(단언) 주장하기",
            "morpheme": "아아/NNG+~/SY+오우/IC+./SY+빡세/VA+네/EF+./SY+너무/MAG+하하/MAG"
          },
          {
            "id": 19,
            "text": "2 : 진짜 하는 사람들은 따라갈 수가 없어 키키",
            "norm_text": "진짜 하는 사람들은 따라갈 수가 없어 키키",
            "speaker": {
              "id": "2번",
              "sex": "남성",
              "age": "30대"
            },
            "speechAct": "(단언) 진술하기",
            "morpheme": "진짜/NNG+하/XSV+는/ETM+사람/NNG+들/XSN+은/JX+따라갈/VV+ETM+수/NNB+가/JKS+없/VA+어/EC+키/NNG+키/XSV+ETN"
          }
        ]
      }
    }
  ]
}