{
  "dataset": {
    "identifier": 49940,
    "name": "KAKAO_976_16_set",
    "src_path": "/data/file/cubeManager/PROJECT001/53/txt20211006134533073081/KAKAO_976_16_set/",
    "label_path": "/data/file/cubeManager/PROJECT001/53/txt20211006134533073081/KAKAO_976_16_set/",
    "category": 2,
    "type": 0
  },
  "licenses": {
    "name": "Apache License 1.0",
    "url": "http://www.apache.org/licenses/LICENSE-1.0"
  },
  "info": [
    {
      "id": 43156,
      "filename": "KAKAO_976_16.txt",
      "title": "KAKAO_976_16",
      "mediatype": "SNS",
      "medianame": "카카오톡",
      "category": "일상대화",
      "date": "2021-10-06",
      "size": 438,
      "annotations": {
        "subject": "미용",
        "speaker_type": "1:1",
        "size": 438,
        "word_size": 141,
        "text": "1 : 환절기라 그런가 피부가 푸석푸석해요 키키\n2 : 아 근데 나도 좀 그런 것 같애\n1 : 오호? 환절기에 한 번씩 이래요 키키\n2 : 진짜 나도... 계절 바뀔 때면 피부가 거칠어져\n1 : 글쵸 키키 진짜 이건 다들 그런가 봐용\n2 : 키키 어쩔 수 없지 뭐... 적응하는 거겠지\n1 : 키키 동물들 허물 벗기듯이\n2 : 키키 그렇지 키키 각질 제거도 좀 해야 하는데\n1 : 키키 마스크팩도 함 하세용 키키\n2 : 키키 마스크팩은 너무 귀찮은데 휴\n1 : 키키 오빠 요즘 대세는 관리하는 남자예요!\n2 : 키키 그래도... 좀 마스크팩은 귀찮더라\n2 : 그 시간이 넘 아까워\n1 : 키키 붙여 놓고 다른 거 하면 되죠!\n2 : **가 마스크팩 하고는 누워있어야 한다고 하던데\n1 : 키키 누워서 TV 보든가 유튜브 보든가 하면 되죠 키키\n2 : 키키 그렇긴 한데... 그래 좀 그래... 그게 참... 키키",
        "lines": [
          {
            "id": 1,
            "text": "1 : 환절기라 그런가 피부가 푸석푸석해요 키키",
            "norm_text": "환절기라 그런가 피부가 푸석푸석해요 키키",
            "speaker": {
              "id": "1번",
              "sex": "여성",
              "age": "20대"
            },
            "speechAct": "(단언) 주장하기",
            "morpheme": "환절기/NNG+라/VCP+EC+그런가/VA+EC+피부/NNG+가/JKS+푸석푸석/MAG+해요/VV+EF+키/NNG+키/XSV+ETN"
          },
          {
            "id": 2,
            "text": "2 : 아 근데 나도 좀 그런 것 같애",
            "norm_text": "아 근데 나도 좀 그런 것 같애",
            "speaker": {
              "id": "2번",
              "sex": "남성",
              "age": "20대"
            },
            "speechAct": "(단언) 주장하기",
            "morpheme": "아/IC+근데/MAJ+나/NP+도/JX+좀/MAG+그런/MM+것/NNB+같/VA+애/EC"
          },
          {
            "id": 3,
            "text": "1 : 오호? 환절기에 한 번씩 이래요 키키",
            "norm_text": "오호? 환절기에 한 번씩 이래요 키키",
            "speaker": {
              "id": "1번",
              "sex": "여성",
              "age": "20대"
            },
            "speechAct": "(단언) 진술하기",
            "morpheme": "오호/IC+환절기/NNG+에/JKB+한/MM+번/NNBC+씩/XSN+이래요/VA+EC+키/NNG+키/XSV+ETN"
          },
          {
            "id": 4,
            "text": "2 : 진짜 나도... 계절 바뀔 때면 피부가 거칠어져",
            "norm_text": "진짜 나도... 계절 바뀔 때면 피부가 거칠어져",
            "speaker": {
              "id": "2번",
              "sex": "남성",
              "age": "20대"
            },
            "speechAct": "(단언) 진술하기",
            "morpheme": "진짜/MAG+나/NP+도/JX+./SY+./SY+계절/NNG+바뀔/VV+ETM+때/NNG+면/VCP+EC+피부/NNG+가/JKS+거칠어져/VV+EC"
          },
          {
            "id": 5,
            "text": "1 : 글쵸 키키 진짜 이건 다들 그런가 봐용",
            "norm_text": "글쵸 키키 진짜 이건 다들 그런가 봐용",
            "speaker": {
              "id": "1번",
              "sex": "여성",
              "age": "20대"
            },
            "speechAct": "(단언) 주장하기",
            "morpheme": "글/NNG+쵸/NNG+키/NNG+키/XSV+ETN+진짜/MAG+이건/NP+JX+다/MAG+들/XSN+그런가/VA+EC+봐/VX+EF+용/XSN"
          },
          {
            "id": 6,
            "text": "2 : 키키 어쩔 수 없지 뭐... 적응하는 거겠지",
            "norm_text": "키키 어쩔 수 없지 뭐... 적응하는 거겠지",
            "speaker": {
              "id": "2번",
              "sex": "남성",
              "age": "20대"
            },
            "speechAct": "(단언) 주장하기",
            "morpheme": "키/NNG+키/XSV+ETN+어쩔/VV+ETM+수/NNB+없/VA+지/EF+뭐/IC+./SY+적응/NNG+하/XSV+는/ETM+거/NNB+겠/VCP+EP+지/EC"
          },
          {
            "id": 7,
            "text": "1 : 키키 동물들 허물 벗기듯이",
            "norm_text": "키키 동물들 허물 벗기듯이",
            "speaker": {
              "id": "1번",
              "sex": "여성",
              "age": "20대"
            },
            "speechAct": "(단언) 주장하기",
            "morpheme": "키/NNG+키/NNG+동물/NNG+들/XSN+허물/NNG+벗기/VV+듯이/EC"
          },
          {
            "id": 8,
            "text": "2 : 키키 그렇지 키키 각질 제거도 좀 해야 하는데",
            "norm_text": "키키 그렇지 키키 각질 제거도 좀 해야 하는데",
            "speaker": {
              "id": "2번",
              "sex": "남성",
              "age": "20대"
            },
            "speechAct": "(단언) 주장하기",
            "morpheme": "키/NNG+키/XSV+ETN+그렇/VA+지/EC+키/NNG+키/NNG+각질/NNG+제거/NNG+도/JX+좀/MAG+해야/VV+EC+하/VV+는데/EC"
          },
          {
            "id": 9,
            "text": "1 : 키키 마스크팩도 함 하세용 키키",
            "norm_text": "키키 마스크팩도 함 하세용 키키",
            "speaker": {
              "id": "1번",
              "sex": "여성",
              "age": "20대"
            },
            "speechAct": "(지시) 충고/제안하기",
            "morpheme": "키/NNG+키/NNG+마스크/NNG+팩/NNG+도/JX+함하/NNG+세용/NNG+키/NNG+키/XSV+ETN"
          },
          {
            "id": 10,
            "text": "2 : 키키 마스크팩은 너무 귀찮은데 휴",
            "norm_text": "키키 마스크팩은 너무 귀찮은데 휴",
            "speaker": {
              "id": "2번",
              "sex": "남성",
              "age": "20대"
            },
            "speechAct": "(단언) 주장하기",
            "morpheme": "키/NNG+키/NNG+마스크/NNG+팩/NNG+은/JX+너무/MAG+귀찮/VA+은데/EC+휴/NNP"
          },
          {
            "id": 11,
            "text": "1 : 키키 오빠 요즘 대세는 관리하는 남자예요!",
            "norm_text": "키키 오빠 요즘 대세는 관리하는 남자예요!",
            "speaker": {
              "id": "1번",
              "sex": "여성",
              "age": "20대"
            },
            "speechAct": "(단언) 주장하기",
            "morpheme": "키/NNG+키/NNG+오빠/NNG+요즘/NNG+대세/NNG+는/JX+관리/NNG+하/XSV+는/ETM+남자/NNG+예요/VCP+EF"
          },
          {
            "id": 12,
            "text": "2 : 키키 그래도... 좀 마스크팩은 귀찮더라",
            "norm_text": "키키 그래도... 좀 마스크팩은 귀찮더라",
            "speaker": {
              "id": "2번",
              "sex": "남성",
              "age": "20대"
            },
            "speechAct": "(단언) 주장하기",
            "morpheme": "키/NNG+키/XSV+ETN+그래도/MAJ+./SY+좀/MAG+마스크/NNG+팩/NNG+은/JX+귀찮/VA+더라/EC"
          },
          {
            "id": 13,
            "text": "2 : 그 시간이 넘 아까워",
            "norm_text": "그 시간이 넘 아까워",
            "speaker": {
              "id": "2번",
              "sex": "남성",
              "age": "20대"
            },
            "speechAct": "(단언) 주장하기",
            "morpheme": "그/MM+시간/NNG+이/JKS+넘/MAG+아까워/VA+EC"
          },
          {
            "id": 14,
            "text": "1 : 키키 붙여 놓고 다른 거 하면 되죠!",
            "norm_text": "키키 붙여 놓고 다른 거 하면 되죠!",
            "speaker": {
              "id": "1번",
              "sex": "여성",
              "age": "20대"
            },
            "speechAct": "(지시) 충고/제안하기",
            "morpheme": "키/NNG+키/XSV+ETN+붙여/VV+EC+놓/VX+고/EC+다른/MM+거/NNB+하/VV+면/EC+되/VV+죠/EF"
          },
          {
            "id": 15,
            "text": "2 : **가 마스크팩 하고는 누워있어야 한다고 하던데",
            "norm_text": "**가 마스크팩 하고는 누워있어야 한다고 하던데",
            "speaker": {
              "id": "2번",
              "sex": "남성",
              "age": "20대"
            },
            "speechAct": "(단언) 진술하기",
            "morpheme": "*/SY+*/SY+가/JKS+마스크/NNG+팩/NNG+하/XSV+고는/EC+누워/VV+EC+있/VX+어야/EC+한다고/VX+EC+하/VV+던데/EC"
          },
          {
            "id": 16,
            "text": "1 : 키키 누워서 TV 보든가 유튜브 보든가 하면 되죠 키키",
            "norm_text": "키키 누워서 TV 보든가 유튜브 보든가 하면 되죠 키키",
            "speaker": {
              "id": "1번",
              "sex": "여성",
              "age": "20대"
            },
            "speechAct": "(지시) 충고/제안하기",
            "morpheme": "키/NNG+키/XSV+ETN+누워서/VV+EC+TV/SL+보/VV+든가/EC+유튜브/NNP+보/VV+든가/EC+하/VV+면/EC+되/VV+죠/EF+키/NNG+키/XSV+ETN"
          },
          {
            "id": 17,
            "text": "2 : 키키 그렇긴 한데... 그래 좀 그래... 그게 참... 키키",
            "norm_text": "키키 그렇긴 한데... 그래 좀 그래... 그게 참... 키키",
            "speaker": {
              "id": "2번",
              "sex": "남성",
              "age": "20대"
            },
            "speechAct": "(단언) 주장하기",
            "morpheme": "키/NNG+키/XSV+ETN+그렇/VA+긴/ETN+JX+한데/VX+EC+./SY+./SY+그래/IC+좀/MAG+그래/VA+EF+./SY+그게/NP+JKS+참/IC+./SY+키/NNG+키/XSV+ETN"
          }
        ]
      }
    }
  ]
}