{
  "dataset": {
    "identifier": 44794,
    "name": "KAKAO_927_03_set",
    "src_path": "/data/file/cubeManager/PROJECT001/53/txt20211005154843078628/KAKAO_927_03_set/",
    "label_path": "/data/file/cubeManager/PROJECT001/53/txt20211005154843078628/KAKAO_927_03_set/",
    "category": 2,
    "type": 0
  },
  "licenses": {
    "name": "Apache License 1.0",
    "url": "http://www.apache.org/licenses/LICENSE-1.0"
  },
  "info": [
    {
      "id": 41700,
      "filename": "KAKAO_927_03.txt",
      "title": "KAKAO_927_03",
      "mediatype": "SNS",
      "medianame": "카카오톡",
      "category": "일상대화",
      "date": "2021-10-05",
      "size": 676,
      "annotations": {
        "subject": "교통",
        "speaker_type": "1:1",
        "size": 676,
        "word_size": 225,
        "text": "1 : 1억은 누구네 집 개 이름이여 키키\n1 : 진짜 빡세 세상이...\n1 : 진짜 차 있고 집 있는 게 얼마나 대단한 건지 깨닫는다\n2 : 차 있으면 내 집 마련 더 어렵지\n2 : 차 유지비 오지잖아\n1 : 그니까 차 유지비 엄청 들더만...\n1 : 그리고 사회 초년생이라 우린 진짜 엄청 비쌀 듯\n2 : 우리 보험금만 200 넘지 않냐\n2 : 나 저번에 차 뽑을라 했는데 보험금 저래 나옴\n1 : 아 진짜 ? 너 면허는 있냐\n2 : 아니 없지 키키 이제 면허도 따고 차도 좀 어떻게 구해볼라 했는데 저래서 걍 포기함 ^^\n1 : 나도 면허도 안 따서...\n1 : 사실 차 살 걱정 전에 면허 먼저 따야 하는디 키키\n2 : 아니 보험금이 적당히 비싸야지\n2 : 면허 딸 마음도 사르륵\n2 : 근데 그냥 따둘걸 그랬어\n1 : 맞어 키키 면허 따는 것도 돈이라서 시간 지날수록 따기 싫어짐\n2 : 지금 면허 시험 개 어려워졌잖아\n1 : 아 그것도 인정... 근데 시험은 좀 어려워질 필요가 있어\n2 : 커트 라인도 올라가고 뭐도 막 추가됐다고 그러던디\n1 : 운전이 사실 진짜 위험한 거잖어...\n1 : 자격이 되는 사람들이 차를 몰아야지.\n2 : 내 친구 면허 시험 보는데 감독관이 오늘 죽는 거 아닌가 했다곸 키키\n1 : 키키 겁나 웃기넹\n1 : 면허 시험장에서 감독관님들 웃긴 썰 엄청 많던데\n2 : 맞아 애들 얘기 들어보면 웃긴 얘기들 많앜 키키",
        "lines": [
          {
            "id": 1,
            "text": "1 : 1억은 누구네 집 개 이름이여 키키",
            "norm_text": "1억은 누구네 집 개 이름이여 키키",
            "speaker": {
              "id": "1번",
              "sex": "여성",
              "age": "20대"
            },
            "speechAct": "(단언) 주장하기",
            "morpheme": "1/SN+억/NR+은/JX+누구/NP+네/XSN+집개/NNG+이름/NNG+이/VCP+여/EC+키/NNG+키/XSV+ETN"
          },
          {
            "id": 2,
            "text": "1 : 진짜 빡세 세상이...",
            "norm_text": "진짜 빡세 세상이...",
            "speaker": {
              "id": "1번",
              "sex": "여성",
              "age": "20대"
            },
            "speechAct": "(단언) 주장하기",
            "morpheme": "진짜/MAG+빡세/VA+EC+세상/NNG+이/JKS+./SY+./SY"
          },
          {
            "id": 3,
            "text": "1 : 진짜 차 있고 집 있는 게 얼마나 대단한 건지 깨닫는다",
            "norm_text": "진짜 차 있고 집 있는 게 얼마나 대단한 건지 깨닫는다",
            "speaker": {
              "id": "1번",
              "sex": "여성",
              "age": "20대"
            },
            "speechAct": "(단언) 주장하기",
            "morpheme": "진짜/MAG+차/VV+EC+있/VX+고/EC+집/NNG+있/VA+는/ETM+게/NNB+JKS+얼마나/MAG+대단/XR+한/XSA+ETM+건지/NNB+VCP+EC+깨닫/VV+는다/EC"
          },
          {
            "id": 4,
            "text": "2 : 차 있으면 내 집 마련 더 어렵지",
            "norm_text": "차 있으면 내 집 마련 더 어렵지",
            "speaker": {
              "id": "2번",
              "sex": "여성",
              "age": "20대"
            },
            "speechAct": "(단언) 주장하기",
            "morpheme": "차/NNG+있/VV+으면/EC+내/NP+JKG+집/NNG+마련/NNG+더/MAG+어렵/VA+지/EC"
          },
          {
            "id": 5,
            "text": "2 : 차 유지비 오지잖아",
            "norm_text": "차 유지비 오지잖아",
            "speaker": {
              "id": "2번",
              "sex": "여성",
              "age": "20대"
            },
            "speechAct": "(단언) 진술하기",
            "morpheme": "차/NNG+유지비/NNG+오지/VV+잖아/EC"
          },
          {
            "id": 6,
            "text": "1 : 그니까 차 유지비 엄청 들더만...",
            "norm_text": "그니까 차 유지비 엄청 들더만...",
            "speaker": {
              "id": "1번",
              "sex": "여성",
              "age": "20대"
            },
            "speechAct": "(단언) 주장하기",
            "morpheme": "그니까/MAJ+차/NNG+유지비/NNG+엄청/MAG+들/VV+더만/EF+./SY"
          },
          {
            "id": 7,
            "text": "1 : 그리고 사회 초년생이라 우린 진짜 엄청 비쌀 듯",
            "norm_text": "그리고 사회 초년생이라 우린 진짜 엄청 비쌀 듯",
            "speaker": {
              "id": "1번",
              "sex": "여성",
              "age": "20대"
            },
            "speechAct": "(단언) 주장하기",
            "morpheme": "그리고/MAJ+사회/NNG+초년생/NNG+이/VCP+라/EC+우린/NP+JX+진짜/MAG+엄청/MAG+비쌀/VA+ETM+듯/NNB"
          },
          {
            "id": 8,
            "text": "2 : 우리 보험금만 200 넘지 않냐",
            "norm_text": "우리 보험금만 200 넘지 않냐",
            "speaker": {
              "id": "2번",
              "sex": "여성",
              "age": "20대"
            },
            "speechAct": "(단언) 진술하기",
            "morpheme": "우리/NP+보험금/NNG+만/JX+200/SN+넘/VV+지/EC+않/VX+냐/EC"
          },
          {
            "id": 9,
            "text": "2 : 나 저번에 차 뽑을라 했는데 보험금 저래 나옴",
            "norm_text": "나 저번에 차 뽑을라 했는데 보험금 저래 나옴",
            "speaker": {
              "id": "2번",
              "sex": "여성",
              "age": "20대"
            },
            "speechAct": "(단언) 진술하기",
            "morpheme": "나/NP+저번/NNG+에/JKB+차/NNG+뽑/VV+을라/EC+했/VX+EP+는데/EC+보험금/NNG+저래/VV+EC+VX+EC+나옴/VV+EC"
          },
          {
            "id": 10,
            "text": "1 : 아 진짜 ? 너 면허는 있냐",
            "norm_text": "아 진짜 ? 너 면허는 있냐",
            "speaker": {
              "id": "1번",
              "sex": "여성",
              "age": "20대"
            },
            "speechAct": "(지시) 질문하기",
            "morpheme": "아/IC+진짜/MAG+너/NP+면허/NNG+는/JX+있/VX+냐/EC"
          },
          {
            "id": 11,
            "text": "2 : 아니 없지 키키 이제 면허도 따고 차도 좀 어떻게 구해볼라 했는데 저래서 걍 포기함 ^^",
            "norm_text": "아니 없지 키키 이제 면허도 따고 차도 좀 어떻게 구해볼라 했는데 저래서 걍 포기함 ^^",
            "speaker": {
              "id": "2번",
              "sex": "여성",
              "age": "20대"
            },
            "speechAct": "(단언) 주장하기",
            "morpheme": "아니/IC+없/VA+지/EC+키/NNG+키/NNG+이제/MAG+면허/NNG+도/JX+따/VV+고/EC+차/NNG+도/JX+좀/MAG+어떻게/MAG+구해/VV+EC+볼라/VX+EC+했/VX+EP+는데/EC+저래/VV+EC+VX+EC+서걍/UNKNOWN+포기/NNG+함/XSV+ETN+^/SY+^/SY"
          },
          {
            "id": 12,
            "text": "1 : 나도 면허도 안 따서...",
            "norm_text": "나도 면허도 안 따서...",
            "speaker": {
              "id": "1번",
              "sex": "여성",
              "age": "20대"
            },
            "speechAct": "(단언) 주장하기",
            "morpheme": "나/NP+도/JX+면허/NNG+도/JX+안/MAG+따/VV+서/EC+./SY+./SY"
          },
          {
            "id": 13,
            "text": "1 : 사실 차 살 걱정 전에 면허 먼저 따야 하는디 키키",
            "norm_text": "사실 차 살 걱정 전에 면허 먼저 따야 하는디 키키",
            "speaker": {
              "id": "1번",
              "sex": "여성",
              "age": "20대"
            },
            "speechAct": "(단언) 주장하기",
            "morpheme": "사실/MAG+차/NNG+살/VV+ETM+걱정/NNG+전/NNG+에/JKB+면허/NNG+먼저/MAG+따/VV+야/EC+하/VV+는/ETM+디키/NNG+키/XSV+ETN"
          },
          {
            "id": 14,
            "text": "2 : 아니 보험금이 적당히 비싸야지",
            "norm_text": "아니 보험금이 적당히 비싸야지",
            "speaker": {
              "id": "2번",
              "sex": "여성",
              "age": "20대"
            },
            "speechAct": "(단언) 주장하기",
            "morpheme": "아니/IC+보험금/NNG+이/JKS+적당히/MAG+비싸/VA+야지/EC"
          },
          {
            "id": 15,
            "text": "2 : 면허 딸 마음도 사르륵",
            "norm_text": "면허 딸 마음도 사르륵",
            "speaker": {
              "id": "2번",
              "sex": "여성",
              "age": "20대"
            },
            "speechAct": "(단언) 주장하기",
            "morpheme": "면허/NNG+딸/NNG+마음/NNG+도/JX+사르륵/MAG"
          },
          {
            "id": 16,
            "text": "2 : 근데 그냥 따둘걸 그랬어",
            "norm_text": "근데 그냥 따둘걸 그랬어",
            "speaker": {
              "id": "2번",
              "sex": "여성",
              "age": "20대"
            },
            "speechAct": "(단언) 주장하기",
            "morpheme": "근데/MAJ+그냥/MAG+따/VV+EC+둘/VX+ETM+걸/NNB+JKO+그랬/VV+EP+어/EC"
          },
          {
            "id": 17,
            "text": "1 : 맞어 키키 면허 따는 것도 돈이라서 시간 지날수록 따기 싫어짐",
            "norm_text": "맞어 키키 면허 따는 것도 돈이라서 시간 지날수록 따기 싫어짐",
            "speaker": {
              "id": "1번",
              "sex": "여성",
              "age": "20대"
            },
            "speechAct": "(단언) 주장하기",
            "morpheme": "맞/VV+어/EC+키/NNG+키/NNG+면허/NNG+따/VV+는/ETM+것/NNB+도/JX+돈/NNG+이/VCP+라서/EC+시간/NNG+지날수록/VV+EC+따/VV+기/ETN+싫/VA+어/EC+짐/NNG"
          },
          {
            "id": 18,
            "text": "2 : 지금 면허 시험 개 어려워졌잖아",
            "norm_text": "지금 면허 시험 개 어려워졌잖아",
            "speaker": {
              "id": "2번",
              "sex": "여성",
              "age": "20대"
            },
            "speechAct": "(단언) 주장하기",
            "morpheme": "지금/MAG+면허/NNG+시험/NNG+개/NNBC+어려워졌/VA+EC+VX+EP+잖아/EC"
          },
          {
            "id": 19,
            "text": "1 : 아 그것도 인정... 근데 시험은 좀 어려워질 필요가 있어",
            "norm_text": "아 그것도 인정... 근데 시험은 좀 어려워질 필요가 있어",
            "speaker": {
              "id": "1번",
              "sex": "여성",
              "age": "20대"
            },
            "speechAct": "(단언) 주장하기",
            "morpheme": "아/IC+그것/NP+도/JX+인정/NNG+./SY+./SY+근데/MAJ+시험/NNG+은/JX+좀/MAG+어려워질/VA+EC+VX+ETM+필요/NNG+가/JKS+있/VA+어/EC"
          },
          {
            "id": 20,
            "text": "2 : 커트 라인도 올라가고 뭐도 막 추가됐다고 그러던디",
            "norm_text": "커트 라인도 올라가고 뭐도 막 추가됐다고 그러던디",
            "speaker": {
              "id": "2번",
              "sex": "여성",
              "age": "20대"
            },
            "speechAct": "(단언) 주장하기",
            "morpheme": "커트라인/NNG+도/JX+올라가/VV+고/EC+뭐/IC+도막/NNG+추가/NNG+됐/XSV+EP+다고/EC+그러/VV+던디/EC"
          },
          {
            "id": 21,
            "text": "1 : 운전이 사실 진짜 위험한 거잖어...",
            "norm_text": "운전이 사실 진짜 위험한 거잖어...",
            "speaker": {
              "id": "1번",
              "sex": "여성",
              "age": "20대"
            },
            "speechAct": "(단언) 주장하기",
            "morpheme": "운전/NNG+이/JKS+사실/MAG+진짜/MAG+위험/NNG+한/XSA+ETM+거/NNB+VCP+잖어/EF+./SY"
          },
          {
            "id": 22,
            "text": "1 : 자격이 되는 사람들이 차를 몰아야지.",
            "norm_text": "자격이 되는 사람들이 차를 몰아야지.",
            "speaker": {
              "id": "1번",
              "sex": "여성",
              "age": "20대"
            },
            "speechAct": "(단언) 주장하기",
            "morpheme": "자격/NNG+이/JKS+되/VV+는/ETM+사람/NNG+들/XSN+이/JKS+차/NNG+를/JKO+몰/VV+아야지/EF"
          },
          {
            "id": 23,
            "text": "2 : 내 친구 면허 시험 보는데 감독관이 오늘 죽는 거 아닌가 했다곸 키키",
            "norm_text": "내 친구 면허 시험 보는데 감독관이 오늘 죽는 거 아닌가 했다곸 키키",
            "speaker": {
              "id": "2번",
              "sex": "여성",
              "age": "20대"
            },
            "speechAct": "(단언) 주장하기",
            "morpheme": "내/NP+JKG+친구/NNG+면허/NNG+시험/NNG+보/VV+는데/EC+감독관/NNG+이/JKS+오늘/MAG+죽/VV+는/ETM+거/NNB+아닌가/VCN+EC+했/VX+EP+다/EF+곸키/UNKNOWN+키/NNG"
          },
          {
            "id": 24,
            "text": "1 : 키키 겁나 웃기넹",
            "norm_text": "키키 겁나 웃기넹",
            "speaker": {
              "id": "1번",
              "sex": "여성",
              "age": "20대"
            },
            "speechAct": "턴토크 사인(관습적 반응)",
            "morpheme": "키키겁나웃기넹/UNKNOWN"
          },
          {
            "id": 25,
            "text": "1 : 면허 시험장에서 감독관님들 웃긴 썰 엄청 많던데",
            "norm_text": "면허 시험장에서 감독관님들 웃긴 썰 엄청 많던데",
            "speaker": {
              "id": "1번",
              "sex": "여성",
              "age": "20대"
            },
            "speechAct": "(단언) 주장하기",
            "morpheme": "면허/NNG+시험장/NNG+에서/JKB+감독관/NNG+님/XSN+들/XSN+웃/VV+긴/ETN+JX+썰/VV+ETM+엄청/MAG+많/VA+던데/EC"
          },
          {
            "id": 26,
            "text": "2 : 맞아 애들 얘기 들어보면 웃긴 얘기들 많앜 키키",
            "norm_text": "맞아 애들 얘기 들어보면 웃긴 얘기들 많앜 키키",
            "speaker": {
              "id": "2번",
              "sex": "여성",
              "age": "20대"
            },
            "speechAct": "(단언) 주장하기",
            "morpheme": "맞/VV+아/EC+애/NNG+들/XSN+얘기/NNG+들/VV+어/EC+보/VX+면/EC+웃긴/VV+ETM+얘기/NNG+들/XSN+많앜/UNKNOWN+키/NNG+키/XSV+ETN"
          }
        ]
      }
    }
  ]
}