{
  "dataset": {
    "identifier": 44970,
    "name": "KAKAO_942_11_set",
    "src_path": "/data/file/cubeManager/PROJECT001/53/txt20211005161523082528/KAKAO_942_11_set/",
    "label_path": "/data/file/cubeManager/PROJECT001/53/txt20211005161523082528/KAKAO_942_11_set/",
    "category": 2,
    "type": 0
  },
  "licenses": {
    "name": "Apache License 1.0",
    "url": "http://www.apache.org/licenses/LICENSE-1.0"
  },
  "info": [
    {
      "id": 42088,
      "filename": "KAKAO_942_11.txt",
      "title": "KAKAO_942_11",
      "mediatype": "SNS",
      "medianame": "카카오톡",
      "category": "일상대화",
      "date": "2021-10-05",
      "size": 486,
      "annotations": {
        "subject": "게임",
        "speaker_type": "1:1",
        "size": 486,
        "word_size": 157,
        "text": "1 : 난 꼬마 때 오락실 가는 것도 좋아했는데\n2 : 키키 오락실 재밌지...\n2 : 우리 그때 같이 vr 한 거 생각난다\n1 : 맞아 키키 VR 은근 실감나서 무서워 키키\n2 : 오락실에서 엄청 소리 질렀잖아 ㅋ 다들 쳐다보고\n1 : 아니 둘러보는데 진짜 바닥이 ㅠㅠ\n2 : 나 그때 좀 무서워서 다시는 못하고 있어\n1 : 그렇게까지 현실감 있을지 몰랐어 키키\n2 : 그러니까. 키키\n2 : 요즘은 집에서도 VR 많이 하더라\n1 : 그거 귀신의 집도 VR 있던데? 서면 **에\n2 : 와우... 키키 넘 무서운데,... 재밌을라나\n1 : 아마 심장이 남아나질 않겠지\n2 : 키키 중간에 혼자 벗어버릴 듯. 키키\n2 : 그러고 옆사람 구경\n1 : 무슨 비행기 게임도 VR있는데 360도 회전해서 토할 뻔\n2 : 와. 사람이 진짜 신기한 게 거짓인 거 알면서도 무섭잖아\n1 : 내 말이 키키\n1 : **에 VR 신기한 거 엄청 많더라 키키 카누 카약 이런 것도 있고\n2 : 카누 카약은 좀 해보고 싶다.",
        "lines": [
          {
            "id": 1,
            "text": "1 : 난 꼬마 때 오락실 가는 것도 좋아했는데",
            "norm_text": "난 꼬마 때 오락실 가는 것도 좋아했는데",
            "speaker": {
              "id": "1번",
              "sex": "여성",
              "age": "30대"
            },
            "speechAct": "(단언) 진술하기",
            "morpheme": "난/NP+JX+꼬마/NNG+때/NNG+오락실/NNG+가/VV+는/ETM+것/NNB+도/JX+좋/VA+아/EC+했/VX+EP+는데/EC"
          },
          {
            "id": 2,
            "text": "2 : 키키 오락실 재밌지...",
            "norm_text": "키키 오락실 재밌지...",
            "speaker": {
              "id": "2번",
              "sex": "여성",
              "age": "30대"
            },
            "speechAct": "(단언) 주장하기",
            "morpheme": "키/NNG+키/NNG+오락실/NNG+재밌/VA+지/EF+./SY"
          },
          {
            "id": 3,
            "text": "2 : 우리 그때 같이 vr 한 거 생각난다",
            "norm_text": "우리 그때 같이 vr 한 거 생각난다",
            "speaker": {
              "id": "2번",
              "sex": "여성",
              "age": "30대"
            },
            "speechAct": "(단언) 주장하기",
            "morpheme": "우리/NP+그때/NNG+같이/JKB+vr/SL+한/XSA+ETM+거/NNB+생각난다/VV+EC"
          },
          {
            "id": 4,
            "text": "1 : 맞아 키키 VR 은근 실감나서 무서워 키키",
            "norm_text": "맞아 키키 VR 은근 실감나서 무서워 키키",
            "speaker": {
              "id": "1번",
              "sex": "여성",
              "age": "30대"
            },
            "speechAct": "(단언) 주장하기",
            "morpheme": "맞/VV+아/EC+키/NNG+키/XSV+ETN+VR/SL+은/JX+근실/NNG+감/XSN+나/NP+서/JKB+무서워/VA+EC+키/NNG+키/XSV+ETN"
          },
          {
            "id": 5,
            "text": "2 : 오락실에서 엄청 소리 질렀잖아 ㅋ 다들 쳐다보고",
            "norm_text": "오락실에서 엄청 소리 질렀잖아 ㅋ 다들 쳐다보고",
            "speaker": {
              "id": "2번",
              "sex": "여성",
              "age": "30대"
            },
            "speechAct": "(단언) 진술하기",
            "morpheme": "오락실/NNG+에서/JKB+엄청/MAG+소리/NNG+질렀/VV+EP+잖아/EF+ㅋ다/UNKNOWN+들/XSN+쳐다보/VV+고/EC"
          },
          {
            "id": 6,
            "text": "1 : 아니 둘러보는데 진짜 바닥이 ㅠㅠ",
            "norm_text": "아니 둘러보는데 진짜 바닥이 ㅠㅠ",
            "speaker": {
              "id": "1번",
              "sex": "여성",
              "age": "30대"
            },
            "speechAct": "(단언) 진술하기",
            "morpheme": "아니/MAG+둘러보/VV+는데/EC+진짜/MAG+바닥/NNG+이/JKS+ㅠㅠ/UNKNOWN"
          },
          {
            "id": 7,
            "text": "2 : 나 그때 좀 무서워서 다시는 못하고 있어",
            "norm_text": "나 그때 좀 무서워서 다시는 못하고 있어",
            "speaker": {
              "id": "2번",
              "sex": "여성",
              "age": "30대"
            },
            "speechAct": "(단언) 진술하기",
            "morpheme": "나/NP+그때/NNG+좀/MAG+무서워서/VA+EC+다시/MAG+는/JX+못하/VX+고/EC+있/VX+어/EC"
          },
          {
            "id": 8,
            "text": "1 : 그렇게까지 현실감 있을지 몰랐어 키키",
            "norm_text": "그렇게까지 현실감 있을지 몰랐어 키키",
            "speaker": {
              "id": "1번",
              "sex": "여성",
              "age": "30대"
            },
            "speechAct": "(단언) 주장하기",
            "morpheme": "그렇게/MAG+까지/JX+현실/NNG+감/XSN+있/VA+을지/EC+몰랐/VV+EP+어/EC+키/NNG+키/XSV+ETN"
          },
          {
            "id": 9,
            "text": "2 : 그러니까. 키키",
            "norm_text": "그러니까. 키키",
            "speaker": {
              "id": "2번",
              "sex": "여성",
              "age": "30대"
            },
            "speechAct": "(단언) 주장하기",
            "morpheme": "그러니까/MAJ+키/NNG+키/XSV+ETN"
          },
          {
            "id": 10,
            "text": "2 : 요즘은 집에서도 VR 많이 하더라",
            "norm_text": "요즘은 집에서도 VR 많이 하더라",
            "speaker": {
              "id": "2번",
              "sex": "여성",
              "age": "30대"
            },
            "speechAct": "(단언) 진술하기",
            "morpheme": "요즘/NNG+은/JX+집/NNG+에서/JKB+도/JX+VR/SL+많이/MAG+하/VV+더라/EC"
          },
          {
            "id": 11,
            "text": "1 : 그거 귀신의 집도 VR 있던데? 서면 **에",
            "norm_text": "그거 귀신의 집도 VR 있던데? 서면 **에",
            "speaker": {
              "id": "1번",
              "sex": "여성",
              "age": "30대"
            },
            "speechAct": "(단언) 진술하기",
            "morpheme": "그거/NP+귀신/NNG+의/JKG+집/NNG+도/JX+VR/SL+있/VA+던데/EF+서/VV+면/EC+*/SY+*/SY+에/JKB"
          },
          {
            "id": 12,
            "text": "2 : 와우... 키키 넘 무서운데,... 재밌을라나",
            "norm_text": "와우... 키키 넘 무서운데,... 재밌을라나",
            "speaker": {
              "id": "2번",
              "sex": "여성",
              "age": "30대"
            },
            "speechAct": "(단언) 주장하기",
            "morpheme": "와우/IC+./SY+키키넘무서운데/UNKNOWN+,/SC+./SY+./SY+재밌/VA+을라나/EF"
          },
          {
            "id": 13,
            "text": "1 : 아마 심장이 남아나질 않겠지",
            "norm_text": "아마 심장이 남아나질 않겠지",
            "speaker": {
              "id": "1번",
              "sex": "여성",
              "age": "30대"
            },
            "speechAct": "(단언) 주장하기",
            "morpheme": "아마/MAG+심장/NNG+이/JKS+남아나/VV+질/EC+JX+않/VX+겠/EP+지/EC"
          },
          {
            "id": 14,
            "text": "2 : 키키 중간에 혼자 벗어버릴 듯. 키키",
            "norm_text": "키키 중간에 혼자 벗어버릴 듯. 키키",
            "speaker": {
              "id": "2번",
              "sex": "여성",
              "age": "30대"
            },
            "speechAct": "(단언) 주장하기",
            "morpheme": "키/NNG+키/NNG+중간/NNG+에/JKB+혼자/MAG+벗/VV+어/EC+버릴/VX+ETM+듯/NNB+키/NNG+키/XSV+ETN"
          },
          {
            "id": 15,
            "text": "2 : 그러고 옆사람 구경",
            "norm_text": "그러고 옆사람 구경",
            "speaker": {
              "id": "2번",
              "sex": "여성",
              "age": "30대"
            },
            "speechAct": "(단언) 주장하기",
            "morpheme": "그러고/MAJ+옆/NNG+사람/NNG+구경/NNG"
          },
          {
            "id": 16,
            "text": "1 : 무슨 비행기 게임도 VR있는데 360도 회전해서 토할 뻔",
            "norm_text": "무슨 비행기 게임도 VR있는데 360도 회전해서 토할 뻔",
            "speaker": {
              "id": "1번",
              "sex": "여성",
              "age": "30대"
            },
            "speechAct": "(단언) 진술하기",
            "morpheme": "무슨/MM+비행기/NNG+게임/NNG+도/JX+VR/SL+있/VV+는데/EC+360/SN+도/NNBC+회전/NNG+해서/XSV+EC+토할/VV+ETM+뻔/NNB"
          },
          {
            "id": 17,
            "text": "2 : 와. 사람이 진짜 신기한 게 거짓인 거 알면서도 무섭잖아",
            "norm_text": "와. 사람이 진짜 신기한 게 거짓인 거 알면서도 무섭잖아",
            "speaker": {
              "id": "2번",
              "sex": "여성",
              "age": "30대"
            },
            "speechAct": "(단언) 주장하기",
            "morpheme": "와/IC+사람/NNG+이/JKS+진짜/MAG+신기/XR+한/XSA+ETM+게/NNB+JKS+거짓/NNG+인/VCP+ETM+거/NNB+알/VV+면서/EC+도/JX+무섭/VA+잖아/EC"
          },
          {
            "id": 18,
            "text": "1 : 내 말이 키키",
            "norm_text": "내 말이 키키",
            "speaker": {
              "id": "1번",
              "sex": "여성",
              "age": "30대"
            },
            "speechAct": "(단언) 주장하기",
            "morpheme": "내말이/NP+JKG+NNG+JKS+키/NNG+키/XSV+ETN"
          },
          {
            "id": 19,
            "text": "1 : **에 VR 신기한 거 엄청 많더라 키키 카누 카약 이런 것도 있고",
            "norm_text": "**에 VR 신기한 거 엄청 많더라 키키 카누 카약 이런 것도 있고",
            "speaker": {
              "id": "1번",
              "sex": "여성",
              "age": "30대"
            },
            "speechAct": "(단언) 주장하기",
            "morpheme": "*/SY+*/SY+에/JKB+VR/SL+신기/XR+한/XSA+ETM+거/NNB+엄청/MAG+많/VA+더라/EC+키/NNG+키/NNG+카누/NNG+카약/NNG+이런/MM+것/NNB+도/JX+있/VA+고/EC"
          },
          {
            "id": 20,
            "text": "2 : 카누 카약은 좀 해보고 싶다.",
            "norm_text": "카누 카약은 좀 해보고 싶다.",
            "speaker": {
              "id": "2번",
              "sex": "여성",
              "age": "30대"
            },
            "speechAct": "(단언) 주장하기",
            "morpheme": "카누/NNG+카약/NNG+은/JX+좀/MAG+해/VV+EC+보/VX+고/EC+싶/VX+다/EF"
          }
        ]
      }
    }
  ]
}