{
  "dataset": {
    "identifier": 50925,
    "name": "KAKAO_985_09_set",
    "src_path": "/data/file/cubeManager/PROJECT001/53/txt20211006140111081640/KAKAO_985_09_set/",
    "label_path": "/data/file/cubeManager/PROJECT001/53/txt20211006140111081640/KAKAO_985_09_set/",
    "category": 2,
    "type": 0
  },
  "licenses": {
    "name": "Apache License 1.0",
    "url": "http://www.apache.org/licenses/LICENSE-1.0"
  },
  "info": [
    {
      "id": 45200,
      "filename": "KAKAO_985_09.txt",
      "title": "KAKAO_985_09",
      "mediatype": "SNS",
      "medianame": "카카오톡",
      "category": "일상대화",
      "date": "2021-10-06",
      "size": 420,
      "annotations": {
        "subject": "반려동물",
        "speaker_type": "1:1",
        "size": 420,
        "word_size": 131,
        "text": "1 : 어렸을 때 햄스터 키워봤어?\n2 : 햄스터는 마트에서 보기만 키키 키워봤어?\n1 : 아니 키키 쥐과 동물 별로 안 좋아해 키키\n2 : 나는 키워본 동물은 금붕어가 끝 키키\n1 : 오호 키키 물고기 키워봤구나 키키\n2 : 햄스터 만지면 부서질 거 같애 ㅠㅠ 키키\n1 : 키키 걔들 자기 새끼 잡아먹잖아 키키\n2 : 내 친구는 최근에 물고기 키웠는데 예쁘긴 예쁘더라\n1 : 환경이 불안하다 느끼면 잡아먹는다 하더라고 키키\n2 : 그러게 관리를 열심히 해야겠다\n1 : 키키 물고기 키우는 사람들 물멍 좋아하더라 키키\n2 : 화분 예쁘게 꾸며서 물멍하면 좋을 듯! 인테리어도 되고\n1 : 그렇지 키키 물고기도 돈 많이 들어가더라 키키\n2 : 니모가 예쁜데 키우기 까다롭대\n1 : 걔는 열대어지? 키키\n1 : 열대어 키우기 겁나 힘들대\n2 : 물도 맞춰줘야 되고 온도도 맞춰야 된대",
        "lines": [
          {
            "id": 1,
            "text": "1 : 어렸을 때 햄스터 키워봤어?",
            "norm_text": "어렸을 때 햄스터 키워봤어?",
            "speaker": {
              "id": "1번",
              "sex": "여성",
              "age": "20대"
            },
            "speechAct": "(지시) 질문하기",
            "morpheme": "어렸/VA+EP+을/ETM+때/NNG+햄스터/NNG+키워/VV+EC+봤/VX+EP+어/EF"
          },
          {
            "id": 2,
            "text": "2 : 햄스터는 마트에서 보기만 키키 키워봤어?",
            "norm_text": "햄스터는 마트에서 보기만 키키 키워봤어?",
            "speaker": {
              "id": "2번",
              "sex": "여성",
              "age": "30대"
            },
            "speechAct": "(지시) 질문하기",
            "morpheme": "햄스터/NNG+는/JX+마트/NNG+에서/JKB+보/VV+기/ETN+만/JX+키/NNG+키/XSV+ETN+키워/VV+EC+봤/VX+EP+어/EF"
          },
          {
            "id": 3,
            "text": "1 : 아니 키키 쥐과 동물 별로 안 좋아해 키키",
            "norm_text": "아니 키키 쥐과 동물 별로 안 좋아해 키키",
            "speaker": {
              "id": "1번",
              "sex": "여성",
              "age": "20대"
            },
            "speechAct": "(단언) 주장하기",
            "morpheme": "아니/IC+키키/NNP+쥐과/NNP+동물/NNG+별로/MAG+안/MAG+좋아해/VV+EC+키/NNG+키/XSV+ETN"
          },
          {
            "id": 4,
            "text": "2 : 나는 키워본 동물은 금붕어가 끝 키키",
            "norm_text": "나는 키워본 동물은 금붕어가 끝 키키",
            "speaker": {
              "id": "2번",
              "sex": "여성",
              "age": "30대"
            },
            "speechAct": "(단언) 주장하기",
            "morpheme": "나/NP+는/JX+키워본/VV+EC+VX+ETM+동물/NNG+은/JX+금붕어/NNG+가/JKS+끝/NNG+키/NNG+키/XSV+ETN"
          },
          {
            "id": 5,
            "text": "1 : 오호 키키 물고기 키워봤구나 키키",
            "norm_text": "오호 키키 물고기 키워봤구나 키키",
            "speaker": {
              "id": "1번",
              "sex": "여성",
              "age": "20대"
            },
            "speechAct": "(단언) 주장하기",
            "morpheme": "오호/IC+키/NNG+키/NNG+물고기/NNG+키워/VV+EC+봤/VX+EP+구나/EF+키/NNG+키/XSV+ETN"
          },
          {
            "id": 6,
            "text": "2 : 햄스터 만지면 부서질 거 같애 ㅠㅠ 키키",
            "norm_text": "햄스터 만지면 부서질 거 같애 ㅠㅠ 키키",
            "speaker": {
              "id": "2번",
              "sex": "여성",
              "age": "30대"
            },
            "speechAct": "(단언) 주장하기",
            "morpheme": "햄스터/NNG+만/JX+지/VX+면/EC+부서질/VV+ETM+거/NNB+같/VA+애/EF+ㅠㅠ/UNKNOWN+키/NNG+키/XSV+ETN"
          },
          {
            "id": 7,
            "text": "1 : 키키 걔들 자기 새끼 잡아먹잖아 키키",
            "norm_text": "키키 걔들 자기 새끼 잡아먹잖아 키키",
            "speaker": {
              "id": "1번",
              "sex": "여성",
              "age": "20대"
            },
            "speechAct": "(단언) 진술하기",
            "morpheme": "키/NNG+키/XSV+ETN+걔/NP+들/XSN+자기/NP+새끼/NNG+잡아먹/VV+잖아/EC+키/NNG+키/XSV+ETN"
          },
          {
            "id": 8,
            "text": "2 : 내 친구는 최근에 물고기 키웠는데 예쁘긴 예쁘더라",
            "norm_text": "내 친구는 최근에 물고기 키웠는데 예쁘긴 예쁘더라",
            "speaker": {
              "id": "2번",
              "sex": "여성",
              "age": "30대"
            },
            "speechAct": "(단언) 주장하기",
            "morpheme": "내/NP+JKG+친구/NNG+는/JX+최근/NNG+에/JKB+물고기/NNG+키웠/VV+EP+는데/EC+예쁘/VA+긴/ETN+JX+예쁘/VA+더라/EC"
          },
          {
            "id": 9,
            "text": "1 : 환경이 불안하다 느끼면 잡아먹는다 하더라고 키키",
            "norm_text": "환경이 불안하다 느끼면 잡아먹는다 하더라고 키키",
            "speaker": {
              "id": "1번",
              "sex": "여성",
              "age": "20대"
            },
            "speechAct": "(단언) 진술하기",
            "morpheme": "환경/NNG+이/JKS+불안/NNG+하/XSV+다/EC+느끼/VV+면/EC+잡아먹/VV+는다/EC+하/VV+더라고/EC+키/NNG+키/XSV+ETN"
          },
          {
            "id": 10,
            "text": "2 : 그러게 관리를 열심히 해야겠다",
            "norm_text": "그러게 관리를 열심히 해야겠다",
            "speaker": {
              "id": "2번",
              "sex": "여성",
              "age": "30대"
            },
            "speechAct": "(단언) 주장하기",
            "morpheme": "그러/VV+게/EC+관리/NNG+를/JKO+열심히/MAG+해야/VV+EC+VX+겠/EP+다/EC"
          },
          {
            "id": 11,
            "text": "1 : 키키 물고기 키우는 사람들 물멍 좋아하더라 키키",
            "norm_text": "키키 물고기 키우는 사람들 물멍 좋아하더라 키키",
            "speaker": {
              "id": "1번",
              "sex": "여성",
              "age": "20대"
            },
            "speechAct": "(단언) 진술하기",
            "morpheme": "키/NNG+키/NNG+물고기/NNG+키우/VV+는/ETM+사람/NNG+들/XSN+물/VV+멍/EC+좋/VA+아/EC+하/VV+더라/EC+키/NNG+키/XSV+ETN"
          },
          {
            "id": 12,
            "text": "2 : 화분 예쁘게 꾸며서 물멍하면 좋을 듯! 인테리어도 되고",
            "norm_text": "화분 예쁘게 꾸며서 물멍하면 좋을 듯! 인테리어도 되고",
            "speaker": {
              "id": "2번",
              "sex": "여성",
              "age": "30대"
            },
            "speechAct": "(단언) 주장하기",
            "morpheme": "화분/NNG+예쁘/VA+게/EC+꾸며서/VV+EC+물/VV+멍/EC+하/VV+면/EC+좋/VA+을/ETM+듯/NNB+인테리어/NNG+도/JX+되/VV+고/EC"
          },
          {
            "id": 13,
            "text": "1 : 그렇지 키키 물고기도 돈 많이 들어가더라 키키",
            "norm_text": "그렇지 키키 물고기도 돈 많이 들어가더라 키키",
            "speaker": {
              "id": "1번",
              "sex": "여성",
              "age": "20대"
            },
            "speechAct": "(단언) 진술하기",
            "morpheme": "그렇/VA+지/EC+키/NNG+키/NNG+물고기/NNG+도/JX+돈/NNG+많이/MAG+들어가/VV+더라/EC+키/NNG+키/XSV+ETN"
          },
          {
            "id": 14,
            "text": "2 : 니모가 예쁜데 키우기 까다롭대",
            "norm_text": "니모가 예쁜데 키우기 까다롭대",
            "speaker": {
              "id": "2번",
              "sex": "여성",
              "age": "30대"
            },
            "speechAct": "(단언) 진술하기",
            "morpheme": "니모/NNP+가/JKS+예쁜/VA+ETM+데/NNB+키우/VV+기/ETN+까다롭/VA+대/EC"
          },
          {
            "id": 15,
            "text": "1 : 걔는 열대어지? 키키",
            "norm_text": "걔는 열대어지? 키키",
            "speaker": {
              "id": "1번",
              "sex": "여성",
              "age": "20대"
            },
            "speechAct": "(지시) 질문하기",
            "morpheme": "걔/NP+는/JX+열대어/NNG+지/VCP+EF+키/NNG+키/XSV+ETN"
          },
          {
            "id": 16,
            "text": "1 : 열대어 키우기 겁나 힘들대",
            "norm_text": "열대어 키우기 겁나 힘들대",
            "speaker": {
              "id": "1번",
              "sex": "여성",
              "age": "20대"
            },
            "speechAct": "(단언) 진술하기",
            "morpheme": "열대어/NNG+키우/VV+기/ETN+겁나/VV+EC+힘들/VA+대/EC"
          },
          {
            "id": 17,
            "text": "2 : 물도 맞춰줘야 되고 온도도 맞춰야 된대",
            "norm_text": "물도 맞춰줘야 되고 온도도 맞춰야 된대",
            "speaker": {
              "id": "2번",
              "sex": "여성",
              "age": "30대"
            },
            "speechAct": "(단언) 진술하기",
            "morpheme": "물/NNG+도/JX+맞춰/VV+EC+줘야/VX+EC+되/VV+고/EC+온도/NNG+도/JX+맞춰야/VV+EC+된대/VV+EF"
          }
        ]
      }
    }
  ]
}