{
  "dataset": {
    "identifier": 35382,
    "name": "KAKAO_949_17_set",
    "src_path": "/data/file/cubeManager/PROJECT001/53/txt20211005162103065955/KAKAO_949_17_set/",
    "label_path": "/data/file/cubeManager/PROJECT001/53/txt20211005162103065955/KAKAO_949_17_set/",
    "category": 2,
    "type": 0
  },
  "licenses": {
    "name": "Apache License 1.0",
    "url": "http://www.apache.org/licenses/LICENSE-1.0"
  },
  "info": [
    {
      "id": 42154,
      "filename": "KAKAO_949_17.txt",
      "title": "KAKAO_949_17",
      "mediatype": "SNS",
      "medianame": "카카오톡",
      "category": "일상대화",
      "date": "2021-10-05",
      "size": 599,
      "annotations": {
        "subject": "건강",
        "speaker_type": "1:1",
        "size": 599,
        "word_size": 197,
        "text": "1 : 그니까 ㅠㅠ 약간 병원 가서 수술 받고 이런 건 무섭고 경락은 받고 싶음\n2 : 난 수술도 받고 싶어 돈만 있다면...ㅎ\n1 : 무슨 수술?\n1 : 정신 개조 수술?\n2 : 키키 진짜 얻어맞고 얼굴 재건 수술 받고 싶니...?\n1 : 키키 아 근데 나 진짜 건강 검진 좀 받고 싶어 어디 하나 이상 있을 듯\n2 : 그 나라에서 해주는 무료 건강 검진은 받고 있냐?\n1 : 엥 그런 게 있어?\n1 : 전혀 몰랐는 디 키키\n2 : 인간아 좀 챙겨 이런 것도 능력이야 챙겨서 해야지\n1 : 알아서 챙겨줬어야지 왜 안 챙겨줬어?\n1 : 그러다 나 건강에 이상 있으면 어떡하려고?\n2 : 얼척이 없네 나도 내 건강 챙기기 바빠 죽겠는데 뭔 소리야\n1 : 아니 당연히 너 건강보다 내 건강을 먼저 챙겨줬어야지\n2 : 진짜 욕 나오게 하지 마라 니 건강은 니가 챙기렴?^^\n1 : 야앙 ㅜㅜ 우리 아빠 건강 검진 무료 해인지 모르고 안 받다가 친구 분이 올해라고 빨리 가자고 끌고 가서 건강 검진 받았다가 암 초기에 발견해서 치료함\n2 : 으이구 너도 좀 찾아서 해라 언니는 바빠서 챙겨줄 수가 없어\n1 : 간호사 친구 뒀다 어디다 써먹노 ㅠ\n2 : 간호사 친구 너무 바빠서 본인 건강도 못 챙긴다고 전해주래",
        "lines": [
          {
            "id": 1,
            "text": "1 : 그니까 ㅠㅠ 약간 병원 가서 수술 받고 이런 건 무섭고 경락은 받고 싶음",
            "norm_text": "그니까 ㅠㅠ 약간 병원 가서 수술 받고 이런 건 무섭고 경락은 받고 싶음",
            "speaker": {
              "id": "1번",
              "sex": "여성",
              "age": "20대"
            },
            "speechAct": "(단언) 주장하기",
            "morpheme": "그니까/MAJ+ㅠㅠ/UNKNOWN+약간/MAG+병원/NNG+가/VV+서/EC+수술/NNG+받/VV+고/EC+이런/MM+건/NNB+JX+무섭/VA+고/EC+경락/NNG+은/JX+받/VV+고/EC+싶/VX+음/ETN"
          },
          {
            "id": 2,
            "text": "2 : 난 수술도 받고 싶어 돈만 있다면...ㅎ",
            "norm_text": "난 수술도 받고 싶어 돈만 있다면...ㅎ",
            "speaker": {
              "id": "2번",
              "sex": "여성",
              "age": "20대"
            },
            "speechAct": "(단언) 주장하기",
            "morpheme": "난/NP+JX+수술/NNG+도/JX+받/VV+고/EC+싶/VX+어/EC+돈/NNG+만/JX+있/VX+다면/EC+./SY+./SY+ㅎ/XSA"
          },
          {
            "id": 3,
            "text": "1 : 무슨 수술?",
            "norm_text": "무슨 수술?",
            "speaker": {
              "id": "1번",
              "sex": "여성",
              "age": "20대"
            },
            "speechAct": "(지시) 질문하기",
            "morpheme": "무슨/MM+수술/NNG"
          },
          {
            "id": 4,
            "text": "1 : 정신 개조 수술?",
            "norm_text": "정신 개조 수술?",
            "speaker": {
              "id": "1번",
              "sex": "여성",
              "age": "20대"
            },
            "speechAct": "(지시) 질문하기",
            "morpheme": "정신/NNG+개조/NNG+수술/NNG"
          },
          {
            "id": 5,
            "text": "2 : 키키 진짜 얻어맞고 얼굴 재건 수술 받고 싶니...?",
            "norm_text": "키키 진짜 얻어맞고 얼굴 재건 수술 받고 싶니...?",
            "speaker": {
              "id": "2번",
              "sex": "여성",
              "age": "20대"
            },
            "speechAct": "(지시) 질문하기",
            "morpheme": "키/NNG+키/XSV+ETN+진짜/MAG+얻어맞/VV+고/EC+얼굴/NNG+재건/NNG+수술/NNG+받/VV+고/EC+싶/VX+니/EF+./SY+./SY"
          },
          {
            "id": 6,
            "text": "1 : 키키 아 근데 나 진짜 건강 검진 좀 받고 싶어 어디 하나 이상 있을 듯",
            "norm_text": "키키 아 근데 나 진짜 건강 검진 좀 받고 싶어 어디 하나 이상 있을 듯",
            "speaker": {
              "id": "1번",
              "sex": "여성",
              "age": "20대"
            },
            "speechAct": "(단언) 주장하기",
            "morpheme": "키/NNG+키/XSV+ETN+아/IC+근데/MAJ+나/NP+진짜/MAG+건강/NNG+검진/NNG+좀/MAG+받/VV+고/EC+싶/VX+어/EC+어디/NP+하나/NR+이상/NNG+있/VV+을/ETM+듯/NNB"
          },
          {
            "id": 7,
            "text": "2 : 그 나라에서 해주는 무료 건강 검진은 받고 있냐?",
            "norm_text": "그 나라에서 해주는 무료 건강 검진은 받고 있냐?",
            "speaker": {
              "id": "2번",
              "sex": "여성",
              "age": "20대"
            },
            "speechAct": "(지시) 질문하기",
            "morpheme": "그/MM+나라/NNG+에서/JKB+해/VV+EC+주/VX+는/ETM+무료/NNG+건강/NNG+검진/NNG+은/JX+받/VV+고/EC+있/VX+냐/EF"
          },
          {
            "id": 8,
            "text": "1 : 엥 그런 게 있어?",
            "norm_text": "엥 그런 게 있어?",
            "speaker": {
              "id": "1번",
              "sex": "여성",
              "age": "20대"
            },
            "speechAct": "(지시) 질문하기",
            "morpheme": "엥/IC+그런/MM+게/NNB+JKS+있/VA+어/EF"
          },
          {
            "id": 9,
            "text": "1 : 전혀 몰랐는 디 키키",
            "norm_text": "전혀 몰랐는 디 키키",
            "speaker": {
              "id": "1번",
              "sex": "여성",
              "age": "20대"
            },
            "speechAct": "(단언) 진술하기",
            "morpheme": "전혀/MAG+몰랐/VV+EP+는디/EC+키/NNG+키/XSV+ETN"
          },
          {
            "id": 10,
            "text": "2 : 인간아 좀 챙겨 이런 것도 능력이야 챙겨서 해야지",
            "norm_text": "인간아 좀 챙겨 이런 것도 능력이야 챙겨서 해야지",
            "speaker": {
              "id": "2번",
              "sex": "여성",
              "age": "20대"
            },
            "speechAct": "(단언) 주장하기",
            "morpheme": "인간/NNG+아/IC+좀/MAG+챙겨/VV+EC+이런/MM+것/NNB+도/JX+능력/NNG+이/VCP+야/EC+챙겨서/VV+EC+해야지/VX+EC"
          },
          {
            "id": 11,
            "text": "1 : 알아서 챙겨줬어야지 왜 안 챙겨줬어?",
            "norm_text": "알아서 챙겨줬어야지 왜 안 챙겨줬어?",
            "speaker": {
              "id": "1번",
              "sex": "여성",
              "age": "20대"
            },
            "speechAct": "(지시) 질문하기",
            "morpheme": "알/VV+아서/EC+챙겨/VV+EC+줬/VX+EP+어야지/EF+왜/MAG+안/MAG+챙겨/VV+EC+줬/VX+EP+어/EF"
          },
          {
            "id": 12,
            "text": "1 : 그러다 나 건강에 이상 있으면 어떡하려고?",
            "norm_text": "그러다 나 건강에 이상 있으면 어떡하려고?",
            "speaker": {
              "id": "1번",
              "sex": "여성",
              "age": "20대"
            },
            "speechAct": "(지시) 질문하기",
            "morpheme": "그러/VV+다나/EC+건강/NNG+에/JKB+이상/NNG+있/VV+으면/EC+어떡/XR+하/XSA+려고/EF"
          },
          {
            "id": 13,
            "text": "2 : 얼척이 없네 나도 내 건강 챙기기 바빠 죽겠는데 뭔 소리야",
            "norm_text": "얼척이 없네 나도 내 건강 챙기기 바빠 죽겠는데 뭔 소리야",
            "speaker": {
              "id": "2번",
              "sex": "여성",
              "age": "20대"
            },
            "speechAct": "(단언) 주장하기",
            "morpheme": "얼척/NNG+이/JKS+없/VA+네/EF+나/NP+도/JX+내/NP+JKG+건강/NNG+챙기/VV+기/ETN+바빠/VA+EC+죽/VV+겠/EP+는데/EC+뭔/MM+소리야/NNG"
          },
          {
            "id": 14,
            "text": "1 : 아니 당연히 너 건강보다 내 건강을 먼저 챙겨줬어야지",
            "norm_text": "아니 당연히 너 건강보다 내 건강을 먼저 챙겨줬어야지",
            "speaker": {
              "id": "1번",
              "sex": "여성",
              "age": "20대"
            },
            "speechAct": "(단언) 주장하기",
            "morpheme": "아니/IC+당연히/MAG+너/NP+건강/NNG+보다/JKB+내/NP+JKG+건강/NNG+을/JKO+먼저/MAG+챙겨/VV+EC+줬/VX+EP+어야지/EC"
          },
          {
            "id": 15,
            "text": "2 : 진짜 욕 나오게 하지 마라 니 건강은 니가 챙기렴?^^",
            "norm_text": "진짜 욕 나오게 하지 마라 니 건강은 니가 챙기렴?^^",
            "speaker": {
              "id": "2번",
              "sex": "여성",
              "age": "20대"
            },
            "speechAct": "(단언) 주장하기",
            "morpheme": "진짜/MAG+욕/NNG+나오/VV+게/EC+하/VV+지/EC+마/VX+라니/EC+건강/NNG+은/JX+니/NP+가/JKS+챙기/VV+렴/EF+^/SY+^/SY"
          },
          {
            "id": 16,
            "text": "1 : 야앙 ㅜㅜ 우리 아빠 건강 검진 무료 해인지 모르고 안 받다가 친구 분이 올해라고 빨리 가자고 끌고 가서 건강 검진 받았다가 암 초기에 발견해서 치료함",
            "norm_text": "야앙 ㅜㅜ 우리 아빠 건강 검진 무료 해인지 모르고 안 받다가 친구 분이 올해라고 빨리 가자고 끌고 가서 건강 검진 받았다가 암 초기에 발견해서 치료함",
            "speaker": {
              "id": "1번",
              "sex": "여성",
              "age": "20대"
            },
            "speechAct": "(단언) 진술하기",
            "morpheme": "야앙/IC+ㅜㅜ/UNKNOWN+우리/NP+아빠/NNG+건강/NNG+검진/NNG+무료/NNG+해/NNG+인지/VCP+EC+모르/VV+고/EC+안/MAG+받/VV+다가/EC+친구/NNG+분/NNB+이/JKS+올해/NNG+라고/VCP+EC+빨리/MAG+가/VV+자고/EC+끌/VV+고/EC+가/VX+서/EC+건강/NNG+검진/NNG+받/VV+았/EP+다가/EC+암/NNG+초기/NNG+에/JKB+발견/NNG+해서/XSV+EC+치료/NNG+함/XSV+ETN"
          },
          {
            "id": 17,
            "text": "2 : 으이구 너도 좀 찾아서 해라 언니는 바빠서 챙겨줄 수가 없어",
            "norm_text": "으이구 너도 좀 찾아서 해라 언니는 바빠서 챙겨줄 수가 없어",
            "speaker": {
              "id": "2번",
              "sex": "여성",
              "age": "20대"
            },
            "speechAct": "(단언) 주장하기",
            "morpheme": "으이구/IC+너/NP+도/JX+좀/MAG+찾/VV+아서/EC+해라/VX+EC+언니/NNG+는/JX+바빠서/VA+EC+챙겨/VV+EC+줄/VX+ETM+수/NNB+가/JKS+없/VA+어/EC"
          },
          {
            "id": 18,
            "text": "1 : 간호사 친구 뒀다 어디다 써먹노 ㅠ",
            "norm_text": "간호사 친구 뒀다 어디다 써먹노 ㅠ",
            "speaker": {
              "id": "1번",
              "sex": "여성",
              "age": "20대"
            },
            "speechAct": "(단언) 주장하기",
            "morpheme": "간호사/NNG+친구/NNG+뒀/VV+EP+다/EF+어디/NP+다/JX+써먹/VV+노ㅠ/UNKNOWN"
          },
          {
            "id": 19,
            "text": "2 : 간호사 친구 너무 바빠서 본인 건강도 못 챙긴다고 전해주래",
            "norm_text": "간호사 친구 너무 바빠서 본인 건강도 못 챙긴다고 전해주래",
            "speaker": {
              "id": "2번",
              "sex": "여성",
              "age": "20대"
            },
            "speechAct": "(단언) 주장하기",
            "morpheme": "간호사/NNG+친구/NNG+너무/MAG+바빠서/VA+EC+본인/NNG+건강/NNG+도/JX+못/MAG+챙긴다고/VV+EC+전해/VV+EC+주래/NNG"
          }
        ]
      }
    }
  ]
}