{
  "dataset": {
    "identifier": 68875,
    "name": "KAKAO_959_20_set",
    "src_path": "/data/file/cubeManager/PROJECT001/53/txt20211006122452085228/KAKAO_959_20_set/",
    "label_path": "/data/file/cubeManager/PROJECT001/53/txt20211006122452085228/KAKAO_959_20_set/",
    "category": 2,
    "type": 0
  },
  "licenses": {
    "name": "Apache License 1.0",
    "url": "http://www.apache.org/licenses/LICENSE-1.0"
  },
  "info": [
    {
      "id": 43000,
      "filename": "KAKAO_959_20.txt",
      "title": "KAKAO_959_20",
      "mediatype": "SNS",
      "medianame": "카카오톡",
      "category": "일상대화",
      "date": "2021-10-06",
      "size": 547,
      "annotations": {
        "subject": "영화/만화",
        "speaker_type": "1:1",
        "size": 547,
        "word_size": 171,
        "text": "1 : 어제 탄이들 자컨으로 쟁반 노래방 했는데 몸 풀기 퀴즈로 우리 어렸을 때 애니 ost가 나오더라고\n2 : 방탄 우리 세대라서 그렇겠다 키키\n1 : 키키 탄이들이랑 같은 세대다 보니까 진짜 좋더라 키키 왠만한 거 다 본 거 키키\n2 : 세일러문이랑 또 천사소녀네티 이런 거 나옴? 키키\n1 : 아 그건 안 나옴 키키 카드캡터 체리 나옴 키키\n2 : 나는 어린 애들 좋아하다 보니까 캐릭캐릭체인지 이런 거 부르더라고...\n1 : 웃긴 게 여자 형제들 있는 멤버들만 그 노래에 반응하더라 키키\n2 : 완전 세대 차이 느꼈잖아 그게 뭔데...\n1 : 키키 우리 땐 일본 애니가 많았는데 요즘은 한국 애니가 많이 나온다더라\n2 : 카드캡터 체리 노래 완전 좋은데 키키\n1 : 키키 완전 좋지 키키 특유의 아련한 느낌 뭔 줄 알지\n2 : 뽀로로나 타요 같은 애니 노래? 키키\n1 : 디지몬이랑 포켓몬 나오고 키키 검정고무신 나오고 키키\n2 : 오 완전 우리 세대 키키 검정고무신 은근 인기 많아\n1 : 검정고무신 내용은 겁나 눈물인데 노래는 완전 흥겹잖아요 키키\n2 : 기영이 바나나 먹는 거 너무 웃겨 키키",
        "lines": [
          {
            "id": 1,
            "text": "1 : 어제 탄이들 자컨으로 쟁반 노래방 했는데 몸 풀기 퀴즈로 우리 어렸을 때 애니 ost가 나오더라고",
            "norm_text": "어제 탄이들 자컨으로 쟁반 노래방 했는데 몸 풀기 퀴즈로 우리 어렸을 때 애니 ost가 나오더라고",
            "speaker": {
              "id": "1번",
              "sex": "여성",
              "age": "20대"
            },
            "speechAct": "(단언) 주장하기",
            "morpheme": "어제탄이들자컨으로쟁반노래방했는데몸풀기퀴즈로우리어렸을때애니/UNKNOWN+ost/SL+가/JKS+나오/VV+더라고/EC"
          },
          {
            "id": 2,
            "text": "2 : 방탄 우리 세대라서 그렇겠다 키키",
            "norm_text": "방탄 우리 세대라서 그렇겠다 키키",
            "speaker": {
              "id": "2번",
              "sex": "여성",
              "age": "30대"
            },
            "speechAct": "(단언) 주장하기",
            "morpheme": "방탄/NNG+우리/NP+세대/NNG+라서/VCP+EC+그렇/VA+겠/EP+다키키/NNP"
          },
          {
            "id": 3,
            "text": "1 : 키키 탄이들이랑 같은 세대다 보니까 진짜 좋더라 키키 왠만한 거 다 본 거 키키",
            "norm_text": "키키 탄이들이랑 같은 세대다 보니까 진짜 좋더라 키키 왠만한 거 다 본 거 키키",
            "speaker": {
              "id": "1번",
              "sex": "여성",
              "age": "20대"
            },
            "speechAct": "(단언) 주장하기",
            "morpheme": "키/NNG+키/XSV+ETN+탄/VV+ETM+이/NP+들/XSN+이랑/JKB+같/VA+은/ETM+세대/NNG+다/VCP+EC+보/VX+니까/EC+진짜/MAG+좋/VA+더라/EC+키/NNG+키/XSV+ETN+왠만/XR+한/XSA+ETM+거/NNB+다/VCP+EC+본/VX+ETM+거/NNB+키/NNG+키/XSV+ETN"
          },
          {
            "id": 4,
            "text": "2 : 세일러문이랑 또 천사소녀네티 이런 거 나옴? 키키",
            "norm_text": "세일러문이랑 또 천사소녀네티 이런 거 나옴? 키키",
            "speaker": {
              "id": "2번",
              "sex": "여성",
              "age": "30대"
            },
            "speechAct": "(지시) 질문하기",
            "morpheme": "세일러문이랑또천사소녀네티이런거나옴/UNKNOWN+키/NNG+키/XSV+ETN"
          },
          {
            "id": 5,
            "text": "1 : 아 그건 안 나옴 키키 카드캡터 체리 나옴 키키",
            "norm_text": "아 그건 안 나옴 키키 카드캡터 체리 나옴 키키",
            "speaker": {
              "id": "1번",
              "sex": "여성",
              "age": "20대"
            },
            "speechAct": "(단언) 진술하기",
            "morpheme": "아/IC+그건/NP+JX+안/MAG+나옴/VV+EC+키/NNG+키/NNG+카드/NNG+캡터/NNG+체리/NNG+나옴/VV+EC+키/NNG+키/XSV+ETN"
          },
          {
            "id": 6,
            "text": "2 : 나는 어린 애들 좋아하다 보니까 캐릭캐릭체인지 이런 거 부르더라고...",
            "norm_text": "나는 어린 애들 좋아하다 보니까 캐릭캐릭체인지 이런 거 부르더라고...",
            "speaker": {
              "id": "2번",
              "sex": "여성",
              "age": "30대"
            },
            "speechAct": "(단언) 주장하기",
            "morpheme": "나는어린애들좋아하다보니까캐릭캐릭체인지이런거부르더라고/UNKNOWN+./SY"
          },
          {
            "id": 7,
            "text": "1 : 웃긴 게 여자 형제들 있는 멤버들만 그 노래에 반응하더라 키키",
            "norm_text": "웃긴 게 여자 형제들 있는 멤버들만 그 노래에 반응하더라 키키",
            "speaker": {
              "id": "1번",
              "sex": "여성",
              "age": "20대"
            },
            "speechAct": "(단언) 주장하기",
            "morpheme": "웃긴/VV+ETM+게/NNB+JKS+여자/NNG+형제/NNG+들/XSN+있/VA+는/ETM+멤버/NNG+들/XSN+만/JX+그/MM+노래/NNG+에/JKB+반응/NNG+하/XSV+더라/EC+키/NNG+키/XSV+ETN"
          },
          {
            "id": 8,
            "text": "2 : 완전 세대 차이 느꼈잖아 그게 뭔데...",
            "norm_text": "완전 세대 차이 느꼈잖아 그게 뭔데...",
            "speaker": {
              "id": "2번",
              "sex": "여성",
              "age": "30대"
            },
            "speechAct": "(단언) 주장하기",
            "morpheme": "완전/NNG+세대/NNG+차이/NNG+느꼈/VV+EP+잖아/EF+그게/NP+JKS+뭔데/NP+VCP+EF+./SY"
          },
          {
            "id": 9,
            "text": "1 : 키키 우리 땐 일본 애니가 많았는데 요즘은 한국 애니가 많이 나온다더라",
            "norm_text": "키키 우리 땐 일본 애니가 많았는데 요즘은 한국 애니가 많이 나온다더라",
            "speaker": {
              "id": "1번",
              "sex": "여성",
              "age": "20대"
            },
            "speechAct": "(단언) 주장하기",
            "morpheme": "키/NNG+키/XSV+ETN+우리/NP+땐/NNG+JX+일본/NNP+애니/NNP+가/JKS+많/VA+았/EP+는데/EC+요즘/NNG+은/JX+한국/NNP+애니/NNP+가/JKS+많이/MAG+나온다더라/VV+EC"
          },
          {
            "id": 10,
            "text": "2 : 카드캡터 체리 노래 완전 좋은데 키키",
            "norm_text": "카드캡터 체리 노래 완전 좋은데 키키",
            "speaker": {
              "id": "2번",
              "sex": "여성",
              "age": "30대"
            },
            "speechAct": "(단언) 주장하기",
            "morpheme": "카드/NNG+캡터/NNG+체리/NNG+노래/NNG+완전/NNG+좋/VA+은데/EC+키/NNG+키/XSV+ETN"
          },
          {
            "id": 11,
            "text": "1 : 키키 완전 좋지 키키 특유의 아련한 느낌 뭔 줄 알지",
            "norm_text": "키키 완전 좋지 키키 특유의 아련한 느낌 뭔 줄 알지",
            "speaker": {
              "id": "1번",
              "sex": "여성",
              "age": "20대"
            },
            "speechAct": "(지시) 질문하기",
            "morpheme": "키/NNG+키/XSV+ETN+완전/MAG+좋/VA+지/EC+키/NNG+키/NNG+특유/NNG+의/JKG+아련/XR+한/XSA+ETM+느낌/NNG+뭔줄/NP+JX+NNB+알/VV+지/EC"
          },
          {
            "id": 12,
            "text": "2 : 뽀로로나 타요 같은 애니 노래? 키키",
            "norm_text": "뽀로로나 타요 같은 애니 노래? 키키",
            "speaker": {
              "id": "2번",
              "sex": "여성",
              "age": "30대"
            },
            "speechAct": "(지시) 질문하기",
            "morpheme": "뽀로로나타요같은애니노래/UNKNOWN+키/NNG+키/XSV+ETN"
          },
          {
            "id": 13,
            "text": "1 : 디지몬이랑 포켓몬 나오고 키키 검정고무신 나오고 키키",
            "norm_text": "디지몬이랑 포켓몬 나오고 키키 검정고무신 나오고 키키",
            "speaker": {
              "id": "1번",
              "sex": "여성",
              "age": "20대"
            },
            "speechAct": "(단언) 주장하기",
            "morpheme": "디지몬/NNP+이랑/JC+포켓몬/NNP+나오/VV+고/EC+키키/NNP+검정고무신/NNP+나오/VV+고/EC+키/NNG+키/XSV+ETN"
          },
          {
            "id": 14,
            "text": "2 : 오 완전 우리 세대 키키 검정고무신 은근 인기 많아",
            "norm_text": "오 완전 우리 세대 키키 검정고무신 은근 인기 많아",
            "speaker": {
              "id": "2번",
              "sex": "여성",
              "age": "30대"
            },
            "speechAct": "(단언) 주장하기",
            "morpheme": "오/IC+완전/MAG+우리/NP+세대/NNG+키/NNG+키/NNG+검정/NNG+고무신/NNG+은/JX+근/MM+인기/NNG+많/VA+아/EC"
          },
          {
            "id": 15,
            "text": "1 : 검정고무신 내용은 겁나 눈물인데 노래는 완전 흥겹잖아요 키키",
            "norm_text": "검정고무신 내용은 겁나 눈물인데 노래는 완전 흥겹잖아요 키키",
            "speaker": {
              "id": "1번",
              "sex": "여성",
              "age": "20대"
            },
            "speechAct": "(단언) 주장하기",
            "morpheme": "검정고무신/NNP+내용/NNG+은/JX+겁나/VV+EC+눈물/NNG+인데/VCP+EC+노래/NNG+는/JX+완전/MAG+흥겹/VA+잖아요/EC+키/NNG+키/XSV+ETN"
          },
          {
            "id": 16,
            "text": "2 : 기영이 바나나 먹는 거 너무 웃겨 키키",
            "norm_text": "기영이 바나나 먹는 거 너무 웃겨 키키",
            "speaker": {
              "id": "2번",
              "sex": "여성",
              "age": "30대"
            },
            "speechAct": "(단언) 주장하기",
            "morpheme": "기영/NNG+이/JKS+바나나/NNG+먹/VV+는/ETM+거/NNB+너무/MAG+웃겨/VV+EC+키/NNG+키/XSV+ETN"
          }
        ]
      }
    }
  ]
}