{
  "dataset": {
    "identifier": 33234,
    "name": "KAKAO_931_10_set",
    "src_path": "/data/file/cubeManager/PROJECT001/53/txt20211005162130068238/KAKAO_931_10_set/",
    "label_path": "/data/file/cubeManager/PROJECT001/53/txt20211005162130068238/KAKAO_931_10_set/",
    "category": 2,
    "type": 0
  },
  "licenses": {
    "name": "Apache License 1.0",
    "url": "http://www.apache.org/licenses/LICENSE-1.0"
  },
  "info": [
    {
      "id": 42187,
      "filename": "KAKAO_931_10.txt",
      "title": "KAKAO_931_10",
      "mediatype": "SNS",
      "medianame": "카카오톡",
      "category": "일상대화",
      "date": "2021-10-05",
      "size": 600,
      "annotations": {
        "subject": "스포츠/레저",
        "speaker_type": "1:1",
        "size": 600,
        "word_size": 194,
        "text": "1 : 너 이번에 피티 한다더니 끊었어?\n1 : 얼마쯤 하던데?\n2 : 나 하려다가 또 못함 ㅋ 미뤘어... 내가 그렇지 뭐…\n1 : 키키 왜케 부정적이야 키키\n1 : 뭐 때문에?\n1 : 코로나?\n2 : 코로나도 그렇고ㅠ 백신 이번 달에 2차 맞아서 빠질 생각하니 아까워서\n1 : 아 그건 그렇지 키키\n1 : 피티 할 헬스장은 정했어?\n2 : 나 헬스장도 안간 지 너무 오래 돼서 일단 가까운 데부터 찾아보게\n1 : 맞아 일단 헬스든 피티든 가까운 데가 짱이야 아님 안 가니까 ㅠ\n2 : 키키 그래서…하하 내 자신을 너무 잘 알기 때문에... 1순위 가까운 곳\n1 : 키키 근데 넌 트레이너도 좀 중요하다 하지 않았어? ㅠ\n2 : 나 무릎이랑 허리 안 좋은 거 때문에 ㅠ 오히려 독이 될까 봐\n1 : 맞아 요즘은 좀 개나 소나… 트레이너 하더라 조심해야 할 듯\n2 : 그니까 ㅠ 난 특히 수술도 했어서... 아무한테 배우면 더 아파서\n1 : 그러네… 근데 그럼 디게 비싸겠는데 돈은 모아뒀어?\n2 : 뭐… 키키 그냥 적금 깨지 뭐~ 적금을 따로 들어야 할까 봐\n1 : 피티용 적금 키키 인정이다 너무 비싸 개인 피티 ㅠ 근데 하면 좋으니까\n2 : 그니까 한번 시작하면 못 끊을 거 같아서… 모아야겠어 정말루",
        "lines": [
          {
            "id": 1,
            "text": "1 : 너 이번에 피티 한다더니 끊었어?",
            "norm_text": "너 이번에 피티 한다더니 끊었어?",
            "speaker": {
              "id": "1번",
              "sex": "여성",
              "age": "20대"
            },
            "speechAct": "(지시) 질문하기",
            "morpheme": "너/NP+이번/NNG+에/JKB+피티/NNG+한다더니/XSV+EC+끊/VV+었/EP+어/EF"
          },
          {
            "id": 2,
            "text": "1 : 얼마쯤 하던데?",
            "norm_text": "얼마쯤 하던데?",
            "speaker": {
              "id": "1번",
              "sex": "여성",
              "age": "20대"
            },
            "speechAct": "(단언) 주장하기",
            "morpheme": "얼마/NNG+쯤/XSN+하/VV+던데/EF"
          },
          {
            "id": 3,
            "text": "2 : 나 하려다가 또 못함 ㅋ 미뤘어... 내가 그렇지 뭐…",
            "norm_text": "나 하려다가 또 못함 ㅋ 미뤘어... 내가 그렇지 뭐…",
            "speaker": {
              "id": "2번",
              "sex": "여성",
              "age": "20대"
            },
            "speechAct": "(단언) 주장하기",
            "morpheme": "나/NP+하/VV+려다가/EC+또/MAG+못/MAG+함/VV+ETN+ㅋ/UNKNOWN+미뤘/VV+EP+어/EF+./SY+내/NP+가/JKS+그렇/VA+지/EF+뭐/IC+…/SE"
          },
          {
            "id": 4,
            "text": "1 : 키키 왜케 부정적이야 키키",
            "norm_text": "키키 왜케 부정적이야 키키",
            "speaker": {
              "id": "1번",
              "sex": "여성",
              "age": "20대"
            },
            "speechAct": "(단언) 주장하기",
            "morpheme": "키/NNG+키/XSV+ETN+왜/MAG+케/XSA+EC+부정/NNG+적/XSN+이/VCP+야/EC+키/NNG+키/XSV+ETN"
          },
          {
            "id": 5,
            "text": "1 : 뭐 때문에?",
            "norm_text": "뭐 때문에?",
            "speaker": {
              "id": "1번",
              "sex": "여성",
              "age": "20대"
            },
            "speechAct": "(지시) 질문하기",
            "morpheme": "뭐/NP+때문/NNB+에/JKB"
          },
          {
            "id": 6,
            "text": "1 : 코로나?",
            "norm_text": "코로나?",
            "speaker": {
              "id": "1번",
              "sex": "여성",
              "age": "20대"
            },
            "speechAct": "(지시) 질문하기",
            "morpheme": "코로나/NNP"
          },
          {
            "id": 7,
            "text": "2 : 코로나도 그렇고ㅠ 백신 이번 달에 2차 맞아서 빠질 생각하니 아까워서",
            "norm_text": "코로나도 그렇고ㅠ 백신 이번 달에 2차 맞아서 빠질 생각하니 아까워서",
            "speaker": {
              "id": "2번",
              "sex": "여성",
              "age": "20대"
            },
            "speechAct": "(단언) 주장하기",
            "morpheme": "코로나/NNG+도/JX+그렇/VA+고/EC+ㅠ/UNKNOWN+백신/NNG+이/JKS+번달/NNG+에/JKB+2/SN+차/NNBC+맞/VV+아서/EC+빠질/VX+ETM+생각/NNG+하/XSV+니/EC+아까워서/VA+EC"
          },
          {
            "id": 8,
            "text": "1 : 아 그건 그렇지 키키",
            "norm_text": "아 그건 그렇지 키키",
            "speaker": {
              "id": "1번",
              "sex": "여성",
              "age": "20대"
            },
            "speechAct": "(단언) 주장하기",
            "morpheme": "아/IC+그건/NP+JX+그렇/VA+지/EC+키/NNG+키/XSV+ETN"
          },
          {
            "id": 9,
            "text": "1 : 피티 할 헬스장은 정했어?",
            "norm_text": "피티 할 헬스장은 정했어?",
            "speaker": {
              "id": "1번",
              "sex": "여성",
              "age": "20대"
            },
            "speechAct": "(지시) 질문하기",
            "morpheme": "피티/NNG+할/XSV+ETM+헬스/NNG+장/NNG+은/JX+정했/VV+EP+어/EF"
          },
          {
            "id": 10,
            "text": "2 : 나 헬스장도 안간 지 너무 오래 돼서 일단 가까운 데부터 찾아보게",
            "norm_text": "나 헬스장도 안간 지 너무 오래 돼서 일단 가까운 데부터 찾아보게",
            "speaker": {
              "id": "2번",
              "sex": "여성",
              "age": "20대"
            },
            "speechAct": "(언약) 약속하기(제3자와)/(개인적 수준)",
            "morpheme": "나/NP+헬스/NNG+장/NNG+도/JX+안/MAG+간지/VV+EC+너무/MAG+오래/MAG+돼서/VV+EC+일단/MAG+가까운/VA+ETM+데/NNB+부터/JX+찾아보/VV+게/EC"
          },
          {
            "id": 11,
            "text": "1 : 맞아 일단 헬스든 피티든 가까운 데가 짱이야 아님 안 가니까 ㅠ",
            "norm_text": "맞아 일단 헬스든 피티든 가까운 데가 짱이야 아님 안 가니까 ㅠ",
            "speaker": {
              "id": "1번",
              "sex": "여성",
              "age": "20대"
            },
            "speechAct": "(단언) 주장하기",
            "morpheme": "맞아/IC+일단/MAG+헬스/NNG+든/VCP+EC+피티/NNG+든/VCP+EC+가까운/VA+ETM+데/NNB+가/JKS+짱/NNG+이/VCP+야/EF+아님/MAJ+안/MAG+가/VV+니까/EC+ㅠ/UNKNOWN"
          },
          {
            "id": 12,
            "text": "2 : 키키 그래서…하하 내 자신을 너무 잘 알기 때문에... 1순위 가까운 곳",
            "norm_text": "키키 그래서…하하 내 자신을 너무 잘 알기 때문에... 1순위 가까운 곳",
            "speaker": {
              "id": "2번",
              "sex": "여성",
              "age": "20대"
            },
            "speechAct": "(단언) 주장하기",
            "morpheme": "키/NNG+키/XSV+ETN+그래서/MAJ+…/SE+하하/MAG+내/NP+JKG+자신/NNG+을/JKO+너무/MAG+잘/MAG+알/VV+기/ETN+때문/NNB+에/JKB+./SY+./SY+1/SN+순위/NNG+가까운/VA+ETM+곳/NNG"
          },
          {
            "id": 13,
            "text": "1 : 키키 근데 넌 트레이너도 좀 중요하다 하지 않았어? ㅠ",
            "norm_text": "키키 근데 넌 트레이너도 좀 중요하다 하지 않았어? ㅠ",
            "speaker": {
              "id": "1번",
              "sex": "여성",
              "age": "20대"
            },
            "speechAct": "(지시) 질문하기",
            "morpheme": "키/NNG+키/XSV+ETN+근데/MAJ+넌/NP+JX+트레이너/NNG+도/JX+좀/MAG+중요/NNG+하/XSV+다/EC+하/VV+지/EC+않/VX+았/EP+어/EF+ㅠ/UNKNOWN"
          },
          {
            "id": 14,
            "text": "2 : 나 무릎이랑 허리 안 좋은 거 때문에 ㅠ 오히려 독이 될까 봐",
            "norm_text": "나 무릎이랑 허리 안 좋은 거 때문에 ㅠ 오히려 독이 될까 봐",
            "speaker": {
              "id": "2번",
              "sex": "여성",
              "age": "20대"
            },
            "speechAct": "(단언) 주장하기",
            "morpheme": "나/NP+무릎/NNG+이랑/JKB+허리/NNG+안/MAG+좋/VA+은/ETM+거/NNB+때문/NNB+에/JKB+ㅠ/UNKNOWN+오히려/MAJ+독/NNG+이/JKS+될까봐/VV+EC+VX+EC"
          },
          {
            "id": 15,
            "text": "1 : 맞아 요즘은 좀 개나 소나… 트레이너 하더라 조심해야 할 듯",
            "norm_text": "맞아 요즘은 좀 개나 소나… 트레이너 하더라 조심해야 할 듯",
            "speaker": {
              "id": "1번",
              "sex": "여성",
              "age": "20대"
            },
            "speechAct": "(단언) 주장하기",
            "morpheme": "맞/VV+아/EC+요즘/NNG+은/JX+좀/MAG+개/NNG+나/JC+소나/NNG+…/SE+트레이너/NNG+하/XSV+더라/EC+조심/NNG+해야/XSV+EC+할/VX+ETM+듯/NNB"
          },
          {
            "id": 16,
            "text": "2 : 그니까 ㅠ 난 특히 수술도 했어서... 아무한테 배우면 더 아파서",
            "norm_text": "그니까 ㅠ 난 특히 수술도 했어서... 아무한테 배우면 더 아파서",
            "speaker": {
              "id": "2번",
              "sex": "여성",
              "age": "20대"
            },
            "speechAct": "(단언) 주장하기",
            "morpheme": "그니까/MAJ+ㅠ난/UNKNOWN+특히/MAG+수술/NNG+도/JX+했/VV+EP+어서/EC+./SY+./SY+아무/NP+한테/JKB+배우/VV+면/EC+더/MAG+아파서/VA+EC"
          },
          {
            "id": 17,
            "text": "1 : 그러네… 근데 그럼 디게 비싸겠는데 돈은 모아뒀어?",
            "norm_text": "그러네… 근데 그럼 디게 비싸겠는데 돈은 모아뒀어?",
            "speaker": {
              "id": "1번",
              "sex": "여성",
              "age": "20대"
            },
            "speechAct": "(지시) 질문하기",
            "morpheme": "그러/VV+네/EC+…/SE+근데/MAJ+그럼/MAJ+디게/MAG+비싸/VA+겠/EP+는데/EC+돈/NNG+은/JX+모아뒀/VV+EC+VX+EP+어/EF"
          },
          {
            "id": 18,
            "text": "2 : 뭐… 키키 그냥 적금 깨지 뭐~ 적금을 따로 들어야 할까 봐",
            "norm_text": "뭐… 키키 그냥 적금 깨지 뭐~ 적금을 따로 들어야 할까 봐",
            "speaker": {
              "id": "2번",
              "sex": "여성",
              "age": "20대"
            },
            "speechAct": "(단언) 주장하기",
            "morpheme": "뭐/IC+…/SE+키/NNG+키/NNG+그냥/MAG+적금/NNG+깨/VV+지/EF+뭐/IC+~/SY+적금/NNG+을/JKO+따로/MAG+들어야/VV+EC+할까봐/VX+EC+VX+EC"
          },
          {
            "id": 19,
            "text": "1 : 피티용 적금 키키 인정이다 너무 비싸 개인 피티 ㅠ 근데 하면 좋으니까",
            "norm_text": "피티용 적금 키키 인정이다 너무 비싸 개인 피티 ㅠ 근데 하면 좋으니까",
            "speaker": {
              "id": "1번",
              "sex": "여성",
              "age": "20대"
            },
            "speechAct": "(단언) 주장하기",
            "morpheme": "피티/NNG+용/XSN+적금/NNG+키/NNG+키/NNG+인정/NNG+이/JKS+다/MAG+너무/MAG+비싸/VA+EC+개인/NNG+피티/NNG+ㅠ근/UNKNOWN+데/NNB+하/VV+면/EC+좋/VA+으니까/EC"
          },
          {
            "id": 20,
            "text": "2 : 그니까 한번 시작하면 못 끊을 거 같아서… 모아야겠어 정말루",
            "norm_text": "그니까 한번 시작하면 못 끊을 거 같아서… 모아야겠어 정말루",
            "speaker": {
              "id": "2번",
              "sex": "여성",
              "age": "20대"
            },
            "speechAct": "(언약) 약속하기(제3자와)/(개인적 수준)",
            "morpheme": "그니까/MAJ+한/MM+번/NNBC+시작/NNG+하/XSV+면/EC+못/MAG+끊/VV+을/ETM+거/NNB+같/VA+아서/EC+…/SE+모아야/VV+EC+겠어/VX+EP+EF+정말/MAG+루/NNG"
          }
        ]
      }
    }
  ]
}