{
  "dataset": {
    "identifier": 58304,
    "name": "KAKAO_996_18_set",
    "src_path": "/data/file/cubeManager/PROJECT001/53/txt20211006140339066939/KAKAO_996_18_set/",
    "label_path": "/data/file/cubeManager/PROJECT001/53/txt20211006140339066939/KAKAO_996_18_set/",
    "category": 2,
    "type": 0
  },
  "licenses": {
    "name": "Apache License 1.0",
    "url": "http://www.apache.org/licenses/LICENSE-1.0"
  },
  "info": [
    {
      "id": 45269,
      "filename": "KAKAO_996_18.txt",
      "title": "KAKAO_996_18",
      "mediatype": "SNS",
      "medianame": "카카오톡",
      "category": "일상대화",
      "date": "2021-10-06",
      "size": 680,
      "annotations": {
        "subject": "상거래 전반",
        "speaker_type": "1:1",
        "size": 680,
        "word_size": 222,
        "text": "1 : 요즘엔 인스타에서도 판매를 많이 하더라?\n2 : 어 키키 근데 제대로 된 곳에서 구매를 해야지 키키 인스타 구매는 좀 아닌 듯\n1 : 근데 그런 거 잘 못 사면... 완전 이상하다던데 ㅜㅜ\n1 : 사본 적 있어?\n2 : 어 키키 환불도 안 되고 비싸기만 비싸고 키키 나는 한 번도 안 사봄\n1 : 아 진짜? 키키\n1 : 근데 광고 보면 좀 혹하게 생겼어 키키\n2 : 키키 실제로 보면 대부분 후회한다던데...\n2 : 그냥 인터넷 검색해서 사라 ㅠㅠ\n1 : 응응... 키키 근데 광고가 절반 이상이라 한번은 누르게 됨 키키\n2 : 키키 그 광고들 진짜 좀 혹하게 만들기는 함 키키\n1 : 근데 내가 서울에 사는 걸 어떻게 아는 걸까? 키키\n1 : 서울 사는 90년생 모여라~ 이러던뎅?\n2 : 키키 야 키키 나는 부산 사는 90년생 키키 우리 정보 다 팔림\n1 : 키키 그치? 아니 생일의 월까지 다 알고 있던데? 키키\n2 : 맞다 키키 소름 끼침 키키\n2 : 그리고 내가 관심 가는 상품 한번 검색하면 여기저기 관련 광고 뜨고 키키\n1 : 키키 응... 진짜 네이버에만 검색한 건데도 바로 인스타에 뜨더라고\n2 : 키키 인스타, 네이버 쇼핑 안 뜨는 데가 없음 키키 노출되어있다\n1 : ㅜㅜ 근데 또 회원 가입할 때 개인정보제공 동의 안 하면 가입도 못함...\n2 : 키키 나 제 3자한테 정보 제공 되는 부분에 왜 동의해야 되는지 이해 안 됨",
        "lines": [
          {
            "id": 1,
            "text": "1 : 요즘엔 인스타에서도 판매를 많이 하더라?",
            "norm_text": "요즘엔 인스타에서도 판매를 많이 하더라?",
            "speaker": {
              "id": "1번",
              "sex": "여성",
              "age": "30대"
            },
            "speechAct": "(지시) 질문하기",
            "morpheme": "요즘/NNG+엔/JKB+JX+인/VCP+ETM+스타/NNG+에서/JKB+도/JX+판매/NNG+를/JKO+많이/MAG+하/VV+더라/EF"
          },
          {
            "id": 2,
            "text": "2 : 어 키키 근데 제대로 된 곳에서 구매를 해야지 키키 인스타 구매는 좀 아닌 듯",
            "norm_text": "어 키키 근데 제대로 된 곳에서 구매를 해야지 키키 인스타 구매는 좀 아닌 듯",
            "speaker": {
              "id": "2번",
              "sex": "여성",
              "age": "30대"
            },
            "speechAct": "(단언) 주장하기",
            "morpheme": "어/IC+키/NNG+키/XSV+ETN+근데/MAJ+제대로/MAG+된/VV+ETM+곳/NNG+에서/JKB+구매/NNG+를/JKO+해야지/VV+EC+키/NNG+키/NNG+인/VCP+ETM+스타/NNG+구매/NNG+는/JX+좀/MAG+아닌/VCN+ETM+듯/NNB"
          },
          {
            "id": 3,
            "text": "1 : 근데 그런 거 잘 못 사면... 완전 이상하다던데 ㅜㅜ",
            "norm_text": "근데 그런 거 잘 못 사면... 완전 이상하다던데 ㅜㅜ",
            "speaker": {
              "id": "1번",
              "sex": "여성",
              "age": "30대"
            },
            "speechAct": "(단언) 진술하기",
            "morpheme": "근데/MAJ+그런/MM+거/NNB+잘못/MAG+사면/NNG+./SY+./SY+완전/MAG+이상/NNG+하/XSV+다던데/EC+ㅜㅜ/UNKNOWN"
          },
          {
            "id": 4,
            "text": "1 : 사본 적 있어?",
            "norm_text": "사본 적 있어?",
            "speaker": {
              "id": "1번",
              "sex": "여성",
              "age": "30대"
            },
            "speechAct": "(지시) 질문하기",
            "morpheme": "사본/NNG+적/XSN+있/VA+어/EF"
          },
          {
            "id": 5,
            "text": "2 : 어 키키 환불도 안 되고 비싸기만 비싸고 키키 나는 한 번도 안 사봄",
            "norm_text": "어 키키 환불도 안 되고 비싸기만 비싸고 키키 나는 한 번도 안 사봄",
            "speaker": {
              "id": "2번",
              "sex": "여성",
              "age": "30대"
            },
            "speechAct": "(단언) 진술하기",
            "morpheme": "어/IC+키/NNG+키/NNG+환불/NNG+도/JX+안/MAG+되/VV+고/EC+비싸/VA+기/ETN+만/JX+비싸/VA+고/EC+키/NNG+키나/XSA+ETN+JX+는/JX+한/MM+번/NNBC+도/JX+안/MAG+사/VV+EC+봄/NNG"
          },
          {
            "id": 6,
            "text": "1 : 아 진짜? 키키",
            "norm_text": "아 진짜? 키키",
            "speaker": {
              "id": "1번",
              "sex": "여성",
              "age": "30대"
            },
            "speechAct": "(지시) 질문하기",
            "morpheme": "아/IC+진짜/MAG+키/NNG+키/XSV+ETN"
          },
          {
            "id": 7,
            "text": "1 : 근데 광고 보면 좀 혹하게 생겼어 키키",
            "norm_text": "근데 광고 보면 좀 혹하게 생겼어 키키",
            "speaker": {
              "id": "1번",
              "sex": "여성",
              "age": "30대"
            },
            "speechAct": "(단언) 진술하기",
            "morpheme": "근데/MAJ+광고/NNG+보/VV+면/EC+좀/MAG+혹하/VA+게/EC+생겼/VV+EP+어/EC+키/NNG+키/XSV+ETN"
          },
          {
            "id": 8,
            "text": "2 : 키키 실제로 보면 대부분 후회한다던데...",
            "norm_text": "키키 실제로 보면 대부분 후회한다던데...",
            "speaker": {
              "id": "2번",
              "sex": "여성",
              "age": "30대"
            },
            "speechAct": "(단언) 진술하기",
            "morpheme": "키/NNG+키/XSV+ETN+실제로/MAG+보/VV+면/EC+대부분/NNG+후회/NNG+한다던데/XSV+EF+./SY"
          },
          {
            "id": 9,
            "text": "2 : 그냥 인터넷 검색해서 사라 ㅠㅠ",
            "norm_text": "그냥 인터넷 검색해서 사라 ㅠㅠ",
            "speaker": {
              "id": "2번",
              "sex": "여성",
              "age": "30대"
            },
            "speechAct": "(지시) 충고/제안하기",
            "morpheme": "그냥/MAG+인터넷/NNG+검색/NNG+해서/XSV+EC+사/VV+라/EC+ㅠㅠ/UNKNOWN"
          },
          {
            "id": 10,
            "text": "1 : 응응... 키키 근데 광고가 절반 이상이라 한번은 누르게 됨 키키",
            "norm_text": "응응... 키키 근데 광고가 절반 이상이라 한번은 누르게 됨 키키",
            "speaker": {
              "id": "1번",
              "sex": "여성",
              "age": "30대"
            },
            "speechAct": "(단언) 진술하기",
            "morpheme": "응/IC+응/IC+./SY+키/NNG+키/XSV+ETN+근데/MAJ+광고/NNG+가/JKS+절반/NNG+이상/NNG+이/VCP+라/EC+한/MM+번/NNBC+은/JX+누르/VV+게/EC+됨/VV+ETN+키/NNG+키/XSV+ETN"
          },
          {
            "id": 11,
            "text": "2 : 키키 그 광고들 진짜 좀 혹하게 만들기는 함 키키",
            "norm_text": "키키 그 광고들 진짜 좀 혹하게 만들기는 함 키키",
            "speaker": {
              "id": "2번",
              "sex": "여성",
              "age": "30대"
            },
            "speechAct": "(단언) 진술하기",
            "morpheme": "키키/NNP+그/MM+광고/NNG+들/XSN+진짜/MAG+좀/MAG+혹하/VA+게/EC+만들/VV+기/ETN+는/JX+함/VV+ETN+키/NNG+키/XSV+ETN"
          },
          {
            "id": 12,
            "text": "1 : 근데 내가 서울에 사는 걸 어떻게 아는 걸까? 키키",
            "norm_text": "근데 내가 서울에 사는 걸 어떻게 아는 걸까? 키키",
            "speaker": {
              "id": "1번",
              "sex": "여성",
              "age": "30대"
            },
            "speechAct": "(지시) 질문하기",
            "morpheme": "근데/MAJ+내/NP+가/JKS+서울/NNP+에/JKB+사/VV+는/ETM+걸/NNB+JKO+어떻게/MAG+아/VV+는/ETM+걸까/NNB+VCP+EF+키/NNG+키/XSV+ETN"
          },
          {
            "id": 13,
            "text": "1 : 서울 사는 90년생 모여라~ 이러던뎅?",
            "norm_text": "서울 사는 90년생 모여라~ 이러던뎅?",
            "speaker": {
              "id": "1번",
              "sex": "여성",
              "age": "30대"
            },
            "speechAct": "(지시) 질문하기",
            "morpheme": "서울/NNP+사/NNG+는/JX+90/SN+년/NNBC+생/XSN+모여라/VV+EC+~/SY+이러/VV+던/ETM+뎅/MAG"
          },
          {
            "id": 14,
            "text": "2 : 키키 야 키키 나는 부산 사는 90년생 키키 우리 정보 다 팔림",
            "norm_text": "키키 야 키키 나는 부산 사는 90년생 키키 우리 정보 다 팔림",
            "speaker": {
              "id": "2번",
              "sex": "여성",
              "age": "30대"
            },
            "speechAct": "(단언) 진술하기",
            "morpheme": "키/NNG+키/XSV+ETN+야/JX+키/NNG+키나/XSA+ETN+JX+는/JX+부산/NNP+사/NNG+는/JX+90/SN+년/NNBC+생/XSN+키/NNG+키/XSV+ETN+우리/NP+정보/NNG+다/VCP+EF+팔/NR+림/NNBC"
          },
          {
            "id": 15,
            "text": "1 : 키키 그치? 아니 생일의 월까지 다 알고 있던데? 키키",
            "norm_text": "키키 그치? 아니 생일의 월까지 다 알고 있던데? 키키",
            "speaker": {
              "id": "1번",
              "sex": "여성",
              "age": "30대"
            },
            "speechAct": "(단언) 진술하기",
            "morpheme": "키/NNG+키/XSV+ETN+그치/IC+아니/IC+생일/NNG+의/JKG+월/NNG+까지/JX+다/MAG+알/VV+고/EC+있/VX+던데/EF+키/NNG+키/XSV+ETN"
          },
          {
            "id": 16,
            "text": "2 : 맞다 키키 소름 끼침 키키",
            "norm_text": "맞다 키키 소름 끼침 키키",
            "speaker": {
              "id": "2번",
              "sex": "여성",
              "age": "30대"
            },
            "speechAct": "(단언) 주장하기",
            "morpheme": "맞/XPN+다키키/NNP+소름/NNG+끼침/VV+ETN+키/NNG+키/XSV+ETN"
          },
          {
            "id": 17,
            "text": "2 : 그리고 내가 관심 가는 상품 한번 검색하면 여기저기 관련 광고 뜨고 키키",
            "norm_text": "그리고 내가 관심 가는 상품 한번 검색하면 여기저기 관련 광고 뜨고 키키",
            "speaker": {
              "id": "2번",
              "sex": "여성",
              "age": "30대"
            },
            "speechAct": "(단언) 진술하기",
            "morpheme": "그리고/MAJ+내/NP+가/JKS+관심/NNG+가/VV+는/ETM+상품/NNG+한/MM+번/NNBC+검색/NNG+하/XSV+면/EC+여기저기/NNG+관련/NNG+광고/NNG+뜨/VV+고/EC+키/NNG+키/XSV+ETN"
          },
          {
            "id": 18,
            "text": "1 : 키키 응... 진짜 네이버에만 검색한 건데도 바로 인스타에 뜨더라고",
            "norm_text": "키키 응... 진짜 네이버에만 검색한 건데도 바로 인스타에 뜨더라고",
            "speaker": {
              "id": "1번",
              "sex": "여성",
              "age": "30대"
            },
            "speechAct": "(단언) 진술하기",
            "morpheme": "키/NNG+키/XSV+ETN+응/IC+./SY+진짜/MAG+네이버/NNP+에/JKB+만/JX+검색/NNG+한/XSA+ETM+건데/NNB+VCP+EC+도/JX+바로/MAG+인/VCP+ETM+스타/NNG+에/JKB+뜨/VV+더라고/EC"
          },
          {
            "id": 19,
            "text": "2 : 키키 인스타, 네이버 쇼핑 안 뜨는 데가 없음 키키 노출되어있다",
            "norm_text": "키키 인스타, 네이버 쇼핑 안 뜨는 데가 없음 키키 노출되어있다",
            "speaker": {
              "id": "2번",
              "sex": "여성",
              "age": "30대"
            },
            "speechAct": "(단언) 진술하기",
            "morpheme": "키/NNG+키/NNG+인/VCP+ETM+스타/NNG+,/SC+네이버/NNP+쇼핑/NNG+안/MAG+뜨/VV+는/ETM+데/NNB+가/JKS+없/VA+음/ETN+키/NNG+키/NNG+노출/NNG+되/XSV+어/EC+있/VX+다/EC"
          },
          {
            "id": 20,
            "text": "1 : ㅜㅜ 근데 또 회원 가입할 때 개인정보제공 동의 안 하면 가입도 못함...",
            "norm_text": "ㅜㅜ 근데 또 회원 가입할 때 개인정보제공 동의 안 하면 가입도 못함...",
            "speaker": {
              "id": "1번",
              "sex": "여성",
              "age": "30대"
            },
            "speechAct": "(단언) 진술하기",
            "morpheme": "ㅜㅜ/UNKNOWN+근데/MAJ+또/MAG+회원/NNG+가입/NNG+할/XSV+ETM+때/NNG+개인/NNG+정보/NNG+제공/NNG+동의/NNG+안/MAG+하/VV+면/EC+가입/NNG+도/JX+못함/VX+ETN+./SY"
          },
          {
            "id": 21,
            "text": "2 : 키키 나 제 3자한테 정보 제공 되는 부분에 왜 동의해야 되는지 이해 안 됨",
            "norm_text": "키키 나 제 3자한테 정보 제공 되는 부분에 왜 동의해야 되는지 이해 안 됨",
            "speaker": {
              "id": "2번",
              "sex": "여성",
              "age": "30대"
            },
            "speechAct": "(단언) 주장하기",
            "morpheme": "키/NNG+키나/XSA+ETN+JX+제/XPN+3/SN+자/XSN+한테/JKB+정보/NNG+제공/NNG+되/XSV+는/ETM+부분/NNG+에/JKB+왜/MAG+동의/NNG+해야/XSV+EC+되/VV+는지/EC+이해/NNG+안/MAG+됨/VV+ETN"
          }
        ]
      }
    }
  ]
}