{
  "dataset": {
    "identifier": 63132,
    "name": "KAKAO_918_02_set",
    "src_path": "/data/file/cubeManager/PROJECT001/53/txt20211005154951047154/KAKAO_918_02_set/",
    "label_path": "/data/file/cubeManager/PROJECT001/53/txt20211005154951047154/KAKAO_918_02_set/",
    "category": 2,
    "type": 0
  },
  "licenses": {
    "name": "Apache License 1.0",
    "url": "http://www.apache.org/licenses/LICENSE-1.0"
  },
  "info": [
    {
      "id": 41779,
      "filename": "KAKAO_918_02.txt",
      "title": "KAKAO_918_02",
      "mediatype": "SNS",
      "medianame": "카카오톡",
      "category": "일상대화",
      "date": "2021-10-05",
      "size": 430,
      "annotations": {
        "subject": "주거와 생활",
        "speaker_type": "1:1",
        "size": 430,
        "word_size": 147,
        "text": "1 : 부동산 많이 가진 사람들 부럽다 키키\n2 : 그중에 우리 거는 없노\n1 : 키키 그 많은 건물들 중에 우리 거는 하나도 없다\n2 : 열심히 돈 벌면 살 수 있겠지\n1 : 진짜 뼈 빠지게 일해야 늙어서라도 부동산 하나 가질 수 있는 듯... 키키\n2 : 자식한테는 남길 수 있겠네\n1 : 자식 안 낳으면 그거 다 국가로 환수 되는 거야? 키키\n2 : 가족 쪽으로 넘어가지 않을까?\n1 : 그런가? 근데 난 그런 건 싫다 ㅠㅠ\n1 : 내가 힘들게 일한 건데... 난 누려보지도 못하고.\n2 : 그래도 너 자식한테 주는 건 괜찮지 않아?\n1 : 아직 자식 낳는다는 생각을 안 해봐서 모르겠어 키키\n2 : 애기 생각 해본 적 없나?\n1 : 엉 키키 난 아직 결혼 생각도 많이 없다\n2 : 너 지금 만나는 사람 있다 아니야?\n1 : 있는데 둘 다 아직은 결혼 생각 없어 키키\n2 : 얼만큼 만났는데?",
        "lines": [
          {
            "id": 1,
            "text": "1 : 부동산 많이 가진 사람들 부럽다 키키",
            "norm_text": "부동산 많이 가진 사람들 부럽다 키키",
            "speaker": {
              "id": "1번",
              "sex": "여성",
              "age": "20대"
            },
            "speechAct": "(단언) 진술하기",
            "morpheme": "부동산/NNG+많이/MAG+가진/VV+ETM+사람/NNG+들/XSN+부럽/VA+다키키/NNP"
          },
          {
            "id": 2,
            "text": "2 : 그중에 우리 거는 없노",
            "norm_text": "그중에 우리 거는 없노",
            "speaker": {
              "id": "2번",
              "sex": "남성",
              "age": "30대"
            },
            "speechAct": "(지시) 질문하기",
            "morpheme": "그/MM+중/NNB+에/JKB+우리/NP+거/NNB+는/JX+없/VA+노/EC"
          },
          {
            "id": 3,
            "text": "1 : 키키 그 많은 건물들 중에 우리 거는 하나도 없다",
            "norm_text": "키키 그 많은 건물들 중에 우리 거는 하나도 없다",
            "speaker": {
              "id": "1번",
              "sex": "여성",
              "age": "20대"
            },
            "speechAct": "(단언) 진술하기",
            "morpheme": "키키/NNP+그/MM+많/VA+은/ETM+건물/NNG+들/XSN+중/NNB+에/JKB+우리/NP+거/NNB+는/JX+하나/NR+도/JX+없/VA+다/EC"
          },
          {
            "id": 4,
            "text": "2 : 열심히 돈 벌면 살 수 있겠지",
            "norm_text": "열심히 돈 벌면 살 수 있겠지",
            "speaker": {
              "id": "2번",
              "sex": "남성",
              "age": "30대"
            },
            "speechAct": "N/A",
            "morpheme": "열심히/MAG+돈/NNG+벌/VV+면/EC+살/VV+ETM+수/NNB+있/VV+겠/EP+지/EC"
          },
          {
            "id": 5,
            "text": "1 : 진짜 뼈 빠지게 일해야 늙어서라도 부동산 하나 가질 수 있는 듯... 키키",
            "norm_text": "진짜 뼈 빠지게 일해야 늙어서라도 부동산 하나 가질 수 있는 듯... 키키",
            "speaker": {
              "id": "1번",
              "sex": "여성",
              "age": "20대"
            },
            "speechAct": "N/A",
            "morpheme": "진짜/MAG+뼈/NNG+빠지/VV+게/EC+일/NNG+해야/XSV+EC+늙/VV+어서라도/EC+부동산/NNG+하나/NR+가질/NNBC+JKO+수/NNB+있/VV+는/ETM+듯/NNB+./SY+키/NNG+키/XSV+ETN"
          },
          {
            "id": 6,
            "text": "2 : 자식한테는 남길 수 있겠네",
            "norm_text": "자식한테는 남길 수 있겠네",
            "speaker": {
              "id": "2번",
              "sex": "남성",
              "age": "30대"
            },
            "speechAct": "(단언) 진술하기",
            "morpheme": "자식/NNG+한테/JKB+는/JX+남길/VV+ETM+수/NNB+있/VV+겠/EP+네/EF"
          },
          {
            "id": 7,
            "text": "1 : 자식 안 낳으면 그거 다 국가로 환수 되는 거야? 키키",
            "norm_text": "자식 안 낳으면 그거 다 국가로 환수 되는 거야? 키키",
            "speaker": {
              "id": "1번",
              "sex": "여성",
              "age": "20대"
            },
            "speechAct": "(지시) 질문하기",
            "morpheme": "자식/NNG+안/MAG+낳/VV+으면/EC+그거/NP+다/JX+국가/NNG+로/JKB+환수/NNG+되/XSV+는/ETM+거/NNB+야/VCP+EF+키/NNG+키/XSV+ETN"
          },
          {
            "id": 8,
            "text": "2 : 가족 쪽으로 넘어가지 않을까?",
            "norm_text": "가족 쪽으로 넘어가지 않을까?",
            "speaker": {
              "id": "2번",
              "sex": "남성",
              "age": "30대"
            },
            "speechAct": "(단언) 주장하기",
            "morpheme": "가족/NNG+쪽/NNB+으로/JKB+넘어가/VV+지/EC+않/VX+을까/EF"
          },
          {
            "id": 9,
            "text": "1 : 그런가? 근데 난 그런 건 싫다 ㅠㅠ",
            "norm_text": "그런가? 근데 난 그런 건 싫다 ㅠㅠ",
            "speaker": {
              "id": "1번",
              "sex": "여성",
              "age": "20대"
            },
            "speechAct": "(단언) 주장하기",
            "morpheme": "그런가/VA+EF+근데/MAJ+난/NP+JX+그런/MM+건/NNB+JX+싫/VA+다/EF+ㅠㅠ/UNKNOWN"
          },
          {
            "id": 10,
            "text": "1 : 내가 힘들게 일한 건데... 난 누려보지도 못하고.",
            "norm_text": "내가 힘들게 일한 건데... 난 누려보지도 못하고.",
            "speaker": {
              "id": "1번",
              "sex": "여성",
              "age": "20대"
            },
            "speechAct": "(단언) 진술하기",
            "morpheme": "내/NP+가/JKS+힘들/VA+게/EC+일/NNG+한/XSA+ETM+건데/NNB+VCP+EF+./SY+난/NP+JX+누려/VV+EC+보/VX+지/EC+도/JX+못하/VX+고/EC"
          },
          {
            "id": 11,
            "text": "2 : 그래도 너 자식한테 주는 건 괜찮지 않아?",
            "norm_text": "그래도 너 자식한테 주는 건 괜찮지 않아?",
            "speaker": {
              "id": "2번",
              "sex": "남성",
              "age": "30대"
            },
            "speechAct": "(지시) 질문하기",
            "morpheme": "그래도/MAJ+너/NP+자식/NNG+한테/JKB+주/VV+는/ETM+건/NNB+JX+괜찮/VA+지/EC+않/VX+아/EF"
          },
          {
            "id": 12,
            "text": "1 : 아직 자식 낳는다는 생각을 안 해봐서 모르겠어 키키",
            "norm_text": "아직 자식 낳는다는 생각을 안 해봐서 모르겠어 키키",
            "speaker": {
              "id": "1번",
              "sex": "여성",
              "age": "20대"
            },
            "speechAct": "(단언) 진술하기",
            "morpheme": "아직/MAG+자식/NNG+낳/VV+는다는/ETM+생각/NNG+을/JKO+안/MAG+해/VV+EC+봐서/VV+EC+모르/VV+겠/EP+어/EC+키/NNG+키/XSV+ETN"
          },
          {
            "id": 13,
            "text": "2 : 애기 생각 해본 적 없나?",
            "norm_text": "애기 생각 해본 적 없나?",
            "speaker": {
              "id": "2번",
              "sex": "남성",
              "age": "30대"
            },
            "speechAct": "(지시) 질문하기",
            "morpheme": "애기/NNG+생각/NNG+해/XSV+EC+본/VX+ETM+적/NNB+없/VA+나/EF"
          },
          {
            "id": 14,
            "text": "1 : 엉 키키 난 아직 결혼 생각도 많이 없다",
            "norm_text": "엉 키키 난 아직 결혼 생각도 많이 없다",
            "speaker": {
              "id": "1번",
              "sex": "여성",
              "age": "20대"
            },
            "speechAct": "(단언) 진술하기",
            "morpheme": "엉/IC+키/NNG+키/XSV+ETN+난/NP+JX+아직/MAG+결혼/NNG+생각/NNG+도/JX+많이/MAG+없/VA+다/EC"
          },
          {
            "id": 15,
            "text": "2 : 너 지금 만나는 사람 있다 아니야?",
            "norm_text": "너 지금 만나는 사람 있다 아니야?",
            "speaker": {
              "id": "2번",
              "sex": "남성",
              "age": "30대"
            },
            "speechAct": "(단언) 주장하기",
            "morpheme": "너/NP+지금/MAG+만나/VV+는/ETM+사람/NNG+있/VV+다/EC+아니/VCN+야/EF"
          },
          {
            "id": 16,
            "text": "1 : 있는데 둘 다 아직은 결혼 생각 없어 키키",
            "norm_text": "있는데 둘 다 아직은 결혼 생각 없어 키키",
            "speaker": {
              "id": "1번",
              "sex": "여성",
              "age": "20대"
            },
            "speechAct": "(단언) 진술하기",
            "morpheme": "있/VA+는데/EC+둘/VX+ETM+다/MAG+아직/MAG+은/JX+결혼/NNG+생각/NNG+없/VA+어/EC+키/NNG+키/XSV+ETN"
          },
          {
            "id": 17,
            "text": "2 : 얼만큼 만났는데?",
            "norm_text": "얼만큼 만났는데?",
            "speaker": {
              "id": "2번",
              "sex": "남성",
              "age": "30대"
            },
            "speechAct": "(지시) 질문하기",
            "morpheme": "얼만큼/MAG+만났/VV+EP+는데/EF"
          }
        ]
      }
    }
  ]
}