{
  "dataset": {
    "identifier": 68876,
    "name": "KAKAO_958_01_set",
    "src_path": "/data/file/cubeManager/PROJECT001/53/txt20211006122439003761/KAKAO_958_01_set/",
    "label_path": "/data/file/cubeManager/PROJECT001/53/txt20211006122439003761/KAKAO_958_01_set/",
    "category": 2,
    "type": 0
  },
  "licenses": {
    "name": "Apache License 1.0",
    "url": "http://www.apache.org/licenses/LICENSE-1.0"
  },
  "info": [
    {
      "id": 42961,
      "filename": "KAKAO_958_01.txt",
      "title": "KAKAO_958_01",
      "mediatype": "SNS",
      "medianame": "카카오톡",
      "category": "일상대화",
      "date": "2021-10-06",
      "size": 417,
      "annotations": {
        "subject": "식음료",
        "speaker_type": "1:1",
        "size": 417,
        "word_size": 138,
        "text": "1 : 니도 자취하니까 배달 음식 많이 시켜 먹겠네 키키\n2 : 키키 엄청요 키키 안 먹으려고 노력하는데 잘 안되네요\n1 : 키키 나도 얼마 전에 교촌 너무 땡겨서 시켜 먹음\n2 : 오 키키 교촌 뭐 좋아해요?\n1 : 그 뭐지 빨간 거 키키\n2 : 레드콤보인가? 그 매운 거?\n1 : 어? 맞는 거 같음 키키 혼자 한 마리 다 먹음\n2 : 키키 근데 교촌은 진짜 양이 적음\n1 : 맞아 키키 아 직접 가서 빠삭하게 먹어야 하는데\n2 : 키키 오 직접 가서 먹음 빠삭해요?\n1 : 바로 나오니까? 키키 백신 맞은지 얼마 안 돼서 맥주 없이 콜라만 먹음...\n2 : 하 치킨에 콜라라니... 하수네\n1 : 그러니까 하... 백신만 아니었어도 휴\n2 : 키키 진짜 치킨엔 맥주인데 아쉽겠다\n1 : 그러니까 진짜 키키 다음에 다시 땡겨야지\n2 : 키키 갑자기 너무 먹고 싶어졌네요",
        "lines": [
          {
            "id": 1,
            "text": "1 : 니도 자취하니까 배달 음식 많이 시켜 먹겠네 키키",
            "norm_text": "니도 자취하니까 배달 음식 많이 시켜 먹겠네 키키",
            "speaker": {
              "id": "1번",
              "sex": "남성",
              "age": "20대"
            },
            "speechAct": "(지시) 질문하기",
            "morpheme": "니/NP+도/JX+자취/NNG+하/XSV+니까/EC+배달/NNG+음식/NNG+많이/MAG+시켜/VV+EC+먹/VV+겠/EP+네/EF+키/NNG+키/XSV+ETN"
          },
          {
            "id": 2,
            "text": "2 : 키키 엄청요 키키 안 먹으려고 노력하는데 잘 안되네요",
            "norm_text": "키키 엄청요 키키 안 먹으려고 노력하는데 잘 안되네요",
            "speaker": {
              "id": "2번",
              "sex": "남성",
              "age": "20대"
            },
            "speechAct": "(단언) 진술하기",
            "morpheme": "키/NNG+키/NNG+엄청/MAG+요키/NNP+키/NNG+안/MAG+먹/VV+으려고/EC+노력/NNG+하/XSV+는데/EC+잘/MAG+안/MAG+되/VV+네요/EC"
          },
          {
            "id": 3,
            "text": "1 : 키키 나도 얼마 전에 교촌 너무 땡겨서 시켜 먹음",
            "norm_text": "키키 나도 얼마 전에 교촌 너무 땡겨서 시켜 먹음",
            "speaker": {
              "id": "1번",
              "sex": "남성",
              "age": "20대"
            },
            "speechAct": "(단언) 진술하기",
            "morpheme": "키/NNG+키나/XSA+ETN+JX+도/JX+얼마/NNG+전/NNG+에/JKB+교촌/NNG+너무/MAG+땡겨/VV+EC+서/VV+EC+시켜/VV+EC+먹/VV+음/ETN"
          },
          {
            "id": 4,
            "text": "2 : 오 키키 교촌 뭐 좋아해요?",
            "norm_text": "오 키키 교촌 뭐 좋아해요?",
            "speaker": {
              "id": "2번",
              "sex": "남성",
              "age": "20대"
            },
            "speechAct": "(지시) 질문하기",
            "morpheme": "오키/NNP+키/NNG+교촌/NNG+뭐/IC+좋/VA+아/EC+해요/VX+EF"
          },
          {
            "id": 5,
            "text": "1 : 그 뭐지 빨간 거 키키",
            "norm_text": "그 뭐지 빨간 거 키키",
            "speaker": {
              "id": "1번",
              "sex": "남성",
              "age": "20대"
            },
            "speechAct": "(지시) 질문하기",
            "morpheme": "그/IC+뭐/NP+지/VCP+EF+빨간/VA+ETM+거/NNB+키/NNG+키/XSV+ETN"
          },
          {
            "id": 6,
            "text": "2 : 레드콤보인가? 그 매운 거?",
            "norm_text": "레드콤보인가? 그 매운 거?",
            "speaker": {
              "id": "2번",
              "sex": "남성",
              "age": "20대"
            },
            "speechAct": "(지시) 질문하기",
            "morpheme": "레드콤보인가/UNKNOWN+그/IC+매운/VA+ETM+거/NNB"
          },
          {
            "id": 7,
            "text": "1 : 어? 맞는 거 같음 키키 혼자 한 마리 다 먹음",
            "norm_text": "어? 맞는 거 같음 키키 혼자 한 마리 다 먹음",
            "speaker": {
              "id": "1번",
              "sex": "남성",
              "age": "20대"
            },
            "speechAct": "(단언) 진술하기",
            "morpheme": "어/IC+맞는거같음키키혼자한마리다먹음/UNKNOWN"
          },
          {
            "id": 8,
            "text": "2 : 키키 근데 교촌은 진짜 양이 적음",
            "norm_text": "키키 근데 교촌은 진짜 양이 적음",
            "speaker": {
              "id": "2번",
              "sex": "남성",
              "age": "20대"
            },
            "speechAct": "(단언) 주장하기",
            "morpheme": "키/NNG+키/XSV+ETN+근데/MAJ+교촌/NNG+은/JX+진짜/MAG+양/NNG+이/JKS+적/VV+음/ETN"
          },
          {
            "id": 9,
            "text": "1 : 맞아 키키 아 직접 가서 빠삭하게 먹어야 하는데",
            "norm_text": "맞아 키키 아 직접 가서 빠삭하게 먹어야 하는데",
            "speaker": {
              "id": "1번",
              "sex": "남성",
              "age": "20대"
            },
            "speechAct": "(단언) 주장하기",
            "morpheme": "맞/VV+아/EC+키/NNG+키/VV+아/EC+직접/MAG+가/VV+서/EC+빠삭/XR+하/XSA+게/EC+먹/VV+어야/EC+하/VV+는데/EC"
          },
          {
            "id": 10,
            "text": "2 : 키키 오 직접 가서 먹음 빠삭해요?",
            "norm_text": "키키 오 직접 가서 먹음 빠삭해요?",
            "speaker": {
              "id": "2번",
              "sex": "남성",
              "age": "20대"
            },
            "speechAct": "(지시) 질문하기",
            "morpheme": "키/NNG+키/VV+오/EC+직접/MAG+가/VV+서/EC+먹/VV+음/ETN+빠삭/XR+해요/XSA+EF"
          },
          {
            "id": 11,
            "text": "1 : 바로 나오니까? 키키 백신 맞은지 얼마 안 돼서 맥주 없이 콜라만 먹음...",
            "norm_text": "바로 나오니까? 키키 백신 맞은지 얼마 안 돼서 맥주 없이 콜라만 먹음...",
            "speaker": {
              "id": "1번",
              "sex": "남성",
              "age": "20대"
            },
            "speechAct": "(단언) 진술하기",
            "morpheme": "바로/MAG+나오/VV+니까/EC+?/SY+키키백신맞은지얼마안돼서맥주없이콜라만먹음/UNKNOWN+./SY"
          },
          {
            "id": 12,
            "text": "2 : 하 치킨에 콜라라니... 하수네",
            "norm_text": "하 치킨에 콜라라니... 하수네",
            "speaker": {
              "id": "2번",
              "sex": "남성",
              "age": "20대"
            },
            "speechAct": "(단언) 주장하기",
            "morpheme": "하/IC+치킨/NNG+에/JKB+콜라/NNG+라니/VCP+EF+./SY+하수/NNG+네/XSN"
          },
          {
            "id": 13,
            "text": "1 : 그러니까 하... 백신만 아니었어도 휴",
            "norm_text": "그러니까 하... 백신만 아니었어도 휴",
            "speaker": {
              "id": "1번",
              "sex": "남성",
              "age": "20대"
            },
            "speechAct": "(단언) 주장하기",
            "morpheme": "그러니까/MAJ+하/IC+./SY+백신/NNG+만/JX+아니/VCN+었/EP+어도/EC+휴/NNP"
          },
          {
            "id": 14,
            "text": "2 : 키키 진짜 치킨엔 맥주인데 아쉽겠다",
            "norm_text": "키키 진짜 치킨엔 맥주인데 아쉽겠다",
            "speaker": {
              "id": "2번",
              "sex": "남성",
              "age": "20대"
            },
            "speechAct": "(단언) 주장하기",
            "morpheme": "키/NNG+키/XSV+ETN+진짜/MAG+치킨/NNG+엔/JKB+JX+맥주/NNG+인데/VCP+EC+아쉽/VA+겠/EP+다/EC"
          },
          {
            "id": 15,
            "text": "1 : 그러니까 진짜 키키 다음에 다시 땡겨야지",
            "norm_text": "그러니까 진짜 키키 다음에 다시 땡겨야지",
            "speaker": {
              "id": "1번",
              "sex": "남성",
              "age": "20대"
            },
            "speechAct": "(단언) 주장하기",
            "morpheme": "그러니까/MAJ+진짜/MAG+키/NNG+키/NNG+다음/NNG+에/JKB+다시/MAG+땡겨/VV+EC+야지/NNG"
          },
          {
            "id": 16,
            "text": "2 : 키키 갑자기 너무 먹고 싶어졌네요",
            "norm_text": "키키 갑자기 너무 먹고 싶어졌네요",
            "speaker": {
              "id": "2번",
              "sex": "남성",
              "age": "20대"
            },
            "speechAct": "(단언) 주장하기",
            "morpheme": "키/NNG+키/NNG+갑자기/MAG+너무/MAG+먹/VV+고/EC+싶/VX+어/EC+졌/VX+EP+네요/EC"
          }
        ]
      }
    }
  ]
}