{
  "dataset": {
    "identifier": 60601,
    "name": "KAKAO_971_08_set",
    "src_path": "/data/file/cubeManager/PROJECT001/53/txt20211006134945043246/KAKAO_971_08_set/",
    "label_path": "/data/file/cubeManager/PROJECT001/53/txt20211006134945043246/KAKAO_971_08_set/",
    "category": 2,
    "type": 0
  },
  "licenses": {
    "name": "Apache License 1.0",
    "url": "http://www.apache.org/licenses/LICENSE-1.0"
  },
  "info": [
    {
      "id": 43626,
      "filename": "KAKAO_971_08.txt",
      "title": "KAKAO_971_08",
      "mediatype": "SNS",
      "medianame": "카카오톡",
      "category": "일상대화",
      "date": "2021-10-06",
      "size": 716,
      "annotations": {
        "subject": "연애/결혼",
        "speaker_type": "1:1",
        "size": 716,
        "word_size": 229,
        "text": "1 : 야 너는 육아에 대해서 어떻게 생각해?\n2 : 나는 나중에 아기는 꼭 낳을 거야.\n2 : 근데 육아는 진짜 너무 힘들 것 같아\n1 : 나도 육아에 대해서 생각해봤는데 부부 서로가 도와서 하는 게 정말 중요한 것 같아\n2 : 맞아... 육아는 부부 서로의 일이지 그 누구의 일이라고 단정 지을 수 없어\n1 : 육아를 한 명이서 본격적으로 하게 된다면 그건 너무 상상도 할 수 없을 것 같아\n2 : 나도 그렇게 생각해.\n2 : 서로서로 도와도 힘든데 그걸 한 명이서 어떻게 다해?\n1 : 그래서 육아하면서 우울증이 정말 심하게 온다잖아!\n2 : 나도 그게 무서워...\n2 : 육아 우울증이 오면 애기 울음소리도 너무너무 짜증 나서 화가 난대\n1 : 정말 부부관계가 유지되기 위해서는, 그리고 부부 두 명 다 건강하게 사려면 아기를 낳기 전에 육아를 어떻게 할 건지 계획해서 실천해야 할 필요가 있어\n2 : 오 키키 너 좀 성숙해 보이고 좀 철 든 것 같다?\n1 : 키키 나도 육아 관련해서 책 같은 거 많이 읽어봤지~\n2 : 우리 엄마도 그러는데 결혼하고 나서도 남편이랑 같이 육아교육 많이 들으러 다니래\n1 : 그거 진짜 좋은 방법이다!\n1 : 많이 보고 들으면서 접해야지 건강한 계획을 짤 수 있을 것 같아\n2 : 우리 나중에 서로 공유 같은 거 엄청 하자 키키\n1 : 좋지! 아니면 우리 둘 다 필요한 정보니까 같이 들으러 다니자\n2 : 좋아! 꼭 나 데리고 가 키키\n2 : 나중에 딴말하기 없기야 너 키키",
        "lines": [
          {
            "id": 1,
            "text": "1 : 야 너는 육아에 대해서 어떻게 생각해?",
            "norm_text": "야 너는 육아에 대해서 어떻게 생각해?",
            "speaker": {
              "id": "1번",
              "sex": "여성",
              "age": "20대"
            },
            "speechAct": "(지시) 질문하기",
            "morpheme": "야/IC+너/NP+는/JX+육아/NNG+에/JKB+대해서/VV+EC+어떻게/MAG+생각/NNG+해/XSV+EF"
          },
          {
            "id": 2,
            "text": "2 : 나는 나중에 아기는 꼭 낳을 거야.",
            "norm_text": "나는 나중에 아기는 꼭 낳을 거야.",
            "speaker": {
              "id": "2번",
              "sex": "남성",
              "age": "20대"
            },
            "speechAct": "(단언) 주장하기",
            "morpheme": "나/NP+는/JX+나중/NNG+에/JKB+아기/NNG+는/JX+꼭/MAG+낳/VV+을/ETM+거/NNB+야/VCP+EF"
          },
          {
            "id": 3,
            "text": "2 : 근데 육아는 진짜 너무 힘들 것 같아",
            "norm_text": "근데 육아는 진짜 너무 힘들 것 같아",
            "speaker": {
              "id": "2번",
              "sex": "남성",
              "age": "20대"
            },
            "speechAct": "(단언) 주장하기",
            "morpheme": "근데/MAJ+육아/NNG+는/JX+진짜/MAG+너무/MAG+힘들/VA+ETM+것/NNB+같/VA+아/EC"
          },
          {
            "id": 4,
            "text": "1 : 나도 육아에 대해서 생각해봤는데 부부 서로가 도와서 하는 게 정말 중요한 것 같아",
            "norm_text": "나도 육아에 대해서 생각해봤는데 부부 서로가 도와서 하는 게 정말 중요한 것 같아",
            "speaker": {
              "id": "1번",
              "sex": "여성",
              "age": "20대"
            },
            "speechAct": "(단언) 주장하기",
            "morpheme": "나/NP+도/JX+육아/NNG+에/JKB+대해서/VV+EC+생각/NNG+해/XSV+EC+봤/VX+EP+는데/EC+부부/NNG+서로/NNG+가/JKS+도와서/VV+EC+하/VV+는/ETM+게/NNB+JKS+정말/MAG+중요/XR+한/XSA+ETM+것/NNB+같/VA+아/EC"
          },
          {
            "id": 5,
            "text": "2 : 맞아... 육아는 부부 서로의 일이지 그 누구의 일이라고 단정 지을 수 없어",
            "norm_text": "맞아... 육아는 부부 서로의 일이지 그 누구의 일이라고 단정 지을 수 없어",
            "speaker": {
              "id": "2번",
              "sex": "남성",
              "age": "20대"
            },
            "speechAct": "(단언) 주장하기",
            "morpheme": "맞/VV+아/EF+./SY+육아/NNG+는/JX+부부/NNG+서로/NNG+의/JKG+일/NNG+이/VCP+지/EF+그/IC+누구/NP+의/JKG+일/NNG+이/VCP+라고/EC+단정지/VV+을/ETM+수/NNB+없/VA+어/EC"
          },
          {
            "id": 6,
            "text": "1 : 육아를 한 명이서 본격적으로 하게 된다면 그건 너무 상상도 할 수 없을 것 같아",
            "norm_text": "육아를 한 명이서 본격적으로 하게 된다면 그건 너무 상상도 할 수 없을 것 같아",
            "speaker": {
              "id": "1번",
              "sex": "여성",
              "age": "20대"
            },
            "speechAct": "(단언) 주장하기",
            "morpheme": "육아/NNG+를/JKO+한/MM+명/NNBC+이/XSN+서/JKS+본격/NNG+적/XSN+으로/JKB+하/VV+게/EC+된다면/VV+EC+그건/NP+JX+너무/MAG+상상/NNG+도/JX+할/VV+ETM+수/NNB+없/VA+을/ETM+것/NNB+같/VA+아/EC"
          },
          {
            "id": 7,
            "text": "2 : 나도 그렇게 생각해.",
            "norm_text": "나도 그렇게 생각해.",
            "speaker": {
              "id": "2번",
              "sex": "남성",
              "age": "20대"
            },
            "speechAct": "(단언) 주장하기",
            "morpheme": "나/NP+도/JX+그렇/VA+게/EC+생각/NNG+해/XSV+EF"
          },
          {
            "id": 8,
            "text": "2 : 서로서로 도와도 힘든데 그걸 한 명이서 어떻게 다해?",
            "norm_text": "서로서로 도와도 힘든데 그걸 한 명이서 어떻게 다해?",
            "speaker": {
              "id": "2번",
              "sex": "남성",
              "age": "20대"
            },
            "speechAct": "(지시) 질문하기",
            "morpheme": "서로/MAG+서로/MAG+도와/VV+EC+도/JX+힘든데/VA+EC+그걸/NP+JKO+한/MM+명/NNBC+이/XSN+서/JKS+어떻게/MAG+다/MAG+해/VV+EF"
          },
          {
            "id": 9,
            "text": "1 : 그래서 육아하면서 우울증이 정말 심하게 온다잖아!",
            "norm_text": "그래서 육아하면서 우울증이 정말 심하게 온다잖아!",
            "speaker": {
              "id": "1번",
              "sex": "여성",
              "age": "20대"
            },
            "speechAct": "(단언) 주장하기",
            "morpheme": "그래서/MAJ+육아/NNG+하/XSV+면서/EC+우울증/NNG+이/JKS+정말/MAG+심하/VA+게/EC+온다/VX+EF+잖아/VCP+EC+VX+EF"
          },
          {
            "id": 10,
            "text": "2 : 나도 그게 무서워...",
            "norm_text": "나도 그게 무서워...",
            "speaker": {
              "id": "2번",
              "sex": "남성",
              "age": "20대"
            },
            "speechAct": "(단언) 주장하기",
            "morpheme": "나/NP+도/JX+그게/NP+JKS+무서워/VA+EF+./SY"
          },
          {
            "id": 11,
            "text": "2 : 육아 우울증이 오면 애기 울음소리도 너무너무 짜증 나서 화가 난대",
            "norm_text": "육아 우울증이 오면 애기 울음소리도 너무너무 짜증 나서 화가 난대",
            "speaker": {
              "id": "2번",
              "sex": "남성",
              "age": "20대"
            },
            "speechAct": "(단언) 주장하기",
            "morpheme": "육아/NNG+우울증/NNG+이/JKS+오/VV+면/EC+애기/NNG+울음/NNG+소리/NNG+도/JX+너무너무/MAG+짜증/NNG+나/JC+서화/NNG+가/JKS+난대/NNG"
          },
          {
            "id": 12,
            "text": "1 : 정말 부부관계가 유지되기 위해서는, 그리고 부부 두 명 다 건강하게 사려면 아기를 낳기 전에 육아를 어떻게 할 건지 계획해서 실천해야 할 필요가 있어",
            "norm_text": "정말 부부관계가 유지되기 위해서는, 그리고 부부 두 명 다 건강하게 사려면 아기를 낳기 전에 육아를 어떻게 할 건지 계획해서 실천해야 할 필요가 있어",
            "speaker": {
              "id": "1번",
              "sex": "여성",
              "age": "20대"
            },
            "speechAct": "(단언) 주장하기",
            "morpheme": "정말/MAG+부부/NNG+관계/NNG+가/JKS+유지/NNG+되/XSV+기/ETN+위해서/VV+EC+는/JX+,/SC+그리고/MAJ+부부/NNG+두/MM+명/NNBC+다/MAG+건강/NNG+하/XSV+게/EC+사/VV+려면/EC+아기/NNG+를/JKO+낳/VV+기/ETN+전/NNG+에/JKB+육아/NNG+를/JKO+어떻게/MAG+할/VV+ETM+건지/NNB+VCP+EC+계획/NNG+해서/XSV+EC+실천/NNG+해야/XSV+EC+할/VX+ETM+필요/NNG+가/JKS+있/VA+어/EC"
          },
          {
            "id": 13,
            "text": "2 : 오 키키 너 좀 성숙해 보이고 좀 철 든 것 같다?",
            "norm_text": "오 키키 너 좀 성숙해 보이고 좀 철 든 것 같다?",
            "speaker": {
              "id": "2번",
              "sex": "남성",
              "age": "20대"
            },
            "speechAct": "(단언) 주장하기",
            "morpheme": "오키/NNP+키너/NNP+좀/MAG+성숙/NNG+해/XSV+EC+보이/VV+고/EC+좀/MAG+철든/VV+ETM+것/NNB+같/VA+다/EF"
          },
          {
            "id": 14,
            "text": "1 : 키키 나도 육아 관련해서 책 같은 거 많이 읽어봤지~",
            "norm_text": "키키 나도 육아 관련해서 책 같은 거 많이 읽어봤지~",
            "speaker": {
              "id": "1번",
              "sex": "여성",
              "age": "20대"
            },
            "speechAct": "(단언) 주장하기",
            "morpheme": "키/NNG+키나/XSA+ETN+JX+도/JX+육아/NNG+관련/NNG+해서/XSV+EC+책/NNG+같/VA+은/ETM+거/NNB+많이/MAG+읽/VV+어/EC+봤/VX+EP+지/EC+~/SY"
          },
          {
            "id": 15,
            "text": "2 : 우리 엄마도 그러는데 결혼하고 나서도 남편이랑 같이 육아교육 많이 들으러 다니래",
            "norm_text": "우리 엄마도 그러는데 결혼하고 나서도 남편이랑 같이 육아교육 많이 들으러 다니래",
            "speaker": {
              "id": "2번",
              "sex": "남성",
              "age": "20대"
            },
            "speechAct": "(단언) 주장하기",
            "morpheme": "우리/NP+엄마/NNG+도/JX+그러/VV+는데/EC+결혼/NNG+하/XSV+고/EC+나/NP+서/JKB+도/JX+남편/NNG+이랑/JKB+같이/MAG+육아/NNG+교육/NNG+많이/MAG+들으러/VV+EC+다니/VV+래/EC"
          },
          {
            "id": 16,
            "text": "1 : 그거 진짜 좋은 방법이다!",
            "norm_text": "그거 진짜 좋은 방법이다!",
            "speaker": {
              "id": "1번",
              "sex": "여성",
              "age": "20대"
            },
            "speechAct": "(단언) 주장하기",
            "morpheme": "그거/NP+진짜/MAG+좋/VA+은/ETM+방법/NNG+이/VCP+다/EF"
          },
          {
            "id": 17,
            "text": "1 : 많이 보고 들으면서 접해야지 건강한 계획을 짤 수 있을 것 같아",
            "norm_text": "많이 보고 들으면서 접해야지 건강한 계획을 짤 수 있을 것 같아",
            "speaker": {
              "id": "1번",
              "sex": "여성",
              "age": "20대"
            },
            "speechAct": "(단언) 주장하기",
            "morpheme": "많이/MAG+보/VV+고/EC+들으면서/VV+EC+접해야/VV+EC+지/VX+건/EC+강한/VA+ETM+계획/NNG+을/JKO+짤/VV+ETM+수/NNB+있/VV+을/ETM+것/NNB+같/VA+아/EC"
          },
          {
            "id": 18,
            "text": "2 : 우리 나중에 서로 공유 같은 거 엄청 하자 키키",
            "norm_text": "우리 나중에 서로 공유 같은 거 엄청 하자 키키",
            "speaker": {
              "id": "2번",
              "sex": "남성",
              "age": "20대"
            },
            "speechAct": "(단언) 주장하기",
            "morpheme": "우리/NP+나중/NNG+에/JKB+서로/MAG+공유/NNG+같/VA+은/ETM+거/NNB+엄청/MAG+하/VV+자/EC+키/NNG+키/XSV+ETN"
          },
          {
            "id": 19,
            "text": "1 : 좋지! 아니면 우리 둘 다 필요한 정보니까 같이 들으러 다니자",
            "norm_text": "좋지! 아니면 우리 둘 다 필요한 정보니까 같이 들으러 다니자",
            "speaker": {
              "id": "1번",
              "sex": "여성",
              "age": "20대"
            },
            "speechAct": "(지시) 충고/제안하기",
            "morpheme": "좋/VA+지/EF+아니면/MAJ+우리/NP+둘/NR+다/MAG+필요/NNG+한/XSA+ETM+정보/NNG+니까/VCP+EC+같이/MAG+들으러/VV+EC+다니/VV+자/EC"
          },
          {
            "id": 20,
            "text": "2 : 좋아! 꼭 나 데리고 가 키키",
            "norm_text": "좋아! 꼭 나 데리고 가 키키",
            "speaker": {
              "id": "2번",
              "sex": "남성",
              "age": "20대"
            },
            "speechAct": "(언약) 약속하기(제3자와)/(개인적 수준)",
            "morpheme": "좋/VA+아/EF+꼭나데리고가키키/UNKNOWN"
          },
          {
            "id": 21,
            "text": "2 : 나중에 딴말하기 없기야 너 키키",
            "norm_text": "나중에 딴말하기 없기야 너 키키",
            "speaker": {
              "id": "2번",
              "sex": "남성",
              "age": "20대"
            },
            "speechAct": "(단언) 주장하기",
            "morpheme": "나중/NNG+에/JKB+딴/MM+말/NNG+하/XSV+기/ETN+없/VA+기/ETN+야/JX+너/NP+키/NNG+키/XSV+ETN"
          }
        ]
      }
    }
  ]
}