{
  "dataset": {
    "identifier": 49566,
    "name": "KAKAO_954_18_set",
    "src_path": "/data/file/cubeManager/PROJECT001/53/txt20211005163648082736/KAKAO_954_18_set/",
    "label_path": "/data/file/cubeManager/PROJECT001/53/txt20211005163648082736/KAKAO_954_18_set/",
    "category": 2,
    "type": 0
  },
  "licenses": {
    "name": "Apache License 1.0",
    "url": "http://www.apache.org/licenses/LICENSE-1.0"
  },
  "info": [
    {
      "id": 42636,
      "filename": "KAKAO_954_18.txt",
      "title": "KAKAO_954_18",
      "mediatype": "SNS",
      "medianame": "카카오톡",
      "category": "일상대화",
      "date": "2021-10-05",
      "size": 463,
      "annotations": {
        "subject": "상거래 전반",
        "speaker_type": "1:1",
        "size": 463,
        "word_size": 158,
        "text": "1 : 인터넷 쇼핑몰에서 어떤 거 주로 사?\n2 : 요즘은 닭가슴살 프로틴 이런 거 많이 사는 거 같다 키키\n1 : 오 키키 운동하는 남자야?\n2 : 어 키키 몸 만들려고 식단관리 하고 있다\n1 : 하루 세 끼 닭만 먹어?\n2 : 아니 점심은 일반식 먹고 아침저녁에 닭가슴 먹지 하하\n1 : 그렇게 하면 진짜 효과가 있어?\n2 : 어 요즘 몸 좀 달라진 거 보인다 키키\n1 : 오 키키 또 쇼핑몰로 사는 건 없어?\n2 : 옷 같은 것도 다 쇼핑몰에서 구입하지 하하\n1 : 쇼핑몰이 있어서 진짜 다행이다 맞제 ㅠㅠ\n1 : 뭐든 살 수 있어\n2 : 그러게 너도 가격 같은 거 비교 해보고 사나?\n1 : 나는 귀찮아서 비교는 안 하고 쿠팡에 최저가로 알아보고 그냥 산다 키키\n2 : 귀찮아도 비교 다 해봐야지 더 싸게 사면 좋차나\n1 : 키키 근데 할 일이 많으니까 시간 버릴까 봐 걍 산다\n2 : 알뜰하게 살아야지 ㅜㅜ\n2 : 나는 며칠 고민하다가 사는 편이라서",
        "lines": [
          {
            "id": 1,
            "text": "1 : 인터넷 쇼핑몰에서 어떤 거 주로 사?",
            "norm_text": "인터넷 쇼핑몰에서 어떤 거 주로 사?",
            "speaker": {
              "id": "1번",
              "sex": "여성",
              "age": "20대"
            },
            "speechAct": "(지시) 질문하기",
            "morpheme": "인터넷/NNG+쇼핑몰/NNG+에서/JKB+어떤/MM+거/NNB+주로/MAG+사/VV+EF"
          },
          {
            "id": 2,
            "text": "2 : 요즘은 닭가슴살 프로틴 이런 거 많이 사는 거 같다 키키",
            "norm_text": "요즘은 닭가슴살 프로틴 이런 거 많이 사는 거 같다 키키",
            "speaker": {
              "id": "2번",
              "sex": "남성",
              "age": "30대"
            },
            "speechAct": "(단언) 진술하기",
            "morpheme": "요즘/NNG+은/JX+닭/NNG+가슴살/NNG+프로/NNG+틴/NNG+이런/MM+거/NNB+많이/MAG+사/VV+는/ETM+거/NNB+같/VA+다키키/NNP"
          },
          {
            "id": 3,
            "text": "1 : 오 키키 운동하는 남자야?",
            "norm_text": "오 키키 운동하는 남자야?",
            "speaker": {
              "id": "1번",
              "sex": "여성",
              "age": "20대"
            },
            "speechAct": "(지시) 질문하기",
            "morpheme": "오키/NNP+키/NNG+운동/NNG+하/XSV+는/ETM+남자/NNG+야/VCP+EF"
          },
          {
            "id": 4,
            "text": "2 : 어 키키 몸 만들려고 식단관리 하고 있다",
            "norm_text": "어 키키 몸 만들려고 식단관리 하고 있다",
            "speaker": {
              "id": "2번",
              "sex": "남성",
              "age": "30대"
            },
            "speechAct": "(단언) 진술하기",
            "morpheme": "어/IC+키/NNG+키/NNG+몸/NNG+만들/VV+려고/EC+식단/NNG+관리/NNG+하/XSV+고/EC+있/VX+다/EC"
          },
          {
            "id": 5,
            "text": "1 : 하루 세 끼 닭만 먹어?",
            "norm_text": "하루 세 끼 닭만 먹어?",
            "speaker": {
              "id": "1번",
              "sex": "여성",
              "age": "20대"
            },
            "speechAct": "(지시) 질문하기",
            "morpheme": "하루/NNG+세끼/NNG+닭/NNG+만/JX+먹/VV+어/EF"
          },
          {
            "id": 6,
            "text": "2 : 아니 점심은 일반식 먹고 아침저녁에 닭가슴 먹지 하하",
            "norm_text": "아니 점심은 일반식 먹고 아침저녁에 닭가슴 먹지 하하",
            "speaker": {
              "id": "2번",
              "sex": "남성",
              "age": "30대"
            },
            "speechAct": "(단언) 진술하기",
            "morpheme": "아니/IC+점심/NNG+은/JX+일반식/NNG+먹/VV+고/EC+아침/NNG+저녁/NNG+에/JKB+닭/NNG+가슴/NNG+먹/VV+지/EC+하하/MAG"
          },
          {
            "id": 7,
            "text": "1 : 그렇게 하면 진짜 효과가 있어?",
            "norm_text": "그렇게 하면 진짜 효과가 있어?",
            "speaker": {
              "id": "1번",
              "sex": "여성",
              "age": "20대"
            },
            "speechAct": "(지시) 질문하기",
            "morpheme": "그렇게/MAG+하/VV+면/EC+진짜/MAG+효과/NNG+가/JKS+있/VA+어/EF"
          },
          {
            "id": 8,
            "text": "2 : 어 요즘 몸 좀 달라진 거 보인다 키키",
            "norm_text": "어 요즘 몸 좀 달라진 거 보인다 키키",
            "speaker": {
              "id": "2번",
              "sex": "남성",
              "age": "30대"
            },
            "speechAct": "(단언) 주장하기",
            "morpheme": "어/IC+요즘/MAG+몸/NNG+좀/MAG+달라진/VA+EC+VX+ETM+거/NNB+보인/VV+ETM+다키키/NNP"
          },
          {
            "id": 9,
            "text": "1 : 오 키키 또 쇼핑몰로 사는 건 없어?",
            "norm_text": "오 키키 또 쇼핑몰로 사는 건 없어?",
            "speaker": {
              "id": "1번",
              "sex": "여성",
              "age": "20대"
            },
            "speechAct": "(지시) 질문하기",
            "morpheme": "오키/NNP+키/NNG+또/MAG+쇼핑몰/NNG+로/JKB+사/VV+는/ETM+건/NNB+JX+없/VA+어/EF"
          },
          {
            "id": 10,
            "text": "2 : 옷 같은 것도 다 쇼핑몰에서 구입하지 하하",
            "norm_text": "옷 같은 것도 다 쇼핑몰에서 구입하지 하하",
            "speaker": {
              "id": "2번",
              "sex": "남성",
              "age": "30대"
            },
            "speechAct": "(단언) 주장하기",
            "morpheme": "옷/NNG+같/VA+은/ETM+것/NNB+도/JX+다/MAG+쇼핑몰/NNG+에서/JKB+구입/NNG+하/XSV+지/EC+하하/MAG"
          },
          {
            "id": 11,
            "text": "1 : 쇼핑몰이 있어서 진짜 다행이다 맞제 ㅠㅠ",
            "norm_text": "쇼핑몰이 있어서 진짜 다행이다 맞제 ㅠㅠ",
            "speaker": {
              "id": "1번",
              "sex": "여성",
              "age": "20대"
            },
            "speechAct": "(단언) 주장하기",
            "morpheme": "쇼핑몰/NNG+이/JKS+있/VV+어서/EC+진짜/MAG+다행/NNG+이/JKS+다/MAG+맞/VV+제/EC+ㅠㅠ/UNKNOWN"
          },
          {
            "id": 12,
            "text": "1 : 뭐든 살 수 있어",
            "norm_text": "뭐든 살 수 있어",
            "speaker": {
              "id": "1번",
              "sex": "여성",
              "age": "20대"
            },
            "speechAct": "(단언) 주장하기",
            "morpheme": "뭐/NP+든/VCP+EC+살/VV+ETM+수/NNB+있/VV+어/EC"
          },
          {
            "id": 13,
            "text": "2 : 그러게 너도 가격 같은 거 비교 해보고 사나?",
            "norm_text": "그러게 너도 가격 같은 거 비교 해보고 사나?",
            "speaker": {
              "id": "2번",
              "sex": "남성",
              "age": "30대"
            },
            "speechAct": "(지시) 질문하기",
            "morpheme": "그러게/IC+너/NP+도/JX+가격/NNG+같/VA+은/ETM+거/NNB+비교/NNG+해/XSV+EC+보/VX+고/EC+사/VV+나/EF"
          },
          {
            "id": 14,
            "text": "1 : 나는 귀찮아서 비교는 안 하고 쿠팡에 최저가로 알아보고 그냥 산다 키키",
            "norm_text": "나는 귀찮아서 비교는 안 하고 쿠팡에 최저가로 알아보고 그냥 산다 키키",
            "speaker": {
              "id": "1번",
              "sex": "여성",
              "age": "20대"
            },
            "speechAct": "(단언) 주장하기",
            "morpheme": "나/NP+는/JX+귀찮/VA+아서/EC+비교/NNG+는/JX+안/MAG+하/VV+고/EC+쿠팡/NNP+에/JKB+최저가/NNG+로/JKB+알아보/VV+고/EC+그냥/MAG+산다/VV+EC+키/NNG+키/XSV+ETN"
          },
          {
            "id": 15,
            "text": "2 : 귀찮아도 비교 다 해봐야지 더 싸게 사면 좋차나",
            "norm_text": "귀찮아도 비교 다 해봐야지 더 싸게 사면 좋차나",
            "speaker": {
              "id": "2번",
              "sex": "남성",
              "age": "30대"
            },
            "speechAct": "(단언) 주장하기",
            "morpheme": "귀찮/VA+아도/EC+비교/NNG+다/MAG+해/VV+EC+봐야/VX+EC+VV+지/EC+더/MAG+싸/VA+게/EC+사/VV+면/EC+좋/VA+ETM+차나/NNG"
          },
          {
            "id": 16,
            "text": "1 : 키키 근데 할 일이 많으니까 시간 버릴까 봐 걍 산다",
            "norm_text": "키키 근데 할 일이 많으니까 시간 버릴까 봐 걍 산다",
            "speaker": {
              "id": "1번",
              "sex": "여성",
              "age": "20대"
            },
            "speechAct": "(단언) 주장하기",
            "morpheme": "키/NNG+키/XSV+ETN+근데/MAJ+할/VV+ETM+일/NNG+이/JKS+많/VA+으니까/EC+시간/NNG+버릴까/VV+EC+봐/VX+EF+걍/UNKNOWN+산다/VV+EC"
          },
          {
            "id": 17,
            "text": "2 : 알뜰하게 살아야지 ㅜㅜ",
            "norm_text": "알뜰하게 살아야지 ㅜㅜ",
            "speaker": {
              "id": "2번",
              "sex": "남성",
              "age": "30대"
            },
            "speechAct": "(단언) 주장하기",
            "morpheme": "알뜰/NNG+하/XSV+게/EC+살/VV+아야지/EF+ㅜㅜ/UNKNOWN"
          },
          {
            "id": 18,
            "text": "2 : 나는 며칠 고민하다가 사는 편이라서",
            "norm_text": "나는 며칠 고민하다가 사는 편이라서",
            "speaker": {
              "id": "2번",
              "sex": "남성",
              "age": "30대"
            },
            "speechAct": "(단언) 주장하기",
            "morpheme": "나/NP+는/JX+며칠/NNG+고민/NNG+하/XSV+다가/EC+사/VV+는/ETM+편/NNB+이/VCP+라서/EC"
          }
        ]
      }
    }
  ]
}