{
  "dataset": {
    "identifier": 31426,
    "name": "KAKAO_939_10_set",
    "src_path": "/data/file/cubeManager/PROJECT001/53/txt20211005162555056019/KAKAO_939_10_set/",
    "label_path": "/data/file/cubeManager/PROJECT001/53/txt20211005162555056019/KAKAO_939_10_set/",
    "category": 2,
    "type": 0
  },
  "licenses": {
    "name": "Apache License 1.0",
    "url": "http://www.apache.org/licenses/LICENSE-1.0"
  },
  "info": [
    {
      "id": 42367,
      "filename": "KAKAO_939_10.txt",
      "title": "KAKAO_939_10",
      "mediatype": "SNS",
      "medianame": "카카오톡",
      "category": "일상대화",
      "date": "2021-10-05",
      "size": 420,
      "annotations": {
        "subject": "스포츠/레저",
        "speaker_type": "1:1",
        "size": 420,
        "word_size": 148,
        "text": "1 : 취미로 스포츠 하는 거 있음? 키키\n2 : 해보고 싶은 건 있어 암벽 등반 키키\n1 : 와? 니가? 키키\n1 : 어디 하나 부러질 것 같은데?\n2 : 응 키키 그래서 생각만 하고 있어 키키\n1 : 키키 응 계속 평생 생각만 해\n2 : 그거 하면 손바닥에 물집 엄청 잡힌대 키키\n1 : 그러니까 어릴 때 철봉만 해도 엄청 잡혔는데\n2 : 아 맞네 철봉 많이 아팠지\n1 : 그래 키키 뭐 하나 다칠 것 같다\n2 : 키키 암벽 등반 고딩 때 수련회 가서 한번 해봄\n1 : 아? 해보긴 했구나?\n1 : 그때는 괜찮았음?\n2 : 겁나 힘들던데 성공 하긴 했어 키키\n1 : 와? 그때는 체력이 좀 있었네 키키\n2 : 키키 필테 수업 하는데 강사가 나 체력 좋은 편이래\n1 : 아 진짜? 보기와 다르네 키키\n2 : 키키 내가 정말 내 몸에 무신경해서 그렇지 기본 체력은 나쁘지 않아 키키",
        "lines": [
          {
            "id": 1,
            "text": "1 : 취미로 스포츠 하는 거 있음? 키키",
            "norm_text": "취미로 스포츠 하는 거 있음? 키키",
            "speaker": {
              "id": "1번",
              "sex": "남성",
              "age": "20대"
            },
            "speechAct": "(지시) 질문하기",
            "morpheme": "취미/NNG+로/JKB+스포츠/NNG+하/XSV+는/ETM+거/NNB+있/VA+음/ETN+키/NNG+키/XSV+ETN"
          },
          {
            "id": 2,
            "text": "2 : 해보고 싶은 건 있어 암벽 등반 키키",
            "norm_text": "해보고 싶은 건 있어 암벽 등반 키키",
            "speaker": {
              "id": "2번",
              "sex": "여성",
              "age": "20대"
            },
            "speechAct": "(단언) 주장하기",
            "morpheme": "해/VV+EC+보/VX+고/EC+싶/VX+은/ETM+건/NNB+JX+있/VA+어/EC+암벽등반/NNP+키/NNG+키/XSV+ETN"
          },
          {
            "id": 3,
            "text": "1 : 와? 니가? 키키",
            "norm_text": "와? 니가? 키키",
            "speaker": {
              "id": "1번",
              "sex": "남성",
              "age": "20대"
            },
            "speechAct": "(지시) 질문하기",
            "morpheme": "와/IC+니/NP+가/JKS+키/NNG+키/XSV+ETN"
          },
          {
            "id": 4,
            "text": "1 : 어디 하나 부러질 것 같은데?",
            "norm_text": "어디 하나 부러질 것 같은데?",
            "speaker": {
              "id": "1번",
              "sex": "남성",
              "age": "20대"
            },
            "speechAct": "(지시) 질문하기",
            "morpheme": "어디/NP+하나/NR+부러질/VV+ETM+것/NNB+같/VA+은데/EF"
          },
          {
            "id": 5,
            "text": "2 : 응 키키 그래서 생각만 하고 있어 키키",
            "norm_text": "응 키키 그래서 생각만 하고 있어 키키",
            "speaker": {
              "id": "2번",
              "sex": "여성",
              "age": "20대"
            },
            "speechAct": "(단언) 주장하기",
            "morpheme": "응/IC+키/NNG+키/XSV+ETN+그래서/MAJ+생각/NNG+만/JX+하/VV+고/EC+있/VX+어/EC+키/NNG+키/XSV+ETN"
          },
          {
            "id": 6,
            "text": "1 : 키키 응 계속 평생 생각만 해",
            "norm_text": "키키 응 계속 평생 생각만 해",
            "speaker": {
              "id": "1번",
              "sex": "남성",
              "age": "20대"
            },
            "speechAct": "(단언) 주장하기",
            "morpheme": "키/NNG+키/XSV+ETN+응/IC+계속/MAG+평생/NNG+생각/NNG+만/JX+해/VV+EC"
          },
          {
            "id": 7,
            "text": "2 : 그거 하면 손바닥에 물집 엄청 잡힌대 키키",
            "norm_text": "그거 하면 손바닥에 물집 엄청 잡힌대 키키",
            "speaker": {
              "id": "2번",
              "sex": "여성",
              "age": "20대"
            },
            "speechAct": "(단언) 진술하기",
            "morpheme": "그거/NP+하/VV+면/EC+손바닥/NNG+에/JKB+물집/NNG+엄청/MAG+잡힌/VV+ETM+대/XPN+키/NNG+키/XSV+ETN"
          },
          {
            "id": 8,
            "text": "1 : 그러니까 어릴 때 철봉만 해도 엄청 잡혔는데",
            "norm_text": "그러니까 어릴 때 철봉만 해도 엄청 잡혔는데",
            "speaker": {
              "id": "1번",
              "sex": "남성",
              "age": "20대"
            },
            "speechAct": "(단언) 주장하기",
            "morpheme": "그러니까/MAJ+어릴/VA+ETM+때/NNG+철봉/NNG+만/JX+해도/VV+EC+엄청/MAG+잡혔/VV+EP+는데/EC"
          },
          {
            "id": 9,
            "text": "2 : 아 맞네 철봉 많이 아팠지",
            "norm_text": "아 맞네 철봉 많이 아팠지",
            "speaker": {
              "id": "2번",
              "sex": "여성",
              "age": "20대"
            },
            "speechAct": "(단언) 주장하기",
            "morpheme": "아/IC+맞/VV+네/EF+철봉/NNG+많이/MAG+아팠/VA+EP+지/EC"
          },
          {
            "id": 10,
            "text": "1 : 그래 키키 뭐 하나 다칠 것 같다",
            "norm_text": "그래 키키 뭐 하나 다칠 것 같다",
            "speaker": {
              "id": "1번",
              "sex": "남성",
              "age": "20대"
            },
            "speechAct": "(단언) 주장하기",
            "morpheme": "그래/IC+키/NNG+키/XSV+ETN+뭐/IC+하나/NR+다칠/VV+ETM+것/NNB+같/VA+다/EC"
          },
          {
            "id": 11,
            "text": "2 : 키키 암벽 등반 고딩 때 수련회 가서 한번 해봄",
            "norm_text": "키키 암벽 등반 고딩 때 수련회 가서 한번 해봄",
            "speaker": {
              "id": "2번",
              "sex": "여성",
              "age": "20대"
            },
            "speechAct": "(단언) 진술하기",
            "morpheme": "키키/NNP+암벽등반/NNP+고딩/NNP+때/NNG+수련/NNG+회가/NNG+서/JKB+한/MM+번/NNBC+해봄/VV+EC+VX+ETN"
          },
          {
            "id": 12,
            "text": "1 : 아? 해보긴 했구나?",
            "norm_text": "아? 해보긴 했구나?",
            "speaker": {
              "id": "1번",
              "sex": "남성",
              "age": "20대"
            },
            "speechAct": "(지시) 질문하기",
            "morpheme": "아/IC+해/VV+EC+보/VX+긴/ETN+JX+했/VX+EP+구나/EF"
          },
          {
            "id": 13,
            "text": "1 : 그때는 괜찮았음?",
            "norm_text": "그때는 괜찮았음?",
            "speaker": {
              "id": "1번",
              "sex": "남성",
              "age": "20대"
            },
            "speechAct": "(지시) 질문하기",
            "morpheme": "그때/NNG+는/JX+괜찮/VA+았/EP+음/ETN"
          },
          {
            "id": 14,
            "text": "2 : 겁나 힘들던데 성공 하긴 했어 키키",
            "norm_text": "겁나 힘들던데 성공 하긴 했어 키키",
            "speaker": {
              "id": "2번",
              "sex": "여성",
              "age": "20대"
            },
            "speechAct": "(단언) 주장하기",
            "morpheme": "겁나/MAG+힘들/VA+던데/EC+성공/NNG+하/XSV+긴/ETN+JX+했/VX+EP+어/EC+키/NNG+키/XSV+ETN"
          },
          {
            "id": 15,
            "text": "1 : 와? 그때는 체력이 좀 있었네 키키",
            "norm_text": "와? 그때는 체력이 좀 있었네 키키",
            "speaker": {
              "id": "1번",
              "sex": "남성",
              "age": "20대"
            },
            "speechAct": "(단언) 주장하기",
            "morpheme": "와/IC+그때/NNG+는/JX+체력/NNG+이/JKS+좀/MAG+있/VA+었/EP+네/EF+키/NNG+키/XSV+ETN"
          },
          {
            "id": 16,
            "text": "2 : 키키 필테 수업 하는데 강사가 나 체력 좋은 편이래",
            "norm_text": "키키 필테 수업 하는데 강사가 나 체력 좋은 편이래",
            "speaker": {
              "id": "2번",
              "sex": "여성",
              "age": "20대"
            },
            "speechAct": "(단언) 진술하기",
            "morpheme": "키/NNG+키/XSV+ETN+필/VV+ETM+테/NNG+수업/NNG+하/XSV+는/ETM+데/NNB+강사/NNG+가/JKS+나체/NNG+력/XSN+좋/VA+은/ETM+편/NNB+이/VCP+래/EC"
          },
          {
            "id": 17,
            "text": "1 : 아 진짜? 보기와 다르네 키키",
            "norm_text": "아 진짜? 보기와 다르네 키키",
            "speaker": {
              "id": "1번",
              "sex": "남성",
              "age": "20대"
            },
            "speechAct": "(단언) 주장하기",
            "morpheme": "아/IC+진짜/MAG+보/VV+기/ETN+와/JC+다르/NNP+네/XSN+키/NNG+키/XSV+ETN"
          },
          {
            "id": 18,
            "text": "2 : 키키 내가 정말 내 몸에 무신경해서 그렇지 기본 체력은 나쁘지 않아 키키",
            "norm_text": "키키 내가 정말 내 몸에 무신경해서 그렇지 기본 체력은 나쁘지 않아 키키",
            "speaker": {
              "id": "2번",
              "sex": "여성",
              "age": "20대"
            },
            "speechAct": "(단언) 주장하기",
            "morpheme": "키/NNG+키/XSV+ETN+내/NP+가/JKS+정말/MAG+내몸에/NP+JKG+NNG+JKB+무/XPN+신경/NNG+해서/XSV+EC+그렇/VA+지/EC+기본/NNG+체력/NNG+은/JX+나쁘/VA+지/EC+않/VX+아/EC+키/NNG+키/XSV+ETN"
          }
        ]
      }
    }
  ]
}