{
  "dataset": {
    "identifier": 60686,
    "name": "KAKAO_935_12_set",
    "src_path": "/data/file/cubeManager/PROJECT001/53/txt20211006121811015037/KAKAO_935_12_set/",
    "label_path": "/data/file/cubeManager/PROJECT001/53/txt20211006121811015037/KAKAO_935_12_set/",
    "category": 2,
    "type": 0
  },
  "licenses": {
    "name": "Apache License 1.0",
    "url": "http://www.apache.org/licenses/LICENSE-1.0"
  },
  "info": [
    {
      "id": 42792,
      "filename": "KAKAO_935_12.txt",
      "title": "KAKAO_935_12",
      "mediatype": "SNS",
      "medianame": "카카오톡",
      "category": "일상대화",
      "date": "2021-10-06",
      "size": 849,
      "annotations": {
        "subject": "여행",
        "speaker_type": "다자간 대화",
        "size": 849,
        "word_size": 264,
        "text": "1 : 강원도에서 반려견 동반 여행지도 댕댕여지도 낸 거 보셨어요?\n2 : 우와 강원도는 진짜로 펫 프렌들리 한 곳인 거 같아요\n3 : 맞아요 춘천에 강아지 숲도 있잖아요\n1 : 그거 보고 언제 도장 깨기처럼 해보고 싶어요\n2 : 저 그때 보내준 거 봤는데 근데 어느 도시는 약간 펜션만 있더라고요\n3 : 맞아요 놀 수 있는 곳보다는 식당이랑 펜션 위주인 지역도 있었어요\n1 : 네네 그래서 좀 괜찮은 곳 위주로 동선 짜서 가보고 싶어요\n1 : 양양도 좋더라고요\n2 : 양양 좋죠! 해수욕장도 있고\n2 : 저는 코코랑 바다를 가보고 싶거든요\n3 : 저도 그게 꿈이에요! 구름이 바다 보여주는 거\n1 : 해외로 못 가니까 국내로라도 여러 군데 다니고 싶어요\n2 : 저도요! 그런데 차가 없으니까 아무래도 불편해요\n3 : ㅠㅠ 뚜벅이는 너무 슬퍼요\n1 : 근데 우리 이제 강아지 키워서 해외여행 가기는 힘들지 않을까요?\n2 : 그건 그래요 코코는 멀미가 심해서\n3 : 진짜 가까운 곳으로밖에 못 다닐 거 같아요 중국? 일본?\n1 : 저는 제주도 1시간을 겪어봐서 ㅠ 해외 여행은 힘들지 않을까 싶어요\n2 : 배 타고 가는 건 너무 오래 걸리겠죠?\n3 : 그런데 해외에 강아지 데리고 가면 진짜 좋을 거 같긴 해요\n1 : 진짜 추억이 될 것 같긴 한데... 강아지가 너무 힘들 것 같아서 ㅠ\n1 : 그냥 국내 여행을 열심히 다녀보려고요 일단\n2 : 약간 인도네시아 발리 같은데 가서 강아지랑 같이 푸릇푸릇한 자연에서 있으면 힐링될 것 같아요\n3 : 저는 뭔가 프랑스나 이탈리아 같은 데 가서 같이 사진 찍고 싶어요\n1 : 저도 만약 같이 간다면 휴양지로 가고 싶어요 바다도 있고 그런 곳\n2 : 휴양지를 원한다면 태국 진짜 좋아요\n3 : 우와 저 아직 태국 안 가봤어요",
        "lines": [
          {
            "id": 1,
            "text": "1 : 강원도에서 반려견 동반 여행지도 댕댕여지도 낸 거 보셨어요?",
            "norm_text": "강원도에서 반려견 동반 여행지도 댕댕여지도 낸 거 보셨어요?",
            "speaker": {
              "id": "1번",
              "sex": "여성",
              "age": "30대"
            },
            "speechAct": "(지시) 질문하기",
            "morpheme": "강원도/NNP+에서/JKB+반려/NNG+견동/NNP+반/NNG+여행지/NNG+도/JX+댕댕/MAG+여지/NNG+도/JX+낸/VX+ETM+거/NNB+보/VV+셨/EP+EP+어요/EF"
          },
          {
            "id": 2,
            "text": "2 : 우와 강원도는 진짜로 펫 프렌들리 한 곳인 거 같아요",
            "norm_text": "우와 강원도는 진짜로 펫 프렌들리 한 곳인 거 같아요",
            "speaker": {
              "id": "2번",
              "sex": "여성",
              "age": "40대"
            },
            "speechAct": "(단언) 주장하기",
            "morpheme": "우와/IC+강원도/NNP+는/JX+진짜/NNG+로/JKB+펫/NNP+프렌들리/NNG+한/XSA+ETM+곳/NNG+인/VCP+ETM+거/NNB+같/VA+아요/EC"
          },
          {
            "id": 3,
            "text": "3 : 맞아요 춘천에 강아지 숲도 있잖아요",
            "norm_text": "맞아요 춘천에 강아지 숲도 있잖아요",
            "speaker": {
              "id": "3번",
              "sex": "여성",
              "age": "10대"
            },
            "speechAct": "(단언) 진술하기",
            "morpheme": "맞/VV+아요/EF+춘천/NNP+에/JKB+강아지/NNG+숲/NNG+도/JX+있/VA+잖아요/EC"
          },
          {
            "id": 4,
            "text": "1 : 그거 보고 언제 도장 깨기처럼 해보고 싶어요",
            "norm_text": "그거 보고 언제 도장 깨기처럼 해보고 싶어요",
            "speaker": {
              "id": "1번",
              "sex": "여성",
              "age": "30대"
            },
            "speechAct": "(단언) 주장하기",
            "morpheme": "그거/NP+보고/JKB+언제/MAG+도장/NNG+깨/VV+기/ETN+처럼/JKB+해/VV+EC+보/VX+고/EC+싶/VX+어요/EF"
          },
          {
            "id": 5,
            "text": "2 : 저 그때 보내준 거 봤는데 근데 어느 도시는 약간 펜션만 있더라고요",
            "norm_text": "저 그때 보내준 거 봤는데 근데 어느 도시는 약간 펜션만 있더라고요",
            "speaker": {
              "id": "2번",
              "sex": "여성",
              "age": "40대"
            },
            "speechAct": "(단언) 진술하기",
            "morpheme": "저/MM+그때/NNG+보내/VV+EC+준/VX+ETM+거/NNB+봤/VV+EP+는데/EC+근데/MAJ+어느/MM+도시/NNG+는/JX+약간/MAG+펜션/NNG+만/JX+있/VX+더라고요/EC"
          },
          {
            "id": 6,
            "text": "3 : 맞아요 놀 수 있는 곳보다는 식당이랑 펜션 위주인 지역도 있었어요",
            "norm_text": "맞아요 놀 수 있는 곳보다는 식당이랑 펜션 위주인 지역도 있었어요",
            "speaker": {
              "id": "3번",
              "sex": "여성",
              "age": "10대"
            },
            "speechAct": "(단언) 진술하기",
            "morpheme": "맞/VV+아요/EC+놀/VX+ETM+수/NNB+있/VV+는/ETM+곳/NNG+보다/JKB+는/JX+식당/NNG+이랑/JKB+펜션/NNG+위주/NNG+인/VCP+ETM+지역/NNG+도/JX+있/VA+었/EP+어요/EF"
          },
          {
            "id": 7,
            "text": "1 : 네네 그래서 좀 괜찮은 곳 위주로 동선 짜서 가보고 싶어요",
            "norm_text": "네네 그래서 좀 괜찮은 곳 위주로 동선 짜서 가보고 싶어요",
            "speaker": {
              "id": "1번",
              "sex": "여성",
              "age": "30대"
            },
            "speechAct": "(단언) 주장하기",
            "morpheme": "네네/IC+그래서/MAJ+좀/MAG+괜찮/VA+은/ETM+곳/NNG+위주/NNG+로/JKB+동선/NNG+짜/VV+서/EC+가/JKS+보/VV+고/EC+싶/VX+어요/EF"
          },
          {
            "id": 8,
            "text": "1 : 양양도 좋더라고요",
            "norm_text": "양양도 좋더라고요",
            "speaker": {
              "id": "1번",
              "sex": "여성",
              "age": "30대"
            },
            "speechAct": "(단언) 진술하기",
            "morpheme": "양양/NNG+도/JX+좋/VA+더라고요/EC"
          },
          {
            "id": 9,
            "text": "2 : 양양 좋죠! 해수욕장도 있고",
            "norm_text": "양양 좋죠! 해수욕장도 있고",
            "speaker": {
              "id": "2번",
              "sex": "여성",
              "age": "40대"
            },
            "speechAct": "(단언) 진술하기",
            "morpheme": "양양/NNP+좋/VA+죠/EF+해수욕장/NNG+도/JX+있/VA+고/EC"
          },
          {
            "id": 10,
            "text": "2 : 저는 코코랑 바다를 가보고 싶거든요",
            "norm_text": "저는 코코랑 바다를 가보고 싶거든요",
            "speaker": {
              "id": "2번",
              "sex": "여성",
              "age": "40대"
            },
            "speechAct": "(단언) 주장하기",
            "morpheme": "저/NP+는/JX+코코/NNG+랑/JKB+바다/NNG+를/JKO+가/VV+EC+보/VX+고/EC+싶/VX+거든요/EF"
          },
          {
            "id": 11,
            "text": "3 : 저도 그게 꿈이에요! 구름이 바다 보여주는 거",
            "norm_text": "저도 그게 꿈이에요! 구름이 바다 보여주는 거",
            "speaker": {
              "id": "3번",
              "sex": "여성",
              "age": "10대"
            },
            "speechAct": "(단언) 주장하기",
            "morpheme": "저/NP+도/JX+그게/NP+JKS+꿈/NNG+이/VCP+에요/EF+구름/NNG+이/JKS+바다/NNG+보여/VV+EC+주/VX+는/ETM+거/NNB"
          },
          {
            "id": 12,
            "text": "1 : 해외로 못 가니까 국내로라도 여러 군데 다니고 싶어요",
            "norm_text": "해외로 못 가니까 국내로라도 여러 군데 다니고 싶어요",
            "speaker": {
              "id": "1번",
              "sex": "여성",
              "age": "30대"
            },
            "speechAct": "(단언) 주장하기",
            "morpheme": "해외/NNG+로/JKB+못/MAG+가/VV+니까/EC+국내/NNG+로/JKB+라도/VCP+EC+여러/MM+군데/NNBC+다니/VV+고/EC+싶/VX+어요/EF"
          },
          {
            "id": 13,
            "text": "2 : 저도요! 그런데 차가 없으니까 아무래도 불편해요",
            "norm_text": "저도요! 그런데 차가 없으니까 아무래도 불편해요",
            "speaker": {
              "id": "2번",
              "sex": "여성",
              "age": "40대"
            },
            "speechAct": "(단언) 주장하기",
            "morpheme": "저/NP+도/JX+요/JX+그런데/MAJ+차/NNG+가/JKS+없/VA+으니까/EC+아무래도/MAG+불편/NNG+해요/XSV+EC"
          },
          {
            "id": 14,
            "text": "3 : ㅠㅠ 뚜벅이는 너무 슬퍼요",
            "norm_text": "ㅠㅠ 뚜벅이는 너무 슬퍼요",
            "speaker": {
              "id": "3번",
              "sex": "여성",
              "age": "10대"
            },
            "speechAct": "(단언) 주장하기",
            "morpheme": "ㅠㅠ/UNKNOWN+뚜벅/MAG+이/NP+는/JX+너무/MAG+슬퍼요/VA+EC"
          },
          {
            "id": 15,
            "text": "1 : 근데 우리 이제 강아지 키워서 해외여행 가기는 힘들지 않을까요?",
            "norm_text": "근데 우리 이제 강아지 키워서 해외여행 가기는 힘들지 않을까요?",
            "speaker": {
              "id": "1번",
              "sex": "여성",
              "age": "30대"
            },
            "speechAct": "(지시) 질문하기",
            "morpheme": "근데/MAJ+우리/NP+이제/MAG+강아지/NNG+키워서/VV+EC+해외여행/NNG+가/VV+기/ETN+는/JX+힘들/VA+지/EC+않/VX+을까요/EF"
          },
          {
            "id": 16,
            "text": "2 : 그건 그래요 코코는 멀미가 심해서",
            "norm_text": "그건 그래요 코코는 멀미가 심해서",
            "speaker": {
              "id": "2번",
              "sex": "여성",
              "age": "40대"
            },
            "speechAct": "(단언) 진술하기",
            "morpheme": "그건/NP+JX+그래요/VV+EF+코코/NNG+는/JX+멀미/NNG+가/JKS+심해서/VA+EC"
          },
          {
            "id": 17,
            "text": "3 : 진짜 가까운 곳으로밖에 못 다닐 거 같아요 중국? 일본?",
            "norm_text": "진짜 가까운 곳으로밖에 못 다닐 거 같아요 중국? 일본?",
            "speaker": {
              "id": "3번",
              "sex": "여성",
              "age": "10대"
            },
            "speechAct": "(단언) 주장하기",
            "morpheme": "진짜/MAG+가까운/VA+ETM+곳/NNG+으로/JKB+밖에/JX+못/MAG+다닐/VV+ETM+거/NNB+같/VA+아요/EF+중국/NNP+?/SY+일본/NNP"
          },
          {
            "id": 18,
            "text": "1 : 저는 제주도 1시간을 겪어봐서 ㅠ 해외 여행은 힘들지 않을까 싶어요",
            "norm_text": "저는 제주도 1시간을 겪어봐서 ㅠ 해외 여행은 힘들지 않을까 싶어요",
            "speaker": {
              "id": "1번",
              "sex": "여성",
              "age": "30대"
            },
            "speechAct": "(단언) 주장하기",
            "morpheme": "저/NP+는/JX+제주도/NNP+1/SN+시간/NNG+을/JKO+겪/VV+어/EC+봐/VX+EF+서ㅠ/UNKNOWN+해외여행/NNG+은/JX+힘들/VA+지/EC+않/VX+을까/EC+싶/VX+어요/EF"
          },
          {
            "id": 19,
            "text": "2 : 배 타고 가는 건 너무 오래 걸리겠죠?",
            "norm_text": "배 타고 가는 건 너무 오래 걸리겠죠?",
            "speaker": {
              "id": "2번",
              "sex": "여성",
              "age": "40대"
            },
            "speechAct": "(지시) 질문하기",
            "morpheme": "배/NNG+타/VV+고/EC+가/VX+는/ETM+건/NNB+JX+너무/MAG+오래/MAG+걸리/VV+겠/EP+죠/EF"
          },
          {
            "id": 20,
            "text": "3 : 그런데 해외에 강아지 데리고 가면 진짜 좋을 거 같긴 해요",
            "norm_text": "그런데 해외에 강아지 데리고 가면 진짜 좋을 거 같긴 해요",
            "speaker": {
              "id": "3번",
              "sex": "여성",
              "age": "10대"
            },
            "speechAct": "(단언) 주장하기",
            "morpheme": "그런데/MAJ+해외/NNG+에/JKB+강아지/NNG+데리/VV+고/EC+가/VX+면/EC+진짜/MAG+좋/VA+을/ETM+거/NNB+같/VA+긴/ETN+JX+해요/VX+EC"
          },
          {
            "id": 21,
            "text": "1 : 진짜 추억이 될 것 같긴 한데... 강아지가 너무 힘들 것 같아서 ㅠ",
            "norm_text": "진짜 추억이 될 것 같긴 한데... 강아지가 너무 힘들 것 같아서 ㅠ",
            "speaker": {
              "id": "1번",
              "sex": "여성",
              "age": "30대"
            },
            "speechAct": "(단언) 주장하기",
            "morpheme": "진짜/MAG+추억/NNG+이/JKS+될/VV+ETM+것/NNB+같/VA+긴/ETN+JX+한데/VX+EC+./SY+./SY+강아지/NNG+가/JKS+너무/MAG+힘들/VA+ETM+것/NNB+같/VA+아서/EC+ㅠ/UNKNOWN"
          },
          {
            "id": 22,
            "text": "1 : 그냥 국내 여행을 열심히 다녀보려고요 일단",
            "norm_text": "그냥 국내 여행을 열심히 다녀보려고요 일단",
            "speaker": {
              "id": "1번",
              "sex": "여성",
              "age": "30대"
            },
            "speechAct": "(단언) 주장하기",
            "morpheme": "그냥/MAG+국내/NNG+여행/NNG+을/JKO+열심히/MAG+다녀/VV+EC+보/VX+려고요/EC+일단/MAG"
          },
          {
            "id": 23,
            "text": "2 : 약간 인도네시아 발리 같은데 가서 강아지랑 같이 푸릇푸릇한 자연에서 있으면 힐링될 것 같아요",
            "norm_text": "약간 인도네시아 발리 같은데 가서 강아지랑 같이 푸릇푸릇한 자연에서 있으면 힐링될 것 같아요",
            "speaker": {
              "id": "2번",
              "sex": "여성",
              "age": "40대"
            },
            "speechAct": "(단언) 주장하기",
            "morpheme": "약간/MAG+인도네시아/NNP+발리/NNP+같/VA+은데/EC+가/VX+서/EC+강아지/NNG+랑/JKB+같이/MAG+푸릇푸릇/MAG+한/XSA+ETM+자연/NNG+에서/JKB+있/VV+으면/EC+힐링/NNG+될/XSV+ETM+것/NNB+같/VA+아요/EC"
          },
          {
            "id": 24,
            "text": "3 : 저는 뭔가 프랑스나 이탈리아 같은 데 가서 같이 사진 찍고 싶어요",
            "norm_text": "저는 뭔가 프랑스나 이탈리아 같은 데 가서 같이 사진 찍고 싶어요",
            "speaker": {
              "id": "3번",
              "sex": "여성",
              "age": "10대"
            },
            "speechAct": "(단언) 주장하기",
            "morpheme": "저/NP+는/JX+뭔가/NP+VCP+EC+프랑스/NNP+나/JC+이탈리아/NNP+같/VA+은데/EC+가/VX+서/EC+같이/MAG+사진/NNG+찍/VV+고/EC+싶/VX+어요/EF"
          },
          {
            "id": 25,
            "text": "1 : 저도 만약 같이 간다면 휴양지로 가고 싶어요 바다도 있고 그런 곳",
            "norm_text": "저도 만약 같이 간다면 휴양지로 가고 싶어요 바다도 있고 그런 곳",
            "speaker": {
              "id": "1번",
              "sex": "여성",
              "age": "30대"
            },
            "speechAct": "(단언) 주장하기",
            "morpheme": "저/NP+도/JX+만약/NNG+같이/JKB+간다면/VV+EC+휴양지/NNG+로/JKB+가/VV+고/EC+싶/VX+어요/EF+바다/NNG+도/JX+있/VA+고/EC+그런/MM+곳/NNG"
          },
          {
            "id": 26,
            "text": "2 : 휴양지를 원한다면 태국 진짜 좋아요",
            "norm_text": "휴양지를 원한다면 태국 진짜 좋아요",
            "speaker": {
              "id": "2번",
              "sex": "여성",
              "age": "40대"
            },
            "speechAct": "(단언) 주장하기",
            "morpheme": "휴양지/NNG+를/JKO+원한다면/VV+EC+태국/NNP+진짜/MAG+좋/VA+아요/EC"
          },
          {
            "id": 27,
            "text": "3 : 우와 저 아직 태국 안 가봤어요",
            "norm_text": "우와 저 아직 태국 안 가봤어요",
            "speaker": {
              "id": "3번",
              "sex": "여성",
              "age": "10대"
            },
            "speechAct": "(단언) 주장하기",
            "morpheme": "우와/IC+저/IC+아직/MAG+태국/NNP+안/MAG+가/VV+EC+봤/VX+EP+어요/EF"
          }
        ]
      }
    }
  ]
}