{
  "dataset": {
    "identifier": 68096,
    "name": "KAKAO_962_03_set",
    "src_path": "/data/file/cubeManager/PROJECT001/53/txt20211005163142007395/KAKAO_962_03_set/",
    "label_path": "/data/file/cubeManager/PROJECT001/53/txt20211005163142007395/KAKAO_962_03_set/",
    "category": 2,
    "type": 0
  },
  "licenses": {
    "name": "Apache License 1.0",
    "url": "http://www.apache.org/licenses/LICENSE-1.0"
  },
  "info": [
    {
      "id": 42461,
      "filename": "KAKAO_962_03.txt",
      "title": "KAKAO_962_03",
      "mediatype": "SNS",
      "medianame": "카카오톡",
      "category": "일상대화",
      "date": "2021-10-05",
      "size": 558,
      "annotations": {
        "subject": "교통",
        "speaker_type": "1:1",
        "size": 558,
        "word_size": 175,
        "text": "1 : 요즘 출퇴근 교통수단 뭐 이용해?\n2 : 지하철 ㅎ 이 시국에도 사람 많고 쪄 죽겠다\n1 : 전철이 짱이지 안 기다려도 되고 정체 없고 키키\n2 : 출퇴근 시간에는 사람 많아서 너무 싫다 ㅜㅜ\n1 : 맞지 ㅠㅠ 난 우리 집에서 지하철 역은 좀 멀어가지고 키키\n2 : 역세권이면 꿀인데 키키 돈 없는 서민은 역이랑 멀어져만 가네 ㅜㅜ\n1 : 맞아 ㅠㅠ 원래 난 버스 탔는데 이제 도보로 출근해야지 키키\n2 : 도보? 왜? 다이어트?\n1 : 돈도 아끼고 키키 다이어트도 하고 키키 자동차 있어봤자 무용지물이네\n2 : 대단하다... 난 어떻게든 안 걷고 싶은데... 그래서 살이 찌는 거겠지... ㅜㅜ\n1 : 키키 코로나 터지고 제일 먼저 자동차부터 버림 비비 마트 갈 때 정도 타네 키키\n2 : 왜? 코로나 터지고 오히려 차로 다니지 않나? 일본은 그렇다던데\n1 : 기름값 유지비 생각하면 키키 그나마 경차라 낫긴 하지 키키\n2 : 하긴... 요새 일도 없는데... 재택근무나 했음 좋겠다\n1 : 키키 걷기도 좀 하고 해랑 자전거를 타든 키키\n2 : 자전거 아마 녹슬어서 못 탈 수도 있다 키키 안 탄 지 몇 달 됨 키키",
        "lines": [
          {
            "id": 1,
            "text": "1 : 요즘 출퇴근 교통수단 뭐 이용해?",
            "norm_text": "요즘 출퇴근 교통수단 뭐 이용해?",
            "speaker": {
              "id": "1번",
              "sex": "여성",
              "age": "30대"
            },
            "speechAct": "(지시) 질문하기",
            "morpheme": "요즘/NNG+출퇴근/NNG+교통수단/NNG+뭐/IC+이용/NNG+해/XSV+EF"
          },
          {
            "id": 2,
            "text": "2 : 지하철 ㅎ 이 시국에도 사람 많고 쪄 죽겠다",
            "norm_text": "지하철 ㅎ 이 시국에도 사람 많고 쪄 죽겠다",
            "speaker": {
              "id": "2번",
              "sex": "남성",
              "age": "30대"
            },
            "speechAct": "(단언) 주장하기",
            "morpheme": "지하철/NNG+ㅎ/XSA+이/MM+시국/NNG+에/JKB+도/JX+사람/NNG+많/VA+고/EC+쪄죽/VV+겠/EP+다/EC"
          },
          {
            "id": 3,
            "text": "1 : 전철이 짱이지 안 기다려도 되고 정체 없고 키키",
            "norm_text": "전철이 짱이지 안 기다려도 되고 정체 없고 키키",
            "speaker": {
              "id": "1번",
              "sex": "여성",
              "age": "30대"
            },
            "speechAct": "(단언) 주장하기",
            "morpheme": "전철/NNG+이/JKS+짱/NNG+이/VCP+지/EC+안/MAG+기다려도/VV+EC+되/VV+고/EC+정체/NNG+없/VA+고/EC+키/NNG+키/XSV+ETN"
          },
          {
            "id": 4,
            "text": "2 : 출퇴근 시간에는 사람 많아서 너무 싫다 ㅜㅜ",
            "norm_text": "출퇴근 시간에는 사람 많아서 너무 싫다 ㅜㅜ",
            "speaker": {
              "id": "2번",
              "sex": "남성",
              "age": "30대"
            },
            "speechAct": "(단언) 주장하기",
            "morpheme": "출퇴근/NNG+시간/NNG+에/JKB+는/JX+사람/NNG+많/VA+아서/EC+너무/MAG+싫/VA+다/EF+ㅜㅜ/UNKNOWN"
          },
          {
            "id": 5,
            "text": "1 : 맞지 ㅠㅠ 난 우리 집에서 지하철 역은 좀 멀어가지고 키키",
            "norm_text": "맞지 ㅠㅠ 난 우리 집에서 지하철 역은 좀 멀어가지고 키키",
            "speaker": {
              "id": "1번",
              "sex": "여성",
              "age": "30대"
            },
            "speechAct": "(단언) 주장하기",
            "morpheme": "맞/VV+지/EC+ㅠㅠ/UNKNOWN+난/NP+JX+우리/NP+집/NNG+에서/JKB+지하철역/NNG+은/JX+좀/MAG+멀/VA+어/EC+가지/VX+고/EC+키/NNG+키/XSV+ETN"
          },
          {
            "id": 6,
            "text": "2 : 역세권이면 꿀인데 키키 돈 없는 서민은 역이랑 멀어져만 가네 ㅜㅜ",
            "norm_text": "역세권이면 꿀인데 키키 돈 없는 서민은 역이랑 멀어져만 가네 ㅜㅜ",
            "speaker": {
              "id": "2번",
              "sex": "남성",
              "age": "30대"
            },
            "speechAct": "(단언) 주장하기",
            "morpheme": "역세/NNG+권/XSN+이/VCP+면/EC+꿀/NNG+인데/VCP+EC+키/NNG+키/NNG+돈/NNG+없/VA+는/ETM+서민/NNG+은/JX+역/NNG+이랑/JKB+멀/VA+어/EC+져/VX+EC+만/JX+가/VV+네/EF+ㅜㅜ/UNKNOWN"
          },
          {
            "id": 7,
            "text": "1 : 맞아 ㅠㅠ 원래 난 버스 탔는데 이제 도보로 출근해야지 키키",
            "norm_text": "맞아 ㅠㅠ 원래 난 버스 탔는데 이제 도보로 출근해야지 키키",
            "speaker": {
              "id": "1번",
              "sex": "여성",
              "age": "30대"
            },
            "speechAct": "(단언) 주장하기",
            "morpheme": "맞/VV+아/EC+ㅠㅠ/UNKNOWN+원래/MAG+난/VV+ETM+버스/NNG+탔/VV+EP+는데/EC+이제/MAG+도보/NNG+로/JKB+출근/NNG+해야지/XSV+EC+키/NNG+키/XSV+ETN"
          },
          {
            "id": 8,
            "text": "2 : 도보? 왜? 다이어트?",
            "norm_text": "도보? 왜? 다이어트?",
            "speaker": {
              "id": "2번",
              "sex": "남성",
              "age": "30대"
            },
            "speechAct": "(지시) 질문하기",
            "morpheme": "도보/NNG+왜/MAG+다이어트/NNG"
          },
          {
            "id": 9,
            "text": "1 : 돈도 아끼고 키키 다이어트도 하고 키키 자동차 있어봤자 무용지물이네",
            "norm_text": "돈도 아끼고 키키 다이어트도 하고 키키 자동차 있어봤자 무용지물이네",
            "speaker": {
              "id": "1번",
              "sex": "여성",
              "age": "30대"
            },
            "speechAct": "(단언) 주장하기",
            "morpheme": "돈/NNG+도/JX+아끼/VV+고/EC+키/NNG+키/NNG+다이어트/NNG+도/JX+하/VV+고/EC+키/NNG+키/NNG+자동차/NNG+있/VV+어/EC+봤/VX+EP+자/EC+무용지물/NNG+이/VCP+네/EC"
          },
          {
            "id": 10,
            "text": "2 : 대단하다... 난 어떻게든 안 걷고 싶은데... 그래서 살이 찌는 거겠지... ㅜㅜ",
            "norm_text": "대단하다... 난 어떻게든 안 걷고 싶은데... 그래서 살이 찌는 거겠지... ㅜㅜ",
            "speaker": {
              "id": "2번",
              "sex": "남성",
              "age": "30대"
            },
            "speechAct": "(단언) 주장하기",
            "morpheme": "대단/XR+하/XSA+다/EF+./SY+난/NP+JX+어떻게/MAG+든/JX+안/MAG+걷/VV+고/EC+싶/VX+은데/EF+./SY+그래서/MAJ+살/NNG+이/JKS+찌/VV+는/ETM+거/NNB+겠/VCP+EP+지/EF+./SY+ㅜㅜ/UNKNOWN"
          },
          {
            "id": 11,
            "text": "1 : 키키 코로나 터지고 제일 먼저 자동차부터 버림 비비 마트 갈 때 정도 타네 키키",
            "norm_text": "키키 코로나 터지고 제일 먼저 자동차부터 버림 비비 마트 갈 때 정도 타네 키키",
            "speaker": {
              "id": "1번",
              "sex": "여성",
              "age": "30대"
            },
            "speechAct": "(단언) 주장하기",
            "morpheme": "키/NNG+키/NNG+코로나/NNG+터지/VV+고/EC+제일/MAG+먼저/MAG+자동차/NNG+부터/JX+버림/VV+ETN+비비/MAG+마트/NNG+갈/VV+ETM+때/NNG+정도/NNG+타/VV+네/EF+키/NNG+키/XSV+ETN"
          },
          {
            "id": 12,
            "text": "2 : 왜? 코로나 터지고 오히려 차로 다니지 않나? 일본은 그렇다던데",
            "norm_text": "왜? 코로나 터지고 오히려 차로 다니지 않나? 일본은 그렇다던데",
            "speaker": {
              "id": "2번",
              "sex": "남성",
              "age": "30대"
            },
            "speechAct": "(지시) 질문하기",
            "morpheme": "왜/MAG+코로나/NNG+터지/VV+고/EC+오히려/MAJ+차/NNG+로/JKB+다니/VV+지/EC+않/VX+나/EF+일본/NNP+은/JX+그렇/VA+다던데/EC"
          },
          {
            "id": 13,
            "text": "1 : 기름값 유지비 생각하면 키키 그나마 경차라 낫긴 하지 키키",
            "norm_text": "기름값 유지비 생각하면 키키 그나마 경차라 낫긴 하지 키키",
            "speaker": {
              "id": "1번",
              "sex": "여성",
              "age": "30대"
            },
            "speechAct": "(단언) 주장하기",
            "morpheme": "기름/NNG+값/NNG+유지비/NNG+생각/NNG+하/XSV+면/EC+키/NNG+키/XSV+ETN+그나마/MAG+경차/NNG+라/VCP+EC+낫/VV+긴/ETN+JX+하/VX+지/EC+키/NNG+키/XSV+ETN"
          },
          {
            "id": 14,
            "text": "2 : 하긴... 요새 일도 없는데... 재택근무나 했음 좋겠다",
            "norm_text": "하긴... 요새 일도 없는데... 재택근무나 했음 좋겠다",
            "speaker": {
              "id": "2번",
              "sex": "남성",
              "age": "30대"
            },
            "speechAct": "(단언) 주장하기",
            "morpheme": "하긴/MAJ+./SY+요새/MAG+일/NNG+도/JX+없/VA+는데/EC+./SY+./SY+재택근무/NNG+나/JX+했/VV+EP+음/ETN+좋/VA+겠/EP+다/EC"
          },
          {
            "id": 15,
            "text": "1 : 키키 걷기도 좀 하고 해랑 자전거를 타든 키키",
            "norm_text": "키키 걷기도 좀 하고 해랑 자전거를 타든 키키",
            "speaker": {
              "id": "1번",
              "sex": "여성",
              "age": "30대"
            },
            "speechAct": "(지시) 충고/제안하기",
            "morpheme": "키/NNG+키/XSV+ETN+걷/VV+기/ETN+도/JX+좀/MAG+하/VV+고/EC+해/NNG+랑/JKB+자전거/NNG+를/JKO+타/VV+든/EC+키/NNG+키/XSV+ETN"
          },
          {
            "id": 16,
            "text": "2 : 자전거 아마 녹슬어서 못 탈 수도 있다 키키 안 탄 지 몇 달 됨 키키",
            "norm_text": "자전거 아마 녹슬어서 못 탈 수도 있다 키키 안 탄 지 몇 달 됨 키키",
            "speaker": {
              "id": "2번",
              "sex": "남성",
              "age": "30대"
            },
            "speechAct": "(단언) 주장하기",
            "morpheme": "자전거/NNG+아마/MAG+녹슬/VV+어서/EC+못/MAG+탈/VV+ETM+수/NNB+도/JX+있/VA+다키키/NNP+안/MAG+탄/VV+ETM+지/NNB+몇/MM+달/NNG+됨/XSV+ETN+키/NNG+키/XSV+ETN"
          }
        ]
      }
    }
  ]
}