{
  "dataset": {
    "identifier": 39160,
    "name": "KAKAO_934_13_set",
    "src_path": "/data/file/cubeManager/PROJECT001/53/txt20211005162207041965/KAKAO_934_13_set/",
    "label_path": "/data/file/cubeManager/PROJECT001/53/txt20211005162207041965/KAKAO_934_13_set/",
    "category": 2,
    "type": 0
  },
  "licenses": {
    "name": "Apache License 1.0",
    "url": "http://www.apache.org/licenses/LICENSE-1.0"
  },
  "info": [
    {
      "id": 42250,
      "filename": "KAKAO_934_13.txt",
      "title": "KAKAO_934_13",
      "mediatype": "SNS",
      "medianame": "카카오톡",
      "category": "일상대화",
      "date": "2021-10-05",
      "size": 414,
      "annotations": {
        "subject": "계절/날씨",
        "speaker_type": "1:1",
        "size": 414,
        "word_size": 140,
        "text": "1 : 광주도 지금 비와?\n2 : 웅 아까 저녁때부터 오더라\n1 : 내일은 태풍이래!\n1 : 알고 있지 ?\n2 : 태풍의 영향인 듯 제주도로 북상한다던데\n1 : 마자 마자 근데 엄청 작아져서 걱정 안 해도 된뎅\n2 : 창문 단디 잠궈 놔야지 깨질라...\n1 : 키키 애기 깰까 봐 그런 거 걱정\n2 : 맞어 너무 바람 부니께 시끄러워서 깰까 봐\n1 : 마자 바람 너무 많이  부니까 진짜 시끄럽더라구\n2 : 어른들도 시끄러운디 애기는 더하지 않을까 싶당\n1 : 애기가 잘 때 깨고 그래?\n2 : 아니 잘 자 한번 잠들면 쭉~ 잠\n1 : 와우 효녀네 효녀야 키키\n1 : 자면 자유 시간이네?\n2 : 웅 자유 시간이지 그래서 내가 일 다녀와도 편한 것도 있어 ㅜㅜ\n1 : 남편님이 키울 만 하데?  키키\n2 : 애기는 7시에 일어나서 7시에 자니까 남편은 그래도 힘들지 ㅜㅜ",
        "lines": [
          {
            "id": 1,
            "text": "1 : 광주도 지금 비와?",
            "norm_text": "광주도 지금 비와?",
            "speaker": {
              "id": "1번",
              "sex": "여성",
              "age": "30대"
            },
            "speechAct": "(지시) 질문하기",
            "morpheme": "광주/NNP+도/JX+지금/MAG+비와/VV+EF"
          },
          {
            "id": 2,
            "text": "2 : 웅 아까 저녁때부터 오더라",
            "norm_text": "웅 아까 저녁때부터 오더라",
            "speaker": {
              "id": "2번",
              "sex": "여성",
              "age": "20대"
            },
            "speechAct": "(단언) 진술하기",
            "morpheme": "웅/IC+아까/MAG+저녁/NNG+때/NNG+부터/JX+오/VV+더라/EC"
          },
          {
            "id": 3,
            "text": "1 : 내일은 태풍이래!",
            "norm_text": "내일은 태풍이래!",
            "speaker": {
              "id": "1번",
              "sex": "여성",
              "age": "30대"
            },
            "speechAct": "(단언) 진술하기",
            "morpheme": "내일/NNG+은/JX+태풍/NNG+이/VCP+래/EF"
          },
          {
            "id": 4,
            "text": "1 : 알고 있지 ?",
            "norm_text": "알고 있지 ?",
            "speaker": {
              "id": "1번",
              "sex": "여성",
              "age": "30대"
            },
            "speechAct": "(지시) 질문하기",
            "morpheme": "알/VV+고/EC+있/VX+지/EF"
          },
          {
            "id": 5,
            "text": "2 : 태풍의 영향인 듯 제주도로 북상한다던데",
            "norm_text": "태풍의 영향인 듯 제주도로 북상한다던데",
            "speaker": {
              "id": "2번",
              "sex": "여성",
              "age": "20대"
            },
            "speechAct": "(단언) 진술하기",
            "morpheme": "태풍/NNG+의/JKG+영향/NNG+인/VCP+ETM+듯/NNB+제주도/NNP+로/JKB+북상/NNG+한다던데/XSV+EC"
          },
          {
            "id": 6,
            "text": "1 : 마자 마자 근데 엄청 작아져서 걱정 안 해도 된뎅",
            "norm_text": "마자 마자 근데 엄청 작아져서 걱정 안 해도 된뎅",
            "speaker": {
              "id": "1번",
              "sex": "여성",
              "age": "30대"
            },
            "speechAct": "(단언) 주장하기",
            "morpheme": "마자/NNG+마자/JX+근데/MAJ+엄청/MAG+작아져서/VV+EC+걱정/NNG+안/MAG+해도/VV+EC+된/VV+ETM+뎅/NNP"
          },
          {
            "id": 7,
            "text": "2 : 창문 단디 잠궈 놔야지 깨질라...",
            "norm_text": "창문 단디 잠궈 놔야지 깨질라...",
            "speaker": {
              "id": "2번",
              "sex": "여성",
              "age": "20대"
            },
            "speechAct": "(단언) 진술하기",
            "morpheme": "창문/NNG+단디/NNG+잠궈/VV+EC+놔야/VX+EC+VX+지/EC+깨/VV+질/EC+JKO+라/EF+./SY"
          },
          {
            "id": 8,
            "text": "1 : 키키 애기 깰까 봐 그런 거 걱정",
            "norm_text": "키키 애기 깰까 봐 그런 거 걱정",
            "speaker": {
              "id": "1번",
              "sex": "여성",
              "age": "30대"
            },
            "speechAct": "(단언) 주장하기",
            "morpheme": "키/NNG+키/NNG+애기/NNG+깰까/VV+EC+봐/VX+EF+그런/MM+거/NNB+걱정/NNG"
          },
          {
            "id": 9,
            "text": "2 : 맞어 너무 바람 부니께 시끄러워서 깰까 봐",
            "norm_text": "맞어 너무 바람 부니께 시끄러워서 깰까 봐",
            "speaker": {
              "id": "2번",
              "sex": "여성",
              "age": "20대"
            },
            "speechAct": "(단언) 진술하기",
            "morpheme": "맞/VV+어/EC+너무/MAG+바람/NNG+부니/NNG+께/JKB+시끄러워서/VA+EC+깰까/VV+EC+봐/VX+EC"
          },
          {
            "id": 10,
            "text": "1 : 마자 바람 너무 많이  부니까 진짜 시끄럽더라구",
            "norm_text": "마자 바람 너무 많이  부니까 진짜 시끄럽더라구",
            "speaker": {
              "id": "1번",
              "sex": "여성",
              "age": "30대"
            },
            "speechAct": "(단언) 주장하기",
            "morpheme": "마자/NNG+바람/NNG+너무/MAG+많이/MAG+부/VV+니까/EC+진짜/MAG+시끄럽/VA+더라구/EC"
          },
          {
            "id": 11,
            "text": "2 : 어른들도 시끄러운디 애기는 더하지 않을까 싶당",
            "norm_text": "어른들도 시끄러운디 애기는 더하지 않을까 싶당",
            "speaker": {
              "id": "2번",
              "sex": "여성",
              "age": "20대"
            },
            "speechAct": "(단언) 진술하기",
            "morpheme": "어른/NNG+들/XSN+도/JX+시끄러운/VA+ETM+디/NNG+애기/NNG+는/JX+더/MAG+하/VV+지/EC+않/VX+을까/EC+싶/VX+당/EF"
          },
          {
            "id": 12,
            "text": "1 : 애기가 잘 때 깨고 그래?",
            "norm_text": "애기가 잘 때 깨고 그래?",
            "speaker": {
              "id": "1번",
              "sex": "여성",
              "age": "30대"
            },
            "speechAct": "(지시) 질문하기",
            "morpheme": "애기/NNG+가/JKS+잘/MAG+때/NNG+깨/VV+고/EC+그래/VV+EF"
          },
          {
            "id": 13,
            "text": "2 : 아니 잘 자 한번 잠들면 쭉~ 잠",
            "norm_text": "아니 잘 자 한번 잠들면 쭉~ 잠",
            "speaker": {
              "id": "2번",
              "sex": "여성",
              "age": "20대"
            },
            "speechAct": "(단언) 진술하기",
            "morpheme": "아니/IC+잘/MAG+자/IC+한/MM+번/NNBC+잠들/VV+면/EC+쭉/MAG+~/SY+잠/NNG"
          },
          {
            "id": 14,
            "text": "1 : 와우 효녀네 효녀야 키키",
            "norm_text": "와우 효녀네 효녀야 키키",
            "speaker": {
              "id": "1번",
              "sex": "여성",
              "age": "30대"
            },
            "speechAct": "(표현) 긍정감정 표현하기",
            "morpheme": "와우/IC+효녀/NNG+네/XSN+효녀/NNG+야/VCP+EF+키/NNG+키/XSV+ETN"
          },
          {
            "id": 15,
            "text": "1 : 자면 자유 시간이네?",
            "norm_text": "자면 자유 시간이네?",
            "speaker": {
              "id": "1번",
              "sex": "여성",
              "age": "30대"
            },
            "speechAct": "(지시) 질문하기",
            "morpheme": "자면/NNG+자유/NNG+시간/NNG+이/VCP+네/EF"
          },
          {
            "id": 16,
            "text": "2 : 웅 자유 시간이지 그래서 내가 일 다녀와도 편한 것도 있어 ㅜㅜ",
            "norm_text": "웅 자유 시간이지 그래서 내가 일 다녀와도 편한 것도 있어 ㅜㅜ",
            "speaker": {
              "id": "2번",
              "sex": "여성",
              "age": "20대"
            },
            "speechAct": "(단언) 진술하기",
            "morpheme": "웅/IC+자유/NNG+시간/NNG+이/VCP+지/EF+그래서/MAJ+내/NP+가/JKS+일/NR+다녀와/VV+EC+도/JX+편한/VA+ETM+것/NNB+도/JX+있/VA+어/EC+ㅜㅜ/UNKNOWN"
          },
          {
            "id": 17,
            "text": "1 : 남편님이 키울 만 하데?  키키",
            "norm_text": "남편님이 키울 만 하데?  키키",
            "speaker": {
              "id": "1번",
              "sex": "여성",
              "age": "30대"
            },
            "speechAct": "(지시) 질문하기",
            "morpheme": "남편/NNG+님/XSN+이/JKS+키울/VV+ETM+만/NNB+하/XSA+데/EF+키/NNG+키/XSV+ETN"
          },
          {
            "id": 18,
            "text": "2 : 애기는 7시에 일어나서 7시에 자니까 남편은 그래도 힘들지 ㅜㅜ",
            "norm_text": "애기는 7시에 일어나서 7시에 자니까 남편은 그래도 힘들지 ㅜㅜ",
            "speaker": {
              "id": "2번",
              "sex": "여성",
              "age": "20대"
            },
            "speechAct": "(단언) 주장하기",
            "morpheme": "애기/NNG+는/JX+7/SN+시/NNBC+에/JKB+일어나/VV+서/EC+7/SN+시/NNBC+에/JKB+자/VV+니까/EC+남편/NNG+은/JX+그래도/MAJ+힘들/VA+지/EC+ㅜㅜ/UNKNOWN"
          }
        ]
      }
    }
  ]
}