{
  "dataset": {
    "identifier": 45434,
    "name": "KAKAO_948_01_set",
    "src_path": "/data/file/cubeManager/PROJECT001/53/txt20211005162048053132/KAKAO_948_01_set/",
    "label_path": "/data/file/cubeManager/PROJECT001/53/txt20211005162048053132/KAKAO_948_01_set/",
    "category": 2,
    "type": 0
  },
  "licenses": {
    "name": "Apache License 1.0",
    "url": "http://www.apache.org/licenses/LICENSE-1.0"
  },
  "info": [
    {
      "id": 42118,
      "filename": "KAKAO_948_01.txt",
      "title": "KAKAO_948_01",
      "mediatype": "SNS",
      "medianame": "카카오톡",
      "category": "일상대화",
      "date": "2021-10-05",
      "size": 507,
      "annotations": {
        "subject": "식음료",
        "speaker_type": "1:1",
        "size": 507,
        "word_size": 168,
        "text": "1 : 니는 디저트 무슨 종류 좋아해? 키키\n2 : 나는 팥빙수나 빵을 좋아해.\n2 : 너는 뭘 좋아해?\n1 : 오... 나는 원래 잘 안 먹는데 요즘 마카롱!\n2 : 아 마카롱도 맛있지!\n2 : 뚱카롱도 먹어봤어?\n1 : 응응! 완전 맛있어 키키 근데 더럽게 먹게 된다\n2 : 아 근데 나는 그거 너무 달아서 많이 못 먹겠던데?\n1 : 아 진짜?\n1 : 아메리카노랑 먹으면 맛있는데\n2 : 그렇군 키키 최대 몇 개까지 먹어봤어?\n1 : 키키 음... 최대 3개까지는 먹어본 거 같아 키키\n2 : 별로 많이 안 먹었네 하하\n2 : 나는 2개까지 먹어봤어\n1 : 오 제일 좋아하는 맛이 뭐야? 키키\n2 : 지금 딱히 생각나는 건 없는데...\n2 : 나는 치즈 들어간 건 다 좋아해 키키 너는?\n1 : 음... 나는 쿠키 들어간 거! 키키\n1 : 진짜 달게 먹네\n2 : 쿠키 들어간 것도 맛있지 키키\n2 : 베스킨라빈스 좋아해?\n1 : 응응! 완전 키키 뉴욕치즈케이크 맛있다\n2 : 어? 나도 그거 제일 좋아하는데 키키\n2 : 며칠 뒤에 먹으러 가려구",
        "lines": [
          {
            "id": 1,
            "text": "1 : 니는 디저트 무슨 종류 좋아해? 키키",
            "norm_text": "니는 디저트 무슨 종류 좋아해? 키키",
            "speaker": {
              "id": "1번",
              "sex": "여성",
              "age": "30대"
            },
            "speechAct": "(지시) 질문하기",
            "morpheme": "니/NP+는/JX+디저트/NNG+무슨/MM+종류/NNG+좋/VA+아/EC+해/VX+EF+키/NNG+키/XSV+ETN"
          },
          {
            "id": 2,
            "text": "2 : 나는 팥빙수나 빵을 좋아해.",
            "norm_text": "나는 팥빙수나 빵을 좋아해.",
            "speaker": {
              "id": "2번",
              "sex": "여성",
              "age": "30대"
            },
            "speechAct": "(단언) 주장하기",
            "morpheme": "나/NP+는/JX+팥빙수/NNP+나/JC+빵/NNG+을/JKO+좋아해/VV+EF"
          },
          {
            "id": 3,
            "text": "2 : 너는 뭘 좋아해?",
            "norm_text": "너는 뭘 좋아해?",
            "speaker": {
              "id": "2번",
              "sex": "여성",
              "age": "30대"
            },
            "speechAct": "(지시) 질문하기",
            "morpheme": "너/NP+는/JX+뭘/NP+JKO+좋/VA+아/EC+해/VX+EF"
          },
          {
            "id": 4,
            "text": "1 : 오... 나는 원래 잘 안 먹는데 요즘 마카롱!",
            "norm_text": "오... 나는 원래 잘 안 먹는데 요즘 마카롱!",
            "speaker": {
              "id": "1번",
              "sex": "여성",
              "age": "30대"
            },
            "speechAct": "(단언) 주장하기",
            "morpheme": "오/IC+./SY+나/NP+는/JX+원래/MAG+잘/MAG+안/MAG+먹/VV+는데/EC+요즘/NNG+마카롱/NNG"
          },
          {
            "id": 5,
            "text": "2 : 아 마카롱도 맛있지!",
            "norm_text": "아 마카롱도 맛있지!",
            "speaker": {
              "id": "2번",
              "sex": "여성",
              "age": "30대"
            },
            "speechAct": "(단언) 주장하기",
            "morpheme": "아/IC+마카롱/NNG+도/JX+맛있/VA+지/EF"
          },
          {
            "id": 6,
            "text": "2 : 뚱카롱도 먹어봤어?",
            "norm_text": "뚱카롱도 먹어봤어?",
            "speaker": {
              "id": "2번",
              "sex": "여성",
              "age": "30대"
            },
            "speechAct": "(지시) 질문하기",
            "morpheme": "뚱/NNG+카/NNG+롱/NNG+도/JX+먹/VV+어/EC+봤/VX+EP+어/EF"
          },
          {
            "id": 7,
            "text": "1 : 응응! 완전 맛있어 키키 근데 더럽게 먹게 된다",
            "norm_text": "응응! 완전 맛있어 키키 근데 더럽게 먹게 된다",
            "speaker": {
              "id": "1번",
              "sex": "여성",
              "age": "30대"
            },
            "speechAct": "(단언) 주장하기",
            "morpheme": "응/IC+응/IC+완전/MAG+맛있/VA+어/EC+키/NNG+키/XSV+ETN+근데/MAJ+더럽/VA+게/EC+먹/VV+게/EC+된다/VV+EC"
          },
          {
            "id": 8,
            "text": "2 : 아 근데 나는 그거 너무 달아서 많이 못 먹겠던데?",
            "norm_text": "아 근데 나는 그거 너무 달아서 많이 못 먹겠던데?",
            "speaker": {
              "id": "2번",
              "sex": "여성",
              "age": "30대"
            },
            "speechAct": "(단언) 주장하기",
            "morpheme": "아/IC+근데/MAJ+나/NP+는/JX+그거/NP+너무/MAG+달/VV+아서/EC+많이/MAG+못/MAG+먹/VV+겠/EP+던데/EF"
          },
          {
            "id": 9,
            "text": "1 : 아 진짜?",
            "norm_text": "아 진짜?",
            "speaker": {
              "id": "1번",
              "sex": "여성",
              "age": "30대"
            },
            "speechAct": "(지시) 질문하기",
            "morpheme": "아/IC+진짜/MAG"
          },
          {
            "id": 10,
            "text": "1 : 아메리카노랑 먹으면 맛있는데",
            "norm_text": "아메리카노랑 먹으면 맛있는데",
            "speaker": {
              "id": "1번",
              "sex": "여성",
              "age": "30대"
            },
            "speechAct": "(단언) 주장하기",
            "morpheme": "아메리카노/NNP+랑/JKB+먹/VV+으면/EC+맛있/VA+는데/EC"
          },
          {
            "id": 11,
            "text": "2 : 그렇군 키키 최대 몇 개까지 먹어봤어?",
            "norm_text": "그렇군 키키 최대 몇 개까지 먹어봤어?",
            "speaker": {
              "id": "2번",
              "sex": "여성",
              "age": "30대"
            },
            "speechAct": "(지시) 질문하기",
            "morpheme": "그렇/VA+군/EC+키/NNG+키/NNG+최대/NNG+몇/MM+개/NNBC+까지/JX+먹/VV+어/EC+봤/VX+EP+어/EF"
          },
          {
            "id": 12,
            "text": "1 : 키키 음... 최대 3개까지는 먹어본 거 같아 키키",
            "norm_text": "키키 음... 최대 3개까지는 먹어본 거 같아 키키",
            "speaker": {
              "id": "1번",
              "sex": "여성",
              "age": "30대"
            },
            "speechAct": "(단언) 주장하기",
            "morpheme": "키/NNG+키/XSV+ETN+음/IC+./SY+최대/NNG+3/SN+개/NNBC+까지/JX+는/JX+먹/VV+어/EC+본/VX+ETM+거/NNB+같/VA+아/EC+키/NNG+키/XSV+ETN"
          },
          {
            "id": 13,
            "text": "2 : 별로 많이 안 먹었네 하하",
            "norm_text": "별로 많이 안 먹었네 하하",
            "speaker": {
              "id": "2번",
              "sex": "여성",
              "age": "30대"
            },
            "speechAct": "(단언) 주장하기",
            "morpheme": "별로/MAG+많이/MAG+안/MAG+먹/VV+었/EP+네/EF+하하/MAG"
          },
          {
            "id": 14,
            "text": "2 : 나는 2개까지 먹어봤어",
            "norm_text": "나는 2개까지 먹어봤어",
            "speaker": {
              "id": "2번",
              "sex": "여성",
              "age": "30대"
            },
            "speechAct": "(단언) 주장하기",
            "morpheme": "나/NP+는/JX+2/SN+개/NNBC+까지/JX+먹/VV+어/EC+봤/VX+EP+어/EC"
          },
          {
            "id": 15,
            "text": "1 : 오 제일 좋아하는 맛이 뭐야? 키키",
            "norm_text": "오 제일 좋아하는 맛이 뭐야? 키키",
            "speaker": {
              "id": "1번",
              "sex": "여성",
              "age": "30대"
            },
            "speechAct": "(지시) 질문하기",
            "morpheme": "오/NR+제일/NR+좋/VA+아/EC+하/VV+는/ETM+맛/NNG+이/JKS+뭐/NP+야/VCP+EF+키/NNG+키/XSV+ETN"
          },
          {
            "id": 16,
            "text": "2 : 지금 딱히 생각나는 건 없는데...",
            "norm_text": "지금 딱히 생각나는 건 없는데...",
            "speaker": {
              "id": "2번",
              "sex": "여성",
              "age": "30대"
            },
            "speechAct": "(단언) 주장하기",
            "morpheme": "지금/MAG+딱히/MAG+생각/NNG+나/VV+는/ETM+건/NNB+JX+없/VA+는데/EC+./SY+./SY"
          },
          {
            "id": 17,
            "text": "2 : 나는 치즈 들어간 건 다 좋아해 키키 너는?",
            "norm_text": "나는 치즈 들어간 건 다 좋아해 키키 너는?",
            "speaker": {
              "id": "2번",
              "sex": "여성",
              "age": "30대"
            },
            "speechAct": "(지시) 질문하기",
            "morpheme": "나/NP+는/JX+치즈/NNG+들어간/VV+ETM+건/NNB+JX+다/MAG+좋/VA+아/EC+해/VV+EC+키/NNG+키/XSV+ETN+너/NP+는/JX"
          },
          {
            "id": 18,
            "text": "1 : 음... 나는 쿠키 들어간 거! 키키",
            "norm_text": "음... 나는 쿠키 들어간 거! 키키",
            "speaker": {
              "id": "1번",
              "sex": "여성",
              "age": "30대"
            },
            "speechAct": "(단언) 주장하기",
            "morpheme": "음/IC+./SY+나/NP+는/JX+쿠키/NNG+들어간/VV+ETM+거/NNB+키/NNG+키/XSV+ETN"
          },
          {
            "id": 19,
            "text": "1 : 진짜 달게 먹네",
            "norm_text": "진짜 달게 먹네",
            "speaker": {
              "id": "1번",
              "sex": "여성",
              "age": "30대"
            },
            "speechAct": "(단언) 주장하기",
            "morpheme": "진짜/MAG+달/VV+게/EC+먹/VV+네/EC"
          },
          {
            "id": 20,
            "text": "2 : 쿠키 들어간 것도 맛있지 키키",
            "norm_text": "쿠키 들어간 것도 맛있지 키키",
            "speaker": {
              "id": "2번",
              "sex": "여성",
              "age": "30대"
            },
            "speechAct": "(단언) 주장하기",
            "morpheme": "쿠키/NNG+들어간/VV+ETM+것/NNB+도/JX+맛있/VA+지/EC+키/NNG+키/XSV+ETN"
          },
          {
            "id": 21,
            "text": "2 : 베스킨라빈스 좋아해?",
            "norm_text": "베스킨라빈스 좋아해?",
            "speaker": {
              "id": "2번",
              "sex": "여성",
              "age": "30대"
            },
            "speechAct": "(지시) 질문하기",
            "morpheme": "베스/NNG+킨/XSV+ETN+JX+라빈/NNP+스/XSN+좋/VA+아/EC+해/VX+EF"
          },
          {
            "id": 22,
            "text": "1 : 응응! 완전 키키 뉴욕치즈케이크 맛있다",
            "norm_text": "응응! 완전 키키 뉴욕치즈케이크 맛있다",
            "speaker": {
              "id": "1번",
              "sex": "여성",
              "age": "30대"
            },
            "speechAct": "(단언) 주장하기",
            "morpheme": "응/IC+응/IC+완전/MAG+키키/NNP+뉴욕/NNP+치즈케이크/NNP+맛있/VA+다/EC"
          },
          {
            "id": 23,
            "text": "2 : 어? 나도 그거 제일 좋아하는데 키키",
            "norm_text": "어? 나도 그거 제일 좋아하는데 키키",
            "speaker": {
              "id": "2번",
              "sex": "여성",
              "age": "30대"
            },
            "speechAct": "(단언) 주장하기",
            "morpheme": "어/IC+나/NP+도/JX+그거/NP+제일/MAG+좋/VA+아/EC+하/VV+는데/EC+키/NNG+키/XSV+ETN"
          },
          {
            "id": 24,
            "text": "2 : 며칠 뒤에 먹으러 가려구",
            "norm_text": "며칠 뒤에 먹으러 가려구",
            "speaker": {
              "id": "2번",
              "sex": "여성",
              "age": "30대"
            },
            "speechAct": "(단언) 주장하기",
            "morpheme": "며칠/NNG+뒤/NNG+에/JKB+먹/VV+으러/EC+가/VX+려구/EC"
          }
        ]
      }
    }
  ]
}