{
  "dataset": {
    "identifier": 68203,
    "name": "KAKAO_961_04_set",
    "src_path": "/data/file/cubeManager/PROJECT001/53/txt20211005163155092327/KAKAO_961_04_set/",
    "label_path": "/data/file/cubeManager/PROJECT001/53/txt20211005163155092327/KAKAO_961_04_set/",
    "category": 2,
    "type": 0
  },
  "licenses": {
    "name": "Apache License 1.0",
    "url": "http://www.apache.org/licenses/LICENSE-1.0"
  },
  "info": [
    {
      "id": 42482,
      "filename": "KAKAO_961_04.txt",
      "title": "KAKAO_961_04",
      "mediatype": "SNS",
      "medianame": "카카오톡",
      "category": "일상대화",
      "date": "2021-10-05",
      "size": 527,
      "annotations": {
        "subject": "회사/아르바이트",
        "speaker_type": "1:1",
        "size": 527,
        "word_size": 165,
        "text": "1 : 지금 급여 때매 이래 치이고 저래 치이고 생각하면 직장생활이 걍 더 낫다 ㅠㅠ\n2 : 그런 것 같아. 그래도 월급 못 받는 일은 잘 없으니까\n1 : 그니까 키키 박물관도 하물며 월급은 꼬박꼬박 나왔어\n2 : 키키 맞아맞아. 나도 그래서 감사하게 생각하고 있어\n1 : 쥐꼬리만한 월급으로 참 잘 놀러 다녔네 키키\n2 : 키키 진짜 알차게 놀았지? 하하 작고 소중한 월급\n1 : 휴무도 조원들끼리만 맞아서 키키\n2 : 맞아맞아. 업무도 참 즐겁게 할 수 있었던 것 같아.\n1 : 근데 그때 크게 진상 상사도 없었고 키키\n2 : 키키 진상 상사... 그래 진정한 직장생활은 그 이후에나... 했지. 키키\n1 : 맞아 키키 거기는 진짜 키키 그 정도로 모이기 쉽지 않은데 키키\n2 : 그러니까. 요즘 학원은 어때?\n2 : 거기도 상사 같은 느낌이 있나?\n1 : 상사가 없지 키키 여기는 걍 개인주의 키키\n2 : 그래 그래서 좋기도 하고, 안 좋기도 하고. 그러네\n1 : 한 번씩 진상 라이벌은 있어 키키 헐뜯고 키키\n2 : 아 그게 너무 스트레스다. 개인사업자... ㅠㅠ",
        "lines": [
          {
            "id": 1,
            "text": "1 : 지금 급여 때매 이래 치이고 저래 치이고 생각하면 직장생활이 걍 더 낫다 ㅠㅠ",
            "norm_text": "지금 급여 때매 이래 치이고 저래 치이고 생각하면 직장생활이 걍 더 낫다 ㅠㅠ",
            "speaker": {
              "id": "1번",
              "sex": "여성",
              "age": "30대"
            },
            "speechAct": "(단언) 주장하기",
            "morpheme": "지금/MAG+급여/NNG+때/NNG+매이/NNG+래치/NNG+이/VCP+고/EC+저래/VV+EC+VX+EC+치이/VV+고/EC+생각/NNG+하/XSV+면/EC+직장/NNG+생활/NNG+이/JKS+걍더/UNKNOWN+낫/VA+다/EF+ㅠㅠ/UNKNOWN"
          },
          {
            "id": 2,
            "text": "2 : 그런 것 같아. 그래도 월급 못 받는 일은 잘 없으니까",
            "norm_text": "그런 것 같아. 그래도 월급 못 받는 일은 잘 없으니까",
            "speaker": {
              "id": "2번",
              "sex": "여성",
              "age": "30대"
            },
            "speechAct": "(단언) 주장하기",
            "morpheme": "그런/MM+것/NNB+같/VA+아/EF+그래도/MAJ+월급/NNG+못/MAG+받/VV+는/ETM+일/NNG+은/JX+잘/MAG+없/VA+으니까/EC"
          },
          {
            "id": 3,
            "text": "1 : 그니까 키키 박물관도 하물며 월급은 꼬박꼬박 나왔어",
            "norm_text": "그니까 키키 박물관도 하물며 월급은 꼬박꼬박 나왔어",
            "speaker": {
              "id": "1번",
              "sex": "여성",
              "age": "30대"
            },
            "speechAct": "(단언) 진술하기",
            "morpheme": "그니까/MAJ+키/NNG+키/NNG+박물관/NNG+도/JX+하물며/MAJ+월급/NNG+은/JX+꼬박꼬박/MAG+나왔/VV+EP+어/EC"
          },
          {
            "id": 4,
            "text": "2 : 키키 맞아맞아. 나도 그래서 감사하게 생각하고 있어",
            "norm_text": "키키 맞아맞아. 나도 그래서 감사하게 생각하고 있어",
            "speaker": {
              "id": "2번",
              "sex": "여성",
              "age": "30대"
            },
            "speechAct": "(단언) 주장하기",
            "morpheme": "키/NNG+키/XSV+ETN+맞/VV+아/EC+맞/VV+아/EF+나/NP+도/JX+그래서/MAJ+감사/NNG+하/XSV+게/EC+생각/NNG+하/XSV+고/EC+있/VX+어/EC"
          },
          {
            "id": 5,
            "text": "1 : 쥐꼬리만한 월급으로 참 잘 놀러 다녔네 키키",
            "norm_text": "쥐꼬리만한 월급으로 참 잘 놀러 다녔네 키키",
            "speaker": {
              "id": "1번",
              "sex": "여성",
              "age": "30대"
            },
            "speechAct": "(단언) 진술하기",
            "morpheme": "쥐꼬리/NNG+만/JX+한/MM+월급/NNG+으로/JKB+참/MAG+잘/MAG+놀/VV+러/EC+다녔/VV+EP+네/EF+키/NNG+키/XSV+ETN"
          },
          {
            "id": 6,
            "text": "2 : 키키 진짜 알차게 놀았지? 하하 작고 소중한 월급",
            "norm_text": "키키 진짜 알차게 놀았지? 하하 작고 소중한 월급",
            "speaker": {
              "id": "2번",
              "sex": "여성",
              "age": "30대"
            },
            "speechAct": "(지시) 질문하기",
            "morpheme": "키/NNG+키/XSV+ETN+진짜/MAG+알차/VA+게/EC+놀/VV+았/EP+지/EF+하하/MAG+작/VA+고/EC+소중/XR+한/XSA+ETM+월급/NNG"
          },
          {
            "id": 7,
            "text": "1 : 휴무도 조원들끼리만 맞아서 키키",
            "norm_text": "휴무도 조원들끼리만 맞아서 키키",
            "speaker": {
              "id": "1번",
              "sex": "여성",
              "age": "30대"
            },
            "speechAct": "(단언) 주장하기",
            "morpheme": "휴무/NNG+도/JX+조원/NNG+들/XSN+끼리/XSN+만/JX+맞/VV+아서/EC+키/NNG+키/XSV+ETN"
          },
          {
            "id": 8,
            "text": "2 : 맞아맞아. 업무도 참 즐겁게 할 수 있었던 것 같아.",
            "norm_text": "맞아맞아. 업무도 참 즐겁게 할 수 있었던 것 같아.",
            "speaker": {
              "id": "2번",
              "sex": "여성",
              "age": "30대"
            },
            "speechAct": "(단언) 진술하기",
            "morpheme": "맞/VV+아/EC+맞/VV+아/EF+업무/NNG+도/JX+참/MAG+즐겁/VA+게/EC+할/VX+ETM+수/NNB+있/VV+었/EP+던/ETM+것/NNB+같/VA+아/EF"
          },
          {
            "id": 9,
            "text": "1 : 근데 그때 크게 진상 상사도 없었고 키키",
            "norm_text": "근데 그때 크게 진상 상사도 없었고 키키",
            "speaker": {
              "id": "1번",
              "sex": "여성",
              "age": "30대"
            },
            "speechAct": "(단언) 진술하기",
            "morpheme": "근데/MAJ+그때/NNG+크/VA+게/EC+진상/NNG+상사/NNG+도/JX+없/VA+었/EP+고/EC+키/NNG+키/XSV+ETN"
          },
          {
            "id": 10,
            "text": "2 : 키키 진상 상사... 그래 진정한 직장생활은 그 이후에나... 했지. 키키",
            "norm_text": "키키 진상 상사... 그래 진정한 직장생활은 그 이후에나... 했지. 키키",
            "speaker": {
              "id": "2번",
              "sex": "여성",
              "age": "30대"
            },
            "speechAct": "(단언) 진술하기",
            "morpheme": "키/NNG+키/NNG+진상/NNG+상사/NNG+./SY+./SY+그래/IC+진정/XR+한/XSA+ETM+직장/NNG+생활/NNG+은/JX+그/MM+이후/NNG+에/JKB+나/VV+EF+./SY+했/VV+EP+지/EF+키/NNG+키/XSV+ETN"
          },
          {
            "id": 11,
            "text": "1 : 맞아 키키 거기는 진짜 키키 그 정도로 모이기 쉽지 않은데 키키",
            "norm_text": "맞아 키키 거기는 진짜 키키 그 정도로 모이기 쉽지 않은데 키키",
            "speaker": {
              "id": "1번",
              "sex": "여성",
              "age": "30대"
            },
            "speechAct": "(단언) 주장하기",
            "morpheme": "맞/VV+아/EC+키/NNG+키/XSV+ETN+거기/NP+는/JX+진짜/MAG+키/NNG+키/XSV+ETN+그/MM+정도/NNG+로/JKB+모이/VV+기/ETN+쉽/VA+지/EC+않/VX+은데/EC+키/NNG+키/XSV+ETN"
          },
          {
            "id": 12,
            "text": "2 : 그러니까. 요즘 학원은 어때?",
            "norm_text": "그러니까. 요즘 학원은 어때?",
            "speaker": {
              "id": "2번",
              "sex": "여성",
              "age": "30대"
            },
            "speechAct": "(지시) 질문하기",
            "morpheme": "그러니까/MAJ+요즘/MAG+학원/NNG+은/JX+어때/VA+EF"
          },
          {
            "id": 13,
            "text": "2 : 거기도 상사 같은 느낌이 있나?",
            "norm_text": "거기도 상사 같은 느낌이 있나?",
            "speaker": {
              "id": "2번",
              "sex": "여성",
              "age": "30대"
            },
            "speechAct": "(지시) 질문하기",
            "morpheme": "거기/NP+도/JX+상사/NNG+같/VA+은/ETM+느낌/NNG+이/JKS+있/VA+나/EF"
          },
          {
            "id": 14,
            "text": "1 : 상사가 없지 키키 여기는 걍 개인주의 키키",
            "norm_text": "상사가 없지 키키 여기는 걍 개인주의 키키",
            "speaker": {
              "id": "1번",
              "sex": "여성",
              "age": "30대"
            },
            "speechAct": "(단언) 진술하기",
            "morpheme": "상사/NNG+가/JKS+없/VA+지/EC+키/NNG+키/XSV+ETN+여기/NP+는/JX+걍개/UNKNOWN+인주/NNG+의/JKG+키/NNG+키/XSV+ETN"
          },
          {
            "id": 15,
            "text": "2 : 그래 그래서 좋기도 하고, 안 좋기도 하고. 그러네",
            "norm_text": "그래 그래서 좋기도 하고, 안 좋기도 하고. 그러네",
            "speaker": {
              "id": "2번",
              "sex": "여성",
              "age": "30대"
            },
            "speechAct": "(단언) 주장하기",
            "morpheme": "그래/IC+그래서/MAJ+좋/VA+기/ETN+도/JX+하/VV+고/EC+,/SC+안/MAG+좋/VA+기/ETN+도/JX+하/VV+고/EC+그러/VV+네/EC"
          },
          {
            "id": 16,
            "text": "1 : 한 번씩 진상 라이벌은 있어 키키 헐뜯고 키키",
            "norm_text": "한 번씩 진상 라이벌은 있어 키키 헐뜯고 키키",
            "speaker": {
              "id": "1번",
              "sex": "여성",
              "age": "30대"
            },
            "speechAct": "(단언) 진술하기",
            "morpheme": "한/MM+번/NNBC+씩/XSN+진상/NNG+라이벌/NNG+은/JX+있/VA+어/EC+키/NNG+키/XSV+ETN+헐뜯/VV+고/EC+키/NNG+키/XSV+ETN"
          },
          {
            "id": 17,
            "text": "2 : 아 그게 너무 스트레스다. 개인사업자... ㅠㅠ",
            "norm_text": "아 그게 너무 스트레스다. 개인사업자... ㅠㅠ",
            "speaker": {
              "id": "2번",
              "sex": "여성",
              "age": "30대"
            },
            "speechAct": "(단언) 주장하기",
            "morpheme": "아/IC+그게/NP+JKS+너무/MAG+스트레스/NNG+다/VCP+EF+개인/NNG+사업자/NNG+./SY+./SY+ㅠㅠ/UNKNOWN"
          }
        ]
      }
    }
  ]
}