{
  "dataset": {
    "identifier": 60149,
    "name": "KAKAO_984_09_set",
    "src_path": "/data/file/cubeManager/PROJECT001/53/txt202110061220380849104/KAKAO_984_09_set/",
    "label_path": "/data/file/cubeManager/PROJECT001/53/txt202110061220380849104/KAKAO_984_09_set/",
    "category": 2,
    "type": 0
  },
  "licenses": {
    "name": "Apache License 1.0",
    "url": "http://www.apache.org/licenses/LICENSE-1.0"
  },
  "info": [
    {
      "id": 42869,
      "filename": "KAKAO_984_09.txt",
      "title": "KAKAO_984_09",
      "mediatype": "SNS",
      "medianame": "카카오톡",
      "category": "일상대화",
      "date": "2021-10-06",
      "size": 455,
      "annotations": {
        "subject": "반려동물",
        "speaker_type": "1:1",
        "size": 455,
        "word_size": 146,
        "text": "1 : 애견카페 같은 데 가본 적 있어?\n2 : 있지. 강아지들 있는 곳\n1 : 웅 키키 서면에 덕수네 애견카페 있쟈낭 키키\n2 : 응 유명하지 거기... 거기는 안 가봤어\n1 : 강아지가 바글바글 키키 귀요미들이 많아 키키\n2 : 키키 귀요미들. 근데 너무 많으면 좀 무서워. 하하\n1 : 키키 개떼같이 달려들지 키키 짖으면서 키키\n2 : 키키 그러니까. 너무 많아서 당황스러워\n1 : 친구 집 강아지 있는데 거의 사람 수준임\n2 : 대화도 할 것 같아 곧?\n1 : 웅 일본어 선생님 오셨어요? 할 거 같은 기분이야\n2 : 키키 오랜만이네요 센세... 키키 왈왈\n1 : 간식을 주면 장판 밑에 숨겨 놨다가 밤에 먹는다 하더라 키키\n2 : 키키 와 똑똑이다. 신기해 정말\n1 : 오이 같은 거 숨겨 놓고 말라 가지고 키키\n1 : 그래도 아삭 거리면서 씹어 먹는다네 키키\n2 : 대단하다. 나도 강아지 키우면 교육을 잘 시키고 싶은데 잘 될까?",
        "lines": [
          {
            "id": 1,
            "text": "1 : 애견카페 같은 데 가본 적 있어?",
            "norm_text": "애견카페 같은 데 가본 적 있어?",
            "speaker": {
              "id": "1번",
              "sex": "여성",
              "age": "30대"
            },
            "speechAct": "(지시) 질문하기",
            "morpheme": "애견/NNG+카페/NNG+같/VA+은/ETM+데/NNB+가/JKS+본/VV+ETM+적/NNB+있/VA+어/EF"
          },
          {
            "id": 2,
            "text": "2 : 있지. 강아지들 있는 곳",
            "norm_text": "있지. 강아지들 있는 곳",
            "speaker": {
              "id": "2번",
              "sex": "여성",
              "age": "30대"
            },
            "speechAct": "(단언) 주장하기",
            "morpheme": "있/VA+지/EF+강아지/NNG+들/XSN+있/VA+는/ETM+곳/NNG"
          },
          {
            "id": 3,
            "text": "1 : 웅 키키 서면에 덕수네 애견카페 있쟈낭 키키",
            "norm_text": "웅 키키 서면에 덕수네 애견카페 있쟈낭 키키",
            "speaker": {
              "id": "1번",
              "sex": "여성",
              "age": "30대"
            },
            "speechAct": "(단언) 진술하기",
            "morpheme": "웅/IC+키/NNG+키/NNG+서면/NNG+에/JKB+덕수/NNG+네/XSN+애견/NNG+카페/NNG+있/VV+쟈/EC+낭/NNG+키/NNG+키/XSV+ETN"
          },
          {
            "id": 4,
            "text": "2 : 응 유명하지 거기... 거기는 안 가봤어",
            "norm_text": "응 유명하지 거기... 거기는 안 가봤어",
            "speaker": {
              "id": "2번",
              "sex": "여성",
              "age": "30대"
            },
            "speechAct": "(단언) 주장하기",
            "morpheme": "응/IC+유명/NNG+하/XSV+지/EC+거기/NP+./SY+거기/NP+는/JX+안/MAG+가/VV+EC+봤/VX+EP+어/EC"
          },
          {
            "id": 5,
            "text": "1 : 강아지가 바글바글 키키 귀요미들이 많아 키키",
            "norm_text": "강아지가 바글바글 키키 귀요미들이 많아 키키",
            "speaker": {
              "id": "1번",
              "sex": "여성",
              "age": "30대"
            },
            "speechAct": "(단언) 진술하기",
            "morpheme": "강아지/NNG+가/JKS+바글바글/MAG+키/NNG+키/NNG+귀요미/NNG+들/XSN+이/JKS+많/VA+아/EC+키/NNG+키/XSV+ETN"
          },
          {
            "id": 6,
            "text": "2 : 키키 귀요미들. 근데 너무 많으면 좀 무서워. 하하",
            "norm_text": "키키 귀요미들. 근데 너무 많으면 좀 무서워. 하하",
            "speaker": {
              "id": "2번",
              "sex": "여성",
              "age": "30대"
            },
            "speechAct": "(단언) 주장하기",
            "morpheme": "키/NNG+키/NNG+귀요미/NNG+들/XSN+근데/MAJ+너무/MAG+많/VA+으면/EC+좀/MAG+무서워/VA+EF+하하/MAG"
          },
          {
            "id": 7,
            "text": "1 : 키키 개떼같이 달려들지 키키 짖으면서 키키",
            "norm_text": "키키 개떼같이 달려들지 키키 짖으면서 키키",
            "speaker": {
              "id": "1번",
              "sex": "여성",
              "age": "30대"
            },
            "speechAct": "(단언) 진술하기",
            "morpheme": "키/NNG+키/NNG+개떼/NNG+같이/JKB+달려들/VV+지/EC+키/NNG+키/XSV+ETN+짖/VV+으면서/EC+키/NNG+키/XSV+ETN"
          },
          {
            "id": 8,
            "text": "2 : 키키 그러니까. 너무 많아서 당황스러워",
            "norm_text": "키키 그러니까. 너무 많아서 당황스러워",
            "speaker": {
              "id": "2번",
              "sex": "여성",
              "age": "30대"
            },
            "speechAct": "(단언) 주장하기",
            "morpheme": "키/NNG+키/XSV+ETN+그러니까/MAJ+너무/MAG+많/VA+아서/EC+당황/NNG+스러워/XSA+EC"
          },
          {
            "id": 9,
            "text": "1 : 친구 집 강아지 있는데 거의 사람 수준임",
            "norm_text": "친구 집 강아지 있는데 거의 사람 수준임",
            "speaker": {
              "id": "1번",
              "sex": "여성",
              "age": "30대"
            },
            "speechAct": "(단언) 진술하기",
            "morpheme": "친구/NNG+집/NNG+강아지/NNG+있/VV+는데/EC+거의/MAG+사람/NNG+수준/NNG+임/VCP+ETN"
          },
          {
            "id": 10,
            "text": "2 : 대화도 할 것 같아 곧?",
            "norm_text": "대화도 할 것 같아 곧?",
            "speaker": {
              "id": "2번",
              "sex": "여성",
              "age": "30대"
            },
            "speechAct": "(지시) 질문하기",
            "morpheme": "대화/NNG+도/JX+할/VV+ETM+것/NNB+같/VA+아/EC+곧/MAG"
          },
          {
            "id": 11,
            "text": "1 : 웅 일본어 선생님 오셨어요? 할 거 같은 기분이야",
            "norm_text": "웅 일본어 선생님 오셨어요? 할 거 같은 기분이야",
            "speaker": {
              "id": "1번",
              "sex": "여성",
              "age": "30대"
            },
            "speechAct": "(단언) 주장하기",
            "morpheme": "웅/IC+일본어/NNG+선생/NNG+님/XSN+오/VV+셨/EP+EP+어요/EF+할/VV+ETM+거/NNB+같/VA+은/ETM+기분/NNG+이/VCP+야/EC"
          },
          {
            "id": 12,
            "text": "2 : 키키 오랜만이네요 센세... 키키 왈왈",
            "norm_text": "키키 오랜만이네요 센세... 키키 왈왈",
            "speaker": {
              "id": "2번",
              "sex": "여성",
              "age": "30대"
            },
            "speechAct": "(단언) 주장하기",
            "morpheme": "키/NNG+키/NNG+오랜만/NNG+이/JKS+네/MM+요센/NNG+JX+세/VA+EF+./SY+키/NNG+키/NNG+왈왈/MAG"
          },
          {
            "id": 13,
            "text": "1 : 간식을 주면 장판 밑에 숨겨 놨다가 밤에 먹는다 하더라 키키",
            "norm_text": "간식을 주면 장판 밑에 숨겨 놨다가 밤에 먹는다 하더라 키키",
            "speaker": {
              "id": "1번",
              "sex": "여성",
              "age": "30대"
            },
            "speechAct": "(단언) 진술하기",
            "morpheme": "간식/NNG+을/JKO+주/VV+면/EC+장판/NNG+밑/NNG+에/JKB+숨겨놨/VV+EC+VX+EP+다가/EC+밤/NNG+에/JKB+먹/VV+는다/EC+하/VV+더라/EC+키/NNG+키/XSV+ETN"
          },
          {
            "id": 14,
            "text": "2 : 키키 와 똑똑이다. 신기해 정말",
            "norm_text": "키키 와 똑똑이다. 신기해 정말",
            "speaker": {
              "id": "2번",
              "sex": "여성",
              "age": "30대"
            },
            "speechAct": "(단언) 주장하기",
            "morpheme": "키/NNG+키/XSV+ETN+와/JC+똑똑이/NNG+다/VCP+EF+신기/XR+해/XSA+EF+정말/MAG"
          },
          {
            "id": 15,
            "text": "1 : 오이 같은 거 숨겨 놓고 말라 가지고 키키",
            "norm_text": "오이 같은 거 숨겨 놓고 말라 가지고 키키",
            "speaker": {
              "id": "1번",
              "sex": "여성",
              "age": "30대"
            },
            "speechAct": "(단언) 진술하기",
            "morpheme": "오이/IC+같/VA+은/ETM+거/NNB+숨겨/VV+EC+놓/VX+고/EC+말/VX+라/EC+가지/VX+고/EC+키/NNG+키/XSV+ETN"
          },
          {
            "id": 16,
            "text": "1 : 그래도 아삭 거리면서 씹어 먹는다네 키키",
            "norm_text": "그래도 아삭 거리면서 씹어 먹는다네 키키",
            "speaker": {
              "id": "1번",
              "sex": "여성",
              "age": "30대"
            },
            "speechAct": "(단언) 진술하기",
            "morpheme": "그래도/MAJ+아삭거리/VV+면서/EC+씹/VV+어/EC+먹/VV+는다네/EC+키/NNG+키/XSV+ETN"
          },
          {
            "id": 17,
            "text": "2 : 대단하다. 나도 강아지 키우면 교육을 잘 시키고 싶은데 잘 될까?",
            "norm_text": "대단하다. 나도 강아지 키우면 교육을 잘 시키고 싶은데 잘 될까?",
            "speaker": {
              "id": "2번",
              "sex": "여성",
              "age": "30대"
            },
            "speechAct": "(지시) 질문하기",
            "morpheme": "대단/XR+하/XSA+다/EF+나/NP+도/JX+강아지/NNG+키우/VV+면/EC+교육/NNG+을/JKO+잘/MAG+시키/VV+고/EC+싶/VX+은데/EC+잘/MAG+될까/VV+EF"
          }
        ]
      }
    }
  ]
}