{
  "dataset": {
    "identifier": 68981,
    "name": "KAKAO_930_06_set",
    "src_path": "/data/file/cubeManager/PROJECT001/53/txt20211005155835070939/KAKAO_930_06_set/",
    "label_path": "/data/file/cubeManager/PROJECT001/53/txt20211005155835070939/KAKAO_930_06_set/",
    "category": 2,
    "type": 0
  },
  "licenses": {
    "name": "Apache License 1.0",
    "url": "http://www.apache.org/licenses/LICENSE-1.0"
  },
  "info": [
    {
      "id": 41903,
      "filename": "KAKAO_930_06.txt",
      "title": "KAKAO_930_06",
      "mediatype": "SNS",
      "medianame": "카카오톡",
      "category": "일상대화",
      "date": "2021-10-05",
      "size": 655,
      "annotations": {
        "subject": "교육",
        "speaker_type": "1:1",
        "size": 655,
        "word_size": 211,
        "text": "1 : 우리도 스터디 하나 같이할래? 키키\n2 : 어떤 거? 생각해둔 거 있나?\n2 : 안 그래도 나 영어구몬 그만뒀음 자기계발할 거 필요함\n1 : 뭐하지? 사실 딱히 생각한 건 없는데...\n1 : 뭔가 자격증 딸만한 거 하면 좋을 거 같어서\n2 : 이왕하는 거 자격증 같은 남는 게 있으면 더 좋지 키키\n2 : 학교 다닐 때나 열심히 할걸\n1 : 맞제 키키 선생님 말씀을 잘 들었어야 했어... 흑\n2 : 다 인생 선배로써 하는 말들이었는데 너무 허투르 들었네 키키\n1 : 그래서 뭐하지? 키키\n1 : 난 영어는 별로고 중국어나 일본어 하고 싶다\n2 : 에이 구래도 영어가 만능이지 키키 영어 고고씽\n1 : 요즘 머 광고 보니까 영어 배우는 거 신청하면 막 단어집이랑 이것저것 많이 주데 키키\n2 : 키키 아 진짜? 해봐라 자기계발 하고 좋지\n1 : 뭐라도 하면 좀 낫겠지? 키키\n1 : 얼마 전에 빨간색 연필로 문제 풀고 동그라미 촥촥 그리고 싶어서 수능 문제집 이런 거 찾아봤잖아 나름 자기계발 하려고... 키키\n2 : 키키 수능은 에바참치 아니냐 니 수능봤나?\n1 : 키키 아니 키키 난 수시 합격했지 키키\n1 : 고3 공부 따위 하지 않았다\n2 : 나도 고3 학교 따위 나가지 않았지…\n1 : 후회는 없다... 키키 더 열심히 못 놀아서 아쉬울 뿐\n2 : 키키 나도 다시 돌아가면 더 열심히 놀 거야",
        "lines": [
          {
            "id": 1,
            "text": "1 : 우리도 스터디 하나 같이할래? 키키",
            "norm_text": "우리도 스터디 하나 같이할래? 키키",
            "speaker": {
              "id": "1번",
              "sex": "여성",
              "age": "30대"
            },
            "speechAct": "(지시) 질문하기",
            "morpheme": "우리/NP+도/JX+스터디/NNP+하나/NR+같이/MAG+할래/VV+EF+키/NNG+키/XSV+ETN"
          },
          {
            "id": 2,
            "text": "2 : 어떤 거? 생각해둔 거 있나?",
            "norm_text": "어떤 거? 생각해둔 거 있나?",
            "speaker": {
              "id": "2번",
              "sex": "여성",
              "age": "30대"
            },
            "speechAct": "(지시) 질문하기",
            "morpheme": "어떤/MM+거/NNB+생각/NNG+해/XSV+EC+둔/VX+ETM+거/NNB+있/VA+나/EF"
          },
          {
            "id": 3,
            "text": "2 : 안 그래도 나 영어구몬 그만뒀음 자기계발할 거 필요함",
            "norm_text": "안 그래도 나 영어구몬 그만뒀음 자기계발할 거 필요함",
            "speaker": {
              "id": "2번",
              "sex": "여성",
              "age": "30대"
            },
            "speechAct": "(단언) 진술하기",
            "morpheme": "안/MAG+그래도/VV+EC+나/NP+영어/NNG+구몬/NNP+그만뒀/VV+EP+음/ETN+자기/NP+계발/NNG+할/XSV+ETM+거/NNB+필요/NNG+함/XSV+ETN"
          },
          {
            "id": 4,
            "text": "1 : 뭐하지? 사실 딱히 생각한 건 없는데...",
            "norm_text": "뭐하지? 사실 딱히 생각한 건 없는데...",
            "speaker": {
              "id": "1번",
              "sex": "여성",
              "age": "30대"
            },
            "speechAct": "(지시) 질문하기",
            "morpheme": "뭐/IC+하/VV+지/EF+사실/MAG+딱히/MAG+생각/NNG+한/XSA+ETM+건/NNB+JX+없/VA+는데/EC+./SY+./SY"
          },
          {
            "id": 5,
            "text": "1 : 뭔가 자격증 딸만한 거 하면 좋을 거 같어서",
            "norm_text": "뭔가 자격증 딸만한 거 하면 좋을 거 같어서",
            "speaker": {
              "id": "1번",
              "sex": "여성",
              "age": "30대"
            },
            "speechAct": "(단언) 진술하기",
            "morpheme": "뭔가/NP+VCP+EC+자격증/NNG+딸/NNG+만/JX+한/VV+ETM+거/NNB+하/VV+면/EC+좋/VA+을/ETM+거/NNB+같/VA+어서/EC"
          },
          {
            "id": 6,
            "text": "2 : 이왕하는 거 자격증 같은 남는 게 있으면 더 좋지 키키",
            "norm_text": "이왕하는 거 자격증 같은 남는 게 있으면 더 좋지 키키",
            "speaker": {
              "id": "2번",
              "sex": "여성",
              "age": "30대"
            },
            "speechAct": "(단언) 진술하기",
            "morpheme": "이왕/NNG+하/XSV+는/ETM+거/NNB+자격증/NNG+같/VA+은/ETM+남/VV+는/ETM+게/NNB+JKS+있/VA+으면/EC+더/MAG+좋/VA+지/EC+키/NNG+키/XSV+ETN"
          },
          {
            "id": 7,
            "text": "2 : 학교 다닐 때나 열심히 할걸",
            "norm_text": "학교 다닐 때나 열심히 할걸",
            "speaker": {
              "id": "2번",
              "sex": "여성",
              "age": "30대"
            },
            "speechAct": "(단언) 진술하기",
            "morpheme": "학교/NNG+다닐/VV+ETM+때/NNG+나/JX+열심히/MAG+할걸/VV+EC"
          },
          {
            "id": 8,
            "text": "1 : 맞제 키키 선생님 말씀을 잘 들었어야 했어... 흑",
            "norm_text": "맞제 키키 선생님 말씀을 잘 들었어야 했어... 흑",
            "speaker": {
              "id": "1번",
              "sex": "여성",
              "age": "30대"
            },
            "speechAct": "(단언) 진술하기",
            "morpheme": "맞/VV+제/EC+키/NNG+키/NNG+선생/NNG+님/XSN+말씀/NNG+을/JKO+잘/MAG+들/VV+었/EP+어야/EC+했/VX+EP+어/EF+./SY+흑/IC"
          },
          {
            "id": 9,
            "text": "2 : 다 인생 선배로써 하는 말들이었는데 너무 허투르 들었네 키키",
            "norm_text": "다 인생 선배로써 하는 말들이었는데 너무 허투르 들었네 키키",
            "speaker": {
              "id": "2번",
              "sex": "여성",
              "age": "30대"
            },
            "speechAct": "(단언) 진술하기",
            "morpheme": "다/MAG+인생/NNG+선배/NNG+로써/JKB+하/VV+는/ETM+말/NNG+들/XSN+이/VCP+었/EP+는데/EC+너무/MAG+허투/NNG+르/NNG+들/VV+었/EP+네/EF+키/NNG+키/XSV+ETN"
          },
          {
            "id": 10,
            "text": "1 : 그래서 뭐하지? 키키",
            "norm_text": "그래서 뭐하지? 키키",
            "speaker": {
              "id": "1번",
              "sex": "여성",
              "age": "30대"
            },
            "speechAct": "(지시) 질문하기",
            "morpheme": "그래서/MAJ+뭐/IC+하/VV+지/EF+키/NNG+키/XSV+ETN"
          },
          {
            "id": 11,
            "text": "1 : 난 영어는 별로고 중국어나 일본어 하고 싶다",
            "norm_text": "난 영어는 별로고 중국어나 일본어 하고 싶다",
            "speaker": {
              "id": "1번",
              "sex": "여성",
              "age": "30대"
            },
            "speechAct": "(단언) 진술하기",
            "morpheme": "난/NP+JX+영어/NNG+는/JX+별로/MAG+고/XPN+중국어/NNG+나/JC+일본어/NNG+하/XSV+고/EC+싶/VX+다/EC"
          },
          {
            "id": 12,
            "text": "2 : 에이 구래도 영어가 만능이지 키키 영어 고고씽",
            "norm_text": "에이 구래도 영어가 만능이지 키키 영어 고고씽",
            "speaker": {
              "id": "2번",
              "sex": "여성",
              "age": "30대"
            },
            "speechAct": "(단언) 진술하기",
            "morpheme": "에이/NNG+구래/NNG+도/JX+영어/NNG+가/JKS+만능/NNG+이/VCP+지/EC+키/NNG+키/NNG+영어/NNG+고고씽/NNP"
          },
          {
            "id": 13,
            "text": "1 : 요즘 머 광고 보니까 영어 배우는 거 신청하면 막 단어집이랑 이것저것 많이 주데 키키",
            "norm_text": "요즘 머 광고 보니까 영어 배우는 거 신청하면 막 단어집이랑 이것저것 많이 주데 키키",
            "speaker": {
              "id": "1번",
              "sex": "여성",
              "age": "30대"
            },
            "speechAct": "(단언) 진술하기",
            "morpheme": "요즘/MAG+머/IC+광고/NNG+보/VV+니까/EC+영어/NNG+배우/VV+는/ETM+거/NNB+신청/NNG+하/XSV+면/EC+막/NNG+단어집/NNG+이랑/JKB+이것저것/NNG+많이/MAG+주/NNP+데키/NNP+키/NNG"
          },
          {
            "id": 14,
            "text": "2 : 키키 아 진짜? 해봐라 자기계발 하고 좋지",
            "norm_text": "키키 아 진짜? 해봐라 자기계발 하고 좋지",
            "speaker": {
              "id": "2번",
              "sex": "여성",
              "age": "30대"
            },
            "speechAct": "(단언) 진술하기",
            "morpheme": "키/NNG+키/VV+아/EC+진짜/MAG+해/VV+EC+봐라/VX+EF+자기/NP+계발/NNG+하/XSV+고/EC+좋/VA+지/EC"
          },
          {
            "id": 15,
            "text": "1 : 뭐라도 하면 좀 낫겠지? 키키",
            "norm_text": "뭐라도 하면 좀 낫겠지? 키키",
            "speaker": {
              "id": "1번",
              "sex": "여성",
              "age": "30대"
            },
            "speechAct": "(단언) 진술하기",
            "morpheme": "뭐/NP+라도/VCP+EC+하/VV+면/EC+좀/MAG+낫/VA+겠/EP+지/EF+키/NNG+키/XSV+ETN"
          },
          {
            "id": 16,
            "text": "1 : 얼마 전에 빨간색 연필로 문제 풀고 동그라미 촥촥 그리고 싶어서 수능 문제집 이런 거 찾아봤잖아 나름 자기계발 하려고... 키키",
            "norm_text": "얼마 전에 빨간색 연필로 문제 풀고 동그라미 촥촥 그리고 싶어서 수능 문제집 이런 거 찾아봤잖아 나름 자기계발 하려고... 키키",
            "speaker": {
              "id": "1번",
              "sex": "여성",
              "age": "30대"
            },
            "speechAct": "(단언) 진술하기",
            "morpheme": "얼마전에빨간색연필로문제풀고동그라미촥촥그리고싶어서수능문제집이런거찾아봤잖아나름자기계발하려고/UNKNOWN+./SY+키/NNG+키/XSV+ETN"
          },
          {
            "id": 17,
            "text": "2 : 키키 수능은 에바참치 아니냐 니 수능봤나?",
            "norm_text": "키키 수능은 에바참치 아니냐 니 수능봤나?",
            "speaker": {
              "id": "2번",
              "sex": "여성",
              "age": "30대"
            },
            "speechAct": "(지시) 질문하기",
            "morpheme": "키/NNG+키/NNG+수능/NNG+은/JX+에바/NNP+참치/NNG+아니/VCN+냐니/EF+수능/NNG+봤/VV+EP+나/EF"
          },
          {
            "id": 18,
            "text": "1 : 키키 아니 키키 난 수시 합격했지 키키",
            "norm_text": "키키 아니 키키 난 수시 합격했지 키키",
            "speaker": {
              "id": "1번",
              "sex": "여성",
              "age": "30대"
            },
            "speechAct": "(단언) 진술하기",
            "morpheme": "키키/NNP+아니키/NNP+키난/NNP+수시/NNG+합격/NNG+했/XSV+EP+지/EC+키/NNG+키/XSV+ETN"
          },
          {
            "id": 19,
            "text": "1 : 고3 공부 따위 하지 않았다",
            "norm_text": "고3 공부 따위 하지 않았다",
            "speaker": {
              "id": "1번",
              "sex": "여성",
              "age": "30대"
            },
            "speechAct": "(단언) 진술하기",
            "morpheme": "고/MM+3/SN+공부/NNG+따위/NNB+하/VV+지/EC+않/VX+았/EP+다/EC"
          },
          {
            "id": 20,
            "text": "2 : 나도 고3 학교 따위 나가지 않았지…",
            "norm_text": "나도 고3 학교 따위 나가지 않았지…",
            "speaker": {
              "id": "2번",
              "sex": "여성",
              "age": "30대"
            },
            "speechAct": "(단언) 진술하기",
            "morpheme": "나/NP+도/JX+고/XPN+3/SN+학교/NNG+따위/NNB+나가/VV+지/EC+않/VX+았/EP+지/EC+…/SE"
          },
          {
            "id": 21,
            "text": "1 : 후회는 없다... 키키 더 열심히 못 놀아서 아쉬울 뿐",
            "norm_text": "후회는 없다... 키키 더 열심히 못 놀아서 아쉬울 뿐",
            "speaker": {
              "id": "1번",
              "sex": "여성",
              "age": "30대"
            },
            "speechAct": "(단언) 진술하기",
            "morpheme": "후회/NNG+는/JX+없/VA+다/EF+./SY+키/NNG+키/NNG+더/MAG+열심히/MAG+못/MAG+놀/VV+아서/EC+아쉬울/VA+ETM+뿐/NNB"
          },
          {
            "id": 22,
            "text": "2 : 키키 나도 다시 돌아가면 더 열심히 놀 거야",
            "norm_text": "ㅋㅋ나도 다시돌아가면 더열심히 놀거야",
            "speaker": {
              "id": "2번",
              "sex": "여성",
              "age": "30대"
            },
            "speechAct": "N/A",
            "morpheme": "ㅋㅋ/UNKNOWN+나/NP+도/JX+다시/MAG+돌아가/VV+면/EC+더/MAG+열심히/MAG+놀/VV+ETM+거/NNB+야/VCP+EF"
          }
        ]
      }
    }
  ]
}