{
  "dataset": {
    "identifier": 39847,
    "name": "KAKAO_931_11_set",
    "src_path": "/data/file/cubeManager/PROJECT001/53/txt20211005162130068880/KAKAO_931_11_set/",
    "label_path": "/data/file/cubeManager/PROJECT001/53/txt20211005162130068880/KAKAO_931_11_set/",
    "category": 2,
    "type": 0
  },
  "licenses": {
    "name": "Apache License 1.0",
    "url": "http://www.apache.org/licenses/LICENSE-1.0"
  },
  "info": [
    {
      "id": 42188,
      "filename": "KAKAO_931_11.txt",
      "title": "KAKAO_931_11",
      "mediatype": "SNS",
      "medianame": "카카오톡",
      "category": "일상대화",
      "date": "2021-10-05",
      "size": 468,
      "annotations": {
        "subject": "게임",
        "speaker_type": "1:1",
        "size": 468,
        "word_size": 161,
        "text": "1 : 니 옛날에 하던 눈싸움 게임 혹시 기억나나\n2 : 어어 알지 키키 그거 초딩 때 컴퓨터 실에서 했었음\n1 : 어 키키 나도 역시 국룰인가 컴터실에서 하는 거 키키\n2 : 응응 맞아 그거 맨날 눈치 보면서 했었음\n1 : 키키 나도 키키 그거 다시 다운 받아서 요즘 함\n2 : 키키 야 시간 많나 왜 그런 걸 해\n1 : 진짜 일하다가 넘 스트레스 받을 때 눈 집어 던짐 키키\n2 : 스트레스 푸는 게임으로는 화면 깨기가 국룰이지\n1 : 아 키키 맞아 우리 세대는 다 기억하지\n2 : 대유잼이었는데 키키 전기톱이랑 개미랑 또 뭐 있었지?\n1 : 키키 몰라 뭐 던지고 그런 것도 있지 않았나?\n2 : 그거 다운 받고 싶음 키키 요새 화가 가득 찼음\n1 : 요새 힘드나? 키키\n1 : 야 퇴사해 그 방법뿐임\n2 : 응응 나도 하루 종일 집에서 게임만 하고 싶음\n1 : 맞다 니 카트 고수잖아 키키 주말에 카트 ㄱㄱ?\n2 : 응응 가자 진짜 좀 달려야 스트레스 풀릴 듯",
        "lines": [
          {
            "id": 1,
            "text": "1 : 니 옛날에 하던 눈싸움 게임 혹시 기억나나",
            "norm_text": "니 옛날에 하던 눈싸움 게임 혹시 기억나나",
            "speaker": {
              "id": "1번",
              "sex": "여성",
              "age": "20대"
            },
            "speechAct": "(지시) 질문하기",
            "morpheme": "니/MM+옛날/NNG+에/JKB+하/VV+던/ETM+눈싸움/NNG+게임/NNG+혹시/MAG+기억/NNG+나나/NNG"
          },
          {
            "id": 2,
            "text": "2 : 어어 알지 키키 그거 초딩 때 컴퓨터 실에서 했었음",
            "norm_text": "어어 알지 키키 그거 초딩 때 컴퓨터 실에서 했었음",
            "speaker": {
              "id": "2번",
              "sex": "여성",
              "age": "20대"
            },
            "speechAct": "(단언) 진술하기",
            "morpheme": "어/IC+어/IC+알/VV+지/EC+키/NNG+키/XSV+ETN+그거/NP+초딩/NNG+때/NNG+컴퓨터/NNG+실/NNG+에서/JKB+했었/VV+EP+음/ETN"
          },
          {
            "id": 3,
            "text": "1 : 어 키키 나도 역시 국룰인가 컴터실에서 하는 거 키키",
            "norm_text": "어 키키 나도 역시 국룰인가 컴터실에서 하는 거 키키",
            "speaker": {
              "id": "1번",
              "sex": "여성",
              "age": "20대"
            },
            "speechAct": "(단언) 주장하기",
            "morpheme": "어/IC+키/NNG+키나/XSA+ETN+JX+도역/NNG+시국/NNG+룰/NNG+인가/VCP+EC+컴터/UNKNOWN+실/NNG+에서/JKB+하/VV+는/ETM+거/NNB+키/NNG+키/XSV+ETN"
          },
          {
            "id": 4,
            "text": "2 : 응응 맞아 그거 맨날 눈치 보면서 했었음",
            "norm_text": "응응 맞아 그거 맨날 눈치 보면서 했었음",
            "speaker": {
              "id": "2번",
              "sex": "여성",
              "age": "20대"
            },
            "speechAct": "(단언) 진술하기",
            "morpheme": "응응/MAG+맞/VV+아/EC+그거/NP+맨날/MAG+눈치보/VV+면서/EC+했었/VX+EP+음/ETN"
          },
          {
            "id": 5,
            "text": "1 : 키키 나도 키키 그거 다시 다운 받아서 요즘 함",
            "norm_text": "키키 나도 키키 그거 다시 다운 받아서 요즘 함",
            "speaker": {
              "id": "1번",
              "sex": "여성",
              "age": "20대"
            },
            "speechAct": "(단언) 진술하기",
            "morpheme": "키/NNG+키나/XSA+ETN+JX+도키/NNG+키/XSV+ETN+그거/NP+다시/MAG+다운/NNG+받/VV+아서/EC+요즘/NNG+함/XSV+ETN"
          },
          {
            "id": 6,
            "text": "2 : 키키 야 시간 많나 왜 그런 걸 해",
            "norm_text": "키키 야 시간 많나 왜 그런 걸 해",
            "speaker": {
              "id": "2번",
              "sex": "여성",
              "age": "20대"
            },
            "speechAct": "(지시) 질문하기",
            "morpheme": "키/NNG+키/XSV+ETN+야/JX+시간/NNG+많/VA+나/EF+왜/MAG+그런/MM+걸/NNB+JKO+해/VV+EC"
          },
          {
            "id": 7,
            "text": "1 : 진짜 일하다가 넘 스트레스 받을 때 눈 집어 던짐 키키",
            "norm_text": "진짜 일하다가 넘 스트레스 받을 때 눈 집어 던짐 키키",
            "speaker": {
              "id": "1번",
              "sex": "여성",
              "age": "20대"
            },
            "speechAct": "(단언) 진술하기",
            "morpheme": "진짜/MAG+일/NNG+하/XSV+다가/EC+넘/MAG+스트레스/NNG+받/VV+을/ETM+때/NNG+눈집/NNG+어/IC+던짐/NNG+키/NNG+키/XSV+ETN"
          },
          {
            "id": 8,
            "text": "2 : 스트레스 푸는 게임으로는 화면 깨기가 국룰이지",
            "norm_text": "스트레스 푸는 게임으로는 화면 깨기가 국룰이지",
            "speaker": {
              "id": "2번",
              "sex": "여성",
              "age": "20대"
            },
            "speechAct": "(단언) 주장하기",
            "morpheme": "스트레스/NNG+푸/VV+는/ETM+게임/NNG+으로/JKB+는/JX+화면/NNG+깨/VV+기/ETN+가국/NNG+룰/NNG+이/VCP+지/EC"
          },
          {
            "id": 9,
            "text": "1 : 아 키키 맞아 우리 세대는 다 기억하지",
            "norm_text": "아 키키 맞아 우리 세대는 다 기억하지",
            "speaker": {
              "id": "1번",
              "sex": "여성",
              "age": "20대"
            },
            "speechAct": "(단언) 주장하기",
            "morpheme": "아키/NNP+키/NNG+맞/VV+아/EC+우리/NP+세대/NNG+는/JX+다/MAG+기억/NNG+하/XSV+지/EC"
          },
          {
            "id": 10,
            "text": "2 : 대유잼이었는데 키키 전기톱이랑 개미랑 또 뭐 있었지?",
            "norm_text": "대유잼이었는데 키키 전기톱이랑 개미랑 또 뭐 있었지?",
            "speaker": {
              "id": "2번",
              "sex": "여성",
              "age": "20대"
            },
            "speechAct": "(지시) 질문하기",
            "morpheme": "대유/NNG+잼/NNG+이/VCP+었/EP+는데/EC+키/NNG+키/NNG+전기톱/NNG+이랑/JKB+개미/NNG+랑/JKB+또/MAG+뭐/IC+있/VA+었/EP+지/EF"
          },
          {
            "id": 11,
            "text": "1 : 키키 몰라 뭐 던지고 그런 것도 있지 않았나?",
            "norm_text": "키키 몰라 뭐 던지고 그런 것도 있지 않았나?",
            "speaker": {
              "id": "1번",
              "sex": "여성",
              "age": "20대"
            },
            "speechAct": "(지시) 질문하기",
            "morpheme": "키/NNG+키/XSV+ETN+몰라/VV+EF+뭐/IC+던지/VV+고/EC+그런/MM+것/NNB+도/JX+있/VA+지/EC+않/VX+았/EP+나/EF"
          },
          {
            "id": 12,
            "text": "2 : 그거 다운 받고 싶음 키키 요새 화가 가득 찼음",
            "norm_text": "그거 다운 받고 싶음 키키 요새 화가 가득 찼음",
            "speaker": {
              "id": "2번",
              "sex": "여성",
              "age": "20대"
            },
            "speechAct": "(단언) 주장하기",
            "morpheme": "그거/NP+다운/XSA+ETM+받/VV+고/EC+싶/VX+음/ETN+키/NNG+키/NNG+요새화/NNG+가/JKS+가득/MAG+찼/VV+EP+음/ETN"
          },
          {
            "id": 13,
            "text": "1 : 요새 힘드나? 키키",
            "norm_text": "요새 힘드나? 키키",
            "speaker": {
              "id": "1번",
              "sex": "여성",
              "age": "20대"
            },
            "speechAct": "(지시) 질문하기",
            "morpheme": "요새/MAG+힘드/VA+나/EF+키/NNG+키/XSV+ETN"
          },
          {
            "id": 14,
            "text": "1 : 야 퇴사해 그 방법뿐임",
            "norm_text": "야 퇴사해 그 방법뿐임",
            "speaker": {
              "id": "1번",
              "sex": "여성",
              "age": "20대"
            },
            "speechAct": "(단언) 주장하기",
            "morpheme": "야/IC+퇴사/NNG+해/XSV+EC+그/MM+방법/NNG+뿐/JX+임/VCP+ETN"
          },
          {
            "id": 15,
            "text": "2 : 응응 나도 하루 종일 집에서 게임만 하고 싶음",
            "norm_text": "응응 나도 하루 종일 집에서 게임만 하고 싶음",
            "speaker": {
              "id": "2번",
              "sex": "여성",
              "age": "20대"
            },
            "speechAct": "(단언) 주장하기",
            "morpheme": "응/IC+응/IC+나/NP+도/JX+하루/NNG+종일/NNG+집/NNG+에서/JKB+게임/NNG+만/JX+하/VV+고/EC+싶/VX+음/ETN"
          },
          {
            "id": 16,
            "text": "1 : 맞다 니 카트 고수잖아 키키 주말에 카트 ㄱㄱ?",
            "norm_text": "맞다 니 카트 고수잖아 키키 주말에 카트 ㄱㄱ?",
            "speaker": {
              "id": "1번",
              "sex": "여성",
              "age": "20대"
            },
            "speechAct": "(지시) 질문하기",
            "morpheme": "맞/VV+다니/EC+카트/NNG+고수/NNG+잖아/VCP+EC+VX+EC+키/NNG+키/NNG+주말/NNG+에/JKB+카트/NNG+ㄱ/NNG+ㄱ/NNG"
          },
          {
            "id": 17,
            "text": "2 : 응응 가자 진짜 좀 달려야 스트레스 풀릴 듯",
            "norm_text": "응응 가자 진짜 좀 달려야 스트레스 풀릴 듯",
            "speaker": {
              "id": "2번",
              "sex": "여성",
              "age": "20대"
            },
            "speechAct": "(언약) 약속하기(제3자와)/(개인적 수준)",
            "morpheme": "응응/MAG+가/VV+자/EC+진짜/MAG+좀/MAG+달려야/VV+EC+스트레스/NNG+풀릴/VV+ETM+듯/NNB"
          }
        ]
      }
    }
  ]
}