{
  "dataset": {
    "identifier": 58383,
    "name": "KAKAO_995_12_set",
    "src_path": "/data/file/cubeManager/PROJECT001/53/txt20211007112741009667/KAKAO_995_12_set/",
    "label_path": "/data/file/cubeManager/PROJECT001/53/txt20211007112741009667/KAKAO_995_12_set/",
    "category": 2,
    "type": 0
  },
  "licenses": {
    "name": "Apache License 1.0",
    "url": "http://www.apache.org/licenses/LICENSE-1.0"
  },
  "info": [
    {
      "id": 47426,
      "filename": "KAKAO_995_12.txt",
      "title": "KAKAO_995_12",
      "mediatype": "SNS",
      "medianame": "카카오톡",
      "category": "일상대화",
      "date": "2021-10-07",
      "size": 695,
      "annotations": {
        "subject": "여행",
        "speaker_type": "다자간 대화",
        "size": 695,
        "word_size": 237,
        "text": "1 : 아 우리 여행 언제 강?\n1 : 나 힐링 너무 필요\n2 : 일단 시간을 마련해야 해요\n3 : 우리 한 달에 한 5만 원씩 모아서 내년 여름쯤에 호캉스 가자\n1 : 여름에? 휴가 한 번 있는 걸 너희랑 써야 할까?\n1 : 걍 올 겨울에 가자\n2 : 엥 오만 원...? 나 한 달 생활비 5만원인데…\n3 : 여행이 돈이 많이 들어,\n1 : 인정... ** 연애도 안 해보고 게임도 안 해보고 여행도 안 해보고 물가도 모르고...\n2 : 해외 여행이면 인정 해외 가자\n3 : 해외는 어떻게 가 코시국인데...\n1 : 인정. 인류애 상실했어?\n1 : 모두들 건강해야 할 거 아니야 ㅠ\n2 : 내년에는 갈 수 있지 않을까...\n2 : 국내 여행도 좋지...\n3 : 그리고 **는 백신도 안 맞아서 못 갈걸\n1 : 앆 내가 빨리 맞아볼게 근데 진짜 귀찮아\n2 : 키키 아니 뭐가 귀찮다는겨\n2 : 맞는 거 얼마 안 걸림 ㅠㅠ\n3 : 해외는 지금 백신 맞으면 갈 수 있다고 하는 거 같던데\n1 : 그거 신청하러 인터넷 들어가는 게 귀찮아\n2 : 키키 인터넷 들어가는 거 귀찮아하는 사람 처음 봄\n3 : 그거 다 핑계다 폰질은 열씨미 하잖어\n1 : 인정. 그냥 알아보는 게 귀찮아\n2 : 키키 그냥 신청해 금방이여 당장 해\n3 : 알아볼 것도 없이 개인정보 입력하면 끝인데용\n1 : 지금도 할 수 있어 이 시간에?\n2 : 웅웅 그럴걸 사실 잘 몰라\n3 : 아마 지금은 가능할걸\n3 : 서버 안 터질 듯",
        "lines": [
          {
            "id": 1,
            "text": "1 : 아 우리 여행 언제 강?",
            "norm_text": "아 우리 여행 언제 강?",
            "speaker": {
              "id": "1번",
              "sex": "여성",
              "age": "20대"
            },
            "speechAct": "(지시) 질문하기",
            "morpheme": "아/IC+우리/NP+여행/NNG+언제/MAG+강/NNG"
          },
          {
            "id": 2,
            "text": "1 : 나 힐링 너무 필요",
            "norm_text": "나 힐링 너무 필요",
            "speaker": {
              "id": "1번",
              "sex": "여성",
              "age": "20대"
            },
            "speechAct": "(단언) 주장하기",
            "morpheme": "나/NP+힐링/NNG+너무/MAG+필요/NNG"
          },
          {
            "id": 3,
            "text": "2 : 일단 시간을 마련해야 해요",
            "norm_text": "일단 시간을 마련해야 해요",
            "speaker": {
              "id": "2번",
              "sex": "여성",
              "age": "20대"
            },
            "speechAct": "(단언) 주장하기",
            "morpheme": "일단/MAG+시간/NNG+을/JKO+마련/NNG+해야/XSV+EC+해요/VX+EC"
          },
          {
            "id": 4,
            "text": "3 : 우리 한 달에 한 5만 원씩 모아서 내년 여름쯤에 호캉스 가자",
            "norm_text": "우리 한 달에 한 5만 원씩 모아서 내년 여름쯤에 호캉스 가자",
            "speaker": {
              "id": "3번",
              "sex": "여성",
              "age": "20대"
            },
            "speechAct": "(지시) 충고/제안하기",
            "morpheme": "우리/NP+한/MM+달/NNG+에/JKB+한/MM+5/SN+만원씩모아서내년여름쯤에호캉스가자/UNKNOWN"
          },
          {
            "id": 5,
            "text": "1 : 여름에? 휴가 한 번 있는 걸 너희랑 써야 할까?",
            "norm_text": "여름에? 휴가 한 번 있는 걸 너희랑 써야 할까?",
            "speaker": {
              "id": "1번",
              "sex": "여성",
              "age": "20대"
            },
            "speechAct": "(지시) 질문하기",
            "morpheme": "여름/NNG+에/JKB+휴가/NNG+한/MM+번/NNBC+있/VV+는/ETM+걸/NNB+JKO+너희/NP+랑/JKB+써야/VV+EC+할까/VV+EF"
          },
          {
            "id": 6,
            "text": "1 : 걍 올 겨울에 가자",
            "norm_text": "걍 올 겨울에 가자",
            "speaker": {
              "id": "1번",
              "sex": "여성",
              "age": "20대"
            },
            "speechAct": "(지시) 충고/제안하기",
            "morpheme": "걍올겨울에가자/UNKNOWN"
          },
          {
            "id": 7,
            "text": "2 : 엥 오만 원...? 나 한 달 생활비 5만원인데…",
            "norm_text": "엥 오만 원...? 나 한 달 생활비 5만원인데…",
            "speaker": {
              "id": "2번",
              "sex": "여성",
              "age": "20대"
            },
            "speechAct": "(단언) 진술하기",
            "morpheme": "엥/IC+오만/NR+원/NNBC+./SY+./SY+나/NP+한/MM+달/NNBC+생활비/NNG+5/SN+만/NR+원/NNBC+인데/VCP+EC+…/SE"
          },
          {
            "id": 8,
            "text": "3 : 여행이 돈이 많이 들어,",
            "norm_text": "여행이 돈이 많이 들어,",
            "speaker": {
              "id": "3번",
              "sex": "여성",
              "age": "20대"
            },
            "speechAct": "(단언) 주장하기",
            "morpheme": "여행/NNG+이/JKS+돈/NNG+이/JKS+많이/MAG+들/VV+어/EF+,/SC"
          },
          {
            "id": 9,
            "text": "1 : 인정... ** 연애도 안 해보고 게임도 안 해보고 여행도 안 해보고 물가도 모르고...",
            "norm_text": "인정... ** 연애도 안 해보고 게임도 안 해보고 여행도 안 해보고 물가도 모르고...",
            "speaker": {
              "id": "1번",
              "sex": "여성",
              "age": "20대"
            },
            "speechAct": "(단언) 주장하기",
            "morpheme": "인정/NNG+./SY+./SY+*/SY+*/SY+연애/NNG+도/JX+안/MAG+해/VV+EC+보/VX+고/EC+게임/NNG+도/JX+안/MAG+해/VV+EC+보/VX+고/EC+여행/NNG+도/JX+안/MAG+해/VV+EC+보/VX+고/EC+물가/NNG+도/JX+모르/VV+고/EC+./SY+./SY"
          },
          {
            "id": 10,
            "text": "2 : 해외 여행이면 인정 해외 가자",
            "norm_text": "해외 여행이면 인정 해외 가자",
            "speaker": {
              "id": "2번",
              "sex": "여성",
              "age": "20대"
            },
            "speechAct": "(지시) 충고/제안하기",
            "morpheme": "해외여행/NNG+이/VCP+면/EC+인정/NNG+해외/NNG+가/VV+자/EC"
          },
          {
            "id": 11,
            "text": "3 : 해외는 어떻게 가 코시국인데...",
            "norm_text": "해외는 어떻게 가 코시국인데...",
            "speaker": {
              "id": "3번",
              "sex": "여성",
              "age": "20대"
            },
            "speechAct": "(단언) 주장하기",
            "morpheme": "해외/NNG+는/JX+어떻/VA+게/EC+가코/NNP+시국/NNG+인데/VCP+EC+./SY+./SY"
          },
          {
            "id": 12,
            "text": "1 : 인정. 인류애 상실했어?",
            "norm_text": "인정. 인류애 상실했어?",
            "speaker": {
              "id": "1번",
              "sex": "여성",
              "age": "20대"
            },
            "speechAct": "(지시) 질문하기",
            "morpheme": "인정/NNG+./SY+인류애/NNG+상실/NNG+했/XSV+EP+어/EF"
          },
          {
            "id": 13,
            "text": "1 : 모두들 건강해야 할 거 아니야 ㅠ",
            "norm_text": "모두들 건강해야 할 거 아니야 ㅠ",
            "speaker": {
              "id": "1번",
              "sex": "여성",
              "age": "20대"
            },
            "speechAct": "(단언) 주장하기",
            "morpheme": "모두/NNG+들/XSN+건강/NNG+해야/XSV+EC+할/VX+ETM+거/NNB+아니/VCN+야/EC+ㅠ/UNKNOWN"
          },
          {
            "id": 14,
            "text": "2 : 내년에는 갈 수 있지 않을까...",
            "norm_text": "내년에는 갈 수 있지 않을까...",
            "speaker": {
              "id": "2번",
              "sex": "여성",
              "age": "20대"
            },
            "speechAct": "(지시) 질문하기",
            "morpheme": "내년/NNG+에/JKB+는/JX+갈/VV+ETM+수/NNB+있/VV+지/EC+않/VX+을까/EF+./SY"
          },
          {
            "id": 15,
            "text": "2 : 국내 여행도 좋지...",
            "norm_text": "국내 여행도 좋지...",
            "speaker": {
              "id": "2번",
              "sex": "여성",
              "age": "20대"
            },
            "speechAct": "(단언) 주장하기",
            "morpheme": "국내/NNG+여행/NNG+도/JX+좋/VA+지/EF+./SY"
          },
          {
            "id": 16,
            "text": "3 : 그리고 **는 백신도 안 맞아서 못 갈걸",
            "norm_text": "그리고 **는 백신도 안 맞아서 못 갈걸",
            "speaker": {
              "id": "3번",
              "sex": "여성",
              "age": "20대"
            },
            "speechAct": "(단언) 주장하기",
            "morpheme": "그리고/MAJ+*/SY+*/SY+는/JX+백신/NNG+도/JX+안/MAG+맞/VV+아서/EC+못/MAG+갈/VV+ETM+걸/NNB+JKO"
          },
          {
            "id": 17,
            "text": "1 : 앆 내가 빨리 맞아볼게 근데 진짜 귀찮아",
            "norm_text": "앆 내가 빨리 맞아볼게 근데 진짜 귀찮아",
            "speaker": {
              "id": "1번",
              "sex": "여성",
              "age": "20대"
            },
            "speechAct": "(단언) 진술하기",
            "morpheme": "앆/NNG+내/NP+가/JKS+빨리/MAG+맞/VV+아/EC+볼/VX+ETM+게/NNB+JKS+근데/MAJ+진짜/MAG+귀찮/VA+아/EC"
          },
          {
            "id": 18,
            "text": "2 : 키키 아니 뭐가 귀찮다는겨",
            "norm_text": "키키 아니 뭐가 귀찮다는겨",
            "speaker": {
              "id": "2번",
              "sex": "여성",
              "age": "20대"
            },
            "speechAct": "(지시) 질문하기",
            "morpheme": "키/NNG+키/XSV+ETN+아니/VCN+뭐/NP+가/JKS+귀찮/VA+다는겨/EC"
          },
          {
            "id": 19,
            "text": "2 : 맞는 거 얼마 안 걸림 ㅠㅠ",
            "norm_text": "맞는 거 얼마 안 걸림 ㅠㅠ",
            "speaker": {
              "id": "2번",
              "sex": "여성",
              "age": "20대"
            },
            "speechAct": "(단언) 주장하기",
            "morpheme": "맞/VV+는/ETM+거/NNB+얼마/NNG+안/MAG+걸림/VV+ETN+ㅠㅠ/UNKNOWN"
          },
          {
            "id": 20,
            "text": "3 : 해외는 지금 백신 맞으면 갈 수 있다고 하는 거 같던데",
            "norm_text": "해외는 지금 백신 맞으면 갈 수 있다고 하는 거 같던데",
            "speaker": {
              "id": "3번",
              "sex": "여성",
              "age": "20대"
            },
            "speechAct": "(지시) 질문하기",
            "morpheme": "해외/NNG+는/JX+지금/MAG+백신/NNG+맞/VV+으면/EC+갈/VX+ETM+수/NNB+있/VV+다고/EC+하/VV+는/ETM+거/NNB+같/VA+던데/EC"
          },
          {
            "id": 21,
            "text": "1 : 그거 신청하러 인터넷 들어가는 게 귀찮아",
            "norm_text": "그거 신청하러 인터넷 들어가는 게 귀찮아",
            "speaker": {
              "id": "1번",
              "sex": "여성",
              "age": "20대"
            },
            "speechAct": "(단언) 주장하기",
            "morpheme": "그거/NP+신청/NNG+하/XSV+러/EC+인터넷/NNG+들어가/VV+는/ETM+게/NNB+JKS+귀찮/VA+아/EC"
          },
          {
            "id": 22,
            "text": "2 : 키키 인터넷 들어가는 거 귀찮아하는 사람 처음 봄",
            "norm_text": "키키 인터넷 들어가는 거 귀찮아하는 사람 처음 봄",
            "speaker": {
              "id": "2번",
              "sex": "여성",
              "age": "20대"
            },
            "speechAct": "(단언) 주장하기",
            "morpheme": "키/NNG+키/NNG+인터넷/NNG+들어가/VV+는/ETM+거/NNB+귀찮/VA+아/EC+하/VV+는/ETM+사람/NNG+처음/NNG+봄/NNG"
          },
          {
            "id": 23,
            "text": "3 : 그거 다 핑계다 폰질은 열씨미 하잖어",
            "norm_text": "그거 다 핑계다 폰질은 열씨미 하잖어",
            "speaker": {
              "id": "3번",
              "sex": "여성",
              "age": "20대"
            },
            "speechAct": "(단언) 주장하기",
            "morpheme": "그거/NP+다/JX+핑계/NNG+다/MAG+폰/NNG+질/XSN+은/JX+열씨/NNG+미/NNG+하/XSV+잖어/EC+VX+EF"
          },
          {
            "id": 24,
            "text": "1 : 인정. 그냥 알아보는 게 귀찮아",
            "norm_text": "인정. 그냥 알아보는 게 귀찮아",
            "speaker": {
              "id": "1번",
              "sex": "여성",
              "age": "20대"
            },
            "speechAct": "(단언) 주장하기",
            "morpheme": "인정/NNG+그냥/MAG+알아보/VV+는/ETM+게/NNB+JKS+귀찮/VA+아/EC"
          },
          {
            "id": 25,
            "text": "2 : 키키 그냥 신청해 금방이여 당장 해",
            "norm_text": "키키 그냥 신청해 금방이여 당장 해",
            "speaker": {
              "id": "2번",
              "sex": "여성",
              "age": "20대"
            },
            "speechAct": "(단언) 주장하기",
            "morpheme": "키/NNG+키/NNG+그냥/MAG+신청/NNG+해/XSV+EC+금방/MAG+이여/NNG+당장/NNG+해/XSV+EC"
          },
          {
            "id": 26,
            "text": "3 : 알아볼 것도 없이 개인정보 입력하면 끝인데용",
            "norm_text": "알아볼 것도 없이 개인정보 입력하면 끝인데용",
            "speaker": {
              "id": "3번",
              "sex": "여성",
              "age": "20대"
            },
            "speechAct": "(단언) 주장하기",
            "morpheme": "알아볼/VV+ETM+것/NNB+도/JX+없이/MAG+개인/NNG+정보/NNG+입력/NNG+하/XSV+면/EC+끝/NNG+인데/VCP+EC+용/NNG"
          },
          {
            "id": 27,
            "text": "1 : 지금도 할 수 있어 이 시간에?",
            "norm_text": "지금도 할 수 있어 이 시간에?",
            "speaker": {
              "id": "1번",
              "sex": "여성",
              "age": "20대"
            },
            "speechAct": "(지시) 질문하기",
            "morpheme": "지금/NNG+도/JX+할/VV+ETM+수/NNB+있/VV+어/EC+이/MM+시간/NNG+에/JKB"
          },
          {
            "id": 28,
            "text": "2 : 웅웅 그럴걸 사실 잘 몰라",
            "norm_text": "웅웅 그럴걸 사실 잘 몰라",
            "speaker": {
              "id": "2번",
              "sex": "여성",
              "age": "20대"
            },
            "speechAct": "(단언) 주장하기",
            "morpheme": "웅웅/MAG+그럴/VV+ETM+걸/NNB+JKO+사실/MAG+잘/MAG+몰라/VV+EC"
          },
          {
            "id": 29,
            "text": "3 : 아마 지금은 가능할걸",
            "norm_text": "아마 지금은 가능할걸",
            "speaker": {
              "id": "3번",
              "sex": "여성",
              "age": "20대"
            },
            "speechAct": "(지시) 질문하기",
            "morpheme": "아마/MAG+지금/MAG+은/JX+가능/NNG+할걸/XSV+EC"
          },
          {
            "id": 30,
            "text": "3 : 서버 안 터질 듯",
            "norm_text": "서버 안 터질 듯",
            "speaker": {
              "id": "3번",
              "sex": "여성",
              "age": "20대"
            },
            "speechAct": "(단언) 주장하기",
            "morpheme": "서버/NNG+안/MAG+터질/VV+ETM+듯/NNB"
          }
        ]
      }
    }
  ]
}