{
  "dataset": {
    "identifier": 63380,
    "name": "KAKAO_912_12_set",
    "src_path": "/data/file/cubeManager/PROJECT001/53/txt20211005154135015455/KAKAO_912_12_set/",
    "label_path": "/data/file/cubeManager/PROJECT001/53/txt20211005154135015455/KAKAO_912_12_set/",
    "category": 2,
    "type": 0
  },
  "licenses": {
    "name": "Apache License 1.0",
    "url": "http://www.apache.org/licenses/LICENSE-1.0"
  },
  "info": [
    {
      "id": 41629,
      "filename": "KAKAO_912_12.txt",
      "title": "KAKAO_912_12",
      "mediatype": "SNS",
      "medianame": "카카오톡",
      "category": "일상대화",
      "date": "2021-10-05",
      "size": 487,
      "annotations": {
        "subject": "여행",
        "speaker_type": "1:1",
        "size": 487,
        "word_size": 152,
        "text": "1 : 그 때 너 이야기 듣고 대만 여행 했던 게 그게 마지막 해외여행이 될 줄이야\n2 : 그러니까. 그때 가길 잘했지?\n1 : 진짜 ! 다녀오길 잘했다는 생각이 들어.\n2 : 혼자 여행도 처음 아니었어?\n1 : 맞아 완전 처음이었지. 너도 혼자 갔었잖아\n2 : 키키 맞아 근데 나는 혼자 여행 마스터라서 키키\n1 : 그때 추천해준 우육탕면? 그 집 레알루 맛집!\n2 : 그치? 거기 엄청 아기자기 하고 깨끗하고 맛있어\n1 : 단수이도 넘 가보고 싶었는데 다녀와서 좋았어 꿈같당\n2 : 그러니까. 나도 해외여행 거기가 마지막이었나 봐\n1 : 그치 ㅠ 근데 뭐 이것 저것 많이 했당 택시 투어도 좋았구\n2 : 택시 타서 편했겠다 키키 나도 버스 투어 했어\n1 : 버스랑 비슷했을 듯 키키 야시장 갔는데 취두부 냄새가 좀 힘들었지\n2 : 그랬구나 근데 대만 취두부는 중국 꺼에 비교도 안된대\n1 : 헐... 곱창 국수 시도해볼랬는데 못하겠더라 ㅠㅠ\n2 : 나도 곱창 국수는 안 먹었어. 내 스타일 아님",
        "lines": [
          {
            "id": 1,
            "text": "1 : 그 때 너 이야기 듣고 대만 여행 했던 게 그게 마지막 해외여행이 될 줄이야",
            "norm_text": "그 때 너 이야기 듣고 대만 여행 했던 게 그게 마지막 해외여행이 될 줄이야",
            "speaker": {
              "id": "1번",
              "sex": "여성",
              "age": "30대"
            },
            "speechAct": "(단언) 주장하기",
            "morpheme": "그때/NNG+너/NP+이야기/NNG+듣/VV+고/EC+대만/NNP+여행/NNG+했/XSV+EP+던/ETM+게/NNB+JKS+그게/NP+JKS+마지막/NNG+해외여행/NNG+이/JKS+될/VV+ETM+줄/NNB+이/VCP+야/EC"
          },
          {
            "id": 2,
            "text": "2 : 그러니까. 그때 가길 잘했지?",
            "norm_text": "그러니까. 그때 가길 잘했지?",
            "speaker": {
              "id": "2번",
              "sex": "여성",
              "age": "30대"
            },
            "speechAct": "(지시) 질문하기",
            "morpheme": "그러니까/MAJ+그때/NNG+가/JKS+길/NNG+잘/MAG+했/VV+EP+지/EF"
          },
          {
            "id": 3,
            "text": "1 : 진짜 ! 다녀오길 잘했다는 생각이 들어.",
            "norm_text": "진짜 ! 다녀오길 잘했다는 생각이 들어.",
            "speaker": {
              "id": "1번",
              "sex": "여성",
              "age": "30대"
            },
            "speechAct": "(단언) 주장하기",
            "morpheme": "진짜/MAG+다녀오/VV+길/ETN+JKO+잘/MAG+했/VV+EP+다는/ETM+생각/NNG+이/JKS+들/VV+어/EF"
          },
          {
            "id": 4,
            "text": "2 : 혼자 여행도 처음 아니었어?",
            "norm_text": "혼자 여행도 처음 아니었어?",
            "speaker": {
              "id": "2번",
              "sex": "여성",
              "age": "30대"
            },
            "speechAct": "(지시) 질문하기",
            "morpheme": "혼자/NNG+여행/NNG+도/JX+처음/NNG+아니/VCN+었/EP+어/EF"
          },
          {
            "id": 5,
            "text": "1 : 맞아 완전 처음이었지. 너도 혼자 갔었잖아",
            "norm_text": "맞아 완전 처음이었지. 너도 혼자 갔었잖아",
            "speaker": {
              "id": "1번",
              "sex": "여성",
              "age": "30대"
            },
            "speechAct": "(단언) 주장하기",
            "morpheme": "맞/VV+아/EC+완전/NNG+처음/NNG+이/VCP+었/EP+지/EF+너/NP+도/JX+혼자/MAG+갔었잖/VV+EP+EC+VX+아/EC"
          },
          {
            "id": 6,
            "text": "2 : 키키 맞아 근데 나는 혼자 여행 마스터라서 키키",
            "norm_text": "키키 맞아 근데 나는 혼자 여행 마스터라서 키키",
            "speaker": {
              "id": "2번",
              "sex": "여성",
              "age": "30대"
            },
            "speechAct": "(단언) 주장하기",
            "morpheme": "키/NNG+키/XSV+ETN+맞/VV+아/EC+근데/MAJ+나/NP+는/JX+혼자/NNG+여행/NNG+마스터/NNG+라서/VCP+EC+키/NNG+키/XSV+ETN"
          },
          {
            "id": 7,
            "text": "1 : 그때 추천해준 우육탕면? 그 집 레알루 맛집!",
            "norm_text": "그때 추천해준 우육탕면? 그 집 레알루 맛집!",
            "speaker": {
              "id": "1번",
              "sex": "여성",
              "age": "30대"
            },
            "speechAct": "(단언) 주장하기",
            "morpheme": "그때/NNG+추천/NNG+해/XSV+EC+준/VX+ETM+우육/NNG+탕면/NNG+?/SY+그집레알루맛집/UNKNOWN"
          },
          {
            "id": 8,
            "text": "2 : 그치? 거기 엄청 아기자기 하고 깨끗하고 맛있어",
            "norm_text": "그치? 거기 엄청 아기자기 하고 깨끗하고 맛있어",
            "speaker": {
              "id": "2번",
              "sex": "여성",
              "age": "30대"
            },
            "speechAct": "(단언) 주장하기",
            "morpheme": "그치/IC+거기/NP+엄청/MAG+아기자기/XR+하/XSA+고/EC+깨끗/XR+하/XSA+고/EC+맛있/VA+어/EC"
          },
          {
            "id": 9,
            "text": "1 : 단수이도 넘 가보고 싶었는데 다녀와서 좋았어 꿈같당",
            "norm_text": "단수이도 넘 가보고 싶었는데 다녀와서 좋았어 꿈같당",
            "speaker": {
              "id": "1번",
              "sex": "여성",
              "age": "30대"
            },
            "speechAct": "(단언) 주장하기",
            "morpheme": "단수이/NNP+도/JX+넘가/VV+EC+보/VX+고/EC+싶/VX+었/EP+는데/EC+다녀와서/VV+EC+좋/VA+았/EP+어/EC+꿈/NNG+같/VA+당/EF"
          },
          {
            "id": 10,
            "text": "2 : 그러니까. 나도 해외여행 거기가 마지막이었나 봐",
            "norm_text": "그러니까. 나도 해외여행 거기가 마지막이었나 봐",
            "speaker": {
              "id": "2번",
              "sex": "여성",
              "age": "30대"
            },
            "speechAct": "(단언) 주장하기",
            "morpheme": "그러니까/MAJ+나/NP+도/JX+해외여행/NNG+거기/NP+가/JKS+마지막/NNG+이/VCP+었/EP+나/EC+봐/VX+EC"
          },
          {
            "id": 11,
            "text": "1 : 그치 ㅠ 근데 뭐 이것 저것 많이 했당 택시 투어도 좋았구",
            "norm_text": "그치 ㅠ 근데 뭐 이것 저것 많이 했당 택시 투어도 좋았구",
            "speaker": {
              "id": "1번",
              "sex": "여성",
              "age": "30대"
            },
            "speechAct": "(단언) 주장하기",
            "morpheme": "그치/IC+ㅠ/UNKNOWN+근데/MAJ+뭐/IC+이것저것/MAG+많이/MAG+했/VV+EP+당/XSN+택시/NNG+투어/NNG+도/JX+좋/VA+았/EP+구/EC"
          },
          {
            "id": 12,
            "text": "2 : 택시 타서 편했겠다 키키 나도 버스 투어 했어",
            "norm_text": "택시 타서 편했겠다 키키 나도 버스 투어 했어",
            "speaker": {
              "id": "2번",
              "sex": "여성",
              "age": "30대"
            },
            "speechAct": "(단언) 진술하기",
            "morpheme": "택시/NNG+타/VV+서/EC+편했/VA+EP+겠/EP+다/EC+키/NNG+키나/XSA+ETN+JX+도/JX+버스/NNG+투어/NNG+했/XSV+EP+어/EC"
          },
          {
            "id": 13,
            "text": "1 : 버스랑 비슷했을 듯 키키 야시장 갔는데 취두부 냄새가 좀 힘들었지",
            "norm_text": "버스랑 비슷했을 듯 키키 야시장 갔는데 취두부 냄새가 좀 힘들었지",
            "speaker": {
              "id": "1번",
              "sex": "여성",
              "age": "30대"
            },
            "speechAct": "(단언) 주장하기",
            "morpheme": "버스/NNG+랑/JC+비슷/XR+했/XSA+EP+을/ETM+듯/NNB+키/NNG+키/XSV+ETN+야/JX+시장/NNG+갔/VV+EP+는데/EC+취두/NNG+부/NNG+냄새/NNG+가/JKS+좀/MAG+힘들/VA+었/EP+지/EC"
          },
          {
            "id": 14,
            "text": "2 : 그랬구나 근데 대만 취두부는 중국 꺼에 비교도 안된대",
            "norm_text": "그랬구나 근데 대만 취두부는 중국 꺼에 비교도 안된대",
            "speaker": {
              "id": "2번",
              "sex": "여성",
              "age": "30대"
            },
            "speechAct": "(단언) 진술하기",
            "morpheme": "그랬/VV+EP+구나/EF+근데/MAJ+대만/NNP+취두/NNG+부/NNG+는/JX+중국/NNP+꺼/VV+EC+에/JKB+비교/NNG+도/JX+안/MAG+된대/VV+EF"
          },
          {
            "id": 15,
            "text": "1 : 헐... 곱창 국수 시도해볼랬는데 못하겠더라 ㅠㅠ",
            "norm_text": "헐... 곱창 국수 시도해볼랬는데 못하겠더라 ㅠㅠ",
            "speaker": {
              "id": "1번",
              "sex": "여성",
              "age": "30대"
            },
            "speechAct": "(단언) 주장하기",
            "morpheme": "헐/IC+./SY+곱창/NNG+국수/NNG+시도/NNG+해/XSV+EC+볼/VX+랬/EP+는데/EC+못하/VX+겠/EP+더라/EF+ㅠㅠ/UNKNOWN"
          },
          {
            "id": 16,
            "text": "2 : 나도 곱창 국수는 안 먹었어. 내 스타일 아님",
            "norm_text": "나도 곱창 국수는 안 먹었어. 내 스타일 아님",
            "speaker": {
              "id": "2번",
              "sex": "여성",
              "age": "30대"
            },
            "speechAct": "(단언) 주장하기",
            "morpheme": "나/NP+도/JX+곱창/NNG+국수/NNG+는/JX+안/MAG+먹/VV+었/EP+어/EF+내/NP+JKG+스타일/NNG+아님/VCN+ETN"
          }
        ]
      }
    }
  ]
}