{
  "dataset": {
    "identifier": 68130,
    "name": "KAKAO_962_14_set",
    "src_path": "/data/file/cubeManager/PROJECT001/53/txt20211005163142017430/KAKAO_962_14_set/",
    "label_path": "/data/file/cubeManager/PROJECT001/53/txt20211005163142017430/KAKAO_962_14_set/",
    "category": 2,
    "type": 0
  },
  "licenses": {
    "name": "Apache License 1.0",
    "url": "http://www.apache.org/licenses/LICENSE-1.0"
  },
  "info": [
    {
      "id": 42472,
      "filename": "KAKAO_962_14.txt",
      "title": "KAKAO_962_14",
      "mediatype": "SNS",
      "medianame": "카카오톡",
      "category": "일상대화",
      "date": "2021-10-05",
      "size": 651,
      "annotations": {
        "subject": "사회이슈",
        "speaker_type": "1:1",
        "size": 651,
        "word_size": 186,
        "text": "1 : 코로나 때매 자영업자 줄줄이 자살하네 ㅠㅠ\n2 : 진짜? 그렇게 심각하나?\n1 : 엉... 진짜 일주일 전에도 바베큐집 사장님 원룸에서 혼자 자살한 거 봤는데 ㅠ\n2 : 헐... 오늘 또 누가 자살함?\n1 : 응... 전라도에서 사장님 자살하셨네 지금 거리두기 풀렸지만 4단계일 때는 6시 이후로 2명까지만 집합 가능\n2 : 인원수 제한 그거 의미 없는 거 같은데...\n1 : 내 말... 2명 손님이 또 얼마나 되겠어? 게다가 시간은 9시나 10시까지밖에 영업 못하지\n2 : 코로나 수그러들지를 않네...\n1 : 재난지원금이라고 나오는 거 한 달 월세 될까 말까\n2 : 우리 엄마도 가게 내놨다던데 아무도 보러 안 온다더라\n1 : 내 주변에도 자영업 하다가 문 닫은 사람 많은데, 헐 ㅠㅠ\n2 : 백신 접종률 100프로 달성해봤자 변이체 때문에 아무 의미 없는 거 아닌가 모르겠네...\n1 : 기약도 없는데 실효성도 의문인 영업시간 제한이랑 인원수 제한 때매 다 죽어나가네\n2 : 진짜... 초반에야 효과 있을 줄 알았는데 이렇게 장기화되면 다른 대책을 생각해봐야 꺼 같은데...\n1 : 근데 뉴스 보니까 추석이라 8인까지 풀어줬는데 또 확진자 늘 기미라고 나오더라.\n2 : 차라리 걍 다 풀어주지 키키\n2 : 어차피 모일 사람은 다 모이잖아 키키 헌팅술집 이런 데는 난리라던데 키키",
        "lines": [
          {
            "id": 1,
            "text": "1 : 코로나 때매 자영업자 줄줄이 자살하네 ㅠㅠ",
            "norm_text": "코로나 때매 자영업자 줄줄이 자살하네 ㅠㅠ",
            "speaker": {
              "id": "1번",
              "sex": "여성",
              "age": "30대"
            },
            "speechAct": "(단언) 진술하기",
            "morpheme": "코로나/NNG+때/NNG+매자/NNG+영업자/NNG+줄줄이/MAG+자살/NNG+하/XSA+네/EF+ㅠㅠ/UNKNOWN"
          },
          {
            "id": 2,
            "text": "2 : 진짜? 그렇게 심각하나?",
            "norm_text": "진짜? 그렇게 심각하나?",
            "speaker": {
              "id": "2번",
              "sex": "남성",
              "age": "30대"
            },
            "speechAct": "(지시) 질문하기",
            "morpheme": "진짜/MAG+그렇게/MAG+심각/XR+하/XSA+나/EF"
          },
          {
            "id": 3,
            "text": "1 : 엉... 진짜 일주일 전에도 바베큐집 사장님 원룸에서 혼자 자살한 거 봤는데 ㅠ",
            "norm_text": "엉... 진짜 일주일 전에도 바베큐집 사장님 원룸에서 혼자 자살한 거 봤는데 ㅠ",
            "speaker": {
              "id": "1번",
              "sex": "여성",
              "age": "30대"
            },
            "speechAct": "(단언) 진술하기",
            "morpheme": "엉/IC+./SY+진짜일주일전에도바베큐집사장님원룸에서혼자자살한거봤는데ㅠ/UNKNOWN"
          },
          {
            "id": 4,
            "text": "2 : 헐... 오늘 또 누가 자살함?",
            "norm_text": "헐... 오늘 또 누가 자살함?",
            "speaker": {
              "id": "2번",
              "sex": "남성",
              "age": "30대"
            },
            "speechAct": "(지시) 질문하기",
            "morpheme": "헐/IC+./SY+오늘/MAG+또/MAG+누가/NP+JKS+자살/NNG+함/XSV+ETN"
          },
          {
            "id": 5,
            "text": "1 : 응... 전라도에서 사장님 자살하셨네 지금 거리두기 풀렸지만 4단계일 때는 6시 이후로 2명까지만 집합 가능",
            "norm_text": "응... 전라도에서 사장님 자살하셨네 지금 거리두기 풀렸지만 4단계일 때는 6시 이후로 2명까지만 집합 가능",
            "speaker": {
              "id": "1번",
              "sex": "여성",
              "age": "30대"
            },
            "speechAct": "(단언) 진술하기",
            "morpheme": "응/IC+./SY+./SY+전라도/NNP+에서/JKB+사장/NNG+님/XSN+자살/NNG+하/XSV+셨/EP+EP+네/EF+지금/MAG+거리/NNG+두/JX+기/ETN+풀렸/VV+EP+지만/EC+4/SN+단계/NNG+일/NR+때/NNG+는/JX+6/SN+시/NNBC+이후/NNG+로/JKB+2/SN+명/NNBC+까지/JX+만/JX+집합/NNG+가능/NNG"
          },
          {
            "id": 6,
            "text": "2 : 인원수 제한 그거 의미 없는 거 같은데...",
            "norm_text": "인원수 제한 그거 의미 없는 거 같은데...",
            "speaker": {
              "id": "2번",
              "sex": "남성",
              "age": "30대"
            },
            "speechAct": "(단언) 주장하기",
            "morpheme": "인원수/NNG+제한/NNG+그거/NP+의/JKG+미/NNG+없/VA+는/ETM+거/NNB+같/VA+은데/EF+./SY"
          },
          {
            "id": 7,
            "text": "1 : 내 말... 2명 손님이 또 얼마나 되겠어? 게다가 시간은 9시나 10시까지밖에 영업 못하지",
            "norm_text": "내 말... 2명 손님이 또 얼마나 되겠어? 게다가 시간은 9시나 10시까지밖에 영업 못하지",
            "speaker": {
              "id": "1번",
              "sex": "여성",
              "age": "30대"
            },
            "speechAct": "(단언) 주장하기",
            "morpheme": "내/NP+JKG+말/NNG+./SY+./SY+2/SN+명/NNBC+손/NNG+님/XSN+이/JKS+또/MAG+얼마나/MAG+되/VV+겠/EP+어/EF+게다가/MAG+시간/NNG+은/JX+9/SN+시/NNBC+나/JX+10/SN+시/NNBC+까지/JX+밖에/JX+영업/NNG+못/MAG+하/VV+지/EC"
          },
          {
            "id": 8,
            "text": "2 : 코로나 수그러들지를 않네...",
            "norm_text": "코로나 수그러들지를 않네...",
            "speaker": {
              "id": "2번",
              "sex": "남성",
              "age": "30대"
            },
            "speechAct": "(단언) 주장하기",
            "morpheme": "코로나/NNG+수그러들/VV+지/EC+를/JX+않/VX+네/EF+./SY"
          },
          {
            "id": 9,
            "text": "1 : 재난지원금이라고 나오는 거 한 달 월세 될까 말까",
            "norm_text": "재난지원금이라고 나오는 거 한 달 월세 될까 말까",
            "speaker": {
              "id": "1번",
              "sex": "여성",
              "age": "30대"
            },
            "speechAct": "(단언) 주장하기",
            "morpheme": "재난/NNG+지원금/NNG+이/VCP+라고/EC+나오/VV+는/ETM+거/NNB+한/MM+달/NNBC+월세/NNG+될까/XSV+EC+말/VX+까/EC"
          },
          {
            "id": 10,
            "text": "2 : 우리 엄마도 가게 내놨다던데 아무도 보러 안 온다더라",
            "norm_text": "우리 엄마도 가게 내놨다던데 아무도 보러 안 온다더라",
            "speaker": {
              "id": "2번",
              "sex": "남성",
              "age": "30대"
            },
            "speechAct": "(단언) 진술하기",
            "morpheme": "우리/NP+엄마/NNG+도/JX+가/VV+게/EC+내놨/VV+EP+다던데/EC+아무/NP+도/JX+보/VV+러/EC+안/MAG+온다더라/VV+EF"
          },
          {
            "id": 11,
            "text": "1 : 내 주변에도 자영업 하다가 문 닫은 사람 많은데, 헐 ㅠㅠ",
            "norm_text": "내 주변에도 자영업 하다가 문 닫은 사람 많은데, 헐 ㅠㅠ",
            "speaker": {
              "id": "1번",
              "sex": "여성",
              "age": "30대"
            },
            "speechAct": "(단언) 주장하기",
            "morpheme": "내/NP+JKG+주변/NNG+에/JKB+도/JX+자영업/NNG+하/XSV+다가/EC+문/NNG+닫/VV+은/ETM+사람/NNG+많/VA+은데/EC+,/SC+헐ㅠㅠ/UNKNOWN"
          },
          {
            "id": 12,
            "text": "2 : 백신 접종률 100프로 달성해봤자 변이체 때문에 아무 의미 없는 거 아닌가 모르겠네...",
            "norm_text": "백신 접종률 100프로 달성해봤자 변이체 때문에 아무 의미 없는 거 아닌가 모르겠네...",
            "speaker": {
              "id": "2번",
              "sex": "남성",
              "age": "30대"
            },
            "speechAct": "(단언) 주장하기",
            "morpheme": "백신/NNG+접종/NNG+률/XSN+100/SN+프로/NNG+달성/NNG+해/XSV+EC+봤/VX+EP+자/EC+변이체/NNP+때문/NNB+에/JKB+아무/MM+의미/NNG+없/VA+는/ETM+거/NNB+아닌가/VCN+EC+모르/VV+겠/EP+네/EF+./SY"
          },
          {
            "id": 13,
            "text": "1 : 기약도 없는데 실효성도 의문인 영업시간 제한이랑 인원수 제한 때매 다 죽어나가네",
            "norm_text": "기약도 없는데 실효성도 의문인 영업시간 제한이랑 인원수 제한 때매 다 죽어나가네",
            "speaker": {
              "id": "1번",
              "sex": "여성",
              "age": "30대"
            },
            "speechAct": "(단언) 주장하기",
            "morpheme": "기약/NNG+도/JX+없/VA+는데/EC+실효/NNG+성/XSN+도/JX+의문/NNG+인/VCP+ETM+영업/NNG+시간/NNG+제한/NNG+이랑/JKB+인원수/NNG+제한/NNG+때/NNG+매/VV+다/EC+죽/VV+어/EC+나가/VX+네/EC"
          },
          {
            "id": 14,
            "text": "2 : 진짜... 초반에야 효과 있을 줄 알았는데 이렇게 장기화되면 다른 대책을 생각해봐야 꺼 같은데...",
            "norm_text": "진짜... 초반에야 효과 있을 줄 알았는데 이렇게 장기화되면 다른 대책을 생각해봐야 꺼 같은데...",
            "speaker": {
              "id": "2번",
              "sex": "남성",
              "age": "30대"
            },
            "speechAct": "(단언) 주장하기",
            "morpheme": "진짜/MAG+./SY+초반/NNG+에/JKB+야/JX+효과/NNG+있/VV+을/ETM+줄/NNB+알/VV+았/EP+는데/EC+이렇게/MAG+장기/NNG+화/XSN+되/XSV+면/EC+다른/MM+대책/NNG+을/JKO+생각/NNG+해/XSV+EC+봐야/VX+EC+꺼/VV+EC+같/VA+은데/EF+./SY"
          },
          {
            "id": 15,
            "text": "1 : 근데 뉴스 보니까 추석이라 8인까지 풀어줬는데 또 확진자 늘 기미라고 나오더라.",
            "norm_text": "근데 뉴스 보니까 추석이라 8인까지 풀어줬는데 또 확진자 늘 기미라고 나오더라.",
            "speaker": {
              "id": "1번",
              "sex": "여성",
              "age": "30대"
            },
            "speechAct": "(단언) 진술하기",
            "morpheme": "근데/MAJ+뉴스/NNG+보/VV+니까/EC+추석/NNG+이/VCP+라/EC+8/SN+인까지풀어줬는데또확진자늘기미라고나오더라/UNKNOWN"
          },
          {
            "id": 16,
            "text": "2 : 차라리 걍 다 풀어주지 키키",
            "norm_text": "차라리 걍 다 풀어주지 키키",
            "speaker": {
              "id": "2번",
              "sex": "남성",
              "age": "30대"
            },
            "speechAct": "(단언) 주장하기",
            "morpheme": "차라리/MAG+걍다/UNKNOWN+풀/VV+어/EC+주/VX+지/EC+키/NNG+키/XSV+ETN"
          },
          {
            "id": 17,
            "text": "2 : 어차피 모일 사람은 다 모이잖아 키키 헌팅술집 이런 데는 난리라던데 키키",
            "norm_text": "어차피 모일 사람은 다 모이잖아 키키 헌팅술집 이런 데는 난리라던데 키키",
            "speaker": {
              "id": "2번",
              "sex": "남성",
              "age": "30대"
            },
            "speechAct": "(단언) 주장하기",
            "morpheme": "어차피/MAG+모일/VV+ETM+사람/NNG+은/JX+다/MAG+모이/VV+잖아/EC+키키/NNP+헌팅/NNP+술집/NNG+이런/MM+데/NNB+는/JX+난리/NNG+라던데/VCP+EC+키/NNG+키/XSV+ETN"
          }
        ]
      }
    }
  ]
}