{
  "dataset": {
    "identifier": 49852,
    "name": "KAKAO_974_07_set",
    "src_path": "/data/file/cubeManager/PROJECT001/53/txt20211006134503086715/KAKAO_974_07_set/",
    "label_path": "/data/file/cubeManager/PROJECT001/53/txt20211006134503086715/KAKAO_974_07_set/",
    "category": 2,
    "type": 0
  },
  "licenses": {
    "name": "Apache License 1.0",
    "url": "http://www.apache.org/licenses/LICENSE-1.0"
  },
  "info": [
    {
      "id": 43107,
      "filename": "KAKAO_974_07.txt",
      "title": "KAKAO_974_07",
      "mediatype": "SNS",
      "medianame": "카카오톡",
      "category": "일상대화",
      "date": "2021-10-06",
      "size": 496,
      "annotations": {
        "subject": "가족",
        "speaker_type": "1:1",
        "size": 496,
        "word_size": 161,
        "text": "1 : 아버지 생각은 많이 안 나나?\n2 : 한 번씩 나지\n2 : 잘 살고 있으시겠지 이런 생각들?\n1 : 어릴 때 아버지랑 추억은 많이 있어?\n2 : 아니 별로 없었던 거 같다\n2 : 오락실 갔다가 아빠한테 엄첨 크게 혼난던 기억은 있어\n1 : 몇 살 때 오락실 갔었는데? 키키\n1 : 어른들은 오락실 다 싫어하시더라\n2 : 초등학교 저학년쯤? 말 안하고 가서 엄청 혼났어\n1 : 아 저학년에는 가면 혼날 만도 하겠다 ㅠㅠ\n2 : 어 근데 그게 좀 충격이였다 ㅜㅜ 그렇게 혼난 적이 없어서\n1 : 근데 또 말도 안 하고 갔으니까 가서 뭐 하는지도 모르니까 그러지 않으셨겠나 ㅠㅠ\n2 : 그럴 수도 있지 너희 아버지는 잘해주셔?\n1 : 우리 아빠는 아직도 딸바보여 키키\n2 : 부럽다 아버지 있는 것만으로도 하하\n1 : 에이 그래도 아버지랑 연락하고 지내지 않아?\n2 : 안 하고 산 지 좀 된 거 같아 하하\n1 : 그래도 가끔 연락 기다리시지 않을까?\n2 : 그런가? 그래도 한 번쯤은 아버지가 먼저 해주셨으면 좋겠다",
        "lines": [
          {
            "id": 1,
            "text": "1 : 아버지 생각은 많이 안 나나?",
            "norm_text": "아버지 생각은 많이 안 나나?",
            "speaker": {
              "id": "1번",
              "sex": "여성",
              "age": "20대"
            },
            "speechAct": "(지시) 질문하기",
            "morpheme": "아버지/NNG+생각/NNG+은/JX+많이/MAG+안/MAG+나/VV+나/EF"
          },
          {
            "id": 2,
            "text": "2 : 한 번씩 나지",
            "norm_text": "한 번씩 나지",
            "speaker": {
              "id": "2번",
              "sex": "남성",
              "age": "30대"
            },
            "speechAct": "(단언) 진술하기",
            "morpheme": "한/MM+번/NNBC+씩/XSN+나/VV+지/EC"
          },
          {
            "id": 3,
            "text": "2 : 잘 살고 있으시겠지 이런 생각들?",
            "norm_text": "잘 살고 있으시겠지 이런 생각들?",
            "speaker": {
              "id": "2번",
              "sex": "남성",
              "age": "30대"
            },
            "speechAct": "(단언) 진술하기",
            "morpheme": "잘/MAG+살/VV+고/EC+있/VX+으시/EP+겠/EP+지/EF+이런/MM+생각/NNG+들/XSN"
          },
          {
            "id": 4,
            "text": "1 : 어릴 때 아버지랑 추억은 많이 있어?",
            "norm_text": "어릴 때 아버지랑 추억은 많이 있어?",
            "speaker": {
              "id": "1번",
              "sex": "여성",
              "age": "20대"
            },
            "speechAct": "(지시) 질문하기",
            "morpheme": "어릴/VA+ETM+때/NNG+아버지/NNG+랑/JKB+추억/NNG+은/JX+많이/MAG+있/VA+어/EF"
          },
          {
            "id": 5,
            "text": "2 : 아니 별로 없었던 거 같다",
            "norm_text": "아니 별로 없었던 거 같다",
            "speaker": {
              "id": "2번",
              "sex": "남성",
              "age": "30대"
            },
            "speechAct": "(단언) 주장하기",
            "morpheme": "아니/IC+별로/MAG+없/VA+었/EP+던/ETM+거/NNB+같/VA+다/EC"
          },
          {
            "id": 6,
            "text": "2 : 오락실 갔다가 아빠한테 엄첨 크게 혼난던 기억은 있어",
            "norm_text": "오락실 갔다가 아빠한테 엄첨 크게 혼난던 기억은 있어",
            "speaker": {
              "id": "2번",
              "sex": "남성",
              "age": "30대"
            },
            "speechAct": "(단언) 진술하기",
            "morpheme": "오락실/NNG+갔/VV+EP+다가/EC+아빠/NNG+한테/JKB+엄/IC+첨/MAG+크/VA+게/EC+혼난/VV+ETM+던/ETM+기억/NNG+은/JX+있/VA+어/EC"
          },
          {
            "id": 7,
            "text": "1 : 몇 살 때 오락실 갔었는데? 키키",
            "norm_text": "몇 살 때 오락실 갔었는데? 키키",
            "speaker": {
              "id": "1번",
              "sex": "여성",
              "age": "20대"
            },
            "speechAct": "(지시) 질문하기",
            "morpheme": "몇/MM+살/NNBC+때/NNG+오락실/NNG+갔었/VV+EP+는데/EC+?/SY+키/NNG+키/XSV+ETN"
          },
          {
            "id": 8,
            "text": "1 : 어른들은 오락실 다 싫어하시더라",
            "norm_text": "어른들은 오락실 다 싫어하시더라",
            "speaker": {
              "id": "1번",
              "sex": "여성",
              "age": "20대"
            },
            "speechAct": "(단언) 진술하기",
            "morpheme": "어른/NNG+들/XSN+은/JX+오락실/NNG+다/MAG+싫/VA+어/EC+하/VX+시/EP+더라/EC"
          },
          {
            "id": 9,
            "text": "2 : 초등학교 저학년쯤? 말 안하고 가서 엄청 혼났어",
            "norm_text": "초등학교 저학년쯤? 말 안하고 가서 엄청 혼났어",
            "speaker": {
              "id": "2번",
              "sex": "남성",
              "age": "30대"
            },
            "speechAct": "(단언) 진술하기",
            "morpheme": "초등/NNG+학교/NNG+저학년/NNG+쯤/XSN+말/NNG+안/MAG+하/VV+고/EC+가/VX+서/EC+엄청/MAG+혼났/VV+EP+어/EC"
          },
          {
            "id": 10,
            "text": "1 : 아 저학년에는 가면 혼날 만도 하겠다 ㅠㅠ",
            "norm_text": "아 저학년에는 가면 혼날 만도 하겠다 ㅠㅠ",
            "speaker": {
              "id": "1번",
              "sex": "여성",
              "age": "20대"
            },
            "speechAct": "(단언) 주장하기",
            "morpheme": "아/IC+저/MM+학년/NNG+에/JKB+는/JX+가/VV+면/EC+혼/NNG+날/NNG+만/JX+도/JX+하/VV+겠/EP+다/EF+ㅠㅠ/UNKNOWN"
          },
          {
            "id": 11,
            "text": "2 : 어 근데 그게 좀 충격이였다 ㅜㅜ 그렇게 혼난 적이 없어서",
            "norm_text": "어 근데 그게 좀 충격이였다 ㅜㅜ 그렇게 혼난 적이 없어서",
            "speaker": {
              "id": "2번",
              "sex": "남성",
              "age": "30대"
            },
            "speechAct": "(단언) 주장하기",
            "morpheme": "어/IC+근데/MAJ+그게/NP+JKS+좀/MAG+충격/NNG+이/VCP+였/EP+다/EF+ㅜㅜ/UNKNOWN+그렇게/MAG+혼난/VV+ETM+적/NNB+이/JKS+없/VA+어서/EC"
          },
          {
            "id": 12,
            "text": "1 : 근데 또 말도 안 하고 갔으니까 가서 뭐 하는지도 모르니까 그러지 않으셨겠나 ㅠㅠ",
            "norm_text": "근데 또 말도 안 하고 갔으니까 가서 뭐 하는지도 모르니까 그러지 않으셨겠나 ㅠㅠ",
            "speaker": {
              "id": "1번",
              "sex": "여성",
              "age": "20대"
            },
            "speechAct": "(단언) 주장하기",
            "morpheme": "근데/MAJ+또/MAG+말/NNG+도/JX+안/MAG+하/VV+고/EC+갔/VV+EP+으니까/EC+가/VX+서/EC+뭐/IC+하/VV+는지/EC+도/JX+모르/VV+니까/EC+그러/VV+지/EC+않/VX+으셨겠/EC+나/VX+ㅠㅠ/UNKNOWN"
          },
          {
            "id": 13,
            "text": "2 : 그럴 수도 있지 너희 아버지는 잘해주셔?",
            "norm_text": "그럴 수도 있지 너희 아버지는 잘해주셔?",
            "speaker": {
              "id": "2번",
              "sex": "남성",
              "age": "30대"
            },
            "speechAct": "(지시) 질문하기",
            "morpheme": "그럴/VA+ETM+수/NNB+도/JX+있/VA+지/EF+너희/NP+아버지/NNG+는/JX+잘/MAG+해/VV+EC+주/VX+셔/EP+EF"
          },
          {
            "id": 14,
            "text": "1 : 우리 아빠는 아직도 딸바보여 키키",
            "norm_text": "우리 아빠는 아직도 딸바보여 키키",
            "speaker": {
              "id": "1번",
              "sex": "여성",
              "age": "20대"
            },
            "speechAct": "(단언) 진술하기",
            "morpheme": "우리/NP+아빠/NNG+는/JX+아직/MAG+도/JX+딸/VV+ETM+바/NNB+보여/VV+EC+키/NNG+키/XSV+ETN"
          },
          {
            "id": 15,
            "text": "2 : 부럽다 아버지 있는 것만으로도 하하",
            "norm_text": "부럽다 아버지 있는 것만으로도 하하",
            "speaker": {
              "id": "2번",
              "sex": "남성",
              "age": "30대"
            },
            "speechAct": "(단언) 주장하기",
            "morpheme": "부럽/VA+다아/EC+버/VV+지/EC+있/VX+는/ETM+것/NNB+만/JX+으로/JKB+도/JX+하하/MAG"
          },
          {
            "id": 16,
            "text": "1 : 에이 그래도 아버지랑 연락하고 지내지 않아?",
            "norm_text": "에이 그래도 아버지랑 연락하고 지내지 않아?",
            "speaker": {
              "id": "1번",
              "sex": "여성",
              "age": "20대"
            },
            "speechAct": "(지시) 질문하기",
            "morpheme": "에이/IC+그래도/MAJ+아버지/NNG+랑/JKB+연락/NNG+하/XSV+고/EC+지내/VV+지/EC+않/VX+아/EF"
          },
          {
            "id": 17,
            "text": "2 : 안 하고 산 지 좀 된 거 같아 하하",
            "norm_text": "안 하고 산 지 좀 된 거 같아 하하",
            "speaker": {
              "id": "2번",
              "sex": "남성",
              "age": "30대"
            },
            "speechAct": "(단언) 주장하기",
            "morpheme": "안/MAG+하/VV+고/EC+산지/VV+ETM+NNB+좀/MAG+된/VV+ETM+거/NNB+같/VA+아/EC+하하/MAG"
          },
          {
            "id": 18,
            "text": "1 : 그래도 가끔 연락 기다리시지 않을까?",
            "norm_text": "그래도 가끔 연락 기다리시지 않을까?",
            "speaker": {
              "id": "1번",
              "sex": "여성",
              "age": "20대"
            },
            "speechAct": "(지시) 질문하기",
            "morpheme": "그래도/MAJ+가끔/MAG+연락/NNG+기다리/VV+시/EP+지/EC+않/VX+을까/EF"
          },
          {
            "id": 19,
            "text": "2 : 그런가? 그래도 한 번쯤은 아버지가 먼저 해주셨으면 좋겠다",
            "norm_text": "그런가? 그래도 한 번쯤은 아버지가 먼저 해주셨으면 좋겠다",
            "speaker": {
              "id": "2번",
              "sex": "남성",
              "age": "30대"
            },
            "speechAct": "(단언) 주장하기",
            "morpheme": "그런가/VA+EF+그래도/MAJ+한/MM+번/NNBC+쯤/XSN+은/JX+아버지/NNG+가/JKS+먼저/MAG+해/VV+EC+주/VX+셨/EP+EP+으면/EC+좋/VA+겠/EP+다/EC"
          }
        ]
      }
    }
  ]
}