{
  "dataset": {
    "identifier": 68029,
    "name": "KAKAO_968_08_set",
    "src_path": "/data/file/cubeManager/PROJECT001/53/txt20211005163129005614/KAKAO_968_08_set/",
    "label_path": "/data/file/cubeManager/PROJECT001/53/txt20211005163129005614/KAKAO_968_08_set/",
    "category": 2,
    "type": 0
  },
  "licenses": {
    "name": "Apache License 1.0",
    "url": "http://www.apache.org/licenses/LICENSE-1.0"
  },
  "info": [
    {
      "id": 42446,
      "filename": "KAKAO_968_08.txt",
      "title": "KAKAO_968_08",
      "mediatype": "SNS",
      "medianame": "카카오톡",
      "category": "일상대화",
      "date": "2021-10-05",
      "size": 546,
      "annotations": {
        "subject": "연애/결혼",
        "speaker_type": "1:1",
        "size": 546,
        "word_size": 172,
        "text": "1 : 결혼 준비할 때 가장 아까웠던 게 뭐야? 지금 생각해보면?\n2 : 음... 난... 난 웨딩촬영할 때 들어간 비용이 아까운 거 같아...\n1 : 스튜디오 촬영? ㅎ 맞지? 나도나도 ㅎ 그냥 스냄 찍을껄 ㅎ\n2 : 결혼 후 앨범은 보지도 않고 그 당시 내가 날씬하지도 않고 키키\n1 : 아 맞다 아가가 뱃속에 먼저 왔었지~\n2 : 맞아 그냥 자연스럽게 스냅 사진이나 몇 장 찍을껄...\n1 : 나도 그 돈 아껴서 제주도나 가서 여행하면서 스냅 기자 불러서 찍을껄...\n2 : 컨셉 추가해서 많이 찍었는데 아깝네\n1 : 나도 한복 괜히 추가 해가지고... -_-\n2 : 한복컷은 색다르니까 잘한 거 같은데? 키키\n1 : 아니야... 그거 한 장 하려고 너무 많은 댓가르 치뤘어 ㅎ\n2 : 스튜디오 한복 빌려서 찍은 거 아니지?\n1 : 응응 우리는 한복 맞췄는데 나는 한복 맞춘 것도 너무 아까워...\n2 : 나는 한복 맞춘 거 매년 명절마다 입고 있어서 한복 맞춘 건 아깝지 않아 키키\n1 : 오 ㅎ 한복 입을 일이 계속 있구나~\n2 : 신랑은 한복 안 맞추고 나만 했는데 그것도 잘한 거 같아 키키",
        "lines": [
          {
            "id": 1,
            "text": "1 : 결혼 준비할 때 가장 아까웠던 게 뭐야? 지금 생각해보면?",
            "norm_text": "결혼 준비할 때 가장 아까웠던 게 뭐야? 지금 생각해보면?",
            "speaker": {
              "id": "1번",
              "sex": "여성",
              "age": "30대"
            },
            "speechAct": "(지시) 질문하기",
            "morpheme": "결혼/NNG+준비/NNG+할/XSV+ETM+때/NNG+가장/MAG+아까웠/VA+EP+던/ETM+게/NNB+JKS+뭐/NP+야/VCP+EF+지금/MAG+생각/NNG+해/XSV+EC+보/VX+면/EC"
          },
          {
            "id": 2,
            "text": "2 : 음... 난... 난 웨딩촬영할 때 들어간 비용이 아까운 거 같아...",
            "norm_text": "음... 난... 난 웨딩촬영할 때 들어간 비용이 아까운 거 같아...",
            "speaker": {
              "id": "2번",
              "sex": "여성",
              "age": "30대"
            },
            "speechAct": "(단언) 주장하기",
            "morpheme": "음/IC+./SY+난/NP+JX+./SY+난/NP+JX+웨딩/NNP+촬영/NNG+할/XSV+ETM+때/NNG+들어간/VV+ETM+비용/NNG+이/JKS+아까운/VA+ETM+거/NNB+같/VA+아/EF+./SY"
          },
          {
            "id": 3,
            "text": "1 : 스튜디오 촬영? ㅎ 맞지? 나도나도 ㅎ 그냥 스냄 찍을껄 ㅎ",
            "norm_text": "스튜디오 촬영? ㅎ 맞지? 나도나도 ㅎ 그냥 스냄 찍을껄 ㅎ",
            "speaker": {
              "id": "1번",
              "sex": "여성",
              "age": "30대"
            },
            "speechAct": "(단언) 주장하기",
            "morpheme": "스튜디오/NNG+촬영/NNG+ㅎ/XSA+맞/VV+지/EF+나도나도ㅎ그냥스냄찍을껄ㅎ/UNKNOWN"
          },
          {
            "id": 4,
            "text": "2 : 결혼 후 앨범은 보지도 않고 그 당시 내가 날씬하지도 않고 키키",
            "norm_text": "결혼 후 앨범은 보지도 않고 그 당시 내가 날씬하지도 않고 키키",
            "speaker": {
              "id": "2번",
              "sex": "여성",
              "age": "30대"
            },
            "speechAct": "(단언) 주장하기",
            "morpheme": "결혼/NNG+후/NNG+앨범/NNG+은/JX+보/VV+지/EC+도/JX+않/VX+고/EC+그/MM+당시/NNG+내/NP+가/JKS+날씬/XR+하/XSA+지/EC+도/JX+않/VX+고/EC+키/NNG+키/XSV+ETN"
          },
          {
            "id": 5,
            "text": "1 : 아 맞다 아가가 뱃속에 먼저 왔었지~",
            "norm_text": "아 맞다 아가가 뱃속에 먼저 왔었지~",
            "speaker": {
              "id": "1번",
              "sex": "여성",
              "age": "30대"
            },
            "speechAct": "(단언) 주장하기",
            "morpheme": "아/IC+맞/VV+다/EC+아가/NNG+가/JKS+뱃속/NNG+에/JKB+먼저/MAG+왔었/VV+EP+지/EC+~/SY"
          },
          {
            "id": 6,
            "text": "2 : 맞아 그냥 자연스럽게 스냅 사진이나 몇 장 찍을껄...",
            "norm_text": "맞아 그냥 자연스럽게 스냅 사진이나 몇 장 찍을껄...",
            "speaker": {
              "id": "2번",
              "sex": "여성",
              "age": "30대"
            },
            "speechAct": "(단언) 주장하기",
            "morpheme": "맞/VV+아/EC+그냥/MAG+자연/NNG+스럽/XSA+게/EC+스냅/NNG+사진/NNG+이나/JC+몇/MM+장/NNBC+찍/VV+을껄/EF+./SY"
          },
          {
            "id": 7,
            "text": "1 : 나도 그 돈 아껴서 제주도나 가서 여행하면서 스냅 기자 불러서 찍을껄...",
            "norm_text": "나도 그 돈 아껴서 제주도나 가서 여행하면서 스냅 기자 불러서 찍을껄...",
            "speaker": {
              "id": "1번",
              "sex": "여성",
              "age": "30대"
            },
            "speechAct": "(단언) 주장하기",
            "morpheme": "나도그돈아껴서제주도나가서여행하면서스냅기자불러서찍을껄/UNKNOWN+./SY"
          },
          {
            "id": 8,
            "text": "2 : 컨셉 추가해서 많이 찍었는데 아깝네",
            "norm_text": "컨셉 추가해서 많이 찍었는데 아깝네",
            "speaker": {
              "id": "2번",
              "sex": "여성",
              "age": "30대"
            },
            "speechAct": "(단언) 주장하기",
            "morpheme": "컨셉/NNG+추가/NNG+해서/XSV+EC+많이/MAG+찍/VV+었/EP+는데/EC+아깝/VV+네/EC"
          },
          {
            "id": 9,
            "text": "1 : 나도 한복 괜히 추가 해가지고... -_-",
            "norm_text": "나도 한복 괜히 추가 해가지고... -_-",
            "speaker": {
              "id": "1번",
              "sex": "여성",
              "age": "30대"
            },
            "speechAct": "(단언) 주장하기",
            "morpheme": "나/NP+도/JX+한복/NNG+괜히/MAG+추가/NNG+해/XSV+EC+가지/VX+고/EC+./SY+./SY+-/SY+_/SY+-/SY"
          },
          {
            "id": 10,
            "text": "2 : 한복컷은 색다르니까 잘한 거 같은데? 키키",
            "norm_text": "한복컷은 색다르니까 잘한 거 같은데? 키키",
            "speaker": {
              "id": "2번",
              "sex": "여성",
              "age": "30대"
            },
            "speechAct": "(단언) 주장하기",
            "morpheme": "한복/NNG+컷/NNG+은/JX+색다르/VA+니까/EC+잘/MAG+한/XSA+ETM+거/NNB+같/VA+은데/EF+키/NNG+키/XSV+ETN"
          },
          {
            "id": 11,
            "text": "1 : 아니야... 그거 한 장 하려고 너무 많은 댓가르 치뤘어 ㅎ",
            "norm_text": "아니야... 그거 한 장 하려고 너무 많은 댓가르 치뤘어 ㅎ",
            "speaker": {
              "id": "1번",
              "sex": "여성",
              "age": "30대"
            },
            "speechAct": "(단언) 진술하기",
            "morpheme": "아니야/IC+./SY+그거한장하려고너무많은댓가르치뤘어ㅎ/UNKNOWN"
          },
          {
            "id": 12,
            "text": "2 : 스튜디오 한복 빌려서 찍은 거 아니지?",
            "norm_text": "스튜디오 한복 빌려서 찍은 거 아니지?",
            "speaker": {
              "id": "2번",
              "sex": "여성",
              "age": "30대"
            },
            "speechAct": "(지시) 질문하기",
            "morpheme": "스튜디오/NNG+한복/NNG+빌려서/VV+EC+찍/VV+은/ETM+거/NNB+아니/VCN+지/EF"
          },
          {
            "id": 13,
            "text": "1 : 응응 우리는 한복 맞췄는데 나는 한복 맞춘 것도 너무 아까워...",
            "norm_text": "응응 우리는 한복 맞췄는데 나는 한복 맞춘 것도 너무 아까워...",
            "speaker": {
              "id": "1번",
              "sex": "여성",
              "age": "30대"
            },
            "speechAct": "(단언) 주장하기",
            "morpheme": "응/IC+응/IC+우리/NP+는/JX+한복/NNG+맞췄/VV+EP+는데/EC+나/NP+는/JX+한복/NNG+맞춘/VV+ETM+것/NNB+도/JX+너무/MAG+아까워/VV+EF+./SY"
          },
          {
            "id": 14,
            "text": "2 : 나는 한복 맞춘 거 매년 명절마다 입고 있어서 한복 맞춘 건 아깝지 않아 키키",
            "norm_text": "나는 한복 맞춘 거 매년 명절마다 입고 있어서 한복 맞춘 건 아깝지 않아 키키",
            "speaker": {
              "id": "2번",
              "sex": "여성",
              "age": "30대"
            },
            "speechAct": "(단언) 주장하기",
            "morpheme": "나/NP+는/JX+한복/NNG+맞춘/VV+ETM+거/NNB+매년/MAG+명절/NNG+마다/JX+입/VV+고/EC+있/VX+어서/EC+한복/NNG+맞춘/VV+ETM+건/NNB+JX+아깝/VA+지/EC+않/VX+아/EC+키/NNG+키/XSV+ETN"
          },
          {
            "id": 15,
            "text": "1 : 오 ㅎ 한복 입을 일이 계속 있구나~",
            "norm_text": "오 ㅎ 한복 입을 일이 계속 있구나~",
            "speaker": {
              "id": "1번",
              "sex": "여성",
              "age": "30대"
            },
            "speechAct": "(단언) 주장하기",
            "morpheme": "오ㅎ한복입을일이계속있구나/UNKNOWN+~/SY"
          },
          {
            "id": 16,
            "text": "2 : 신랑은 한복 안 맞추고 나만 했는데 그것도 잘한 거 같아 키키",
            "norm_text": "신랑은 한복 안 맞추고 나만 했는데 그것도 잘한 거 같아 키키",
            "speaker": {
              "id": "2번",
              "sex": "여성",
              "age": "30대"
            },
            "speechAct": "(단언) 주장하기",
            "morpheme": "신랑/NNG+은/JX+한복/NNG+안/MAG+맞추/VV+고/EC+나/NP+만/JX+했/VV+EP+는데/EC+그것/NP+도/JX+잘/MAG+한/XSA+ETM+거/NNB+같/VA+아/EC+키/NNG+키/XSV+ETN"
          }
        ]
      }
    }
  ]
}