{
  "dataset": {
    "identifier": 68057,
    "name": "KAKAO_969_08_set",
    "src_path": "/data/file/cubeManager/PROJECT001/53/txt20211006122423012173/KAKAO_969_08_set/",
    "label_path": "/data/file/cubeManager/PROJECT001/53/txt20211006122423012173/KAKAO_969_08_set/",
    "category": 2,
    "type": 0
  },
  "licenses": {
    "name": "Apache License 1.0",
    "url": "http://www.apache.org/licenses/LICENSE-1.0"
  },
  "info": [
    {
      "id": 42948,
      "filename": "KAKAO_969_08.txt",
      "title": "KAKAO_969_08",
      "mediatype": "SNS",
      "medianame": "카카오톡",
      "category": "일상대화",
      "date": "2021-10-06",
      "size": 485,
      "annotations": {
        "subject": "연애/결혼",
        "speaker_type": "1:1",
        "size": 485,
        "word_size": 152,
        "text": "1 : **이 소개시켜 준 친구 내년에 결혼한다더라\n2 : 헐 진짜? 키키 오 좋은 소식이구만 키키\n1 : 엉 결국 키키 정말 괜찮은 건지 모르겠으\n2 : 왜? 키키 왜 괜찮은건지 몰라\n1 : 니도 그 친구 안다 아님? 키키 남친 봤다며\n2 : 아... 그 친구가 그 친구 말하는 거였어? 아 키키 결국 한대?\n1 : 응...  키키 걔가 나 소개 시켜줬잖아 키키\n2 : 나 육성으로 욕 나올뻔했어 키키\n1 : 키키 저번에는 나가 산다더니 결국...\n2 : 와... 희소식을 기대했는데... 배드뉴스네...\n1 : 그러니까 어차피 말 해도 안 들을 아이였어\n2 : 키키 결국 안 들었꾸나 듣는 척이라도 하는 줄 알았더니\n1 : 키키 왜 지 무덤을 지가 파는지 모르겠네\n2 : 키키 이왕 이렇게 된 거 행복해라 이런 말이 절대 나올수가 없는...\n1 : 키키 시어머니 이미 안 좋은 거 알잖아 괜찮냐고 했더니 지가 잘하면 된단다... 무슨\n2 : 키키 이야 조상신이 도와줬는데 그걸 무시하네 키키",
        "lines": [
          {
            "id": 1,
            "text": "1 : **이 소개시켜 준 친구 내년에 결혼한다더라",
            "norm_text": "**이 소개시켜 준 친구 내년에 결혼한다더라",
            "speaker": {
              "id": "1번",
              "sex": "남성",
              "age": "20대"
            },
            "speechAct": "(단언) 진술하기",
            "morpheme": "*/SY+*/SY+이/JKS+소개/NNG+시켜/XSV+EC+준/VX+ETM+친구/NNG+내년/NNG+에/JKB+결혼/NNG+한다더라/XSV+EC"
          },
          {
            "id": 2,
            "text": "2 : 헐 진짜? 키키 오 좋은 소식이구만 키키",
            "norm_text": "헐 진짜? 키키 오 좋은 소식이구만 키키",
            "speaker": {
              "id": "2번",
              "sex": "여성",
              "age": "20대"
            },
            "speechAct": "(단언) 주장하기",
            "morpheme": "헐/IC+진짜/MAG+키키오좋은소식이구만키키/UNKNOWN"
          },
          {
            "id": 3,
            "text": "1 : 엉 결국 키키 정말 괜찮은 건지 모르겠으",
            "norm_text": "엉 결국 키키 정말 괜찮은 건지 모르겠으",
            "speaker": {
              "id": "1번",
              "sex": "남성",
              "age": "20대"
            },
            "speechAct": "(단언) 주장하기",
            "morpheme": "엉/IC+결국/MAG+키/NNG+키/XSV+ETN+정말/MAG+괜찮/VA+은/ETM+건지/NNB+VCP+EC+모르/VV+겠/EP+으/EC"
          },
          {
            "id": 4,
            "text": "2 : 왜? 키키 왜 괜찮은건지 몰라",
            "norm_text": "왜? 키키 왜 괜찮은건지 몰라",
            "speaker": {
              "id": "2번",
              "sex": "여성",
              "age": "20대"
            },
            "speechAct": "(지시) 질문하기",
            "morpheme": "왜/MAG+키/NNG+키/XSV+ETN+왜/MAG+괜찮/VA+은/ETM+건지/NNB+VCP+EC+몰라/VV+EC"
          },
          {
            "id": 5,
            "text": "1 : 니도 그 친구 안다 아님? 키키 남친 봤다며",
            "norm_text": "니도 그 친구 안다 아님? 키키 남친 봤다며",
            "speaker": {
              "id": "1번",
              "sex": "남성",
              "age": "20대"
            },
            "speechAct": "(지시) 질문하기",
            "morpheme": "니/NP+도/JX+그/MM+친구/NNG+안/MAG+다/MAG+아님/VCN+ETN+키/NNG+키/NNG+남친/NNG+봤/VV+EP+다며/EC"
          },
          {
            "id": 6,
            "text": "2 : 아... 그 친구가 그 친구 말하는 거였어? 아 키키 결국 한대?",
            "norm_text": "아... 그 친구가 그 친구 말하는 거였어? 아 키키 결국 한대?",
            "speaker": {
              "id": "2번",
              "sex": "여성",
              "age": "20대"
            },
            "speechAct": "(지시) 질문하기",
            "morpheme": "아/IC+./SY+그/MM+친구/NNG+가/JKS+그/MM+친구/NNG+말/NNG+하/XSV+는/ETM+거/NNB+였/VCP+EP+어/EF+아키/NNP+키/NNG+결국/NNG+한대/XSV+EF"
          },
          {
            "id": 7,
            "text": "1 : 응...  키키 걔가 나 소개 시켜줬잖아 키키",
            "norm_text": "응...  키키 걔가 나 소개 시켜줬잖아 키키",
            "speaker": {
              "id": "1번",
              "sex": "남성",
              "age": "20대"
            },
            "speechAct": "(단언) 진술하기",
            "morpheme": "응/IC+./SY+키키걔가나소개시켜줬잖아키키/UNKNOWN"
          },
          {
            "id": 8,
            "text": "2 : 나 육성으로 욕 나올뻔했어 키키",
            "norm_text": "나 육성으로 욕 나올뻔했어 키키",
            "speaker": {
              "id": "2번",
              "sex": "여성",
              "age": "20대"
            },
            "speechAct": "(단언) 주장하기",
            "morpheme": "나/NP+육성/NNG+으로/JKB+욕/NNG+나올/VV+ETM+뻔/NNB+했/XSA+EP+어/EC+키/NNG+키/XSV+ETN"
          },
          {
            "id": 9,
            "text": "1 : 키키 저번에는 나가 산다더니 결국...",
            "norm_text": "키키 저번에는 나가 산다더니 결국...",
            "speaker": {
              "id": "1번",
              "sex": "남성",
              "age": "20대"
            },
            "speechAct": "(단언) 주장하기",
            "morpheme": "키/NNG+키/NNG+저번/NNG+에/JKB+는/JX+나/NP+가/JKS+산다/VV+EC+더니/VV+EC+결국/NNG+./SY+./SY"
          },
          {
            "id": 10,
            "text": "2 : 와... 희소식을 기대했는데... 배드뉴스네...",
            "norm_text": "와... 희소식을 기대했는데... 배드뉴스네...",
            "speaker": {
              "id": "2번",
              "sex": "여성",
              "age": "20대"
            },
            "speechAct": "(단언) 주장하기",
            "morpheme": "와/IC+./SY+희소식/NNG+을/JKO+기대/NNG+했/XSV+EP+는데/EC+./SY+./SY+배드/NNG+뉴스/NNG+네/VCP+EF+./SY"
          },
          {
            "id": 11,
            "text": "1 : 그러니까 어차피 말 해도 안 들을 아이였어",
            "norm_text": "그러니까 어차피 말 해도 안 들을 아이였어",
            "speaker": {
              "id": "1번",
              "sex": "남성",
              "age": "20대"
            },
            "speechAct": "(단언) 주장하기",
            "morpheme": "그러니까/MAJ+어차피/MAG+말/NNG+해도/XSV+EC+안들/NNG+을/JKO+아이/NNG+였/VCP+EP+어/EC"
          },
          {
            "id": 12,
            "text": "2 : 키키 결국 안 들었꾸나 듣는 척이라도 하는 줄 알았더니",
            "norm_text": "키키 결국 안 들었꾸나 듣는 척이라도 하는 줄 알았더니",
            "speaker": {
              "id": "2번",
              "sex": "여성",
              "age": "20대"
            },
            "speechAct": "(단언) 주장하기",
            "morpheme": "키/NNG+키/NNG+결국/NNG+안/MAG+들/VV+었/EP+꾸/VV+나/EC+듣/VV+는/ETM+척/NNB+이/VCP+라도/EC+하/VV+는/ETM+줄/NNB+알/VV+았/EP+더니/EC"
          },
          {
            "id": 13,
            "text": "1 : 키키 왜 지 무덤을 지가 파는지 모르겠네",
            "norm_text": "키키 왜 지 무덤을 지가 파는지 모르겠네",
            "speaker": {
              "id": "1번",
              "sex": "남성",
              "age": "20대"
            },
            "speechAct": "(단언) 주장하기",
            "morpheme": "키/NNG+키/NNG+왜지/NNG+무덤/NNG+을/JKO+지/NP+가/JKS+파/VV+는지/EC+모르/VV+겠/EP+네/EF"
          },
          {
            "id": 14,
            "text": "2 : 키키 이왕 이렇게 된 거 행복해라 이런 말이 절대 나올수가 없는...",
            "norm_text": "키키 이왕 이렇게 된 거 행복해라 이런 말이 절대 나올수가 없는...",
            "speaker": {
              "id": "2번",
              "sex": "여성",
              "age": "20대"
            },
            "speechAct": "(단언) 주장하기",
            "morpheme": "키/NNG+키/XSV+ETN+이왕/MAG+이렇게/MAG+된/VV+ETM+거/NNB+행복/NNG+해라/XSV+EF+이런/MM+말/NNG+이/JKS+절대/MAG+나올/VV+ETM+수/NNB+가/JKS+없/VA+는/ETM+./SY+./SY"
          },
          {
            "id": 15,
            "text": "1 : 키키 시어머니 이미 안 좋은 거 알잖아 괜찮냐고 했더니 지가 잘하면 된단다... 무슨",
            "norm_text": "키키 시어머니 이미 안 좋은 거 알잖아 괜찮냐고 했더니 지가 잘하면 된단다... 무슨",
            "speaker": {
              "id": "1번",
              "sex": "남성",
              "age": "20대"
            },
            "speechAct": "(단언) 주장하기",
            "morpheme": "키/NNG+키/NNG+시어머니/NNG+이미/MAG+안/MAG+좋/VA+은/ETM+거/NNB+알/VV+잖아/EC+괜찮/VA+냐고/EC+했/VX+EP+더니/EC+지/NP+가/JKS+잘/MAG+하/VV+면/EC+된단다/VV+EF+./SY+무슨/MM"
          },
          {
            "id": 16,
            "text": "2 : 키키 이야 조상신이 도와줬는데 그걸 무시하네 키키",
            "norm_text": "키키 이야 조상신이 도와줬는데 그걸 무시하네 키키",
            "speaker": {
              "id": "2번",
              "sex": "여성",
              "age": "20대"
            },
            "speechAct": "(단언) 주장하기",
            "morpheme": "키/NNG+키/XSV+ETN+이야/JX+조상신/NNG+이/JKS+도와/VV+EC+줬/VX+EP+는데/EC+그걸/NP+JKO+무시/NNG+하/XSV+네/EC+키/NNG+키/XSV+ETN"
          }
        ]
      }
    }
  ]
}