{
  "dataset": {
    "identifier": 38731,
    "name": "KAKAO_940_17_set",
    "src_path": "/data/file/cubeManager/PROJECT001/53/txt20211005162608073727/KAKAO_940_17_set/",
    "label_path": "/data/file/cubeManager/PROJECT001/53/txt20211005162608073727/KAKAO_940_17_set/",
    "category": 2,
    "type": 0
  },
  "licenses": {
    "name": "Apache License 1.0",
    "url": "http://www.apache.org/licenses/LICENSE-1.0"
  },
  "info": [
    {
      "id": 42394,
      "filename": "KAKAO_940_17.txt",
      "title": "KAKAO_940_17",
      "mediatype": "SNS",
      "medianame": "카카오톡",
      "category": "일상대화",
      "date": "2021-10-05",
      "size": 448,
      "annotations": {
        "subject": "건강",
        "speaker_type": "1:1",
        "size": 448,
        "word_size": 154,
        "text": "1 : 한번 걸려 봐야 정신을 차리나\n2 : 그니깐요 키키\n2 : 진짜 근데도 정신 못 차릴 듯\n1 : 키키 병원에 함 누워 봐야 정신을 차릴까\n1 : 어떻게 해야 하냐\n2 : 에휴... 그래도 정신은 못 차릴 듯\n1 : 키키 휴 어떻게 해야 하나 진짜\n2 : 진짜... 문제가 너무 많아요 진짜로\n1 : 그러니까 다들 안 아프고 사는 게 낫지 않나\n2 : 제 말이요 키키 진짜 동선 다들 신경 쓰라고\n1 : 진짜 안 쪽팔리나 이상한 데 갔다가 걸리면...\n2 : 그니깐요 키키\n2 : 진짜 레전드들 많더만\n1 : 그러니까 진짜 쪽팔려서 얼굴 들고 다님? 키키\n2 : 전 못 들듯...\n2 : 어휴 진짜 아랫도리 간수 좀 잘하지\n1 : 그러니까 말이야 다 잘라 버려야 해\n2 : 키키 같은 남자지만 진짜 한심...\n1 : 진짜... 쪽팔린다 쪽팔려\n1 : 남자 망신 다 시키고 있어\n2 : 그니깐요 에휴 키키\n2 : 진짜 단도리 잘 하라고",
        "lines": [
          {
            "id": 1,
            "text": "1 : 한번 걸려 봐야 정신을 차리나",
            "norm_text": "한번 걸려 봐야 정신을 차리나",
            "speaker": {
              "id": "1번",
              "sex": "남성",
              "age": "20대"
            },
            "speechAct": "(단언) 주장하기",
            "morpheme": "한/MM+번/NNBC+걸려/VV+EC+봐야/VX+EC+정신/NNG+을/JKO+차리/VV+나/EC"
          },
          {
            "id": 2,
            "text": "2 : 그니깐요 키키",
            "norm_text": "그니깐요 키키",
            "speaker": {
              "id": "2번",
              "sex": "남성",
              "age": "20대"
            },
            "speechAct": "턴토크 사인(관습적 반응)",
            "morpheme": "그니깐/MAJ+요키/NNP+키/NNG"
          },
          {
            "id": 3,
            "text": "2 : 진짜 근데도 정신 못 차릴 듯",
            "norm_text": "진짜 근데도 정신 못 차릴 듯",
            "speaker": {
              "id": "2번",
              "sex": "남성",
              "age": "20대"
            },
            "speechAct": "(단언) 주장하기",
            "morpheme": "진짜/MAG+근데도/MAJ+정신/NNG+못/MAG+차릴/VV+ETM+듯/NNB"
          },
          {
            "id": 4,
            "text": "1 : 키키 병원에 함 누워 봐야 정신을 차릴까",
            "norm_text": "키키 병원에 함 누워 봐야 정신을 차릴까",
            "speaker": {
              "id": "1번",
              "sex": "남성",
              "age": "20대"
            },
            "speechAct": "(단언) 주장하기",
            "morpheme": "키/NNG+키/NNG+병원/NNG+에/JKB+함/VV+ETN+누워/VV+EC+봐야/VX+EC+정신/NNG+을/JKO+차릴까/VV+EC"
          },
          {
            "id": 5,
            "text": "1 : 어떻게 해야 하냐",
            "norm_text": "어떻게 해야 하냐",
            "speaker": {
              "id": "1번",
              "sex": "남성",
              "age": "20대"
            },
            "speechAct": "(지시) 질문하기",
            "morpheme": "어떻게/MAG+해야/VV+EC+하/VV+냐/EC"
          },
          {
            "id": 6,
            "text": "2 : 에휴... 그래도 정신은 못 차릴 듯",
            "norm_text": "에휴... 그래도 정신은 못 차릴 듯",
            "speaker": {
              "id": "2번",
              "sex": "남성",
              "age": "20대"
            },
            "speechAct": "(단언) 주장하기",
            "morpheme": "에휴/IC+./SY+그래도/MAJ+정신/NNG+은/JX+못/MAG+차릴/VV+ETM+듯/NNB"
          },
          {
            "id": 7,
            "text": "1 : 키키 휴 어떻게 해야 하나 진짜",
            "norm_text": "키키 휴 어떻게 해야 하나 진짜",
            "speaker": {
              "id": "1번",
              "sex": "남성",
              "age": "20대"
            },
            "speechAct": "(단언) 주장하기",
            "morpheme": "키/NNG+키/XSV+ETN+휴/IC+어떻게/MAG+해야/VV+EC+하나/NR+진짜/NNG"
          },
          {
            "id": 8,
            "text": "2 : 진짜... 문제가 너무 많아요 진짜로",
            "norm_text": "진짜... 문제가 너무 많아요 진짜로",
            "speaker": {
              "id": "2번",
              "sex": "남성",
              "age": "20대"
            },
            "speechAct": "(단언) 주장하기",
            "morpheme": "진짜/MAG+./SY+문제/NNG+가/JKS+너무/MAG+많/VA+아요/EF+진짜로/MAG"
          },
          {
            "id": 9,
            "text": "1 : 그러니까 다들 안 아프고 사는 게 낫지 않나",
            "norm_text": "그러니까 다들 안 아프고 사는 게 낫지 않나",
            "speaker": {
              "id": "1번",
              "sex": "남성",
              "age": "20대"
            },
            "speechAct": "(단언) 주장하기",
            "morpheme": "그러니까/MAJ+다/MAG+들/XSN+안/MAG+아프/VA+고/EC+사/VV+는/ETM+게/NNB+JKS+낫/VA+지/EC+않/VX+나/EC"
          },
          {
            "id": 10,
            "text": "2 : 제 말이요 키키 진짜 동선 다들 신경 쓰라고",
            "norm_text": "제 말이요 키키 진짜 동선 다들 신경 쓰라고",
            "speaker": {
              "id": "2번",
              "sex": "남성",
              "age": "20대"
            },
            "speechAct": "(단언) 주장하기",
            "morpheme": "제말이/NP+JKG+NNG+JKS+요키/NNP+키/NNG+진짜/MAG+동선/NNG+다/MAG+들신경/NNG+쓰/VV+라고/EC"
          },
          {
            "id": 11,
            "text": "1 : 진짜 안 쪽팔리나 이상한 데 갔다가 걸리면...",
            "norm_text": "진짜 안 쪽팔리나 이상한 데 갔다가 걸리면...",
            "speaker": {
              "id": "1번",
              "sex": "남성",
              "age": "20대"
            },
            "speechAct": "(단언) 주장하기",
            "morpheme": "진짜/MAG+안/MAG+쪽팔리/VV+나/EC+이상/NNG+한/XSA+ETM+데/NNB+갔/VV+EP+다가/EC+걸리/VV+면/EC+./SY+./SY"
          },
          {
            "id": 12,
            "text": "2 : 그니깐요 키키",
            "norm_text": "그니깐요 키키",
            "speaker": {
              "id": "2번",
              "sex": "남성",
              "age": "20대"
            },
            "speechAct": "턴토크 사인(관습적 반응)",
            "morpheme": "그니깐/MAJ+요키/NNP+키/NNG"
          },
          {
            "id": 13,
            "text": "2 : 진짜 레전드들 많더만",
            "norm_text": "진짜 레전드들 많더만",
            "speaker": {
              "id": "2번",
              "sex": "남성",
              "age": "20대"
            },
            "speechAct": "(단언) 진술하기",
            "morpheme": "진짜/MAG+레전드/NNP+들/XSN+많/VA+더만/EC"
          },
          {
            "id": 14,
            "text": "1 : 그러니까 진짜 쪽팔려서 얼굴 들고 다님? 키키",
            "norm_text": "그러니까 진짜 쪽팔려서 얼굴 들고 다님? 키키",
            "speaker": {
              "id": "1번",
              "sex": "남성",
              "age": "20대"
            },
            "speechAct": "(단언) 주장하기",
            "morpheme": "그러니까/MAJ+진짜/MAG+쪽팔려서/VV+EC+얼굴들/NNP+고다/NNP+님/XSN+키/NNG+키/XSV+ETN"
          },
          {
            "id": 15,
            "text": "2 : 전 못 들듯...",
            "norm_text": "전 못 들듯...",
            "speaker": {
              "id": "2번",
              "sex": "남성",
              "age": "20대"
            },
            "speechAct": "(단언) 주장하기",
            "morpheme": "전/NP+JX+못/MAG+들/VV+듯/EF+./SY"
          },
          {
            "id": 16,
            "text": "2 : 어휴 진짜 아랫도리 간수 좀 잘하지",
            "norm_text": "어휴 진짜 아랫도리 간수 좀 잘하지",
            "speaker": {
              "id": "2번",
              "sex": "남성",
              "age": "20대"
            },
            "speechAct": "(단언) 주장하기",
            "morpheme": "어휴/IC+진짜/MAG+아랫도리/NNG+간수/NNG+좀/MAG+잘/MAG+하/VV+지/EC"
          },
          {
            "id": 17,
            "text": "1 : 그러니까 말이야 다 잘라 버려야 해",
            "norm_text": "그러니까 말이야 다 잘라 버려야 해",
            "speaker": {
              "id": "1번",
              "sex": "남성",
              "age": "20대"
            },
            "speechAct": "(단언) 주장하기",
            "morpheme": "그러니까/MAJ+말/NNG+이/VCP+야다/EC+잘라버려야/VV+EC+VX+EC+해/VV+EC"
          },
          {
            "id": 18,
            "text": "2 : 키키 같은 남자지만 진짜 한심...",
            "norm_text": "키키 같은 남자지만 진짜 한심...",
            "speaker": {
              "id": "2번",
              "sex": "남성",
              "age": "20대"
            },
            "speechAct": "(단언) 주장하기",
            "morpheme": "키/NNG+키/XSV+ETN+같/VA+은/ETM+남자/NNG+지만/VCP+EC+진짜/MAG+한심/NNG+./SY+./SY"
          },
          {
            "id": 19,
            "text": "1 : 진짜... 쪽팔린다 쪽팔려",
            "norm_text": "진짜... 쪽팔린다 쪽팔려",
            "speaker": {
              "id": "1번",
              "sex": "남성",
              "age": "20대"
            },
            "speechAct": "(단언) 주장하기",
            "morpheme": "진짜/MAG+./SY+쪽팔린다/VV+EC+쪽팔려/VV+EC"
          },
          {
            "id": 20,
            "text": "1 : 남자 망신 다 시키고 있어",
            "norm_text": "남자 망신 다 시키고 있어",
            "speaker": {
              "id": "1번",
              "sex": "남성",
              "age": "20대"
            },
            "speechAct": "(단언) 주장하기",
            "morpheme": "남자/NNG+망신/NNG+다시/MAG+키/VV+고/EC+있/VX+어/EC"
          },
          {
            "id": 21,
            "text": "2 : 그니깐요 에휴 키키",
            "norm_text": "그니깐요 에휴 키키",
            "speaker": {
              "id": "2번",
              "sex": "남성",
              "age": "20대"
            },
            "speechAct": "턴토크 사인(관습적 반응)",
            "morpheme": "그니깐/MAJ+요/JX+에휴/IC+키/NNG+키/XSV+ETN"
          },
          {
            "id": 22,
            "text": "2 : 진짜 단도리 잘 하라고",
            "norm_text": "진짜 단도리 잘 하라고",
            "speaker": {
              "id": "2번",
              "sex": "남성",
              "age": "20대"
            },
            "speechAct": "(단언) 주장하기",
            "morpheme": "진짜/MAG+단/MM+도리/NNG+잘/MAG+하/VV+라고/EC"
          }
        ]
      }
    }
  ]
}