{
  "dataset": {
    "identifier": 35016,
    "name": "KAKAO_941_16_set",
    "src_path": "/data/file/cubeManager/PROJECT001/53/txt20211005162142091161/KAKAO_941_16_set/",
    "label_path": "/data/file/cubeManager/PROJECT001/53/txt20211005162142091161/KAKAO_941_16_set/",
    "category": 2,
    "type": 0
  },
  "licenses": {
    "name": "Apache License 1.0",
    "url": "http://www.apache.org/licenses/LICENSE-1.0"
  },
  "info": [
    {
      "id": 42213,
      "filename": "KAKAO_941_16.txt",
      "title": "KAKAO_941_16",
      "mediatype": "SNS",
      "medianame": "카카오톡",
      "category": "일상대화",
      "date": "2021-10-05",
      "size": 451,
      "annotations": {
        "subject": "미용",
        "speaker_type": "1:1",
        "size": 451,
        "word_size": 149,
        "text": "1 : 오빠도 미용실 가서 파마 하고 그래요? 키키\n2 : 나는 파마는 안 해 키키 머리 짧아\n1 : 아? 키키\n1 : 오빠 머리 짧은 거 좋아해요?\n2 : 키키 응응 그게 깔끔하잖아 키키 나는 투블럭 자주 함\n1 : 오 대박 키키 깔끔한 거 좋아하나 봐요 키키\n2 : 키키 엉 키키 그리고 그게 잘 어울리는 것 같아\n1 : 키키 올 키키 전 이번에 머리 파마 했는데 망했어요 키키\n2 : 키키 엥 니가 머리를 파마를 했는데?\n1 : 아니요 미용실 가서 키키\n2 : 키키 아니 왜 어떻게 되었길래 망했어\n1 : 키키 아직 머리에 힘이 없나 봐요 거기다가 영업까지 당했어요 키키\n2 : 키키 무슨 영업 키키 어떤 영업을 당했어\n1 : 단백질이 부족하다고 단백질 뭐 영양 공급해야 한다고...\n2 : 오... 키키 근데 망했는 거야?\n1 : 네... 키키 그래서 12만 원을 썼는데... 하...\n2 : 오... 키키 머리가 긴 편 이야?",
        "lines": [
          {
            "id": 1,
            "text": "1 : 오빠도 미용실 가서 파마 하고 그래요? 키키",
            "norm_text": "오빠도 미용실 가서 파마 하고 그래요? 키키",
            "speaker": {
              "id": "1번",
              "sex": "여성",
              "age": "20대"
            },
            "speechAct": "(지시) 질문하기",
            "morpheme": "오빠/NNG+도/JX+미용실/NNG+가/VV+서/EC+파마/NNG+하/XSV+고/EC+그래요/VV+EF+키/NNG+키/XSV+ETN"
          },
          {
            "id": 2,
            "text": "2 : 나는 파마는 안 해 키키 머리 짧아",
            "norm_text": "나는 파마는 안 해 키키 머리 짧아",
            "speaker": {
              "id": "2번",
              "sex": "남성",
              "age": "20대"
            },
            "speechAct": "(단언) 진술하기",
            "morpheme": "나/NP+는/JX+파마/NNG+는/JX+안/MAG+해/VV+EC+키/NNG+키/NNG+머리/NNG+짧/VA+아/EC"
          },
          {
            "id": 3,
            "text": "1 : 아? 키키",
            "norm_text": "아? 키키",
            "speaker": {
              "id": "1번",
              "sex": "여성",
              "age": "20대"
            },
            "speechAct": "턴토크 사인(관습적 반응)",
            "morpheme": "아/IC+키/NNG+키/XSV+ETN"
          },
          {
            "id": 4,
            "text": "1 : 오빠 머리 짧은 거 좋아해요?",
            "norm_text": "오빠 머리 짧은 거 좋아해요?",
            "speaker": {
              "id": "1번",
              "sex": "여성",
              "age": "20대"
            },
            "speechAct": "(지시) 질문하기",
            "morpheme": "오빠/NNG+머리/NNG+짧/VA+은/ETM+거/NNB+좋/VA+아/EC+해요/VX+EF"
          },
          {
            "id": 5,
            "text": "2 : 키키 응응 그게 깔끔하잖아 키키 나는 투블럭 자주 함",
            "norm_text": "키키 응응 그게 깔끔하잖아 키키 나는 투블럭 자주 함",
            "speaker": {
              "id": "2번",
              "sex": "남성",
              "age": "20대"
            },
            "speechAct": "(단언) 주장하기",
            "morpheme": "키/NNG+키/XSV+ETN+응/IC+응/IC+그게/NP+JKS+깔끔/XR+하/XSA+잖아/EC+키/NNG+키나/XSA+ETN+JX+는/JX+투/NNP+블럭/NNP+자주/NNG+함/XSV+ETN"
          },
          {
            "id": 6,
            "text": "1 : 오 대박 키키 깔끔한 거 좋아하나 봐요 키키",
            "norm_text": "오 대박 키키 깔끔한 거 좋아하나 봐요 키키",
            "speaker": {
              "id": "1번",
              "sex": "여성",
              "age": "20대"
            },
            "speechAct": "(지시) 질문하기",
            "morpheme": "오/NR+대박/NNG+키/NNG+키/XSV+ETN+깔끔/XR+한/XSA+ETM+거/NNB+좋/VA+아/EC+하나/NR+봐요/VV+EC+키/NNG+키/XSV+ETN"
          },
          {
            "id": 7,
            "text": "2 : 키키 엉 키키 그리고 그게 잘 어울리는 것 같아",
            "norm_text": "키키 엉 키키 그리고 그게 잘 어울리는 것 같아",
            "speaker": {
              "id": "2번",
              "sex": "남성",
              "age": "20대"
            },
            "speechAct": "(단언) 주장하기",
            "morpheme": "키/NNG+키/VV+엉/EC+키/NNG+키/XSV+ETN+그리고/MAJ+그게/NP+JKS+잘/MAG+어울리/VV+는/ETM+것/NNB+같/VA+아/EC"
          },
          {
            "id": 8,
            "text": "1 : 키키 올 키키 전 이번에 머리 파마 했는데 망했어요 키키",
            "norm_text": "키키 올 키키 전 이번에 머리 파마 했는데 망했어요 키키",
            "speaker": {
              "id": "1번",
              "sex": "여성",
              "age": "20대"
            },
            "speechAct": "(단언) 주장하기",
            "morpheme": "키/NNG+키/NNG+올키/NNG+키/NNG+전/NNG+이번/NNG+에/JKB+머리/NNG+파마/NNG+했/XSV+EP+는데/EC+망했/VV+EP+어요/EF+키/NNG+키/XSV+ETN"
          },
          {
            "id": 9,
            "text": "2 : 키키 엥 니가 머리를 파마를 했는데?",
            "norm_text": "키키 엥 니가 머리를 파마를 했는데?",
            "speaker": {
              "id": "2번",
              "sex": "남성",
              "age": "20대"
            },
            "speechAct": "(지시) 질문하기",
            "morpheme": "키/NNG+키/XSV+ETN+엥/IC+니/NP+가/JKS+머리/NNG+를/JKO+파마/NNG+를/JKO+했/VV+EP+는데/EF"
          },
          {
            "id": 10,
            "text": "1 : 아니요 미용실 가서 키키",
            "norm_text": "아니요 미용실 가서 키키",
            "speaker": {
              "id": "1번",
              "sex": "여성",
              "age": "20대"
            },
            "speechAct": "(단언) 진술하기",
            "morpheme": "아니요/IC+미용실/NNG+가/VV+서/EC+키/NNG+키/XSV+ETN"
          },
          {
            "id": 11,
            "text": "2 : 키키 아니 왜 어떻게 되었길래 망했어",
            "norm_text": "키키 아니 왜 어떻게 되었길래 망했어",
            "speaker": {
              "id": "2번",
              "sex": "남성",
              "age": "20대"
            },
            "speechAct": "(지시) 질문하기",
            "morpheme": "키/NNG+키/XSV+ETN+아니/VCN+왜/MAG+어떻게/MAG+되/VV+었/EP+길래/EC+망했/VV+EP+어/EC"
          },
          {
            "id": 12,
            "text": "1 : 키키 아직 머리에 힘이 없나 봐요 거기다가 영업까지 당했어요 키키",
            "norm_text": "키키 아직 머리에 힘이 없나 봐요 거기다가 영업까지 당했어요 키키",
            "speaker": {
              "id": "1번",
              "sex": "여성",
              "age": "20대"
            },
            "speechAct": "(단언) 진술하기",
            "morpheme": "키/NNG+키/NNG+아직/MAG+머리/NNG+에/JKB+힘/NNG+이/JKS+없/VA+나/EC+봐요/VX+EF+거기/NP+다가/JX+영업/NNG+까지/JX+당했/VV+EP+어요/EF+키/NNG+키/XSV+ETN"
          },
          {
            "id": 13,
            "text": "2 : 키키 무슨 영업 키키 어떤 영업을 당했어",
            "norm_text": "키키 무슨 영업 키키 어떤 영업을 당했어",
            "speaker": {
              "id": "2번",
              "sex": "남성",
              "age": "20대"
            },
            "speechAct": "(지시) 질문하기",
            "morpheme": "키/NNG+키/XSV+ETN+무슨/MM+영업/NNG+키/NNG+키/XSV+ETN+어떤/MM+영업/NNG+을/JKO+당했/VV+EP+어/EC"
          },
          {
            "id": 14,
            "text": "1 : 단백질이 부족하다고 단백질 뭐 영양 공급해야 한다고...",
            "norm_text": "단백질이 부족하다고 단백질 뭐 영양 공급해야 한다고...",
            "speaker": {
              "id": "1번",
              "sex": "여성",
              "age": "20대"
            },
            "speechAct": "(단언) 진술하기",
            "morpheme": "단백질/NNG+이/JKS+부족/NNG+하/XSV+다고/EC+단백질/NNG+뭐/IC+영양/NNG+공급/NNG+해야/XSV+EC+한다고/VX+EF+./SY"
          },
          {
            "id": 15,
            "text": "2 : 오... 키키 근데 망했는 거야?",
            "norm_text": "오... 키키 근데 망했는 거야?",
            "speaker": {
              "id": "2번",
              "sex": "남성",
              "age": "20대"
            },
            "speechAct": "(지시) 질문하기",
            "morpheme": "오/IC+./SY+키/NNG+키/XSV+ETN+근데/MAJ+망했/VV+EP+는/ETM+거/NNB+야/VCP+EF"
          },
          {
            "id": 16,
            "text": "1 : 네... 키키 그래서 12만 원을 썼는데... 하...",
            "norm_text": "네... 키키 그래서 12만 원을 썼는데... 하...",
            "speaker": {
              "id": "1번",
              "sex": "여성",
              "age": "20대"
            },
            "speechAct": "(단언) 진술하기",
            "morpheme": "네/IC+./SY+키/NNG+키/XSV+ETN+그래서/MAJ+12/SN+만/NR+원/NNBC+을/JKO+썼/VV+EP+는데/EC+./SY+./SY+하/IC+./SY"
          },
          {
            "id": 17,
            "text": "2 : 오... 키키 머리가 긴 편 이야?",
            "norm_text": "오... 키키 머리가 긴 편 이야?",
            "speaker": {
              "id": "2번",
              "sex": "남성",
              "age": "20대"
            },
            "speechAct": "(지시) 질문하기",
            "morpheme": "오/IC+./SY+키/NNG+키/NNG+머리/NNG+가/JKS+긴/VA+ETM+편/NNB+이/VCP+야/EF"
          }
        ]
      }
    }
  ]
}