{
  "dataset": {
    "identifier": 32122,
    "name": "KAKAO_936_03_set",
    "src_path": "/data/file/cubeManager/PROJECT001/53/txt20211005162621099154/KAKAO_936_03_set/",
    "label_path": "/data/file/cubeManager/PROJECT001/53/txt20211005162621099154/KAKAO_936_03_set/",
    "category": 2,
    "type": 0
  },
  "licenses": {
    "name": "Apache License 1.0",
    "url": "http://www.apache.org/licenses/LICENSE-1.0"
  },
  "info": [
    {
      "id": 42400,
      "filename": "KAKAO_936_03.txt",
      "title": "KAKAO_936_03",
      "mediatype": "SNS",
      "medianame": "카카오톡",
      "category": "일상대화",
      "date": "2021-10-05",
      "size": 421,
      "annotations": {
        "subject": "교통",
        "speaker_type": "1:1",
        "size": 421,
        "word_size": 151,
        "text": "1 : 이제 김해도 창원이랑 버스 통합됐더라\n2 : 아 나 언니 집 김해인데 버스 타고 가 키키\n1 : 키키 진짜 이중으로 돈 안 들어?\n2 : 카드 한번 찍으면 김해까지 감 키키\n1 : 대박 키키 솔직히 진짜 그래야 한다 키키\n1 : 가까운 거리인데\n2 : 맞지 키키 기본 요금으로 김해까지 갈 수 있다니 좋다\n1 : 언니 집 자주 놀러 가나?\n2 : 가끔 아주 가끔 놀러 간다 키키\n1 : 키키 조카 보러 자주 가고 싶을 거 같은데 코시국이라 조심스런?\n2 : 약간 그런 것도 없지 않아 있다 ㅋ\n1 : 그래도 언니 가까이 살아서 좋으넹 키키\n2 : 웅 다행이야\n2 : 시내버스 타고 한번에 갈 수 있으니\n1 : 오 집에서 바로 가는 버스 있나 보네?\n2 : 아 근데 환승 해야 된다 참!\n1 : 키키 환승 진짜 귀찮지 키키\n2 : 그건 좀 귀찮긴 해\n2 : 차 사면 더 편할 텐데",
        "lines": [
          {
            "id": 1,
            "text": "1 : 이제 김해도 창원이랑 버스 통합됐더라",
            "norm_text": "이제 김해도 창원이랑 버스 통합됐더라",
            "speaker": {
              "id": "1번",
              "sex": "여성",
              "age": "20대"
            },
            "speechAct": "(단언) 진술하기",
            "morpheme": "이제/MAG+김해도/NNP+창원/NNP+이랑/JKB+버스/NNG+통합/NNG+됐/XSV+EP+더라/EC"
          },
          {
            "id": 2,
            "text": "2 : 아 나 언니 집 김해인데 버스 타고 가 키키",
            "norm_text": "아 나 언니 집 김해인데 버스 타고 가 키키",
            "speaker": {
              "id": "2번",
              "sex": "여성",
              "age": "30대"
            },
            "speechAct": "(단언) 진술하기",
            "morpheme": "아/IC+나/NP+언니/NNG+집/NNG+김해인/NNP+데버/NNP+스타/NNG+고가/NNG+키/NNG+키/XSV+ETN"
          },
          {
            "id": 3,
            "text": "1 : 키키 진짜 이중으로 돈 안 들어?",
            "norm_text": "키키 진짜 이중으로 돈 안 들어?",
            "speaker": {
              "id": "1번",
              "sex": "여성",
              "age": "20대"
            },
            "speechAct": "(지시) 질문하기",
            "morpheme": "키/NNG+키/XSV+ETN+진짜/MAG+이/MM+중/NNB+으로/JKB+돈/NNG+안/MAG+들/VV+어/EF"
          },
          {
            "id": 4,
            "text": "2 : 카드 한번 찍으면 김해까지 감 키키",
            "norm_text": "카드 한번 찍으면 김해까지 감 키키",
            "speaker": {
              "id": "2번",
              "sex": "여성",
              "age": "30대"
            },
            "speechAct": "(단언) 진술하기",
            "morpheme": "카드/NNG+한/MM+번/NNBC+찍/VV+으면/EC+김해/NNP+까지/JX+감/NNG+키/NNG+키/XSV+ETN"
          },
          {
            "id": 5,
            "text": "1 : 대박 키키 솔직히 진짜 그래야 한다 키키",
            "norm_text": "대박 키키 솔직히 진짜 그래야 한다 키키",
            "speaker": {
              "id": "1번",
              "sex": "여성",
              "age": "20대"
            },
            "speechAct": "(단언) 주장하기",
            "morpheme": "대박/NNG+키/NNG+키/XSV+ETN+솔직히/MAG+진짜/MAG+그래야/VV+EC+한/VX+ETM+다키키/NNP"
          },
          {
            "id": 6,
            "text": "1 : 가까운 거리인데",
            "norm_text": "가까운 거리인데",
            "speaker": {
              "id": "1번",
              "sex": "여성",
              "age": "20대"
            },
            "speechAct": "(단언) 진술하기",
            "morpheme": "가까운/VA+ETM+거리/NNG+인데/VCP+EC"
          },
          {
            "id": 7,
            "text": "2 : 맞지 키키 기본 요금으로 김해까지 갈 수 있다니 좋다",
            "norm_text": "맞지 키키 기본 요금으로 김해까지 갈 수 있다니 좋다",
            "speaker": {
              "id": "2번",
              "sex": "여성",
              "age": "30대"
            },
            "speechAct": "(단언) 진술하기",
            "morpheme": "맞/VV+지/EC+키/NNG+키/NNG+기본요금/NNG+으로/JKB+김해/NNP+까지/JX+갈/VV+ETM+수/NNB+있/VV+다니/EC+좋/VA+다/EC"
          },
          {
            "id": 8,
            "text": "1 : 언니 집 자주 놀러 가나?",
            "norm_text": "언니 집 자주 놀러 가나?",
            "speaker": {
              "id": "1번",
              "sex": "여성",
              "age": "20대"
            },
            "speechAct": "(지시) 질문하기",
            "morpheme": "언니/NNG+집/NNG+자주/MAG+놀/VV+러/EC+가/VX+나/EF"
          },
          {
            "id": 9,
            "text": "2 : 가끔 아주 가끔 놀러 간다 키키",
            "norm_text": "가끔 아주 가끔 놀러 간다 키키",
            "speaker": {
              "id": "2번",
              "sex": "여성",
              "age": "30대"
            },
            "speechAct": "(단언) 진술하기",
            "morpheme": "가끔/MAG+아주/MAG+가끔/MAG+놀/VV+러/EC+간다키/NNP+키/NNG"
          },
          {
            "id": 10,
            "text": "1 : 키키 조카 보러 자주 가고 싶을 거 같은데 코시국이라 조심스런?",
            "norm_text": "키키 조카 보러 자주 가고 싶을 거 같은데 코시국이라 조심스런?",
            "speaker": {
              "id": "1번",
              "sex": "여성",
              "age": "20대"
            },
            "speechAct": "(단언) 주장하기",
            "morpheme": "키/NNG+키/NNG+조카/NNG+보/VV+러/EC+자주/MAG+가/VV+고/EC+싶/VX+을/ETM+거/NNB+같/VA+은데/EC+코/NNG+시국/NNG+이/VCP+라/EC+조심/NNG+스런/XSA+ETM"
          },
          {
            "id": 11,
            "text": "2 : 약간 그런 것도 없지 않아 있다 ㅋ",
            "norm_text": "약간 그런 것도 없지 않아 있다 ㅋ",
            "speaker": {
              "id": "2번",
              "sex": "여성",
              "age": "30대"
            },
            "speechAct": "(단언) 주장하기",
            "morpheme": "약간/MAG+그런/MM+것/NNB+도/JX+없/VA+지/EC+않/VX+아/EC+있/VX+다/EF+ㅋ/UNKNOWN"
          },
          {
            "id": 12,
            "text": "1 : 그래도 언니 가까이 살아서 좋으넹 키키",
            "norm_text": "그래도 언니 가까이 살아서 좋으넹 키키",
            "speaker": {
              "id": "1번",
              "sex": "여성",
              "age": "20대"
            },
            "speechAct": "(단언) 주장하기",
            "morpheme": "그래도/MAJ+언니/NNG+가까이/MAG+살/VV+아서/EC+좋/VA+으/EC+넹/NNP+키키/NNP"
          },
          {
            "id": 13,
            "text": "2 : 웅 다행이야",
            "norm_text": "웅 다행이야",
            "speaker": {
              "id": "2번",
              "sex": "여성",
              "age": "30대"
            },
            "speechAct": "(단언) 주장하기",
            "morpheme": "웅/IC+다행/NNG+이/VCP+야/EC"
          },
          {
            "id": 14,
            "text": "2 : 시내버스 타고 한번에 갈 수 있으니",
            "norm_text": "시내버스 타고 한번에 갈 수 있으니",
            "speaker": {
              "id": "2번",
              "sex": "여성",
              "age": "30대"
            },
            "speechAct": "(단언) 진술하기",
            "morpheme": "시내버스/NNG+타/VV+고/EC+한/MM+번/NNBC+에/JKB+갈/VV+ETM+수/NNB+있/VV+으니/EC"
          },
          {
            "id": 15,
            "text": "1 : 오 집에서 바로 가는 버스 있나 보네?",
            "norm_text": "오 집에서 바로 가는 버스 있나 보네?",
            "speaker": {
              "id": "1번",
              "sex": "여성",
              "age": "20대"
            },
            "speechAct": "(지시) 질문하기",
            "morpheme": "오집/NNG+에서/JKB+바로/MAG+가/VV+는/ETM+버스/NNG+있/VV+나/EC+보/VX+네/EF"
          },
          {
            "id": 16,
            "text": "2 : 아 근데 환승 해야 된다 참!",
            "norm_text": "아 근데 환승 해야 된다 참!",
            "speaker": {
              "id": "2번",
              "sex": "여성",
              "age": "30대"
            },
            "speechAct": "(단언) 진술하기",
            "morpheme": "아/IC+근데/MAJ+환승/NNG+해야/XSV+EC+된다/VV+EF+참/IC"
          },
          {
            "id": 17,
            "text": "1 : 키키 환승 진짜 귀찮지 키키",
            "norm_text": "키키 환승 진짜 귀찮지 키키",
            "speaker": {
              "id": "1번",
              "sex": "여성",
              "age": "20대"
            },
            "speechAct": "(단언) 주장하기",
            "morpheme": "키/NNG+키/NNG+환승/NNG+진짜/MAG+귀찮/VA+지/EC+키/NNG+키/XSV+ETN"
          },
          {
            "id": 18,
            "text": "2 : 그건 좀 귀찮긴 해",
            "norm_text": "그건 좀 귀찮긴 해",
            "speaker": {
              "id": "2번",
              "sex": "여성",
              "age": "30대"
            },
            "speechAct": "(단언) 주장하기",
            "morpheme": "그건/NP+JX+좀/MAG+귀찮/VA+긴/ETN+JX+해/VX+EC"
          },
          {
            "id": 19,
            "text": "2 : 차 사면 더 편할 텐데",
            "norm_text": "차 사면 더 편할 텐데",
            "speaker": {
              "id": "2번",
              "sex": "여성",
              "age": "30대"
            },
            "speechAct": "(단언) 주장하기",
            "morpheme": "차사/NNG+면/VCP+EC+더/MAG+편할/VA+ETM+텐데/NNB+VCP+EC"
          }
        ]
      }
    }
  ]
}