{
  "dataset": {
    "identifier": 63579,
    "name": "KAKAO_908_18_set",
    "src_path": "/data/file/cubeManager/PROJECT001/53/txt20211005154927008477/KAKAO_908_18_set/",
    "label_path": "/data/file/cubeManager/PROJECT001/53/txt20211005154927008477/KAKAO_908_18_set/",
    "category": 2,
    "type": 0
  },
  "licenses": {
    "name": "Apache License 1.0",
    "url": "http://www.apache.org/licenses/LICENSE-1.0"
  },
  "info": [
    {
      "id": 41755,
      "filename": "KAKAO_908_18.txt",
      "title": "KAKAO_908_18",
      "mediatype": "SNS",
      "medianame": "카카오톡",
      "category": "일상대화",
      "date": "2021-10-05",
      "size": 470,
      "annotations": {
        "subject": "상거래 전반",
        "speaker_type": "1:1",
        "size": 470,
        "word_size": 166,
        "text": "1 : 아 요즘 완전 행복함\n1 : 맨날 택배 옴\n2 : 키키 야 좀 그만 좀 사라\n2 : 그 정도면 중독임\n1 : 온라인 쇼핑은 진짜 끊을 수가 없어\n2 : 하긴 인터넷에는 또 싸게 파니까 다 사고 싶지\n1 : 응응 그래서 나는 다 사잖아\n1 : 키키 너무 좋아\n2 : 적당히 해라...\n2 : 니 그러다가 월급 다 날림\n1 : 이미 다 날림 키키\n1 : 근데 왜 어른들 옷은 온라인에 없냐\n2 : 어른들한테 온라인 쇼핑이 어려우니까 안 팔겠지 키키\n1 : 아니 우리 부모님 또래 옷도 안 팔던데?\n2 : 너희 부모님은 온라인 쇼핑하시나?\n1 : 응응 우리 엄마도 나 못지않게 온라인 쇼핑 즐김 키키\n2 : 와... 우리 엄마는 온라인 쇼핑 잘 못하신다\n1 : 아 그래? 그럼 온라인에 어른들 옷이 없을 만하네\n2 : 응응 어른들 옷은 아울렛 매장이 제일 쌈\n1 : 그래 안 그래도 할아버지 옷 아울렛 가서 삼\n2 : 니 어느 매장 가서 샀는데\n2 : 내가 젤 싼 데 알려줄게",
        "lines": [
          {
            "id": 1,
            "text": "1 : 아 요즘 완전 행복함",
            "norm_text": "아 요즘 완전 행복함",
            "speaker": {
              "id": "1번",
              "sex": "여성",
              "age": "20대"
            },
            "speechAct": "(단언) 주장하기",
            "morpheme": "아/IC+요즘/MAG+완전/MAG+행복/NNG+함/XSV+ETN"
          },
          {
            "id": 2,
            "text": "1 : 맨날 택배 옴",
            "norm_text": "맨날 택배 옴",
            "speaker": {
              "id": "1번",
              "sex": "여성",
              "age": "20대"
            },
            "speechAct": "(단언) 주장하기",
            "morpheme": "맨날/MAG+택배/NNG+옴/NNG"
          },
          {
            "id": 3,
            "text": "2 : 키키 야 좀 그만 좀 사라",
            "norm_text": "키키 야 좀 그만 좀 사라",
            "speaker": {
              "id": "2번",
              "sex": "여성",
              "age": "20대"
            },
            "speechAct": "(지시) 충고/제안하기",
            "morpheme": "키/NNG+키/XSV+ETN+야/JX+좀/MAG+그만/MAG+좀/MAG+사라/NNG"
          },
          {
            "id": 4,
            "text": "2 : 그 정도면 중독임",
            "norm_text": "그 정도면 중독임",
            "speaker": {
              "id": "2번",
              "sex": "여성",
              "age": "20대"
            },
            "speechAct": "(단언) 주장하기",
            "morpheme": "그/MM+정도/NNG+면/VCP+EC+중독/NNG+임/VCP+ETN"
          },
          {
            "id": 5,
            "text": "1 : 온라인 쇼핑은 진짜 끊을 수가 없어",
            "norm_text": "온라인 쇼핑은 진짜 끊을 수가 없어",
            "speaker": {
              "id": "1번",
              "sex": "여성",
              "age": "20대"
            },
            "speechAct": "(단언) 주장하기",
            "morpheme": "온라인/NNG+쇼핑/NNG+은/JX+진짜/MAG+끊/VV+을/ETM+수/NNB+가/JKS+없/VA+어/EC"
          },
          {
            "id": 6,
            "text": "2 : 하긴 인터넷에는 또 싸게 파니까 다 사고 싶지",
            "norm_text": "하긴 인터넷에는 또 싸게 파니까 다 사고 싶지",
            "speaker": {
              "id": "2번",
              "sex": "여성",
              "age": "20대"
            },
            "speechAct": "(단언) 주장하기",
            "morpheme": "하긴/MAJ+인터넷/NNG+에/JKB+는/JX+또/MAG+싸/VA+게/EC+파/VV+니까/EC+다/MAG+사/VV+고/EC+싶/VX+지/EC"
          },
          {
            "id": 7,
            "text": "1 : 응응 그래서 나는 다 사잖아",
            "norm_text": "응응 그래서 나는 다 사잖아",
            "speaker": {
              "id": "1번",
              "sex": "여성",
              "age": "20대"
            },
            "speechAct": "(단언) 주장하기",
            "morpheme": "응/IC+응/IC+그래서/MAJ+나/NP+는/JX+다사/NNG+잖아/VCP+EC+VX+EC"
          },
          {
            "id": 8,
            "text": "1 : 키키 너무 좋아",
            "norm_text": "키키 너무 좋아",
            "speaker": {
              "id": "1번",
              "sex": "여성",
              "age": "20대"
            },
            "speechAct": "(단언) 주장하기",
            "morpheme": "키/NNG+키/NNG+너무/MAG+좋/VA+아/EC"
          },
          {
            "id": 9,
            "text": "2 : 적당히 해라...",
            "norm_text": "적당히 해라...",
            "speaker": {
              "id": "2번",
              "sex": "여성",
              "age": "20대"
            },
            "speechAct": "(단언) 주장하기",
            "morpheme": "적당히/MAG+해라/VV+EF+./SY"
          },
          {
            "id": 10,
            "text": "2 : 니 그러다가 월급 다 날림",
            "norm_text": "니 그러다가 월급 다 날림",
            "speaker": {
              "id": "2번",
              "sex": "여성",
              "age": "20대"
            },
            "speechAct": "(단언) 주장하기",
            "morpheme": "니/NP+그러/VV+다가/EC+월급/NNG+다/MAG+날림/NNG"
          },
          {
            "id": 11,
            "text": "1 : 이미 다 날림 키키",
            "norm_text": "이미 다 날림 키키",
            "speaker": {
              "id": "1번",
              "sex": "여성",
              "age": "20대"
            },
            "speechAct": "(단언) 주장하기",
            "morpheme": "이미/MAG+다/MAG+날림/NNG+키/NNG+키/XSV+ETN"
          },
          {
            "id": 12,
            "text": "1 : 근데 왜 어른들 옷은 온라인에 없냐",
            "norm_text": "근데 왜 어른들 옷은 온라인에 없냐",
            "speaker": {
              "id": "1번",
              "sex": "여성",
              "age": "20대"
            },
            "speechAct": "(단언) 주장하기",
            "morpheme": "근데/MAJ+왜/MAG+어른/NNG+들/XSN+옷/NNG+은/JX+온라인/NNG+에/JKB+없/VA+냐/EC"
          },
          {
            "id": 13,
            "text": "2 : 어른들한테 온라인 쇼핑이 어려우니까 안 팔겠지 키키",
            "norm_text": "어른들한테 온라인 쇼핑이 어려우니까 안 팔겠지 키키",
            "speaker": {
              "id": "2번",
              "sex": "여성",
              "age": "20대"
            },
            "speechAct": "(단언) 주장하기",
            "morpheme": "어른/NNG+들/XSN+한테/JKB+온라인/NNG+쇼핑/NNG+이/JKS+어려우/VA+니까/EC+안/MAG+팔/VV+겠/EP+지/EC+키/NNG+키/XSV+ETN"
          },
          {
            "id": 14,
            "text": "1 : 아니 우리 부모님 또래 옷도 안 팔던데?",
            "norm_text": "아니 우리 부모님 또래 옷도 안 팔던데?",
            "speaker": {
              "id": "1번",
              "sex": "여성",
              "age": "20대"
            },
            "speechAct": "(지시) 질문하기",
            "morpheme": "아니/IC+우리/NP+부모/NNG+님/XSN+또래/NNG+옷/NNG+도/JX+안/MAG+팔/VV+던데/EF"
          },
          {
            "id": 15,
            "text": "2 : 너희 부모님은 온라인 쇼핑하시나?",
            "norm_text": "너희 부모님은 온라인 쇼핑하시나?",
            "speaker": {
              "id": "2번",
              "sex": "여성",
              "age": "20대"
            },
            "speechAct": "(지시) 질문하기",
            "morpheme": "너희/NP+부모/NNG+님/XSN+은/JX+온라인/NNG+쇼핑/NNG+하/XSV+시/EP+나/EF"
          },
          {
            "id": 16,
            "text": "1 : 응응 우리 엄마도 나 못지않게 온라인 쇼핑 즐김 키키",
            "norm_text": "응응 우리 엄마도 나 못지않게 온라인 쇼핑 즐김 키키",
            "speaker": {
              "id": "1번",
              "sex": "여성",
              "age": "20대"
            },
            "speechAct": "(단언) 주장하기",
            "morpheme": "응/IC+응/IC+우리/NP+엄마/NNG+도/JX+나/NP+못지않/VA+게/EC+온라인/NNG+쇼핑/NNG+즐김/VV+ETN+키/NNG+키/XSV+ETN"
          },
          {
            "id": 17,
            "text": "2 : 와... 우리 엄마는 온라인 쇼핑 잘 못하신다",
            "norm_text": "와... 우리 엄마는 온라인 쇼핑 잘 못하신다",
            "speaker": {
              "id": "2번",
              "sex": "여성",
              "age": "20대"
            },
            "speechAct": "(단언) 진술하기",
            "morpheme": "와/IC+./SY+우리/NP+엄마/NNG+는/JX+온라인/NNG+쇼핑/NNG+잘못/MAG+하/VV+신다/EP+EC"
          },
          {
            "id": 18,
            "text": "1 : 아 그래? 그럼 온라인에 어른들 옷이 없을 만하네",
            "norm_text": "아 그래? 그럼 온라인에 어른들 옷이 없을 만하네",
            "speaker": {
              "id": "1번",
              "sex": "여성",
              "age": "20대"
            },
            "speechAct": "(단언) 주장하기",
            "morpheme": "아/IC+그래/IC+그럼/MAJ+온라인/NNG+에/JKB+어른/NNG+들/XSN+옷/NNG+이/JKS+없/VA+을/ETM+만/NNB+하/XSA+네/EC"
          },
          {
            "id": 19,
            "text": "2 : 응응 어른들 옷은 아울렛 매장이 제일 쌈",
            "norm_text": "응응 어른들 옷은 아울렛 매장이 제일 쌈",
            "speaker": {
              "id": "2번",
              "sex": "여성",
              "age": "20대"
            },
            "speechAct": "(단언) 주장하기",
            "morpheme": "응/IC+응/IC+어른/NNG+들/XSN+옷/NNG+은/JX+아울렛/NNG+매장/NNG+이/JKS+제일/MAG+쌈/NNG"
          },
          {
            "id": 20,
            "text": "1 : 그래 안 그래도 할아버지 옷 아울렛 가서 삼",
            "norm_text": "그래 안 그래도 할아버지 옷 아울렛 가서 삼",
            "speaker": {
              "id": "1번",
              "sex": "여성",
              "age": "20대"
            },
            "speechAct": "(단언) 진술하기",
            "morpheme": "그래/IC+안/MAG+그래도/VV+EC+할아버지/NNG+옷/NNG+아울렛/NNG+가/VV+서/EC+삼/NR"
          },
          {
            "id": 21,
            "text": "2 : 니 어느 매장 가서 샀는데",
            "norm_text": "니 어느 매장 가서 샀는데",
            "speaker": {
              "id": "2번",
              "sex": "여성",
              "age": "20대"
            },
            "speechAct": "(단언) 주장하기",
            "morpheme": "니/MM+어느/MM+매장/NNG+가/VV+서/EC+샀/VV+EP+는데/EC"
          },
          {
            "id": 22,
            "text": "2 : 내가 젤 싼 데 알려줄게",
            "norm_text": "내가 젤 싼 데 알려줄게",
            "speaker": {
              "id": "2번",
              "sex": "여성",
              "age": "20대"
            },
            "speechAct": "(언약) 약속하기(제3자와)/(개인적 수준)",
            "morpheme": "내/NP+가/JKS+젤/MAG+싼/VA+ETM+데/NNB+알려/VV+EC+줄/VX+ETM+게/NNB+JKS"
          }
        ]
      }
    }
  ]
}