{
  "dataset": {
    "identifier": 44977,
    "name": "KAKAO_996_19_set",
    "src_path": "/data/file/cubeManager/PROJECT001/53/txt202110061403390677100/KAKAO_996_19_set/",
    "label_path": "/data/file/cubeManager/PROJECT001/53/txt202110061403390677100/KAKAO_996_19_set/",
    "category": 2,
    "type": 0
  },
  "licenses": {
    "name": "Apache License 1.0",
    "url": "http://www.apache.org/licenses/LICENSE-1.0"
  },
  "info": [
    {
      "id": 45270,
      "filename": "KAKAO_996_19.txt",
      "title": "KAKAO_996_19",
      "mediatype": "SNS",
      "medianame": "카카오톡",
      "category": "일상대화",
      "date": "2021-10-06",
      "size": 621,
      "annotations": {
        "subject": "방송/연예",
        "speaker_type": "1:1",
        "size": 621,
        "word_size": 201,
        "text": "1 : 너 드라마 스카이캐슬 봤었나? 키키\n2 : 스카이캐슬 봤지 키키\n2 : 우리 해운대 갔을 때 같이 보지 않았나\n1 : 키키 아 난 그때는 안 보고 있다가 몰아서 봤다 키키\n2 : 키키 나도 그땐 안 보던 시절이라 사실 큰 흥미 없었어\n1 : 아 진짜? 키키\n1 : 내 기억엔 나 빼고 다들 옹기종기 보던 게 기억남\n2 : 키키 그건 그랬지 키키\n2 : 근데 집중 안 했음 키키 우리 보다가 다시 얘기 나누고 키키\n2 : 지금 그거 비슷한 드라마 한다던데\n1 : 오 그래?\n1 : 나는 거기 윤세아? 그 사람 역할이 참 좋았는데 키키\n2 : 윤세아 기억나 키키\n2 : 거기서 제일 정상인이었다\n1 : 응응 쌍둥이 엄마 키키 뭔가 교양 있고 똑똑해 보였어 키키\n2 : 키키 거기다 젊어 보이고 키키 똑똑해 보이진 않았는데 교양은 있어 보였어\n1 : 그사람 남편 역할도... 키키 맨날 화내기만 하는데 불쌍하기도 하더라 키키\n2 : 키키 왜 불쌍하다 생각했어? 키키\n2 : 아빠로서 되게 별로였는데\n1 : 아빠로써는 되게 별론데 나중에 결말쯤엔... 좀 외로워 보이던데\n2 : 결말이 뭐였지? 결국엔 다 자업자득인거다 키키\n1 : 무엇보다 예서가 정신 차린 게 참 다행이다 키키\n2 : 키키 예서가 정신 차리고 재수했었지?\n2 : 그건 기억나네 키키",
        "lines": [
          {
            "id": 1,
            "text": "1 : 너 드라마 스카이캐슬 봤었나? 키키",
            "norm_text": "너 드라마 스카이캐슬 봤었나? 키키",
            "speaker": {
              "id": "1번",
              "sex": "여성",
              "age": "30대"
            },
            "speechAct": "(지시) 질문하기",
            "morpheme": "너/NP+드라마/NNG+스카이/NNP+캐슬/NNP+봤었/VV+EP+나/EF+키/NNG+키/XSV+ETN"
          },
          {
            "id": 2,
            "text": "2 : 스카이캐슬 봤지 키키",
            "norm_text": "스카이캐슬 봤지 키키",
            "speaker": {
              "id": "2번",
              "sex": "여성",
              "age": "30대"
            },
            "speechAct": "(단언) 진술하기",
            "morpheme": "스카이/NNP+캐슬/NNP+봤/VV+EP+지/EC+키/NNG+키/XSV+ETN"
          },
          {
            "id": 3,
            "text": "2 : 우리 해운대 갔을 때 같이 보지 않았나",
            "norm_text": "우리 해운대 갔을 때 같이 보지 않았나",
            "speaker": {
              "id": "2번",
              "sex": "여성",
              "age": "30대"
            },
            "speechAct": "(단언) 진술하기",
            "morpheme": "우리/NP+해운대/NNG+갔/VV+EP+을/ETM+때/NNG+같이/JKB+보/VV+지/EC+않/VX+았/EP+나/EC"
          },
          {
            "id": 4,
            "text": "1 : 키키 아 난 그때는 안 보고 있다가 몰아서 봤다 키키",
            "norm_text": "키키 아 난 그때는 안 보고 있다가 몰아서 봤다 키키",
            "speaker": {
              "id": "1번",
              "sex": "여성",
              "age": "30대"
            },
            "speechAct": "(단언) 주장하기",
            "morpheme": "키키/NNP+아난/NNP+그때/NNG+는/JX+안/MAG+보/VV+고/EC+있/VX+다가/EC+몰/VV+아서/EC+봤/VX+EP+다키키/NNP"
          },
          {
            "id": 5,
            "text": "2 : 키키 나도 그땐 안 보던 시절이라 사실 큰 흥미 없었어",
            "norm_text": "키키 나도 그땐 안 보던 시절이라 사실 큰 흥미 없었어",
            "speaker": {
              "id": "2번",
              "sex": "여성",
              "age": "30대"
            },
            "speechAct": "(단언) 주장하기",
            "morpheme": "키/NNG+키나/XSA+ETN+JX+도/JX+그땐/NNG+JX+안/MAG+보/VV+던/ETM+시절/NNG+이/VCP+라/EC+사실/MAG+큰/VA+ETM+흥미/NNG+없/VA+었/EP+어/EC"
          },
          {
            "id": 6,
            "text": "1 : 아 진짜? 키키",
            "norm_text": "아 진짜? 키키",
            "speaker": {
              "id": "1번",
              "sex": "여성",
              "age": "30대"
            },
            "speechAct": "(지시) 질문하기",
            "morpheme": "아/IC+진짜/MAG+키/NNG+키/XSV+ETN"
          },
          {
            "id": 7,
            "text": "1 : 내 기억엔 나 빼고 다들 옹기종기 보던 게 기억남",
            "norm_text": "내 기억엔 나 빼고 다들 옹기종기 보던 게 기억남",
            "speaker": {
              "id": "1번",
              "sex": "여성",
              "age": "30대"
            },
            "speechAct": "(단언) 주장하기",
            "morpheme": "내/NP+JKG+기억/NNG+엔/JKB+JX+나/NP+빼/VV+고/EC+다/MAG+들/XSN+옹기종기/MAG+보/VV+던/ETM+게/NNB+JKS+기억/NNG+남/NNG"
          },
          {
            "id": 8,
            "text": "2 : 키키 그건 그랬지 키키",
            "norm_text": "키키 그건 그랬지 키키",
            "speaker": {
              "id": "2번",
              "sex": "여성",
              "age": "30대"
            },
            "speechAct": "(단언) 주장하기",
            "morpheme": "키/NNG+키/XSV+ETN+그건/NP+JX+그랬/VV+EP+지/EC+키/NNG+키/XSV+ETN"
          },
          {
            "id": 9,
            "text": "2 : 근데 집중 안 했음 키키 우리 보다가 다시 얘기 나누고 키키",
            "norm_text": "근데 집중 안 했음 키키 우리 보다가 다시 얘기 나누고 키키",
            "speaker": {
              "id": "2번",
              "sex": "여성",
              "age": "30대"
            },
            "speechAct": "(단언) 주장하기",
            "morpheme": "근데/MAJ+집중/NNG+안/MAG+했/VV+EP+음/ETN+키/NNG+키/XSV+ETN+우리/NP+보/VV+다가/EC+다시/MAG+얘기/NNG+나누/VV+고/EC+키/NNG+키/XSV+ETN"
          },
          {
            "id": 10,
            "text": "2 : 지금 그거 비슷한 드라마 한다던데",
            "norm_text": "지금 그거 비슷한 드라마 한다던데",
            "speaker": {
              "id": "2번",
              "sex": "여성",
              "age": "30대"
            },
            "speechAct": "(단언) 주장하기",
            "morpheme": "지금/MAG+그거/NP+비슷/XR+한/XSA+ETM+드라마/NNG+한다던데/XSV+EC"
          },
          {
            "id": 11,
            "text": "1 : 오 그래?",
            "norm_text": "오 그래?",
            "speaker": {
              "id": "1번",
              "sex": "여성",
              "age": "30대"
            },
            "speechAct": "(지시) 질문하기",
            "morpheme": "오/IC+그래/IC"
          },
          {
            "id": 12,
            "text": "1 : 나는 거기 윤세아? 그 사람 역할이 참 좋았는데 키키",
            "norm_text": "나는 거기 윤세아? 그 사람 역할이 참 좋았는데 키키",
            "speaker": {
              "id": "1번",
              "sex": "여성",
              "age": "30대"
            },
            "speechAct": "(단언) 주장하기",
            "morpheme": "나/NP+는/JX+거기/NP+윤세아/NNP+그/MM+사람/NNG+역할/NNG+이/JKS+참/MAG+좋/VA+았/EP+는데/EC+키/NNG+키/XSV+ETN"
          },
          {
            "id": 13,
            "text": "2 : 윤세아 기억나 키키",
            "norm_text": "윤세아 기억나 키키",
            "speaker": {
              "id": "2번",
              "sex": "여성",
              "age": "30대"
            },
            "speechAct": "(단언) 주장하기",
            "morpheme": "윤세아/NNP+기억/NNG+나/JC+키/NNG+키/XSV+ETN"
          },
          {
            "id": 14,
            "text": "2 : 거기서 제일 정상인이었다",
            "norm_text": "거기서 제일 정상인이었다",
            "speaker": {
              "id": "2번",
              "sex": "여성",
              "age": "30대"
            },
            "speechAct": "(단언) 주장하기",
            "morpheme": "거기/NP+서/JKB+제일/MAG+정상인/NNG+이/VCP+었/EP+다/EC"
          },
          {
            "id": 15,
            "text": "1 : 응응 쌍둥이 엄마 키키 뭔가 교양 있고 똑똑해 보였어 키키",
            "norm_text": "응응 쌍둥이 엄마 키키 뭔가 교양 있고 똑똑해 보였어 키키",
            "speaker": {
              "id": "1번",
              "sex": "여성",
              "age": "30대"
            },
            "speechAct": "(단언) 주장하기",
            "morpheme": "응/IC+응/IC+쌍둥이/NNG+엄마/NNG+키/NNG+키/XSV+ETN+뭔가/NP+VCP+EC+교양/NNG+있/VV+고/EC+똑똑/XR+해/XSA+EC+보였/VV+EP+어/EC+키/NNG+키/XSV+ETN"
          },
          {
            "id": 16,
            "text": "2 : 키키 거기다 젊어 보이고 키키 똑똑해 보이진 않았는데 교양은 있어 보였어",
            "norm_text": "키키 거기다 젊어 보이고 키키 똑똑해 보이진 않았는데 교양은 있어 보였어",
            "speaker": {
              "id": "2번",
              "sex": "여성",
              "age": "30대"
            },
            "speechAct": "(단언) 주장하기",
            "morpheme": "키/NNG+키/XSV+ETN+거기/NP+다/MAG+젊/VA+어/EC+보이/VV+고/EC+키/NNG+키/XSV+ETN+똑똑/XR+해/XSA+EC+보이/VV+진/EC+JX+않/VX+았/EP+는데/EC+교양/NNG+은/JX+있/VA+어/EC+보였/VV+EP+어/EC"
          },
          {
            "id": 17,
            "text": "1 : 그사람 남편 역할도... 키키 맨날 화내기만 하는데 불쌍하기도 하더라 키키",
            "norm_text": "그사람 남편 역할도... 키키 맨날 화내기만 하는데 불쌍하기도 하더라 키키",
            "speaker": {
              "id": "1번",
              "sex": "여성",
              "age": "30대"
            },
            "speechAct": "(단언) 주장하기",
            "morpheme": "그/MM+사람/NNG+남편/NNG+역할/NNG+도/JX+./SY+./SY+키/NNG+키/NNG+맨날/MAG+화내/VV+기/ETN+만/JX+하/VV+는데/EC+불쌍/XR+하/XSA+기/ETN+도/JX+하/VV+더라/EC+키/NNG+키/XSV+ETN"
          },
          {
            "id": 18,
            "text": "2 : 키키 왜 불쌍하다 생각했어? 키키",
            "norm_text": "키키 왜 불쌍하다 생각했어? 키키",
            "speaker": {
              "id": "2번",
              "sex": "여성",
              "age": "30대"
            },
            "speechAct": "(지시) 질문하기",
            "morpheme": "키/NNG+키/XSV+ETN+왜/MAG+불쌍/XR+하/XSA+다/EC+생각/NNG+했/XSV+EP+어/EF+키/NNG+키/XSV+ETN"
          },
          {
            "id": 19,
            "text": "2 : 아빠로서 되게 별로였는데",
            "norm_text": "아빠로서 되게 별로였는데",
            "speaker": {
              "id": "2번",
              "sex": "여성",
              "age": "30대"
            },
            "speechAct": "(단언) 주장하기",
            "morpheme": "아빠/NNG+로서/JKB+되게/MAG+별로/MAG+였/VCP+EP+는데/EC"
          },
          {
            "id": 20,
            "text": "1 : 아빠로써는 되게 별론데 나중에 결말쯤엔... 좀 외로워 보이던데",
            "norm_text": "아빠로써는 되게 별론데 나중에 결말쯤엔... 좀 외로워 보이던데",
            "speaker": {
              "id": "1번",
              "sex": "여성",
              "age": "30대"
            },
            "speechAct": "(단언) 주장하기",
            "morpheme": "아빠/NNG+로써/JKB+는/JX+되게/MAG+별론데/NNG+VCP+EC+나중/NNG+에/JKB+결말/NNG+쯤/XSN+엔/JKB+JX+./SY+좀/MAG+외로워/VA+EC+보이/VV+던데/EC"
          },
          {
            "id": 21,
            "text": "2 : 결말이 뭐였지? 결국엔 다 자업자득인거다 키키",
            "norm_text": "결말이 뭐였지? 결국엔 다 자업자득인거다 키키",
            "speaker": {
              "id": "2번",
              "sex": "여성",
              "age": "30대"
            },
            "speechAct": "(단언) 주장하기",
            "morpheme": "결말/NNG+이/JKS+뭐/NP+였/VCP+EP+지/EF+결국/NNG+엔/JKB+JX+다/MAG+자업자득/NNG+인/VCP+ETM+거/NNB+다키키/NNP"
          },
          {
            "id": 22,
            "text": "1 : 무엇보다 예서가 정신 차린 게 참 다행이다 키키",
            "norm_text": "무엇보다 예서가 정신 차린 게 참 다행이다 키키",
            "speaker": {
              "id": "1번",
              "sex": "여성",
              "age": "30대"
            },
            "speechAct": "(단언) 주장하기",
            "morpheme": "무엇/NP+보다/JKB+예서/NNG+가/JKS+정신/NNG+차린/VV+ETM+게/NNB+JKS+참/MAG+다행/NNG+이/JKS+다키키/NNP"
          },
          {
            "id": 23,
            "text": "2 : 키키 예서가 정신 차리고 재수했었지?",
            "norm_text": "키키 예서가 정신 차리고 재수했었지?",
            "speaker": {
              "id": "2번",
              "sex": "여성",
              "age": "30대"
            },
            "speechAct": "(지시) 질문하기",
            "morpheme": "키/NNG+키/NNG+예서/NNG+가/JKS+정신/NNG+차리/VV+고/EC+재수/NNG+했었/XSV+EP+지/EF"
          },
          {
            "id": 24,
            "text": "2 : 그건 기억나네 키키",
            "norm_text": "그건 기억나네 키키",
            "speaker": {
              "id": "2번",
              "sex": "여성",
              "age": "30대"
            },
            "speechAct": "(단언) 주장하기",
            "morpheme": "그건/NP+JX+기억/NNG+나/NP+네/XSN+키/NNG+키/XSV+ETN"
          }
        ]
      }
    }
  ]
}