{
  "dataset": {
    "identifier": 60322,
    "name": "KAKAO_983_17_set",
    "src_path": "/data/file/cubeManager/PROJECT001/53/txt20211006122024015618/KAKAO_983_17_set/",
    "label_path": "/data/file/cubeManager/PROJECT001/53/txt20211006122024015618/KAKAO_983_17_set/",
    "category": 2,
    "type": 0
  },
  "licenses": {
    "name": "Apache License 1.0",
    "url": "http://www.apache.org/licenses/LICENSE-1.0"
  },
  "info": [
    {
      "id": 42857,
      "filename": "KAKAO_983_17.txt",
      "title": "KAKAO_983_17",
      "mediatype": "SNS",
      "medianame": "카카오톡",
      "category": "일상대화",
      "date": "2021-10-06",
      "size": 642,
      "annotations": {
        "subject": "건강",
        "speaker_type": "1:1",
        "size": 642,
        "word_size": 202,
        "text": "1 : 요즘에 위 건강 때매 윌 정기 배송 시켜 먹음\n2 : 뭐 시켜 먹는데?\n2 : 나도 요즘 위 장 이런 쪽 신경 쓰이긴 하던데\n1 : 윌 요구르트 키키 의미 없다 키키\n1 : 술 먹고 윌 먹고\n2 : 아 키키 난 그저께부터 배꼽 주위에 가벼운 경련이 있는 거 같아서 백신 후유증인가 하고 있긴 한데\n1 : 난 맨날... 과식하고 아침 운동하고 키키 치열하다 참.\n2 : 운동은 하는데 식습관은 안 좋고... 건강한 건지 안 건강한 건지 모르겠네 키키\n1 : 대장 내시경은 진짜 내년에 받아보자 우리 ㅠ\n2 : 그래... 내시경 한 번도 안 받아봤는데 받아봐야 할 듯...\n2 : 다 썩어문드러졌을 거 같다\n1 : 식습관 안 좋은 사람들은 대장에 꼭 용종 하나쯤 있다던데 ㅠ\n2 : 나도 식습관 안 좋은데...\n2 : 과식은 기본에 회사에서 일하면서 군것질도 하고...\n1 : 나도... 진짜 무섭당 병 있을까 봐 키키\n2 : 난 병 있어도 그냥 덤덤할 거 같다...\n2 : 올 게 왔구나 그런 느낌일 듯\n1 : 질병을 걱정해야 하는 나이라니\n2 : 회사 옆자리 직원도 자기 40대인데 30 중반부터 뭔가 느낌이 다르다고 내한테도 신경 쓰라더라 하하\n1 : 무병장수가 내 장래희망이다.\n1 : 열심히 살아야지\n2 : 난 무병장수보다는 행복하게 살다가 적당한 때 죽었으면 좋겠음...",
        "lines": [
          {
            "id": 1,
            "text": "1 : 요즘에 위 건강 때매 윌 정기 배송 시켜 먹음",
            "norm_text": "요즘에 위 건강 때매 윌 정기 배송 시켜 먹음",
            "speaker": {
              "id": "1번",
              "sex": "여성",
              "age": "30대"
            },
            "speechAct": "(단언) 진술하기",
            "morpheme": "요즘/NNG+에/JKB+위/NNG+건강/NNG+때/NNG+매윌/UNKNOWN+정기/NNG+배송/NNG+시켜/XSV+EC+먹/VV+음/ETN"
          },
          {
            "id": 2,
            "text": "2 : 뭐 시켜 먹는데?",
            "norm_text": "뭐 시켜 먹는데?",
            "speaker": {
              "id": "2번",
              "sex": "남성",
              "age": "30대"
            },
            "speechAct": "(지시) 질문하기",
            "morpheme": "뭐/IC+시켜/VV+EC+먹/VV+는데/EC"
          },
          {
            "id": 3,
            "text": "2 : 나도 요즘 위 장 이런 쪽 신경 쓰이긴 하던데",
            "norm_text": "나도 요즘 위 장 이런 쪽 신경 쓰이긴 하던데",
            "speaker": {
              "id": "2번",
              "sex": "남성",
              "age": "30대"
            },
            "speechAct": "(단언) 진술하기",
            "morpheme": "나/NP+도/JX+요즘/NNG+위장/NNG+이런/MM+쪽/NNB+신경/NNG+쓰이/VV+긴/ETN+JX+하/VX+던데/EC"
          },
          {
            "id": 4,
            "text": "1 : 윌 요구르트 키키 의미 없다 키키",
            "norm_text": "윌 요구르트 키키 의미 없다 키키",
            "speaker": {
              "id": "1번",
              "sex": "여성",
              "age": "30대"
            },
            "speechAct": "(단언) 주장하기",
            "morpheme": "윌/NNP+요구르트/NNG+키/NNG+키/NNG+의미/NNG+없/VA+다키키/NNP"
          },
          {
            "id": 5,
            "text": "1 : 술 먹고 윌 먹고",
            "norm_text": "술 먹고 윌 먹고",
            "speaker": {
              "id": "1번",
              "sex": "여성",
              "age": "30대"
            },
            "speechAct": "(단언) 주장하기",
            "morpheme": "술/NNG+먹/VV+고/EC+윌/NNP+먹/VV+고/EC"
          },
          {
            "id": 6,
            "text": "2 : 아 키키 난 그저께부터 배꼽 주위에 가벼운 경련이 있는 거 같아서 백신 후유증인가 하고 있긴 한데",
            "norm_text": "아 키키 난 그저께부터 배꼽 주위에 가벼운 경련이 있는 거 같아서 백신 후유증인가 하고 있긴 한데",
            "speaker": {
              "id": "2번",
              "sex": "남성",
              "age": "30대"
            },
            "speechAct": "(단언) 주장하기",
            "morpheme": "아키/NNP+키난/NNP+그저께/NNG+부터/JX+배꼽/NNG+주위/NNG+에/JKB+가벼운/VA+ETM+경련/NNG+이/JKS+있/VA+는/ETM+거/NNB+같/VA+아서/EC+백신/NNG+후유증/NNG+인가/VCP+EC+하/VV+고/EC+있/VX+긴/ETN+JX+한데/VX+EC"
          },
          {
            "id": 7,
            "text": "1 : 난 맨날... 과식하고 아침 운동하고 키키 치열하다 참.",
            "norm_text": "난 맨날... 과식하고 아침 운동하고 키키 치열하다 참.",
            "speaker": {
              "id": "1번",
              "sex": "여성",
              "age": "30대"
            },
            "speechAct": "(단언) 주장하기",
            "morpheme": "난/NP+JX+맨날/MAG+./SY+과식/NNG+하/XSV+고/EC+아침/NNG+운동/NNG+하/XSV+고/EC+키/NNG+키/XSV+ETN+치열/XR+하/XSA+다/EF+참/IC"
          },
          {
            "id": 8,
            "text": "2 : 운동은 하는데 식습관은 안 좋고... 건강한 건지 안 건강한 건지 모르겠네 키키",
            "norm_text": "운동은 하는데 식습관은 안 좋고... 건강한 건지 안 건강한 건지 모르겠네 키키",
            "speaker": {
              "id": "2번",
              "sex": "남성",
              "age": "30대"
            },
            "speechAct": "(단언) 주장하기",
            "morpheme": "운동/NNG+은/JX+하/VV+는데/EC+식습관/NNG+은/JX+안/MAG+좋/VA+고/EC+./SY+./SY+건강/NNG+한/XSA+ETM+건지/NNB+VCP+EC+안/MAG+건강/XR+한/XSA+ETM+건지/NNB+VCP+EC+모르/VV+겠/EP+네/EF+키/NNG+키/XSV+ETN"
          },
          {
            "id": 9,
            "text": "1 : 대장 내시경은 진짜 내년에 받아보자 우리 ㅠ",
            "norm_text": "대장 내시경은 진짜 내년에 받아보자 우리 ㅠ",
            "speaker": {
              "id": "1번",
              "sex": "여성",
              "age": "30대"
            },
            "speechAct": "(단언) 주장하기",
            "morpheme": "대장/NNG+내시경/NNG+은/JX+진짜/MAG+내년/NNG+에/JKB+받/VV+아/EC+보/VX+자우/EF+리ㅠ/UNKNOWN"
          },
          {
            "id": 10,
            "text": "2 : 그래... 내시경 한 번도 안 받아봤는데 받아봐야 할 듯...",
            "norm_text": "그래... 내시경 한 번도 안 받아봤는데 받아봐야 할 듯...",
            "speaker": {
              "id": "2번",
              "sex": "남성",
              "age": "30대"
            },
            "speechAct": "(단언) 주장하기",
            "morpheme": "그래/IC+./SY+내시경/NNG+한/MM+번/NNBC+도/JX+안/MAG+받/VV+아/EC+봤/VX+EP+는데/EC+받/VV+아/EC+봐야/VX+EC+할/VX+ETM+듯/NNB+./SY"
          },
          {
            "id": 11,
            "text": "2 : 다 썩어문드러졌을 거 같다",
            "norm_text": "다 썩어문드러졌을 거 같다",
            "speaker": {
              "id": "2번",
              "sex": "남성",
              "age": "30대"
            },
            "speechAct": "(단언) 주장하기",
            "morpheme": "다/MAG+썩/VV+어/EC+문드러졌/VV+EP+을/ETM+거/NNB+같/VA+다/EC"
          },
          {
            "id": 12,
            "text": "1 : 식습관 안 좋은 사람들은 대장에 꼭 용종 하나쯤 있다던데 ㅠ",
            "norm_text": "식습관 안 좋은 사람들은 대장에 꼭 용종 하나쯤 있다던데 ㅠ",
            "speaker": {
              "id": "1번",
              "sex": "여성",
              "age": "30대"
            },
            "speechAct": "(단언) 주장하기",
            "morpheme": "식습관/NNG+안/MAG+좋/VA+은/ETM+사람/NNG+들/XSN+은/JX+대장/NNG+에/JKB+꼭/MAG+용종/NNG+하나/NR+쯤/XSN+있/VA+다던데/EC+ㅠ/UNKNOWN"
          },
          {
            "id": 13,
            "text": "2 : 나도 식습관 안 좋은데...",
            "norm_text": "나도 식습관 안 좋은데...",
            "speaker": {
              "id": "2번",
              "sex": "남성",
              "age": "30대"
            },
            "speechAct": "(단언) 주장하기",
            "morpheme": "나/NP+도/JX+식습관/NNG+안/MAG+좋/VA+은데/EF+./SY"
          },
          {
            "id": 14,
            "text": "2 : 과식은 기본에 회사에서 일하면서 군것질도 하고...",
            "norm_text": "과식은 기본에 회사에서 일하면서 군것질도 하고...",
            "speaker": {
              "id": "2번",
              "sex": "남성",
              "age": "30대"
            },
            "speechAct": "(단언) 주장하기",
            "morpheme": "과식/NNG+은/JX+기본/NNG+에/JKB+회사/NNG+에서/JKB+일/NNG+하/XSV+면서/EC+군것질/NNG+도/JX+하/VV+고/EC+./SY+./SY"
          },
          {
            "id": 15,
            "text": "1 : 나도... 진짜 무섭당 병 있을까 봐 키키",
            "norm_text": "나도... 진짜 무섭당 병 있을까 봐 키키",
            "speaker": {
              "id": "1번",
              "sex": "여성",
              "age": "30대"
            },
            "speechAct": "(단언) 주장하기",
            "morpheme": "나/NP+도/JX+./SY+./SY+진짜/MAG+무섭/VA+당병/NNG+있/VV+을까/EC+봐/VX+EF+키/NNG+키/XSV+ETN"
          },
          {
            "id": 16,
            "text": "2 : 난 병 있어도 그냥 덤덤할 거 같다...",
            "norm_text": "난 병 있어도 그냥 덤덤할 거 같다...",
            "speaker": {
              "id": "2번",
              "sex": "남성",
              "age": "30대"
            },
            "speechAct": "(단언) 주장하기",
            "morpheme": "난병/NNG+있/VV+어도/EC+그냥/MAG+덤덤/XR+할/XSA+ETM+거/NNB+같/VA+다/EF+./SY"
          },
          {
            "id": 17,
            "text": "2 : 올 게 왔구나 그런 느낌일 듯",
            "norm_text": "올 게 왔구나 그런 느낌일 듯",
            "speaker": {
              "id": "2번",
              "sex": "남성",
              "age": "30대"
            },
            "speechAct": "(단언) 주장하기",
            "morpheme": "올게/VV+EC+왔/VX+EP+구나/EF+그런/MM+느낌/NNG+일/VCP+ETM+듯/NNB"
          },
          {
            "id": 18,
            "text": "1 : 질병을 걱정해야 하는 나이라니",
            "norm_text": "질병을 걱정해야 하는 나이라니",
            "speaker": {
              "id": "1번",
              "sex": "여성",
              "age": "30대"
            },
            "speechAct": "(단언) 주장하기",
            "morpheme": "질병/NNG+을/JKO+걱정/NNG+해야/XSV+EC+하/VV+는/ETM+나이/NNG+라니/VCP+EC"
          },
          {
            "id": 19,
            "text": "2 : 회사 옆자리 직원도 자기 40대인데 30 중반부터 뭔가 느낌이 다르다고 내한테도 신경 쓰라더라 하하",
            "norm_text": "회사 옆자리 직원도 자기 40대인데 30 중반부터 뭔가 느낌이 다르다고 내한테도 신경 쓰라더라 하하",
            "speaker": {
              "id": "2번",
              "sex": "남성",
              "age": "30대"
            },
            "speechAct": "(단언) 주장하기",
            "morpheme": "회사/NNG+옆/NNG+자리/NNG+직원/NNG+도/JX+자기/NP+40/SN+대/NNBC+인데/VCP+EC+30/SN+중반/NNG+부터/JX+뭔가/NP+VCP+EC+느낌/NNG+이/JKS+다르/VA+다고/EC+내/NP+한테/JKB+도/JX+신경/NNG+쓰/VV+라더라/EC+하하/MAG"
          },
          {
            "id": 20,
            "text": "1 : 무병장수가 내 장래희망이다.",
            "norm_text": "무병장수가 내 장래희망이다.",
            "speaker": {
              "id": "1번",
              "sex": "여성",
              "age": "30대"
            },
            "speechAct": "(단언) 주장하기",
            "morpheme": "무병장수/NNG+가/JKS+내/NP+JKG+장래/NNG+희망/NNG+이/VCP+다/EF"
          },
          {
            "id": 21,
            "text": "1 : 열심히 살아야지",
            "norm_text": "열심히 살아야지",
            "speaker": {
              "id": "1번",
              "sex": "여성",
              "age": "30대"
            },
            "speechAct": "(단언) 주장하기",
            "morpheme": "열심히/MAG+살/VV+아야지/EC"
          },
          {
            "id": 22,
            "text": "2 : 난 무병장수보다는 행복하게 살다가 적당한 때 죽었으면 좋겠음...",
            "norm_text": "난 무병장수보다는 행복하게 살다가 적당한 때 죽었으면 좋겠음...",
            "speaker": {
              "id": "2번",
              "sex": "남성",
              "age": "30대"
            },
            "speechAct": "(단언) 주장하기",
            "morpheme": "난/NP+JX+무병장수/NNG+보다/JKB+는/JX+행복/NNG+하/XSV+게/EC+살/VV+다가/EC+적당/XR+한/XSA+ETM+때/NNG+죽/VV+었/EP+으면/EC+좋/VA+겠/EP+음/ETN+./SY"
          }
        ]
      }
    }
  ]
}