{
  "dataset": {
    "identifier": 58236,
    "name": "KAKAO_990_07_set",
    "src_path": "/data/file/cubeManager/PROJECT001/53/txt20211006134916016956/KAKAO_990_07_set/",
    "label_path": "/data/file/cubeManager/PROJECT001/53/txt20211006134916016956/KAKAO_990_07_set/",
    "category": 2,
    "type": 0
  },
  "licenses": {
    "name": "Apache License 1.0",
    "url": "http://www.apache.org/licenses/LICENSE-1.0"
  },
  "info": [
    {
      "id": 43521,
      "filename": "KAKAO_990_07.txt",
      "title": "KAKAO_990_07",
      "mediatype": "SNS",
      "medianame": "카카오톡",
      "category": "일상대화",
      "date": "2021-10-06",
      "size": 534,
      "annotations": {
        "subject": "가족",
        "speaker_type": "1:1",
        "size": 534,
        "word_size": 171,
        "text": "1 : 니는 부모님이랑 매일 연락 하는 편이가?\n2 : 가족 채팅방이 있어서 할 말 있으면 거기다가 하징 키키\n1 : 오오! 좋네! 키키\n1 : **는 매일 연락은 안 한다 하더라고 키키\n2 : 고래? 키키 닌 매일 하는 편이야?\n1 : 키키 나는 매일 한다 키키\n1 : 점심 때마다 밥 먹었냐고 물어보신다 키키\n2 : 오호 키키 가족들과 사이가 좋나 보넹\n1 : 근데 전화는 잘 안 하게 되더라? 키키\n2 : 키키 매일 카톡으로 소통하다 보면 전화는 크게 안 하게 되지!\n1 : 키키 그니까 키키 전화는 부모님한테 오면 받는 편이다 키키\n2 : 난 심심하면 영통 걸어서 키키 부모님 괴롭형 하하\n1 : 오! 키키 귀여운 딸래미네 키키\n1 : 사랑둥이구만? 키키\n2 : 특히 막내는 멀리 있으니까 엄빠, 나, 큰동생이 번갈아가면서 전화하거든 키키\n1 : 나도 오랜만에 영통이나 걸어봐야겠네! 키키\n2 : 응응 키키 좋아하실 거야 키키\n2 : 나중에는 귀찮아하실 수도 키키\n1 : 너네 가족도 엄청 사이가 좋아 보여서 좋다! 하하\n2 : 하하 사이 좋은 게 젤 최고징!\n2 : 점심은 먹었나?",
        "lines": [
          {
            "id": 1,
            "text": "1 : 니는 부모님이랑 매일 연락 하는 편이가?",
            "norm_text": "니는 부모님이랑 매일 연락 하는 편이가?",
            "speaker": {
              "id": "1번",
              "sex": "여성",
              "age": "30대"
            },
            "speechAct": "(지시) 질문하기",
            "morpheme": "니/NP+는/JX+부모/NNG+님/XSN+이랑/JKB+매일/MAG+연락/NNG+하/XSV+는/ETM+편이/NNG+가/JKS"
          },
          {
            "id": 2,
            "text": "2 : 가족 채팅방이 있어서 할 말 있으면 거기다가 하징 키키",
            "norm_text": "가족 채팅방이 있어서 할 말 있으면 거기다가 하징 키키",
            "speaker": {
              "id": "2번",
              "sex": "여성",
              "age": "30대"
            },
            "speechAct": "(단언) 주장하기",
            "morpheme": "가족/NNG+채팅/NNG+방/NNG+이/JKS+있/VV+어서/EC+할/VX+ETM+말/NNG+있/VV+으면/EC+거기/NP+다가/JX+하/VV+징/EF+키/NNG+키/XSV+ETN"
          },
          {
            "id": 3,
            "text": "1 : 오오! 좋네! 키키",
            "norm_text": "오오! 좋네! 키키",
            "speaker": {
              "id": "1번",
              "sex": "여성",
              "age": "30대"
            },
            "speechAct": "(단언) 주장하기",
            "morpheme": "오오/IC+좋/VA+네/EF+키/NNG+키/XSV+ETN"
          },
          {
            "id": 4,
            "text": "1 : **는 매일 연락은 안 한다 하더라고 키키",
            "norm_text": "**는 매일 연락은 안 한다 하더라고 키키",
            "speaker": {
              "id": "1번",
              "sex": "여성",
              "age": "30대"
            },
            "speechAct": "(단언) 주장하기",
            "morpheme": "*/SY+*/SY+는/JX+매일/MAG+연락/NNG+은/JX+안/MAG+한다/VV+EC+하/VV+더라고/EC+키/NNG+키/XSV+ETN"
          },
          {
            "id": 5,
            "text": "2 : 고래? 키키 닌 매일 하는 편이야?",
            "norm_text": "고래? 키키 닌 매일 하는 편이야?",
            "speaker": {
              "id": "2번",
              "sex": "여성",
              "age": "30대"
            },
            "speechAct": "(지시) 질문하기",
            "morpheme": "고래/NNG+?/SY+키/NNG+키닌/NNG+매일/NNG+하/XSV+는/ETM+편/NNB+이/VCP+야/EF"
          },
          {
            "id": 6,
            "text": "1 : 키키 나는 매일 한다 키키",
            "norm_text": "키키 나는 매일 한다 키키",
            "speaker": {
              "id": "1번",
              "sex": "여성",
              "age": "30대"
            },
            "speechAct": "(단언) 주장하기",
            "morpheme": "키/NNG+키나/XSA+ETN+JX+는/JX+매일/NNG+한/XSA+ETM+다키키/NNP"
          },
          {
            "id": 7,
            "text": "1 : 점심 때마다 밥 먹었냐고 물어보신다 키키",
            "norm_text": "점심 때마다 밥 먹었냐고 물어보신다 키키",
            "speaker": {
              "id": "1번",
              "sex": "여성",
              "age": "30대"
            },
            "speechAct": "(단언) 주장하기",
            "morpheme": "점심때/NNG+마다/JX+밥/NNG+먹/VV+었/EP+냐고/EC+물/VV+어/EC+보/VX+신/EP+ETM+다키키/NNP"
          },
          {
            "id": 8,
            "text": "2 : 오호 키키 가족들과 사이가 좋나 보넹",
            "norm_text": "오호 키키 가족들과 사이가 좋나 보넹",
            "speaker": {
              "id": "2번",
              "sex": "여성",
              "age": "30대"
            },
            "speechAct": "(단언) 주장하기",
            "morpheme": "오호/IC+키/NNG+키/NNG+가족/NNG+들/XSN+과/JC+사이/NNG+가/JKS+좋/VA+나/EC+보/VX+넹/NNP"
          },
          {
            "id": 9,
            "text": "1 : 근데 전화는 잘 안 하게 되더라? 키키",
            "norm_text": "근데 전화는 잘 안 하게 되더라? 키키",
            "speaker": {
              "id": "1번",
              "sex": "여성",
              "age": "30대"
            },
            "speechAct": "(단언) 주장하기",
            "morpheme": "근데/MAJ+전화/NNG+는/JX+잘/MAG+안/MAG+하/VV+게/EC+되/VV+더라/EF+키/NNG+키/XSV+ETN"
          },
          {
            "id": 10,
            "text": "2 : 키키 매일 카톡으로 소통하다 보면 전화는 크게 안 하게 되지!",
            "norm_text": "키키 매일 카톡으로 소통하다 보면 전화는 크게 안 하게 되지!",
            "speaker": {
              "id": "2번",
              "sex": "여성",
              "age": "30대"
            },
            "speechAct": "(단언) 주장하기",
            "morpheme": "키/NNG+키/NNG+매일/MAG+카톡/NNP+으로/JKB+소통/NNG+하/XSV+다/EC+보/VX+면/EC+전화/NNG+는/JX+크/VA+게/EC+안/MAG+하/VV+게/EC+되/VV+지/EF"
          },
          {
            "id": 11,
            "text": "1 : 키키 그니까 키키 전화는 부모님한테 오면 받는 편이다 키키",
            "norm_text": "키키 그니까 키키 전화는 부모님한테 오면 받는 편이다 키키",
            "speaker": {
              "id": "1번",
              "sex": "여성",
              "age": "30대"
            },
            "speechAct": "(단언) 진술하기",
            "morpheme": "키/NNG+키/XSV+ETN+그니까/MAJ+키/NNG+키/NNG+전화/NNG+는/JX+부모/NNG+님/XSN+한테/JKB+오/VV+면/EC+받/VV+는/ETM+편/NNB+이/JKS+다키키/NNP"
          },
          {
            "id": 12,
            "text": "2 : 난 심심하면 영통 걸어서 키키 부모님 괴롭형 하하",
            "norm_text": "난 심심하면 영통 걸어서 키키 부모님 괴롭형 하하",
            "speaker": {
              "id": "2번",
              "sex": "여성",
              "age": "30대"
            },
            "speechAct": "(단언) 진술하기",
            "morpheme": "난/NP+JX+심심/XR+하/XSA+면/EC+영통/NNG+걸어서/VV+EC+키/NNG+키/NNG+부모/NNG+님/XSN+괴롭/VA+형/XR+하/XSA+하/XSA"
          },
          {
            "id": 13,
            "text": "1 : 오! 키키 귀여운 딸래미네 키키",
            "norm_text": "오! 키키 귀여운 딸래미네 키키",
            "speaker": {
              "id": "1번",
              "sex": "여성",
              "age": "30대"
            },
            "speechAct": "(단언) 주장하기",
            "morpheme": "오/IC+키/NNG+키/XSV+ETN+귀여운/VA+ETM+딸래미/NNG+네/XSN+키/NNG+키/XSV+ETN"
          },
          {
            "id": 14,
            "text": "1 : 사랑둥이구만? 키키",
            "norm_text": "사랑둥이구만? 키키",
            "speaker": {
              "id": "1번",
              "sex": "여성",
              "age": "30대"
            },
            "speechAct": "(단언) 주장하기",
            "morpheme": "사랑/NNG+둥/NNB+이/VCP+구만/EF+키/NNG+키/XSV+ETN"
          },
          {
            "id": 15,
            "text": "2 : 특히 막내는 멀리 있으니까 엄빠, 나, 큰동생이 번갈아가면서 전화하거든 키키",
            "norm_text": "특히 막내는 멀리 있으니까 엄빠, 나, 큰동생이 번갈아가면서 전화하거든 키키",
            "speaker": {
              "id": "2번",
              "sex": "여성",
              "age": "30대"
            },
            "speechAct": "(단언) 진술하기",
            "morpheme": "특히/MAG+막내/NNG+는/JX+멀리/MAG+있/VV+으니까/EC+엄빠/UNKNOWN+,/SC+나/NP+,/SC+큰/VA+ETM+동생/NNG+이/JKS+번갈/VV+아/EC+가/VX+면서/EC+전화/NNG+하/XSV+거든/EC+키/NNG+키/XSV+ETN"
          },
          {
            "id": 16,
            "text": "1 : 나도 오랜만에 영통이나 걸어봐야겠네! 키키",
            "norm_text": "나도 오랜만에 영통이나 걸어봐야겠네! 키키",
            "speaker": {
              "id": "1번",
              "sex": "여성",
              "age": "30대"
            },
            "speechAct": "(단언) 주장하기",
            "morpheme": "나/NP+도/JX+오랜만/NNG+에/JKB+영통/NNG+이나/JX+걸/VV+어/EC+봐야/VX+EC+VV+겠/EP+네/EF+키/NNG+키/XSV+ETN"
          },
          {
            "id": 17,
            "text": "2 : 응응 키키 좋아하실 거야 키키",
            "norm_text": "응응 키키 좋아하실 거야 키키",
            "speaker": {
              "id": "2번",
              "sex": "여성",
              "age": "30대"
            },
            "speechAct": "(단언) 주장하기",
            "morpheme": "응/IC+응/IC+키/NNG+키/XSV+ETN+좋/VA+아/EC+하/VX+실/EP+ETM+거/NNB+야/VCP+EF+키/NNG+키/XSV+ETN"
          },
          {
            "id": 18,
            "text": "2 : 나중에는 귀찮아하실 수도 키키",
            "norm_text": "나중에는 귀찮아하실 수도 키키",
            "speaker": {
              "id": "2번",
              "sex": "여성",
              "age": "30대"
            },
            "speechAct": "(단언) 주장하기",
            "morpheme": "나중/NNG+에/JKB+는/JX+귀찮/VA+아/EC+하/VX+실/EP+ETM+수/NNB+도/JX+키/NNG+키/XSV+ETN"
          },
          {
            "id": 19,
            "text": "1 : 너네 가족도 엄청 사이가 좋아 보여서 좋다! 하하",
            "norm_text": "너네 가족도 엄청 사이가 좋아 보여서 좋다! 하하",
            "speaker": {
              "id": "1번",
              "sex": "여성",
              "age": "30대"
            },
            "speechAct": "(단언) 주장하기",
            "morpheme": "너/NP+네/XSN+가족/NNG+도/JX+엄청/MAG+사이/NNG+가/JKS+좋/VA+아/EC+보여서/VV+EC+좋/VA+다/EF+하하/MAG"
          },
          {
            "id": 20,
            "text": "2 : 하하 사이 좋은 게 젤 최고징!",
            "norm_text": "하하 사이 좋은 게 젤 최고징!",
            "speaker": {
              "id": "2번",
              "sex": "여성",
              "age": "30대"
            },
            "speechAct": "(단언) 주장하기",
            "morpheme": "하하/MAG+사이/NNG+좋/VA+은/ETM+게/NNB+JKS+젤/MAG+최고/NNG+징/NNG"
          },
          {
            "id": 21,
            "text": "2 : 점심은 먹었나?",
            "norm_text": "점심은 먹었나?",
            "speaker": {
              "id": "2번",
              "sex": "여성",
              "age": "30대"
            },
            "speechAct": "(지시) 질문하기",
            "morpheme": "점심/NNG+은/JX+먹/VV+었/EP+나/EF"
          }
        ]
      }
    }
  ]
}