{
  "dataset": {
    "identifier": 68932,
    "name": "KAKAO_950_17_set",
    "src_path": "/data/file/cubeManager/PROJECT001/53/txt20211005163249095658/KAKAO_950_17_set/",
    "label_path": "/data/file/cubeManager/PROJECT001/53/txt20211005163249095658/KAKAO_950_17_set/",
    "category": 2,
    "type": 0
  },
  "licenses": {
    "name": "Apache License 1.0",
    "url": "http://www.apache.org/licenses/LICENSE-1.0"
  },
  "info": [
    {
      "id": 42575,
      "filename": "KAKAO_950_17.txt",
      "title": "KAKAO_950_17",
      "mediatype": "SNS",
      "medianame": "카카오톡",
      "category": "일상대화",
      "date": "2021-10-05",
      "size": 475,
      "annotations": {
        "subject": "건강",
        "speaker_type": "1:1",
        "size": 475,
        "word_size": 148,
        "text": "1 : 야 니 다리 수술한 건 괜찮아졌나?\n2 : 당연하지 이제 완전 멀쩡함 뛰어다닌다 아주\n1 : 야 조심해라 니는 맨날 넘어지더니 결국 다리를 뿌수고\n2 : 키키 아니 원래 자잘하게 다치는 사람은 크게는 안 다친다던데 사기고\n1 : 키키 야 다치는 놈이 더 다치는 거다 원래\n2 : 그래... 이번에 다쳐보니까 내 다리가 얼마나 고마운지 알겠더라\n1 : 키키 갑자기 뭐지? 그래 건강은 잃고 나서야 소중함을 아는 법이지\n2 : 그래 진짜 아프니까 아무것도 못하고 괴로웠음\n1 : 니 샤워도 못하지 않았나?\n2 : 엌 키키 한 달 입원했는데 딱 한번 씻었음\n1 : 으... 드릅노 근데 다리가 부러졌는데 어째 씻음?\n2 : 거기 조무사 선생님이 도와주셨음 수술 부위에 물 안 들어가게\n1 : 아 그럼 다리 빼고 씻은 거임?\n2 : 어 키키 야 전문가의 손길은 확실히 다르더라\n1 : 절대 경험하고 싶지 않은 손길이네 키키\n2 : 그래 진짜 다치면 안된다 ㄹㅇ 괴로움 조심해라",
        "lines": [
          {
            "id": 1,
            "text": "1 : 야 니 다리 수술한 건 괜찮아졌나?",
            "norm_text": "야 니 다리 수술한 건 괜찮아졌나?",
            "speaker": {
              "id": "1번",
              "sex": "여성",
              "age": "20대"
            },
            "speechAct": "(지시) 질문하기",
            "morpheme": "야/IC+니/MM+다리/NNG+수술/NNG+한/XSA+ETM+건/NNB+JX+괜찮/VA+아/EC+졌/VX+EP+나/EF"
          },
          {
            "id": 2,
            "text": "2 : 당연하지 이제 완전 멀쩡함 뛰어다닌다 아주",
            "norm_text": "당연하지 이제 완전 멀쩡함 뛰어다닌다 아주",
            "speaker": {
              "id": "2번",
              "sex": "여성",
              "age": "20대"
            },
            "speechAct": "(단언) 주장하기",
            "morpheme": "당연/XR+하/XSA+지/EF+이제/MAG+완전/MAG+멀쩡/XR+함/XSA+ETN+뛰어다닌다/VV+EF+아주/MAG"
          },
          {
            "id": 3,
            "text": "1 : 야 조심해라 니는 맨날 넘어지더니 결국 다리를 뿌수고",
            "norm_text": "야 조심해라 니는 맨날 넘어지더니 결국 다리를 뿌수고",
            "speaker": {
              "id": "1번",
              "sex": "여성",
              "age": "20대"
            },
            "speechAct": "(지시) 충고/제안하기",
            "morpheme": "야/IC+조심/NNG+해라/XSV+EF+니/NP+는/JX+맨날/MAG+넘어지/VV+더니/EC+결국/NNG+다리/NNG+를/JKO+뿌수/VV+고/EC"
          },
          {
            "id": 4,
            "text": "2 : 키키 아니 원래 자잘하게 다치는 사람은 크게는 안 다친다던데 사기고",
            "norm_text": "키키 아니 원래 자잘하게 다치는 사람은 크게는 안 다친다던데 사기고",
            "speaker": {
              "id": "2번",
              "sex": "여성",
              "age": "20대"
            },
            "speechAct": "(단언) 주장하기",
            "morpheme": "키/NNG+키/XSV+ETN+아니/VCN+원래/MAG+자잘/XR+하/XSA+게/EC+다치/VV+는/ETM+사람/NNG+은/JX+크/VA+게/EC+는/JX+안/MAG+다친다/VV+EF+던/ETM+데/NNB+사기/VV+고/EC"
          },
          {
            "id": 5,
            "text": "1 : 키키 야 다치는 놈이 더 다치는 거다 원래",
            "norm_text": "키키 야 다치는 놈이 더 다치는 거다 원래",
            "speaker": {
              "id": "1번",
              "sex": "여성",
              "age": "20대"
            },
            "speechAct": "(단언) 주장하기",
            "morpheme": "키/NNG+키/XSV+ETN+야/JX+다/MAG+치/VV+는/ETM+놈/NNB+이/JKS+더/MAG+다치/VV+는/ETM+거/NNB+다/MAG+원래/NNG"
          },
          {
            "id": 6,
            "text": "2 : 그래... 이번에 다쳐보니까 내 다리가 얼마나 고마운지 알겠더라",
            "norm_text": "그래... 이번에 다쳐보니까 내 다리가 얼마나 고마운지 알겠더라",
            "speaker": {
              "id": "2번",
              "sex": "여성",
              "age": "20대"
            },
            "speechAct": "(단언) 주장하기",
            "morpheme": "그래/IC+./SY+이번/NNG+에/JKB+다쳐/VV+EC+보/VX+니까/EC+내/NP+JKG+다리/NNG+가/JKS+얼마나/MAG+고마운지/VA+EC+알/VV+겠/EP+더라/EC"
          },
          {
            "id": 7,
            "text": "1 : 키키 갑자기 뭐지? 그래 건강은 잃고 나서야 소중함을 아는 법이지",
            "norm_text": "키키 갑자기 뭐지? 그래 건강은 잃고 나서야 소중함을 아는 법이지",
            "speaker": {
              "id": "1번",
              "sex": "여성",
              "age": "20대"
            },
            "speechAct": "(단언) 주장하기",
            "morpheme": "키/NNG+키/NNG+갑자기/MAG+뭐/NP+지/VCP+EF+그래/IC+건강/NNG+은/JX+잃/VV+고/EC+나/NP+서/JKB+야/JX+소중/XR+함/XSA+ETN+을/JKO+아/VV+는/ETM+법/NNB+이/VCP+지/EC"
          },
          {
            "id": 8,
            "text": "2 : 그래 진짜 아프니까 아무것도 못하고 괴로웠음",
            "norm_text": "그래 진짜 아프니까 아무것도 못하고 괴로웠음",
            "speaker": {
              "id": "2번",
              "sex": "여성",
              "age": "20대"
            },
            "speechAct": "(단언) 진술하기",
            "morpheme": "그래/IC+진짜/MAG+아프/VA+니까/EC+아무것/NP+도/JX+못하/VX+고/EC+괴로웠/VA+EP+음/ETN"
          },
          {
            "id": 9,
            "text": "1 : 니 샤워도 못하지 않았나?",
            "norm_text": "니 샤워도 못하지 않았나?",
            "speaker": {
              "id": "1번",
              "sex": "여성",
              "age": "20대"
            },
            "speechAct": "(지시) 질문하기",
            "morpheme": "니/MM+샤워/NNG+도/JX+못하/VX+지/EC+않/VX+았/EP+나/EF"
          },
          {
            "id": 10,
            "text": "2 : 엌 키키 한 달 입원했는데 딱 한번 씻었음",
            "norm_text": "엌 키키 한 달 입원했는데 딱 한번 씻었음",
            "speaker": {
              "id": "2번",
              "sex": "여성",
              "age": "20대"
            },
            "speechAct": "(단언) 진술하기",
            "morpheme": "엌키/UNKNOWN+키/NNG+한달/XSV+ETM+입원/NNG+했/XSV+EP+는데/EC+딱/MAG+한번/MAG+씻/VV+었/EP+음/ETN"
          },
          {
            "id": 11,
            "text": "1 : 으... 드릅노 근데 다리가 부러졌는데 어째 씻음?",
            "norm_text": "으... 드릅노 근데 다리가 부러졌는데 어째 씻음?",
            "speaker": {
              "id": "1번",
              "sex": "여성",
              "age": "20대"
            },
            "speechAct": "(지시) 질문하기",
            "morpheme": "으/IC+./SY+드릅노근데다리가부러졌는데어째씻음/UNKNOWN"
          },
          {
            "id": 12,
            "text": "2 : 거기 조무사 선생님이 도와주셨음 수술 부위에 물 안 들어가게",
            "norm_text": "거기 조무사 선생님이 도와주셨음 수술 부위에 물 안 들어가게",
            "speaker": {
              "id": "2번",
              "sex": "여성",
              "age": "20대"
            },
            "speechAct": "(단언) 진술하기",
            "morpheme": "거기/NP+조무/NNG+사/NR+선생/NNG+님/XSN+이/JKS+도와/VV+EC+주/VX+셨/EP+EP+음/ETN+수술/NNG+부위/NNG+에/JKB+물/NNG+안/MAG+들어가/VV+게/EC"
          },
          {
            "id": 13,
            "text": "1 : 아 그럼 다리 빼고 씻은 거임?",
            "norm_text": "아 그럼 다리 빼고 씻은 거임?",
            "speaker": {
              "id": "1번",
              "sex": "여성",
              "age": "20대"
            },
            "speechAct": "(지시) 질문하기",
            "morpheme": "아/IC+그럼/MAJ+다리/NNG+빼/VV+고/EC+씻/VV+은/ETM+거/NNB+임/VCP+ETN"
          },
          {
            "id": 14,
            "text": "2 : 어 키키 야 전문가의 손길은 확실히 다르더라",
            "norm_text": "어 키키 야 전문가의 손길은 확실히 다르더라",
            "speaker": {
              "id": "2번",
              "sex": "여성",
              "age": "20대"
            },
            "speechAct": "(단언) 주장하기",
            "morpheme": "어/IC+키/NNG+키/XSV+ETN+야/JX+전문가/NNG+의/JKG+손길/NNG+은/JX+확실히/MAG+다르/VA+더라/EC"
          },
          {
            "id": 15,
            "text": "1 : 절대 경험하고 싶지 않은 손길이네 키키",
            "norm_text": "절대 경험하고 싶지 않은 손길이네 키키",
            "speaker": {
              "id": "1번",
              "sex": "여성",
              "age": "20대"
            },
            "speechAct": "(단언) 주장하기",
            "morpheme": "절대/MAG+경험/NNG+하/XSV+고/EC+싶/VX+지/EC+않/VX+은/ETM+손길/NNG+이/JKS+네/MM+키/NNG+키/XSV+ETN"
          },
          {
            "id": 16,
            "text": "2 : 그래 진짜 다치면 안된다 ㄹㅇ 괴로움 조심해라",
            "norm_text": "그래 진짜 다치면 안된다 ㄹㅇ 괴로움 조심해라",
            "speaker": {
              "id": "2번",
              "sex": "여성",
              "age": "20대"
            },
            "speechAct": "(지시) 충고/제안하기",
            "morpheme": "그래/IC+진짜/MAG+다치/VV+면/EC+안/MAG+된다/VV+EF+ㄹㅇ/UNKNOWN+괴로움/NNG+조심/NNG+해라/XSV+EC"
          }
        ]
      }
    }
  ]
}