{
  "dataset": {
    "identifier": 34826,
    "name": "KAKAO_967_16_set",
    "src_path": "/data/file/cubeManager/PROJECT001/53/txt20211005163809069621/KAKAO_967_16_set/",
    "label_path": "/data/file/cubeManager/PROJECT001/53/txt20211005163809069621/KAKAO_967_16_set/",
    "category": 2,
    "type": 0
  },
  "licenses": {
    "name": "Apache License 1.0",
    "url": "http://www.apache.org/licenses/LICENSE-1.0"
  },
  "info": [
    {
      "id": 42754,
      "filename": "KAKAO_967_16.txt",
      "title": "KAKAO_967_16",
      "mediatype": "SNS",
      "medianame": "카카오톡",
      "category": "일상대화",
      "date": "2021-10-05",
      "size": 709,
      "annotations": {
        "subject": "미용",
        "speaker_type": "1:1",
        "size": 709,
        "word_size": 214,
        "text": "1 : 오빠야 피부 관리는 좀 하고 있나?\n2 : 아니 아니 ㅜㅜ 관리 방법도 모르겠고 시간?도 없어 키키 넌 관리 받나?!\n1 : 나도 따로 관리 받으러 어디 가지는 않고 키키 그냥 집에서 화장품 열심히 바르지 뭐 키키\n2 : 아하~ 화장품은 바른다 나도 키키 그 정도면 관린가?! 키키 후훗\n1 : 키키 아니... 가끔 팩도 좀 해주고... 트러블 안 나게 관리하는 정도는 해야지... 키키\n2 : 오우~ 팩은... 너무나 귀찮아... 요즘은 잘 먹고 잘 지내서 트러블은  없어 키키\n1 : 아 그래? 그 정도면 됐지 뭐 키키 삼십대 중반 넘어가면 피부도 훅 간다고 하더라고...ㄷㄷ\n2 : 키키 일반인들은... 어쩔 수 없는 거 같아... 돈 주고 관리 받는 것도 아니고...\n1 : 그래도 화장품 좀 좋다는 기능성으로 사서 바르고 다녀...\n2 : 아하! 겨울이라 보습력 좋은 거 써야지~ 추천 좀 해줘~\n1 : 수분크림 발라! 빌리프? 인가 거기 수분크림 나 자주 바르는 편이야!\n2 : 오호! 그거 어떻게 바르는 거야? 아침 저녁으로 씻고 바르면 되는 건가?\n1 : 난 아침엔 수분크림 안 바르고 자기 전에 좀 듬뿍 바르고 자는 편이야!\n2 : 아하! 알겠어 미리미리 구매해서 준비를 좀 해야겠어 키키 고마워 좋은 정보!\n1 : 키키 일단... 잘 씻고 다녀... 하하 그럼 절반은 했다고 볼 수 있다! 키키\n2 : 에이~ 씻는 건 잘 씻고 다니지~ 키키 절반은 하고 있네 나도 키키",
        "lines": [
          {
            "id": 1,
            "text": "1 : 오빠야 피부 관리는 좀 하고 있나?",
            "norm_text": "오빠야 피부 관리는 좀 하고 있나?",
            "speaker": {
              "id": "1번",
              "sex": "여성",
              "age": "30대"
            },
            "speechAct": "(지시) 질문하기",
            "morpheme": "오빠/NNG+야/VCP+EF+피부/NNG+관리/NNG+는/JX+좀/MAG+하/VV+고/EC+있/VX+나/EF"
          },
          {
            "id": 2,
            "text": "2 : 아니 아니 ㅜㅜ 관리 방법도 모르겠고 시간?도 없어 키키 넌 관리 받나?!",
            "norm_text": "아니 아니 ㅜㅜ 관리 방법도 모르겠고 시간?도 없어 키키 넌 관리 받나?!",
            "speaker": {
              "id": "2번",
              "sex": "남성",
              "age": "30대"
            },
            "speechAct": "(지시) 질문하기",
            "morpheme": "아니/IC+아니/IC+ㅜㅜ/UNKNOWN+관리/NNG+방법/NNG+도/JX+모르/VV+겠/EP+고/EC+시간/NNG+?/SY+도/JX+없/VA+어/EC+키/NNG+키/XSV+ETN+넌/JX+관리/NNG+받/VV+나/EC+?/SY"
          },
          {
            "id": 3,
            "text": "1 : 나도 따로 관리 받으러 어디 가지는 않고 키키 그냥 집에서 화장품 열심히 바르지 뭐 키키",
            "norm_text": "나도 따로 관리 받으러 어디 가지는 않고 키키 그냥 집에서 화장품 열심히 바르지 뭐 키키",
            "speaker": {
              "id": "1번",
              "sex": "여성",
              "age": "30대"
            },
            "speechAct": "(단언) 진술하기",
            "morpheme": "나/NP+도/JX+따로/MAG+관리/NNG+받/VV+으러/EC+어디/NP+가지/VV+는/ETM+않/VX+고/EC+키/NNG+키/NNG+그냥/MAG+집/NNG+에서/JKB+화장품/NNG+열심히/MAG+바르/VV+지/EF+뭐/IC+키/NNG+키/XSV+ETN"
          },
          {
            "id": 4,
            "text": "2 : 아하~ 화장품은 바른다 나도 키키 그 정도면 관린가?! 키키 후훗",
            "norm_text": "아하~ 화장품은 바른다 나도 키키 그 정도면 관린가?! 키키 후훗",
            "speaker": {
              "id": "2번",
              "sex": "남성",
              "age": "30대"
            },
            "speechAct": "(단언) 진술하기",
            "morpheme": "아하/IC+~/SY+화장품/NNG+은/JX+바른다/VV+EC+나/NP+도/JX+키/NNG+키/XSV+ETN+그/MM+정도/NNG+면관/NNG+린/NNG+가/XSN+!/SY+키키후훗/UNKNOWN"
          },
          {
            "id": 5,
            "text": "1 : 키키 아니... 가끔 팩도 좀 해주고... 트러블 안 나게 관리하는 정도는 해야지... 키키",
            "norm_text": "키키 아니... 가끔 팩도 좀 해주고... 트러블 안 나게 관리하는 정도는 해야지... 키키",
            "speaker": {
              "id": "1번",
              "sex": "여성",
              "age": "30대"
            },
            "speechAct": "(단언) 주장하기",
            "morpheme": "키/NNG+키/XSV+ETN+아니/VCN+./SY+./SY+가끔/MAG+팩/NNG+도/JX+좀/MAG+해/VV+EC+주/VX+고/EC+./SY+./SY+트러블/NNG+안/MAG+나/VV+게/EC+관리/NNG+하/XSV+는/ETM+정도/NNG+는/JX+해야지/VV+EF+./SY+키/NNG+키/XSV+ETN"
          },
          {
            "id": 6,
            "text": "2 : 오우~ 팩은... 너무나 귀찮아... 요즘은 잘 먹고 잘 지내서 트러블은  없어 키키",
            "norm_text": "오우~ 팩은... 너무나 귀찮아... 요즘은 잘 먹고 잘 지내서 트러블은  없어 키키",
            "speaker": {
              "id": "2번",
              "sex": "남성",
              "age": "30대"
            },
            "speechAct": "(단언) 주장하기",
            "morpheme": "오우/NNG+~/SY+팩/NNG+은/JX+./SY+./SY+너무나/MAG+귀찮/VA+아/EF+./SY+요즘/NNG+은/JX+잘/MAG+먹/VV+고/EC+잘/MAG+지내/VV+서/EC+트러블/NNG+은/JX+없/VA+어/EC+키/NNG+키/XSV+ETN"
          },
          {
            "id": 7,
            "text": "1 : 아 그래? 그 정도면 됐지 뭐 키키 삼십대 중반 넘어가면 피부도 훅 간다고 하더라고...ㄷㄷ",
            "norm_text": "아 그래? 그 정도면 됐지 뭐 키키 삼십대 중반 넘어가면 피부도 훅 간다고 하더라고...ㄷㄷ",
            "speaker": {
              "id": "1번",
              "sex": "여성",
              "age": "30대"
            },
            "speechAct": "(단언) 진술하기",
            "morpheme": "아/IC+그래/IC+그/MM+정도/NNG+면/VCP+EC+됐/VV+EP+지/EF+뭐/IC+키/NNG+키/XSV+ETN+삼/NR+십/NR+대/NNBC+중반/NNG+넘어가/VV+면/EC+피부/NNG+도/JX+훅/MAG+간다고/VV+EC+하/VX+더라고/EF+./SY+ㄷ/NNG+ㄷ/NNG"
          },
          {
            "id": 8,
            "text": "2 : 키키 일반인들은... 어쩔 수 없는 거 같아... 돈 주고 관리 받는 것도 아니고...",
            "norm_text": "키키 일반인들은... 어쩔 수 없는 거 같아... 돈 주고 관리 받는 것도 아니고...",
            "speaker": {
              "id": "2번",
              "sex": "남성",
              "age": "30대"
            },
            "speechAct": "(단언) 주장하기",
            "morpheme": "키/NNG+키/NNG+일반인/NNG+들/XSN+은/JX+./SY+./SY+어쩔/VV+ETM+수/NNB+없/VA+는/ETM+거/NNB+같/VA+아/EF+./SY+돈/NNG+주/VV+고/EC+관리/NNG+받/VV+는/ETM+것/NNB+도/JX+아니/VCN+고/EC+./SY+./SY"
          },
          {
            "id": 9,
            "text": "1 : 그래도 화장품 좀 좋다는 기능성으로 사서 바르고 다녀...",
            "norm_text": "그래도 화장품 좀 좋다는 기능성으로 사서 바르고 다녀...",
            "speaker": {
              "id": "1번",
              "sex": "여성",
              "age": "30대"
            },
            "speechAct": "(지시) 충고/제안하기",
            "morpheme": "그래도/MAJ+화장품/NNG+좀/MAG+좋/VA+다는/ETM+기능/NNG+성/XSN+으로/JKB+사/VV+서/EC+바르/VV+고/EC+다녀/VV+EF+./SY"
          },
          {
            "id": 10,
            "text": "2 : 아하! 겨울이라 보습력 좋은 거 써야지~ 추천 좀 해줘~",
            "norm_text": "아하! 겨울이라 보습력 좋은 거 써야지~ 추천 좀 해줘~",
            "speaker": {
              "id": "2번",
              "sex": "남성",
              "age": "30대"
            },
            "speechAct": "(지시) 부탁하기",
            "morpheme": "아하/IC+겨울/NNG+이/VCP+라/EC+보습/NNG+력/XSN+좋/VA+은/ETM+거/NNB+써야지/VV+EC+~/SY+추천/NNG+좀/MAG+해/VV+EC+줘/VX+EC+~/SY"
          },
          {
            "id": 11,
            "text": "1 : 수분크림 발라! 빌리프? 인가 거기 수분크림 나 자주 바르는 편이야!",
            "norm_text": "수분크림 발라! 빌리프? 인가 거기 수분크림 나 자주 바르는 편이야!",
            "speaker": {
              "id": "1번",
              "sex": "여성",
              "age": "30대"
            },
            "speechAct": "(지시) 충고/제안하기",
            "morpheme": "수분/NNG+크림/NNG+발라/VV+EF+빌/VA+ETM+리프/NNG+?/SY+인가/VCP+EC+거기/NP+수분/NNG+크림/NNG+나/NP+자주/MAG+바르/VV+는/ETM+편/NNB+이/VCP+야/EF"
          },
          {
            "id": 12,
            "text": "2 : 오호! 그거 어떻게 바르는 거야? 아침 저녁으로 씻고 바르면 되는 건가?",
            "norm_text": "오호! 그거 어떻게 바르는 거야? 아침 저녁으로 씻고 바르면 되는 건가?",
            "speaker": {
              "id": "2번",
              "sex": "남성",
              "age": "30대"
            },
            "speechAct": "(지시) 질문하기",
            "morpheme": "오호/IC+그거/NP+어떻게/MAG+바르/VV+는/ETM+거/NNB+야/VCP+EF+아침/NNG+저녁/NNG+으로/JKB+씻/VV+고/EC+바르/VV+면/EC+되/VV+는/ETM+건가/NNB+VCP+EF"
          },
          {
            "id": 13,
            "text": "1 : 난 아침엔 수분크림 안 바르고 자기 전에 좀 듬뿍 바르고 자는 편이야!",
            "norm_text": "난 아침엔 수분크림 안 바르고 자기 전에 좀 듬뿍 바르고 자는 편이야!",
            "speaker": {
              "id": "1번",
              "sex": "여성",
              "age": "30대"
            },
            "speechAct": "(단언) 진술하기",
            "morpheme": "난/NP+JX+아침/NNG+엔/JKB+JX+수분/NNG+크림/NNG+안/MAG+바르/VV+고/EC+자기/NP+전/NNG+에/JKB+좀/MAG+듬뿍/MAG+바르/VV+고/EC+자/VV+는/ETM+편/NNB+이/VCP+야/EF"
          },
          {
            "id": 14,
            "text": "2 : 아하! 알겠어 미리미리 구매해서 준비를 좀 해야겠어 키키 고마워 좋은 정보!",
            "norm_text": "아하! 알겠어 미리미리 구매해서 준비를 좀 해야겠어 키키 고마워 좋은 정보!",
            "speaker": {
              "id": "2번",
              "sex": "남성",
              "age": "30대"
            },
            "speechAct": "(단언) 주장하기",
            "morpheme": "아하/IC+알/VV+겠/EP+어/EF+미리미리/MAG+구매/NNG+해서/XSV+EC+준비/NNG+를/JKO+좀/MAG+해야/VV+EC+VX+겠/EP+어/EC+키/NNG+키/XSV+ETN+고마워/VA+EC+좋/VA+은/ETM+정보/NNG"
          },
          {
            "id": 15,
            "text": "1 : 키키 일단... 잘 씻고 다녀... 하하 그럼 절반은 했다고 볼 수 있다! 키키",
            "norm_text": "키키 일단... 잘 씻고 다녀... 하하 그럼 절반은 했다고 볼 수 있다! 키키",
            "speaker": {
              "id": "1번",
              "sex": "여성",
              "age": "30대"
            },
            "speechAct": "(지시) 충고/제안하기",
            "morpheme": "키/NNG+키/XSV+ETN+일단/MAG+./SY+잘/MAG+씻/VV+고/EC+다녀/VV+EF+./SY+하하/MAG+그럼/MAJ+절반/NNG+은/JX+했/VV+EP+다고/EC+볼/VX+ETM+수/NNB+있/VV+다/EF+키/NNG+키/XSV+ETN"
          },
          {
            "id": 16,
            "text": "2 : 에이~ 씻는 건 잘 씻고 다니지~ 키키 절반은 하고 있네 나도 키키",
            "norm_text": "에이~ 씻는 건 잘 씻고 다니지~ 키키 절반은 하고 있네 나도 키키",
            "speaker": {
              "id": "2번",
              "sex": "남성",
              "age": "30대"
            },
            "speechAct": "(단언) 주장하기",
            "morpheme": "에이/NNG+~/SY+씻/VV+는/ETM+건/NNB+JX+잘/MAG+씻/VV+고/EC+다니/VV+지/EC+~/SY+키/NNG+키/NNG+절반/NNG+은/JX+하/VV+고/EC+있/VX+네/EF+나/NP+도/JX+키/NNG+키/XSV+ETN"
          }
        ]
      }
    }
  ]
}