{
  "dataset": {
    "identifier": 49441,
    "name": "KAKAO_954_02_set",
    "src_path": "/data/file/cubeManager/PROJECT001/53/txt20211005163648069120/KAKAO_954_02_set/",
    "label_path": "/data/file/cubeManager/PROJECT001/53/txt20211005163648069120/KAKAO_954_02_set/",
    "category": 2,
    "type": 0
  },
  "licenses": {
    "name": "Apache License 1.0",
    "url": "http://www.apache.org/licenses/LICENSE-1.0"
  },
  "info": [
    {
      "id": 42620,
      "filename": "KAKAO_954_02.txt",
      "title": "KAKAO_954_02",
      "mediatype": "SNS",
      "medianame": "카카오톡",
      "category": "일상대화",
      "date": "2021-10-05",
      "size": 406,
      "annotations": {
        "subject": "주거와 생활",
        "speaker_type": "1:1",
        "size": 406,
        "word_size": 135,
        "text": "1 : 우리 집 앞에 아파트에 오늘 차 엄청 들어오더라 키키\n2 : 다들 큰집 갔다가 온 차들 아니가?\n1 : 그런가? 거기 자주 지나다니는데 오늘 역대급으로 차 많더라 키키\n2 : 아니면 이제 처갓집에 온 건가?\n1 : 그런가 봐 키키 어째 동시간에 다 들어오노\n2 : 너는 어디 안 갔다 왔지?\n1 : 응 키키 나는 집에 있었어 작은아빠네 한 가족만 우리 집 오고\n2 : 우리는 아무 때도 안 가고 집에 있었다\n1 : 추석인데 어디 놀러라도 다녀오지 ㅠㅠ\n2 : 오늘 잠시 바람쐬러 갔다 왔다\n1 : 오 다녀왔나? 어디 다녀왔어?\n2 : 의성 쪽에 갔다 왔어 키키\n1 : 의성이면 가까운곳 다녀왔네? 키키\n1 : 차 안 막히더나?\n2 : 국도 타고 갔는데 차 없더라\n1 : 오 키키 다행이네 국도가 더 오래 걸리긴 하제?\n2 : 어 신호등이 있어가지고",
        "lines": [
          {
            "id": 1,
            "text": "1 : 우리 집 앞에 아파트에 오늘 차 엄청 들어오더라 키키",
            "norm_text": "우리 집 앞에 아파트에 오늘 차 엄청 들어오더라 키키",
            "speaker": {
              "id": "1번",
              "sex": "여성",
              "age": "20대"
            },
            "speechAct": "(단언) 진술하기",
            "morpheme": "우리/NP+집/NNG+앞/NNG+에/JKB+아파트/NNG+에/JKB+오늘/MAG+차/NNG+엄청/MAG+들어오/VV+더라/EC+키/NNG+키/XSV+ETN"
          },
          {
            "id": 2,
            "text": "2 : 다들 큰집 갔다가 온 차들 아니가?",
            "norm_text": "다들 큰집 갔다가 온 차들 아니가?",
            "speaker": {
              "id": "2번",
              "sex": "남성",
              "age": "30대"
            },
            "speechAct": "(지시) 질문하기",
            "morpheme": "다/MAG+들/XSN+큰/VA+ETM+집/NNG+갔/VV+EP+다가/EC+온차/NNG+들/XSN+아니/VCN+가/EF"
          },
          {
            "id": 3,
            "text": "1 : 그런가? 거기 자주 지나다니는데 오늘 역대급으로 차 많더라 키키",
            "norm_text": "그런가? 거기 자주 지나다니는데 오늘 역대급으로 차 많더라 키키",
            "speaker": {
              "id": "1번",
              "sex": "여성",
              "age": "20대"
            },
            "speechAct": "(단언) 진술하기",
            "morpheme": "그런가/VA+EF+거기/NP+자주/MAG+지나다니/VV+는데/EC+오늘/MAG+역대/NNG+급/NNG+으로/JKB+차/NNG+많/VA+더라/EC+키/NNG+키/XSV+ETN"
          },
          {
            "id": 4,
            "text": "2 : 아니면 이제 처갓집에 온 건가?",
            "norm_text": "아니면 이제 처갓집에 온 건가?",
            "speaker": {
              "id": "2번",
              "sex": "남성",
              "age": "30대"
            },
            "speechAct": "(지시) 질문하기",
            "morpheme": "아니면/MAJ+이제/MAG+처갓집/NNG+에/JKB+온/VV+ETM+건가/NNB+VCP+EF"
          },
          {
            "id": 5,
            "text": "1 : 그런가 봐 키키 어째 동시간에 다 들어오노",
            "norm_text": "그런가 봐 키키 어째 동시간에 다 들어오노",
            "speaker": {
              "id": "1번",
              "sex": "여성",
              "age": "20대"
            },
            "speechAct": "(단언) 주장하기",
            "morpheme": "그런가/VA+EC+봐/VX+EF+키/NNG+키어/NNG+째/XSN+동시/NNG+간/NNB+에/JKB+다/MAG+들어오/VV+노/EC"
          },
          {
            "id": 6,
            "text": "2 : 너는 어디 안 갔다 왔지?",
            "norm_text": "너는 어디 안 갔다 왔지?",
            "speaker": {
              "id": "2번",
              "sex": "남성",
              "age": "30대"
            },
            "speechAct": "(지시) 질문하기",
            "morpheme": "너/NP+는/JX+어디/NP+안/MAG+갔다왔/VV+EP+지/EF"
          },
          {
            "id": 7,
            "text": "1 : 응 키키 나는 집에 있었어 작은아빠네 한 가족만 우리 집 오고",
            "norm_text": "응 키키 나는 집에 있었어 작은아빠네 한 가족만 우리 집 오고",
            "speaker": {
              "id": "1번",
              "sex": "여성",
              "age": "20대"
            },
            "speechAct": "(단언) 진술하기",
            "morpheme": "응/IC+키/NNG+키나/XSA+ETN+JX+는/JX+집/NNG+에/JKB+있/VV+었/EP+어/EC+작/VA+은/ETM+아빠/NNG+네/XSN+한/MM+가족/NNG+만/JX+우리/NP+집/NNG+오/VV+고/EC"
          },
          {
            "id": 8,
            "text": "2 : 우리는 아무 때도 안 가고 집에 있었다",
            "norm_text": "우리는 아무 때도 안 가고 집에 있었다",
            "speaker": {
              "id": "2번",
              "sex": "남성",
              "age": "30대"
            },
            "speechAct": "(단언) 진술하기",
            "morpheme": "우리/NP+는/JX+아무/MM+때/NNG+도/JX+안/MAG+가/VV+고/EC+집/NNG+에/JKB+있/VV+었/EP+다/EC"
          },
          {
            "id": 9,
            "text": "1 : 추석인데 어디 놀러라도 다녀오지 ㅠㅠ",
            "norm_text": "추석인데 어디 놀러라도 다녀오지 ㅠㅠ",
            "speaker": {
              "id": "1번",
              "sex": "여성",
              "age": "20대"
            },
            "speechAct": "(단언) 주장하기",
            "morpheme": "추석/NNG+인데/VCP+EC+어디/NP+놀/VV+러라/EC+도/JX+다녀오/VV+지/EC+ㅠㅠ/UNKNOWN"
          },
          {
            "id": 10,
            "text": "2 : 오늘 잠시 바람쐬러 갔다 왔다",
            "norm_text": "오늘 잠시 바람쐬러 갔다 왔다",
            "speaker": {
              "id": "2번",
              "sex": "남성",
              "age": "30대"
            },
            "speechAct": "(단언) 진술하기",
            "morpheme": "오늘/MAG+잠시/MAG+바람/NNG+쐬/VV+러/EC+갔다왔/VV+EP+다/EC"
          },
          {
            "id": 11,
            "text": "1 : 오 다녀왔나? 어디 다녀왔어?",
            "norm_text": "오 다녀왔나? 어디 다녀왔어?",
            "speaker": {
              "id": "1번",
              "sex": "여성",
              "age": "20대"
            },
            "speechAct": "(지시) 질문하기",
            "morpheme": "오/NR+다녀왔/VV+EP+나/EF+어디/NP+다녀왔/VV+EP+어/EF"
          },
          {
            "id": 12,
            "text": "2 : 의성 쪽에 갔다 왔어 키키",
            "norm_text": "의성 쪽에 갔다 왔어 키키",
            "speaker": {
              "id": "2번",
              "sex": "남성",
              "age": "30대"
            },
            "speechAct": "(단언) 진술하기",
            "morpheme": "의성/NNG+쪽/NNB+에/JKB+갔다왔/VV+EP+어/EC+키/NNG+키/XSV+ETN"
          },
          {
            "id": 13,
            "text": "1 : 의성이면 가까운곳 다녀왔네? 키키",
            "norm_text": "의성이면 가까운곳 다녀왔네? 키키",
            "speaker": {
              "id": "1번",
              "sex": "여성",
              "age": "20대"
            },
            "speechAct": "(지시) 질문하기",
            "morpheme": "의성/NNG+이/VCP+면/EC+가까운/VA+ETM+곳/NNB+다녀왔/VV+EP+네/EF+키/NNG+키/XSV+ETN"
          },
          {
            "id": 14,
            "text": "1 : 차 안 막히더나?",
            "norm_text": "차 안 막히더나?",
            "speaker": {
              "id": "1번",
              "sex": "여성",
              "age": "20대"
            },
            "speechAct": "(지시) 질문하기",
            "morpheme": "차/NNG+안/MAG+막히/VV+더나/EF"
          },
          {
            "id": 15,
            "text": "2 : 국도 타고 갔는데 차 없더라",
            "norm_text": "국도 타고 갔는데 차 없더라",
            "speaker": {
              "id": "2번",
              "sex": "남성",
              "age": "30대"
            },
            "speechAct": "(단언) 진술하기",
            "morpheme": "국도/NNG+타/VV+고/EC+갔/VV+EP+는데/EC+차/NNG+없/VA+더라/EC"
          },
          {
            "id": 16,
            "text": "1 : 오 키키 다행이네 국도가 더 오래 걸리긴 하제?",
            "norm_text": "오 키키 다행이네 국도가 더 오래 걸리긴 하제?",
            "speaker": {
              "id": "1번",
              "sex": "여성",
              "age": "20대"
            },
            "speechAct": "(지시) 질문하기",
            "morpheme": "오키/NNP+키/NNG+다행/NNG+이/JKS+네/MM+국도/NNG+가/JKS+더/MAG+오래/MAG+걸리/VV+긴/ETN+JX+하/VX+제/EF"
          },
          {
            "id": 17,
            "text": "2 : 어 신호등이 있어가지고",
            "norm_text": "어 신호등이 있어가지고",
            "speaker": {
              "id": "2번",
              "sex": "남성",
              "age": "30대"
            },
            "speechAct": "(단언) 진술하기",
            "morpheme": "어/IC+신호등/NNG+이/JKS+있/VV+어/EC+가지/VX+고/EC"
          }
        ]
      }
    }
  ]
}