{
  "dataset": {
    "identifier": 33914,
    "name": "KAKAO_966_01_set",
    "src_path": "/data/file/cubeManager/PROJECT001/53/txt20211005163756077876/KAKAO_966_01_set/",
    "label_path": "/data/file/cubeManager/PROJECT001/53/txt20211005163756077876/KAKAO_966_01_set/",
    "category": 2,
    "type": 0
  },
  "licenses": {
    "name": "Apache License 1.0",
    "url": "http://www.apache.org/licenses/LICENSE-1.0"
  },
  "info": [
    {
      "id": 42719,
      "filename": "KAKAO_966_01.txt",
      "title": "KAKAO_966_01",
      "mediatype": "SNS",
      "medianame": "카카오톡",
      "category": "일상대화",
      "date": "2021-10-05",
      "size": 525,
      "annotations": {
        "subject": "식음료",
        "speaker_type": "1:1",
        "size": 525,
        "word_size": 182,
        "text": "1 : 니 집에서 밥은 자주 해 먹나?\n2 : 아닝 키키 거의 안 해 먹는 것 같당 대충 먹고 ㅠㅠ\n1 : 아 진짜? ㅜ 서울 오면 내가 밥 좀 해 먹야겠네 키키\n2 : 오홍 키키 요리 잘하는가 보넹?\n1 : 키키 쫌 하지? 키키 니 뭐 좋아하는데 음식?\n2 : 나 왠만하면 다 좋아한당! 키키 콩이랑 팥, 죽만 없으면 돼 하하\n1 : 키키 나도 그것들은 별로 안 좋아한다 키키 다행이네 키키\n2 : 오오 다행 다행 키키 우리 안 본지 넘 오래 됫당 ㅠㅠ\n1 : 그니까... ㅜㅜ 니 서울 자주 올라오지 않았었나? ㅜ\n2 : 응, 그땐 그랬지 ㅠㅠ 요즘에는 통 갈 일이 없넹 ㅠㅠ\n1 : ㅜㅜ 서울에 약속 생기면 꼭 우리 집에 와서 자고 가! ㅜ\n2 : 웅 ㅠㅠ 안 그래도 너네 다 보고 싶당 하하\n1 : 나도 ㅜㅜ 놀러 오면 니 좋아하는 음식 만들어서 같이 먹자! 키키\n2 : 응 키키 그전에 너희 먼저 내려와줭 하하!\n1 : 아? 키키 그럼 되겠네 키키 나도 창원 한번밖에 안 가봐서 키키 놀러 꼭 갈게! 키키\n2 : 10월에 우리 보기로 했는데 알고 있낭? ㅎ",
        "lines": [
          {
            "id": 1,
            "text": "1 : 니 집에서 밥은 자주 해 먹나?",
            "norm_text": "니 집에서 밥은 자주 해 먹나?",
            "speaker": {
              "id": "1번",
              "sex": "여성",
              "age": "30대"
            },
            "speechAct": "(지시) 질문하기",
            "morpheme": "니/MM+집/NNG+에서/JKB+밥/NNG+은/JX+자주/MAG+해/VV+EC+먹/VV+나/EF"
          },
          {
            "id": 2,
            "text": "2 : 아닝 키키 거의 안 해 먹는 것 같당 대충 먹고 ㅠㅠ",
            "norm_text": "아닝 키키 거의 안 해 먹는 것 같당 대충 먹고 ㅠㅠ",
            "speaker": {
              "id": "2번",
              "sex": "여성",
              "age": "30대"
            },
            "speechAct": "(단언) 주장하기",
            "morpheme": "아닝/NNP+키/NNG+키/NNG+거의/MAG+안/MAG+해/VV+EC+먹/VV+는/ETM+것/NNB+같/VA+당/EF+대충/MAG+먹/VV+고/EC+ㅠㅠ/UNKNOWN"
          },
          {
            "id": 3,
            "text": "1 : 아 진짜? ㅜ 서울 오면 내가 밥 좀 해 먹야겠네 키키",
            "norm_text": "아 진짜? ㅜ 서울 오면 내가 밥 좀 해 먹야겠네 키키",
            "speaker": {
              "id": "1번",
              "sex": "여성",
              "age": "30대"
            },
            "speechAct": "(단언) 주장하기",
            "morpheme": "아/IC+진짜/MAG+ㅜ/UNKNOWN+서울/NNP+오/VV+면/EC+내/NP+가/JKS+밥/NNG+좀/MAG+해/VV+EC+먹/VV+야/EC+VX+겠/EP+네/EF+키/NNG+키/XSV+ETN"
          },
          {
            "id": 4,
            "text": "2 : 오홍 키키 요리 잘하는가 보넹?",
            "norm_text": "오홍 키키 요리 잘하는가 보넹?",
            "speaker": {
              "id": "2번",
              "sex": "여성",
              "age": "30대"
            },
            "speechAct": "(지시) 질문하기",
            "morpheme": "오/NR+홍/NNG+키/XSV+ETN+키/VV+요리/EC+잘/MAG+하/VV+는가/EC+보/VX+넹/NNP"
          },
          {
            "id": 5,
            "text": "1 : 키키 쫌 하지? 키키 니 뭐 좋아하는데 음식?",
            "norm_text": "키키 쫌 하지? 키키 니 뭐 좋아하는데 음식?",
            "speaker": {
              "id": "1번",
              "sex": "여성",
              "age": "30대"
            },
            "speechAct": "(지시) 질문하기",
            "morpheme": "키/NNG+키/NNG+쫌/XSN+하/VV+지/EF+키/NNG+키/VV+니/EC+뭐/IC+좋/VA+아/EC+하/VV+는데/EC+음식/NNG"
          },
          {
            "id": 6,
            "text": "2 : 나 왠만하면 다 좋아한당! 키키 콩이랑 팥, 죽만 없으면 돼 하하",
            "norm_text": "나 왠만하면 다 좋아한당! 키키 콩이랑 팥, 죽만 없으면 돼 하하",
            "speaker": {
              "id": "2번",
              "sex": "여성",
              "age": "30대"
            },
            "speechAct": "(단언) 주장하기",
            "morpheme": "나/NP+왠만/XR+하/XSA+면/EC+다/MAG+좋/VA+아/EC+한당/NNG+!/SY+키키콩이랑팥/UNKNOWN+,/SC+죽/MAG+만/JX+없/VA+으면/EC+돼/VV+EC+하하/MAG"
          },
          {
            "id": 7,
            "text": "1 : 키키 나도 그것들은 별로 안 좋아한다 키키 다행이네 키키",
            "norm_text": "키키 나도 그것들은 별로 안 좋아한다 키키 다행이네 키키",
            "speaker": {
              "id": "1번",
              "sex": "여성",
              "age": "30대"
            },
            "speechAct": "(단언) 주장하기",
            "morpheme": "키/NNG+키나/XSA+ETN+JX+도/JX+그것/NP+들/XSN+은/JX+별로/MAG+안/MAG+좋아한/VV+ETM+다키키/NNP+다행/NNG+이/JKS+네/MM+키/NNG+키/XSV+ETN"
          },
          {
            "id": 8,
            "text": "2 : 오오 다행 다행 키키 우리 안 본지 넘 오래 됫당 ㅠㅠ",
            "norm_text": "오오 다행 다행 키키 우리 안 본지 넘 오래 됫당 ㅠㅠ",
            "speaker": {
              "id": "2번",
              "sex": "여성",
              "age": "30대"
            },
            "speechAct": "(단언) 주장하기",
            "morpheme": "오/NR+오/NR+다행/NNG+다행/NNG+키/NNG+키/XSV+ETN+우리/NP+안/MAG+본/VV+ETM+지/NNB+넘/MAG+오래/MAG+됫당/UNKNOWN+ㅠㅠ/UNKNOWN"
          },
          {
            "id": 9,
            "text": "1 : 그니까... ㅜㅜ 니 서울 자주 올라오지 않았었나? ㅜ",
            "norm_text": "그니까... ㅜㅜ 니 서울 자주 올라오지 않았었나? ㅜ",
            "speaker": {
              "id": "1번",
              "sex": "여성",
              "age": "30대"
            },
            "speechAct": "(지시) 질문하기",
            "morpheme": "그니까/MAJ+./SY+ㅜㅜ/UNKNOWN+니/EC+서울/NNP+자주/MAG+올라오/VV+지/EC+않/VX+았었/EP+나/EF+ㅜ/UNKNOWN"
          },
          {
            "id": 10,
            "text": "2 : 응, 그땐 그랬지 ㅠㅠ 요즘에는 통 갈 일이 없넹 ㅠㅠ",
            "norm_text": "응, 그땐 그랬지 ㅠㅠ 요즘에는 통 갈 일이 없넹 ㅠㅠ",
            "speaker": {
              "id": "2번",
              "sex": "여성",
              "age": "30대"
            },
            "speechAct": "(단언) 주장하기",
            "morpheme": "응/IC+,/SC+그땐/NNG+JX+그랬/VV+EP+지/EF+ㅠㅠ/UNKNOWN+요즘/NNG+에/JKB+는/JX+통갈/NNG+일/NNG+이/JKS+없/VA+넹/NNP+ㅠㅠ/UNKNOWN"
          },
          {
            "id": 11,
            "text": "1 : ㅜㅜ 서울에 약속 생기면 꼭 우리 집에 와서 자고 가! ㅜ",
            "norm_text": "ㅜㅜ 서울에 약속 생기면 꼭 우리 집에 와서 자고 가! ㅜ",
            "speaker": {
              "id": "1번",
              "sex": "여성",
              "age": "30대"
            },
            "speechAct": "(지시) 충고/제안하기",
            "morpheme": "ㅜㅜ/UNKNOWN+서울/NNP+에/JKB+약속/NNG+생기/VV+면/EC+꼭/MAG+우리/NP+집/NNG+에/JKB+와서/VV+EC+자고/NNG+가/JKS+ㅜ/UNKNOWN"
          },
          {
            "id": 12,
            "text": "2 : 웅 ㅠㅠ 안 그래도 너네 다 보고 싶당 하하",
            "norm_text": "웅 ㅠㅠ 안 그래도 너네 다 보고 싶당 하하",
            "speaker": {
              "id": "2번",
              "sex": "여성",
              "age": "30대"
            },
            "speechAct": "(단언) 주장하기",
            "morpheme": "웅/IC+ㅠㅠ/UNKNOWN+안/MAG+그래도/VV+EC+너/NP+네/XSN+다/MAG+보/VV+고/EC+싶/VX+당하/NNG+하/XSV"
          },
          {
            "id": 13,
            "text": "1 : 나도 ㅜㅜ 놀러 오면 니 좋아하는 음식 만들어서 같이 먹자! 키키",
            "norm_text": "나도 ㅜㅜ 놀러 오면 니 좋아하는 음식 만들어서 같이 먹자! 키키",
            "speaker": {
              "id": "1번",
              "sex": "여성",
              "age": "30대"
            },
            "speechAct": "(지시) 충고/제안하기",
            "morpheme": "나/NP+도/JX+ㅜㅜ/UNKNOWN+놀러오/VV+면/EC+니/NP+좋/VA+아/EC+하/VV+는/ETM+음식/NNG+만들/VV+어서/EC+같이/MAG+먹/VV+자/EF+키/NNG+키/XSV+ETN"
          },
          {
            "id": 14,
            "text": "2 : 응 키키 그전에 너희 먼저 내려와줭 하하!",
            "norm_text": "응 키키 그전에 너희 먼저 내려와줭 하하!",
            "speaker": {
              "id": "2번",
              "sex": "여성",
              "age": "30대"
            },
            "speechAct": "(지시) 부탁하기",
            "morpheme": "응/IC+키키/NNP+그/MM+전/NNG+에/JKB+너희/NP+먼저/MAG+내려와/VV+EC+줭/UNKNOWN+하하/IC"
          },
          {
            "id": 15,
            "text": "1 : 아? 키키 그럼 되겠네 키키 나도 창원 한번밖에 안 가봐서 키키 놀러 꼭 갈게! 키키",
            "norm_text": "아? 키키 그럼 되겠네 키키 나도 창원 한번밖에 안 가봐서 키키 놀러 꼭 갈게! 키키",
            "speaker": {
              "id": "1번",
              "sex": "여성",
              "age": "30대"
            },
            "speechAct": "(언약) 약속하기(제3자와)/(개인적 수준)",
            "morpheme": "아/IC+키/NNG+키/XSV+ETN+그럼/MAJ+되/VV+겠/EP+네/EF+키/NNG+키나/XSA+ETN+JX+도/JX+창원/NNP+한/MM+번/NNBC+밖에/JX+안/MAG+가/VV+봐서/EC+VX+EC+키/NNG+키/XSV+ETN+놀/VV+러/EC+꼭/MAG+갈게/VV+EF+키/NNG+키/XSV+ETN"
          },
          {
            "id": 16,
            "text": "2 : 10월에 우리 보기로 했는데 알고 있낭? ㅎ",
            "norm_text": "10월에 우리 보기로 했는데 알고 있낭? ㅎ",
            "speaker": {
              "id": "2번",
              "sex": "여성",
              "age": "30대"
            },
            "speechAct": "(지시) 질문하기",
            "morpheme": "10/SN+월/NNBC+에/JKB+우리/NP+보/VV+기/ETN+로/JKB+했/VV+EP+는데/EC+알/VV+고/EC+있/VX+낭/NNG+ㅎ/XSA"
          }
        ]
      }
    }
  ]
}