{
  "dataset": {
    "identifier": 68849,
    "name": "KAKAO_960_13_set",
    "src_path": "/data/file/cubeManager/PROJECT001/53/txt20211006122344048661/KAKAO_960_13_set/",
    "label_path": "/data/file/cubeManager/PROJECT001/53/txt20211006122344048661/KAKAO_960_13_set/",
    "category": 2,
    "type": 0
  },
  "licenses": {
    "name": "Apache License 1.0",
    "url": "http://www.apache.org/licenses/LICENSE-1.0"
  },
  "info": [
    {
      "id": 42913,
      "filename": "KAKAO_960_13.txt",
      "title": "KAKAO_960_13",
      "mediatype": "SNS",
      "medianame": "카카오톡",
      "category": "일상대화",
      "date": "2021-10-06",
      "size": 791,
      "annotations": {
        "subject": "계절/날씨",
        "speaker_type": "다자간 대화",
        "size": 791,
        "word_size": 237,
        "text": "1 : 한국은 날씨가 참 좋은 것 같아요\n2 : 한국이요? 여기서만 살았어서 잘 모르겠어요...\n3 : 그러게요 전 여름에 너무 습도가 높아서 싫어요\n1 : 어휴 홍콩이 습도가 얼마나 높은데요...\n1 : 한국은 양반이에요 진짜\n2 : 아 그렇겠네요... 전 습한 날은 너무 찝찝해서 짜증나요\n3 : 와우 저도요! 진짜 별 거 아닌 거에도 짜증이 막 나요 키키\n1 : 근데 사실 한국이 사계절이 있는 나라라고는 하지만 온난화 때문에 그 경계가 조금씩 희미해지고 있는 것 같아서 안타까워요\n2 : 음 맞아요 갈수록 더 그러는 것 같아요\n3 : 저 어렸을 때 우리나라는 사계절이 뚜렷해요 이렇게 배웠었는데...\n1 : 뭐 아직까지는 다른 나라에 비해 뚜렷하죠\n2 : 키키 아직도 그렇게 가르치는군요\n3 : 키키 네 사실 이게 뭐라고 이렇게까지 유난이지 싶어요\n1 : 왜요~ 강조할 만 하죠! 같은 공간에서 전혀 다른 공간의 느낌을 줄 수 있잖아요\n2 : 오오~ 그 말 엄청 낭만 넘치는데요? 하하\n3 : 그러게요 키키 언니 엄청 낭만적인 사람이셨군요!\n1 : 키키 또 먹을 수 있는 제철 음식도 다양하잖아요\n2 : 오오 맞아요 또 옷 스타일도 다양해지고요\n3 : 음... 계절에 맞게 즐길 수 있는 스포츠 레저도 다르구요!\n1 : 뭐 계절에 맞게 다양한 천재지변도 겪을 수도 있겠지만 장점이 더 많다고 생각해요\n2 : 사회 지리 선생님 해도 되겠는 걸요?\n3 : 키키 그러게요 마구마구 설득되고 있어요\n1 : 솔직히 한 두 계절만 반복되는 건 너무 지루하잖아요\n2 : 이렇게 보니까 유난 떨어도 괜찮을 것 같은데요?\n3 : 음... 네! 이건 정말 인정이에요!",
        "lines": [
          {
            "id": 1,
            "text": "1 : 한국은 날씨가 참 좋은 것 같아요",
            "norm_text": "한국은 날씨가 참 좋은 것 같아요",
            "speaker": {
              "id": "1번",
              "sex": "여성",
              "age": "30대"
            },
            "speechAct": "(단언) 주장하기",
            "morpheme": "한국/NNP+은/JX+날씨/NNG+가/JKS+참/MAG+좋/VA+은/ETM+것/NNB+같/VA+아요/EC"
          },
          {
            "id": 2,
            "text": "2 : 한국이요? 여기서만 살았어서 잘 모르겠어요...",
            "norm_text": "한국이요? 여기서만 살았어서 잘 모르겠어요...",
            "speaker": {
              "id": "2번",
              "sex": "여성",
              "age": "40대"
            },
            "speechAct": "(단언) 주장하기",
            "morpheme": "한국/NNP+이요/JX+여기/NP+서/JKB+만/JX+살/VV+았/EP+어서/EC+잘/MAG+모르/VV+겠/EP+어요/EF+./SY"
          },
          {
            "id": 3,
            "text": "3 : 그러게요 전 여름에 너무 습도가 높아서 싫어요",
            "norm_text": "그러게요 전 여름에 너무 습도가 높아서 싫어요",
            "speaker": {
              "id": "3번",
              "sex": "여성",
              "age": "10대"
            },
            "speechAct": "(단언) 주장하기",
            "morpheme": "그러/VV+게/EC+요전/NNG+여름/NNG+에/JKB+너무/MAG+습도/NNG+가/JKS+높/VA+아서/EC+싫/VA+어요/EF"
          },
          {
            "id": 4,
            "text": "1 : 어휴 홍콩이 습도가 얼마나 높은데요...",
            "norm_text": "어휴 홍콩이 습도가 얼마나 높은데요...",
            "speaker": {
              "id": "1번",
              "sex": "여성",
              "age": "30대"
            },
            "speechAct": "(단언) 진술하기",
            "morpheme": "어휴/IC+홍콩/NNP+이/JKS+습도/NNG+가/JKS+얼마나/MAG+높/VA+은데요/EF+./SY"
          },
          {
            "id": 5,
            "text": "1 : 한국은 양반이에요 진짜",
            "norm_text": "한국은 양반이에요 진짜",
            "speaker": {
              "id": "1번",
              "sex": "여성",
              "age": "30대"
            },
            "speechAct": "(단언) 주장하기",
            "morpheme": "한국/NNP+은/JX+양반/NNG+이/VCP+에요/EF+진짜/MAG"
          },
          {
            "id": 6,
            "text": "2 : 아 그렇겠네요... 전 습한 날은 너무 찝찝해서 짜증나요",
            "norm_text": "아 그렇겠네요... 전 습한 날은 너무 찝찝해서 짜증나요",
            "speaker": {
              "id": "2번",
              "sex": "여성",
              "age": "40대"
            },
            "speechAct": "(단언) 주장하기",
            "morpheme": "아/IC+그렇/VA+겠/EP+네요/EF+./SY+전습한날은너무찝찝해서짜증나요/UNKNOWN"
          },
          {
            "id": 7,
            "text": "3 : 와우 저도요! 진짜 별 거 아닌 거에도 짜증이 막 나요 키키",
            "norm_text": "와우 저도요! 진짜 별 거 아닌 거에도 짜증이 막 나요 키키",
            "speaker": {
              "id": "3번",
              "sex": "여성",
              "age": "10대"
            },
            "speechAct": "(단언) 주장하기",
            "morpheme": "와우/IC+저/NP+도/JX+요/JX+진짜별거아닌거에도짜증이막나요키키/UNKNOWN"
          },
          {
            "id": 8,
            "text": "1 : 근데 사실 한국이 사계절이 있는 나라라고는 하지만 온난화 때문에 그 경계가 조금씩 희미해지고 있는 것 같아서 안타까워요",
            "norm_text": "근데 사실 한국이 사계절이 있는 나라라고는 하지만 온난화 때문에 그 경계가 조금씩 희미해지고 있는 것 같아서 안타까워요",
            "speaker": {
              "id": "1번",
              "sex": "여성",
              "age": "30대"
            },
            "speechAct": "(단언) 주장하기",
            "morpheme": "근데/MAJ+사실/MAG+한국/NNP+이/JKS+사계절/NNG+이/JKS+있/VA+는/ETM+나라/NNG+라고/VCP+EC+는/JX+하지만/MAJ+온난/NNG+화/XSN+때문/NNB+에/JKB+그/MM+경계/NNG+가/JKS+조금/MAG+씩/XSN+희미/XR+해/XSA+EC+지/VX+고/EC+있/VX+는/ETM+것/NNB+같/VA+아서/EC+안타까워/VA+EC+요/JX"
          },
          {
            "id": 9,
            "text": "2 : 음 맞아요 갈수록 더 그러는 것 같아요",
            "norm_text": "음 맞아요 갈수록 더 그러는 것 같아요",
            "speaker": {
              "id": "2번",
              "sex": "여성",
              "age": "40대"
            },
            "speechAct": "(단언) 주장하기",
            "morpheme": "음/IC+맞/VV+아요/EF+갈수록/MAG+더/MAG+그러/VV+는/ETM+것/NNB+같/VA+아요/EC"
          },
          {
            "id": 10,
            "text": "3 : 저 어렸을 때 우리나라는 사계절이 뚜렷해요 이렇게 배웠었는데...",
            "norm_text": "저 어렸을 때 우리나라는 사계절이 뚜렷해요 이렇게 배웠었는데...",
            "speaker": {
              "id": "3번",
              "sex": "여성",
              "age": "10대"
            },
            "speechAct": "(단언) 진술하기",
            "morpheme": "저/MM+어렸/VA+EP+을/ETM+때/NNG+우리나라/NNG+는/JX+사계절/NNG+이/JKS+뚜렷/XR+해요/XSA+EF+이렇게/MAG+배웠었/VV+EP+는데/EC+./SY+./SY"
          },
          {
            "id": 11,
            "text": "1 : 뭐 아직까지는 다른 나라에 비해 뚜렷하죠",
            "norm_text": "뭐 아직까지는 다른 나라에 비해 뚜렷하죠",
            "speaker": {
              "id": "1번",
              "sex": "여성",
              "age": "30대"
            },
            "speechAct": "(단언) 주장하기",
            "morpheme": "뭐/IC+아직/MAG+까지/JX+는/JX+다른/MM+나라/NNG+에/JKB+비해/VV+EC+뚜렷/XR+하/XSA+죠/EF"
          },
          {
            "id": 12,
            "text": "2 : 키키 아직도 그렇게 가르치는군요",
            "norm_text": "키키 아직도 그렇게 가르치는군요",
            "speaker": {
              "id": "2번",
              "sex": "여성",
              "age": "40대"
            },
            "speechAct": "(단언) 진술하기",
            "morpheme": "키/NNG+키/NNG+아직/MAG+도/JX+그렇게/MAG+가르치/VV+는군요/EC"
          },
          {
            "id": 13,
            "text": "3 : 키키 네 사실 이게 뭐라고 이렇게까지 유난이지 싶어요",
            "norm_text": "키키 네 사실 이게 뭐라고 이렇게까지 유난이지 싶어요",
            "speaker": {
              "id": "3번",
              "sex": "여성",
              "age": "10대"
            },
            "speechAct": "(단언) 주장하기",
            "morpheme": "키/NNG+키/VV+네/EF+사실/MAG+이게/NP+JKS+뭐/NP+라고/VCP+EC+이렇게/MAG+까지/JX+유난/NNG+이/VCP+지/EC+싶/VX+어요/EF"
          },
          {
            "id": 14,
            "text": "1 : 왜요~ 강조할 만 하죠! 같은 공간에서 전혀 다른 공간의 느낌을 줄 수 있잖아요",
            "norm_text": "왜요~ 강조할 만 하죠! 같은 공간에서 전혀 다른 공간의 느낌을 줄 수 있잖아요",
            "speaker": {
              "id": "1번",
              "sex": "여성",
              "age": "30대"
            },
            "speechAct": "(단언) 주장하기",
            "morpheme": "왜/MAG+요/JX+~/SY+강조/NNG+할/XSV+ETM+만/NNB+하/XSA+죠/EF+같/VA+은/ETM+공간/NNG+에서/JKB+전혀/MAG+다른/MM+공간/NNG+의/JKG+느낌/NNG+을/JKO+줄/VV+ETM+수/NNB+있/VV+잖아요/EC"
          },
          {
            "id": 15,
            "text": "2 : 오오~ 그 말 엄청 낭만 넘치는데요? 하하",
            "norm_text": "오오~ 그 말 엄청 낭만 넘치는데요? 하하",
            "speaker": {
              "id": "2번",
              "sex": "여성",
              "age": "40대"
            },
            "speechAct": "(단언) 주장하기",
            "morpheme": "오오/NNG+~/SY+그/MM+말/NNG+엄청/MAG+낭/NNG+만/JX+넘치/VV+는데요/EF+하하/MAG"
          },
          {
            "id": 16,
            "text": "3 : 그러게요 키키 언니 엄청 낭만적인 사람이셨군요!",
            "norm_text": "그러게요 키키 언니 엄청 낭만적인 사람이셨군요!",
            "speaker": {
              "id": "3번",
              "sex": "여성",
              "age": "10대"
            },
            "speechAct": "(단언) 주장하기",
            "morpheme": "그러게/IC+요키/NNP+키/NNG+언니/NNG+엄청/MAG+낭만/NNG+적/XSN+인/VCP+ETM+사람/NNG+이/VCP+셨/EP+EP+군요/EF"
          },
          {
            "id": 17,
            "text": "1 : 키키 또 먹을 수 있는 제철 음식도 다양하잖아요",
            "norm_text": "키키 또 먹을 수 있는 제철 음식도 다양하잖아요",
            "speaker": {
              "id": "1번",
              "sex": "여성",
              "age": "30대"
            },
            "speechAct": "(단언) 진술하기",
            "morpheme": "키/NNG+키/NNG+또/MAG+먹/VV+을/ETM+수/NNB+있/VV+는/ETM+제철/NNG+음식/NNG+도/JX+다양/NNG+하/XSV+잖아요/EC"
          },
          {
            "id": 18,
            "text": "2 : 오오 맞아요 또 옷 스타일도 다양해지고요",
            "norm_text": "오오 맞아요 또 옷 스타일도 다양해지고요",
            "speaker": {
              "id": "2번",
              "sex": "여성",
              "age": "40대"
            },
            "speechAct": "(단언) 진술하기",
            "morpheme": "오/NR+오/NR+맞/VV+아요/EF+또/MAG+옷/NNG+스타일/NNG+도/JX+다양/NNG+해/XSV+EC+지/VX+고요/EC"
          },
          {
            "id": 19,
            "text": "3 : 음... 계절에 맞게 즐길 수 있는 스포츠 레저도 다르구요!",
            "norm_text": "음... 계절에 맞게 즐길 수 있는 스포츠 레저도 다르구요!",
            "speaker": {
              "id": "3번",
              "sex": "여성",
              "age": "10대"
            },
            "speechAct": "(단언) 진술하기",
            "morpheme": "음/IC+./SY+계절/NNG+에/JKB+맞/VV+게/EC+즐길/VV+ETM+수/NNB+있/VV+는/ETM+스포츠/NNG+레저/NNG+도/JX+다르/VA+구요/EF"
          },
          {
            "id": 20,
            "text": "1 : 뭐 계절에 맞게 다양한 천재지변도 겪을 수도 있겠지만 장점이 더 많다고 생각해요",
            "norm_text": "뭐 계절에 맞게 다양한 천재지변도 겪을 수도 있겠지만 장점이 더 많다고 생각해요",
            "speaker": {
              "id": "1번",
              "sex": "여성",
              "age": "30대"
            },
            "speechAct": "(단언) 주장하기",
            "morpheme": "뭐/IC+계절/NNG+에/JKB+맞/VV+게/EC+다양/XR+한/XSA+ETM+천재지변/NNG+도/JX+겪/VV+을/ETM+수/NNB+도/JX+있/VA+겠/EP+지만/EC+장점/NNG+이/JKS+더/MAG+많/VA+다고/EC+생각/NNG+해요/XSV+EC"
          },
          {
            "id": 21,
            "text": "2 : 사회 지리 선생님 해도 되겠는 걸요?",
            "norm_text": "사회 지리 선생님 해도 되겠는 걸요?",
            "speaker": {
              "id": "2번",
              "sex": "여성",
              "age": "40대"
            },
            "speechAct": "(단언) 주장하기",
            "morpheme": "사회/NNG+지리/NNG+선생/NNG+님/XSN+해도/VV+EC+되/VV+겠/EP+는걸요/EF"
          },
          {
            "id": 22,
            "text": "3 : 키키 그러게요 마구마구 설득되고 있어요",
            "norm_text": "키키 그러게요 마구마구 설득되고 있어요",
            "speaker": {
              "id": "3번",
              "sex": "여성",
              "age": "10대"
            },
            "speechAct": "(단언) 주장하기",
            "morpheme": "키/NNG+키/XSV+ETN+그러/VV+게/EC+요/JX+마구/MAG+마구/MAG+설득/NNG+되/XSV+고/EC+있/VX+어요/EF"
          },
          {
            "id": 23,
            "text": "1 : 솔직히 한 두 계절만 반복되는 건 너무 지루하잖아요",
            "norm_text": "솔직히 한 두 계절만 반복되는 건 너무 지루하잖아요",
            "speaker": {
              "id": "1번",
              "sex": "여성",
              "age": "30대"
            },
            "speechAct": "(단언) 주장하기",
            "morpheme": "솔직히/MAG+한두/MM+계절/NNG+만/JX+반복/NNG+되/XSV+는/ETM+건/NNB+JX+너무/MAG+지루/XR+하/XSA+잖아요/EC"
          },
          {
            "id": 24,
            "text": "2 : 이렇게 보니까 유난 떨어도 괜찮을 것 같은데요?",
            "norm_text": "이렇게 보니까 유난 떨어도 괜찮을 것 같은데요?",
            "speaker": {
              "id": "2번",
              "sex": "여성",
              "age": "40대"
            },
            "speechAct": "(단언) 주장하기",
            "morpheme": "이렇게/MAG+보/VV+니까/EC+유난/NNG+떨/VV+어도/EC+괜찮/VA+을/ETM+것/NNB+같/VA+은데요/EF"
          },
          {
            "id": 25,
            "text": "3 : 음... 네! 이건 정말 인정이에요!",
            "norm_text": "음... 네! 이건 정말 인정이에요!",
            "speaker": {
              "id": "3번",
              "sex": "여성",
              "age": "10대"
            },
            "speechAct": "(단언) 주장하기",
            "morpheme": "음/IC+./SY+네/IC+이건/NP+JX+정말/MAG+인정/NNG+이/VCP+에요/EF"
          }
        ]
      }
    }
  ]
}