{
  "dataset": {
    "identifier": 60589,
    "name": "KAKAO_971_05_set",
    "src_path": "/data/file/cubeManager/PROJECT001/53/txt20211006134945041137/KAKAO_971_05_set/",
    "label_path": "/data/file/cubeManager/PROJECT001/53/txt20211006134945041137/KAKAO_971_05_set/",
    "category": 2,
    "type": 0
  },
  "licenses": {
    "name": "Apache License 1.0",
    "url": "http://www.apache.org/licenses/LICENSE-1.0"
  },
  "info": [
    {
      "id": 43623,
      "filename": "KAKAO_971_05.txt",
      "title": "KAKAO_971_05",
      "mediatype": "SNS",
      "medianame": "카카오톡",
      "category": "일상대화",
      "date": "2021-10-06",
      "size": 545,
      "annotations": {
        "subject": "군대",
        "speaker_type": "1:1",
        "size": 545,
        "word_size": 170,
        "text": "1 : 야 요즘 강철부대라고 프로그램 알아?\n2 : 나 그거 요즘 엄청 챙겨봐 키키\n1 : 아니... 나 그거 보고 특전사에 관심 엄청 생겼잖아…\n2 : 진짜 특전사분들 너무 멋있더라...\n1 : 나 그래서 요즘 헬스장에서 운동할 때 그 프로그램 틀어 놓고 한다니까?\n2 : 그 정도야? 키키\n2 : 근데 특전사분들 진짜 엄청 힘드시겠더라...\n1 : 맞아... 몸 관리도 꾸준히 엄청 하시더라구\n2 : 체력단력 훈련도 하다가 다칠 때도 엄청 많다고 하더라\n1 : 그치 ㅜㅜ 나도 보는데 아찔한 순간 되게 많더라\n2 : 겉으로는 정말 멋있는데 그 안에는 그 사람들의 노력이 엄청 겸비되어 있는 것 같아\n1 : 정말 그분들이 있어서 안심이 돼!\n1 : 엄청 든든하더라구\n2 : 맞아. 무슨 일이 일어나도 그분들이 다 지켜줄 것 만 같아\n1 : 근데 너 실제로 특전사들 본 적 있어?\n2 : 아니... 나 실제로는 한번도 못 봤어 너는?\n1 : 나도... 티비에서만 본 것 같아 키키\n1 : 나 실제로 특전사들 만나보고 싶어!\n2 : 너는 궁금한 게 워낙 많아서 특전사들 만나면 하루 종일 물어볼 것 같아 키키",
        "lines": [
          {
            "id": 1,
            "text": "1 : 야 요즘 강철부대라고 프로그램 알아?",
            "norm_text": "야 요즘 강철부대라고 프로그램 알아?",
            "speaker": {
              "id": "1번",
              "sex": "여성",
              "age": "20대"
            },
            "speechAct": "(지시) 질문하기",
            "morpheme": "야/IC+요즘/MAG+강철/NNG+부대/NNG+라고/VCP+EC+프로그램/NNG+알/VV+아/EF"
          },
          {
            "id": 2,
            "text": "2 : 나 그거 요즘 엄청 챙겨봐 키키",
            "norm_text": "나 그거 요즘 엄청 챙겨봐 키키",
            "speaker": {
              "id": "2번",
              "sex": "남성",
              "age": "20대"
            },
            "speechAct": "(단언) 주장하기",
            "morpheme": "나/NP+그거/NP+요즘/MAG+엄청/MAG+챙겨/VV+EC+봐/VX+EF+키/NNG+키/XSV+ETN"
          },
          {
            "id": 3,
            "text": "1 : 아니... 나 그거 보고 특전사에 관심 엄청 생겼잖아…",
            "norm_text": "아니... 나 그거 보고 특전사에 관심 엄청 생겼잖아…",
            "speaker": {
              "id": "1번",
              "sex": "여성",
              "age": "20대"
            },
            "speechAct": "(단언) 주장하기",
            "morpheme": "아니/IC+./SY+나/NP+그거/NP+보고/JKB+특전/NNG+사/NNG+에/JKB+관심/NNG+엄청/MAG+생겼잖아/VV+EP+EC+VX+EC+…/SE"
          },
          {
            "id": 4,
            "text": "2 : 진짜 특전사분들 너무 멋있더라...",
            "norm_text": "진짜 특전사분들 너무 멋있더라...",
            "speaker": {
              "id": "2번",
              "sex": "남성",
              "age": "20대"
            },
            "speechAct": "(단언) 주장하기",
            "morpheme": "진짜/MAG+특전/NNG+사분/NNG+들/XSN+너무/MAG+멋있/VA+더라/EF+./SY"
          },
          {
            "id": 5,
            "text": "1 : 나 그래서 요즘 헬스장에서 운동할 때 그 프로그램 틀어 놓고 한다니까?",
            "norm_text": "나 그래서 요즘 헬스장에서 운동할 때 그 프로그램 틀어 놓고 한다니까?",
            "speaker": {
              "id": "1번",
              "sex": "여성",
              "age": "20대"
            },
            "speechAct": "(단언) 주장하기",
            "morpheme": "나/NP+그래서/MAJ+요즘/MAG+헬스/NNG+장/NNG+에서/JKB+운동/NNG+할/XSV+ETM+때/NNG+그/MM+프로그램/NNG+틀/VV+어/EC+놓/VX+고/EC+한다니까/VX+EF"
          },
          {
            "id": 6,
            "text": "2 : 그 정도야? 키키",
            "norm_text": "그 정도야? 키키",
            "speaker": {
              "id": "2번",
              "sex": "남성",
              "age": "20대"
            },
            "speechAct": "턴토크 사인(관습적 반응)",
            "morpheme": "그/MM+정도/NNG+야/VCP+EF+키/NNG+키/XSV+ETN"
          },
          {
            "id": 7,
            "text": "2 : 근데 특전사분들 진짜 엄청 힘드시겠더라...",
            "norm_text": "근데 특전사분들 진짜 엄청 힘드시겠더라...",
            "speaker": {
              "id": "2번",
              "sex": "남성",
              "age": "20대"
            },
            "speechAct": "(단언) 주장하기",
            "morpheme": "근데/MAJ+특전/NNG+사분/NNG+들/XSN+진짜/MAG+엄청/MAG+힘드/VA+시/EP+겠/EP+더라/EF+./SY"
          },
          {
            "id": 8,
            "text": "1 : 맞아... 몸 관리도 꾸준히 엄청 하시더라구",
            "norm_text": "맞아... 몸 관리도 꾸준히 엄청 하시더라구",
            "speaker": {
              "id": "1번",
              "sex": "여성",
              "age": "20대"
            },
            "speechAct": "(단언) 주장하기",
            "morpheme": "맞/VV+아/EF+./SY+몸/NNG+관리/NNG+도/JX+꾸준히/MAG+엄청/MAG+하/VV+시/EP+더라구/EC"
          },
          {
            "id": 9,
            "text": "2 : 체력단력 훈련도 하다가 다칠 때도 엄청 많다고 하더라",
            "norm_text": "체력단력 훈련도 하다가 다칠 때도 엄청 많다고 하더라",
            "speaker": {
              "id": "2번",
              "sex": "남성",
              "age": "20대"
            },
            "speechAct": "(단언) 주장하기",
            "morpheme": "체력/NNG+단/NNG+력/XSN+훈련/NNG+도/JX+하/VV+다가/EC+다칠/VV+ETM+때/NNG+도/JX+엄청/MAG+많/VA+다고/EC+하/VV+더라/EC"
          },
          {
            "id": 10,
            "text": "1 : 그치 ㅜㅜ 나도 보는데 아찔한 순간 되게 많더라",
            "norm_text": "그치 ㅜㅜ 나도 보는데 아찔한 순간 되게 많더라",
            "speaker": {
              "id": "1번",
              "sex": "여성",
              "age": "20대"
            },
            "speechAct": "(단언) 주장하기",
            "morpheme": "그치/IC+ㅜㅜ/UNKNOWN+나/NP+도/JX+보/VV+는데/EC+아찔/XR+한/XSA+ETM+순간/NNG+되게/MAG+많/VA+더라/EC"
          },
          {
            "id": 11,
            "text": "2 : 겉으로는 정말 멋있는데 그 안에는 그 사람들의 노력이 엄청 겸비되어 있는 것 같아",
            "norm_text": "겉으로는 정말 멋있는데 그 안에는 그 사람들의 노력이 엄청 겸비되어 있는 것 같아",
            "speaker": {
              "id": "2번",
              "sex": "남성",
              "age": "20대"
            },
            "speechAct": "(단언) 주장하기",
            "morpheme": "겉/NNG+으로/JKB+는/JX+정말/MAG+멋있/VA+는데/EC+그/MM+안/NNG+에/JKB+는/JX+그/MM+사람/NNG+들/XSN+의/JKG+노력/NNG+이/JKS+엄청/MAG+겸비/NNG+되/XSV+어/EC+있/VX+는/ETM+것/NNB+같/VA+아/EC"
          },
          {
            "id": 12,
            "text": "1 : 정말 그분들이 있어서 안심이 돼!",
            "norm_text": "정말 그분들이 있어서 안심이 돼!",
            "speaker": {
              "id": "1번",
              "sex": "여성",
              "age": "20대"
            },
            "speechAct": "(단언) 주장하기",
            "morpheme": "정말/MAG+그분/NP+들/XSN+이/JKS+있/VV+어서/EC+안심/NNG+이/JKS+돼/VV+EF"
          },
          {
            "id": 13,
            "text": "1 : 엄청 든든하더라구",
            "norm_text": "엄청 든든하더라구",
            "speaker": {
              "id": "1번",
              "sex": "여성",
              "age": "20대"
            },
            "speechAct": "(단언) 주장하기",
            "morpheme": "엄청/MAG+든든/XR+하/XSA+더라구/EC"
          },
          {
            "id": 14,
            "text": "2 : 맞아. 무슨 일이 일어나도 그분들이 다 지켜줄 것 만 같아",
            "norm_text": "맞아. 무슨 일이 일어나도 그분들이 다 지켜줄 것 만 같아",
            "speaker": {
              "id": "2번",
              "sex": "남성",
              "age": "20대"
            },
            "speechAct": "(단언) 주장하기",
            "morpheme": "맞/VV+아/EF+무슨/MM+일/NNG+이/JKS+일어나/VV+EC+도/JX+그분/NP+들/XSN+이/JKS+다/MAG+지켜줄/VV+EC+VX+ETM+것/NNB+만/JX+같/VA+아/EC"
          },
          {
            "id": 15,
            "text": "1 : 근데 너 실제로 특전사들 본 적 있어?",
            "norm_text": "근데 너 실제로 특전사들 본 적 있어?",
            "speaker": {
              "id": "1번",
              "sex": "여성",
              "age": "20대"
            },
            "speechAct": "(지시) 질문하기",
            "morpheme": "근데/MAJ+너/NP+실제로/MAG+특전/NNG+사/NNG+들/XSN+본/VV+ETM+적/NNB+있/VA+어/EF"
          },
          {
            "id": 16,
            "text": "2 : 아니... 나 실제로는 한번도 못 봤어 너는?",
            "norm_text": "아니... 나 실제로는 한번도 못 봤어 너는?",
            "speaker": {
              "id": "2번",
              "sex": "남성",
              "age": "20대"
            },
            "speechAct": "(지시) 질문하기",
            "morpheme": "아니/IC+./SY+나/NP+실제로/MAG+는/JX+한/MM+번/NNBC+도/JX+못/MAG+봤/VV+EP+어/EF+너/NP+는/JX"
          },
          {
            "id": 17,
            "text": "1 : 나도... 티비에서만 본 것 같아 키키",
            "norm_text": "나도... 티비에서만 본 것 같아 키키",
            "speaker": {
              "id": "1번",
              "sex": "여성",
              "age": "20대"
            },
            "speechAct": "(단언) 주장하기",
            "morpheme": "나/NP+도/JX+./SY+./SY+티비/NNG+에서/JKB+만/JX+본/VV+ETM+것/NNB+같/VA+아/EC+키/NNG+키/XSV+ETN"
          },
          {
            "id": 18,
            "text": "1 : 나 실제로 특전사들 만나보고 싶어!",
            "norm_text": "나 실제로 특전사들 만나보고 싶어!",
            "speaker": {
              "id": "1번",
              "sex": "여성",
              "age": "20대"
            },
            "speechAct": "(단언) 주장하기",
            "morpheme": "나/NP+실제로/MAG+특전/NNG+사/NNG+들/XSN+만나/VV+EC+보/VX+고/EC+싶/VX+어/EF"
          },
          {
            "id": 19,
            "text": "2 : 너는 궁금한 게 워낙 많아서 특전사들 만나면 하루 종일 물어볼 것 같아 키키",
            "norm_text": "너는 궁금한 게 워낙 많아서 특전사들 만나면 하루 종일 물어볼 것 같아 키키",
            "speaker": {
              "id": "2번",
              "sex": "남성",
              "age": "20대"
            },
            "speechAct": "(단언) 주장하기",
            "morpheme": "너/NP+는/JX+궁금/XR+한/XSA+ETM+게/NNB+JKS+워낙/MAG+많/VA+아서/EC+특전/NNG+사/NNG+들/XSN+만나/VV+면/EC+하루/NNG+종일/NNG+물어볼/VV+ETM+것/NNB+같/VA+아/EC+키/NNG+키/XSV+ETN"
          }
        ]
      }
    }
  ]
}