{
  "dataset": {
    "identifier": 67788,
    "name": "KAKAO_998_10_set",
    "src_path": "/data/file/cubeManager/PROJECT001/53/txt20211006141726012216/KAKAO_998_10_set/",
    "label_path": "/data/file/cubeManager/PROJECT001/53/txt20211006141726012216/KAKAO_998_10_set/",
    "category": 2,
    "type": 0
  },
  "licenses": {
    "name": "Apache License 1.0",
    "url": "http://www.apache.org/licenses/LICENSE-1.0"
  },
  "info": [
    {
      "id": 45362,
      "filename": "KAKAO_998_10.txt",
      "title": "KAKAO_998_10",
      "mediatype": "SNS",
      "medianame": "카카오톡",
      "category": "일상대화",
      "date": "2021-10-06",
      "size": 586,
      "annotations": {
        "subject": "스포츠/레저",
        "speaker_type": "1:1",
        "size": 586,
        "word_size": 193,
        "text": "1 : 얼마 전에 한 월드컵 예선 경기 봤었어?\n2 : 봤지! 국가대표 경기는 꼭 봐야 해!\n1 : 다음 달에 3차전 경기 한다고 하더라! 하하\n2 : 응응 10월 달에 3,4차전 두 경기 해 키키\n1 : 나도 다른 운동 경기는 잘 안 보게 되는데 축구 경기는 가끔씩 챙겨 보게 되더라! 하하\n2 : 국대전을 직관하고 싶은데!\n2 : 축구 중계는 꼭! 하는 편이니깐 하하\n1 : 축구도 다 보는 건 아니고 월드컵만 키키\n2 : 그렇지 키키 국가 대항전이 재미있지\n2 : 월드컵 자체가 세계인의 축제잖아 키키\n1 : 응응 그런가 봐! 키키 축구 룰도 솔직히 잘 모르긴 한데... 그냥 즐겁게 본다 키키\n2 : 내년 월드컵 벌써부터 기대가 된다! 하하\n1 : 하하 우리 남은 경기 두 개 다 이겨야 본선 올라가는 거야?\n2 : 음... 아직 경기 많이 남았어\n2 : 무조건 이기는 게 유리하긴 한데\n1 : 아하! 그래? 이번에 이긴다고 다 되는 건 아니구나!\n2 : 응응 경우의 수가 많아 키키\n2 : 9월 달 1승 1무라서 키키\n1 : 아아! 본선 올라가면 좋겠다 키키\n1 : 그 핑계로 치맥이나 하게 키키\n2 : 키키 그건 그렇지 10월 달도 이미 두 번 예약돼 있는 거 아냐? 키키",
        "lines": [
          {
            "id": 1,
            "text": "1 : 얼마 전에 한 월드컵 예선 경기 봤었어?",
            "norm_text": "얼마 전에 한 월드컵 예선 경기 봤었어?",
            "speaker": {
              "id": "1번",
              "sex": "여성",
              "age": "30대"
            },
            "speechAct": "(지시) 질문하기",
            "morpheme": "얼마/NNG+전/NNG+에/JKB+한/MM+월드컵/NNG+예선/NNG+경기/NNG+봤었/VV+EP+어/EF"
          },
          {
            "id": 2,
            "text": "2 : 봤지! 국가대표 경기는 꼭 봐야 해!",
            "norm_text": "봤지! 국가대표 경기는 꼭 봐야 해!",
            "speaker": {
              "id": "2번",
              "sex": "남성",
              "age": "30대"
            },
            "speechAct": "(지시) 명령/요구하기",
            "morpheme": "봤/VV+EP+지/EF+국가/NNG+대표/NNG+경기/NNG+는/JX+꼭/MAG+봐야/VV+EC+해/VX+EF"
          },
          {
            "id": 3,
            "text": "1 : 다음 달에 3차전 경기 한다고 하더라! 하하",
            "norm_text": "다음 달에 3차전 경기 한다고 하더라! 하하",
            "speaker": {
              "id": "1번",
              "sex": "여성",
              "age": "30대"
            },
            "speechAct": "(단언) 진술하기",
            "morpheme": "다음/NNG+달/NNG+에/JKB+3/SN+차/NNBC+전/NNG+경기/NNG+한다고/XSV+EC+하/VX+더라/EF+하하/MAG"
          },
          {
            "id": 4,
            "text": "2 : 응응 10월 달에 3,4차전 두 경기 해 키키",
            "norm_text": "응응 10월 달에 3,4차전 두 경기 해 키키",
            "speaker": {
              "id": "2번",
              "sex": "남성",
              "age": "30대"
            },
            "speechAct": "(단언) 진술하기",
            "morpheme": "응응/MAG+10/SN+월/NNBC+달/NNG+에/JKB+3/SN+,/SC+4/SN+차/NNBC+전두/NNG+경기/NNG+해/XSV+EC+키/NNG+키/XSV+ETN"
          },
          {
            "id": 5,
            "text": "1 : 나도 다른 운동 경기는 잘 안 보게 되는데 축구 경기는 가끔씩 챙겨 보게 되더라! 하하",
            "norm_text": "나도 다른 운동 경기는 잘 안 보게 되는데 축구 경기는 가끔씩 챙겨 보게 되더라! 하하",
            "speaker": {
              "id": "1번",
              "sex": "여성",
              "age": "30대"
            },
            "speechAct": "(단언) 주장하기",
            "morpheme": "나/NP+도/JX+다른/MM+운동/NNG+경기/NNG+는/JX+잘/MAG+안/MAG+보/VV+게/EC+되/VV+는데/EC+축구/NNG+경기/NNG+는/JX+가끔/MAG+씩/XSN+챙겨/VV+EC+보/VX+게/EC+되/VV+더라/EF+하하/MAG"
          },
          {
            "id": 6,
            "text": "2 : 국대전을 직관하고 싶은데!",
            "norm_text": "국대전을 직관하고 싶은데!",
            "speaker": {
              "id": "2번",
              "sex": "남성",
              "age": "30대"
            },
            "speechAct": "(단언) 주장하기",
            "morpheme": "국/NNG+대전/NNG+을/JKO+직관/NNG+하/XSV+고/EC+싶/VX+은데/EF"
          },
          {
            "id": 7,
            "text": "2 : 축구 중계는 꼭! 하는 편이니깐 하하",
            "norm_text": "축구 중계는 꼭! 하는 편이니깐 하하",
            "speaker": {
              "id": "2번",
              "sex": "남성",
              "age": "30대"
            },
            "speechAct": "(단언) 주장하기",
            "morpheme": "축구/NNG+중계/NNG+는/JX+꼭/MAG+하/VV+는/ETM+편/NNB+이/VCP+니깐/EC+하하/MAG"
          },
          {
            "id": 8,
            "text": "1 : 축구도 다 보는 건 아니고 월드컵만 키키",
            "norm_text": "축구도 다 보는 건 아니고 월드컵만 키키",
            "speaker": {
              "id": "1번",
              "sex": "여성",
              "age": "30대"
            },
            "speechAct": "(단언) 진술하기",
            "morpheme": "축구/NNG+도/JX+다/MAG+보/VV+는/ETM+건/NNB+JX+아니/VCN+고/EC+월드컵/NNG+만/JX+키/NNG+키/XSV+ETN"
          },
          {
            "id": 9,
            "text": "2 : 그렇지 키키 국가 대항전이 재미있지",
            "norm_text": "그렇지 키키 국가 대항전이 재미있지",
            "speaker": {
              "id": "2번",
              "sex": "남성",
              "age": "30대"
            },
            "speechAct": "(단언) 주장하기",
            "morpheme": "그렇/VA+지/EC+키/NNG+키/NNG+국가/NNG+대항전/NNG+이/JKS+재미있/VA+지/EC"
          },
          {
            "id": 10,
            "text": "2 : 월드컵 자체가 세계인의 축제잖아 키키",
            "norm_text": "월드컵 자체가 세계인의 축제잖아 키키",
            "speaker": {
              "id": "2번",
              "sex": "남성",
              "age": "30대"
            },
            "speechAct": "(단언) 진술하기",
            "morpheme": "월드컵/NNG+자체/NNG+가/JKS+세계인/NNG+의/JKG+축제/NNG+잖아/VCP+EC+VX+EC+키/NNG+키/XSV+ETN"
          },
          {
            "id": 11,
            "text": "1 : 응응 그런가 봐! 키키 축구 룰도 솔직히 잘 모르긴 한데... 그냥 즐겁게 본다 키키",
            "norm_text": "응응 그런가 봐! 키키 축구 룰도 솔직히 잘 모르긴 한데... 그냥 즐겁게 본다 키키",
            "speaker": {
              "id": "1번",
              "sex": "여성",
              "age": "30대"
            },
            "speechAct": "(단언) 주장하기",
            "morpheme": "응/IC+응/IC+그런가/VA+EC+봐/VX+EF+키키축구룰도솔직히잘모르긴한데/UNKNOWN+./SY+그냥/MAG+즐겁/VA+게/EC+본/VX+ETM+다키키/NNP"
          },
          {
            "id": 12,
            "text": "2 : 내년 월드컵 벌써부터 기대가 된다! 하하",
            "norm_text": "내년 월드컵 벌써부터 기대가 된다! 하하",
            "speaker": {
              "id": "2번",
              "sex": "남성",
              "age": "30대"
            },
            "speechAct": "(단언) 주장하기",
            "morpheme": "내년/NNG+월드컵/NNG+벌써/MAG+부터/JX+기대/NNG+가/JKS+된다/VV+EF+하하/MAG"
          },
          {
            "id": 13,
            "text": "1 : 하하 우리 남은 경기 두 개 다 이겨야 본선 올라가는 거야?",
            "norm_text": "하하 우리 남은 경기 두 개 다 이겨야 본선 올라가는 거야?",
            "speaker": {
              "id": "1번",
              "sex": "여성",
              "age": "30대"
            },
            "speechAct": "(지시) 질문하기",
            "morpheme": "하하/MAG+우리/NP+남/VV+은/ETM+경기/NNG+두/MM+개/NNBC+다/MAG+이겨야/VV+EC+본선/NNG+올라가/VV+는/ETM+거/NNB+야/VCP+EF"
          },
          {
            "id": 14,
            "text": "2 : 음... 아직 경기 많이 남았어",
            "norm_text": "음... 아직 경기 많이 남았어",
            "speaker": {
              "id": "2번",
              "sex": "남성",
              "age": "30대"
            },
            "speechAct": "(단언) 진술하기",
            "morpheme": "음/IC+./SY+아직/MAG+경기/NNG+많이/MAG+남/VV+았/EP+어/EC"
          },
          {
            "id": 15,
            "text": "2 : 무조건 이기는 게 유리하긴 한데",
            "norm_text": "무조건 이기는 게 유리하긴 한데",
            "speaker": {
              "id": "2번",
              "sex": "남성",
              "age": "30대"
            },
            "speechAct": "(단언) 주장하기",
            "morpheme": "무조건/MAG+이기/VV+는/ETM+게/NNB+JKS+유리/NNG+하/XSV+긴/ETN+JX+한데/VX+EC"
          },
          {
            "id": 16,
            "text": "1 : 아하! 그래? 이번에 이긴다고 다 되는 건 아니구나!",
            "norm_text": "아하! 그래? 이번에 이긴다고 다 되는 건 아니구나!",
            "speaker": {
              "id": "1번",
              "sex": "여성",
              "age": "30대"
            },
            "speechAct": "(단언) 진술하기",
            "morpheme": "아하/IC+그래/IC+이번/NNG+에/JKB+이긴다고/VV+EC+다/MAG+되/VV+는/ETM+건/NNB+JX+아니/VCN+구나/EF"
          },
          {
            "id": 17,
            "text": "2 : 응응 경우의 수가 많아 키키",
            "norm_text": "응응 경우의 수가 많아 키키",
            "speaker": {
              "id": "2번",
              "sex": "남성",
              "age": "30대"
            },
            "speechAct": "(단언) 진술하기",
            "morpheme": "응/IC+응/IC+경우/NNG+의/JKG+수/NNG+가/JKS+많/VA+아/EC+키/NNG+키/XSV+ETN"
          },
          {
            "id": 18,
            "text": "2 : 9월 달 1승 1무라서 키키",
            "norm_text": "9월 달 1승 1무라서 키키",
            "speaker": {
              "id": "2번",
              "sex": "남성",
              "age": "30대"
            },
            "speechAct": "(단언) 진술하기",
            "morpheme": "9/SN+월/NNBC+달/NNG+1/SN+승/NNBC+1/SN+무/NNBC+라서/VCP+EC+키/NNG+키/XSV+ETN"
          },
          {
            "id": 19,
            "text": "1 : 아아! 본선 올라가면 좋겠다 키키",
            "norm_text": "아아! 본선 올라가면 좋겠다 키키",
            "speaker": {
              "id": "1번",
              "sex": "여성",
              "age": "30대"
            },
            "speechAct": "(단언) 주장하기",
            "morpheme": "아아/IC+본선/NNG+올라가/VV+면/EC+좋/VA+겠/EP+다키키/NNP"
          },
          {
            "id": 20,
            "text": "1 : 그 핑계로 치맥이나 하게 키키",
            "norm_text": "그 핑계로 치맥이나 하게 키키",
            "speaker": {
              "id": "1번",
              "sex": "여성",
              "age": "30대"
            },
            "speechAct": "(단언) 주장하기",
            "morpheme": "그/MM+핑계/NNG+로/JKB+치맥/NNG+이나/JX+하/VV+게/EC+키/NNG+키/XSV+ETN"
          },
          {
            "id": 21,
            "text": "2 : 키키 그건 그렇지 10월 달도 이미 두 번 예약돼 있는 거 아냐? 키키",
            "norm_text": "키키 그건 그렇지 10월 달도 이미 두 번 예약돼 있는 거 아냐? 키키",
            "speaker": {
              "id": "2번",
              "sex": "남성",
              "age": "30대"
            },
            "speechAct": "(지시) 질문하기",
            "morpheme": "키/NNG+키/XSV+ETN+그건/NP+JX+그렇/VA+지/EC+10/SN+월/NNBC+달/NNG+도/JX+이미/MAG+두/MM+번/NNBC+예약/NNG+돼/XSV+EC+있/VX+는/ETM+거/NNB+아냐/VCN+EF+키/NNG+키/XSV+ETN"
          }
        ]
      }
    }
  ]
}