{
  "dataset": {
    "identifier": 49941,
    "name": "KAKAO_976_17_set",
    "src_path": "/data/file/cubeManager/PROJECT001/53/txt20211006134533073970/KAKAO_976_17_set/",
    "label_path": "/data/file/cubeManager/PROJECT001/53/txt20211006134533073970/KAKAO_976_17_set/",
    "category": 2,
    "type": 0
  },
  "licenses": {
    "name": "Apache License 1.0",
    "url": "http://www.apache.org/licenses/LICENSE-1.0"
  },
  "info": [
    {
      "id": 43157,
      "filename": "KAKAO_976_17.txt",
      "title": "KAKAO_976_17",
      "mediatype": "SNS",
      "medianame": "카카오톡",
      "category": "일상대화",
      "date": "2021-10-06",
      "size": 490,
      "annotations": {
        "subject": "건강",
        "speaker_type": "1:1",
        "size": 490,
        "word_size": 171,
        "text": "1 : 어디 아파서 수술한 적은 없었어요? 키키\n2 : 나는 딱히 아팠던 적이 잘 없어 키키\n1 : 오 오빠 건강 체질인가 봐요 키키\n2 : 엉 키키 나는 웬만히 안 아파서는 안 가 키키 귀찮아\n1 : 키키 오호 오빠 그러다가 큰일 나요\n1 : 건강 검진 받아 봤어요?\n2 : 키키 검진은 받아봤지~ 키키\n2 : 근데 잘 안 가게 되더라 병원\n1 : 오 키키 그래도 괜찮았나 보네요\n2 : 엉 키키 난 진짜 건강해 키키\n1 : 키키 뭐 그러면 진짜 좋다 운동만 하면 되겠군요 키키\n2 : 키키 맞아 키키 그래서 내가 병원 가면 다들 엄청 아픈 줄 알아\n1 : 아 그럴 수도 있겠다 키키 안 가던 사람이 그러면\n2 : 키키 엉 키키 근데 최근 대구 올 때마다 아팠음\n1 : 키키 왜 그러지 오빠 대구랑 안 맞는 거예요 집이랑 안 맞는 거예요\n2 : 키키 몰라 키키 그래도 이번 추석은 괜찮았음\n1 : 오 다행이네요 키키 뭐가 문제였던 건지\n2 : 키키 그니깐 말이여 키키\n2 : 이번엔 진짜 건강히 있다가 갔다",
        "lines": [
          {
            "id": 1,
            "text": "1 : 어디 아파서 수술한 적은 없었어요? 키키",
            "norm_text": "어디 아파서 수술한 적은 없었어요? 키키",
            "speaker": {
              "id": "1번",
              "sex": "여성",
              "age": "20대"
            },
            "speechAct": "(지시) 질문하기",
            "morpheme": "어디/NP+아파서/VA+EC+수술/NNG+한/XSA+ETM+적/NNB+은/JX+없/VA+었/EP+어요/EF+키/NNG+키/XSV+ETN"
          },
          {
            "id": 2,
            "text": "2 : 나는 딱히 아팠던 적이 잘 없어 키키",
            "norm_text": "나는 딱히 아팠던 적이 잘 없어 키키",
            "speaker": {
              "id": "2번",
              "sex": "남성",
              "age": "20대"
            },
            "speechAct": "(단언) 진술하기",
            "morpheme": "나/NP+는/JX+딱히/MAG+아팠/VA+EP+던/ETM+적/NNB+이/JKS+잘/MAG+없/VA+어/EC+키/NNG+키/XSV+ETN"
          },
          {
            "id": 3,
            "text": "1 : 오 오빠 건강 체질인가 봐요 키키",
            "norm_text": "오 오빠 건강 체질인가 봐요 키키",
            "speaker": {
              "id": "1번",
              "sex": "여성",
              "age": "20대"
            },
            "speechAct": "(단언) 주장하기",
            "morpheme": "오/NR+오빠/NNG+건강/NNG+체질/NNG+인가/VCP+EC+봐요/VX+EF+키/NNG+키/XSV+ETN"
          },
          {
            "id": 4,
            "text": "2 : 엉 키키 나는 웬만히 안 아파서는 안 가 키키 귀찮아",
            "norm_text": "엉 키키 나는 웬만히 안 아파서는 안 가 키키 귀찮아",
            "speaker": {
              "id": "2번",
              "sex": "남성",
              "age": "20대"
            },
            "speechAct": "(단언) 주장하기",
            "morpheme": "엉/IC+키/NNG+키나/XSA+ETN+JX+는/JX+웬만히/MAG+안/MAG+아파서/VA+EC+는/JX+안/MAG+가/VV+EC+키/NNG+키/XSV+ETN+귀찮/VA+아/EC"
          },
          {
            "id": 5,
            "text": "1 : 키키 오호 오빠 그러다가 큰일 나요",
            "norm_text": "키키 오호 오빠 그러다가 큰일 나요",
            "speaker": {
              "id": "1번",
              "sex": "여성",
              "age": "20대"
            },
            "speechAct": "(단언) 주장하기",
            "morpheme": "키/NNG+키/XSV+ETN+오/NR+호/NNBC+오빠/NNG+그러/VV+다가/EC+큰일나/VV+요/EC"
          },
          {
            "id": 6,
            "text": "1 : 건강 검진 받아 봤어요?",
            "norm_text": "건강 검진 받아 봤어요?",
            "speaker": {
              "id": "1번",
              "sex": "여성",
              "age": "20대"
            },
            "speechAct": "(지시) 질문하기",
            "morpheme": "건강/NNG+검진/NNG+받/VV+아/EC+봤/VX+EP+어요/EF"
          },
          {
            "id": 7,
            "text": "2 : 키키 검진은 받아봤지~ 키키",
            "norm_text": "키키 검진은 받아봤지~ 키키",
            "speaker": {
              "id": "2번",
              "sex": "남성",
              "age": "20대"
            },
            "speechAct": "(단언) 진술하기",
            "morpheme": "키/NNG+키/NNG+검진/NNG+은/JX+받/VV+아/EC+봤/VX+EP+지/EC+~/SY+키/NNG+키/XSV+ETN"
          },
          {
            "id": 8,
            "text": "2 : 근데 잘 안 가게 되더라 병원",
            "norm_text": "근데 잘 안 가게 되더라 병원",
            "speaker": {
              "id": "2번",
              "sex": "남성",
              "age": "20대"
            },
            "speechAct": "(단언) 주장하기",
            "morpheme": "근데/MAJ+잘/MAG+안/MAG+가/VV+게/EC+되/VV+더라/EC+병원/NNG"
          },
          {
            "id": 9,
            "text": "1 : 오 키키 그래도 괜찮았나 보네요",
            "norm_text": "오 키키 그래도 괜찮았나 보네요",
            "speaker": {
              "id": "1번",
              "sex": "여성",
              "age": "20대"
            },
            "speechAct": "(단언) 주장하기",
            "morpheme": "오키/NNP+키/NNG+그래도/VV+EC+괜찮/VA+았/EP+나/EC+보/VX+네요/EC"
          },
          {
            "id": 10,
            "text": "2 : 엉 키키 난 진짜 건강해 키키",
            "norm_text": "엉 키키 난 진짜 건강해 키키",
            "speaker": {
              "id": "2번",
              "sex": "남성",
              "age": "20대"
            },
            "speechAct": "(단언) 주장하기",
            "morpheme": "엉/IC+키/NNG+키/XSV+ETN+난/NP+JX+진짜/MAG+건강/NNG+해/XSV+EC+키/NNG+키/XSV+ETN"
          },
          {
            "id": 11,
            "text": "1 : 키키 뭐 그러면 진짜 좋다 운동만 하면 되겠군요 키키",
            "norm_text": "키키 뭐 그러면 진짜 좋다 운동만 하면 되겠군요 키키",
            "speaker": {
              "id": "1번",
              "sex": "여성",
              "age": "20대"
            },
            "speechAct": "(단언) 주장하기",
            "morpheme": "키/NNG+키/XSV+ETN+뭐/IC+그러면/MAJ+진짜/MAG+좋/VA+다/EC+운동/NNG+만/JX+하/VV+면/EC+되/VV+겠/EP+군요/EC+키/NNG+키/XSV+ETN"
          },
          {
            "id": 12,
            "text": "2 : 키키 맞아 키키 그래서 내가 병원 가면 다들 엄청 아픈 줄 알아",
            "norm_text": "키키 맞아 키키 그래서 내가 병원 가면 다들 엄청 아픈 줄 알아",
            "speaker": {
              "id": "2번",
              "sex": "남성",
              "age": "20대"
            },
            "speechAct": "(단언) 진술하기",
            "morpheme": "키/NNG+키/XSV+ETN+맞/VV+아/EC+키/NNG+키/XSV+ETN+그래서/MAJ+내/NP+가/JKS+병원/NNG+가/VV+면/EC+다/MAG+들/XSN+엄청/MAG+아픈/VA+ETM+줄/NNB+알/VV+아/EC"
          },
          {
            "id": 13,
            "text": "1 : 아 그럴 수도 있겠다 키키 안 가던 사람이 그러면",
            "norm_text": "아 그럴 수도 있겠다 키키 안 가던 사람이 그러면",
            "speaker": {
              "id": "1번",
              "sex": "여성",
              "age": "20대"
            },
            "speechAct": "(단언) 주장하기",
            "morpheme": "아/IC+그럴/VA+ETM+수/NNB+도/JX+있/VA+겠/EP+다키키/NNP+안/MAG+가/VV+던/ETM+사람/NNG+이/JKS+그러/VV+면/EC"
          },
          {
            "id": 14,
            "text": "2 : 키키 엉 키키 근데 최근 대구 올 때마다 아팠음",
            "norm_text": "키키 엉 키키 근데 최근 대구 올 때마다 아팠음",
            "speaker": {
              "id": "2번",
              "sex": "남성",
              "age": "20대"
            },
            "speechAct": "(단언) 진술하기",
            "morpheme": "키/NNG+키/VV+엉/EC+키/NNG+키/XSV+ETN+근데/MAJ+최근/NNG+대/XSV+구/EC+올/MM+때/NNG+마다/JX+아팠/VA+EP+음/ETN"
          },
          {
            "id": 15,
            "text": "1 : 키키 왜 그러지 오빠 대구랑 안 맞는 거예요 집이랑 안 맞는 거예요",
            "norm_text": "키키 왜 그러지 오빠 대구랑 안 맞는 거예요 집이랑 안 맞는 거예요",
            "speaker": {
              "id": "1번",
              "sex": "여성",
              "age": "20대"
            },
            "speechAct": "(지시) 질문하기",
            "morpheme": "키/NNG+키/XSV+ETN+왜/MAG+그러/VV+지/EC+오빠/NNG+대구/NNP+랑/JC+안/MAG+맞/VV+는/ETM+거/NNB+예요/VCP+EF+집/NNG+이랑/JC+안/MAG+맞/VV+는/ETM+거/NNB+예요/VCP+EF"
          },
          {
            "id": 16,
            "text": "2 : 키키 몰라 키키 그래도 이번 추석은 괜찮았음",
            "norm_text": "키키 몰라 키키 그래도 이번 추석은 괜찮았음",
            "speaker": {
              "id": "2번",
              "sex": "남성",
              "age": "20대"
            },
            "speechAct": "(단언) 진술하기",
            "morpheme": "키/NNG+키/XSV+ETN+몰라/VV+EC+키/NNG+키/XSV+ETN+그래도/MAJ+이번/NNG+추석/NNG+은/JX+괜찮/VA+았/EP+음/ETN"
          },
          {
            "id": 17,
            "text": "1 : 오 다행이네요 키키 뭐가 문제였던 건지",
            "norm_text": "오 다행이네요 키키 뭐가 문제였던 건지",
            "speaker": {
              "id": "1번",
              "sex": "여성",
              "age": "20대"
            },
            "speechAct": "(단언) 주장하기",
            "morpheme": "오/NR+다행/NNG+이/VCP+네요/EF+키/NNG+키/XSV+ETN+뭐/NP+가/JKS+문제/NNG+였/VCP+EP+던/ETM+건지/NNB+VCP+EC"
          },
          {
            "id": 18,
            "text": "2 : 키키 그니깐 말이여 키키",
            "norm_text": "키키 그니깐 말이여 키키",
            "speaker": {
              "id": "2번",
              "sex": "남성",
              "age": "20대"
            },
            "speechAct": "(단언) 주장하기",
            "morpheme": "키/NNG+키/XSV+ETN+그니깐/MAJ+말/NNG+이/VCP+여/EC+키/NNG+키/XSV+ETN"
          },
          {
            "id": 19,
            "text": "2 : 이번엔 진짜 건강히 있다가 갔다",
            "norm_text": "이번엔 진짜 건강히 있다가 갔다",
            "speaker": {
              "id": "2번",
              "sex": "남성",
              "age": "20대"
            },
            "speechAct": "(단언) 진술하기",
            "morpheme": "이번/NNG+엔/JKB+JX+진짜/MAG+건강히/MAG+있/VV+다가/EC+갔/VV+EP+다/EC"
          }
        ]
      }
    }
  ]
}