{
  "dataset": {
    "identifier": 30308,
    "name": "KAKAO_947_08_set",
    "src_path": "/data/file/cubeManager/PROJECT001/53/txt20211005162220087911/KAKAO_947_08_set/",
    "label_path": "/data/file/cubeManager/PROJECT001/53/txt20211005162220087911/KAKAO_947_08_set/",
    "category": 2,
    "type": 0
  },
  "licenses": {
    "name": "Apache License 1.0",
    "url": "http://www.apache.org/licenses/LICENSE-1.0"
  },
  "info": [
    {
      "id": 42265,
      "filename": "KAKAO_947_08.txt",
      "title": "KAKAO_947_08",
      "mediatype": "SNS",
      "medianame": "카카오톡",
      "category": "일상대화",
      "date": "2021-10-05",
      "size": 735,
      "annotations": {
        "subject": "연애/결혼",
        "speaker_type": "1:1",
        "size": 735,
        "word_size": 235,
        "text": "1 : 나도 드디어 남편이 생기는 건가... 키키\n2 : 두둥... 키키  결혼 준비는 잘하고 있니\n1 : 키키  준비를 사실 뭘 해야 될지 모르겠음 키키 걍 귀찮음\n2 : 키키  챙겨야 할게 많긴 하지... 그래서 나는 항상 아쉽다 ㅠㅠ 다시 돌아가면 더 잘할 수 있을 것 같은데 키키\n1 : 키키  난 그냥 안하고 싶은데... 한 번도 하기 싫어 싫어 싫어 싫어!\n2 : 드레스 투어 할 때가 제일 행복함...키키\n2 : 결혼식은 언제쯤 하닝\n1 : 키키  결혼식은 사실 아직 미정이지 우리 둘만 이때 하자 이캐도 그게 안되니까 ㅜㅜ  또 뭐 3월에는 결혼식 하지 말라 하데\n2 : 아 그래?\n2 : 왜 그런 거지?\n1 : 뭐 3월은 바람이 잘 드는 달이랬나?\n1 : 어머니가 카셨다길래 아주 불쾌함을 드러냈다 그딴 거 아무도 믿지 않는다고\n2 : 핫... 어머니 또 그런 걸 신경 쓰시는구낰 키키 쉽지 않겠네\n1 : 미신 같은 거 안 믿으신다더니 이미 우리 둘이 궁합까지 다 보고 키키 우리 엄마 알면 뒤로 자빠지겠군\n2 : 결혼은 뭐 큰일이니까 그럴 수도 있지만... 키키 안 믿으신다고 치기엔 너무 믿으시는것같은뎈 키키\n1 : 키키  어쩌겠니..뭐 아주 이해 안되는 건 아니니까 별 탈 없이 지나갔으면\n2 : 남편 될 분이 중간 역할을 잘하면 모두가 행복해진다 키키\n1 : 그래 키키 그건 겪어봐야 아니까 오빠 성격으로 봐선 잘할 거 같긴 한데 무섭네 덜덜\n2 : 괜찮을 거야 키키\n2 : 준비하다가 모르는 거 있음 내가 다 알려줄게 키키",
        "lines": [
          {
            "id": 1,
            "text": "1 : 나도 드디어 남편이 생기는 건가... 키키",
            "norm_text": "나도 드디어 남편이 생기는 건가... 키키",
            "speaker": {
              "id": "1번",
              "sex": "여성",
              "age": "30대"
            },
            "speechAct": "(단언) 주장하기",
            "morpheme": "나/NP+도/JX+드디어/MAG+남편/NNG+이/JKS+생기/VV+는/ETM+건가/NNB+VCP+EF+./SY+키/NNG+키/XSV+ETN"
          },
          {
            "id": 2,
            "text": "2 : 두둥... 키키  결혼 준비는 잘하고 있니",
            "norm_text": "두둥... 키키  결혼 준비는 잘하고 있니",
            "speaker": {
              "id": "2번",
              "sex": "여성",
              "age": "30대"
            },
            "speechAct": "(지시) 질문하기",
            "morpheme": "두둥/MAG+./SY+키/NNG+키/NNG+결혼/NNG+준비/NNG+는/JX+잘/MAG+하/VV+고/EC+있/VX+니/EC"
          },
          {
            "id": 3,
            "text": "1 : 키키  준비를 사실 뭘 해야 될지 모르겠음 키키 걍 귀찮음",
            "norm_text": "키키  준비를 사실 뭘 해야 될지 모르겠음 키키 걍 귀찮음",
            "speaker": {
              "id": "1번",
              "sex": "여성",
              "age": "30대"
            },
            "speechAct": "(단언) 주장하기",
            "morpheme": "키/NNG+키/NNG+준비/NNG+를/JKO+사실/MAG+뭘/NP+JKO+해야/VV+EC+될지/VV+EC+모르/VV+겠/EP+음/ETN+키/NNG+키걍/UNKNOWN+귀찮/VA+음/ETN"
          },
          {
            "id": 4,
            "text": "2 : 키키  챙겨야 할게 많긴 하지... 그래서 나는 항상 아쉽다 ㅠㅠ 다시 돌아가면 더 잘할 수 있을 것 같은데 키키",
            "norm_text": "키키  챙겨야 할게 많긴 하지... 그래서 나는 항상 아쉽다 ㅠㅠ 다시 돌아가면 더 잘할 수 있을 것 같은데 키키",
            "speaker": {
              "id": "2번",
              "sex": "여성",
              "age": "30대"
            },
            "speechAct": "(단언) 주장하기",
            "morpheme": "키/NNG+키/XSV+ETN+챙겨야/VV+EC+할/VX+ETM+게/NNB+JKS+많/VA+긴/ETN+JX+하/VX+지/EF+./SY+그래서/MAJ+나/NP+는/JX+항상/MAG+아쉽/VA+다/EF+ㅠㅠ/UNKNOWN+다시/MAG+돌아가/VV+면/EC+더/MAG+잘/MAG+할/VV+ETM+수/NNB+있/VV+을/ETM+것/NNB+같/VA+은데/EC+키/NNG+키/XSV+ETN"
          },
          {
            "id": 5,
            "text": "1 : 키키  난 그냥 안하고 싶은데... 한 번도 하기 싫어 싫어 싫어 싫어!",
            "norm_text": "키키  난 그냥 안하고 싶은데... 한 번도 하기 싫어 싫어 싫어 싫어!",
            "speaker": {
              "id": "1번",
              "sex": "여성",
              "age": "30대"
            },
            "speechAct": "(단언) 주장하기",
            "morpheme": "키/NNG+키/XSV+ETN+난/NP+JX+그냥/MAG+안/MAG+하/VV+고/EC+싶/VX+은데/EF+./SY+한/MM+번/NNBC+도/JX+하/VV+기/ETN+싫/VA+어/EC+싫/VA+어/EC+싫/VA+어/EC+싫/VA+어/EF"
          },
          {
            "id": 6,
            "text": "2 : 드레스 투어 할 때가 제일 행복함...키키",
            "norm_text": "드레스 투어 할 때가 제일 행복함...키키",
            "speaker": {
              "id": "2번",
              "sex": "여성",
              "age": "30대"
            },
            "speechAct": "(단언) 주장하기",
            "morpheme": "드레스/NNG+투어/NNG+할/XSV+ETM+때/NNG+가/JKS+제일/MAG+행복/NNG+함/XSV+ETN+./SY+키/NNG+키/XSV+ETN"
          },
          {
            "id": 7,
            "text": "2 : 결혼식은 언제쯤 하닝",
            "norm_text": "결혼식은 언제쯤 하닝",
            "speaker": {
              "id": "2번",
              "sex": "여성",
              "age": "30대"
            },
            "speechAct": "(지시) 질문하기",
            "morpheme": "결혼식/NNG+은/JX+언제/NP+쯤/XSN+하닝/NNP"
          },
          {
            "id": 8,
            "text": "1 : 키키  결혼식은 사실 아직 미정이지 우리 둘만 이때 하자 이캐도 그게 안되니까 ㅜㅜ  또 뭐 3월에는 결혼식 하지 말라 하데",
            "norm_text": "키키  결혼식은 사실 아직 미정이지 우리 둘만 이때 하자 이캐도 그게 안되니까 ㅜㅜ  또 뭐 3월에는 결혼식 하지 말라 하데",
            "speaker": {
              "id": "1번",
              "sex": "여성",
              "age": "30대"
            },
            "speechAct": "(단언) 주장하기",
            "morpheme": "키/NNG+키/NNG+결혼식/NNG+은/JX+사실/MAG+아직/MAG+미정/NNG+이/VCP+지/EF+우리/NP+둘/NR+만/NR+이때/NNG+하/XSV+자/EC+이/MM+캐/NNG+도/JX+그게/NP+JKS+안/MAG+되/VV+니까/EC+ㅜㅜ/UNKNOWN+또/MAG+뭐/IC+3/SN+월/NNBC+에/JKB+는/JX+결혼식/NNG+하/XSV+지/EC+말/VX+라/EC+하/VV+데/EC"
          },
          {
            "id": 9,
            "text": "2 : 아 그래?",
            "norm_text": "아 그래?",
            "speaker": {
              "id": "2번",
              "sex": "여성",
              "age": "30대"
            },
            "speechAct": "턴토크 사인(관습적 반응)",
            "morpheme": "아/IC+그래/IC"
          },
          {
            "id": 10,
            "text": "2 : 왜 그런 거지?",
            "norm_text": "왜 그런 거지?",
            "speaker": {
              "id": "2번",
              "sex": "여성",
              "age": "30대"
            },
            "speechAct": "(지시) 부탁하기",
            "morpheme": "왜/MAG+그런/MM+거/NNB+지/VCP+EF"
          },
          {
            "id": 11,
            "text": "1 : 뭐 3월은 바람이 잘 드는 달이랬나?",
            "norm_text": "뭐 3월은 바람이 잘 드는 달이랬나?",
            "speaker": {
              "id": "1번",
              "sex": "여성",
              "age": "30대"
            },
            "speechAct": "(단언) 진술하기",
            "morpheme": "뭐/IC+3/SN+월/NNBC+은/JX+바람/NNG+이/JKS+잘/MAG+드/VV+는달/EC+이랬/VV+EP+나/EF"
          },
          {
            "id": 12,
            "text": "1 : 어머니가 카셨다길래 아주 불쾌함을 드러냈다 그딴 거 아무도 믿지 않는다고",
            "norm_text": "어머니가 카셨다길래 아주 불쾌함을 드러냈다 그딴 거 아무도 믿지 않는다고",
            "speaker": {
              "id": "1번",
              "sex": "여성",
              "age": "30대"
            },
            "speechAct": "(단언) 진술하기",
            "morpheme": "어머니/NNG+가/JKS+카/VV+셨/EP+EP+다길래/EC+아주/MAG+불쾌/XR+함/XSA+ETN+을/JKO+드러냈/VV+EP+다/EF+그딴/MM+거/NNB+아무/NP+도/JX+믿/VV+지/EC+않/VX+는다고/EC"
          },
          {
            "id": 13,
            "text": "2 : 핫... 어머니 또 그런 걸 신경 쓰시는구낰 키키 쉽지 않겠네",
            "norm_text": "핫... 어머니 또 그런 걸 신경 쓰시는구낰 키키 쉽지 않겠네",
            "speaker": {
              "id": "2번",
              "sex": "여성",
              "age": "30대"
            },
            "speechAct": "(단언) 주장하기",
            "morpheme": "핫/IC+./SY+어머니/NNG+또/MAG+그런/MM+걸/NNB+JKO+신경/NNG+쓰/VV+시/EP+는/ETM+구낰/UNKNOWN+키/NNG+키/XSV+ETN+쉽/VA+지/EC+않/VX+겠/EP+네/EF"
          },
          {
            "id": 14,
            "text": "1 : 미신 같은 거 안 믿으신다더니 이미 우리 둘이 궁합까지 다 보고 키키 우리 엄마 알면 뒤로 자빠지겠군",
            "norm_text": "미신 같은 거 안 믿으신다더니 이미 우리 둘이 궁합까지 다 보고 키키 우리 엄마 알면 뒤로 자빠지겠군",
            "speaker": {
              "id": "1번",
              "sex": "여성",
              "age": "30대"
            },
            "speechAct": "(단언) 주장하기",
            "morpheme": "미신/NNG+같/VA+은/ETM+거/NNB+안/MAG+믿/VV+으신다/EP+EP+EF+더니/EC+이미/MAG+우리/NP+둘/NR+이/NR+궁합/NNG+까지/JX+다/MAG+보/VV+고/EC+키/NNG+키/XSV+ETN+우리/NP+엄마/NNG+알/VV+면/EC+뒤/NNG+로/JKB+자빠지/VV+겠/EP+군/EC"
          },
          {
            "id": 15,
            "text": "2 : 결혼은 뭐 큰일이니까 그럴 수도 있지만... 키키 안 믿으신다고 치기엔 너무 믿으시는것같은뎈 키키",
            "norm_text": "결혼은 뭐 큰일이니까 그럴 수도 있지만... 키키 안 믿으신다고 치기엔 너무 믿으시는것같은뎈 키키",
            "speaker": {
              "id": "2번",
              "sex": "여성",
              "age": "30대"
            },
            "speechAct": "(단언) 주장하기",
            "morpheme": "결혼/NNG+은/JX+뭐/IC+큰일/NNG+이/VCP+니까/EC+그럴/VV+ETM+수/NNB+도/JX+있/VA+지만/EC+./SY+./SY+키/NNG+키/NNG+안/MAG+믿/VV+으신다고/EP+EP+EC+치/VV+기/ETN+엔/JKB+JX+너무/MAG+믿/VV+으시/EP+는/ETM+것/NNB+같/VA+은/ETM+뎈키/UNKNOWN+키/NNG"
          },
          {
            "id": 16,
            "text": "1 : 키키  어쩌겠니..뭐 아주 이해 안되는 건 아니니까 별 탈 없이 지나갔으면",
            "norm_text": "키키  어쩌겠니..뭐 아주 이해 안되는 건 아니니까 별 탈 없이 지나갔으면",
            "speaker": {
              "id": "1번",
              "sex": "여성",
              "age": "30대"
            },
            "speechAct": "(단언) 주장하기",
            "morpheme": "키/NNG+키/XSV+ETN+어쩌/VV+겠/EP+니/EF+./SY+뭐/IC+아주/MAG+이해/NNG+안/MAG+되/VV+는/ETM+건/NNB+JX+아니/VCN+니까/EC+별탈없이/MAG+지나갔/VV+EP+으면/EC"
          },
          {
            "id": 17,
            "text": "2 : 남편 될 분이 중간 역할을 잘하면 모두가 행복해진다 키키",
            "norm_text": "남편 될 분이 중간 역할을 잘하면 모두가 행복해진다 키키",
            "speaker": {
              "id": "2번",
              "sex": "여성",
              "age": "30대"
            },
            "speechAct": "(단언) 주장하기",
            "morpheme": "남편/NNG+될/XSV+ETM+분/NNB+이/JKS+중간/NNG+역할/NNG+을/JKO+잘/MAG+하/VV+면/EC+모두/NNG+가/JKS+행복/NNG+해진/XSA+EC+VX+ETM+다키키/NNP"
          },
          {
            "id": 18,
            "text": "1 : 그래 키키 그건 겪어봐야 아니까 오빠 성격으로 봐선 잘할 거 같긴 한데 무섭네 덜덜",
            "norm_text": "그래 키키 그건 겪어봐야 아니까 오빠 성격으로 봐선 잘할 거 같긴 한데 무섭네 덜덜",
            "speaker": {
              "id": "1번",
              "sex": "여성",
              "age": "30대"
            },
            "speechAct": "(단언) 주장하기",
            "morpheme": "그래/IC+키/NNG+키/XSV+ETN+그건/NP+JX+겪/VV+어/EC+봐야/VX+EC+아/VV+니까/EC+오빠/NNG+성격/NNG+으로/JKB+봐선/VV+EC+JX+잘/MAG+할/VV+ETM+거/NNB+같/VA+긴/ETN+JX+한데/VX+EC+무섭/VA+네/EF+덜덜/MAG"
          },
          {
            "id": 19,
            "text": "2 : 괜찮을 거야 키키",
            "norm_text": "괜찮을 거야 키키",
            "speaker": {
              "id": "2번",
              "sex": "여성",
              "age": "30대"
            },
            "speechAct": "(단언) 주장하기",
            "morpheme": "괜찮/VA+을/ETM+거/NNB+야/VCP+EF+키/NNG+키/XSV+ETN"
          },
          {
            "id": 20,
            "text": "2 : 준비하다가 모르는 거 있음 내가 다 알려줄게 키키",
            "norm_text": "준비하다가 모르는 거 있음 내가 다 알려줄게 키키",
            "speaker": {
              "id": "2번",
              "sex": "여성",
              "age": "30대"
            },
            "speechAct": "(언약) 약속하기(제3자와)/(개인적 수준)",
            "morpheme": "준비/NNG+하/XSV+다가/EC+모르/VV+는/ETM+거/NNB+있/VA+음/ETN+내/NP+가/JKS+다/MAG+알려/VV+EC+줄/VX+ETM+게/NNB+JKS+키/NNG+키/XSV+ETN"
          }
        ]
      }
    }
  ]
}