{
  "dataset": {
    "identifier": 69125,
    "name": "KAKAO_926_19_set",
    "src_path": "/data/file/cubeManager/PROJECT001/53/txt20211005155741008096/KAKAO_926_19_set/",
    "label_path": "/data/file/cubeManager/PROJECT001/53/txt20211005155741008096/KAKAO_926_19_set/",
    "category": 2,
    "type": 0
  },
  "licenses": {
    "name": "Apache License 1.0",
    "url": "http://www.apache.org/licenses/LICENSE-1.0"
  },
  "info": [
    {
      "id": 41836,
      "filename": "KAKAO_926_19.txt",
      "title": "KAKAO_926_19",
      "mediatype": "SNS",
      "medianame": "카카오톡",
      "category": "일상대화",
      "date": "2021-10-05",
      "size": 747,
      "annotations": {
        "subject": "방송/연예",
        "speaker_type": "다자간 대화",
        "size": 747,
        "word_size": 247,
        "text": "1 : 아니 근데 한통 먹으니까 확실히 비타민이라고 피부톤 밝아지긴 하더라 좀 투명해져\n2 : 에엥 그건 아닌 듯 못 느꼈는데...\n3 : 아아 그 아이유도 맞았다던 비타민 주사 나도 맞아보고 싶어 ㅠ\n1 : * 그때 너 안 봄... 연예인들도 많이 맞어\n2 : 맞아... 근데 너 하얗잖아... 왜 맞아…\n3 : 누구 말 하는 거야 나? 아님 **\n1 : 우선 우리 둘 다 아닌 듯 키키\n2 : 키키 아니 *이 엄청 하얗잖아 키키\n3 : 나? 나 노란데, 하얗다는 말 처음 들어보는구나\n1 : 아 나 말 하는 걸 거라고 살짝 기대함 키키 아 전지현 너무 이뻐\n2 : 키키 잉 ** 개하얀디 전지현 레전드지\n3 : 전지현은 왜 전지현 뭐 찍었냐 광고\n1 : 운동화 광고하시던데. 아 내가 연예인 중에 젤 이쁘다고 생각하는 사람 전지현임\n2 : 진짜 실물 한번 보고 싶음 어캐 생겼을까\n3 : 아니 연예인들은 그 나이 먹고도 어째 그렇게 예쁘냐 안 늙는 것도 신기함\n1 : 말 해 뭐해 공주님 여왕님 내 천사님\n2 : 키키 그니까 다 관리 받아서 그런 거겠즤…\n3 : 근데 받아도 세월을 피해 다닐 수 있는 겨?\n1 : 확실한 건 나는 관리 받아도 지현 언니처럼 못 될 듯\n2 : 그건 당연하지 그냥 자연의 순리대로 살래...\n3 : 그니까 괜히 보톡스 이런 거 맞지 말자\n1 : 앙 ? 난 세월이 한 두 배씩 흐르는 것 같은데 이게 순리 맞아?\n2 : 키키 두 배래 키키 * 상담 받는다며\n3 : 쌍수는 보톡스가 아니라구욧~! 근데 우린 빡세게 사니까 두 배로 흘러야 정석이지",
        "lines": [
          {
            "id": 1,
            "text": "1 : 아니 근데 한통 먹으니까 확실히 비타민이라고 피부톤 밝아지긴 하더라 좀 투명해져",
            "norm_text": "아니 근데 한통 먹으니까 확실히 비타민이라고 피부톤 밝아지긴 하더라 좀 투명해져",
            "speaker": {
              "id": "1번",
              "sex": "여성",
              "age": "20대"
            },
            "speechAct": "(단언) 진술하기",
            "morpheme": "아니/IC+근데/MAJ+한/MM+통/NNBC+먹/VV+으니까/EC+확실히/MAG+비타민/NNG+이/VCP+라고/EC+피부/NNG+톤/NNG+밝아지/VV+긴/ETN+JX+하/VX+더라/EC+좀/MAG+투명/NNG+해져/XSA+EC+VX+EC"
          },
          {
            "id": 2,
            "text": "2 : 에엥 그건 아닌 듯 못 느꼈는데...",
            "norm_text": "에엥 그건 아닌 듯 못 느꼈는데...",
            "speaker": {
              "id": "2번",
              "sex": "여성",
              "age": "20대"
            },
            "speechAct": "(단언) 주장하기",
            "morpheme": "에엥/IC+그건/NP+JX+아닌/VCN+ETM+듯/NNB+못/MAG+느꼈/VV+EP+는데/EC+./SY+./SY"
          },
          {
            "id": 3,
            "text": "3 : 아아 그 아이유도 맞았다던 비타민 주사 나도 맞아보고 싶어 ㅠ",
            "norm_text": "아아 그 아이유도 맞았다던 비타민 주사 나도 맞아보고 싶어 ㅠ",
            "speaker": {
              "id": "3번",
              "sex": "여성",
              "age": "20대"
            },
            "speechAct": "(단언) 주장하기",
            "morpheme": "아아/IC+그/MM+아이유/NNG+도/JX+맞/VV+았/EP+다던/ETM+비타민/NNG+주사/NNG+나/NP+도/JX+맞/VV+아/EC+보/VX+고/EC+싶/VX+어/EC+ㅠ/UNKNOWN"
          },
          {
            "id": 4,
            "text": "1 : * 그때 너 안 봄... 연예인들도 많이 맞어",
            "norm_text": "* 그때 너 안 봄... 연예인들도 많이 맞어",
            "speaker": {
              "id": "1번",
              "sex": "여성",
              "age": "20대"
            },
            "speechAct": "(단언) 진술하기",
            "morpheme": "*/SY+그때/NNG+너/NP+안/MAG+봄/VV+ETN+./SY+연예인/NNG+들/XSN+도/JX+많이/MAG+맞/VV+어/EC"
          },
          {
            "id": 5,
            "text": "2 : 맞아... 근데 너 하얗잖아... 왜 맞아…",
            "norm_text": "맞아... 근데 너 하얗잖아... 왜 맞아…",
            "speaker": {
              "id": "2번",
              "sex": "여성",
              "age": "20대"
            },
            "speechAct": "(단언) 진술하기",
            "morpheme": "맞/VV+아/EF+./SY+근데/MAJ+너/NP+하얗/VA+잖아/EF+./SY+왜/MAG+맞/VV+아/EC+…/SE"
          },
          {
            "id": 6,
            "text": "3 : 누구 말 하는 거야 나? 아님 **",
            "norm_text": "누구 말 하는 거야 나? 아님 **",
            "speaker": {
              "id": "3번",
              "sex": "여성",
              "age": "20대"
            },
            "speechAct": "(지시) 질문하기",
            "morpheme": "누구/NP+말/NNG+하/XSV+는/ETM+거/NNB+야/VCP+EF+나/NP+아님/VCN+ETN+*/SY+*/SY"
          },
          {
            "id": 7,
            "text": "1 : 우선 우리 둘 다 아닌 듯 키키",
            "norm_text": "우선 우리 둘 다 아닌 듯 키키",
            "speaker": {
              "id": "1번",
              "sex": "여성",
              "age": "20대"
            },
            "speechAct": "(단언) 주장하기",
            "morpheme": "우선/MAG+우리/NP+둘/NR+다/MAG+아닌/VCN+ETM+듯/NNB+키/NNG+키/XSV+ETN"
          },
          {
            "id": 8,
            "text": "2 : 키키 아니 *이 엄청 하얗잖아 키키",
            "norm_text": "키키 아니 *이 엄청 하얗잖아 키키",
            "speaker": {
              "id": "2번",
              "sex": "여성",
              "age": "20대"
            },
            "speechAct": "(단언) 진술하기",
            "morpheme": "키/NNG+키/XSV+ETN+아니/VCN+*/SY+이/JKS+엄청/MAG+하얗/VA+잖아/EC+키/NNG+키/XSV+ETN"
          },
          {
            "id": 9,
            "text": "3 : 나? 나 노란데, 하얗다는 말 처음 들어보는구나",
            "norm_text": "나? 나 노란데, 하얗다는 말 처음 들어보는구나",
            "speaker": {
              "id": "3번",
              "sex": "여성",
              "age": "20대"
            },
            "speechAct": "(단언) 주장하기",
            "morpheme": "나/NP+나/NP+노란/VA+ETM+데/NNB+,/SC+하얗/VA+다는/ETM+말/NNG+처음/NNG+들/VV+어/EC+보/VX+는구나/EC"
          },
          {
            "id": 10,
            "text": "1 : 아 나 말 하는 걸 거라고 살짝 기대함 키키 아 전지현 너무 이뻐",
            "norm_text": "아 나 말 하는 걸 거라고 살짝 기대함 키키 아 전지현 너무 이뻐",
            "speaker": {
              "id": "1번",
              "sex": "여성",
              "age": "20대"
            },
            "speechAct": "(단언) 주장하기",
            "morpheme": "아/IC+나말/NNG+하/XSV+는/ETM+걸/NNB+JKO+거/NNB+라고/VCP+EC+살짝/MAG+기대/NNG+함/XSV+ETN+키/NNG+키/NNG+아전/NNG+지현/NNG+너무/MAG+이뻐/VA+EC"
          },
          {
            "id": 11,
            "text": "2 : 키키 잉 ** 개하얀디 전지현 레전드지",
            "norm_text": "키키 잉 ** 개하얀디 전지현 레전드지",
            "speaker": {
              "id": "2번",
              "sex": "여성",
              "age": "20대"
            },
            "speechAct": "(단언) 주장하기",
            "morpheme": "키/NNG+키잉/NNG+*/SY+*/SY+개하얀디전지현레전드지/UNKNOWN"
          },
          {
            "id": 12,
            "text": "3 : 전지현은 왜 전지현 뭐 찍었냐 광고",
            "norm_text": "전지현은 왜 전지현 뭐 찍었냐 광고",
            "speaker": {
              "id": "3번",
              "sex": "여성",
              "age": "20대"
            },
            "speechAct": "(단언) 주장하기",
            "morpheme": "전지현/NNP+은/JX+왜/MAG+전지현/NNP+뭐/IC+찍/VV+었/EP+냐/EC+광고/NNG"
          },
          {
            "id": 13,
            "text": "1 : 운동화 광고하시던데. 아 내가 연예인 중에 젤 이쁘다고 생각하는 사람 전지현임",
            "norm_text": "운동화 광고하시던데. 아 내가 연예인 중에 젤 이쁘다고 생각하는 사람 전지현임",
            "speaker": {
              "id": "1번",
              "sex": "여성",
              "age": "20대"
            },
            "speechAct": "(단언) 주장하기",
            "morpheme": "운동/NNG+화/XSN+광고/NNG+하/XSV+시/EP+던데/EF+아내/NNG+가/JKS+연예인/NNG+중/NNB+에/JKB+젤/MAG+이쁘/VA+다고/EC+생각/NNG+하/XSV+는/ETM+사람/NNG+전지/NNG+현임/NNG"
          },
          {
            "id": 14,
            "text": "2 : 진짜 실물 한번 보고 싶음 어캐 생겼을까",
            "norm_text": "진짜 실물 한번 보고 싶음 어캐 생겼을까",
            "speaker": {
              "id": "2번",
              "sex": "여성",
              "age": "20대"
            },
            "speechAct": "(단언) 주장하기",
            "morpheme": "진짜/MAG+실물/NNG+한/MM+번/NNBC+보/VV+고/EC+싶/VX+음/ETN+어/EC+캐/VV+EC+생겼을까/VV+EP+EC"
          },
          {
            "id": 15,
            "text": "3 : 아니 연예인들은 그 나이 먹고도 어째 그렇게 예쁘냐 안 늙는 것도 신기함",
            "norm_text": "아니 연예인들은 그 나이 먹고도 어째 그렇게 예쁘냐 안 늙는 것도 신기함",
            "speaker": {
              "id": "3번",
              "sex": "여성",
              "age": "20대"
            },
            "speechAct": "(단언) 주장하기",
            "morpheme": "아니/IC+연예인/NNG+들/XSN+은/JX+그/MM+나이/NNG+먹/VV+고/EC+도/JX+어째/MAG+XSV+EC+그렇게/MAG+예쁘/VA+냐/EC+안/MAG+늙/VV+는/ETM+것/NNB+도/JX+신기/XR+함/XSA+ETN"
          },
          {
            "id": 16,
            "text": "1 : 말 해 뭐해 공주님 여왕님 내 천사님",
            "norm_text": "말 해 뭐해 공주님 여왕님 내 천사님",
            "speaker": {
              "id": "1번",
              "sex": "여성",
              "age": "20대"
            },
            "speechAct": "(단언) 주장하기",
            "morpheme": "말/NNG+해/XSV+EC+뭐/IC+해/VV+EC+공주/NNG+님/XSN+여왕/NNG+님/XSN+내/NP+JKG+천사/NNG+님/XSN"
          },
          {
            "id": 17,
            "text": "2 : 키키 그니까 다 관리 받아서 그런 거겠즤…",
            "norm_text": "키키 그니까 다 관리 받아서 그런 거겠즤…",
            "speaker": {
              "id": "2번",
              "sex": "여성",
              "age": "20대"
            },
            "speechAct": "(단언) 주장하기",
            "morpheme": "키키그니까다관리받아서그런거겠즤/UNKNOWN+…/SE"
          },
          {
            "id": 18,
            "text": "3 : 근데 받아도 세월을 피해 다닐 수 있는 겨?",
            "norm_text": "근데 받아도 세월을 피해 다닐 수 있는 겨?",
            "speaker": {
              "id": "3번",
              "sex": "여성",
              "age": "20대"
            },
            "speechAct": "(지시) 질문하기",
            "morpheme": "근데/MAJ+받/VV+아도/EC+세월/NNG+을/JKO+피해/VV+EC+다닐/VV+ETM+수/NNB+있/VV+는겨/EF"
          },
          {
            "id": 19,
            "text": "1 : 확실한 건 나는 관리 받아도 지현 언니처럼 못 될 듯",
            "norm_text": "확실한 건 나는 관리 받아도 지현 언니처럼 못 될 듯",
            "speaker": {
              "id": "1번",
              "sex": "여성",
              "age": "20대"
            },
            "speechAct": "(단언) 주장하기",
            "morpheme": "확실/XR+한/XSA+ETM+건/NNB+JX+나/NP+는/JX+관리/NNG+받/VV+아도/EC+지현/NNG+언니/NNG+처럼/JKB+못/MAG+될/VV+ETM+듯/NNB"
          },
          {
            "id": 20,
            "text": "2 : 그건 당연하지 그냥 자연의 순리대로 살래...",
            "norm_text": "그건 당연하지 그냥 자연의 순리대로 살래...",
            "speaker": {
              "id": "2번",
              "sex": "여성",
              "age": "20대"
            },
            "speechAct": "(단언) 주장하기",
            "morpheme": "그건/NP+JX+당연/XR+하/XSA+지/EC+그냥/MAG+자연/NNG+의/JKG+순리/NNG+대로/JKB+살래/VV+EF+./SY"
          },
          {
            "id": 21,
            "text": "3 : 그니까 괜히 보톡스 이런 거 맞지 말자",
            "norm_text": "그니까 괜히 보톡스 이런 거 맞지 말자",
            "speaker": {
              "id": "3번",
              "sex": "여성",
              "age": "20대"
            },
            "speechAct": "(지시) 충고/제안하기",
            "morpheme": "그니까/MAJ+괜히/MAG+보톡스/NNP+이런/MM+거/NNB+맞/VV+지/EC+말/VX+자/EC"
          },
          {
            "id": 22,
            "text": "1 : 앙 ? 난 세월이 한 두 배씩 흐르는 것 같은데 이게 순리 맞아?",
            "norm_text": "앙 ? 난 세월이 한 두 배씩 흐르는 것 같은데 이게 순리 맞아?",
            "speaker": {
              "id": "1번",
              "sex": "여성",
              "age": "20대"
            },
            "speechAct": "(지시) 질문하기",
            "morpheme": "앙/IC+난/NP+JX+세월/NNG+이/JKS+한두/MM+배/NNBC+씩/XSN+흐르/VV+는/ETM+것/NNB+같/VA+은데/EC+이게/NP+JKS+순리/NNG+맞/VV+아/EF"
          },
          {
            "id": 23,
            "text": "2 : 키키 두 배래 키키 * 상담 받는다며",
            "norm_text": "키키 두 배래 키키 * 상담 받는다며",
            "speaker": {
              "id": "2번",
              "sex": "여성",
              "age": "20대"
            },
            "speechAct": "(단언) 주장하기",
            "morpheme": "키/NNG+키/XSV+ETN+두/JX+배래/NNG+키/NNG+키/XSV+ETN+*/SY+상담/NNG+받/VV+는다며/EC"
          },
          {
            "id": 24,
            "text": "3 : 쌍수는 보톡스가 아니라구욧~! 근데 우린 빡세게 사니까 두 배로 흘러야 정석이지",
            "norm_text": "쌍수는 보톡스가 아니라구욧~! 근데 우린 빡세게 사니까 두 배로 흘러야 정석이지",
            "speaker": {
              "id": "3번",
              "sex": "여성",
              "age": "20대"
            },
            "speechAct": "(단언) 주장하기",
            "morpheme": "쌍수는보톡스가아니라구욧/UNKNOWN+~/SY+근데우린빡세게사니까두배로흘러야정석이지/UNKNOWN"
          }
        ]
      }
    }
  ]
}