{
  "dataset": {
    "identifier": 49957,
    "name": "KAKAO_978_13_set",
    "src_path": "/data/file/cubeManager/PROJECT001/53/txt20211006134438076838/KAKAO_978_13_set/",
    "label_path": "/data/file/cubeManager/PROJECT001/53/txt20211006134438076838/KAKAO_978_13_set/",
    "category": 2,
    "type": 0
  },
  "licenses": {
    "name": "Apache License 1.0",
    "url": "http://www.apache.org/licenses/LICENSE-1.0"
  },
  "info": [
    {
      "id": 43073,
      "filename": "KAKAO_978_13.txt",
      "title": "KAKAO_978_13",
      "mediatype": "SNS",
      "medianame": "카카오톡",
      "category": "일상대화",
      "date": "2021-10-06",
      "size": 538,
      "annotations": {
        "subject": "계절/날씨",
        "speaker_type": "1:1",
        "size": 538,
        "word_size": 181,
        "text": "1 : 오늘 완전 가을이더라 이제 가을 옷 사야겠어 ㅎ\n2 : 키키 작년 가을엔 뭐 입었지? 매년 이렇게 사고 또 사고…\n1 : 그러니까 키키 지그재그는 벌써 자켓 천국이더라고\n2 : 아 나도 키키 어제 백화점 갔는데 진짜 가을옷 팔더라\n1 : 백화점 키키 벌써 그냥 패딩 팔던데?\n2 : ㄹㅇ 티비에선 후리스 팔더라고 키키\n2 : 난 뭐 사지?\n1 : 너 작년에 안 샀어?\n1 : 뭐 입고 다니는 거 같더만?\n2 : 아 그거 동생 꺼 ㅋ 뺏어 입음 키키\n2 : 카이가 선전하는 거 사고 싶은데\n1 : 카이 선전… 아 아이유 나오는 거? 따뜻해 보이더라 키키\n2 : 응응 브랜드는 기억이 안 나네 근데 비싼 브랜드였던 듯\n1 : 왜 돈 벌어도 겨울 아우터는 사는 게 손 떨리지?\n2 : 아 그니까 얼마나 벌어야… 키키 백화점에서 아우터 사보지?\n1 : 키키 백화점 브랜드 꺼 입긴 하잖아?\n2 : 응응 근데 이월~ 아울렛~ 사랑해~ 키키\n2 : 겨울 아우터는 어쩔 수 없는 듯 ㅠ\n1 : 맞아 ㅠ 난 롱패딩 새로 사고 싶은데 올해는 춥지 않을까\n2 : 난 숏패딩… 작년에 샀는데 또 사고 싶네 ㅠ",
        "lines": [
          {
            "id": 1,
            "text": "1 : 오늘 완전 가을이더라 이제 가을 옷 사야겠어 ㅎ",
            "norm_text": "오늘 완전 가을이더라 이제 가을 옷 사야겠어 ㅎ",
            "speaker": {
              "id": "1번",
              "sex": "여성",
              "age": "20대"
            },
            "speechAct": "(단언) 진술하기",
            "morpheme": "오늘/MAG+완전/MAG+가을/NNG+이/VCP+더라/EF+이제/MAG+가을/NNG+옷/NNG+사/VV+야/EC+VX+겠/EP+어/EF+ㅎ/XSA"
          },
          {
            "id": 2,
            "text": "2 : 키키 작년 가을엔 뭐 입었지? 매년 이렇게 사고 또 사고…",
            "norm_text": "키키 작년 가을엔 뭐 입었지? 매년 이렇게 사고 또 사고…",
            "speaker": {
              "id": "2번",
              "sex": "여성",
              "age": "20대"
            },
            "speechAct": "(지시) 질문하기",
            "morpheme": "키/NNG+키/NNG+작년/NNG+가을/NNG+엔/JKB+JX+뭐/NP+입/VV+었/EP+지/EF+매년/MAG+이렇게/MAG+사/VV+고/EC+또/MAG+사/VV+고/EC+…/SE"
          },
          {
            "id": 3,
            "text": "1 : 그러니까 키키 지그재그는 벌써 자켓 천국이더라고",
            "norm_text": "그러니까 키키 지그재그는 벌써 자켓 천국이더라고",
            "speaker": {
              "id": "1번",
              "sex": "여성",
              "age": "20대"
            },
            "speechAct": "(단언) 주장하기",
            "morpheme": "그러니까/MAJ+키/NNG+키/NNG+지그재그/NNG+는/JX+벌써/MAG+자켓/NNG+천국/NNG+이/VCP+더라고/EC"
          },
          {
            "id": 4,
            "text": "2 : 아 나도 키키 어제 백화점 갔는데 진짜 가을옷 팔더라",
            "norm_text": "아 나도 키키 어제 백화점 갔는데 진짜 가을옷 팔더라",
            "speaker": {
              "id": "2번",
              "sex": "여성",
              "age": "20대"
            },
            "speechAct": "(단언) 진술하기",
            "morpheme": "아/IC+나/NP+도/JX+키/NNG+키/NNG+어제/NNG+백화점/NNG+갔/VV+EP+는데/EC+진짜/MAG+가을/NNG+옷/NNG+팔/VV+더라/EC"
          },
          {
            "id": 5,
            "text": "1 : 백화점 키키 벌써 그냥 패딩 팔던데?",
            "norm_text": "백화점 키키 벌써 그냥 패딩 팔던데?",
            "speaker": {
              "id": "1번",
              "sex": "여성",
              "age": "20대"
            },
            "speechAct": "(단언) 진술하기",
            "morpheme": "백화점/NNG+키/NNG+키/XSV+ETN+벌써/MAG+그냥/MAG+패딩/NNG+팔/VV+던데/EF"
          },
          {
            "id": 6,
            "text": "2 : ㄹㅇ 티비에선 후리스 팔더라고 키키",
            "norm_text": "ㄹㅇ 티비에선 후리스 팔더라고 키키",
            "speaker": {
              "id": "2번",
              "sex": "여성",
              "age": "20대"
            },
            "speechAct": "(단언) 진술하기",
            "morpheme": "ㄹㅇ/UNKNOWN+티비/NNG+에선/JKB+JX+후/NNG+리스/NNG+팔/VV+더라고/EC+키/NNG+키/XSV+ETN"
          },
          {
            "id": 7,
            "text": "2 : 난 뭐 사지?",
            "norm_text": "난 뭐 사지?",
            "speaker": {
              "id": "2번",
              "sex": "여성",
              "age": "20대"
            },
            "speechAct": "(지시) 질문하기",
            "morpheme": "난/NP+JX+뭐/NP+사/VV+지/EF"
          },
          {
            "id": 8,
            "text": "1 : 너 작년에 안 샀어?",
            "norm_text": "너 작년에 안 샀어?",
            "speaker": {
              "id": "1번",
              "sex": "여성",
              "age": "20대"
            },
            "speechAct": "(지시) 질문하기",
            "morpheme": "너/NP+작년/NNG+에/JKB+안/MAG+샀/VV+EP+어/EF"
          },
          {
            "id": 9,
            "text": "1 : 뭐 입고 다니는 거 같더만?",
            "norm_text": "뭐 입고 다니는 거 같더만?",
            "speaker": {
              "id": "1번",
              "sex": "여성",
              "age": "20대"
            },
            "speechAct": "(단언) 진술하기",
            "morpheme": "뭐/IC+입/VV+고/EC+다니/VV+는/ETM+거/NNB+같/VA+더만/EF"
          },
          {
            "id": 10,
            "text": "2 : 아 그거 동생 꺼 ㅋ 뺏어 입음 키키",
            "norm_text": "아 그거 동생 꺼 ㅋ 뺏어 입음 키키",
            "speaker": {
              "id": "2번",
              "sex": "여성",
              "age": "20대"
            },
            "speechAct": "(단언) 진술하기",
            "morpheme": "아/IC+그거/NP+동생/NNG+꺼ㅋ/UNKNOWN+뺏/VV+어/EC+입음/NNG+키/NNG+키/XSV+ETN"
          },
          {
            "id": 11,
            "text": "2 : 카이가 선전하는 거 사고 싶은데",
            "norm_text": "카이가 선전하는 거 사고 싶은데",
            "speaker": {
              "id": "2번",
              "sex": "여성",
              "age": "20대"
            },
            "speechAct": "(단언) 진술하기",
            "morpheme": "카이/NNP+가/JKS+선전/NNG+하/XSV+는/ETM+거/NNB+사/VV+고/EC+싶/VX+은데/EC"
          },
          {
            "id": 12,
            "text": "1 : 카이 선전… 아 아이유 나오는 거? 따뜻해 보이더라 키키",
            "norm_text": "카이 선전… 아 아이유 나오는 거? 따뜻해 보이더라 키키",
            "speaker": {
              "id": "1번",
              "sex": "여성",
              "age": "20대"
            },
            "speechAct": "(단언) 진술하기",
            "morpheme": "카이/NNP+선전/NNG+…/SE+아아/IC+이유/NNG+나오/VV+는/ETM+거/NNB+따뜻/XR+해/XSA+EC+보이/VV+더라/EC+키/NNG+키/XSV+ETN"
          },
          {
            "id": 13,
            "text": "2 : 응응 브랜드는 기억이 안 나네 근데 비싼 브랜드였던 듯",
            "norm_text": "응응 브랜드는 기억이 안 나네 근데 비싼 브랜드였던 듯",
            "speaker": {
              "id": "2번",
              "sex": "여성",
              "age": "20대"
            },
            "speechAct": "(단언) 진술하기",
            "morpheme": "응/IC+응/IC+브랜드/NNG+는/JX+기억/NNG+이/JKS+안/MAG+나/VV+네/EF+근데/MAJ+비싼/VA+ETM+브랜드/NNG+였/VCP+EP+던/ETM+듯/NNB"
          },
          {
            "id": 14,
            "text": "1 : 왜 돈 벌어도 겨울 아우터는 사는 게 손 떨리지?",
            "norm_text": "왜 돈 벌어도 겨울 아우터는 사는 게 손 떨리지?",
            "speaker": {
              "id": "1번",
              "sex": "여성",
              "age": "20대"
            },
            "speechAct": "(단언) 주장하기",
            "morpheme": "왜/MAG+돈/NNG+벌/VV+어도/EC+겨울/NNG+아우/NNG+터/NNG+는/JX+사/VV+는/ETM+게/NNB+JKS+손/NNG+떨리/VV+지/EF"
          },
          {
            "id": 15,
            "text": "2 : 아 그니까 얼마나 벌어야… 키키 백화점에서 아우터 사보지?",
            "norm_text": "아 그니까 얼마나 벌어야… 키키 백화점에서 아우터 사보지?",
            "speaker": {
              "id": "2번",
              "sex": "여성",
              "age": "20대"
            },
            "speechAct": "(지시) 질문하기",
            "morpheme": "아/IC+그니까/MAJ+얼마나/MAG+벌/VV+어야/EC+…/SE+키/NNG+키/NNG+백화점/NNG+에서/JKB+아우/IC+터/NNG+사/VV+EC+보/VX+지/EF"
          },
          {
            "id": 16,
            "text": "1 : 키키 백화점 브랜드 꺼 입긴 하잖아?",
            "norm_text": "키키 백화점 브랜드 꺼 입긴 하잖아?",
            "speaker": {
              "id": "1번",
              "sex": "여성",
              "age": "20대"
            },
            "speechAct": "(지시) 질문하기",
            "morpheme": "키/NNG+키/NNG+백화점/NNG+브랜드/NNG+꺼/VV+EC+입/VV+긴/ETN+JX+하/VX+잖아/EF"
          },
          {
            "id": 17,
            "text": "2 : 응응 근데 이월~ 아울렛~ 사랑해~ 키키",
            "norm_text": "응응 근데 이월~ 아울렛~ 사랑해~ 키키",
            "speaker": {
              "id": "2번",
              "sex": "여성",
              "age": "20대"
            },
            "speechAct": "(단언) 진술하기",
            "morpheme": "응/IC+응/IC+근데/MAJ+이월/NNG+~/SY+아울렛/NNG+~/SY+사랑/NNG+해/XSV+EC+~/SY+키/NNG+키/XSV+ETN"
          },
          {
            "id": 18,
            "text": "2 : 겨울 아우터는 어쩔 수 없는 듯 ㅠ",
            "norm_text": "겨울 아우터는 어쩔 수 없는 듯 ㅠ",
            "speaker": {
              "id": "2번",
              "sex": "여성",
              "age": "20대"
            },
            "speechAct": "(단언) 주장하기",
            "morpheme": "겨울/NNG+아우/NNG+터/NNG+는/JX+어쩔/VV+ETM+수/NNB+없/VA+는/ETM+듯ㅠ/UNKNOWN"
          },
          {
            "id": 19,
            "text": "1 : 맞아 ㅠ 난 롱패딩 새로 사고 싶은데 올해는 춥지 않을까",
            "norm_text": "맞아 ㅠ 난 롱패딩 새로 사고 싶은데 올해는 춥지 않을까",
            "speaker": {
              "id": "1번",
              "sex": "여성",
              "age": "20대"
            },
            "speechAct": "(지시) 질문하기",
            "morpheme": "맞/VV+아/EC+ㅠ난/UNKNOWN+롱/NNG+패딩/NNG+새로/MAG+사/VV+고/EC+싶/VX+은데/EC+올해/NNG+는/JX+춥/VA+지/EC+않/VX+을까/EC"
          },
          {
            "id": 20,
            "text": "2 : 난 숏패딩… 작년에 샀는데 또 사고 싶네 ㅠ",
            "norm_text": "난 숏패딩… 작년에 샀는데 또 사고 싶네 ㅠ",
            "speaker": {
              "id": "2번",
              "sex": "여성",
              "age": "20대"
            },
            "speechAct": "(단언) 주장하기",
            "morpheme": "난/NP+JX+숏/NNG+패딩/NNG+…/SE+작년/NNG+에/JKB+샀/VV+EP+는데/EC+또/MAG+사/VV+고/EC+싶/VX+네/EF+ㅠ/UNKNOWN"
          }
        ]
      }
    }
  ]
}