{
  "dataset": {
    "identifier": 58190,
    "name": "KAKAO_992_01_set",
    "src_path": "/data/file/cubeManager/PROJECT001/53/txt20211006135012046266/KAKAO_992_01_set/",
    "label_path": "/data/file/cubeManager/PROJECT001/53/txt20211006135012046266/KAKAO_992_01_set/",
    "category": 2,
    "type": 0
  },
  "licenses": {
    "name": "Apache License 1.0",
    "url": "http://www.apache.org/licenses/LICENSE-1.0"
  },
  "info": [
    {
      "id": 43722,
      "filename": "KAKAO_992_01.txt",
      "title": "KAKAO_992_01",
      "mediatype": "SNS",
      "medianame": "카카오톡",
      "category": "일상대화",
      "date": "2021-10-06",
      "size": 463,
      "annotations": {
        "subject": "식음료",
        "speaker_type": "1:1",
        "size": 463,
        "word_size": 164,
        "text": "1 : 야식은 자주 먹는 편임? 키키\n2 : 아니 키키 야식 별로 안 좋아해서 키키\n1 : 키키 나도 별로 안 좋아함\n1 : 요새 속이 안 좋음\n2 : 맞제 아 소화기관이 이제 안 좋나 봐\n1 : 이제 늙었나 봄 키키\n2 : 키키 진짜 그런가 봐 키키 요즘 계속 체해\n1 : 어라? 니는 왜 그러노?\n2 : 급하게 먹어도 체하고 먹고 바로 누워도 체하고 키키\n1 : 왜 그러지?\n1 : 어디 아픈 거 아님?\n2 : 위장이 약하대 키키 예전엔 이 정도까진 아니었는데 키키\n1 : 아? 원래 선천적으로 약한 거야?\n2 : 응 키키 어렸을 때부터 잘 체하긴 했어 키키\n1 : 키키 닌 진짜 먹는 거 조심해야겠다\n2 : 요즘은 아주 그냥 습관처럼 체해서 피곤...\n2 : 어제 저녁에도 체함 키키\n1 : 와... 어제는 또 왜 ㅜㅜ\n2 : 먹고 바로 누워서 키키\n1 : 아... 뭐야 키키 왜 바로 눕노\n2 : 키키 요즘 먹는 게 숙제다 키키\n2 : 먹고 나면 힘들어 키키",
        "lines": [
          {
            "id": 1,
            "text": "1 : 야식은 자주 먹는 편임? 키키",
            "norm_text": "야식은 자주 먹는 편임? 키키",
            "speaker": {
              "id": "1번",
              "sex": "남성",
              "age": "20대"
            },
            "speechAct": "(지시) 질문하기",
            "morpheme": "야식/NNG+은/JX+자주/MAG+먹/VV+는/ETM+편/NNB+임/VCP+ETN+키/NNG+키/XSV+ETN"
          },
          {
            "id": 2,
            "text": "2 : 아니 키키 야식 별로 안 좋아해서 키키",
            "norm_text": "아니 키키 야식 별로 안 좋아해서 키키",
            "speaker": {
              "id": "2번",
              "sex": "여성",
              "age": "20대"
            },
            "speechAct": "(단언) 주장하기",
            "morpheme": "아니키/NNP+키/NNG+야식/NNG+별로/MAG+안/MAG+좋/VA+아/EC+해서/VV+EC+키/NNG+키/XSV+ETN"
          },
          {
            "id": 3,
            "text": "1 : 키키 나도 별로 안 좋아함",
            "norm_text": "키키 나도 별로 안 좋아함",
            "speaker": {
              "id": "1번",
              "sex": "남성",
              "age": "20대"
            },
            "speechAct": "(단언) 주장하기",
            "morpheme": "키/NNG+키나/XSA+ETN+JX+도/JX+별로/MAG+안/MAG+좋아함/VV+ETN"
          },
          {
            "id": 4,
            "text": "1 : 요새 속이 안 좋음",
            "norm_text": "요새 속이 안 좋음",
            "speaker": {
              "id": "1번",
              "sex": "남성",
              "age": "20대"
            },
            "speechAct": "(단언) 진술하기",
            "morpheme": "요새/NNG+속/NNG+이/JKS+안/MAG+좋/VA+음/ETN"
          },
          {
            "id": 5,
            "text": "2 : 맞제 아 소화기관이 이제 안 좋나 봐",
            "norm_text": "맞제 아 소화기관이 이제 안 좋나 봐",
            "speaker": {
              "id": "2번",
              "sex": "여성",
              "age": "20대"
            },
            "speechAct": "(단언) 주장하기",
            "morpheme": "맞/VV+제/EC+아소/NNG+화/XSN+기관/NNG+이/JKS+이제/MAG+안/MAG+좋/VA+나/EC+봐/VX+EC"
          },
          {
            "id": 6,
            "text": "1 : 이제 늙었나 봄 키키",
            "norm_text": "이제 늙었나 봄 키키",
            "speaker": {
              "id": "1번",
              "sex": "남성",
              "age": "20대"
            },
            "speechAct": "(단언) 주장하기",
            "morpheme": "이제/MAG+늙/VV+었/EP+나/EC+봄/NNG+키/NNG+키/XSV+ETN"
          },
          {
            "id": 7,
            "text": "2 : 키키 진짜 그런가 봐 키키 요즘 계속 체해",
            "norm_text": "키키 진짜 그런가 봐 키키 요즘 계속 체해",
            "speaker": {
              "id": "2번",
              "sex": "여성",
              "age": "20대"
            },
            "speechAct": "(단언) 진술하기",
            "morpheme": "키/NNG+키/XSV+ETN+진짜/MAG+그런가/VA+EC+봐/VX+EF+키키/NNP+요즘/NNG+계속/MAG+체해/VV+EC"
          },
          {
            "id": 8,
            "text": "1 : 어라? 니는 왜 그러노?",
            "norm_text": "어라? 니는 왜 그러노?",
            "speaker": {
              "id": "1번",
              "sex": "남성",
              "age": "20대"
            },
            "speechAct": "(지시) 질문하기",
            "morpheme": "어라/IC+니/NP+는/JX+왜/MAG+그러/VV+노/EF"
          },
          {
            "id": 9,
            "text": "2 : 급하게 먹어도 체하고 먹고 바로 누워도 체하고 키키",
            "norm_text": "급하게 먹어도 체하고 먹고 바로 누워도 체하고 키키",
            "speaker": {
              "id": "2번",
              "sex": "여성",
              "age": "20대"
            },
            "speechAct": "(단언) 진술하기",
            "morpheme": "급하/VA+게/EC+먹/VV+어도/EC+체하/VX+고/EC+먹/VV+고/EC+바로/MAG+누워도/VV+EC+체하/VX+고/EC+키/NNG+키/XSV+ETN"
          },
          {
            "id": 10,
            "text": "1 : 왜 그러지?",
            "norm_text": "왜 그러지?",
            "speaker": {
              "id": "1번",
              "sex": "남성",
              "age": "20대"
            },
            "speechAct": "(지시) 질문하기",
            "morpheme": "왜/MAG+그러/VV+지/EF"
          },
          {
            "id": 11,
            "text": "1 : 어디 아픈 거 아님?",
            "norm_text": "어디 아픈 거 아님?",
            "speaker": {
              "id": "1번",
              "sex": "남성",
              "age": "20대"
            },
            "speechAct": "(지시) 질문하기",
            "morpheme": "어디/NP+아픈/VA+ETM+거/NNB+아님/VCN+ETN"
          },
          {
            "id": 12,
            "text": "2 : 위장이 약하대 키키 예전엔 이 정도까진 아니었는데 키키",
            "norm_text": "위장이 약하대 키키 예전엔 이 정도까진 아니었는데 키키",
            "speaker": {
              "id": "2번",
              "sex": "여성",
              "age": "20대"
            },
            "speechAct": "(단언) 진술하기",
            "morpheme": "위장/NNG+이/JKS+약하/VA+대/EF+키키/NNP+예전/NNG+엔/JKB+JX+이/MM+정도/NNG+까진/JX+JX+아니/VCN+었/EP+는데/EC+키/NNG+키/XSV+ETN"
          },
          {
            "id": 13,
            "text": "1 : 아? 원래 선천적으로 약한 거야?",
            "norm_text": "아? 원래 선천적으로 약한 거야?",
            "speaker": {
              "id": "1번",
              "sex": "남성",
              "age": "20대"
            },
            "speechAct": "(지시) 질문하기",
            "morpheme": "아/IC+원래/MAG+선천/NNG+적/XSN+으로/JKB+약한/VA+ETM+거/NNB+야/VCP+EF"
          },
          {
            "id": 14,
            "text": "2 : 응 키키 어렸을 때부터 잘 체하긴 했어 키키",
            "norm_text": "응 키키 어렸을 때부터 잘 체하긴 했어 키키",
            "speaker": {
              "id": "2번",
              "sex": "여성",
              "age": "20대"
            },
            "speechAct": "(단언) 진술하기",
            "morpheme": "응/IC+키/NNG+키/XSV+ETN+어렸/VA+EP+을/ETM+때/NNG+부터/JX+잘/MAG+체하/VV+긴/ETN+JX+했/VX+EP+어/EC+키/NNG+키/XSV+ETN"
          },
          {
            "id": 15,
            "text": "1 : 키키 닌 진짜 먹는 거 조심해야겠다",
            "norm_text": "키키 닌 진짜 먹는 거 조심해야겠다",
            "speaker": {
              "id": "1번",
              "sex": "남성",
              "age": "20대"
            },
            "speechAct": "(단언) 주장하기",
            "morpheme": "키/NNG+키닌/NNG+진짜/MAG+먹/VV+는/ETM+거/NNB+조심/NNG+해야/XSV+EC+VX+겠/EP+다/EC"
          },
          {
            "id": 16,
            "text": "2 : 요즘은 아주 그냥 습관처럼 체해서 피곤...",
            "norm_text": "요즘은 아주 그냥 습관처럼 체해서 피곤...",
            "speaker": {
              "id": "2번",
              "sex": "여성",
              "age": "20대"
            },
            "speechAct": "(단언) 주장하기",
            "morpheme": "요즘/NNG+은/JX+아주/MAG+그냥/MAG+습관/NNG+처럼/JKB+체해서/VV+EC+피곤/NNG+./SY+./SY"
          },
          {
            "id": 17,
            "text": "2 : 어제 저녁에도 체함 키키",
            "norm_text": "어제 저녁에도 체함 키키",
            "speaker": {
              "id": "2번",
              "sex": "여성",
              "age": "20대"
            },
            "speechAct": "(단언) 진술하기",
            "morpheme": "어제/MAG+저녁/NNG+에/JKB+도체/NNG+함/XSV+ETN+키/NNG+키/XSV+ETN"
          },
          {
            "id": 18,
            "text": "1 : 와... 어제는 또 왜 ㅜㅜ",
            "norm_text": "와... 어제는 또 왜 ㅜㅜ",
            "speaker": {
              "id": "1번",
              "sex": "남성",
              "age": "20대"
            },
            "speechAct": "(지시) 질문하기",
            "morpheme": "와/IC+./SY+어제는또왜ㅜㅜ/UNKNOWN"
          },
          {
            "id": 19,
            "text": "2 : 먹고 바로 누워서 키키",
            "norm_text": "먹고 바로 누워서 키키",
            "speaker": {
              "id": "2번",
              "sex": "여성",
              "age": "20대"
            },
            "speechAct": "(단언) 진술하기",
            "morpheme": "먹/VV+고/EC+바로/MAG+누워서/VV+EC+키/NNG+키/XSV+ETN"
          },
          {
            "id": 20,
            "text": "1 : 아... 뭐야 키키 왜 바로 눕노",
            "norm_text": "아... 뭐야 키키 왜 바로 눕노",
            "speaker": {
              "id": "1번",
              "sex": "남성",
              "age": "20대"
            },
            "speechAct": "(지시) 질문하기",
            "morpheme": "아/IC+./SY+뭐/IC+야키/NNP+키/NNG+왜/MAG+바로/MAG+눕/VV+노/EC"
          },
          {
            "id": 21,
            "text": "2 : 키키 요즘 먹는 게 숙제다 키키",
            "norm_text": "키키 요즘 먹는 게 숙제다 키키",
            "speaker": {
              "id": "2번",
              "sex": "여성",
              "age": "20대"
            },
            "speechAct": "(단언) 주장하기",
            "morpheme": "키/NNG+키/NNG+요즘/NNG+먹/VV+는/ETM+게/NNB+JKS+숙제/NNG+다키키/NNP"
          },
          {
            "id": 22,
            "text": "2 : 먹고 나면 힘들어 키키",
            "norm_text": "먹고 나면 힘들어 키키",
            "speaker": {
              "id": "2번",
              "sex": "여성",
              "age": "20대"
            },
            "speechAct": "(단언) 주장하기",
            "morpheme": "먹/VV+고/EC+나/VX+면/EC+힘들/VA+어/EC+키/NNG+키/XSV+ETN"
          }
        ]
      }
    }
  ]
}