{
  "dataset": {
    "identifier": 60400,
    "name": "KAKAO_982_16_set",
    "src_path": "/data/file/cubeManager/PROJECT001/53/txt20211006134959058682/KAKAO_982_16_set/",
    "label_path": "/data/file/cubeManager/PROJECT001/53/txt20211006134959058682/KAKAO_982_16_set/",
    "category": 2,
    "type": 0
  },
  "licenses": {
    "name": "Apache License 1.0",
    "url": "http://www.apache.org/licenses/LICENSE-1.0"
  },
  "info": [
    {
      "id": 43654,
      "filename": "KAKAO_982_16.txt",
      "title": "KAKAO_982_16",
      "mediatype": "SNS",
      "medianame": "카카오톡",
      "category": "일상대화",
      "date": "2021-10-06",
      "size": 535,
      "annotations": {
        "subject": "미용",
        "speaker_type": "1:1",
        "size": 535,
        "word_size": 182,
        "text": "1 : 언니 속눈썹 연장도 해봤어?\n2 : 웅 나 속눈썹 연장 달마다 했었어 !\n1 : 헐 키키 그거 진짜 속눈썹 안 빠져?\n2 : 빠지긴 하는데 하다가 안 하면 너무 못생겨 보여 ㅠㅠ\n1 : 맞아 키키 나도 맨날 하는데 요즘 안 하거든 ㅠㅠ\n2 : 그래서 요즘은 연장보다는 속눈썹 펌을 즐겨 해!\n1 : 펌도 괜찮은데 너무 빠작 올라가서 웃겨 키키\n2 : 맞아 ㅠㅠ 그래도 요즘 부자연스러운 연장보단 펌이 더 괜찮은 거 같아!\n1 : 그래? 나는 펌 잘 안 하는데 그거 하고 마스카라도 하지?\n2 : 아니 마스카라는 안 해!\n2 : 그 펌할 때 진하게 해주는 거 추가해서 하면 돼 !\n1 : 아 그게 블랙펌이라는건가? 키키\n1 : 요즘 되게 잘 나오네\n2 : 음 이름은 정확하게 모르겠는데 맞을 거야 키키\n2 : 요즘 진짜 안되는 거 없더라 하하\n1 : 그렇구나 키키\n1 : 그거 하고 나서 속눈썹은 안 상해?\n2 : 속눈썹 펌은 2달 안돼서 1.5달? 에 한번 해서 좀 들 상하는 거 같아!\n1 : 오 꽤 유지가 잘 되나 보다 키키 괜찮네\n2 : 웅웅 이건 유지 기간이 길어서 좋아 하하",
        "lines": [
          {
            "id": 1,
            "text": "1 : 언니 속눈썹 연장도 해봤어?",
            "norm_text": "언니 속눈썹 연장도 해봤어?",
            "speaker": {
              "id": "1번",
              "sex": "여성",
              "age": "20대"
            },
            "speechAct": "(지시) 질문하기",
            "morpheme": "언니/NNG+속눈썹/NNG+연장/NNG+도/JX+해/VV+EC+봤/VX+EP+어/EF"
          },
          {
            "id": 2,
            "text": "2 : 웅 나 속눈썹 연장 달마다 했었어 !",
            "norm_text": "웅 나 속눈썹 연장 달마다 했었어 !",
            "speaker": {
              "id": "2번",
              "sex": "여성",
              "age": "20대"
            },
            "speechAct": "(단언) 진술하기",
            "morpheme": "웅/IC+나/NP+속눈썹/NNG+연장/NNG+달/NNG+마다/JX+했었/VV+EP+어/EF"
          },
          {
            "id": 3,
            "text": "1 : 헐 키키 그거 진짜 속눈썹 안 빠져?",
            "norm_text": "헐 키키 그거 진짜 속눈썹 안 빠져?",
            "speaker": {
              "id": "1번",
              "sex": "여성",
              "age": "20대"
            },
            "speechAct": "(지시) 질문하기",
            "morpheme": "헐/IC+키/NNG+키/XSV+ETN+그거/NP+진짜/MAG+속눈썹/NNG+안/MAG+빠져/VV+EF"
          },
          {
            "id": 4,
            "text": "2 : 빠지긴 하는데 하다가 안 하면 너무 못생겨 보여 ㅠㅠ",
            "norm_text": "빠지긴 하는데 하다가 안 하면 너무 못생겨 보여 ㅠㅠ",
            "speaker": {
              "id": "2번",
              "sex": "여성",
              "age": "20대"
            },
            "speechAct": "(단언) 주장하기",
            "morpheme": "빠지/VV+긴/ETN+JX+하/VX+는/ETM+데/NNB+하/VV+다가/EC+안/MAG+하/VV+면/EC+너무/MAG+못/MAG+생겨/VV+EC+보여/VV+EC+ㅠㅠ/UNKNOWN"
          },
          {
            "id": 5,
            "text": "1 : 맞아 키키 나도 맨날 하는데 요즘 안 하거든 ㅠㅠ",
            "norm_text": "맞아 키키 나도 맨날 하는데 요즘 안 하거든 ㅠㅠ",
            "speaker": {
              "id": "1번",
              "sex": "여성",
              "age": "20대"
            },
            "speechAct": "(단언) 주장하기",
            "morpheme": "맞/VV+아/EC+키/NNG+키나/XSA+ETN+JX+도/JX+맨날/MAG+하/VV+는데/EC+요즘/MAG+안/MAG+하/VV+거든/EF+ㅠㅠ/UNKNOWN"
          },
          {
            "id": 6,
            "text": "2 : 그래서 요즘은 연장보다는 속눈썹 펌을 즐겨 해!",
            "norm_text": "그래서 요즘은 연장보다는 속눈썹 펌을 즐겨 해!",
            "speaker": {
              "id": "2번",
              "sex": "여성",
              "age": "20대"
            },
            "speechAct": "(단언) 진술하기",
            "morpheme": "그래서/MAJ+요즘/NNG+은/JX+연장/NNG+보다/JKB+는/JX+속눈썹/NNG+펌/NNG+을/JKO+즐겨/VV+EC+해/VX+EF"
          },
          {
            "id": 7,
            "text": "1 : 펌도 괜찮은데 너무 빠작 올라가서 웃겨 키키",
            "norm_text": "펌도 괜찮은데 너무 빠작 올라가서 웃겨 키키",
            "speaker": {
              "id": "1번",
              "sex": "여성",
              "age": "20대"
            },
            "speechAct": "(단언) 주장하기",
            "morpheme": "펌/NNG+도/JX+괜찮/VA+은데/EC+너무/MAG+빠작/MAG+올라가/VV+서/EC+웃겨/VV+EC+키/NNG+키/XSV+ETN"
          },
          {
            "id": 8,
            "text": "2 : 맞아 ㅠㅠ 그래도 요즘 부자연스러운 연장보단 펌이 더 괜찮은 거 같아!",
            "norm_text": "맞아 ㅠㅠ 그래도 요즘 부자연스러운 연장보단 펌이 더 괜찮은 거 같아!",
            "speaker": {
              "id": "2번",
              "sex": "여성",
              "age": "20대"
            },
            "speechAct": "(단언) 주장하기",
            "morpheme": "맞/VV+아/EC+ㅠㅠ/UNKNOWN+그래도/MAJ+요즘/MAG+부자연/XR+스러운/XSA+ETM+연장/NNG+보단/JKB+JX+펌/NNG+이/JKS+더/MAG+괜찮/VA+은/ETM+거/NNB+같/VA+아/EF"
          },
          {
            "id": 9,
            "text": "1 : 그래? 나는 펌 잘 안 하는데 그거 하고 마스카라도 하지?",
            "norm_text": "그래? 나는 펌 잘 안 하는데 그거 하고 마스카라도 하지?",
            "speaker": {
              "id": "1번",
              "sex": "여성",
              "age": "20대"
            },
            "speechAct": "(지시) 질문하기",
            "morpheme": "그래/IC+나/NP+는/JX+펌/NNG+잘/MAG+안/MAG+하/VV+는데/EC+그거/NP+하고/JKB+마스카라/NNG+도/JX+하/VV+지/EF"
          },
          {
            "id": 10,
            "text": "2 : 아니 마스카라는 안 해!",
            "norm_text": "아니 마스카라는 안 해!",
            "speaker": {
              "id": "2번",
              "sex": "여성",
              "age": "20대"
            },
            "speechAct": "(단언) 진술하기",
            "morpheme": "아니/IC+마스카라/NNG+는/JX+안/MAG+해/VV+EF"
          },
          {
            "id": 11,
            "text": "2 : 그 펌할 때 진하게 해주는 거 추가해서 하면 돼 !",
            "norm_text": "그 펌할 때 진하게 해주는 거 추가해서 하면 돼 !",
            "speaker": {
              "id": "2번",
              "sex": "여성",
              "age": "20대"
            },
            "speechAct": "(단언) 주장하기",
            "morpheme": "그/MM+펌/NNG+할/XSV+ETM+때/NNG+진하/VA+게/EC+해/VV+EC+주/VX+는/ETM+거/NNB+추가/NNG+해서/XSV+EC+하/VV+면/EC+돼/VV+EF"
          },
          {
            "id": 12,
            "text": "1 : 아 그게 블랙펌이라는건가? 키키",
            "norm_text": "아 그게 블랙펌이라는건가? 키키",
            "speaker": {
              "id": "1번",
              "sex": "여성",
              "age": "20대"
            },
            "speechAct": "(단언) 주장하기",
            "morpheme": "아/IC+그게/NP+JKS+블랙/NNG+펌/NNG+이/VCP+라는/ETM+건가/NNB+VCP+EF+키/NNG+키/XSV+ETN"
          },
          {
            "id": 13,
            "text": "1 : 요즘 되게 잘 나오네",
            "norm_text": "요즘 되게 잘 나오네",
            "speaker": {
              "id": "1번",
              "sex": "여성",
              "age": "20대"
            },
            "speechAct": "(단언) 주장하기",
            "morpheme": "요즘/MAG+되게/MAG+잘/MAG+나오/VV+네/EC"
          },
          {
            "id": 14,
            "text": "2 : 음 이름은 정확하게 모르겠는데 맞을 거야 키키",
            "norm_text": "음 이름은 정확하게 모르겠는데 맞을 거야 키키",
            "speaker": {
              "id": "2번",
              "sex": "여성",
              "age": "20대"
            },
            "speechAct": "(단언) 주장하기",
            "morpheme": "음/IC+이름/NNG+은/JX+정확/NNG+하/XSV+게/EC+모르/VV+겠/EP+는데/EC+맞/VV+을/ETM+거/NNB+야/VCP+EF+키/NNG+키/XSV+ETN"
          },
          {
            "id": 15,
            "text": "2 : 요즘 진짜 안되는 거 없더라 하하",
            "norm_text": "요즘 진짜 안되는 거 없더라 하하",
            "speaker": {
              "id": "2번",
              "sex": "여성",
              "age": "20대"
            },
            "speechAct": "(단언) 주장하기",
            "morpheme": "요즘/MAG+진짜/MAG+안/MAG+되/VV+는/ETM+거/NNB+없/VA+더라/EC+하하/MAG"
          },
          {
            "id": 16,
            "text": "1 : 그렇구나 키키",
            "norm_text": "그렇구나 키키",
            "speaker": {
              "id": "1번",
              "sex": "여성",
              "age": "20대"
            },
            "speechAct": "(단언) 주장하기",
            "morpheme": "그렇/VA+구나/EF+키/NNG+키/XSV+ETN"
          },
          {
            "id": 17,
            "text": "1 : 그거 하고 나서 속눈썹은 안 상해?",
            "norm_text": "그거 하고 나서 속눈썹은 안 상해?",
            "speaker": {
              "id": "1번",
              "sex": "여성",
              "age": "20대"
            },
            "speechAct": "(지시) 질문하기",
            "morpheme": "그거/NP+하/VV+고/EC+나/VX+서/EC+속눈썹/NNG+은/JX+안/MAG+상해/VV+EF"
          },
          {
            "id": 18,
            "text": "2 : 속눈썹 펌은 2달 안돼서 1.5달? 에 한번 해서 좀 들 상하는 거 같아!",
            "norm_text": "속눈썹 펌은 2달 안돼서 1.5달? 에 한번 해서 좀 들 상하는 거 같아!",
            "speaker": {
              "id": "2번",
              "sex": "여성",
              "age": "20대"
            },
            "speechAct": "(단언) 주장하기",
            "morpheme": "속눈썹/NNG+펌/NNG+은/JX+2/SN+달/NNG+안/MAG+돼서/VV+EC+1/SN+./SY+5/SN+달/NNG+?/SY+에/JKB+한/MM+번/NNBC+해서/VV+EC+좀/MAG+들/XSN+상하/VV+는/ETM+거/NNB+같/VA+아/EF"
          },
          {
            "id": 19,
            "text": "1 : 오 꽤 유지가 잘 되나 보다 키키 괜찮네",
            "norm_text": "오 꽤 유지가 잘 되나 보다 키키 괜찮네",
            "speaker": {
              "id": "1번",
              "sex": "여성",
              "age": "20대"
            },
            "speechAct": "(단언) 주장하기",
            "morpheme": "오/IC+꽤/MAG+유지/NNG+가/JKS+잘/MAG+되/VV+나/EC+보다/MAG+키/NNG+키/XSV+ETN+괜찮/VA+네/EC"
          },
          {
            "id": 20,
            "text": "2 : 웅웅 이건 유지 기간이 길어서 좋아 하하",
            "norm_text": "웅웅 이건 유지 기간이 길어서 좋아 하하",
            "speaker": {
              "id": "2번",
              "sex": "여성",
              "age": "20대"
            },
            "speechAct": "(단언) 주장하기",
            "morpheme": "웅웅/MAG+이건/NP+JX+유지/NNG+기간/NNG+이/JKS+길/VA+어서/EC+좋/VA+아/EC+하하/MAG"
          }
        ]
      }
    }
  ]
}