{
  "dataset": {
    "identifier": 49723,
    "name": "KAKAO_957_04_set",
    "src_path": "/data/file/cubeManager/PROJECT001/53/txt20211005163716029260/KAKAO_957_04_set/",
    "label_path": "/data/file/cubeManager/PROJECT001/53/txt20211005163716029260/KAKAO_957_04_set/",
    "category": 2,
    "type": 0
  },
  "licenses": {
    "name": "Apache License 1.0",
    "url": "http://www.apache.org/licenses/LICENSE-1.0"
  },
  "info": [
    {
      "id": 42662,
      "filename": "KAKAO_957_04.txt",
      "title": "KAKAO_957_04",
      "mediatype": "SNS",
      "medianame": "카카오톡",
      "category": "일상대화",
      "date": "2021-10-05",
      "size": 410,
      "annotations": {
        "subject": "회사/아르바이트",
        "speaker_type": "1:1",
        "size": 410,
        "word_size": 140,
        "text": "1 : 오빠 스펙 짱짱해서 좋겠답 ㅜㅜ\n2 : 아니다 내가 원하는 곳은 내 정도는 기본이라서\n1 : 아? 진짜요? 오빠만큼 스펙 짱짱한 사람이 그렇게 많다고요?\n2 : 응응 석사가 기본이라서 나도 석사까지 딴 거야 키키\n1 : 와 대박이다 진짜...\n1 : 전 뭐 발 붙일 곳도 없겠어요\n2 : 키키 웃겨 니가 갈 수 있는 곳도 있겠지 당연히\n1 : 키키 전 어디로 가야 하죠\n2 : 키키 어디로 갈지 고민해보자\n1 : 키키 절 써줄 곳은 있겠죠?\n2 : 키키 그럼 키키 한 번 잘 찾아보자\n1 : 키키 정말 저도 석사를 따면 어디 갈 수 있을까요? 키키\n2 : 석사 안 따도 다른 곳 가면 되지\n1 : 키키 사업이나 할까요 뭐 하지 진짜\n2 : 키키 사업도 근데 힘들지 ㅠㅠ\n1 : 글쵸 ㅜㅜ 뭐 진짜 할게 마땅히 없네요\n2 : 그니깐... 뭐가 좋으려나 진짜",
        "lines": [
          {
            "id": 1,
            "text": "1 : 오빠 스펙 짱짱해서 좋겠답 ㅜㅜ",
            "norm_text": "오빠 스펙 짱짱해서 좋겠답 ㅜㅜ",
            "speaker": {
              "id": "1번",
              "sex": "여성",
              "age": "20대"
            },
            "speechAct": "(단언) 주장하기",
            "morpheme": "오빠/NNG+스펙/NNP+짱짱/XR+해서/XSA+EC+좋/VA+겠/EP+답/XSA+ㅜㅜ/UNKNOWN"
          },
          {
            "id": 2,
            "text": "2 : 아니다 내가 원하는 곳은 내 정도는 기본이라서",
            "norm_text": "아니다 내가 원하는 곳은 내 정도는 기본이라서",
            "speaker": {
              "id": "2번",
              "sex": "남성",
              "age": "20대"
            },
            "speechAct": "(단언) 주장하기",
            "morpheme": "아니/IC+다/MAG+내/NP+가/JKS+원/NNG+하/XSV+는/ETM+곳/NNG+은/JX+내/NP+JKG+정도/NNG+는/JX+기본/NNG+이/VCP+라서/EC"
          },
          {
            "id": 3,
            "text": "1 : 아? 진짜요? 오빠만큼 스펙 짱짱한 사람이 그렇게 많다고요?",
            "norm_text": "아? 진짜요? 오빠만큼 스펙 짱짱한 사람이 그렇게 많다고요?",
            "speaker": {
              "id": "1번",
              "sex": "여성",
              "age": "20대"
            },
            "speechAct": "(지시) 질문하기",
            "morpheme": "아/IC+진짜/MAG+요/JX+오빠/NNG+만큼/JKB+스펙/NNP+짱짱/XR+한/XSA+ETM+사람/NNG+이/JKS+그렇게/MAG+많/VA+다고요/EF"
          },
          {
            "id": 4,
            "text": "2 : 응응 석사가 기본이라서 나도 석사까지 딴 거야 키키",
            "norm_text": "응응 석사가 기본이라서 나도 석사까지 딴 거야 키키",
            "speaker": {
              "id": "2번",
              "sex": "남성",
              "age": "20대"
            },
            "speechAct": "(단언) 진술하기",
            "morpheme": "응/IC+응/IC+석사/NNG+가/JKS+기본/NNG+이/VCP+라서/EC+나/NP+도/JX+석사/NNG+까지/JX+딴/MM+거/NNB+야/VCP+EF+키/NNG+키/XSV+ETN"
          },
          {
            "id": 5,
            "text": "1 : 와 대박이다 진짜...",
            "norm_text": "와 대박이다 진짜...",
            "speaker": {
              "id": "1번",
              "sex": "여성",
              "age": "20대"
            },
            "speechAct": "(단언) 주장하기",
            "morpheme": "와/IC+대박/NNG+이/JKS+다/MAG+진짜/MAG+./SY"
          },
          {
            "id": 6,
            "text": "1 : 전 뭐 발 붙일 곳도 없겠어요",
            "norm_text": "전 뭐 발 붙일 곳도 없겠어요",
            "speaker": {
              "id": "1번",
              "sex": "여성",
              "age": "20대"
            },
            "speechAct": "(단언) 주장하기",
            "morpheme": "전/MM+뭐/IC+발붙일/VV+ETM+곳/NNG+도/JX+없/VA+겠/EP+어요/EF"
          },
          {
            "id": 7,
            "text": "2 : 키키 웃겨 니가 갈 수 있는 곳도 있겠지 당연히",
            "norm_text": "키키 웃겨 니가 갈 수 있는 곳도 있겠지 당연히",
            "speaker": {
              "id": "2번",
              "sex": "남성",
              "age": "20대"
            },
            "speechAct": "(단언) 주장하기",
            "morpheme": "키/NNG+키/XSV+ETN+웃겨/VV+EF+니/NP+가/JKS+갈/VV+ETM+수/NNB+있/VV+는/ETM+곳/NNG+도/JX+있/VA+겠/EP+지/EC+당연히/MAG"
          },
          {
            "id": 8,
            "text": "1 : 키키 전 어디로 가야 하죠",
            "norm_text": "키키 전 어디로 가야 하죠",
            "speaker": {
              "id": "1번",
              "sex": "여성",
              "age": "20대"
            },
            "speechAct": "(단언) 주장하기",
            "morpheme": "키/NNG+키/NNG+전/NNG+어디/NP+로/JKB+가/VV+야/EC+하/VX+죠/EF"
          },
          {
            "id": 9,
            "text": "2 : 키키 어디로 갈지 고민해보자",
            "norm_text": "키키 어디로 갈지 고민해보자",
            "speaker": {
              "id": "2번",
              "sex": "남성",
              "age": "20대"
            },
            "speechAct": "(언약) 약속하기(제3자와)/(개인적 수준)",
            "morpheme": "키/NNG+키/XSV+ETN+어디/NP+로/JKB+갈지/VV+EC+고민/NNG+해/XSV+EC+보/VX+자/EC"
          },
          {
            "id": 10,
            "text": "1 : 키키 절 써줄 곳은 있겠죠?",
            "norm_text": "키키 절 써줄 곳은 있겠죠?",
            "speaker": {
              "id": "1번",
              "sex": "여성",
              "age": "20대"
            },
            "speechAct": "(지시) 질문하기",
            "morpheme": "키/NNG+키/NNG+절/NNG+써/VV+EC+줄/VX+ETM+곳/NNG+은/JX+있/VA+겠/EP+죠/EF"
          },
          {
            "id": 11,
            "text": "2 : 키키 그럼 키키 한 번 잘 찾아보자",
            "norm_text": "키키 그럼 키키 한 번 잘 찾아보자",
            "speaker": {
              "id": "2번",
              "sex": "남성",
              "age": "20대"
            },
            "speechAct": "(언약) 약속하기(제3자와)/(개인적 수준)",
            "morpheme": "키/NNG+키/XSV+ETN+그럼/MAJ+키/NNG+키/XSV+ETN+한/MM+번/NNBC+잘/MAG+찾아보/VV+자/EC"
          },
          {
            "id": 12,
            "text": "1 : 키키 정말 저도 석사를 따면 어디 갈 수 있을까요? 키키",
            "norm_text": "키키 정말 저도 석사를 따면 어디 갈 수 있을까요? 키키",
            "speaker": {
              "id": "1번",
              "sex": "여성",
              "age": "20대"
            },
            "speechAct": "(지시) 질문하기",
            "morpheme": "키/NNG+키/XSV+ETN+정말/MAG+저/NP+도/JX+석사/NNG+를/JKO+따/VV+면/EC+어디/NP+갈/VV+ETM+수/NNB+있/VV+을까요/EF+키/NNG+키/XSV+ETN"
          },
          {
            "id": 13,
            "text": "2 : 석사 안 따도 다른 곳 가면 되지",
            "norm_text": "석사 안 따도 다른 곳 가면 되지",
            "speaker": {
              "id": "2번",
              "sex": "남성",
              "age": "20대"
            },
            "speechAct": "(단언) 주장하기",
            "morpheme": "석사/NNG+안/MAG+따/VV+EC+도/JX+다른/MM+곳/NNB+가/VV+면/EC+되/VV+지/EC"
          },
          {
            "id": 14,
            "text": "1 : 키키 사업이나 할까요 뭐 하지 진짜",
            "norm_text": "키키 사업이나 할까요 뭐 하지 진짜",
            "speaker": {
              "id": "1번",
              "sex": "여성",
              "age": "20대"
            },
            "speechAct": "(단언) 주장하기",
            "morpheme": "키/NNG+키/NNG+사업/NNG+이나/JX+할까요/VV+EF+뭐/IC+하/VV+지/EF+진짜/MAG"
          },
          {
            "id": 15,
            "text": "2 : 키키 사업도 근데 힘들지 ㅠㅠ",
            "norm_text": "키키 사업도 근데 힘들지 ㅠㅠ",
            "speaker": {
              "id": "2번",
              "sex": "남성",
              "age": "20대"
            },
            "speechAct": "(단언) 주장하기",
            "morpheme": "키/NNG+키/NNG+사업/NNG+도/JX+근데/MAJ+힘들/VA+지/EC+ㅠㅠ/UNKNOWN"
          },
          {
            "id": 16,
            "text": "1 : 글쵸 ㅜㅜ 뭐 진짜 할게 마땅히 없네요",
            "norm_text": "글쵸 ㅜㅜ 뭐 진짜 할게 마땅히 없네요",
            "speaker": {
              "id": "1번",
              "sex": "여성",
              "age": "20대"
            },
            "speechAct": "(단언) 주장하기",
            "morpheme": "글/NNG+쵸/NNG+ㅜㅜ/UNKNOWN+뭐/IC+진짜/MAG+할/VV+ETM+게/NNB+JKS+마땅히/MAG+없/VA+네요/EC"
          },
          {
            "id": 17,
            "text": "2 : 그니깐... 뭐가 좋으려나 진짜",
            "norm_text": "그니깐... 뭐가 좋으려나 진짜",
            "speaker": {
              "id": "2번",
              "sex": "남성",
              "age": "20대"
            },
            "speechAct": "(단언) 주장하기",
            "morpheme": "그니깐/MAJ+./SY+뭐/NP+가/JKS+좋/VA+으려나/EC+진짜/MAG"
          }
        ]
      }
    }
  ]
}