{
  "dataset": {
    "identifier": 58527,
    "name": "KAKAO_994_08_set",
    "src_path": "/data/file/cubeManager/PROJECT001/53/txt20211007112754090638/KAKAO_994_08_set/",
    "label_path": "/data/file/cubeManager/PROJECT001/53/txt20211007112754090638/KAKAO_994_08_set/",
    "category": 2,
    "type": 0
  },
  "licenses": {
    "name": "Apache License 1.0",
    "url": "http://www.apache.org/licenses/LICENSE-1.0"
  },
  "info": [
    {
      "id": 47442,
      "filename": "KAKAO_994_08.txt",
      "title": "KAKAO_994_08",
      "mediatype": "SNS",
      "medianame": "카카오톡",
      "category": "일상대화",
      "date": "2021-10-07",
      "size": 824,
      "annotations": {
        "subject": "연애/결혼",
        "speaker_type": "다자간 대화",
        "size": 824,
        "word_size": 263,
        "text": "1 : 그거 호적상 같은 주소지에 거주하는 가족만 가능해\n2 : 아 우리 사촌들 모임 할 때는 그냥 밀어붙였는데 우리 가족이라고 키키\n3 : 그거 다 하나하나 확인할 순 없지\n1 : 아 **아 어제 집에서 화투 칠 때 오빠가 남자친구 데려 오라더라 같이 치자고\n2 : 엥 진짜로…? 나 화투 가르쳐줘 빨리\n2 : 우리 드디어 가족 되는 거야?\n3 : 혼인 신고해라 얘들아 ㅎ\n1 : 키키 우리 오빠가 데려오라 했어 난 별로 그럴 생각 없었는데...\n2 : 신기하넹 날 불러주시는 오빠님은 ** 오빠가 첨이야\n3 : 키키 ** 집 가서 하우스에서 치면 ㄹㅇ 도박장\n1 : 너 내가 화투 같이 치자 해도 안 쳐주잖아 ㅠㅠ\n1 : ** 너 여친도 그러냐 ㅠ\n1 : 재밌는 건 같이 해주고 그래야지\n2 : 원래 그런 게임은 분위기가 중요한 거 아니야?\n2 : 화목한 가정에 화투라\n3 : 우리는 카러플 현질 같이 했어\n3 : 맨날 만나면 카러플 같이 해 키키\n1 : 그놈의 카러플 ㅠㅠ 난 남자친구랑 같이 화투 치는 게 소원이야\n2 : 열심히 배워볼게 우리가 혼인하기 전까지...\n3 : 키키 카러플 무시하지 마 징짜 재밌다구\n1 : 그냥 둘 다 무시하고 싶다...\n2 : 원래 한솥밥 먹는 사이가 가족이고 뭐 그런 거 아니야?\n3 : 키키 법적으로 혼인을 해야 혼인 관계라고 생각한다\n1 : 나는 **도 **도 남편으로 둔겨? 다부일처제\n2 : 당장 저 여편네를 아랍으로 보내버려야겠어\n3 : 내 여친도 너네 집에서 밥 많이 먹었으니까 다부다처제네;\n1 : 그냥 짝 지어서 넷이 사는 거로 합의 볼까 우리?\n2 : 쉽지 않은 친구들이네...\n2 : 난 슬며시 발 뺄게\n3 : 나 안 그래도 내년에 여친이랑 동거 예정이야 옆집 ㄱㄱ",
        "lines": [
          {
            "id": 1,
            "text": "1 : 그거 호적상 같은 주소지에 거주하는 가족만 가능해",
            "norm_text": "그거 호적상 같은 주소지에 거주하는 가족만 가능해",
            "speaker": {
              "id": "1번",
              "sex": "여성",
              "age": "20대"
            },
            "speechAct": "(단언) 진술하기",
            "morpheme": "그거/NP+호적/NNG+상/XSN+같/VA+은/ETM+주소지/NNG+에/JKB+거주/NNG+하/XSV+는/ETM+가족/NNG+만/JX+가능/NNG+해/XSV+EC"
          },
          {
            "id": 2,
            "text": "2 : 아 우리 사촌들 모임 할 때는 그냥 밀어붙였는데 우리 가족이라고 키키",
            "norm_text": "아 우리 사촌들 모임 할 때는 그냥 밀어붙였는데 우리 가족이라고 키키",
            "speaker": {
              "id": "2번",
              "sex": "남성",
              "age": "20대"
            },
            "speechAct": "(단언) 주장하기",
            "morpheme": "아/IC+우리/NP+사촌/NNG+들/XSN+모임/NNG+할/XSV+ETM+때/NNG+는/JX+그냥/MAG+밀어붙였/VV+EP+는데/EC+우리/NP+가족/NNG+이/VCP+라고/EC+키/NNG+키/XSV+ETN"
          },
          {
            "id": 3,
            "text": "3 : 그거 다 하나하나 확인할 순 없지",
            "norm_text": "그거 다 하나하나 확인할 순 없지",
            "speaker": {
              "id": "3번",
              "sex": "남성",
              "age": "20대"
            },
            "speechAct": "(단언) 주장하기",
            "morpheme": "그거/NP+다/JX+하나하나/MAG+확인/NNG+할/XSV+ETM+순/NNB+JX+없/VA+지/EC"
          },
          {
            "id": 4,
            "text": "1 : 아 **아 어제 집에서 화투 칠 때 오빠가 남자친구 데려 오라더라 같이 치자고",
            "norm_text": "아 **아 어제 집에서 화투 칠 때 오빠가 남자친구 데려 오라더라 같이 치자고",
            "speaker": {
              "id": "1번",
              "sex": "여성",
              "age": "20대"
            },
            "speechAct": "(단언) 진술하기",
            "morpheme": "아/IC+*/SY+*/SY+아/IC+어제/MAG+집/NNG+에서/JKB+화투/NNG+칠/NR+때/NNG+오빠/NNG+가/JKS+남자/NNG+친구/NNG+데려오/VV+라더라/EC+같이/MAG+치/VV+자고/EC"
          },
          {
            "id": 5,
            "text": "2 : 엥 진짜로…? 나 화투 가르쳐줘 빨리",
            "norm_text": "엥 진짜로…? 나 화투 가르쳐줘 빨리",
            "speaker": {
              "id": "2번",
              "sex": "남성",
              "age": "20대"
            },
            "speechAct": "(지시) 명령/요구하기",
            "morpheme": "엥/IC+진짜로/MAG+…/SE+나/NP+화투/NNG+가르쳐/VV+EC+줘/VX+EF+빨리/MAG"
          },
          {
            "id": 6,
            "text": "2 : 우리 드디어 가족 되는 거야?",
            "norm_text": "우리 드디어 가족 되는 거야?",
            "speaker": {
              "id": "2번",
              "sex": "남성",
              "age": "20대"
            },
            "speechAct": "(지시) 질문하기",
            "morpheme": "우리/NP+드디어/MAG+가족/NNG+되/XSV+는/ETM+거/NNB+야/VCP+EF"
          },
          {
            "id": 7,
            "text": "3 : 혼인 신고해라 얘들아 ㅎ",
            "norm_text": "혼인 신고해라 얘들아 ㅎ",
            "speaker": {
              "id": "3번",
              "sex": "남성",
              "age": "20대"
            },
            "speechAct": "(지시) 충고/제안하기",
            "morpheme": "혼인/NNG+신고/NNG+해라/XSV+EF+얘/NP+들/XSN+아/JKV+ㅎ/XSA"
          },
          {
            "id": 8,
            "text": "1 : 키키 우리 오빠가 데려오라 했어 난 별로 그럴 생각 없었는데...",
            "norm_text": "키키 우리 오빠가 데려오라 했어 난 별로 그럴 생각 없었는데...",
            "speaker": {
              "id": "1번",
              "sex": "여성",
              "age": "20대"
            },
            "speechAct": "(단언) 주장하기",
            "morpheme": "키/NNG+키/XSV+ETN+우리/NP+오빠/NNG+가/JKS+데려오/VV+라/EC+했/VX+EP+어/EF+난/NP+JX+별로/MAG+그럴/VA+ETM+생각/NNG+없/VA+었/EP+는데/EC+./SY+./SY"
          },
          {
            "id": 9,
            "text": "2 : 신기하넹 날 불러주시는 오빠님은 ** 오빠가 첨이야",
            "norm_text": "신기하넹 날 불러주시는 오빠님은 ** 오빠가 첨이야",
            "speaker": {
              "id": "2번",
              "sex": "남성",
              "age": "20대"
            },
            "speechAct": "(단언) 주장하기",
            "morpheme": "신기하/NNP+넹/NNP+날/NNG+불러/VV+EC+주/VX+시/EP+는/ETM+오빠/NNG+님/XSN+은/JX+*/SY+*/SY+오빠/NNG+가/JKS+첨/NNG+이/VCP+야/EC"
          },
          {
            "id": 10,
            "text": "3 : 키키 ** 집 가서 하우스에서 치면 ㄹㅇ 도박장",
            "norm_text": "키키 ** 집 가서 하우스에서 치면 ㄹㅇ 도박장",
            "speaker": {
              "id": "3번",
              "sex": "남성",
              "age": "20대"
            },
            "speechAct": "(단언) 주장하기",
            "morpheme": "키/NNG+키/XSV+ETN+*/SY+*/SY+집/NNG+가/VV+서/EC+하우스/NNP+에서/JKB+치/VV+면/EC+ㄹㅇ/UNKNOWN+도박장/NNG"
          },
          {
            "id": 11,
            "text": "1 : 너 내가 화투 같이 치자 해도 안 쳐주잖아 ㅠㅠ",
            "norm_text": "너 내가 화투 같이 치자 해도 안 쳐주잖아 ㅠㅠ",
            "speaker": {
              "id": "1번",
              "sex": "여성",
              "age": "20대"
            },
            "speechAct": "(단언) 주장하기",
            "morpheme": "너/NP+내/NP+가/JKS+화투/NNG+같이/JKB+치/VV+자/EC+해도/VV+EC+안/MAG+쳐/VV+EC+주/VX+잖아/EF+ㅠㅠ/UNKNOWN"
          },
          {
            "id": 12,
            "text": "1 : ** 너 여친도 그러냐 ㅠ",
            "norm_text": "** 너 여친도 그러냐 ㅠ",
            "speaker": {
              "id": "1번",
              "sex": "여성",
              "age": "20대"
            },
            "speechAct": "(지시) 질문하기",
            "morpheme": "*/SY+*/SY+너여친도그러냐ㅠ/UNKNOWN"
          },
          {
            "id": 13,
            "text": "1 : 재밌는 건 같이 해주고 그래야지",
            "norm_text": "재밌는 건 같이 해주고 그래야지",
            "speaker": {
              "id": "1번",
              "sex": "여성",
              "age": "20대"
            },
            "speechAct": "(단언) 주장하기",
            "morpheme": "재밌/VA+는/ETM+건/NNB+JX+같이/MAG+해/VV+EC+주/VX+고/EC+그래야지/VV+EC"
          },
          {
            "id": 14,
            "text": "2 : 원래 그런 게임은 분위기가 중요한 거 아니야?",
            "norm_text": "원래 그런 게임은 분위기가 중요한 거 아니야?",
            "speaker": {
              "id": "2번",
              "sex": "남성",
              "age": "20대"
            },
            "speechAct": "(지시) 질문하기",
            "morpheme": "원래/MAG+그런/MM+게임/NNG+은/JX+분위기/NNG+가/JKS+중요/NNG+한/XSA+ETM+거/NNB+아니/VCN+야/EF"
          },
          {
            "id": 15,
            "text": "2 : 화목한 가정에 화투라",
            "norm_text": "화목한 가정에 화투라",
            "speaker": {
              "id": "2번",
              "sex": "남성",
              "age": "20대"
            },
            "speechAct": "(단언) 주장하기",
            "morpheme": "화목/NNG+한/XSA+ETM+가정/NNG+에/JKB+화투/NNG+라/VCP+EC"
          },
          {
            "id": 16,
            "text": "3 : 우리는 카러플 현질 같이 했어",
            "norm_text": "우리는 카러플 현질 같이 했어",
            "speaker": {
              "id": "3번",
              "sex": "남성",
              "age": "20대"
            },
            "speechAct": "(단언) 주장하기",
            "morpheme": "우리/NP+는/JX+카/VX+러/EC+플/VX+ETM+현질/NNG+같이/JKB+했/VV+EP+어/EC"
          },
          {
            "id": 17,
            "text": "3 : 맨날 만나면 카러플 같이 해 키키",
            "norm_text": "맨날 만나면 카러플 같이 해 키키",
            "speaker": {
              "id": "3번",
              "sex": "남성",
              "age": "20대"
            },
            "speechAct": "(단언) 주장하기",
            "morpheme": "맨날/MAG+만나/VV+면/EC+카/VX+러/EC+플/VX+ETM+같이/MAG+해/VV+EC+키/NNG+키/XSV+ETN"
          },
          {
            "id": 18,
            "text": "1 : 그놈의 카러플 ㅠㅠ 난 남자친구랑 같이 화투 치는 게 소원이야",
            "norm_text": "그놈의 카러플 ㅠㅠ 난 남자친구랑 같이 화투 치는 게 소원이야",
            "speaker": {
              "id": "1번",
              "sex": "여성",
              "age": "20대"
            },
            "speechAct": "(단언) 주장하기",
            "morpheme": "그놈/NP+의/JKG+카/NNG+러플/NNG+ㅠㅠ/UNKNOWN+난/NP+JX+남자/NNG+친구/NNG+랑/JKB+같이/MAG+화투/NNG+치/VV+는/ETM+게/NNB+JKS+소원/NNG+이/VCP+야/EC"
          },
          {
            "id": 19,
            "text": "2 : 열심히 배워볼게 우리가 혼인하기 전까지...",
            "norm_text": "열심히 배워볼게 우리가 혼인하기 전까지...",
            "speaker": {
              "id": "2번",
              "sex": "남성",
              "age": "20대"
            },
            "speechAct": "(단언) 주장하기",
            "morpheme": "열심히/MAG+배워/VV+EC+볼/VX+ETM+게/NNB+JKS+우리/NP+가/JKS+혼인/NNG+하/XSV+기/ETN+전/NNG+까지/JX+./SY"
          },
          {
            "id": 20,
            "text": "3 : 키키 카러플 무시하지 마 징짜 재밌다구",
            "norm_text": "키키 카러플 무시하지 마 징짜 재밌다구",
            "speaker": {
              "id": "3번",
              "sex": "남성",
              "age": "20대"
            },
            "speechAct": "(단언) 주장하기",
            "morpheme": "키/NNG+키카/NNP+러플/NNG+무시/NNG+하/XSV+지/EC+마/VX+EF+징/MAG+짜/VV+EC+재밌/VA+다구/EC"
          },
          {
            "id": 21,
            "text": "1 : 그냥 둘 다 무시하고 싶다...",
            "norm_text": "그냥 둘 다 무시하고 싶다...",
            "speaker": {
              "id": "1번",
              "sex": "여성",
              "age": "20대"
            },
            "speechAct": "(단언) 주장하기",
            "morpheme": "그냥/MAG+둘/NR+다/MAG+무시/NNG+하/XSV+고/EC+싶/VX+다/EF+./SY"
          },
          {
            "id": 22,
            "text": "2 : 원래 한솥밥 먹는 사이가 가족이고 뭐 그런 거 아니야?",
            "norm_text": "원래 한솥밥 먹는 사이가 가족이고 뭐 그런 거 아니야?",
            "speaker": {
              "id": "2번",
              "sex": "남성",
              "age": "20대"
            },
            "speechAct": "(지시) 질문하기",
            "morpheme": "원래/MAG+한솥밥/NNG+먹/VV+는/ETM+사이/NNG+가/JKS+가족/NNG+이/VCP+고/EC+뭐/IC+그런/MM+거/NNB+아니/VCN+야/EF"
          },
          {
            "id": 23,
            "text": "3 : 키키 법적으로 혼인을 해야 혼인 관계라고 생각한다",
            "norm_text": "키키 법적으로 혼인을 해야 혼인 관계라고 생각한다",
            "speaker": {
              "id": "3번",
              "sex": "남성",
              "age": "20대"
            },
            "speechAct": "(단언) 주장하기",
            "morpheme": "키/NNG+키/NNG+법/NNG+적/XSN+으로/JKB+혼인/NNG+을/JKO+해야/VV+EC+혼인/NNG+관계/NNG+라고/VCP+EC+생각/NNG+한다/XSV+EC"
          },
          {
            "id": 24,
            "text": "1 : 나는 **도 **도 남편으로 둔겨? 다부일처제",
            "norm_text": "나는 **도 **도 남편으로 둔겨? 다부일처제",
            "speaker": {
              "id": "1번",
              "sex": "여성",
              "age": "20대"
            },
            "speechAct": "(단언) 주장하기",
            "morpheme": "나/NP+는/JX+*/SY+*/SY+도/JX+*/SY+*/SY+도/JX+남편/NNG+으로/JKB+둔/VV+ETM+겨/NNB+VCP+EF+다/MAG+부일/NNG+처제/NNG"
          },
          {
            "id": 25,
            "text": "2 : 당장 저 여편네를 아랍으로 보내버려야겠어",
            "norm_text": "당장 저 여편네를 아랍으로 보내버려야겠어",
            "speaker": {
              "id": "2번",
              "sex": "남성",
              "age": "20대"
            },
            "speechAct": "(단언) 주장하기",
            "morpheme": "당장/MAG+저/MM+여편네/NNG+를/JKO+아랍/NNP+으로/JKB+보내/VV+버려야/EC+VX+EC+VX+겠/EP+어/EC"
          },
          {
            "id": 26,
            "text": "3 : 내 여친도 너네 집에서 밥 많이 먹었으니까 다부다처제네;",
            "norm_text": "내 여친도 너네 집에서 밥 많이 먹었으니까 다부다처제네;",
            "speaker": {
              "id": "3번",
              "sex": "남성",
              "age": "20대"
            },
            "speechAct": "(단언) 주장하기",
            "morpheme": "내/NP+JKG+여친/NNG+도/JX+너/NP+네/XSN+집/NNG+에서/JKB+밥/NNG+많이/MAG+먹/VV+었/EP+으니까/EC+다부/NNG+다처제/NNG+네/XSN+;/SY"
          },
          {
            "id": 27,
            "text": "1 : 그냥 짝 지어서 넷이 사는 거로 합의 볼까 우리?",
            "norm_text": "그냥 짝 지어서 넷이 사는 거로 합의 볼까 우리?",
            "speaker": {
              "id": "1번",
              "sex": "여성",
              "age": "20대"
            },
            "speechAct": "(지시) 질문하기",
            "morpheme": "그냥/MAG+짝/NNG+지어서/XSV+EC+넷/NR+이/JKS+사/VV+는/ETM+거/NNB+로/JKB+합의/NNG+볼까/VV+EF+우리/NP"
          },
          {
            "id": 28,
            "text": "2 : 쉽지 않은 친구들이네...",
            "norm_text": "쉽지 않은 친구들이네...",
            "speaker": {
              "id": "2번",
              "sex": "남성",
              "age": "20대"
            },
            "speechAct": "(단언) 주장하기",
            "morpheme": "쉽/VA+지/EC+않/VX+은/ETM+친구/NNG+들/XSN+이/VCP+네/EF+./SY"
          },
          {
            "id": 29,
            "text": "2 : 난 슬며시 발 뺄게",
            "norm_text": "난 슬며시 발 뺄게",
            "speaker": {
              "id": "2번",
              "sex": "남성",
              "age": "20대"
            },
            "speechAct": "(단언) 주장하기",
            "morpheme": "난/NP+JX+슬며시/MAG+발/NNG+뺄/VV+ETM+게/NNB+JKS"
          },
          {
            "id": 30,
            "text": "3 : 나 안 그래도 내년에 여친이랑 동거 예정이야 옆집 ㄱㄱ",
            "norm_text": "나 안 그래도 내년에 여친이랑 동거 예정이야 옆집 ㄱㄱ",
            "speaker": {
              "id": "3번",
              "sex": "남성",
              "age": "20대"
            },
            "speechAct": "(단언) 진술하기",
            "morpheme": "나/NP+안/MAG+그래도/VV+EC+내년/NNG+에/JKB+여친/NNG+이랑/JKB+동거/NNG+예정/NNG+이/VCP+야/EC+옆집/NNG+ㄱ/NNG+ㄱ/NNG"
          }
        ]
      }
    }
  ]
}