{
  "dataset": {
    "identifier": 38570,
    "name": "KAKAO_952_11_set",
    "src_path": "/data/file/cubeManager/PROJECT001/53/txt20211005163729012993/KAKAO_952_11_set/",
    "label_path": "/data/file/cubeManager/PROJECT001/53/txt20211005163729012993/KAKAO_952_11_set/",
    "category": 2,
    "type": 0
  },
  "licenses": {
    "name": "Apache License 1.0",
    "url": "http://www.apache.org/licenses/LICENSE-1.0"
  },
  "info": [
    {
      "id": 42689,
      "filename": "KAKAO_952_11.txt",
      "title": "KAKAO_952_11",
      "mediatype": "SNS",
      "medianame": "카카오톡",
      "category": "일상대화",
      "date": "2021-10-05",
      "size": 309,
      "annotations": {
        "subject": "게임",
        "speaker_type": "1:1",
        "size": 309,
        "word_size": 115,
        "text": "1 : 얌 오늘은 게임 안 할거지?\n2 : 응 게임 안 하고 빨리 집 가야지\n1 : 연휴 동안 골프도 안쳤지?\n2 : 스우파 하는날이거덩요 하하\n1 : 골프 그거 할 때 내 차례\n2 : 골프 할 시간이 없었더덩 하하\n1 : 알쥐?  뽑기는 나 시켜줘\n2 : 응 어제 너가 명품 하하\n1 : 그거 게임 많이  해야 보석 주지?\n2 : 뽑아줘서 너무 기뻤어 하하\n1 : 그거 좋더나? 써봄?\n2 : 오늘은 스우파 보기 전에 골프 좀 쳐야겠군\n1 : 나 완전 금 손 맞지?\n2 : 아직 써보지도 몬 함 하하\n1 : 키키 엉 스우파 볼 때는 금지야\n2 : 할 시간이 안 나넹 오늘 해야쥐",
        "lines": [
          {
            "id": 1,
            "text": "1 : 얌 오늘은 게임 안 할거지?",
            "norm_text": "얌 오늘은 게임 안 할거지?",
            "speaker": {
              "id": "1번",
              "sex": "여성",
              "age": "30대"
            },
            "speechAct": "(지시) 질문하기",
            "morpheme": "얌/NNP+오늘/NNG+은/JX+게임/NNG+안/MAG+할/VV+ETM+거/NNB+지/VCP+EF"
          },
          {
            "id": 2,
            "text": "2 : 응 게임 안 하고 빨리 집 가야지",
            "norm_text": "응 게임 안 하고 빨리 집 가야지",
            "speaker": {
              "id": "2번",
              "sex": "남성",
              "age": "30대"
            },
            "speechAct": "(단언) 주장하기",
            "morpheme": "응/IC+게임/NNG+안/MAG+하/VV+고/EC+빨리/MAG+집/NNG+가야지/NNG"
          },
          {
            "id": 3,
            "text": "1 : 연휴 동안 골프도 안쳤지?",
            "norm_text": "연휴 동안 골프도 안쳤지?",
            "speaker": {
              "id": "1번",
              "sex": "여성",
              "age": "30대"
            },
            "speechAct": "(지시) 질문하기",
            "morpheme": "연휴/NNG+동안/NNG+골프/NNG+도/JX+안/MAG+쳤/VV+EP+지/EF"
          },
          {
            "id": 4,
            "text": "2 : 스우파 하는날이거덩요 하하",
            "norm_text": "스우파 하는날이거덩요 하하",
            "speaker": {
              "id": "2번",
              "sex": "남성",
              "age": "30대"
            },
            "speechAct": "(단언) 진술하기",
            "morpheme": "스/IC+우파/NNG+하/XSV+는/ETM+날/NNG+이/VCP+거덩/EC+요하/NNG+하/XSV"
          },
          {
            "id": 5,
            "text": "1 : 골프 그거 할 때 내 차례",
            "norm_text": "골프 그거 할 때 내 차례",
            "speaker": {
              "id": "1번",
              "sex": "여성",
              "age": "30대"
            },
            "speechAct": "(단언) 주장하기",
            "morpheme": "골프/NNG+그거/NP+할/VV+ETM+때/NNG+내/NNB+차례/NNG"
          },
          {
            "id": 6,
            "text": "2 : 골프 할 시간이 없었더덩 하하",
            "norm_text": "골프 할 시간이 없었더덩 하하",
            "speaker": {
              "id": "2번",
              "sex": "남성",
              "age": "30대"
            },
            "speechAct": "(단언) 주장하기",
            "morpheme": "골프/NNG+할/XSV+ETM+시간/NNG+이/JKS+없/VA+었/EP+더/MAG+덩/MAG+하하/MAG"
          },
          {
            "id": 7,
            "text": "1 : 알쥐?  뽑기는 나 시켜줘",
            "norm_text": "알쥐?  뽑기는 나 시켜줘",
            "speaker": {
              "id": "1번",
              "sex": "여성",
              "age": "30대"
            },
            "speechAct": "(지시) 부탁하기",
            "morpheme": "알/NNG+쥐/NNG+뽑/VV+기/ETN+는/JX+나/NP+시켜/VV+EC+줘/VX+EC"
          },
          {
            "id": 8,
            "text": "2 : 응 어제 너가 명품 하하",
            "norm_text": "응 어제 너가 명품 하하",
            "speaker": {
              "id": "2번",
              "sex": "남성",
              "age": "30대"
            },
            "speechAct": "(단언) 주장하기",
            "morpheme": "응/IC+어제/MAG+너/NP+가/JKS+명품/NNG+하/XSV+하/XSA"
          },
          {
            "id": 9,
            "text": "1 : 그거 게임 많이  해야 보석 주지?",
            "norm_text": "그거 게임 많이  해야 보석 주지?",
            "speaker": {
              "id": "1번",
              "sex": "여성",
              "age": "30대"
            },
            "speechAct": "(지시) 질문하기",
            "morpheme": "그거/NP+게임/NNG+많이/MAG+해야/VV+EC+보석/NNG+주/VV+지/EF"
          },
          {
            "id": 10,
            "text": "2 : 뽑아줘서 너무 기뻤어 하하",
            "norm_text": "뽑아줘서 너무 기뻤어 하하",
            "speaker": {
              "id": "2번",
              "sex": "남성",
              "age": "30대"
            },
            "speechAct": "(단언) 주장하기",
            "morpheme": "뽑/VV+아/EC+줘서/VX+EC+너무/MAG+기뻤/VA+EP+어/EC+하하/MAG"
          },
          {
            "id": 11,
            "text": "1 : 그거 좋더나? 써봄?",
            "norm_text": "그거 좋더나? 써봄?",
            "speaker": {
              "id": "1번",
              "sex": "여성",
              "age": "30대"
            },
            "speechAct": "(지시) 질문하기",
            "morpheme": "그거/NP+좋/VA+더나/EF+써/VV+EC+봄/VX+ETN"
          },
          {
            "id": 12,
            "text": "2 : 오늘은 스우파 보기 전에 골프 좀 쳐야겠군",
            "norm_text": "오늘은 스우파 보기 전에 골프 좀 쳐야겠군",
            "speaker": {
              "id": "2번",
              "sex": "남성",
              "age": "30대"
            },
            "speechAct": "(단언) 주장하기",
            "morpheme": "오늘/NNG+은/JX+스/IC+우파/NNG+보/VV+기/ETN+전/NNG+에/JKB+골프/NNG+좀/MAG+쳐야/VV+EC+VX+겠/EP+군/EC"
          },
          {
            "id": 13,
            "text": "1 : 나 완전 금 손 맞지?",
            "norm_text": "나 완전 금 손 맞지?",
            "speaker": {
              "id": "1번",
              "sex": "여성",
              "age": "30대"
            },
            "speechAct": "(지시) 질문하기",
            "morpheme": "나/NP+완전/MAG+금/VV+손/EC+맞/VV+지/EF"
          },
          {
            "id": 14,
            "text": "2 : 아직 써보지도 몬 함 하하",
            "norm_text": "아직 써보지도 몬 함 하하",
            "speaker": {
              "id": "2번",
              "sex": "남성",
              "age": "30대"
            },
            "speechAct": "(단언) 진술하기",
            "morpheme": "아직/MAG+써/VV+EC+보/VX+지/EC+도/JX+몬/VV+ETM+함하/NNG+하/XSV"
          },
          {
            "id": 15,
            "text": "1 : 키키 엉 스우파 볼 때는 금지야",
            "norm_text": "키키 엉 스우파 볼 때는 금지야",
            "speaker": {
              "id": "1번",
              "sex": "여성",
              "age": "30대"
            },
            "speechAct": "(지시) 명령/요구하기",
            "morpheme": "키/NNG+키/XSV+ETN+엉스/UNKNOWN+우파/NNG+볼/VV+ETM+때/NNG+는/JX+금지/NNG+야/VCP+EF"
          },
          {
            "id": 16,
            "text": "2 : 할 시간이 안 나넹 오늘 해야쥐",
            "norm_text": "할 시간이 안 나넹 오늘 해야쥐",
            "speaker": {
              "id": "2번",
              "sex": "남성",
              "age": "30대"
            },
            "speechAct": "(단언) 주장하기",
            "morpheme": "할/VV+ETM+시간/NNG+이안나/NNP+넹/NNP+오늘/NNG+해야/XSV+EC+쥐/NNG"
          }
        ]
      }
    }
  ]
}