{
  "dataset": {
    "identifier": 68003,
    "name": "KAKAO_965_11_set",
    "src_path": "/data/file/cubeManager/PROJECT001/53/txt20211006122406076084/KAKAO_965_11_set/",
    "label_path": "/data/file/cubeManager/PROJECT001/53/txt20211006122406076084/KAKAO_965_11_set/",
    "category": 2,
    "type": 0
  },
  "licenses": {
    "name": "Apache License 1.0",
    "url": "http://www.apache.org/licenses/LICENSE-1.0"
  },
  "info": [
    {
      "id": 42931,
      "filename": "KAKAO_965_11.txt",
      "title": "KAKAO_965_11",
      "mediatype": "SNS",
      "medianame": "카카오톡",
      "category": "일상대화",
      "date": "2021-10-06",
      "size": 483,
      "annotations": {
        "subject": "게임",
        "speaker_type": "1:1",
        "size": 483,
        "word_size": 160,
        "text": "1 : 언니 예전에 슈게임 같은 거 기억나?\n2 : 키키 혹시 네이버쥬니어 라면? 말하는 건가?\n1 : 슈의 라면가게도 있고 키키 고향 만두 만들기도 키키\n2 : 키키 장보기 게임도 있었던 거 같은데 ? 하하\n1 : 헐 맞아 그거 만원 어치 사는 거 키키\n2 : 가끔 회사에서 농땡이 부리고 싶을 때 하고 있어 키키\n1 : 미치겠다 키키 얼마 전에 그거 사이트 없어져서 어둠의 경로로 하는 중 ㅠㅠ\n2 : 헐 사라졌어? 나 이제 농땡이 못 부리네 ㅠㅠ\n1 : 그러게 지뢰 찾기라도 해야겠어 키키\n2 : 기본 게임에 카드 게임도 은근 재밌어 키키\n1 : 그거 알지? 스파이더 게임 키키\n2 : 키키 진짜 우리 세대들만 공감할 수 있는 이야기 같아\n1 : 맞아 키키 특히 수업 시간 컴퓨터 할 때 국룰이지 마우스 딸각 거리는 숨 막힘\n2 : 가끔 크아 될 때가 가장 행복했던 거 같아 키키\n1 : 그러게 키키 크아는 어딜가던 다 되긴 하더라\n2 : 그래서 기본적으로 사랑 받았던 게임 같아 키키",
        "lines": [
          {
            "id": 1,
            "text": "1 : 언니 예전에 슈게임 같은 거 기억나?",
            "norm_text": "언니 예전에 슈게임 같은 거 기억나?",
            "speaker": {
              "id": "1번",
              "sex": "여성",
              "age": "20대"
            },
            "speechAct": "(지시) 질문하기",
            "morpheme": "언니/NNG+예전/NNG+에/JKB+슈/NNP+게임/NNG+같/VA+은/ETM+거/NNB+기억나/VV+EF"
          },
          {
            "id": 2,
            "text": "2 : 키키 혹시 네이버쥬니어 라면? 말하는 건가?",
            "norm_text": "키키 혹시 네이버쥬니어 라면? 말하는 건가?",
            "speaker": {
              "id": "2번",
              "sex": "여성",
              "age": "20대"
            },
            "speechAct": "(단언) 주장하기",
            "morpheme": "키/NNG+키/XSV+ETN+혹시/MAG+네이버/NNP+쥬니어/NNP+라면/VCP+EC+?/SY+말/NNG+하/XSV+는/ETM+건가/NNB+VCP+EF"
          },
          {
            "id": 3,
            "text": "1 : 슈의 라면가게도 있고 키키 고향 만두 만들기도 키키",
            "norm_text": "슈의 라면가게도 있고 키키 고향 만두 만들기도 키키",
            "speaker": {
              "id": "1번",
              "sex": "여성",
              "age": "20대"
            },
            "speechAct": "(단언) 주장하기",
            "morpheme": "슈/NNP+의/JKG+라면가게/NNP+도/JX+있/VA+고/EC+키/NNG+키/NNG+고향/NNG+만/JX+두/JX+만들/VV+기/ETN+도/JX+키/NNG+키/XSV+ETN"
          },
          {
            "id": 4,
            "text": "2 : 키키 장보기 게임도 있었던 거 같은데 ? 하하",
            "norm_text": "키키 장보기 게임도 있었던 거 같은데 ? 하하",
            "speaker": {
              "id": "2번",
              "sex": "여성",
              "age": "20대"
            },
            "speechAct": "(단언) 주장하기",
            "morpheme": "키/NNG+키/NNG+장보기/NNG+게임/NNG+도/JX+있/VA+었/EP+던/ETM+거/NNB+같/VA+은데/EF+하하/MAG"
          },
          {
            "id": 5,
            "text": "1 : 헐 맞아 그거 만원 어치 사는 거 키키",
            "norm_text": "헐 맞아 그거 만원 어치 사는 거 키키",
            "speaker": {
              "id": "1번",
              "sex": "여성",
              "age": "20대"
            },
            "speechAct": "(단언) 진술하기",
            "morpheme": "헐/VV+JKO+맞/VV+아/EC+그거/NP+만/JX+원어/NNG+치/XSA+EC+사/VV+는/ETM+거/NNB+키/NNG+키/XSV+ETN"
          },
          {
            "id": 6,
            "text": "2 : 가끔 회사에서 농땡이 부리고 싶을 때 하고 있어 키키",
            "norm_text": "가끔 회사에서 농땡이 부리고 싶을 때 하고 있어 키키",
            "speaker": {
              "id": "2번",
              "sex": "여성",
              "age": "20대"
            },
            "speechAct": "(단언) 진술하기",
            "morpheme": "가끔/MAG+회사/NNG+에서/JKB+농땡이/NNG+부리/VV+고/EC+싶/VX+을/ETM+때/NNG+하/XSV+고/EC+있/VX+어/EC+키/NNG+키/XSV+ETN"
          },
          {
            "id": 7,
            "text": "1 : 미치겠다 키키 얼마 전에 그거 사이트 없어져서 어둠의 경로로 하는 중 ㅠㅠ",
            "norm_text": "미치겠다 키키 얼마 전에 그거 사이트 없어져서 어둠의 경로로 하는 중 ㅠㅠ",
            "speaker": {
              "id": "1번",
              "sex": "여성",
              "age": "20대"
            },
            "speechAct": "(단언) 진술하기",
            "morpheme": "미치/VV+겠/EP+다키키/NNP+얼마/NNG+전/NNG+에/JKB+그거/NP+사이트/NNG+없/VA+어/EC+져서/VX+EC+어둠/NNG+의/JKG+경로/NNG+로/JKB+하/VV+는/ETM+중/NNB+ㅠㅠ/UNKNOWN"
          },
          {
            "id": 8,
            "text": "2 : 헐 사라졌어? 나 이제 농땡이 못 부리네 ㅠㅠ",
            "norm_text": "헐 사라졌어? 나 이제 농땡이 못 부리네 ㅠㅠ",
            "speaker": {
              "id": "2번",
              "sex": "여성",
              "age": "20대"
            },
            "speechAct": "(단언) 주장하기",
            "morpheme": "헐/VV+JKO+사라졌/VV+EP+어/EF+나/NP+이제/MAG+농땡이/NNG+못/MAG+부리/VV+네/EF+ㅠㅠ/UNKNOWN"
          },
          {
            "id": 9,
            "text": "1 : 그러게 지뢰 찾기라도 해야겠어 키키",
            "norm_text": "그러게 지뢰 찾기라도 해야겠어 키키",
            "speaker": {
              "id": "1번",
              "sex": "여성",
              "age": "20대"
            },
            "speechAct": "N/A",
            "morpheme": "그러/VV+게/EC+지/VX+뢰/EC+찾/VV+기/ETN+라도/VCP+EC+해야/VX+EC+VX+겠/EP+어/EC+키/NNG+키/XSV+ETN"
          },
          {
            "id": 10,
            "text": "2 : 기본 게임에 카드 게임도 은근 재밌어 키키",
            "norm_text": "기본 게임에 카드 게임도 은근 재밌어 키키",
            "speaker": {
              "id": "2번",
              "sex": "여성",
              "age": "20대"
            },
            "speechAct": "(단언) 주장하기",
            "morpheme": "기본/NNG+게임/NNG+에/JKB+카드/NNG+게임/NNG+도/JX+은근/NNG+재밌/VA+어/EC+키/NNG+키/XSV+ETN"
          },
          {
            "id": 11,
            "text": "1 : 그거 알지? 스파이더 게임 키키",
            "norm_text": "그거 알지? 스파이더 게임 키키",
            "speaker": {
              "id": "1번",
              "sex": "여성",
              "age": "20대"
            },
            "speechAct": "(지시) 질문하기",
            "morpheme": "그거/NP+알/VV+지/EF+스파이더/NNG+게임/NNG+키/NNG+키/XSV+ETN"
          },
          {
            "id": 12,
            "text": "2 : 키키 진짜 우리 세대들만 공감할 수 있는 이야기 같아",
            "norm_text": "키키 진짜 우리 세대들만 공감할 수 있는 이야기 같아",
            "speaker": {
              "id": "2번",
              "sex": "여성",
              "age": "20대"
            },
            "speechAct": "(단언) 주장하기",
            "morpheme": "키/NNG+키/XSV+ETN+진짜/MAG+우리/NP+세대/NNG+들/XSN+만/JX+공감/NNG+할/XSV+ETM+수/NNB+있/VV+는/ETM+이야기/NNG+같/VA+아/EC"
          },
          {
            "id": 13,
            "text": "1 : 맞아 키키 특히 수업 시간 컴퓨터 할 때 국룰이지 마우스 딸각 거리는 숨 막힘",
            "norm_text": "맞아 키키 특히 수업 시간 컴퓨터 할 때 국룰이지 마우스 딸각 거리는 숨 막힘",
            "speaker": {
              "id": "1번",
              "sex": "여성",
              "age": "20대"
            },
            "speechAct": "(단언) 주장하기",
            "morpheme": "맞/VV+아/EC+키/NNG+키/NNG+특히/MAG+수업/NNG+시간/NNG+컴퓨터/NNG+할/XSV+ETM+때/NNG+국/NNG+룰/NNG+이/VCP+지/EC+마우스/NNG+딸각거리/VV+는/ETM+숨/NNG+막힘/VV+ETN"
          },
          {
            "id": 14,
            "text": "2 : 가끔 크아 될 때가 가장 행복했던 거 같아 키키",
            "norm_text": "가끔 크아 될 때가 가장 행복했던 거 같아 키키",
            "speaker": {
              "id": "2번",
              "sex": "여성",
              "age": "20대"
            },
            "speechAct": "(단언) 주장하기",
            "morpheme": "가끔/MAG+크/VA+아/EC+될/VV+ETM+때/NNG+가/JKS+가장/MAG+행복/NNG+했/XSV+EP+던/ETM+거/NNB+같/VA+아/EC+키/NNG+키/XSV+ETN"
          },
          {
            "id": 15,
            "text": "1 : 그러게 키키 크아는 어딜가던 다 되긴 하더라",
            "norm_text": "그러게 키키 크아는 어딜가던 다 되긴 하더라",
            "speaker": {
              "id": "1번",
              "sex": "여성",
              "age": "20대"
            },
            "speechAct": "(단언) 주장하기",
            "morpheme": "그러/VV+게/EC+키/NNG+키/XSV+ETN+크/VA+아/EC+는/JX+어딜/NP+JKO+가/VV+던다/EC+되/VV+긴/ETN+JX+하/VX+더라/EC"
          },
          {
            "id": 16,
            "text": "2 : 그래서 기본적으로 사랑 받았던 게임 같아 키키",
            "norm_text": "그래서 기본적으로 사랑 받았던 게임 같아 키키",
            "speaker": {
              "id": "2번",
              "sex": "여성",
              "age": "20대"
            },
            "speechAct": "(단언) 주장하기",
            "morpheme": "그래서/MAJ+기본/NNG+적/XSN+으로/JKB+사랑/NNG+받/VV+았/EP+던/ETM+게임/NNG+같/VA+아/EC+키/NNG+키/XSV+ETN"
          }
        ]
      }
    }
  ]
}