{
  "dataset": {
    "identifier": 43858,
    "name": "KAKAO_997_02_set",
    "src_path": "/data/file/cubeManager/PROJECT001/53/txt20211006140435070384/KAKAO_997_02_set/",
    "label_path": "/data/file/cubeManager/PROJECT001/53/txt20211006140435070384/KAKAO_997_02_set/",
    "category": 2,
    "type": 0
  },
  "licenses": {
    "name": "Apache License 1.0",
    "url": "http://www.apache.org/licenses/LICENSE-1.0"
  },
  "info": [
    {
      "id": 45333,
      "filename": "KAKAO_997_02.txt",
      "title": "KAKAO_997_02",
      "mediatype": "SNS",
      "medianame": "카카오톡",
      "category": "일상대화",
      "date": "2021-10-06",
      "size": 553,
      "annotations": {
        "subject": "주거와 생활",
        "speaker_type": "1:1",
        "size": 553,
        "word_size": 170,
        "text": "1 : 니는 집 알아볼 때 직방 같은 거 보고 가나?\n2 : 참고 정도 하게 구경은 해봤었지? 키키\n1 : 직방에 허위 매물이 너무 많아서 전화해보면 다 없다고 함...ㅜ\n2 : 직방, 다방, 블로그 다 찾아봤었다 키키\n1 : 전화해보면 다 없다고 일단 와서 같이 보러 가자 함 키키\n2 : 그리고는 그냥 부동산에 전화해서 내가 살고 싶은 조건을 말했어\n1 : 근데 가보면 내가 원하는 컨디션의 집은 거의 없더라 ㅜ\n2 : 지방은 그렇게가 안되는데 서울은 그게 너무 심하더라...\n1 : 그니까...ㅜ 좀 젊은 중개인들은 신축 집만 보여줄라 하고...ㅜ\n2 : 적어도 내가 말한 조건에 충족하는 걸 보여줘야지...\n1 : 난 굳이 신축 집 선호하는 편이 아니라 구축이라도 괜찮은데 ㅜ\n2 : 난 지금 집에 아주 만족 키키 계단 오르는 게 귀찮긴 하지만!\n1 : 키키 나도 담에 빌라 같은데 가면 엘베 있는 집으로 가고 싶다 ㅜ\n2 : 집 신축 급에 구조도 잘빠져서 이쁘거든 하하\n1 : 은근히 엘베 없는 집이 힘듦 키키 3층인데... 휴...\n2 : 집 꾸미는 걸 좋아해서 그런 거 우선으로 봤지... 벌레도 무섭고",
        "lines": [
          {
            "id": 1,
            "text": "1 : 니는 집 알아볼 때 직방 같은 거 보고 가나?",
            "norm_text": "니는 집 알아볼 때 직방 같은 거 보고 가나?",
            "speaker": {
              "id": "1번",
              "sex": "여성",
              "age": "30대"
            },
            "speechAct": "(지시) 질문하기",
            "morpheme": "니/NP+는/JX+집/NNG+알아볼/VV+ETM+때/NNG+직방/NNG+같/VA+은/ETM+거/NNB+보/VV+고/EC+가/VX+나/EF"
          },
          {
            "id": 2,
            "text": "2 : 참고 정도 하게 구경은 해봤었지? 키키",
            "norm_text": "참고 정도 하게 구경은 해봤었지? 키키",
            "speaker": {
              "id": "2번",
              "sex": "여성",
              "age": "30대"
            },
            "speechAct": "(단언) 진술하기",
            "morpheme": "참고/NNG+정도/NNG+하/XSV+게/EC+구경/NNG+은/JX+해/VV+EC+봤었/VX+EP+지/EF+키/NNG+키/XSV+ETN"
          },
          {
            "id": 3,
            "text": "1 : 직방에 허위 매물이 너무 많아서 전화해보면 다 없다고 함...ㅜ",
            "norm_text": "직방에 허위 매물이 너무 많아서 전화해보면 다 없다고 함...ㅜ",
            "speaker": {
              "id": "1번",
              "sex": "여성",
              "age": "30대"
            },
            "speechAct": "(단언) 진술하기",
            "morpheme": "직방/NNG+에/JKB+허위/NNG+매물/NNG+이/JKS+너무/MAG+많/VA+아서/EC+전화/NNG+해/XSV+EC+보/VX+면/EC+다/MAG+없/VA+다고/EC+함/VX+ETN+./SY+ㅜ/UNKNOWN"
          },
          {
            "id": 4,
            "text": "2 : 직방, 다방, 블로그 다 찾아봤었다 키키",
            "norm_text": "직방, 다방, 블로그 다 찾아봤었다 키키",
            "speaker": {
              "id": "2번",
              "sex": "여성",
              "age": "30대"
            },
            "speechAct": "(단언) 진술하기",
            "morpheme": "직방/NNG+,/SC+다방/NNG+,/SC+블로그/NNG+다/MAG+찾/VV+아/EC+봤었/VX+EP+다키키/NNP"
          },
          {
            "id": 5,
            "text": "1 : 전화해보면 다 없다고 일단 와서 같이 보러 가자 함 키키",
            "norm_text": "전화해보면 다 없다고 일단 와서 같이 보러 가자 함 키키",
            "speaker": {
              "id": "1번",
              "sex": "여성",
              "age": "30대"
            },
            "speechAct": "(단언) 진술하기",
            "morpheme": "전화/NNG+해/XSV+EC+보/VX+면/EC+다/MAG+없/VA+다고/EC+일단/MAG+와서/VV+EC+같이/MAG+보/VV+러/EC+가/VX+자/EC+함/VX+ETN+키/NNG+키/XSV+ETN"
          },
          {
            "id": 6,
            "text": "2 : 그리고는 그냥 부동산에 전화해서 내가 살고 싶은 조건을 말했어",
            "norm_text": "그리고는 그냥 부동산에 전화해서 내가 살고 싶은 조건을 말했어",
            "speaker": {
              "id": "2번",
              "sex": "여성",
              "age": "30대"
            },
            "speechAct": "(단언) 진술하기",
            "morpheme": "그리고/MAJ+는/JX+그냥/MAG+부동산/NNG+에/JKB+전화/NNG+해서/XSV+EC+내/NP+가/JKS+살/VV+고/EC+싶/VX+은/ETM+조건/NNG+을/JKO+말/NNG+했/XSV+EP+어/EC"
          },
          {
            "id": 7,
            "text": "1 : 근데 가보면 내가 원하는 컨디션의 집은 거의 없더라 ㅜ",
            "norm_text": "근데 가보면 내가 원하는 컨디션의 집은 거의 없더라 ㅜ",
            "speaker": {
              "id": "1번",
              "sex": "여성",
              "age": "30대"
            },
            "speechAct": "(단언) 진술하기",
            "morpheme": "근데/MAJ+가/JKS+보/VV+면/EC+내/NP+가/JKS+원/NNG+하/XSV+는/ETM+컨디션/NNG+의/JKG+집/NNG+은/JX+거의/MAG+없/VA+더라/EF+ㅜ/UNKNOWN"
          },
          {
            "id": 8,
            "text": "2 : 지방은 그렇게가 안되는데 서울은 그게 너무 심하더라...",
            "norm_text": "지방은 그렇게가 안되는데 서울은 그게 너무 심하더라...",
            "speaker": {
              "id": "2번",
              "sex": "여성",
              "age": "30대"
            },
            "speechAct": "(단언) 진술하기",
            "morpheme": "지방/NNG+은/JX+그렇/VA+게/EC+가/JKS+안/MAG+되/VV+는데/EC+서울/NNP+은/JX+그게/NP+JKS+너무/MAG+심하/VA+더라/EF+./SY"
          },
          {
            "id": 9,
            "text": "1 : 그니까...ㅜ 좀 젊은 중개인들은 신축 집만 보여줄라 하고...ㅜ",
            "norm_text": "그니까...ㅜ 좀 젊은 중개인들은 신축 집만 보여줄라 하고...ㅜ",
            "speaker": {
              "id": "1번",
              "sex": "여성",
              "age": "30대"
            },
            "speechAct": "(단언) 진술하기",
            "morpheme": "그니까/MAJ+./SY+ㅜ/UNKNOWN+좀/MAG+젊/VA+은/ETM+중개인/NNG+들/XSN+은/JX+신축/NNG+집/NNG+만/JX+보여/VV+EC+줄라/VX+EC+하/VV+고/EC+./SY+./SY+ㅜ/UNKNOWN"
          },
          {
            "id": 10,
            "text": "2 : 적어도 내가 말한 조건에 충족하는 걸 보여줘야지...",
            "norm_text": "적어도 내가 말한 조건에 충족하는 걸 보여줘야지...",
            "speaker": {
              "id": "2번",
              "sex": "여성",
              "age": "30대"
            },
            "speechAct": "(단언) 주장하기",
            "morpheme": "적어도/MAG+내/NP+가/JKS+말/NNG+한/XSA+ETM+조건/NNG+에/JKB+충족/NNG+하/XSV+는/ETM+걸/NNB+JKO+보여/VV+EC+줘야지/VX+EF+./SY"
          },
          {
            "id": 11,
            "text": "1 : 난 굳이 신축 집 선호하는 편이 아니라 구축이라도 괜찮은데 ㅜ",
            "norm_text": "난 굳이 신축 집 선호하는 편이 아니라 구축이라도 괜찮은데 ㅜ",
            "speaker": {
              "id": "1번",
              "sex": "여성",
              "age": "30대"
            },
            "speechAct": "(단언) 주장하기",
            "morpheme": "난/NP+JX+굳이/MAG+신축/NNG+집/NNG+선호/NNG+하/XSV+는/ETM+편/NNB+이/JKC+아니/VCN+라/EC+구축/NNG+이라도/JX+괜찮/VA+은/ETM+데ㅜ/UNKNOWN"
          },
          {
            "id": 12,
            "text": "2 : 난 지금 집에 아주 만족 키키 계단 오르는 게 귀찮긴 하지만!",
            "norm_text": "난 지금 집에 아주 만족 키키 계단 오르는 게 귀찮긴 하지만!",
            "speaker": {
              "id": "2번",
              "sex": "여성",
              "age": "30대"
            },
            "speechAct": "(단언) 주장하기",
            "morpheme": "난/NP+JX+지금/MAG+집/NNG+에/JKB+아주/MAG+만족/NNG+키/NNG+키/NNG+계단/NNG+오르/VV+는/ETM+게/NNB+JKS+귀찮/VA+긴/ETN+JX+하/VX+지만/EC"
          },
          {
            "id": 13,
            "text": "1 : 키키 나도 담에 빌라 같은데 가면 엘베 있는 집으로 가고 싶다 ㅜ",
            "norm_text": "키키 나도 담에 빌라 같은데 가면 엘베 있는 집으로 가고 싶다 ㅜ",
            "speaker": {
              "id": "1번",
              "sex": "여성",
              "age": "30대"
            },
            "speechAct": "(단언) 주장하기",
            "morpheme": "키/NNG+키나/XSA+ETN+JX+도/JX+담/NNG+에/JKB+빌/VV+라/EC+같/VA+은데/EC+가/VX+면/EC+엘/JKB+JKO+베/VV+EC+있/VX+는/ETM+집/NNG+으로/JKB+가/VV+고/EC+싶/VX+다/EF+ㅜ/UNKNOWN"
          },
          {
            "id": 14,
            "text": "2 : 집 신축 급에 구조도 잘빠져서 이쁘거든 하하",
            "norm_text": "집 신축 급에 구조도 잘빠져서 이쁘거든 하하",
            "speaker": {
              "id": "2번",
              "sex": "여성",
              "age": "30대"
            },
            "speechAct": "(단언) 주장하기",
            "morpheme": "집/NNG+신축/NNG+급/NNG+에/JKB+구조/NNG+도/JX+잘/MAG+빠져서/VV+EC+이쁘/VA+거든/EF+하하/MAG"
          },
          {
            "id": 15,
            "text": "1 : 은근히 엘베 없는 집이 힘듦 키키 3층인데... 휴...",
            "norm_text": "은근히 엘베 없는 집이 힘듦 키키 3층인데... 휴...",
            "speaker": {
              "id": "1번",
              "sex": "여성",
              "age": "30대"
            },
            "speechAct": "(단언) 주장하기",
            "morpheme": "은근히/MAG+엘베/NNP+없/VA+는/ETM+집/NNG+이/JKS+힘/NNG+듦키/UNKNOWN+키/NNG+3/SN+층/NNG+인데/VCP+EC+./SY+./SY+휴/IC+./SY"
          },
          {
            "id": 16,
            "text": "2 : 집 꾸미는 걸 좋아해서 그런 거 우선으로 봤지... 벌레도 무섭고",
            "norm_text": "집 꾸미는 걸 좋아해서 그런 거 우선으로 봤지... 벌레도 무섭고",
            "speaker": {
              "id": "2번",
              "sex": "여성",
              "age": "30대"
            },
            "speechAct": "(단언) 진술하기",
            "morpheme": "집/NNG+꾸미/VV+는/ETM+걸/NNB+JKO+좋/VA+아/EC+해서/VV+EC+그런/MM+거/NNB+우선/NNG+으로/JKB+봤/VV+EP+지/EF+./SY+벌레/NNG+도/JX+무섭/VA+고/EC"
          }
        ]
      }
    }
  ]
}