{
  "dataset": {
    "identifier": 76589,
    "name": "KAKAO_904_16_set",
    "src_path": "/data/file/cubeManager/PROJECT001/53/txt20211005153330084437/KAKAO_904_16_set/",
    "label_path": "/data/file/cubeManager/PROJECT001/53/txt20211005153330084437/KAKAO_904_16_set/",
    "category": 2,
    "type": 0
  },
  "licenses": {
    "name": "Apache License 1.0",
    "url": "http://www.apache.org/licenses/LICENSE-1.0"
  },
  "info": [
    {
      "id": 41413,
      "filename": "KAKAO_904_16.txt",
      "title": "KAKAO_904_16",
      "mediatype": "SNS",
      "medianame": "카카오톡",
      "category": "일상대화",
      "date": "2021-10-05",
      "size": 808,
      "annotations": {
        "subject": "미용",
        "speaker_type": "다자간 대화",
        "size": 808,
        "word_size": 271,
        "text": "3 : 이번에 미용실이나 갈라고\n1 : 아 나도 미용실 가야 하는데 시크릿염색하고싶어\n2 : 미용실 가서 뭐 할라구\n2 : 얼마 전에 간 거 아니었냐\n2 : 오오 시크릿 염색?\n3 : 난 탈색 하고 싶어 백금발 키키\n1 : 그거 하면 진짜 머리 다 녹아\n2 : 그니까 난 졸업하기 전에 탈색 해보고 싶은데 머리 감당 안될 듯 그 후에\n3 : 넌 곱슬이라 심할 듯 ㅠㅠ\n3 : 난 그나마 숱도 별로 없어서,\n1 : 아무리 탈색을 해도 눈치 없이 검정색으로 자라나는 내 머리 때문에 돈이 너무 많이 들어\n2 : 키키 맞아...\n2 : 다 돈이고 관리 어차피 못할 거 같아\n2 : 이번 생은 못할 듯\n3 : 머리 밀어버려 그냥 키키\n3 : 재밌겠다\n1 : 키키 나 원래 스무살 되면 머리 밀고 다시 기르려고 했음\n2 : 그거 내 버킷리스트잖아\n2 : 같이할 사람?\n3 : 머리 밀면 자존감 바닥칠 거 같으네\n1 : 어 나는 빠질게\n1 : 대신 응원함\n2 : 그걸 이겨내고 강한 자신을 만드는 거지\n2 : 근데 우리나라에서는 다 아픈 사람으로 봐서 쉽지 않을 듯\n3 : 키키 바로 백혈병 환자 아니면 세상의 반항아\n1 : 아 미안한데 우린 머리 유무 상관없이 그냥 아파 보여 얼굴이\n2 : 키키 그리고 기르는 과정이 너무 이상하더라\n2 : 군인들보다 더 하던데 ㅜㅠ\n3 : 일단 스포츠머리에서 단발로 내려오는 그 구간이 진짜 더벅머리 같아 메이플스토라\n1 : 나는 다 밀고 가발 쓰고 다니려 그랬는데 생각해보니까 기르는 시간 너무 오래 걸림\n2 : 맞아...\n2 : 그 과정이 못할 듯\n2 : 그리고 가발 불편하다며...\n3 : 나 가발 쓰고 다녔었잖아\n3 : 길 걷다가 화나서 다 떼고 버리고 간 적 있음 키키",
        "lines": [
          {
            "id": 1,
            "text": "3 : 이번에 미용실이나 갈라고",
            "norm_text": "이번에 미용실이나 갈라고",
            "speaker": {
              "id": "3번",
              "sex": "여성",
              "age": "20대"
            },
            "speechAct": "(단언) 주장하기",
            "morpheme": "이번/NNG+에/JKB+미용실/NNG+이/JKS+나갈라고/VV+EC"
          },
          {
            "id": 2,
            "text": "1 : 아 나도 미용실 가야 하는데 시크릿염색하고싶어",
            "norm_text": "아 나도 미용실 가야 하는데 시크릿염색하고싶어",
            "speaker": {
              "id": "1번",
              "sex": "여성",
              "age": "20대"
            },
            "speechAct": "(단언) 주장하기",
            "morpheme": "아/IC+나/NP+도/JX+미용실/NNG+가/VV+야/EC+하/VV+는데/EC+시크릿/NNG+염색/NNG+하/XSV+고/EC+싶/VX+어/EC"
          },
          {
            "id": 3,
            "text": "2 : 미용실 가서 뭐 할라구",
            "norm_text": "미용실 가서 뭐 할라구",
            "speaker": {
              "id": "2번",
              "sex": "여성",
              "age": "20대"
            },
            "speechAct": "(단언) 진술하기",
            "morpheme": "미용실/NNG+가/VV+서/EC+뭐/IC+할라구/VV+EC"
          },
          {
            "id": 4,
            "text": "2 : 얼마 전에 간 거 아니었냐",
            "norm_text": "얼마 전에 간 거 아니었냐",
            "speaker": {
              "id": "2번",
              "sex": "여성",
              "age": "20대"
            },
            "speechAct": "(단언) 진술하기",
            "morpheme": "얼마/NNG+전/NNG+에/JKB+간/VV+ETM+거/NNB+아니/VCN+었/EP+냐/EC"
          },
          {
            "id": 5,
            "text": "2 : 오오 시크릿 염색?",
            "norm_text": "오오 시크릿 염색?",
            "speaker": {
              "id": "2번",
              "sex": "여성",
              "age": "20대"
            },
            "speechAct": "(지시) 질문하기",
            "morpheme": "오/NR+오/NR+시크릿/NNG+염색/NNG"
          },
          {
            "id": 6,
            "text": "3 : 난 탈색 하고 싶어 백금발 키키",
            "norm_text": "난 탈색 하고 싶어 백금발 키키",
            "speaker": {
              "id": "3번",
              "sex": "여성",
              "age": "20대"
            },
            "speechAct": "(단언) 주장하기",
            "morpheme": "난/NP+JX+탈색/NNG+하/XSV+고/EC+싶/VX+어/EC+백/NR+금발/NNG+키/NNG+키/XSV+ETN"
          },
          {
            "id": 7,
            "text": "1 : 그거 하면 진짜 머리 다 녹아",
            "norm_text": "그거 하면 진짜 머리 다 녹아",
            "speaker": {
              "id": "1번",
              "sex": "여성",
              "age": "20대"
            },
            "speechAct": "(단언) 진술하기",
            "morpheme": "그거/NP+하/VV+면/EC+진짜/MAG+머리/NNG+다/MAG+녹/VV+아/EC"
          },
          {
            "id": 8,
            "text": "2 : 그니까 난 졸업하기 전에 탈색 해보고 싶은데 머리 감당 안될 듯 그 후에",
            "norm_text": "그니까 난 졸업하기 전에 탈색 해보고 싶은데 머리 감당 안될 듯 그 후에",
            "speaker": {
              "id": "2번",
              "sex": "여성",
              "age": "20대"
            },
            "speechAct": "(단언) 진술하기",
            "morpheme": "그니까/MAJ+난/NP+JX+졸업/NNG+하/XSV+기/ETN+전/NNG+에/JKB+탈색/NNG+해/XSV+EC+보/VX+고/EC+싶/VX+은데/EC+머리/NNG+감당/NNG+안/MAG+될/VV+ETM+듯/NNB+그/MM+후/NNG+에/JKB"
          },
          {
            "id": 9,
            "text": "3 : 넌 곱슬이라 심할 듯 ㅠㅠ",
            "norm_text": "넌 곱슬이라 심할 듯 ㅠㅠ",
            "speaker": {
              "id": "3번",
              "sex": "여성",
              "age": "20대"
            },
            "speechAct": "(단언) 진술하기",
            "morpheme": "넌/NP+JX+곱슬/MAG+이/MM+라심/NNP+할/VV+ETM+듯/NNB+ㅠㅠ/UNKNOWN"
          },
          {
            "id": 10,
            "text": "3 : 난 그나마 숱도 별로 없어서,",
            "norm_text": "난 그나마 숱도 별로 없어서,",
            "speaker": {
              "id": "3번",
              "sex": "여성",
              "age": "20대"
            },
            "speechAct": "(단언) 진술하기",
            "morpheme": "난/NP+JX+그나마/MAG+숱/NNG+도/JX+별로/MAG+없/VA+어서/EC+,/SC"
          },
          {
            "id": 11,
            "text": "1 : 아무리 탈색을 해도 눈치 없이 검정색으로 자라나는 내 머리 때문에 돈이 너무 많이 들어",
            "norm_text": "아무리 탈색을 해도 눈치 없이 검정색으로 자라나는 내 머리 때문에 돈이 너무 많이 들어",
            "speaker": {
              "id": "1번",
              "sex": "여성",
              "age": "20대"
            },
            "speechAct": "(단언) 진술하기",
            "morpheme": "아무리/MAG+탈색/NNG+을/JKO+해도/VV+EC+눈치/NNG+없이/MAG+검정/NNG+색/NNG+으로/JKB+자라나/VV+는/ETM+내/NP+JKG+머리/NNG+때문/NNB+에/JKB+돈/NNG+이/JKS+너무/MAG+많이/MAG+들/VV+어/EC"
          },
          {
            "id": 12,
            "text": "2 : 키키 맞아...",
            "norm_text": "키키 맞아...",
            "speaker": {
              "id": "2번",
              "sex": "여성",
              "age": "20대"
            },
            "speechAct": "(단언) 주장하기",
            "morpheme": "키/NNG+키/XSV+ETN+맞/VV+아/EF+./SY"
          },
          {
            "id": 13,
            "text": "2 : 다 돈이고 관리 어차피 못할 거 같아",
            "norm_text": "다 돈이고 관리 어차피 못할 거 같아",
            "speaker": {
              "id": "2번",
              "sex": "여성",
              "age": "20대"
            },
            "speechAct": "(단언) 주장하기",
            "morpheme": "다/MAG+돈/NNG+이/VCP+고/EC+관리/NNG+어차피/MAG+못/MAG+할/VV+ETM+거/NNB+같/VA+아/EC"
          },
          {
            "id": 14,
            "text": "2 : 이번 생은 못할 듯",
            "norm_text": "이번 생은 못할 듯",
            "speaker": {
              "id": "2번",
              "sex": "여성",
              "age": "20대"
            },
            "speechAct": "(단언) 주장하기",
            "morpheme": "이번/NNG+생/XSN+은/JX+못/MAG+할/VV+ETM+듯/NNB"
          },
          {
            "id": 15,
            "text": "3 : 머리 밀어버려 그냥 키키",
            "norm_text": "머리 밀어버려 그냥 키키",
            "speaker": {
              "id": "3번",
              "sex": "여성",
              "age": "20대"
            },
            "speechAct": "(지시) 충고/제안하기",
            "morpheme": "머리/NNG+밀/VV+어/EC+버려/VX+EC+그냥/MAG+키/NNG+키/XSV+ETN"
          },
          {
            "id": 16,
            "text": "3 : 재밌겠다",
            "norm_text": "재밌겠다",
            "speaker": {
              "id": "3번",
              "sex": "여성",
              "age": "20대"
            },
            "speechAct": "(단언) 주장하기",
            "morpheme": "재밌/VA+겠/EP+다/EC"
          },
          {
            "id": 17,
            "text": "1 : 키키 나 원래 스무살 되면 머리 밀고 다시 기르려고 했음",
            "norm_text": "키키 나 원래 스무살 되면 머리 밀고 다시 기르려고 했음",
            "speaker": {
              "id": "1번",
              "sex": "여성",
              "age": "20대"
            },
            "speechAct": "(단언) 주장하기",
            "morpheme": "키/NNG+키나/XSA+ETN+JX+원래/MAG+스무/MM+살/NNBC+되/VV+면/EC+머리/NNG+밀/VV+고/EC+다시/MAG+기르/VV+려고/EC+했/VX+EP+음/ETN"
          },
          {
            "id": 18,
            "text": "2 : 그거 내 버킷리스트잖아",
            "norm_text": "그거 내 버킷리스트잖아",
            "speaker": {
              "id": "2번",
              "sex": "여성",
              "age": "20대"
            },
            "speechAct": "(단언) 진술하기",
            "morpheme": "그거/NP+내/NP+JKG+버킷/NNG+리스트/NNG+잖아/VCP+EC+VX+EC"
          },
          {
            "id": 19,
            "text": "2 : 같이할 사람?",
            "norm_text": "같이할 사람?",
            "speaker": {
              "id": "2번",
              "sex": "여성",
              "age": "20대"
            },
            "speechAct": "(지시) 질문하기",
            "morpheme": "같이/MAG+할/VV+ETM+사람/NNG"
          },
          {
            "id": 20,
            "text": "3 : 머리 밀면 자존감 바닥칠 거 같으네",
            "norm_text": "머리 밀면 자존감 바닥칠 거 같으네",
            "speaker": {
              "id": "3번",
              "sex": "여성",
              "age": "20대"
            },
            "speechAct": "(단언) 주장하기",
            "morpheme": "머리/NNG+밀/VV+면/EC+자존/NNG+감바/NNG+닥칠/VV+ETM+거/NNB+같/VA+으네/EF"
          },
          {
            "id": 21,
            "text": "1 : 어 나는 빠질게",
            "norm_text": "어 나는 빠질게",
            "speaker": {
              "id": "1번",
              "sex": "여성",
              "age": "20대"
            },
            "speechAct": "(단언) 주장하기",
            "morpheme": "어/IC+나/NP+는/JX+빠질/VV+ETM+게/NNB+JKS"
          },
          {
            "id": 22,
            "text": "1 : 대신 응원함",
            "norm_text": "대신 응원함",
            "speaker": {
              "id": "1번",
              "sex": "여성",
              "age": "20대"
            },
            "speechAct": "(단언) 진술하기",
            "morpheme": "대신/NNG+응원/NNG+함/XSV+ETN"
          },
          {
            "id": 23,
            "text": "2 : 그걸 이겨내고 강한 자신을 만드는 거지",
            "norm_text": "그걸 이겨내고 강한 자신을 만드는 거지",
            "speaker": {
              "id": "2번",
              "sex": "여성",
              "age": "20대"
            },
            "speechAct": "(단언) 진술하기",
            "morpheme": "그걸/NP+JKO+이겨/VV+EC+내/VX+고/EC+강한/VA+ETM+자신/NNG+을/JKO+만드/VV+는/ETM+거/NNB+지/VCP+EC"
          },
          {
            "id": 24,
            "text": "2 : 근데 우리나라에서는 다 아픈 사람으로 봐서 쉽지 않을 듯",
            "norm_text": "근데 우리나라에서는 다 아픈 사람으로 봐서 쉽지 않을 듯",
            "speaker": {
              "id": "2번",
              "sex": "여성",
              "age": "20대"
            },
            "speechAct": "(단언) 진술하기",
            "morpheme": "근데/MAJ+우리/NP+나라/NNG+에서/JKB+는/JX+다/MAG+아픈/VA+ETM+사람/NNG+으로/JKB+봐서/VV+EC+쉽/VA+지/EC+않/VX+을/ETM+듯/NNB"
          },
          {
            "id": 25,
            "text": "3 : 키키 바로 백혈병 환자 아니면 세상의 반항아",
            "norm_text": "키키 바로 백혈병 환자 아니면 세상의 반항아",
            "speaker": {
              "id": "3번",
              "sex": "여성",
              "age": "20대"
            },
            "speechAct": "(단언) 진술하기",
            "morpheme": "키/NNG+키/XSV+ETN+바로/MAG+백혈병/NNG+환자/NNG+아니/VCN+면/EC+세상/NNG+의/JKG+반항아/NNG"
          },
          {
            "id": 26,
            "text": "1 : 아 미안한데 우린 머리 유무 상관없이 그냥 아파 보여 얼굴이",
            "norm_text": "아 미안한데 우린 머리 유무 상관없이 그냥 아파 보여 얼굴이",
            "speaker": {
              "id": "1번",
              "sex": "여성",
              "age": "20대"
            },
            "speechAct": "(단언) 진술하기",
            "morpheme": "아/IC+미안/NNG+한데/XSA+EC+우린/NP+JX+머리/NNG+유무/NNG+상관없이/MAG+그냥/MAG+아파/VA+EC+보여/VV+EC+얼굴/NNG+이/JKS"
          },
          {
            "id": 27,
            "text": "2 : 키키 그리고 기르는 과정이 너무 이상하더라",
            "norm_text": "키키 그리고 기르는 과정이 너무 이상하더라",
            "speaker": {
              "id": "2번",
              "sex": "여성",
              "age": "20대"
            },
            "speechAct": "(단언) 진술하기",
            "morpheme": "키/NNG+키/XSV+ETN+그리고/MAJ+기르/VV+는/ETM+과정/NNG+이/JKS+너무/MAG+이상/NNG+하/XSV+더라/EC"
          },
          {
            "id": 28,
            "text": "2 : 군인들보다 더 하던데 ㅜㅠ",
            "norm_text": "군인들보다 더 하던데 ㅜㅠ",
            "speaker": {
              "id": "2번",
              "sex": "여성",
              "age": "20대"
            },
            "speechAct": "(단언) 진술하기",
            "morpheme": "군인/NNG+들/XSN+보다/JKB+더/MAG+하/VV+던데/EC+ㅜㅠ/UNKNOWN"
          },
          {
            "id": 29,
            "text": "3 : 일단 스포츠머리에서 단발로 내려오는 그 구간이 진짜 더벅머리 같아 메이플스토라",
            "norm_text": "일단 스포츠머리에서 단발로 내려오는 그 구간이 진짜 더벅머리 같아 메이플스토라",
            "speaker": {
              "id": "3번",
              "sex": "여성",
              "age": "20대"
            },
            "speechAct": "(단언) 진술하기",
            "morpheme": "일단/MAG+스포츠머리/NNG+에서/JKB+단발/NNG+로/JKB+내려오/VV+는/ETM+그/MM+구간/NNG+이/JKS+진짜/MAG+더벅머리/NNG+같/VA+아/EC+메이플스/NNP+토라/NNG"
          },
          {
            "id": 30,
            "text": "1 : 나는 다 밀고 가발 쓰고 다니려 그랬는데 생각해보니까 기르는 시간 너무 오래 걸림",
            "norm_text": "나는 다 밀고 가발 쓰고 다니려 그랬는데 생각해보니까 기르는 시간 너무 오래 걸림",
            "speaker": {
              "id": "1번",
              "sex": "여성",
              "age": "20대"
            },
            "speechAct": "(단언) 진술하기",
            "morpheme": "나/NP+는/JX+다/MAG+밀/VV+고/EC+가발/NNG+쓰/VV+고/EC+다니/VV+려/EC+그랬/VV+EP+는데/EC+생각/NNG+해/XSV+EC+보/VX+니까/EC+기르/VV+는/ETM+시간/NNG+너무/MAG+오래/MAG+걸림/VV+ETN"
          },
          {
            "id": 31,
            "text": "2 : 맞아...",
            "norm_text": "맞아...",
            "speaker": {
              "id": "2번",
              "sex": "여성",
              "age": "20대"
            },
            "speechAct": "(단언) 주장하기",
            "morpheme": "맞/VV+아/EF+./SY"
          },
          {
            "id": 32,
            "text": "2 : 그 과정이 못할 듯",
            "norm_text": "그 과정이 못할 듯",
            "speaker": {
              "id": "2번",
              "sex": "여성",
              "age": "20대"
            },
            "speechAct": "(단언) 주장하기",
            "morpheme": "그/MM+과정/NNG+이/JKS+못/MAG+할/VV+ETM+듯/NNB"
          },
          {
            "id": 33,
            "text": "2 : 그리고 가발 불편하다며...",
            "norm_text": "그리고 가발 불편하다며...",
            "speaker": {
              "id": "2번",
              "sex": "여성",
              "age": "20대"
            },
            "speechAct": "(단언) 진술하기",
            "morpheme": "그리고/MAJ+가발/NNG+불편/NNG+하/XSA+다며/EF+./SY"
          },
          {
            "id": 34,
            "text": "3 : 나 가발 쓰고 다녔었잖아",
            "norm_text": "나 가발 쓰고 다녔었잖아",
            "speaker": {
              "id": "3번",
              "sex": "여성",
              "age": "20대"
            },
            "speechAct": "(단언) 진술하기",
            "morpheme": "나/NP+가/JKS+발/NNG+쓰/VV+고/EC+다녔/VV+EP+었잖/EC+VX+아/EC"
          },
          {
            "id": 35,
            "text": "3 : 길 걷다가 화나서 다 떼고 버리고 간 적 있음 키키",
            "norm_text": "길 걷다가 화나서 다 떼고 버리고 간 적 있음 키키",
            "speaker": {
              "id": "3번",
              "sex": "여성",
              "age": "20대"
            },
            "speechAct": "(단언) 진술하기",
            "morpheme": "길/NNG+걷/VV+다가/EC+화나/VV+서/EC+다/MAG+떼/VV+고/EC+버리/VX+고/EC+간/VV+ETM+적/NNB+있/VA+음/ETN+키/NNG+키/XSV+ETN"
          }
        ]
      }
    }
  ]
}