{
  "dataset": {
    "identifier": 34251,
    "name": "KAKAO_931_07_set",
    "src_path": "/data/file/cubeManager/PROJECT001/53/txt20211005162130066311/KAKAO_931_07_set/",
    "label_path": "/data/file/cubeManager/PROJECT001/53/txt20211005162130066311/KAKAO_931_07_set/",
    "category": 2,
    "type": 0
  },
  "licenses": {
    "name": "Apache License 1.0",
    "url": "http://www.apache.org/licenses/LICENSE-1.0"
  },
  "info": [
    {
      "id": 42184,
      "filename": "KAKAO_931_07.txt",
      "title": "KAKAO_931_07",
      "mediatype": "SNS",
      "medianame": "카카오톡",
      "category": "일상대화",
      "date": "2021-10-05",
      "size": 595,
      "annotations": {
        "subject": "가족",
        "speaker_type": "1:1",
        "size": 595,
        "word_size": 205,
        "text": "1 : 너 이번에 추석에 부모님 용돈 따로 드려?\n2 : 휴 그거 고민이야…\n2 : 근데 난 이번에 엄마 뭐 사줘서 그걸로 퉁치게\n1 : 한 얼마 정도?\n1 : 20만원 짜리 선물?\n2 : 추석 용돈으로 퉁칠라 했던 건 아닌데… 어쩌다 보니 글케 돼서\n1 : 아 그게 나을 수도 ㅠ 난 얼마 줄지 고민이네 ㅠ\n2 : 너도 애매하지 ㅠ\n2 : 아 난 웃긴 게 맨날 내가 작년에 얼마 했는지 까먹음\n1 : 헐 나도 키키 걍 정해 놓으면 내 맘도 편할 텐데 내가 맨날 까먹음\n2 : 그니까 ㅠ 그래서 맨날 휴 작년에 얼마 했지 올해는 얼마 하지 고민함\n1 : 키키 사람 사는 거 역시 다 똑같구만… 어렵다 어려워 금붕어 기억력\n2 : ㄹㅇ ㅠㅠ 이게 금붕어지 뭐가 금붕어냐 ㅠ 그래서 너 얼마 하는데\n1 : 나 한 10만 원만 할까 봐 이번에 명절 떡 값도 얼마 안 나와 가지고 ㅠ\n2 : 아 그러면 ㅠㅠ 10만 하면 되지 뭐 ㅠ 솔직히 아빠가 나보다 더 버는데 ㅠ\n1 : 키키 야 나두 키키 솔직히 내가 더 돈이 없는 걸\n2 : 맞아 그냥 효심으로 드리는 것이다 부모님 용돈은\n1 : 키키 그니까 부모님 기분 내라고 드리는 거지 에휴 ㅠ\n2 : 키키 에휴… 10만원만 해두 부모님은 기뻐 하실꺼야 ㅠ",
        "lines": [
          {
            "id": 1,
            "text": "1 : 너 이번에 추석에 부모님 용돈 따로 드려?",
            "norm_text": "너 이번에 추석에 부모님 용돈 따로 드려?",
            "speaker": {
              "id": "1번",
              "sex": "여성",
              "age": "20대"
            },
            "speechAct": "(지시) 질문하기",
            "morpheme": "너/NP+이번/NNG+에/JKB+추석/NNG+에/JKB+부모/NNG+님/XSN+용돈/NNG+따로/MAG+드려/VV+EF"
          },
          {
            "id": 2,
            "text": "2 : 휴 그거 고민이야…",
            "norm_text": "휴 그거 고민이야…",
            "speaker": {
              "id": "2번",
              "sex": "여성",
              "age": "20대"
            },
            "speechAct": "(단언) 주장하기",
            "morpheme": "휴/IC+그거/NP+고민/NNG+이/VCP+야/EC+…/SE"
          },
          {
            "id": 3,
            "text": "2 : 근데 난 이번에 엄마 뭐 사줘서 그걸로 퉁치게",
            "norm_text": "근데 난 이번에 엄마 뭐 사줘서 그걸로 퉁치게",
            "speaker": {
              "id": "2번",
              "sex": "여성",
              "age": "20대"
            },
            "speechAct": "(단언) 주장하기",
            "morpheme": "근데/MAJ+난/NP+JX+이번/NNG+에/JKB+엄마/NNG+뭐/IC+사/VV+EC+줘서/VX+EC+그걸로/NP+JKB+퉁/MAG+치/VV+게/EC"
          },
          {
            "id": 4,
            "text": "1 : 한 얼마 정도?",
            "norm_text": "한 얼마 정도?",
            "speaker": {
              "id": "1번",
              "sex": "여성",
              "age": "20대"
            },
            "speechAct": "(지시) 질문하기",
            "morpheme": "한/MM+얼마/NNG+정도/NNG"
          },
          {
            "id": 5,
            "text": "1 : 20만원 짜리 선물?",
            "norm_text": "20만원 짜리 선물?",
            "speaker": {
              "id": "1번",
              "sex": "여성",
              "age": "20대"
            },
            "speechAct": "(지시) 질문하기",
            "morpheme": "20/SN+만/NR+원/NNBC+짜리/XSN+선물/NNG"
          },
          {
            "id": 6,
            "text": "2 : 추석 용돈으로 퉁칠라 했던 건 아닌데… 어쩌다 보니 글케 돼서",
            "norm_text": "추석 용돈으로 퉁칠라 했던 건 아닌데… 어쩌다 보니 글케 돼서",
            "speaker": {
              "id": "2번",
              "sex": "여성",
              "age": "20대"
            },
            "speechAct": "(단언) 주장하기",
            "morpheme": "추석용/NNP+돈/NNG+으로/JKB+퉁/MAG+칠/NR+라/VCP+EC+했/VX+EP+던/ETM+건/NNB+JX+아닌데/VCN+EC+…/SE+어쩌다/MAJ+보/VV+니/EC+글/NNG+케/XSV+EC+돼서/VV+EC"
          },
          {
            "id": 7,
            "text": "1 : 아 그게 나을 수도 ㅠ 난 얼마 줄지 고민이네 ㅠ",
            "norm_text": "아 그게 나을 수도 ㅠ 난 얼마 줄지 고민이네 ㅠ",
            "speaker": {
              "id": "1번",
              "sex": "여성",
              "age": "20대"
            },
            "speechAct": "(단언) 주장하기",
            "morpheme": "아/IC+그게/NP+JKS+나을/VA+ETM+수/NNB+도/JX+ㅠ난/UNKNOWN+얼마/NNG+줄지/VV+EC+고민/NNG+이/JKS+네ㅠ/UNKNOWN"
          },
          {
            "id": 8,
            "text": "2 : 너도 애매하지 ㅠ",
            "norm_text": "너도 애매하지 ㅠ",
            "speaker": {
              "id": "2번",
              "sex": "여성",
              "age": "20대"
            },
            "speechAct": "(단언) 주장하기",
            "morpheme": "너/NP+도/JX+애매/XR+하/XSA+지/EF+ㅠ/UNKNOWN"
          },
          {
            "id": 9,
            "text": "2 : 아 난 웃긴 게 맨날 내가 작년에 얼마 했는지 까먹음",
            "norm_text": "아 난 웃긴 게 맨날 내가 작년에 얼마 했는지 까먹음",
            "speaker": {
              "id": "2번",
              "sex": "여성",
              "age": "20대"
            },
            "speechAct": "(단언) 주장하기",
            "morpheme": "아/IC+난/NP+JX+웃긴/VV+ETM+게/NNB+JKS+맨날/MAG+내/NP+가/JKS+작년/NNG+에/JKB+얼마/NNG+했/XSV+EP+는지/EC+까먹/VV+음/ETN"
          },
          {
            "id": 10,
            "text": "1 : 헐 나도 키키 걍 정해 놓으면 내 맘도 편할 텐데 내가 맨날 까먹음",
            "norm_text": "헐 나도 키키 걍 정해 놓으면 내 맘도 편할 텐데 내가 맨날 까먹음",
            "speaker": {
              "id": "1번",
              "sex": "여성",
              "age": "20대"
            },
            "speechAct": "(단언) 주장하기",
            "morpheme": "헐/IC+나/NP+도/JX+키/NNG+키걍/UNKNOWN+정해/VV+EC+놓/VX+으면/EC+내/NP+JKG+맘/NNG+도/JX+편할/VA+ETM+텐데/NNB+VCP+EC+내/NP+가/JKS+맨날/MAG+까먹/VV+음/ETN"
          },
          {
            "id": 11,
            "text": "2 : 그니까 ㅠ 그래서 맨날 휴 작년에 얼마 했지 올해는 얼마 하지 고민함",
            "norm_text": "그니까 ㅠ 그래서 맨날 휴 작년에 얼마 했지 올해는 얼마 하지 고민함",
            "speaker": {
              "id": "2번",
              "sex": "여성",
              "age": "20대"
            },
            "speechAct": "(단언) 주장하기",
            "morpheme": "그니까/MAJ+ㅠ/UNKNOWN+그래서/MAJ+맨날/MAG+휴/IC+작년/NNG+에/JKB+얼마/NNG+했/XSV+EP+지/EC+올해/NNG+는/JX+얼마/NNG+하/XSV+지/EC+고민/NNG+함/XSV+ETN"
          },
          {
            "id": 12,
            "text": "1 : 키키 사람 사는 거 역시 다 똑같구만… 어렵다 어려워 금붕어 기억력",
            "norm_text": "키키 사람 사는 거 역시 다 똑같구만… 어렵다 어려워 금붕어 기억력",
            "speaker": {
              "id": "1번",
              "sex": "여성",
              "age": "20대"
            },
            "speechAct": "(단언) 주장하기",
            "morpheme": "키/NNG+키/NNG+사람/NNG+사/VV+는/ETM+거/NNB+역시/MAJ+다/MAG+똑같/VA+구만/EC+…/SE+어렵/VA+다/EC+어려워/VA+EC+금붕어/NNG+기억력/NNG"
          },
          {
            "id": 13,
            "text": "2 : ㄹㅇ ㅠㅠ 이게 금붕어지 뭐가 금붕어냐 ㅠ 그래서 너 얼마 하는데",
            "norm_text": "ㄹㅇ ㅠㅠ 이게 금붕어지 뭐가 금붕어냐 ㅠ 그래서 너 얼마 하는데",
            "speaker": {
              "id": "2번",
              "sex": "여성",
              "age": "20대"
            },
            "speechAct": "(지시) 질문하기",
            "morpheme": "ㄹㅇ/UNKNOWN+ㅠㅠ/UNKNOWN+이게/NP+JKS+금붕어/NNG+지/VCP+EF+뭐/NP+가/JKS+금붕어/NNG+냐ㅠ/UNKNOWN+그래서/MAJ+너/NP+얼마/NNG+하/XSV+는데/EC"
          },
          {
            "id": 14,
            "text": "1 : 나 한 10만 원만 할까 봐 이번에 명절 떡 값도 얼마 안 나와 가지고 ㅠ",
            "norm_text": "나 한 10만 원만 할까 봐 이번에 명절 떡 값도 얼마 안 나와 가지고 ㅠ",
            "speaker": {
              "id": "1번",
              "sex": "여성",
              "age": "20대"
            },
            "speechAct": "(단언) 주장하기",
            "morpheme": "나/NP+한/MM+10/SN+만/NR+원/NNBC+만/JX+할까봐/VX+EC+VX+EC+이번/NNG+에/JKB+명절/NNG+떡값/NNG+도/JX+얼마/NNG+안/MAG+나와/VV+EC+가지/VX+고/EC+ㅠ/UNKNOWN"
          },
          {
            "id": 15,
            "text": "2 : 아 그러면 ㅠㅠ 10만 하면 되지 뭐 ㅠ 솔직히 아빠가 나보다 더 버는데 ㅠ",
            "norm_text": "아 그러면 ㅠㅠ 10만 하면 되지 뭐 ㅠ 솔직히 아빠가 나보다 더 버는데 ㅠ",
            "speaker": {
              "id": "2번",
              "sex": "여성",
              "age": "20대"
            },
            "speechAct": "(단언) 주장하기",
            "morpheme": "아그러면ㅠㅠ/UNKNOWN+10/SN+만하면/ETM+NNB+XSA+EC+되/VV+지/EC+뭐ㅠ/UNKNOWN+솔직히/MAG+아빠/NNG+가/JKS+나/NP+보다/JKB+더/MAG+버/VV+는/ETM+데ㅠ/UNKNOWN"
          },
          {
            "id": 16,
            "text": "1 : 키키 야 나두 키키 솔직히 내가 더 돈이 없는 걸",
            "norm_text": "키키 야 나두 키키 솔직히 내가 더 돈이 없는 걸",
            "speaker": {
              "id": "1번",
              "sex": "여성",
              "age": "20대"
            },
            "speechAct": "(단언) 주장하기",
            "morpheme": "키키/NNP+야/JKV+나/NP+두/JX+키/NNG+키/XSV+ETN+솔직히/MAG+내/NP+가/JKS+더/MAG+돈/NNG+이/JKS+없/VA+는/ETM+걸/NNB+JKO"
          },
          {
            "id": 17,
            "text": "2 : 맞아 그냥 효심으로 드리는 것이다 부모님 용돈은",
            "norm_text": "맞아 그냥 효심으로 드리는 것이다 부모님 용돈은",
            "speaker": {
              "id": "2번",
              "sex": "여성",
              "age": "20대"
            },
            "speechAct": "(단언) 주장하기",
            "morpheme": "맞/VV+아/EC+그냥/MAG+효심/NNG+으로/JKB+드리/VV+는/ETM+것/NNB+이/JKS+다/MAG+부모/NNG+님/XSN+용돈/NNG+은/JX"
          },
          {
            "id": 18,
            "text": "1 : 키키 그니까 부모님 기분 내라고 드리는 거지 에휴 ㅠ",
            "norm_text": "키키 그니까 부모님 기분 내라고 드리는 거지 에휴 ㅠ",
            "speaker": {
              "id": "1번",
              "sex": "여성",
              "age": "20대"
            },
            "speechAct": "(단언) 주장하기",
            "morpheme": "키/NNG+키/XSV+ETN+그니까/MAJ+부모/NNG+님/XSN+기분/NNG+내/VV+라고/EC+드리/VX+는/ETM+거지/NNG+에/JKB+휴ㅠ/UNKNOWN"
          },
          {
            "id": 19,
            "text": "2 : 키키 에휴… 10만원만 해두 부모님은 기뻐 하실꺼야 ㅠ",
            "norm_text": "키키 에휴… 10만원만 해두 부모님은 기뻐 하실꺼야 ㅠ",
            "speaker": {
              "id": "2번",
              "sex": "여성",
              "age": "20대"
            },
            "speechAct": "(단언) 주장하기",
            "morpheme": "키/NNG+키/NNG+에/JKB+휴/IC+…/SE+10/SN+만/NR+원/NNBC+만/JX+해두/VV+EC+부모/NNG+님/XSN+은/JX+기뻐하/VV+실/EP+ETM+꺼/NNB+VCP+야/EF+ㅠ/UNKNOWN"
          }
        ]
      }
    }
  ]
}