{
  "dataset": {
    "identifier": 50978,
    "name": "KAKAO_997_19_set",
    "src_path": "/data/file/cubeManager/PROJECT001/53/txt20211006140435083120/KAKAO_997_19_set/",
    "label_path": "/data/file/cubeManager/PROJECT001/53/txt20211006140435083120/KAKAO_997_19_set/",
    "category": 2,
    "type": 0
  },
  "licenses": {
    "name": "Apache License 1.0",
    "url": "http://www.apache.org/licenses/LICENSE-1.0"
  },
  "info": [
    {
      "id": 45350,
      "filename": "KAKAO_997_19.txt",
      "title": "KAKAO_997_19",
      "mediatype": "SNS",
      "medianame": "카카오톡",
      "category": "일상대화",
      "date": "2021-10-06",
      "size": 501,
      "annotations": {
        "subject": "방송/연예",
        "speaker_type": "1:1",
        "size": 501,
        "word_size": 163,
        "text": "1 : 니 갯마을 차차차라는 드라마 보나?\n2 : 아닝, 최근에 본 건 오징어 게임이 다야\n1 : 김선호랑 신민아 나오는 드라만데 키키 그림 체가 예쁘다고 난리났더라 키키\n2 : 신민아 이뿌지 키키 웃는 게 넘 이뻐\n1 : 그니까 키키 왜 신민아는 늙지 않는가?\n2 : 요즘 연예인들은 왜 안 늙을까 키키\n1 : 김선호도 웃는 게 예쁘더라 키키\n1 : 뭔가 사람이 깨끗하게 생겼어 키키\n2 : 피부가 좋으면 사람이 더 이뻐 보이는 듯 키키\n1 : 웃는 게 예쁜 것이 닮아 보여서 신민아랑 김선호 그림체가 비슷하다고 하나 봐 키키\n2 : 그런가 봐 키키 사람은 닮은 사람끼리 더 끌린다고도 하잖아\n1 : 응응 둘 다 피부도 뽀얗고 입술은 빨갛고 보조개도 둘 다 있어 키키\n2 : 키키 피부 좋은 사람 넘 부럽다...\n1 : 보조개 있는 사람들 너무 귀여운 거 같아 키키\n2 : 응 키키 보조개 수술 하는 사람도 있잖아\n1 : 아...? 진짜?\n1 : 보조개를 어째 수술로 만드는고?\n2 : 나는 보조개 턱 쪽에 하나 있다! 키키",
        "lines": [
          {
            "id": 1,
            "text": "1 : 니 갯마을 차차차라는 드라마 보나?",
            "norm_text": "니 갯마을 차차차라는 드라마 보나?",
            "speaker": {
              "id": "1번",
              "sex": "여성",
              "age": "30대"
            },
            "speechAct": "(지시) 질문하기",
            "morpheme": "니/MM+갯마을/NNG+차차차/NNG+라는/VCP+ETM+드라마/NNG+보/VV+나/EF"
          },
          {
            "id": 2,
            "text": "2 : 아닝, 최근에 본 건 오징어 게임이 다야",
            "norm_text": "아닝, 최근에 본 건 오징어 게임이 다야",
            "speaker": {
              "id": "2번",
              "sex": "여성",
              "age": "30대"
            },
            "speechAct": "(단언) 주장하기",
            "morpheme": "아닝/NNP+,/SC+최근/NNG+에/JKB+본/VV+ETM+건오징어/NNG+게임/NNG+이/VCP+다야/EC"
          },
          {
            "id": 3,
            "text": "1 : 김선호랑 신민아 나오는 드라만데 키키 그림 체가 예쁘다고 난리났더라 키키",
            "norm_text": "김선호랑 신민아 나오는 드라만데 키키 그림 체가 예쁘다고 난리났더라 키키",
            "speaker": {
              "id": "1번",
              "sex": "여성",
              "age": "30대"
            },
            "speechAct": "(단언) 진술하기",
            "morpheme": "김선호/NNP+랑/JC+신민아/NNP+나오/VV+는/ETM+드라만데/NNG+VCP+EC+키/NNG+키/NNG+그림/NNG+체가/NNG+예쁘/VA+다고/EC+난리/NNG+났/VV+EP+더라/EF+키/NNG+키/XSV+ETN"
          },
          {
            "id": 4,
            "text": "2 : 신민아 이뿌지 키키 웃는 게 넘 이뻐",
            "norm_text": "신민아 이뿌지 키키 웃는 게 넘 이뻐",
            "speaker": {
              "id": "2번",
              "sex": "여성",
              "age": "30대"
            },
            "speechAct": "(단언) 주장하기",
            "morpheme": "신민아/NNP+이/XSN+뿌/VX+지/EC+키/NNG+키/XSV+ETN+웃/VV+는/ETM+게/NNB+JKS+넘/MAG+이뻐/VA+EC"
          },
          {
            "id": 5,
            "text": "1 : 그니까 키키 왜 신민아는 늙지 않는가?",
            "norm_text": "그니까 키키 왜 신민아는 늙지 않는가?",
            "speaker": {
              "id": "1번",
              "sex": "여성",
              "age": "30대"
            },
            "speechAct": "(단언) 주장하기",
            "morpheme": "그니까/MAJ+키/NNG+키/XSV+ETN+왜/MAG+신민아/NNP+는/JX+늙/VV+지/EC+않/VX+는가/EF"
          },
          {
            "id": 6,
            "text": "2 : 요즘 연예인들은 왜 안 늙을까 키키",
            "norm_text": "요즘 연예인들은 왜 안 늙을까 키키",
            "speaker": {
              "id": "2번",
              "sex": "여성",
              "age": "30대"
            },
            "speechAct": "(지시) 질문하기",
            "morpheme": "요즘/NNG+연예인/NNG+들/XSN+은/JX+왜/MAG+안/MAG+늙/VV+을까/EC+키/NNG+키/XSV+ETN"
          },
          {
            "id": 7,
            "text": "1 : 김선호도 웃는 게 예쁘더라 키키",
            "norm_text": "김선호도 웃는 게 예쁘더라 키키",
            "speaker": {
              "id": "1번",
              "sex": "여성",
              "age": "30대"
            },
            "speechAct": "(단언) 진술하기",
            "morpheme": "김선호/NNP+도/JX+웃/VV+는/ETM+게/NNB+JKS+예쁘/VA+더라/EC+키/NNG+키/XSV+ETN"
          },
          {
            "id": 8,
            "text": "1 : 뭔가 사람이 깨끗하게 생겼어 키키",
            "norm_text": "뭔가 사람이 깨끗하게 생겼어 키키",
            "speaker": {
              "id": "1번",
              "sex": "여성",
              "age": "30대"
            },
            "speechAct": "(단언) 주장하기",
            "morpheme": "뭔가/NP+VCP+EC+사람/NNG+이/JKS+깨끗/XR+하/XSA+게/EC+생겼/VV+EP+어/EC+키/NNG+키/XSV+ETN"
          },
          {
            "id": 9,
            "text": "2 : 피부가 좋으면 사람이 더 이뻐 보이는 듯 키키",
            "norm_text": "피부가 좋으면 사람이 더 이뻐 보이는 듯 키키",
            "speaker": {
              "id": "2번",
              "sex": "여성",
              "age": "30대"
            },
            "speechAct": "(단언) 주장하기",
            "morpheme": "피부/NNG+가/JKS+좋/VA+으면/EC+사람/NNG+이/JKS+더/MAG+이뻐/VA+EC+보이/VV+는/ETM+듯/NNB+키/NNG+키/XSV+ETN"
          },
          {
            "id": 10,
            "text": "1 : 웃는 게 예쁜 것이 닮아 보여서 신민아랑 김선호 그림체가 비슷하다고 하나 봐 키키",
            "norm_text": "웃는 게 예쁜 것이 닮아 보여서 신민아랑 김선호 그림체가 비슷하다고 하나 봐 키키",
            "speaker": {
              "id": "1번",
              "sex": "여성",
              "age": "30대"
            },
            "speechAct": "(단언) 진술하기",
            "morpheme": "웃/VV+는/ETM+게/NNB+JKS+예쁜/VA+ETM+것/NNB+이/JKS+닮/VV+아/EC+보여서/VV+EC+신민아/NNP+랑/JC+김선호/NNP+그림/NNG+체가/NNG+비슷/XR+하/XSA+다고/EC+하나/NR+봐/VV+EC+키/NNG+키/XSV+ETN"
          },
          {
            "id": 11,
            "text": "2 : 그런가 봐 키키 사람은 닮은 사람끼리 더 끌린다고도 하잖아",
            "norm_text": "그런가 봐 키키 사람은 닮은 사람끼리 더 끌린다고도 하잖아",
            "speaker": {
              "id": "2번",
              "sex": "여성",
              "age": "30대"
            },
            "speechAct": "(단언) 진술하기",
            "morpheme": "그런가/VA+EC+봐/VX+EF+키키/NNP+사람/NNG+은/JX+닮/VV+은/ETM+사람/NNG+끼리/XSN+더/MAG+끌린다고/VV+EC+도/JX+하/VV+잖아/EC"
          },
          {
            "id": 12,
            "text": "1 : 응응 둘 다 피부도 뽀얗고 입술은 빨갛고 보조개도 둘 다 있어 키키",
            "norm_text": "응응 둘 다 피부도 뽀얗고 입술은 빨갛고 보조개도 둘 다 있어 키키",
            "speaker": {
              "id": "1번",
              "sex": "여성",
              "age": "30대"
            },
            "speechAct": "(단언) 진술하기",
            "morpheme": "응/IC+응/IC+둘/NR+다/MAG+피부/NNG+도/JX+뽀얗/VA+고/EC+입술/NNG+은/JX+빨갛/VA+고/EC+보조개/NNG+도/JX+둘/NR+다/MAG+있/VA+어/EC+키/NNG+키/XSV+ETN"
          },
          {
            "id": 13,
            "text": "2 : 키키 피부 좋은 사람 넘 부럽다...",
            "norm_text": "키키 피부 좋은 사람 넘 부럽다...",
            "speaker": {
              "id": "2번",
              "sex": "여성",
              "age": "30대"
            },
            "speechAct": "(단언) 주장하기",
            "morpheme": "키/NNG+키/NNG+피부/NNG+좋/VA+은/ETM+사람/NNG+넘/MAG+부럽/VA+다/EF+./SY"
          },
          {
            "id": 14,
            "text": "1 : 보조개 있는 사람들 너무 귀여운 거 같아 키키",
            "norm_text": "보조개 있는 사람들 너무 귀여운 거 같아 키키",
            "speaker": {
              "id": "1번",
              "sex": "여성",
              "age": "30대"
            },
            "speechAct": "(단언) 주장하기",
            "morpheme": "보조개/NNG+있/VA+는/ETM+사람/NNG+들/XSN+너무/MAG+귀여운/VA+ETM+거/NNB+같/VA+아/EC+키/NNG+키/XSV+ETN"
          },
          {
            "id": 15,
            "text": "2 : 응 키키 보조개 수술 하는 사람도 있잖아",
            "norm_text": "응 키키 보조개 수술 하는 사람도 있잖아",
            "speaker": {
              "id": "2번",
              "sex": "여성",
              "age": "30대"
            },
            "speechAct": "(단언) 진술하기",
            "morpheme": "응/IC+키/NNG+키보/NNG+조개/NNG+수술/NNG+하/XSV+는/ETM+사람/NNG+도/JX+있/VA+잖아/EC"
          },
          {
            "id": 16,
            "text": "1 : 아...? 진짜?",
            "norm_text": "아...? 진짜?",
            "speaker": {
              "id": "1번",
              "sex": "여성",
              "age": "30대"
            },
            "speechAct": "(지시) 질문하기",
            "morpheme": "아/IC+./SY+./SY+진짜/MAG"
          },
          {
            "id": 17,
            "text": "1 : 보조개를 어째 수술로 만드는고?",
            "norm_text": "보조개를 어째 수술로 만드는고?",
            "speaker": {
              "id": "1번",
              "sex": "여성",
              "age": "30대"
            },
            "speechAct": "(지시) 질문하기",
            "morpheme": "보조개/NNG+를/JKO+어째/VV+EC+수술/NNG+로/JKB+만드/VV+는고/EF"
          },
          {
            "id": 18,
            "text": "2 : 나는 보조개 턱 쪽에 하나 있다! 키키",
            "norm_text": "나는 보조개 턱 쪽에 하나 있다! 키키",
            "speaker": {
              "id": "2번",
              "sex": "여성",
              "age": "30대"
            },
            "speechAct": "(단언) 주장하기",
            "morpheme": "나/NP+는/JX+보조개/NNG+턱/NNG+쪽/NNB+에/JKB+하/VV+나/EC+있/VX+다/EF+키/NNG+키/XSV+ETN"
          }
        ]
      }
    }
  ]
}