{
  "dataset": {
    "identifier": 35028,
    "name": "KAKAO_932_20_set",
    "src_path": "/data/file/cubeManager/PROJECT001/53/txt20211005162117046626/KAKAO_932_20_set/",
    "label_path": "/data/file/cubeManager/PROJECT001/53/txt20211005162117046626/KAKAO_932_20_set/",
    "category": 2,
    "type": 0
  },
  "licenses": {
    "name": "Apache License 1.0",
    "url": "http://www.apache.org/licenses/LICENSE-1.0"
  },
  "info": [
    {
      "id": 42177,
      "filename": "KAKAO_932_20.txt",
      "title": "KAKAO_932_20",
      "mediatype": "SNS",
      "medianame": "카카오톡",
      "category": "일상대화",
      "date": "2021-10-05",
      "size": 528,
      "annotations": {
        "subject": "영화/만화",
        "speaker_type": "1:1",
        "size": 528,
        "word_size": 165,
        "text": "1 : 야 너도 그리스 로마 신화 만화로 봤어?\n2 : 당연한 거 아냐?\n2 : 디오니소스님! 키키 나 그거 엄청 좋아했어\n1 : 나도 키키 우리 집에 그거 1권부터 끝날 때까지 다 있었는데\n2 : 어어 근데 중간에 그림체 바뀌었잖아\n1 : 어 맞아 그 작가님이랑 출판사랑 분쟁 붙었다며\n2 : ㅠㅠ그래ㅠㅠ 그래서 그 때 이후로는 안 읽었어\n1 : 나도 키키 진짜 너무 실망해서 울었던 기억난다\n2 : 키키 울기까지 했어?\n2 : 나는 그 만화책 다 중고 서점에 갖다 팔았다\n1 : 우와... 나는 아직 소장 중인데 ㅠㅠ 소장 가치가 있다구!\n2 : 이사가니까 오래된 책은 다 버리게 되더라고\n1 : 그건 그래 ㅠㅠ 이거 영화 가상 캐스팅 한 거 봤어?\n2 : 어어 봤어 헤라는 김혜수고 제우스가 정우성이었지?\n1 : 어어 키키 아프로디테는 한예슬이고 또 이나영이 가이아?\n2 : 맞아 키키 이미지 진짜 찰떡이야 영화로 만들어줬음 좋겠다\n1 : 한국에서는 불가능하지 않을까?\n1 : 그리스 로마 신화잖아 키키\n2 : 왜 재밌을 것 같은데 키키\n2 : 하긴 제작비가 너무 들겠지?",
        "lines": [
          {
            "id": 1,
            "text": "1 : 야 너도 그리스 로마 신화 만화로 봤어?",
            "norm_text": "야 너도 그리스 로마 신화 만화로 봤어?",
            "speaker": {
              "id": "1번",
              "sex": "여성",
              "age": "20대"
            },
            "speechAct": "(지시) 질문하기",
            "morpheme": "야/IC+너/NP+도/JX+그리스/NNP+로마/NNP+신화/NNG+만화/NNG+로/JKB+봤/VV+EP+어/EF"
          },
          {
            "id": 2,
            "text": "2 : 당연한 거 아냐?",
            "norm_text": "당연한 거 아냐?",
            "speaker": {
              "id": "2번",
              "sex": "여성",
              "age": "20대"
            },
            "speechAct": "(단언) 주장하기",
            "morpheme": "당연/XR+한/XSA+ETM+거/NNB+아냐/VCN+EF"
          },
          {
            "id": 3,
            "text": "2 : 디오니소스님! 키키 나 그거 엄청 좋아했어",
            "norm_text": "디오니소스님! 키키 나 그거 엄청 좋아했어",
            "speaker": {
              "id": "2번",
              "sex": "여성",
              "age": "20대"
            },
            "speechAct": "(단언) 주장하기",
            "morpheme": "디오니소스/NNG+님/XSN+키/NNG+키나/XSA+ETN+JX+그거/NP+엄청/MAG+좋/VA+아/EC+했/VX+EP+어/EC"
          },
          {
            "id": 4,
            "text": "1 : 나도 키키 우리 집에 그거 1권부터 끝날 때까지 다 있었는데",
            "norm_text": "나도 키키 우리 집에 그거 1권부터 끝날 때까지 다 있었는데",
            "speaker": {
              "id": "1번",
              "sex": "여성",
              "age": "20대"
            },
            "speechAct": "(단언) 진술하기",
            "morpheme": "나/NP+도/JX+키/NNG+키/XSV+ETN+우리/NP+집/NNG+에/JKB+그거/NP+1/SN+권/NNBC+부터/JX+끝/NNG+날/NNG+때/NNG+까지/JX+다/MAG+있/VA+었/EP+는데/EC"
          },
          {
            "id": 5,
            "text": "2 : 어어 근데 중간에 그림체 바뀌었잖아",
            "norm_text": "어어 근데 중간에 그림체 바뀌었잖아",
            "speaker": {
              "id": "2번",
              "sex": "여성",
              "age": "20대"
            },
            "speechAct": "(단언) 주장하기",
            "morpheme": "어/IC+어/IC+근데/MAJ+중간/NNG+에/JKB+그림/NNG+체바/NNG+뀌/VV+었잖/EC+VX+아/EC"
          },
          {
            "id": 6,
            "text": "1 : 어 맞아 그 작가님이랑 출판사랑 분쟁 붙었다며",
            "norm_text": "어 맞아 그 작가님이랑 출판사랑 분쟁 붙었다며",
            "speaker": {
              "id": "1번",
              "sex": "여성",
              "age": "20대"
            },
            "speechAct": "(단언) 진술하기",
            "morpheme": "어/IC+맞/VV+아/EC+그/MM+작가/NNG+님/XSN+이랑/JKB+출판사/NNG+랑/JKB+분쟁/NNG+붙/VV+었/EP+다며/EC"
          },
          {
            "id": 7,
            "text": "2 : ㅠㅠ그래ㅠㅠ 그래서 그 때 이후로는 안 읽었어",
            "norm_text": "ㅠㅠ그래ㅠㅠ 그래서 그 때 이후로는 안 읽었어",
            "speaker": {
              "id": "2번",
              "sex": "여성",
              "age": "20대"
            },
            "speechAct": "(단언) 진술하기",
            "morpheme": "ㅠㅠ/UNKNOWN+그래/VA+EC+ㅠㅠ/UNKNOWN+그래서/MAJ+그때/NNG+이후/NNG+로/JKB+는/JX+안/MAG+읽/VV+었/EP+어/EC"
          },
          {
            "id": 8,
            "text": "1 : 나도 키키 진짜 너무 실망해서 울었던 기억난다",
            "norm_text": "나도 키키 진짜 너무 실망해서 울었던 기억난다",
            "speaker": {
              "id": "1번",
              "sex": "여성",
              "age": "20대"
            },
            "speechAct": "(단언) 주장하기",
            "morpheme": "나/NP+도/JX+키/NNG+키/XSV+ETN+진짜/MAG+너무/MAG+실망/NNG+해서/XSV+EC+울/VV+었/EP+던/ETM+기억/NNG+난다/VV+EC"
          },
          {
            "id": 9,
            "text": "2 : 키키 울기까지 했어?",
            "norm_text": "키키 울기까지 했어?",
            "speaker": {
              "id": "2번",
              "sex": "여성",
              "age": "20대"
            },
            "speechAct": "(지시) 질문하기",
            "morpheme": "키/NNG+키/XSV+ETN+울/VV+기/ETN+까지/JX+했/VV+EP+어/EF"
          },
          {
            "id": 10,
            "text": "2 : 나는 그 만화책 다 중고 서점에 갖다 팔았다",
            "norm_text": "나는 그 만화책 다 중고 서점에 갖다 팔았다",
            "speaker": {
              "id": "2번",
              "sex": "여성",
              "age": "20대"
            },
            "speechAct": "(단언) 진술하기",
            "morpheme": "나/NP+는/JX+그/MM+만화책/NNG+다중/NNG+고서점/NNG+에/JKB+갖/VV+다/EC+팔/VV+았/EP+다/EC"
          },
          {
            "id": 11,
            "text": "1 : 우와... 나는 아직 소장 중인데 ㅠㅠ 소장 가치가 있다구!",
            "norm_text": "우와... 나는 아직 소장 중인데 ㅠㅠ 소장 가치가 있다구!",
            "speaker": {
              "id": "1번",
              "sex": "여성",
              "age": "20대"
            },
            "speechAct": "(단언) 주장하기",
            "morpheme": "우와/IC+./SY+나/NP+는/JX+아직/MAG+소장/NNG+중/NNB+인데/VCP+EC+ㅠㅠ/UNKNOWN+소장/NNG+가치/NNG+가/JKS+있/VA+다구/EF"
          },
          {
            "id": 12,
            "text": "2 : 이사가니까 오래된 책은 다 버리게 되더라고",
            "norm_text": "이사가니까 오래된 책은 다 버리게 되더라고",
            "speaker": {
              "id": "2번",
              "sex": "여성",
              "age": "20대"
            },
            "speechAct": "(단언) 주장하기",
            "morpheme": "이사/NNG+가/VV+니까/EC+오래/MAG+된/VV+ETM+책/NNG+은/JX+다/MAG+버리/VV+게/EC+되/VV+더라고/EC"
          },
          {
            "id": 13,
            "text": "1 : 그건 그래 ㅠㅠ 이거 영화 가상 캐스팅 한 거 봤어?",
            "norm_text": "그건 그래 ㅠㅠ 이거 영화 가상 캐스팅 한 거 봤어?",
            "speaker": {
              "id": "1번",
              "sex": "여성",
              "age": "20대"
            },
            "speechAct": "(지시) 질문하기",
            "morpheme": "그건/NP+JX+그래/VA+EC+ㅠㅠ/UNKNOWN+이거/NP+영화/NNG+가상/NNG+캐스팅/NNG+한/XSA+ETM+거/NNB+봤/VV+EP+어/EF"
          },
          {
            "id": 14,
            "text": "2 : 어어 봤어 헤라는 김혜수고 제우스가 정우성이었지?",
            "norm_text": "어어 봤어 헤라는 김혜수고 제우스가 정우성이었지?",
            "speaker": {
              "id": "2번",
              "sex": "여성",
              "age": "20대"
            },
            "speechAct": "(지시) 질문하기",
            "morpheme": "어/IC+어/IC+봤/VV+EP+어/EC+헤라/NNG+는/JX+김혜수/NNP+고제우/NNP+스가/NNP+정우성/NNP+이/VCP+었/EP+지/EF"
          },
          {
            "id": 15,
            "text": "1 : 어어 키키 아프로디테는 한예슬이고 또 이나영이 가이아?",
            "norm_text": "어어 키키 아프로디테는 한예슬이고 또 이나영이 가이아?",
            "speaker": {
              "id": "1번",
              "sex": "여성",
              "age": "20대"
            },
            "speechAct": "(지시) 질문하기",
            "morpheme": "어/IC+어/IC+키/NNG+키/NNG+아프로디테/NNG+는/JX+한예슬/NNP+이/VCP+고/EC+또/MAG+이나영/NNP+이가이/NNP+아/JKV"
          },
          {
            "id": 16,
            "text": "2 : 맞아 키키 이미지 진짜 찰떡이야 영화로 만들어줬음 좋겠다",
            "norm_text": "맞아 키키 이미지 진짜 찰떡이야 영화로 만들어줬음 좋겠다",
            "speaker": {
              "id": "2번",
              "sex": "여성",
              "age": "20대"
            },
            "speechAct": "(단언) 주장하기",
            "morpheme": "맞/VV+아/EC+키키/NNP+이미지/NNP+진짜/MAG+찰떡/NNG+이/VCP+야/EC+영화/NNG+로/JKB+만들/VV+어/EC+줬/VX+EP+음/ETN+좋/VA+겠/EP+다/EC"
          },
          {
            "id": 17,
            "text": "1 : 한국에서는 불가능하지 않을까?",
            "norm_text": "한국에서는 불가능하지 않을까?",
            "speaker": {
              "id": "1번",
              "sex": "여성",
              "age": "20대"
            },
            "speechAct": "(지시) 질문하기",
            "morpheme": "한국/NNP+에서/JKB+는/JX+불/XPN+가능/NNG+하/XSV+지/EC+않/VX+을까/EF"
          },
          {
            "id": 18,
            "text": "1 : 그리스 로마 신화잖아 키키",
            "norm_text": "그리스 로마 신화잖아 키키",
            "speaker": {
              "id": "1번",
              "sex": "여성",
              "age": "20대"
            },
            "speechAct": "(단언) 주장하기",
            "morpheme": "그리스/NNP+로마/NNP+신화/NNG+잖아/VCP+EC+VX+EC+키/NNG+키/XSV+ETN"
          },
          {
            "id": 19,
            "text": "2 : 왜 재밌을 것 같은데 키키",
            "norm_text": "왜 재밌을 것 같은데 키키",
            "speaker": {
              "id": "2번",
              "sex": "여성",
              "age": "20대"
            },
            "speechAct": "(단언) 주장하기",
            "morpheme": "왜/MAG+재밌/VA+을/ETM+것/NNB+같/VA+은데/EC+키/NNG+키/XSV+ETN"
          },
          {
            "id": 20,
            "text": "2 : 하긴 제작비가 너무 들겠지?",
            "norm_text": "하긴 제작비가 너무 들겠지?",
            "speaker": {
              "id": "2번",
              "sex": "여성",
              "age": "20대"
            },
            "speechAct": "(단언) 주장하기",
            "morpheme": "하긴/MAJ+제작비/NNG+가/JKS+너무/MAG+들/VV+겠/EP+지/EF"
          }
        ]
      }
    }
  ]
}