{
  "dataset": {
    "identifier": 67975,
    "name": "KAKAO_964_11_set",
    "src_path": "/data/file/cubeManager/PROJECT001/53/txt20211005163208072088/KAKAO_964_11_set/",
    "label_path": "/data/file/cubeManager/PROJECT001/53/txt20211005163208072088/KAKAO_964_11_set/",
    "category": 2,
    "type": 0
  },
  "licenses": {
    "name": "Apache License 1.0",
    "url": "http://www.apache.org/licenses/LICENSE-1.0"
  },
  "info": [
    {
      "id": 42509,
      "filename": "KAKAO_964_11.txt",
      "title": "KAKAO_964_11",
      "mediatype": "SNS",
      "medianame": "카카오톡",
      "category": "일상대화",
      "date": "2021-10-05",
      "size": 547,
      "annotations": {
        "subject": "게임",
        "speaker_type": "1:1",
        "size": 547,
        "word_size": 174,
        "text": "1 : 게임 같은 건 그래도 돈이 덜 드는 편인 듯 키키\n2 : 게임은... 너무 폐인 같은 취미...느낌 아녀? 키키\n2 : 내가 안 해서 그런가\n1 : 걷기 다음으로 아마 제일 돈 안 드는 취미 아닐까 키키\n2 : 에이 키키 게임에 미친 사람들은 몇십 몇백 몇천 넣던데?\n1 : 아 그렇네? 키키 아니 그렇게까지 해서 뭐 상을 받는 것도 아닌데\n2 : 그러니까 키키 네모난 사각형 안에서... 차라리 다른 취미를 가질 듯 ㅠ\n1 : 근데 키키 현질 한번 하면 헤어 나올 수 없다\n2 : 어...키키 첨부터 안 하는 게 답인 듯\n1 : 키키 메이플스토리 할 때 현질 꽤 많이 했는데 지금 다 부질없네\n2 : 키키 부질없지 키키 차라리 용품이면 팔거나 잠깐 할 수나 있지\n1 : 키키 응... 그때 메이플 유행할 때 아이디라도 팔아버릴걸\n2 : 지금은 이미 늦었겠지...? ㅠㅠ 키키\n1 : 응... 키키 그리고 이제 또 많이 바껴서 난 아무것도 아님\n2 : 키키 메이플... 키보드에 동전 꽂아두고,\n1 : 키키 키보드에 동전을 꽂아두고 했었다고? 키키\n2 : 어 무슨 휘두르는 거? 저절로 휘두르게 키키",
        "lines": [
          {
            "id": 1,
            "text": "1 : 게임 같은 건 그래도 돈이 덜 드는 편인 듯 키키",
            "norm_text": "게임 같은 건 그래도 돈이 덜 드는 편인 듯 키키",
            "speaker": {
              "id": "1번",
              "sex": "여성",
              "age": "30대"
            },
            "speechAct": "(단언) 주장하기",
            "morpheme": "게임/NNG+같/VA+은/ETM+건/NNB+JX+그래도/VV+EC+돈/NNG+이/JKS+덜/MAG+드/VV+는/ETM+편/NNB+인/VCP+ETM+듯/NNB+키/NNG+키/XSV+ETN"
          },
          {
            "id": 2,
            "text": "2 : 게임은... 너무 폐인 같은 취미...느낌 아녀? 키키",
            "norm_text": "게임은... 너무 폐인 같은 취미...느낌 아녀? 키키",
            "speaker": {
              "id": "2번",
              "sex": "여성",
              "age": "30대"
            },
            "speechAct": "(지시) 질문하기",
            "morpheme": "게임/NNG+은/JX+./SY+./SY+너무/MAG+폐인/NNG+같/VA+은/ETM+취미/NNG+./SY+./SY+느낌/NNG+아녀/VCN+EF+키/NNG+키/XSV+ETN"
          },
          {
            "id": 3,
            "text": "2 : 내가 안 해서 그런가",
            "norm_text": "내가 안 해서 그런가",
            "speaker": {
              "id": "2번",
              "sex": "여성",
              "age": "30대"
            },
            "speechAct": "(단언) 주장하기",
            "morpheme": "내/NP+가/JKS+안/MAG+해서/VV+EC+그런가/VA+EC"
          },
          {
            "id": 4,
            "text": "1 : 걷기 다음으로 아마 제일 돈 안 드는 취미 아닐까 키키",
            "norm_text": "걷기 다음으로 아마 제일 돈 안 드는 취미 아닐까 키키",
            "speaker": {
              "id": "1번",
              "sex": "여성",
              "age": "30대"
            },
            "speechAct": "(단언) 주장하기",
            "morpheme": "걷기/NNG+다음/NNG+으로/JKB+아마/MAG+제일/MAG+돈/NNG+안/MAG+드/VV+는/ETM+취미/NNG+아닐까/VCN+EC+키/NNG+키/XSV+ETN"
          },
          {
            "id": 5,
            "text": "2 : 에이 키키 게임에 미친 사람들은 몇십 몇백 몇천 넣던데?",
            "norm_text": "에이 키키 게임에 미친 사람들은 몇십 몇백 몇천 넣던데?",
            "speaker": {
              "id": "2번",
              "sex": "여성",
              "age": "30대"
            },
            "speechAct": "(단언) 주장하기",
            "morpheme": "에이키/NNP+키/NNG+게임/NNG+에/JKB+미친/VV+ETM+사람/NNG+들/XSN+은/JX+몇/MM+십/NR+몇/NR+백/NR+몇/NR+천/NR+넣/VV+던데/EF"
          },
          {
            "id": 6,
            "text": "1 : 아 그렇네? 키키 아니 그렇게까지 해서 뭐 상을 받는 것도 아닌데",
            "norm_text": "아 그렇네? 키키 아니 그렇게까지 해서 뭐 상을 받는 것도 아닌데",
            "speaker": {
              "id": "1번",
              "sex": "여성",
              "age": "30대"
            },
            "speechAct": "(단언) 주장하기",
            "morpheme": "아/IC+그렇/VA+네/EF+키/NNG+키/XSV+ETN+아니/VCN+그렇/VA+게/EC+까지/JX+해서/VV+EC+뭐/IC+상/NNG+을/JKO+받/VV+는/ETM+것/NNB+도/JX+아닌데/VCN+EC"
          },
          {
            "id": 7,
            "text": "2 : 그러니까 키키 네모난 사각형 안에서... 차라리 다른 취미를 가질 듯 ㅠ",
            "norm_text": "그러니까 키키 네모난 사각형 안에서... 차라리 다른 취미를 가질 듯 ㅠ",
            "speaker": {
              "id": "2번",
              "sex": "여성",
              "age": "30대"
            },
            "speechAct": "(단언) 주장하기",
            "morpheme": "그러니까/MAJ+키/NNG+키/XSV+ETN+네모난/VA+ETM+사각형/NNG+안/NNG+에서/JKB+./SY+차라리/MAG+다른/MM+취미/NNG+를/JKO+가질/VV+ETM+듯ㅠ/UNKNOWN"
          },
          {
            "id": 8,
            "text": "1 : 근데 키키 현질 한번 하면 헤어 나올 수 없다",
            "norm_text": "근데 키키 현질 한번 하면 헤어 나올 수 없다",
            "speaker": {
              "id": "1번",
              "sex": "여성",
              "age": "30대"
            },
            "speechAct": "(단언) 주장하기",
            "morpheme": "근데/MAJ+키/NNG+키/NNG+현질/NNG+한/MM+번/NNBC+하/VV+면/EC+헤어나올/VV+ETM+수/NNB+없/VA+다/EC"
          },
          {
            "id": 9,
            "text": "2 : 어...키키 첨부터 안 하는 게 답인 듯",
            "norm_text": "어...키키 첨부터 안 하는 게 답인 듯",
            "speaker": {
              "id": "2번",
              "sex": "여성",
              "age": "30대"
            },
            "speechAct": "(단언) 주장하기",
            "morpheme": "어/IC+./SY+키/NNG+키/NNG+첨/NNG+부터/JX+안/MAG+하/VV+는/ETM+게/NNB+JKS+답/NNG+인/VCP+ETM+듯/NNB"
          },
          {
            "id": 10,
            "text": "1 : 키키 메이플스토리 할 때 현질 꽤 많이 했는데 지금 다 부질없네",
            "norm_text": "키키 메이플스토리 할 때 현질 꽤 많이 했는데 지금 다 부질없네",
            "speaker": {
              "id": "1번",
              "sex": "여성",
              "age": "30대"
            },
            "speechAct": "(단언) 주장하기",
            "morpheme": "키키/NNP+메이플/NNP+스토리/NNG+할/XSV+ETM+때/NNG+현질/NNG+꽤/MAG+많이/MAG+했/VV+EP+는데/EC+지금/MAG+다/MAG+부질없/VA+네/EC"
          },
          {
            "id": 11,
            "text": "2 : 키키 부질없지 키키 차라리 용품이면 팔거나 잠깐 할 수나 있지",
            "norm_text": "키키 부질없지 키키 차라리 용품이면 팔거나 잠깐 할 수나 있지",
            "speaker": {
              "id": "2번",
              "sex": "여성",
              "age": "30대"
            },
            "speechAct": "(단언) 주장하기",
            "morpheme": "키/NNG+키/XSV+ETN+부질없/VA+지/EC+키/NNG+키/XSV+ETN+차라리/MAG+용품/NNG+이/VCP+면/EC+팔/VV+거나/EC+잠깐/MAG+할/VV+ETM+수/NNB+나/VV+EC+있/VX+지/EC"
          },
          {
            "id": 12,
            "text": "1 : 키키 응... 그때 메이플 유행할 때 아이디라도 팔아버릴걸",
            "norm_text": "키키 응... 그때 메이플 유행할 때 아이디라도 팔아버릴걸",
            "speaker": {
              "id": "1번",
              "sex": "여성",
              "age": "30대"
            },
            "speechAct": "(단언) 주장하기",
            "morpheme": "키/NNG+키/XSV+ETN+응/IC+./SY+그때메이플유행할때아이디라도팔아버릴걸/UNKNOWN"
          },
          {
            "id": 13,
            "text": "2 : 지금은 이미 늦었겠지...? ㅠㅠ 키키",
            "norm_text": "지금은 이미 늦었겠지...? ㅠㅠ 키키",
            "speaker": {
              "id": "2번",
              "sex": "여성",
              "age": "30대"
            },
            "speechAct": "(지시) 질문하기",
            "morpheme": "지금/MAG+은/JX+이미/MAG+늦/VA+었/EP+겠/EP+지/EF+./SY+./SY+ㅠㅠ키키/UNKNOWN"
          },
          {
            "id": 14,
            "text": "1 : 응... 키키 그리고 이제 또 많이 바껴서 난 아무것도 아님",
            "norm_text": "응... 키키 그리고 이제 또 많이 바껴서 난 아무것도 아님",
            "speaker": {
              "id": "1번",
              "sex": "여성",
              "age": "30대"
            },
            "speechAct": "(단언) 주장하기",
            "morpheme": "응/IC+./SY+키키그리고이제또많이바껴서난아무것도아님/UNKNOWN"
          },
          {
            "id": 15,
            "text": "2 : 키키 메이플... 키보드에 동전 꽂아두고,",
            "norm_text": "키키 메이플... 키보드에 동전 꽂아두고,",
            "speaker": {
              "id": "2번",
              "sex": "여성",
              "age": "30대"
            },
            "speechAct": "(단언) 주장하기",
            "morpheme": "키키/NNP+메이플/NNP+./SY+./SY+키보드/NNG+에/JKB+동전/NNG+꽂/VV+아/EC+두/VX+고/EC+,/SC"
          },
          {
            "id": 16,
            "text": "1 : 키키 키보드에 동전을 꽂아두고 했었다고? 키키",
            "norm_text": "키키 키보드에 동전을 꽂아두고 했었다고? 키키",
            "speaker": {
              "id": "1번",
              "sex": "여성",
              "age": "30대"
            },
            "speechAct": "(지시) 질문하기",
            "morpheme": "키/NNG+키/NNG+키보드/NNG+에/JKB+동전/NNG+을/JKO+꽂/VV+아/EC+두/VX+고/EC+했었/VX+EP+다고/EF+키/NNG+키/XSV+ETN"
          },
          {
            "id": 17,
            "text": "2 : 어 무슨 휘두르는 거? 저절로 휘두르게 키키",
            "norm_text": "어 무슨 휘두르는 거? 저절로 휘두르게 키키",
            "speaker": {
              "id": "2번",
              "sex": "여성",
              "age": "30대"
            },
            "speechAct": "(단언) 주장하기",
            "morpheme": "어/IC+무슨/MM+휘두르/VV+는/ETM+거/NNB+저절로/MAG+휘두르/VV+게/EC+키/NNG+키/XSV+ETN"
          }
        ]
      }
    }
  ]
}