{
  "dataset": {
    "identifier": 67772,
    "name": "KAKAO_998_06_set",
    "src_path": "/data/file/cubeManager/PROJECT001/53/txt20211006141726008292/KAKAO_998_06_set/",
    "label_path": "/data/file/cubeManager/PROJECT001/53/txt20211006141726008292/KAKAO_998_06_set/",
    "category": 2,
    "type": 0
  },
  "licenses": {
    "name": "Apache License 1.0",
    "url": "http://www.apache.org/licenses/LICENSE-1.0"
  },
  "info": [
    {
      "id": 45358,
      "filename": "KAKAO_998_06.txt",
      "title": "KAKAO_998_06",
      "mediatype": "SNS",
      "medianame": "카카오톡",
      "category": "일상대화",
      "date": "2021-10-06",
      "size": 717,
      "annotations": {
        "subject": "교육",
        "speaker_type": "1:1",
        "size": 717,
        "word_size": 212,
        "text": "1 : 학교 다닐 때 진로를 이과로 갔어야 했나 싶다 키키\n2 : 키키 취직도 이과가 훨씬 조건도 좋고 전문직도 거의 이과고 \n키키\n1 : 응응 취업의 문이 이과가 훨씬 더 많은 것 같아! ㅜㅜ\n2 : 응응 전문직이 훨씬 이공계열이 많아서 그런가? 하하\n1 : 그런가 보다... ㅜ 대학이라도 이공 계열 나왔으면 지금쯤 코딩이라도 안 배웠겠나 싶다 ㅜㅜ\n2 : 흠 키키 이공 계열의 문턱이 높은 건 사실이라... 공부 더 열심히 했어야지 ㅜㅜ\n1 : 그건 그렇지만... 키키 지금 와서 이공계열을 공부하기엔 너무 늦은 것 같고 키키\n2 : 흠... 늦은 게 맞지... ㅜㅜ\n2 : 먹고 살아야 하는 문제가 있으니깐...\n1 : 애꿎은 내 지난날의 진로 탓만 하고 있네 키키\n2 : 키키 지나간 과거 후회하면 무엇 하리...\n2 : 좋은 추억이라 생각하면 되지 키키\n1 : 나 고3 때 뜬금없이 건축학과 가고 싶다고 선생님한테 말했는데 키키 쌤이 안된다고 하더라 키키\n2 : 키키 문과에 건축학과는... 아무것도 모르는 나라도 말리겠다 키키\n1 : 키키 너무 단호하게 얘기해서 깔끔하게 접었었는데...\n1 : 그때 좀 더 우겨볼걸 싶기도 했다 키키\n2 : 근데 그랬으면 니가 건축학과 가서 더 힘들어서 포기했을 수도?...\n1 : 어차피 고등학교 때 건축을 배우는 게 아닌데...\n1 : 대학교에서 처음부터 배우는 거 아니겠나?\n2 : 기초적인 베이스가 있을 거 아냐...\n2 : 수학도 문과는 기본만 배웠을 거고 키키",
        "lines": [
          {
            "id": 1,
            "text": "1 : 학교 다닐 때 진로를 이과로 갔어야 했나 싶다 키키",
            "norm_text": "학교 다닐 때 진로를 이과로 갔어야 했나 싶다 키키",
            "speaker": {
              "id": "1번",
              "sex": "여성",
              "age": "30대"
            },
            "speechAct": "(단언) 주장하기",
            "morpheme": "학교/NNG+다닐/VV+ETM+때/NNG+진로/NNG+를/JKO+이과/NNG+로/JKB+갔/VV+EP+어야/EC+했/VX+EP+나/EC+싶/VX+다키키/NNP"
          },
          {
            "id": 2,
            "text": "2 : 키키 취직도 이과가 훨씬 조건도 좋고 전문직도 거의 이과고 \n키키",
            "norm_text": "키키 취직도 이과가 훨씬 조건도 좋고 전문직도 거의 이과고 \n키키",
            "speaker": {
              "id": "2번",
              "sex": "남성",
              "age": "30대"
            },
            "speechAct": "(단언) 주장하기",
            "morpheme": "키키취직도이과가훨씬조건도좋고전문직도거의이과고/UNKNOWN+키/NNG+키/XSV+ETN"
          },
          {
            "id": 3,
            "text": "1 : 응응 취업의 문이 이과가 훨씬 더 많은 것 같아! ㅜㅜ",
            "norm_text": "응응 취업의 문이 이과가 훨씬 더 많은 것 같아! ㅜㅜ",
            "speaker": {
              "id": "1번",
              "sex": "여성",
              "age": "30대"
            },
            "speechAct": "(단언) 주장하기",
            "morpheme": "응/IC+응/IC+취업/NNG+의/JKG+문/NNG+이/JKS+이과/NNG+가/JKS+훨씬/MAG+더/MAG+많/VA+은/ETM+것/NNB+같/VA+아/EF+ㅜㅜ/UNKNOWN"
          },
          {
            "id": 4,
            "text": "2 : 응응 전문직이 훨씬 이공계열이 많아서 그런가? 하하",
            "norm_text": "응응 전문직이 훨씬 이공계열이 많아서 그런가? 하하",
            "speaker": {
              "id": "2번",
              "sex": "남성",
              "age": "30대"
            },
            "speechAct": "(지시) 질문하기",
            "morpheme": "응/IC+응/IC+전문직/NNG+이/JKS+훨씬/MAG+이공/NNG+계열/NNG+이/JKS+많/VA+아서/EC+그런가/VA+EF+하하/MAG"
          },
          {
            "id": 5,
            "text": "1 : 그런가 보다... ㅜ 대학이라도 이공 계열 나왔으면 지금쯤 코딩이라도 안 배웠겠나 싶다 ㅜㅜ",
            "norm_text": "그런가 보다... ㅜ 대학이라도 이공 계열 나왔으면 지금쯤 코딩이라도 안 배웠겠나 싶다 ㅜㅜ",
            "speaker": {
              "id": "1번",
              "sex": "여성",
              "age": "30대"
            },
            "speechAct": "(단언) 주장하기",
            "morpheme": "그런가/VA+EC+보/VX+다/EF+./SY+ㅜ대학이라도이공계열나왔으면지금쯤코딩이라도안배웠겠나싶다ㅜㅜ/UNKNOWN"
          },
          {
            "id": 6,
            "text": "2 : 흠 키키 이공 계열의 문턱이 높은 건 사실이라... 공부 더 열심히 했어야지 ㅜㅜ",
            "norm_text": "흠 키키 이공 계열의 문턱이 높은 건 사실이라... 공부 더 열심히 했어야지 ㅜㅜ",
            "speaker": {
              "id": "2번",
              "sex": "남성",
              "age": "30대"
            },
            "speechAct": "(단언) 주장하기",
            "morpheme": "흠/IC+키/NNG+키/NNG+이공/NNG+계열/NNG+의/JKG+문턱/NNG+이/JKS+높/VA+은/ETM+건/NNB+JX+사실/NNG+이/VCP+라/EF+./SY+공부더열심히했어야지ㅜㅜ/UNKNOWN"
          },
          {
            "id": 7,
            "text": "1 : 그건 그렇지만... 키키 지금 와서 이공계열을 공부하기엔 너무 늦은 것 같고 키키",
            "norm_text": "그건 그렇지만... 키키 지금 와서 이공계열을 공부하기엔 너무 늦은 것 같고 키키",
            "speaker": {
              "id": "1번",
              "sex": "여성",
              "age": "30대"
            },
            "speechAct": "(단언) 주장하기",
            "morpheme": "그건/NP+JX+그렇/VA+지만/EC+./SY+./SY+키/NNG+키/NNG+지금/MAG+와서/VV+EC+이공/NNG+계열/NNG+을/JKO+공부/NNG+하/XSV+기/ETN+엔/JKB+JX+너무/MAG+늦/VA+은/ETM+것/NNB+같/VA+고/EC+키/NNG+키/XSV+ETN"
          },
          {
            "id": 8,
            "text": "2 : 흠... 늦은 게 맞지... ㅜㅜ",
            "norm_text": "흠... 늦은 게 맞지... ㅜㅜ",
            "speaker": {
              "id": "2번",
              "sex": "남성",
              "age": "30대"
            },
            "speechAct": "(단언) 주장하기",
            "morpheme": "흠/IC+./SY+늦/VA+은/ETM+게/NNB+JKS+맞/VV+지/EF+./SY+ㅜㅜ/UNKNOWN"
          },
          {
            "id": 9,
            "text": "2 : 먹고 살아야 하는 문제가 있으니깐...",
            "norm_text": "먹고 살아야 하는 문제가 있으니깐...",
            "speaker": {
              "id": "2번",
              "sex": "남성",
              "age": "30대"
            },
            "speechAct": "(단언) 주장하기",
            "morpheme": "먹/VV+고/EC+살/VV+아야/EC+하/VV+는/ETM+문제/NNG+가/JKS+있/VA+으니깐/EF+./SY"
          },
          {
            "id": 10,
            "text": "1 : 애꿎은 내 지난날의 진로 탓만 하고 있네 키키",
            "norm_text": "애꿎은 내 지난날의 진로 탓만 하고 있네 키키",
            "speaker": {
              "id": "1번",
              "sex": "여성",
              "age": "30대"
            },
            "speechAct": "(단언) 진술하기",
            "morpheme": "애꿎/VA+은/ETM+내/NP+JKG+지난날/NNG+의/JKG+진로/NNG+탓/NNG+만/JX+하/VV+고/EC+있/VX+네/EF+키/NNG+키/XSV+ETN"
          },
          {
            "id": 11,
            "text": "2 : 키키 지나간 과거 후회하면 무엇 하리...",
            "norm_text": "키키 지나간 과거 후회하면 무엇 하리...",
            "speaker": {
              "id": "2번",
              "sex": "남성",
              "age": "30대"
            },
            "speechAct": "(단언) 주장하기",
            "morpheme": "키/NNG+키/XSV+ETN+지나간/VV+ETM+과거/NNG+후회/NNG+하/XSV+면/EC+무엇/NP+하/VV+리/EF+./SY"
          },
          {
            "id": 12,
            "text": "2 : 좋은 추억이라 생각하면 되지 키키",
            "norm_text": "좋은 추억이라 생각하면 되지 키키",
            "speaker": {
              "id": "2번",
              "sex": "남성",
              "age": "30대"
            },
            "speechAct": "(단언) 주장하기",
            "morpheme": "좋/VA+은/ETM+추억/NNG+이/VCP+라/EC+생각/NNG+하/XSV+면/EC+되/VV+지/EC+키/NNG+키/XSV+ETN"
          },
          {
            "id": 13,
            "text": "1 : 나 고3 때 뜬금없이 건축학과 가고 싶다고 선생님한테 말했는데 키키 쌤이 안된다고 하더라 키키",
            "norm_text": "나 고3 때 뜬금없이 건축학과 가고 싶다고 선생님한테 말했는데 키키 쌤이 안된다고 하더라 키키",
            "speaker": {
              "id": "1번",
              "sex": "여성",
              "age": "30대"
            },
            "speechAct": "(단언) 진술하기",
            "morpheme": "나/VV+고/EC+3/SN+때뜬금없이건축학과가고싶다고선생님한테말했는데키키쌤이안된다고하더라키키/UNKNOWN"
          },
          {
            "id": 14,
            "text": "2 : 키키 문과에 건축학과는... 아무것도 모르는 나라도 말리겠다 키키",
            "norm_text": "키키 문과에 건축학과는... 아무것도 모르는 나라도 말리겠다 키키",
            "speaker": {
              "id": "2번",
              "sex": "남성",
              "age": "30대"
            },
            "speechAct": "(단언) 주장하기",
            "morpheme": "키/NNG+키/NNG+문과/NNG+에/JKB+건축학/NNG+과/JKB+는/JX+./SY+아무것/NP+도/JX+모르/VV+는/ETM+나라/NNG+도/JX+말리/VV+겠/EP+다키키/NNP"
          },
          {
            "id": 15,
            "text": "1 : 키키 너무 단호하게 얘기해서 깔끔하게 접었었는데...",
            "norm_text": "키키 너무 단호하게 얘기해서 깔끔하게 접었었는데...",
            "speaker": {
              "id": "1번",
              "sex": "여성",
              "age": "30대"
            },
            "speechAct": "(단언) 진술하기",
            "morpheme": "키/NNG+키/NNG+너무/MAG+단호/XR+하/XSA+게/EC+얘기/NNG+해서/XSV+EC+깔끔/XR+하/XSA+게/EC+접/VV+었었/EP+는데/EC+./SY+./SY"
          },
          {
            "id": 16,
            "text": "1 : 그때 좀 더 우겨볼걸 싶기도 했다 키키",
            "norm_text": "그때 좀 더 우겨볼걸 싶기도 했다 키키",
            "speaker": {
              "id": "1번",
              "sex": "여성",
              "age": "30대"
            },
            "speechAct": "(단언) 진술하기",
            "morpheme": "그때/NNG+좀/MAG+더/MAG+우겨/VV+EC+볼/VX+ETM+걸/NNB+JKO+싶/VX+기/ETN+도/JX+했/VV+EP+다키키/NNP"
          },
          {
            "id": 17,
            "text": "2 : 근데 그랬으면 니가 건축학과 가서 더 힘들어서 포기했을 수도?...",
            "norm_text": "근데 그랬으면 니가 건축학과 가서 더 힘들어서 포기했을 수도?...",
            "speaker": {
              "id": "2번",
              "sex": "남성",
              "age": "30대"
            },
            "speechAct": "(지시) 질문하기",
            "morpheme": "근데/MAJ+그랬/VV+EP+으면/EC+니/NP+가/JKS+건축학/NNG+과/JKB+가/VV+서/EC+더/MAG+힘들/VA+어서/EC+포기/NNG+했/XSV+EP+을/ETM+수/NNB+도/JX+?/SY+./SY"
          },
          {
            "id": 18,
            "text": "1 : 어차피 고등학교 때 건축을 배우는 게 아닌데...",
            "norm_text": "어차피 고등학교 때 건축을 배우는 게 아닌데...",
            "speaker": {
              "id": "1번",
              "sex": "여성",
              "age": "30대"
            },
            "speechAct": "(단언) 주장하기",
            "morpheme": "어차피/MAG+고등/NNG+학교/NNG+때/NNG+건축/NNG+을/JKO+배우/VV+는/ETM+게/NNB+JKC+아닌데/VCN+EF+./SY"
          },
          {
            "id": 19,
            "text": "1 : 대학교에서 처음부터 배우는 거 아니겠나?",
            "norm_text": "대학교에서 처음부터 배우는 거 아니겠나?",
            "speaker": {
              "id": "1번",
              "sex": "여성",
              "age": "30대"
            },
            "speechAct": "(지시) 질문하기",
            "morpheme": "대학교/NNG+에서/JKB+처음/NNG+부터/JX+배우/VV+는/ETM+거/NNB+아니/VCN+겠/EP+나/EF"
          },
          {
            "id": 20,
            "text": "2 : 기초적인 베이스가 있을 거 아냐...",
            "norm_text": "기초적인 베이스가 있을 거 아냐...",
            "speaker": {
              "id": "2번",
              "sex": "남성",
              "age": "30대"
            },
            "speechAct": "(단언) 주장하기",
            "morpheme": "기초/NNG+적/XSN+인/VCP+ETM+베이스/NNG+가/JKS+있/VV+을/ETM+거/NNB+아냐/VCN+EF+./SY"
          },
          {
            "id": 21,
            "text": "2 : 수학도 문과는 기본만 배웠을 거고 키키",
            "norm_text": "수학도 문과는 기본만 배웠을 거고 키키",
            "speaker": {
              "id": "2번",
              "sex": "남성",
              "age": "30대"
            },
            "speechAct": "(단언) 주장하기",
            "morpheme": "수학/NNG+도/JX+문과/NNG+는/JX+기본/NNG+만/JX+배웠/VV+EP+을/ETM+거/NNB+고/VCP+EC+키/NNG+키/XSV+ETN"
          }
        ]
      }
    }
  ]
}