{
  "dataset": {
    "identifier": 58252,
    "name": "KAKAO_972_14_set",
    "src_path": "/data/file/cubeManager/PROJECT001/53/txt20211006135040026253/KAKAO_972_14_set/",
    "label_path": "/data/file/cubeManager/PROJECT001/53/txt20211006135040026253/KAKAO_972_14_set/",
    "category": 2,
    "type": 0
  },
  "licenses": {
    "name": "Apache License 1.0",
    "url": "http://www.apache.org/licenses/LICENSE-1.0"
  },
  "info": [
    {
      "id": 43851,
      "filename": "KAKAO_972_14.txt",
      "title": "KAKAO_972_14",
      "mediatype": "SNS",
      "medianame": "카카오톡",
      "category": "일상대화",
      "date": "2021-10-06",
      "size": 456,
      "annotations": {
        "subject": "사회이슈",
        "speaker_type": "1:1",
        "size": 456,
        "word_size": 142,
        "text": "1 : 코로나가 빨리 잠잠해져야 할 텐데 ㅠ\n2 : 그러니까 좋아져야 친구들도 만나고 좀 편해질 텐데\n1 : 중국에서는 코로나가 별로 안 심하다고 하더라고\n2 : 중국은 통제가 되니까 그런 거 같아\n1 : 맞아 미국이나 우리나라는 통제가 힘든 거 같아\n2 : 자유로우니까 교회 같은 데서도 많이 감염이 되는 거 같더라구\n1 : 뉴스에서 신천지라는 곳에서 불법 종교 활동한 거 보도하더라\n2 : 공산주의 국가가 통제는 잘 되는 거 같아\n1 : 너 친구 중에 중국인 있지?\n2 : 응 친구가 중국은 코로나가 통제 되고 있다더라\n1 : 요즘 국민들 힘들다고 상생지원금 25만원씩 주던데\n2 : 맞아 나도 뉴스 확인했어\n2 : 누나는 받았어?\n1 : 누나는 7월에 한국 들어와서 이의신청 해야 해\n2 : 그거 이의신청을 해야 받을 수 있어?\n1 : 응응 이의신청 하면 받을 수 있다더라고\n2 : 내 친구 중에도 입국해서 못 받는 애 있던데 물어봐야겠다",
        "lines": [
          {
            "id": 1,
            "text": "1 : 코로나가 빨리 잠잠해져야 할 텐데 ㅠ",
            "norm_text": "코로나가 빨리 잠잠해져야 할 텐데 ㅠ",
            "speaker": {
              "id": "1번",
              "sex": "여성",
              "age": "20대"
            },
            "speechAct": "(단언) 주장하기",
            "morpheme": "코로나/NNG+가/JKS+빨리/MAG+잠잠/XR+해져야/XSA+EC+VX+EC+할/VX+ETM+텐데/NNB+VCP+EC+ㅠ/UNKNOWN"
          },
          {
            "id": 2,
            "text": "2 : 그러니까 좋아져야 친구들도 만나고 좀 편해질 텐데",
            "norm_text": "그러니까 좋아져야 친구들도 만나고 좀 편해질 텐데",
            "speaker": {
              "id": "2번",
              "sex": "남성",
              "age": "20대"
            },
            "speechAct": "(단언) 주장하기",
            "morpheme": "그러니까/MAJ+좋/VA+아/EC+져야/VX+EC+친구/NNG+들/XSN+도/JX+만나/VV+고/EC+좀/MAG+편해질/VA+EC+VX+ETM+텐데/NNB+VCP+EC"
          },
          {
            "id": 3,
            "text": "1 : 중국에서는 코로나가 별로 안 심하다고 하더라고",
            "norm_text": "중국에서는 코로나가 별로 안 심하다고 하더라고",
            "speaker": {
              "id": "1번",
              "sex": "여성",
              "age": "20대"
            },
            "speechAct": "(단언) 진술하기",
            "morpheme": "중국/NNP+에서/JKB+는/JX+코로나/NNG+가/JKS+별로/MAG+안/MAG+심하/VA+다고/EC+하/VV+더라고/EC"
          },
          {
            "id": 4,
            "text": "2 : 중국은 통제가 되니까 그런 거 같아",
            "norm_text": "중국은 통제가 되니까 그런 거 같아",
            "speaker": {
              "id": "2번",
              "sex": "남성",
              "age": "20대"
            },
            "speechAct": "(단언) 주장하기",
            "morpheme": "중국/NNP+은/JX+통제/NNG+가/JKS+되/VV+니까/EC+그런/MM+거/NNB+같/VA+아/EC"
          },
          {
            "id": 5,
            "text": "1 : 맞아 미국이나 우리나라는 통제가 힘든 거 같아",
            "norm_text": "맞아 미국이나 우리나라는 통제가 힘든 거 같아",
            "speaker": {
              "id": "1번",
              "sex": "여성",
              "age": "20대"
            },
            "speechAct": "(단언) 주장하기",
            "morpheme": "맞/VV+아/EC+미국/NNP+이나/JC+우리나라/NNG+는/JX+통제/NNG+가/JKS+힘든/VA+ETM+거/NNB+같/VA+아/EC"
          },
          {
            "id": 6,
            "text": "2 : 자유로우니까 교회 같은 데서도 많이 감염이 되는 거 같더라구",
            "norm_text": "자유로우니까 교회 같은 데서도 많이 감염이 되는 거 같더라구",
            "speaker": {
              "id": "2번",
              "sex": "남성",
              "age": "20대"
            },
            "speechAct": "(단언) 주장하기",
            "morpheme": "자유/NNG+로우/XSA+니까/EC+교회/NNG+같/VA+은/ETM+데/NNB+서/JKB+도/JX+많이/MAG+감염/NNG+이/JKS+되/VV+는/ETM+거/NNB+같/VA+더라구/EC"
          },
          {
            "id": 7,
            "text": "1 : 뉴스에서 신천지라는 곳에서 불법 종교 활동한 거 보도하더라",
            "norm_text": "뉴스에서 신천지라는 곳에서 불법 종교 활동한 거 보도하더라",
            "speaker": {
              "id": "1번",
              "sex": "여성",
              "age": "20대"
            },
            "speechAct": "(단언) 진술하기",
            "morpheme": "뉴스/NNG+에서/JKB+신천지/NNP+라는/VCP+ETM+곳/NNG+에서/JKB+불법/NNG+종교/NNG+활동/NNG+한/XSA+ETM+거/NNB+보도/NNG+하/XSV+더라/EC"
          },
          {
            "id": 8,
            "text": "2 : 공산주의 국가가 통제는 잘 되는 거 같아",
            "norm_text": "공산주의 국가가 통제는 잘 되는 거 같아",
            "speaker": {
              "id": "2번",
              "sex": "남성",
              "age": "20대"
            },
            "speechAct": "(단언) 주장하기",
            "morpheme": "공산주의/NNG+국가/NNG+가/JKS+통제/NNG+는/JX+잘/MAG+되/VV+는/ETM+거/NNB+같/VA+아/EC"
          },
          {
            "id": 9,
            "text": "1 : 너 친구 중에 중국인 있지?",
            "norm_text": "너 친구 중에 중국인 있지?",
            "speaker": {
              "id": "1번",
              "sex": "여성",
              "age": "20대"
            },
            "speechAct": "(지시) 질문하기",
            "morpheme": "너/NP+친구/NNG+중/NNB+에/JKB+중국인/NNG+있/VA+지/EF"
          },
          {
            "id": 10,
            "text": "2 : 응 친구가 중국은 코로나가 통제 되고 있다더라",
            "norm_text": "응 친구가 중국은 코로나가 통제 되고 있다더라",
            "speaker": {
              "id": "2번",
              "sex": "남성",
              "age": "20대"
            },
            "speechAct": "(단언) 진술하기",
            "morpheme": "응/IC+친구/NNG+가/JKS+중국/NNP+은/JX+코로나/NNG+가/JKS+통제/NNG+되/XSV+고/EC+있/VX+다더라/EC"
          },
          {
            "id": 11,
            "text": "1 : 요즘 국민들 힘들다고 상생지원금 25만원씩 주던데",
            "norm_text": "요즘 국민들 힘들다고 상생지원금 25만원씩 주던데",
            "speaker": {
              "id": "1번",
              "sex": "여성",
              "age": "20대"
            },
            "speechAct": "(단언) 진술하기",
            "morpheme": "요즘/NNG+국민/NNG+들/XSN+힘들/VA+다고/EC+상생/NNG+지원금/NNG+25/SN+만/NR+원/NNBC+씩/XSN+주/VV+던데/EC"
          },
          {
            "id": 12,
            "text": "2 : 맞아 나도 뉴스 확인했어",
            "norm_text": "맞아 나도 뉴스 확인했어",
            "speaker": {
              "id": "2번",
              "sex": "남성",
              "age": "20대"
            },
            "speechAct": "(단언) 진술하기",
            "morpheme": "맞/VV+아/EC+나/NP+도/JX+뉴스/NNG+확인/NNG+했/XSV+EP+어/EC"
          },
          {
            "id": 13,
            "text": "2 : 누나는 받았어?",
            "norm_text": "누나는 받았어?",
            "speaker": {
              "id": "2번",
              "sex": "남성",
              "age": "20대"
            },
            "speechAct": "(지시) 질문하기",
            "morpheme": "누나/NNG+는/JX+받/VV+았/EP+어/EF"
          },
          {
            "id": 14,
            "text": "1 : 누나는 7월에 한국 들어와서 이의신청 해야 해",
            "norm_text": "누나는 7월에 한국 들어와서 이의신청 해야 해",
            "speaker": {
              "id": "1번",
              "sex": "여성",
              "age": "20대"
            },
            "speechAct": "(지시) 충고/제안하기",
            "morpheme": "누나/NNG+는/JX+7/SN+월/NNBC+에/JKB+한국/NNP+들어와서/VV+EC+이/NP+의/JKG+신청/NNG+해야/XSV+EC+해/VV+EC"
          },
          {
            "id": 15,
            "text": "2 : 그거 이의신청을 해야 받을 수 있어?",
            "norm_text": "그거 이의신청을 해야 받을 수 있어?",
            "speaker": {
              "id": "2번",
              "sex": "남성",
              "age": "20대"
            },
            "speechAct": "(지시) 질문하기",
            "morpheme": "그거/NP+이/NP+의/JKG+신청/NNG+을/JKO+해야/VV+EC+받/VV+을/ETM+수/NNB+있/VV+어/EF"
          },
          {
            "id": 16,
            "text": "1 : 응응 이의신청 하면 받을 수 있다더라고",
            "norm_text": "응응 이의신청 하면 받을 수 있다더라고",
            "speaker": {
              "id": "1번",
              "sex": "여성",
              "age": "20대"
            },
            "speechAct": "(단언) 진술하기",
            "morpheme": "응/IC+응/IC+이/NP+의/JKG+신청/NNG+하/XSV+면/EC+받/VV+을/ETM+수/NNB+있/VV+다더라고/EC"
          },
          {
            "id": 17,
            "text": "2 : 내 친구 중에도 입국해서 못 받는 애 있던데 물어봐야겠다",
            "norm_text": "내 친구 중에도 입국해서 못 받는 애 있던데 물어봐야겠다",
            "speaker": {
              "id": "2번",
              "sex": "남성",
              "age": "20대"
            },
            "speechAct": "(단언) 주장하기",
            "morpheme": "내/NP+JKG+친구/NNG+중/NNB+에/JKB+도/JX+입국/NNG+해서/XSV+EC+못/MAG+받/VV+는/ETM+애/NNG+있/VV+던/ETM+데/NNB+물어봐야/VV+EC+VX+겠/EP+다/EC"
          }
        ]
      }
    }
  ]
}