{
  "dataset": {
    "identifier": 58529,
    "name": "KAKAO_994_12_set",
    "src_path": "/data/file/cubeManager/PROJECT001/53/txt202110071127540941104/KAKAO_994_12_set/",
    "label_path": "/data/file/cubeManager/PROJECT001/53/txt202110071127540941104/KAKAO_994_12_set/",
    "category": 2,
    "type": 0
  },
  "licenses": {
    "name": "Apache License 1.0",
    "url": "http://www.apache.org/licenses/LICENSE-1.0"
  },
  "info": [
    {
      "id": 47446,
      "filename": "KAKAO_994_12.txt",
      "title": "KAKAO_994_12",
      "mediatype": "SNS",
      "medianame": "카카오톡",
      "category": "일상대화",
      "date": "2021-10-07",
      "size": 800,
      "annotations": {
        "subject": "여행",
        "speaker_type": "다자간 대화",
        "size": 800,
        "word_size": 268,
        "text": "1 : 아 우리 시골 여행 가자 추억 돋네\n2 : 난 추억이 시골에 없...던데...?\n3 : 나 농활 하고 싶다고 지금 한 백 번째 얘기 중\n1 : 우리 하우스 와서 일손 거들어라.\n1 : ** 너도 우리 가족 되려면 같이 와서 일손 거들어라\n2 : 히익 오이 따는 법 배워서 돌아올게!\n3 : 일손은 조~금만 거들고 노는 게 농활의 재미야\n1 : 그럼 **는 밥 주지 말자 우리\n2 : 대학교에서 가끔 농촌 활동 체험 가자고 광고 뿌리던데 그런 데 가면 **네 집 가서 오이 체험 여행 가는 건가\n3 : 키키 맞으, 가서 근데 술 마시고 노는겨\n1 : 야야 그거 아무나 못해.\n1 : 아무나 건들면 오이 나무 스트레스 받아서 다 죽는다고 ㅠ\n1 : 괜히 남의 집 농사 망칠 생각 말고 여행이나 가자\n2 : 그치 아무래도 여행은 힐링이지 노동이 아니야\n3 : 스키장, 제주도, 빠지 어때 계절마다 한 번씩 고\n1 : 진짜 스키장 안 가면 ** 울겠는데?\n2 : 제주도 그만 작년부터 세 번 갔어... 해외 좀 가자\n3 : 여친한테 가자고 해 놨단 말야 ㅠ\n1 : 나는 제주도 한 번 해외 0번이라 어디든 행복하다\n2 : 진짜 여행은 등산이니까 후지산 단체 등산 가자 일본 ㄱㄱ\n3 : 일본 가고 싶긴 함\n3 : 그 달리는 소년 앞에서 사진 찍는 거 국룰\n1 : 엥 너무 소박한 거 아님?\n1 : 난 히말라야 등산할 건데. 엄복령\n2 : 앞에 봉서산이나 정상 찍고 생각해 봐 자기야.\n3 : 태조산도 빡셀 거 같은데 내가 봤을 땐 ㅎ\n1 : 남들 태조산 1시간 30분 걸린다는데 나 3시간 걸림\n2 : 히말라야는 올라가다 잠들것네 그럼\n3 : 키키 한 걸음 걷고 잠자고 먹고 싸고",
        "lines": [
          {
            "id": 1,
            "text": "1 : 아 우리 시골 여행 가자 추억 돋네",
            "norm_text": "아 우리 시골 여행 가자 추억 돋네",
            "speaker": {
              "id": "1번",
              "sex": "여성",
              "age": "20대"
            },
            "speechAct": "(단언) 주장하기",
            "morpheme": "아/IC+우리/NP+시골/NNG+여행가/NNG+자/XSN+추억/NR+돋/VV+EP+네/EF"
          },
          {
            "id": 2,
            "text": "2 : 난 추억이 시골에 없...던데...?",
            "norm_text": "난 추억이 시골에 없...던데...?",
            "speaker": {
              "id": "2번",
              "sex": "남성",
              "age": "20대"
            },
            "speechAct": "(단언) 주장하기",
            "morpheme": "난/NP+JX+추억/NNG+이/JKS+시골/NNG+에/JKB+없/VA+./SY+던데/VCP+EF+./SY+./SY"
          },
          {
            "id": 3,
            "text": "3 : 나 농활 하고 싶다고 지금 한 백 번째 얘기 중",
            "norm_text": "나 농활 하고 싶다고 지금 한 백 번째 얘기 중",
            "speaker": {
              "id": "3번",
              "sex": "남성",
              "age": "20대"
            },
            "speechAct": "(단언) 주장하기",
            "morpheme": "나/NP+농활/NNG+하/XSV+고/EC+싶/VX+다고/EC+지금/MAG+한/MM+백/NR+번/NNBC+째/XSN+얘기/NNG+중/NNB"
          },
          {
            "id": 4,
            "text": "1 : 우리 하우스 와서 일손 거들어라.",
            "norm_text": "우리 하우스 와서 일손 거들어라.",
            "speaker": {
              "id": "1번",
              "sex": "여성",
              "age": "20대"
            },
            "speechAct": "(지시) 명령/요구하기",
            "morpheme": "우리/NP+하우스/NNP+와서/VV+EC+일손/NNG+거들/VV+어라/EF"
          },
          {
            "id": 5,
            "text": "1 : ** 너도 우리 가족 되려면 같이 와서 일손 거들어라",
            "norm_text": "** 너도 우리 가족 되려면 같이 와서 일손 거들어라",
            "speaker": {
              "id": "1번",
              "sex": "여성",
              "age": "20대"
            },
            "speechAct": "(지시) 명령/요구하기",
            "morpheme": "*/SY+*/SY+너/NP+도/JX+우리/NP+가족/NNG+되/XSV+려면/EC+같이/MAG+와서/VV+EC+일손/NNG+거들/VV+어라/EC"
          },
          {
            "id": 6,
            "text": "2 : 히익 오이 따는 법 배워서 돌아올게!",
            "norm_text": "히익 오이 따는 법 배워서 돌아올게!",
            "speaker": {
              "id": "2번",
              "sex": "남성",
              "age": "20대"
            },
            "speechAct": "(단언) 주장하기",
            "morpheme": "히익/MAG+오이/NNG+따/VV+는/ETM+법/NNB+배워서/VV+EC+돌아올/VV+ETM+게/NNB+JKS"
          },
          {
            "id": 7,
            "text": "3 : 일손은 조~금만 거들고 노는 게 농활의 재미야",
            "norm_text": "일손은 조~금만 거들고 노는 게 농활의 재미야",
            "speaker": {
              "id": "3번",
              "sex": "남성",
              "age": "20대"
            },
            "speechAct": "(단언) 주장하기",
            "morpheme": "일손/NNG+은/JX+조/NNG+~/SY+금만/NNG+거들/VV+고/EC+노/VX+는/ETM+게/NNB+JKS+농활/NNG+의/JKG+재미/NNG+야/VCP+EF"
          },
          {
            "id": 8,
            "text": "1 : 그럼 **는 밥 주지 말자 우리",
            "norm_text": "그럼 **는 밥 주지 말자 우리",
            "speaker": {
              "id": "1번",
              "sex": "여성",
              "age": "20대"
            },
            "speechAct": "(지시) 충고/제안하기",
            "morpheme": "그럼/MAJ+*/SY+*/SY+는밥주지말자우리/UNKNOWN"
          },
          {
            "id": 9,
            "text": "2 : 대학교에서 가끔 농촌 활동 체험 가자고 광고 뿌리던데 그런 데 가면 **네 집 가서 오이 체험 여행 가는 건가",
            "norm_text": "대학교에서 가끔 농촌 활동 체험 가자고 광고 뿌리던데 그런 데 가면 **네 집 가서 오이 체험 여행 가는 건가",
            "speaker": {
              "id": "2번",
              "sex": "남성",
              "age": "20대"
            },
            "speechAct": "(지시) 질문하기",
            "morpheme": "대학교/NNG+에서/JKB+가끔/MAG+농촌/NNG+활동/NNG+체험/NNG+가/VV+자고/EC+광고/NNG+뿌리/VV+던데/EC+그런/MM+데/NNB+가/VV+면/EC+*/SY+*/SY+네/IC+집/NNG+가/VV+서/EC+오이/NNG+체험/NNG+여행/NNG+가/VV+는/ETM+건가/NNB+VCP+EC"
          },
          {
            "id": 10,
            "text": "3 : 키키 맞으, 가서 근데 술 마시고 노는겨",
            "norm_text": "키키 맞으, 가서 근데 술 마시고 노는겨",
            "speaker": {
              "id": "3번",
              "sex": "남성",
              "age": "20대"
            },
            "speechAct": "(단언) 주장하기",
            "morpheme": "키/NNG+키/XSV+ETN+맞/VV+으/EF+,/SC+가/VV+서/EC+근데/MAJ+술/NNG+마시/VV+고/EC+노/VX+는겨/EC"
          },
          {
            "id": 11,
            "text": "1 : 야야 그거 아무나 못해.",
            "norm_text": "야야 그거 아무나 못해.",
            "speaker": {
              "id": "1번",
              "sex": "여성",
              "age": "20대"
            },
            "speechAct": "(단언) 주장하기",
            "morpheme": "야야/IC+그거/NP+아무/NP+나/JX+못/MAG+해/VV+EF"
          },
          {
            "id": 12,
            "text": "1 : 아무나 건들면 오이 나무 스트레스 받아서 다 죽는다고 ㅠ",
            "norm_text": "아무나 건들면 오이 나무 스트레스 받아서 다 죽는다고 ㅠ",
            "speaker": {
              "id": "1번",
              "sex": "여성",
              "age": "20대"
            },
            "speechAct": "(단언) 주장하기",
            "morpheme": "아무/NP+나/JX+건들/VV+면/EC+오이/NNG+나무/NNG+스트레스/NNG+받/VV+아서/EC+다/MAG+죽/VV+는다고/EC+ㅠ/UNKNOWN"
          },
          {
            "id": 13,
            "text": "1 : 괜히 남의 집 농사 망칠 생각 말고 여행이나 가자",
            "norm_text": "괜히 남의 집 농사 망칠 생각 말고 여행이나 가자",
            "speaker": {
              "id": "1번",
              "sex": "여성",
              "age": "20대"
            },
            "speechAct": "(지시) 충고/제안하기",
            "morpheme": "괜히/MAG+남/NNG+의/JKG+집/NNG+농사/NNG+망칠/VV+ETM+생각/NNG+말/VV+고/EC+여행/NNG+이/JKS+나가/VV+자/EC"
          },
          {
            "id": 14,
            "text": "2 : 그치 아무래도 여행은 힐링이지 노동이 아니야",
            "norm_text": "그치 아무래도 여행은 힐링이지 노동이 아니야",
            "speaker": {
              "id": "2번",
              "sex": "남성",
              "age": "20대"
            },
            "speechAct": "(단언) 주장하기",
            "morpheme": "그치/IC+아무래도/MAG+여행/NNG+은/JX+힐링/NNG+이/VCP+지/EC+노동/NNG+이/JKC+아니/VCN+야/EC"
          },
          {
            "id": 15,
            "text": "3 : 스키장, 제주도, 빠지 어때 계절마다 한 번씩 고",
            "norm_text": "스키장, 제주도, 빠지 어때 계절마다 한 번씩 고",
            "speaker": {
              "id": "3번",
              "sex": "남성",
              "age": "20대"
            },
            "speechAct": "(지시) 질문하기",
            "morpheme": "스키장/NNG+,/SC+제주도/NNP+,/SC+빠지/VV+어/EC+때/NNG+계절/NNG+마다/JX+한/MM+번/NNBC+씩/XSN+고/EC"
          },
          {
            "id": 16,
            "text": "1 : 진짜 스키장 안 가면 ** 울겠는데?",
            "norm_text": "진짜 스키장 안 가면 ** 울겠는데?",
            "speaker": {
              "id": "1번",
              "sex": "여성",
              "age": "20대"
            },
            "speechAct": "(단언) 주장하기",
            "morpheme": "진짜/MAG+스키장/NNG+안/MAG+가/VV+면/EC+*/SY+*/SY+울/VV+겠/EP+는데/EF"
          },
          {
            "id": 17,
            "text": "2 : 제주도 그만 작년부터 세 번 갔어... 해외 좀 가자",
            "norm_text": "제주도 그만 작년부터 세 번 갔어... 해외 좀 가자",
            "speaker": {
              "id": "2번",
              "sex": "남성",
              "age": "20대"
            },
            "speechAct": "(단언) 주장하기",
            "morpheme": "제주/NNP+도/JX+그만/MAG+작년/NNG+부터/JX+세/MM+번/NNBC+갔/VV+EP+어/EF+./SY+해외/NNG+좀/MAG+가/VV+자/EC"
          },
          {
            "id": 18,
            "text": "3 : 여친한테 가자고 해 놨단 말야 ㅠ",
            "norm_text": "여친한테 가자고 해 놨단 말야 ㅠ",
            "speaker": {
              "id": "3번",
              "sex": "남성",
              "age": "20대"
            },
            "speechAct": "(단언) 주장하기",
            "morpheme": "여친/NNG+한테/JKB+가/VV+자고/EC+해/VV+EC+놨단/VX+EP+ETM+말/NNG+야/VCP+EF+ㅠ/UNKNOWN"
          },
          {
            "id": 19,
            "text": "1 : 나는 제주도 한 번 해외 0번이라 어디든 행복하다",
            "norm_text": "나는 제주도 한 번 해외 0번이라 어디든 행복하다",
            "speaker": {
              "id": "1번",
              "sex": "여성",
              "age": "20대"
            },
            "speechAct": "(단언) 주장하기",
            "morpheme": "나/NP+는/JX+제주도/NNP+한/MM+번/NNBC+해외/NNG+0/SN+번/NNBC+이/VCP+라/EC+어디/NP+든/VCP+EC+행복/NNG+하/XSV+다/EC"
          },
          {
            "id": 20,
            "text": "2 : 진짜 여행은 등산이니까 후지산 단체 등산 가자 일본 ㄱㄱ",
            "norm_text": "진짜 여행은 등산이니까 후지산 단체 등산 가자 일본 ㄱㄱ",
            "speaker": {
              "id": "2번",
              "sex": "남성",
              "age": "20대"
            },
            "speechAct": "(지시) 충고/제안하기",
            "morpheme": "진짜/MAG+여행/NNG+은/JX+등산/NNG+이/VCP+니까/EC+후지/+산/+단체/NNG+등/NNB+산가/NNG+자/XSN+일본/NNP+ㄱ/NNG+ㄱ/NNG"
          },
          {
            "id": 21,
            "text": "3 : 일본 가고 싶긴 함",
            "norm_text": "일본 가고 싶긴 함",
            "speaker": {
              "id": "3번",
              "sex": "남성",
              "age": "20대"
            },
            "speechAct": "(단언) 주장하기",
            "morpheme": "일본/NNP+가/VV+고/EC+싶/VX+긴/ETN+JX+함/VX+ETN"
          },
          {
            "id": 22,
            "text": "3 : 그 달리는 소년 앞에서 사진 찍는 거 국룰",
            "norm_text": "그 달리는 소년 앞에서 사진 찍는 거 국룰",
            "speaker": {
              "id": "3번",
              "sex": "남성",
              "age": "20대"
            },
            "speechAct": "(단언) 주장하기",
            "morpheme": "그/IC+달리/VV+는/ETM+소년/NNG+앞/NNG+에서/JKB+사진/NNG+찍/VV+는/ETM+거국/NNG+룰/NNG"
          },
          {
            "id": 23,
            "text": "1 : 엥 너무 소박한 거 아님?",
            "norm_text": "엥 너무 소박한 거 아님?",
            "speaker": {
              "id": "1번",
              "sex": "여성",
              "age": "20대"
            },
            "speechAct": "(지시) 질문하기",
            "morpheme": "엥/IC+너무/MAG+소박/XR+한/XSA+ETM+거/NNB+아님/VCN+ETN"
          },
          {
            "id": 24,
            "text": "1 : 난 히말라야 등산할 건데. 엄복령",
            "norm_text": "난 히말라야 등산할 건데. 엄복령",
            "speaker": {
              "id": "1번",
              "sex": "여성",
              "age": "20대"
            },
            "speechAct": "(단언) 주장하기",
            "morpheme": "난/NP+JX+히말라야/NNP+등산/NNG+할/XSV+ETM+건데/NNB+VCP+EF+엄/IC+복령/NNG"
          },
          {
            "id": 25,
            "text": "2 : 앞에 봉서산이나 정상 찍고 생각해 봐 자기야.",
            "norm_text": "앞에 봉서산이나 정상 찍고 생각해 봐 자기야.",
            "speaker": {
              "id": "2번",
              "sex": "남성",
              "age": "20대"
            },
            "speechAct": "(지시) 충고/제안하기",
            "morpheme": "앞/NNG+에/JKB+봉서/NNG+산/NNG+이나/JC+정상/NNG+찍/VV+고/EC+생각/NNG+해/XSV+EC+봐/VX+EF+자기/NP+야/VCP+EF"
          },
          {
            "id": 26,
            "text": "3 : 태조산도 빡셀 거 같은데 내가 봤을 땐 ㅎ",
            "norm_text": "태조산도 빡셀 거 같은데 내가 봤을 땐 ㅎ",
            "speaker": {
              "id": "3번",
              "sex": "남성",
              "age": "20대"
            },
            "speechAct": "(단언) 주장하기",
            "morpheme": "태조산/NNG+도/JX+빡/MAG+셀/VV+ETM+거/NNB+같/VA+은데/EC+내/NP+가/JKS+봤/VV+EP+을/ETM+땐/NNG+JX+ㅎ/XSA"
          },
          {
            "id": 27,
            "text": "1 : 남들 태조산 1시간 30분 걸린다는데 나 3시간 걸림",
            "norm_text": "남들 태조산 1시간 30분 걸린다는데 나 3시간 걸림",
            "speaker": {
              "id": "1번",
              "sex": "여성",
              "age": "20대"
            },
            "speechAct": "(단언) 진술하기",
            "morpheme": "남/NNG+들/XSN+태조산/NNG+1/SN+시간/NNG+30/SN+분/NNBC+걸린다는데/VV+EC+나/VX+3/SN+시간/NNBC+걸림/VV+ETN"
          },
          {
            "id": 28,
            "text": "2 : 히말라야는 올라가다 잠들것네 그럼",
            "norm_text": "히말라야는 올라가다 잠들것네 그럼",
            "speaker": {
              "id": "2번",
              "sex": "남성",
              "age": "20대"
            },
            "speechAct": "(단언) 주장하기",
            "morpheme": "히말라야/NNP+는/JX+올라가/VV+다/EC+잠들/VV+ETM+것/NNB+네/IC+그럼/MAJ"
          },
          {
            "id": 29,
            "text": "3 : 키키 한 걸음 걷고 잠자고 먹고 싸고",
            "norm_text": "키키 한 걸음 걷고 잠자고 먹고 싸고",
            "speaker": {
              "id": "3번",
              "sex": "남성",
              "age": "20대"
            },
            "speechAct": "(단언) 진술하기",
            "morpheme": "키/NNG+키/NNG+한/XSA+ETM+걸음/NNG+걷/VV+고/EC+잠자/VV+고/EC+먹/VV+고/EC+싸/VX+고/EC"
          }
        ]
      }
    }
  ]
}