{
  "dataset": {
    "identifier": 60010,
    "name": "KAKAO_989_11_set",
    "src_path": "/data/file/cubeManager/PROJECT001/53/txt20211006122052081221/KAKAO_989_11_set/",
    "label_path": "/data/file/cubeManager/PROJECT001/53/txt20211006122052081221/KAKAO_989_11_set/",
    "category": 2,
    "type": 0
  },
  "licenses": {
    "name": "Apache License 1.0",
    "url": "http://www.apache.org/licenses/LICENSE-1.0"
  },
  "info": [
    {
      "id": 42891,
      "filename": "KAKAO_989_11.txt",
      "title": "KAKAO_989_11",
      "mediatype": "SNS",
      "medianame": "카카오톡",
      "category": "일상대화",
      "date": "2021-10-06",
      "size": 504,
      "annotations": {
        "subject": "게임",
        "speaker_type": "1:1",
        "size": 504,
        "word_size": 166,
        "text": "1 : 너 스팀이라는 게임 플랫폼 아나? 키키\n2 : 아니요, 키키 게임 좋아하나 봐?\n1 : 키키 음 좋아하진 않는데 거기 가끔 재밌는 게임 많이 올라와\n2 : 오호 키키 게임은 내가 게임을 잘한다면 참 좋겠지만 그러지 못해 아쉬워 ㅠ\n1 : 그냥 미니 게임 처럼도 할 수 있고 어려운 게임도 있고 키키\n1 : 한번 봐봐!\n2 : 응 그래야겠당 키키 추천해줬으니 한번 해보도록 할게\n1 : 응응 키키 아 근데 너 플스 있잖아!\n2 : 응 키키 10월에 내려와서 게임하구 가!\n1 : 키키 게임 뭐뭐 있어? 키키 여러 개 있나?\n2 : 음 잘 모르겠다 키키 딱 한 개인가 있는데, 전 남친이 두고 간 거라 하하\n1 : 키키 아... 그럼 내가 게임을 사서 가야 하나? 키키\n2 : 그것도 좋은 생각인 듯? 키키\n1 : 키키 그러면 나 플스 가지고 올라오면 되나?\n2 : 플스 사진은 맘껏 찍고 가게 해줄게? 하하\n1 : 키키 너무하네... 키키 플스 진짜 갖고 싶은데 키키\n2 : 버디로 만족합시다 하하\n2 : 게임은 아니되오 하하",
        "lines": [
          {
            "id": 1,
            "text": "1 : 너 스팀이라는 게임 플랫폼 아나? 키키",
            "norm_text": "너 스팀이라는 게임 플랫폼 아나? 키키",
            "speaker": {
              "id": "1번",
              "sex": "여성",
              "age": "30대"
            },
            "speechAct": "(지시) 질문하기",
            "morpheme": "너/NP+스팀/NNG+이/VCP+라는/ETM+게임/NNG+플랫폼/NNG+아/VV+나/EF+키/NNG+키/XSV+ETN"
          },
          {
            "id": 2,
            "text": "2 : 아니요, 키키 게임 좋아하나 봐?",
            "norm_text": "아니요, 키키 게임 좋아하나 봐?",
            "speaker": {
              "id": "2번",
              "sex": "여성",
              "age": "30대"
            },
            "speechAct": "(단언) 주장하기",
            "morpheme": "아니요/IC+,/SC+키/NNG+키/NNG+게임/NNG+좋/VA+아/EC+하/VV+나/EC+봐/VX+EF"
          },
          {
            "id": 3,
            "text": "1 : 키키 음 좋아하진 않는데 거기 가끔 재밌는 게임 많이 올라와",
            "norm_text": "키키 음 좋아하진 않는데 거기 가끔 재밌는 게임 많이 올라와",
            "speaker": {
              "id": "1번",
              "sex": "여성",
              "age": "30대"
            },
            "speechAct": "(단언) 주장하기",
            "morpheme": "키/NNG+키/XSV+ETN+음/IC+좋/VA+아/EC+하/VV+진/EC+JX+않/VX+는데/EC+거기/NP+가끔/MAG+재밌/VA+는/ETM+게임/NNG+많이/MAG+올라와/VV+EC"
          },
          {
            "id": 4,
            "text": "2 : 오호 키키 게임은 내가 게임을 잘한다면 참 좋겠지만 그러지 못해 아쉬워 ㅠ",
            "norm_text": "오호 키키 게임은 내가 게임을 잘한다면 참 좋겠지만 그러지 못해 아쉬워 ㅠ",
            "speaker": {
              "id": "2번",
              "sex": "여성",
              "age": "30대"
            },
            "speechAct": "(단언) 주장하기",
            "morpheme": "오호/IC+키/NNG+키/NNG+게임/NNG+은/JX+내/NP+가/JKS+게임/NNG+을/JKO+잘/MAG+한다면/VV+EC+참/MAG+좋/VA+겠/EP+지만/EC+그러/VV+지/EC+못해/VX+EC+아쉬워/VA+EC+ㅠ/UNKNOWN"
          },
          {
            "id": 5,
            "text": "1 : 그냥 미니 게임 처럼도 할 수 있고 어려운 게임도 있고 키키",
            "norm_text": "그냥 미니 게임 처럼도 할 수 있고 어려운 게임도 있고 키키",
            "speaker": {
              "id": "1번",
              "sex": "여성",
              "age": "30대"
            },
            "speechAct": "(단언) 주장하기",
            "morpheme": "그냥/MAG+미니/NNG+게임/NNG+처럼/JKB+도/JX+할/VV+ETM+수/NNB+있/VV+고/EC+어려운/VA+ETM+게임/NNG+도/JX+있/VA+고/EC+키/NNG+키/XSV+ETN"
          },
          {
            "id": 6,
            "text": "1 : 한번 봐봐!",
            "norm_text": "한번 봐봐!",
            "speaker": {
              "id": "1번",
              "sex": "여성",
              "age": "30대"
            },
            "speechAct": "(단언) 주장하기",
            "morpheme": "한/MM+번/NNBC+봐/VV+EC+봐/VX+EF"
          },
          {
            "id": 7,
            "text": "2 : 응 그래야겠당 키키 추천해줬으니 한번 해보도록 할게",
            "norm_text": "응 그래야겠당 키키 추천해줬으니 한번 해보도록 할게",
            "speaker": {
              "id": "2번",
              "sex": "여성",
              "age": "30대"
            },
            "speechAct": "(단언) 주장하기",
            "morpheme": "응/IC+그래야/VA+EC+VX+겠/EP+당/XSN+키/NNG+키/NNG+추천/NNG+해줬으니/XSV+EC+VX+EP+EC+한/MM+번/NNBC+해/VV+EC+보/VX+도록/EC+할/VX+ETM+게/NNB+JKS"
          },
          {
            "id": 8,
            "text": "1 : 응응 키키 아 근데 너 플스 있잖아!",
            "norm_text": "응응 키키 아 근데 너 플스 있잖아!",
            "speaker": {
              "id": "1번",
              "sex": "여성",
              "age": "30대"
            },
            "speechAct": "(단언) 주장하기",
            "morpheme": "응/IC+응/IC+키/NNG+키/XSV+ETN+아/IC+근데/MAJ+너/NP+플스/UNKNOWN+있/VA+잖아/EF"
          },
          {
            "id": 9,
            "text": "2 : 응 키키 10월에 내려와서 게임하구 가!",
            "norm_text": "응 키키 10월에 내려와서 게임하구 가!",
            "speaker": {
              "id": "2번",
              "sex": "여성",
              "age": "30대"
            },
            "speechAct": "(단언) 주장하기",
            "morpheme": "응/IC+키/NNG+키/XSV+ETN+10/SN+월/NNBC+에/JKB+내려와서/VV+EC+게임/NNG+하/XSV+구/EC+가/VX+EF"
          },
          {
            "id": 10,
            "text": "1 : 키키 게임 뭐뭐 있어? 키키 여러 개 있나?",
            "norm_text": "키키 게임 뭐뭐 있어? 키키 여러 개 있나?",
            "speaker": {
              "id": "1번",
              "sex": "여성",
              "age": "30대"
            },
            "speechAct": "(단언) 주장하기",
            "morpheme": "키/NNG+키/NNG+게임/NNG+뭐/IC+뭐/IC+있/VA+어/EF+키/NNG+키/XSV+ETN+여러/MM+개/NNBC+있/VA+나/EF"
          },
          {
            "id": 11,
            "text": "2 : 음 잘 모르겠다 키키 딱 한 개인가 있는데, 전 남친이 두고 간 거라 하하",
            "norm_text": "음 잘 모르겠다 키키 딱 한 개인가 있는데, 전 남친이 두고 간 거라 하하",
            "speaker": {
              "id": "2번",
              "sex": "여성",
              "age": "30대"
            },
            "speechAct": "(단언) 주장하기",
            "morpheme": "음/IC+잘/MAG+모르/VV+겠/EP+다키키/NNP+딱/MAG+한/MM+개/NNBC+인가/VCP+EC+있/VX+는데/EC+,/SC+전/MM+남친/NNG+이/JKS+두/VV+고/EC+간/VV+ETM+거/NNB+라/VCP+EC+하하/MAG"
          },
          {
            "id": 12,
            "text": "1 : 키키 아... 그럼 내가 게임을 사서 가야 하나? 키키",
            "norm_text": "키키 아... 그럼 내가 게임을 사서 가야 하나? 키키",
            "speaker": {
              "id": "1번",
              "sex": "여성",
              "age": "30대"
            },
            "speechAct": "(단언) 주장하기",
            "morpheme": "키/NNG+키/VV+아/EF+./SY+그럼/MAJ+내/NP+가/JKS+게임/NNG+을/JKO+사/VV+서/EC+가/VX+야/EF+하나/NR+키/NNG+키/XSV+ETN"
          },
          {
            "id": 13,
            "text": "2 : 그것도 좋은 생각인 듯? 키키",
            "norm_text": "그것도 좋은 생각인 듯? 키키",
            "speaker": {
              "id": "2번",
              "sex": "여성",
              "age": "30대"
            },
            "speechAct": "(단언) 주장하기",
            "morpheme": "그것/NP+도/JX+좋/VA+은/ETM+생각/NNG+인듯/VCP+EF+키/NNG+키/XSV+ETN"
          },
          {
            "id": 14,
            "text": "1 : 키키 그러면 나 플스 가지고 올라오면 되나?",
            "norm_text": "키키 그러면 나 플스 가지고 올라오면 되나?",
            "speaker": {
              "id": "1번",
              "sex": "여성",
              "age": "30대"
            },
            "speechAct": "(단언) 주장하기",
            "morpheme": "키/NNG+키/XSV+ETN+그러/VV+면/EC+나/VX+플스/UNKNOWN+가지/VX+고/EC+올라오/VV+면/EC+되/VV+나/EF"
          },
          {
            "id": 15,
            "text": "2 : 플스 사진은 맘껏 찍고 가게 해줄게? 하하",
            "norm_text": "플스 사진은 맘껏 찍고 가게 해줄게? 하하",
            "speaker": {
              "id": "2번",
              "sex": "여성",
              "age": "30대"
            },
            "speechAct": "(단언) 주장하기",
            "morpheme": "플/NNG+스/XSN+사진/NNG+은/JX+맘껏/MAG+찍/VV+고/EC+가/VX+게/EC+해/VV+EC+줄게/VX+EF+하하/MAG"
          },
          {
            "id": 16,
            "text": "1 : 키키 너무하네... 키키 플스 진짜 갖고 싶은데 키키",
            "norm_text": "키키 너무하네... 키키 플스 진짜 갖고 싶은데 키키",
            "speaker": {
              "id": "1번",
              "sex": "여성",
              "age": "30대"
            },
            "speechAct": "(단언) 주장하기",
            "morpheme": "키/NNG+키/NNG+너무/MAG+하/VV+네/EF+./SY+키/NNG+키/XSV+ETN+플/VX+ETM+스진/NNP+짜/VV+EC+갖/VX+고/EC+싶/VX+은데/EC+키/NNG+키/XSV+ETN"
          },
          {
            "id": 17,
            "text": "2 : 버디로 만족합시다 하하",
            "norm_text": "버디로 만족합시다 하하",
            "speaker": {
              "id": "2번",
              "sex": "여성",
              "age": "30대"
            },
            "speechAct": "(단언) 주장하기",
            "morpheme": "버디/NNG+로/JKB+만족/NNG+합시다/XSV+EC+하하/MAG"
          },
          {
            "id": 18,
            "text": "2 : 게임은 아니되오 하하",
            "norm_text": "게임은 아니되오 하하",
            "speaker": {
              "id": "2번",
              "sex": "여성",
              "age": "30대"
            },
            "speechAct": "(단언) 주장하기",
            "morpheme": "게임/NNG+은/JX+아니/VCN+되/EC+오하/NNG+하/XSV"
          }
        ]
      }
    }
  ]
}