{
  "dataset": {
    "identifier": 32155,
    "name": "KAKAO_937_15_set",
    "src_path": "/data/file/cubeManager/PROJECT001/53/txt202110051625430598109/KAKAO_937_15_set/",
    "label_path": "/data/file/cubeManager/PROJECT001/53/txt202110051625430598109/KAKAO_937_15_set/",
    "category": 2,
    "type": 0
  },
  "licenses": {
    "name": "Apache License 1.0",
    "url": "http://www.apache.org/licenses/LICENSE-1.0"
  },
  "info": [
    {
      "id": 42352,
      "filename": "KAKAO_937_15.txt",
      "title": "KAKAO_937_15",
      "mediatype": "SNS",
      "medianame": "카카오톡",
      "category": "일상대화",
      "date": "2021-10-05",
      "size": 525,
      "annotations": {
        "subject": "타 국가 이슈",
        "speaker_type": "1:1",
        "size": 525,
        "word_size": 174,
        "text": "1 : 미국 주택가에 군용기가 추락 했대\n2 : 엥 주택가에?\n2 : 어쩌다가 떨어진 거래?\n1 : 교관이랑 훈련생이랑 비행 훈련 하다가 그런가 봐\n2 : 헐 그럼 훈련생이 비행하고 있었던 거야? ㅠㅠ\n1 : 아직 추락 원인은 밝혀지지 않았대 ㅠㅠ\n2 : 아직 조사 중인가 보다 ㅠㅠ\n2 : 거기 시민들도 엄청 놀랬을 거 같아 ㅠㅠ\n1 : 어 다행히 인명 피해도 없고 둘 다 살았대\n2 : 진짜 다행이네 ㅠㅠ\n2 : 그래도 일반 주택가면 조심했어야지 ㅠㅠ\n1 : 교관의 판단력이 좋았나 봐\n1 : 부서진 집도 없고\n2 : 살면서 운을 거기다 다 쓰셨는 걸?\n2 : 다행이네\n1 : 그러게 진짜 오줌 지릴 뻔 했겠다 키키\n2 : 그 도시도 도시지만 타고 있던 사람들은 얼마나 무서웠겠어 키키\n1 : 그러게 키키 진짜 살면서 못 볼 것 같긴 한대 키키\n1 : 다들 생명 연장 했다...\n2 : 우리도 비행기 탔는데 추락한다 생각해봐 ㅠㅠ\n2 : 너무 아찔해\n1 : 그러게 그래서 그 업계 종사자들이 다 생명 수당 받아...\n2 : 키키 나도 비행기 탈 때 보험 항상 들어야겠어 키키",
        "lines": [
          {
            "id": 1,
            "text": "1 : 미국 주택가에 군용기가 추락 했대",
            "norm_text": "미국 주택가에 군용기가 추락 했대",
            "speaker": {
              "id": "1번",
              "sex": "여성",
              "age": "20대"
            },
            "speechAct": "(단언) 진술하기",
            "morpheme": "미국/NNP+주택가/NNG+에/JKB+군용기/NNG+가/JKS+추락/NNG+했/XSV+EP+대/EC"
          },
          {
            "id": 2,
            "text": "2 : 엥 주택가에?",
            "norm_text": "엥 주택가에?",
            "speaker": {
              "id": "2번",
              "sex": "여성",
              "age": "20대"
            },
            "speechAct": "턴토크 사인(관습적 반응)",
            "morpheme": "엥/IC+주택가/NNG+에/JKB"
          },
          {
            "id": 3,
            "text": "2 : 어쩌다가 떨어진 거래?",
            "norm_text": "어쩌다가 떨어진 거래?",
            "speaker": {
              "id": "2번",
              "sex": "여성",
              "age": "20대"
            },
            "speechAct": "(지시) 질문하기",
            "morpheme": "어쩌다가/MAG+떨어진/VV+ETM+거/NNB+래/VCP+EF"
          },
          {
            "id": 4,
            "text": "1 : 교관이랑 훈련생이랑 비행 훈련 하다가 그런가 봐",
            "norm_text": "교관이랑 훈련생이랑 비행 훈련 하다가 그런가 봐",
            "speaker": {
              "id": "1번",
              "sex": "여성",
              "age": "20대"
            },
            "speechAct": "(단언) 진술하기",
            "morpheme": "교관/NNG+이랑/JKB+훈련/NNG+생/XSN+이랑/JC+비행/NNG+훈련/NNG+하/XSV+다가/EC+그런가/VA+EC+봐/VX+EC"
          },
          {
            "id": 5,
            "text": "2 : 헐 그럼 훈련생이 비행하고 있었던 거야? ㅠㅠ",
            "norm_text": "헐 그럼 훈련생이 비행하고 있었던 거야? ㅠㅠ",
            "speaker": {
              "id": "2번",
              "sex": "여성",
              "age": "20대"
            },
            "speechAct": "(지시) 질문하기",
            "morpheme": "헐/IC+그럼/MAJ+훈련생/NNG+이/JKS+비행/NNG+하/XSV+고/EC+있/VX+었/EP+던/ETM+거/NNB+야/VCP+EF+ㅠㅠ/UNKNOWN"
          },
          {
            "id": 6,
            "text": "1 : 아직 추락 원인은 밝혀지지 않았대 ㅠㅠ",
            "norm_text": "아직 추락 원인은 밝혀지지 않았대 ㅠㅠ",
            "speaker": {
              "id": "1번",
              "sex": "여성",
              "age": "20대"
            },
            "speechAct": "(단언) 진술하기",
            "morpheme": "아직/MAG+추락/NNG+원인/NNG+은/JX+밝혀/VV+EC+지/VX+지/EC+않/VX+았/EP+대/EF+ㅠㅠ/UNKNOWN"
          },
          {
            "id": 7,
            "text": "2 : 아직 조사 중인가 보다 ㅠㅠ",
            "norm_text": "아직 조사 중인가 보다 ㅠㅠ",
            "speaker": {
              "id": "2번",
              "sex": "여성",
              "age": "20대"
            },
            "speechAct": "(단언) 주장하기",
            "morpheme": "아직/MAG+조사/NNG+중/NNB+인가/VCP+EC+보/VX+다/EF+ㅠㅠ/UNKNOWN"
          },
          {
            "id": 8,
            "text": "2 : 거기 시민들도 엄청 놀랬을 거 같아 ㅠㅠ",
            "norm_text": "거기 시민들도 엄청 놀랬을 거 같아 ㅠㅠ",
            "speaker": {
              "id": "2번",
              "sex": "여성",
              "age": "20대"
            },
            "speechAct": "(단언) 주장하기",
            "morpheme": "거기/NP+시민/NNG+들/XSN+도/JX+엄청/MAG+놀랬/VV+EP+을/ETM+거/NNB+같/VA+아/EC+ㅠㅠ/UNKNOWN"
          },
          {
            "id": 9,
            "text": "1 : 어 다행히 인명 피해도 없고 둘 다 살았대",
            "norm_text": "어 다행히 인명 피해도 없고 둘 다 살았대",
            "speaker": {
              "id": "1번",
              "sex": "여성",
              "age": "20대"
            },
            "speechAct": "(단언) 진술하기",
            "morpheme": "어/IC+다행히/MAG+인명/NNG+피해/NNG+도/JX+없/VA+고/EC+둘/VX+ETM+다/MAG+살/VV+았/EP+대/EC"
          },
          {
            "id": 10,
            "text": "2 : 진짜 다행이네 ㅠㅠ",
            "norm_text": "진짜 다행이네 ㅠㅠ",
            "speaker": {
              "id": "2번",
              "sex": "여성",
              "age": "20대"
            },
            "speechAct": "(단언) 주장하기",
            "morpheme": "진짜다행이네ㅠㅠ/UNKNOWN"
          },
          {
            "id": 11,
            "text": "2 : 그래도 일반 주택가면 조심했어야지 ㅠㅠ",
            "norm_text": "그래도 일반 주택가면 조심했어야지 ㅠㅠ",
            "speaker": {
              "id": "2번",
              "sex": "여성",
              "age": "20대"
            },
            "speechAct": "(단언) 주장하기",
            "morpheme": "그래도/MAJ+일반/NNG+주택/NNG+가/VV+면/EC+조심/NNG+했/XSV+EP+어야지/EF+ㅠㅠ/UNKNOWN"
          },
          {
            "id": 12,
            "text": "1 : 교관의 판단력이 좋았나 봐",
            "norm_text": "교관의 판단력이 좋았나 봐",
            "speaker": {
              "id": "1번",
              "sex": "여성",
              "age": "20대"
            },
            "speechAct": "(단언) 진술하기",
            "morpheme": "교관/NNG+의/JKG+판단력/NNG+이/JKS+좋/VA+았/EP+나/EC+봐/VX+EC"
          },
          {
            "id": 13,
            "text": "1 : 부서진 집도 없고",
            "norm_text": "부서진 집도 없고",
            "speaker": {
              "id": "1번",
              "sex": "여성",
              "age": "20대"
            },
            "speechAct": "(단언) 진술하기",
            "morpheme": "부서/NNG+진집/NNG+도/JX+없/VA+고/EC"
          },
          {
            "id": 14,
            "text": "2 : 살면서 운을 거기다 다 쓰셨는 걸?",
            "norm_text": "살면서 운을 거기다 다 쓰셨는 걸?",
            "speaker": {
              "id": "2번",
              "sex": "여성",
              "age": "20대"
            },
            "speechAct": "(단언) 주장하기",
            "morpheme": "살/VV+면서/EC+운/NNG+을/JKO+거기/NP+다/JX+다/MAG+쓰/VV+셨/EP+EP+는걸/EF"
          },
          {
            "id": 15,
            "text": "2 : 다행이네",
            "norm_text": "다행이네",
            "speaker": {
              "id": "2번",
              "sex": "여성",
              "age": "20대"
            },
            "speechAct": "(단언) 주장하기",
            "morpheme": "다행/NNG+이/VCP+네/EC"
          },
          {
            "id": 16,
            "text": "1 : 그러게 진짜 오줌 지릴 뻔 했겠다 키키",
            "norm_text": "그러게 진짜 오줌 지릴 뻔 했겠다 키키",
            "speaker": {
              "id": "1번",
              "sex": "여성",
              "age": "20대"
            },
            "speechAct": "(단언) 진술하기",
            "morpheme": "그러게/MAJ+진짜/MAG+오줌/NNG+지릴/UNKNOWN+뻔했/VX+EP+겠/EP+다키키/NNP"
          },
          {
            "id": 17,
            "text": "2 : 그 도시도 도시지만 타고 있던 사람들은 얼마나 무서웠겠어 키키",
            "norm_text": "그 도시도 도시지만 타고 있던 사람들은 얼마나 무서웠겠어 키키",
            "speaker": {
              "id": "2번",
              "sex": "여성",
              "age": "20대"
            },
            "speechAct": "(단언) 주장하기",
            "morpheme": "그/MM+도시/NNG+도/JX+도시/NNG+지만/VCP+EC+타/VV+고/EC+있/VX+던/ETM+사람/NNG+들/XSN+은/JX+얼마나/MAG+무서웠/VA+EP+겠/EP+어/EC+키/NNG+키/XSV+ETN"
          },
          {
            "id": 18,
            "text": "1 : 그러게 키키 진짜 살면서 못 볼 것 같긴 한대 키키",
            "norm_text": "그러게 키키 진짜 살면서 못 볼 것 같긴 한대 키키",
            "speaker": {
              "id": "1번",
              "sex": "여성",
              "age": "20대"
            },
            "speechAct": "(단언) 주장하기",
            "morpheme": "그러/VV+게/EC+키/NNG+키/XSV+ETN+진짜/MAG+살/VV+면서/EC+못/MAG+볼/VV+ETM+것/NNB+같/VA+긴/ETN+JX+한대/VX+EF+키/NNG+키/XSV+ETN"
          },
          {
            "id": 19,
            "text": "1 : 다들 생명 연장 했다...",
            "norm_text": "다들 생명 연장 했다...",
            "speaker": {
              "id": "1번",
              "sex": "여성",
              "age": "20대"
            },
            "speechAct": "(단언) 주장하기",
            "morpheme": "다/MAG+들/XSN+생명/NNG+연장/NNG+했/XSV+EP+다/EF+./SY"
          },
          {
            "id": 20,
            "text": "2 : 우리도 비행기 탔는데 추락한다 생각해봐 ㅠㅠ",
            "norm_text": "우리도 비행기 탔는데 추락한다 생각해봐 ㅠㅠ",
            "speaker": {
              "id": "2번",
              "sex": "여성",
              "age": "20대"
            },
            "speechAct": "(단언) 주장하기",
            "morpheme": "우리/NP+도/JX+비행기/NNG+탔/VV+EP+는데/EC+추락/NNG+한다/XSV+EC+생각/NNG+해/XSV+EC+봐/VX+EF+ㅠㅠ/UNKNOWN"
          },
          {
            "id": 21,
            "text": "2 : 너무 아찔해",
            "norm_text": "너무 아찔해",
            "speaker": {
              "id": "2번",
              "sex": "여성",
              "age": "20대"
            },
            "speechAct": "(표현) 부정감정 표현하기",
            "morpheme": "너무/MAG+아찔/XR+해/XSA+EC"
          },
          {
            "id": 22,
            "text": "1 : 그러게 그래서 그 업계 종사자들이 다 생명 수당 받아...",
            "norm_text": "그러게 그래서 그 업계 종사자들이 다 생명 수당 받아...",
            "speaker": {
              "id": "1번",
              "sex": "여성",
              "age": "20대"
            },
            "speechAct": "(단언) 진술하기",
            "morpheme": "그러게/IC+그래서/MAJ+그/MM+업계/NNG+종사자/NNG+들/XSN+이/JKS+다/MAG+생명/NNG+수당/NNG+받/VV+아/EF+./SY"
          },
          {
            "id": 23,
            "text": "2 : 키키 나도 비행기 탈 때 보험 항상 들어야겠어 키키",
            "norm_text": "키키 나도 비행기 탈 때 보험 항상 들어야겠어 키키",
            "speaker": {
              "id": "2번",
              "sex": "여성",
              "age": "20대"
            },
            "speechAct": "(단언) 주장하기",
            "morpheme": "키/NNG+키나/XSA+ETN+JX+도/JX+비행기/NNG+탈/XPN+때/NNG+보험/NNG+항상/MAG+들어야/VV+EC+VX+겠/EP+어/EC+키/NNG+키/XSV+ETN"
          }
        ]
      }
    }
  ]
}