{
  "dataset": {
    "identifier": 49816,
    "name": "KAKAO_973_14_set",
    "src_path": "/data/file/cubeManager/PROJECT001/53/txt20211006134451061934/KAKAO_973_14_set/",
    "label_path": "/data/file/cubeManager/PROJECT001/53/txt20211006134451061934/KAKAO_973_14_set/",
    "category": 2,
    "type": 0
  },
  "licenses": {
    "name": "Apache License 1.0",
    "url": "http://www.apache.org/licenses/LICENSE-1.0"
  },
  "info": [
    {
      "id": 43094,
      "filename": "KAKAO_973_14.txt",
      "title": "KAKAO_973_14",
      "mediatype": "SNS",
      "medianame": "카카오톡",
      "category": "일상대화",
      "date": "2021-10-06",
      "size": 499,
      "annotations": {
        "subject": "사회이슈",
        "speaker_type": "1:1",
        "size": 499,
        "word_size": 148,
        "text": "1 : BNK부산은행에서 이번에 부산국제영화제에 8억 원을 후원한대\n2 : 은행에서 그런 것도 후원하나?\n1 : 그런가 봐 부산국제영화제가 26년이 됐는데 한 번도 빠짐 없이 후원했대\n2 : 대단하네 키키 8억이면 어마어마하잖아\n1 : 그러니까 키키 작년에는 부산영화제 행사 취소하고 했는데도 전산기기 지원하고 그랬대\n2 : 작년에는 코로나 때문에 취소된 거가?\n1 : 응 키키 코로나 때문에 개막도 못했었다\n2 : 키키 난 그거 안 봐서 안 한지도 몰랐다\n1 : 키키 후원해주는 입장에서도 근데 뿌듯할 것 같다 아시아 대표 영화제라서\n2 : 어 키키 부산에서 홍보해주고 그래서 후원 아끼지 않는 간가?\n1 : 그런가 봐 키키 사회면에도 이렇게 따뜻한 기사가 있네\n2 : 키키 이런 좋은 기사 좀 많이 떠야 하는데\n1 : 그러니까 키키 후원하는 사람들은 여기저기 다 알려져야 된다\n2 : 키키 맞다 키키 좋은 거는 더 자랑해야지\n1 : 키키 그러니까 이런 사람들은 복 많이 받아야 됨\n2 : 어 키키 그건 진짜 인정이다",
        "lines": [
          {
            "id": 1,
            "text": "1 : BNK부산은행에서 이번에 부산국제영화제에 8억 원을 후원한대",
            "norm_text": "BNK부산은행에서 이번에 부산국제영화제에 8억 원을 후원한대",
            "speaker": {
              "id": "1번",
              "sex": "여성",
              "age": "20대"
            },
            "speechAct": "(단언) 진술하기",
            "morpheme": "BNK/SL+부산은행/NNP+에서/JKB+이번/NNG+에/JKB+부산/NNP+국제/NNG+영화제/NNG+에/JKB+8/SN+억/NR+원/NNBC+을/JKO+후원/NNG+한대/NNG"
          },
          {
            "id": 2,
            "text": "2 : 은행에서 그런 것도 후원하나?",
            "norm_text": "은행에서 그런 것도 후원하나?",
            "speaker": {
              "id": "2번",
              "sex": "남성",
              "age": "30대"
            },
            "speechAct": "(지시) 질문하기",
            "morpheme": "은행/NNG+에서/JKB+그런/MM+것/NNB+도/JX+후원/NNG+하나/NR"
          },
          {
            "id": 3,
            "text": "1 : 그런가 봐 부산국제영화제가 26년이 됐는데 한 번도 빠짐 없이 후원했대",
            "norm_text": "그런가 봐 부산국제영화제가 26년이 됐는데 한 번도 빠짐 없이 후원했대",
            "speaker": {
              "id": "1번",
              "sex": "여성",
              "age": "20대"
            },
            "speechAct": "(단언) 진술하기",
            "morpheme": "그런가/VA+EC+봐/VX+EF+부산/NNP+국제/NNG+영화제/NNG+가/JKS+26/SN+년/NNBC+이/JKS+됐/VV+EP+는데/EC+한/MM+번/NNBC+도/JX+빠짐없이/MAG+후원/NNG+했/XSV+EP+대/EC"
          },
          {
            "id": 4,
            "text": "2 : 대단하네 키키 8억이면 어마어마하잖아",
            "norm_text": "대단하네 키키 8억이면 어마어마하잖아",
            "speaker": {
              "id": "2번",
              "sex": "남성",
              "age": "30대"
            },
            "speechAct": "(단언) 주장하기",
            "morpheme": "대단/XR+하/XSA+네/EF+키키/NNP+8/SN+억/NR+이/VCP+면/EC+어마어마/XR+하/XSA+잖아/EC"
          },
          {
            "id": 5,
            "text": "1 : 그러니까 키키 작년에는 부산영화제 행사 취소하고 했는데도 전산기기 지원하고 그랬대",
            "norm_text": "그러니까 키키 작년에는 부산영화제 행사 취소하고 했는데도 전산기기 지원하고 그랬대",
            "speaker": {
              "id": "1번",
              "sex": "여성",
              "age": "20대"
            },
            "speechAct": "(단언) 진술하기",
            "morpheme": "그러니까/MAJ+키/NNG+키/NNG+작년/NNG+에/JKB+는/JX+부산/NNP+영화제/NNG+행사/NNG+취소/NNG+하/XSV+고/EC+했/VX+EP+는데/EC+도/JX+전산/NNG+기기/NNG+지원/NNG+하/XSV+고/EC+그랬/VV+EP+대/EC"
          },
          {
            "id": 6,
            "text": "2 : 작년에는 코로나 때문에 취소된 거가?",
            "norm_text": "작년에는 코로나 때문에 취소된 거가?",
            "speaker": {
              "id": "2번",
              "sex": "남성",
              "age": "30대"
            },
            "speechAct": "(지시) 질문하기",
            "morpheme": "작년/NNG+에/JKB+는/JX+코로나/NNG+때문/NNB+에/JKB+취소/NNG+된/XSV+ETM+거/NNB+가/JKS"
          },
          {
            "id": 7,
            "text": "1 : 응 키키 코로나 때문에 개막도 못했었다",
            "norm_text": "응 키키 코로나 때문에 개막도 못했었다",
            "speaker": {
              "id": "1번",
              "sex": "여성",
              "age": "20대"
            },
            "speechAct": "(단언) 진술하기",
            "morpheme": "응/IC+키키/NNP+코로나/NNP+때문/NNB+에/JKB+개막/NNG+도/JX+못/MAG+했었/VV+EP+다/EC"
          },
          {
            "id": 8,
            "text": "2 : 키키 난 그거 안 봐서 안 한지도 몰랐다",
            "norm_text": "키키 난 그거 안 봐서 안 한지도 몰랐다",
            "speaker": {
              "id": "2번",
              "sex": "남성",
              "age": "30대"
            },
            "speechAct": "(단언) 주장하기",
            "morpheme": "키/NNG+키/XSV+ETN+난/NP+JX+그거/NP+안/MAG+봐서/VV+EC+안/MAG+한지/VV+EC+도/JX+몰랐다/VV+EP"
          },
          {
            "id": 9,
            "text": "1 : 키키 후원해주는 입장에서도 근데 뿌듯할 것 같다 아시아 대표 영화제라서",
            "norm_text": "키키 후원해주는 입장에서도 근데 뿌듯할 것 같다 아시아 대표 영화제라서",
            "speaker": {
              "id": "1번",
              "sex": "여성",
              "age": "20대"
            },
            "speechAct": "(단언) 주장하기",
            "morpheme": "키/NNG+키/NNG+후원/NNG+해/XSV+EC+주/VX+는/ETM+입장/NNG+에서/JKB+도/JX+근데/MAJ+뿌듯/XR+할/XSA+ETM+것/NNB+같/VA+다/EC+아시아/NNP+대표/NNG+영화제/NNG+라서/VCP+EC"
          },
          {
            "id": 10,
            "text": "2 : 어 키키 부산에서 홍보해주고 그래서 후원 아끼지 않는 간가?",
            "norm_text": "어 키키 부산에서 홍보해주고 그래서 후원 아끼지 않는 간가?",
            "speaker": {
              "id": "2번",
              "sex": "남성",
              "age": "30대"
            },
            "speechAct": "(지시) 질문하기",
            "morpheme": "어/IC+키키/NNP+부산/NNP+에서/JKB+홍보/NNG+해/XSV+EC+주/VX+고/EC+그래서/MAJ+후원/NNG+아끼/VV+지/EC+않/VX+는/ETM+간가/NNG"
          },
          {
            "id": 11,
            "text": "1 : 그런가 봐 키키 사회면에도 이렇게 따뜻한 기사가 있네",
            "norm_text": "그런가 봐 키키 사회면에도 이렇게 따뜻한 기사가 있네",
            "speaker": {
              "id": "1번",
              "sex": "여성",
              "age": "20대"
            },
            "speechAct": "(단언) 주장하기",
            "morpheme": "그런가/VA+EC+봐/VX+EF+키키/NNP+사회면/NNG+에/JKB+도/JX+이렇게/MAG+따뜻/XR+한/XSA+ETM+기사/NNG+가/JKS+있/VA+네/EC"
          },
          {
            "id": 12,
            "text": "2 : 키키 이런 좋은 기사 좀 많이 떠야 하는데",
            "norm_text": "키키 이런 좋은 기사 좀 많이 떠야 하는데",
            "speaker": {
              "id": "2번",
              "sex": "남성",
              "age": "30대"
            },
            "speechAct": "(단언) 주장하기",
            "morpheme": "키키/NNP+이런/MM+좋/VA+은/ETM+기사/NNG+좀/MAG+많이/MAG+떠야/VV+EC+하/VV+는데/EC"
          },
          {
            "id": 13,
            "text": "1 : 그러니까 키키 후원하는 사람들은 여기저기 다 알려져야 된다",
            "norm_text": "그러니까 키키 후원하는 사람들은 여기저기 다 알려져야 된다",
            "speaker": {
              "id": "1번",
              "sex": "여성",
              "age": "20대"
            },
            "speechAct": "(단언) 주장하기",
            "morpheme": "그러니까/MAJ+키/NNG+키/NNG+후원/NNG+하/XSV+는/ETM+사람/NNG+들/XSN+은/JX+여기저기/NNG+다/MAG+알려져야/VV+EC+VX+EC+된다/VV+EC"
          },
          {
            "id": 14,
            "text": "2 : 키키 맞다 키키 좋은 거는 더 자랑해야지",
            "norm_text": "키키 맞다 키키 좋은 거는 더 자랑해야지",
            "speaker": {
              "id": "2번",
              "sex": "남성",
              "age": "30대"
            },
            "speechAct": "(단언) 주장하기",
            "morpheme": "키/NNG+키/XSV+ETN+맞/VV+다/EC+키/NNG+키/XSV+ETN+좋/VA+은/ETM+거/NNB+는/JX+더/MAG+자랑/NNG+해야지/XSV+EC"
          },
          {
            "id": 15,
            "text": "1 : 키키 그러니까 이런 사람들은 복 많이 받아야 됨",
            "norm_text": "키키 그러니까 이런 사람들은 복 많이 받아야 됨",
            "speaker": {
              "id": "1번",
              "sex": "여성",
              "age": "20대"
            },
            "speechAct": "(단언) 주장하기",
            "morpheme": "키/NNG+키/XSV+ETN+그러니까/MAJ+이런/MM+사람/NNG+들/XSN+은/JX+복/NNG+많이/MAG+받/VV+아야/EC+됨/VV+ETN"
          },
          {
            "id": 16,
            "text": "2 : 어 키키 그건 진짜 인정이다",
            "norm_text": "어 키키 그건 진짜 인정이다",
            "speaker": {
              "id": "2번",
              "sex": "남성",
              "age": "30대"
            },
            "speechAct": "(단언) 주장하기",
            "morpheme": "어/IC+키/NNG+키/XSV+ETN+그건/NP+JX+진짜/MAG+인정/NNG+이/VCP+다/EC"
          }
        ]
      }
    }
  ]
}