{
  "dataset": {
    "identifier": 63462,
    "name": "KAKAO_911_19_set",
    "src_path": "/data/file/cubeManager/PROJECT001/53/txt20211005154123076995/KAKAO_911_19_set/",
    "label_path": "/data/file/cubeManager/PROJECT001/53/txt20211005154123076995/KAKAO_911_19_set/",
    "category": 2,
    "type": 0
  },
  "licenses": {
    "name": "Apache License 1.0",
    "url": "http://www.apache.org/licenses/LICENSE-1.0"
  },
  "info": [
    {
      "id": 41616,
      "filename": "KAKAO_911_19.txt",
      "title": "KAKAO_911_19",
      "mediatype": "SNS",
      "medianame": "카카오톡",
      "category": "일상대화",
      "date": "2021-10-05",
      "size": 565,
      "annotations": {
        "subject": "방송/연예",
        "speaker_type": "1:1",
        "size": 565,
        "word_size": 173,
        "text": "1 : 이십세기힛트쏭이라는 프로그램 있는데 거기 옛날 가수들 노래 많이 나옴키키\n2 : 와 갑자기 욕하는 줄 알았다 키키\n1 : 슈퍼주니어 김희철이 MC인데 키키 재밌땅 키키\n2 : 슈가맨 같은 그런 방송인가?\n1 : 약간 달라 키키 테마별로 순위 매기는?\n2 : 그래? 어디 방송사에서 하는 건데? 유튜브 채널도 있으려나? 해외에 있으니까 유튜브 아니면 볼 방법이 없네\n1 : 방송사는 모르겠넹 키키 KBS인가\n2 : 검색해봐야겠다 ㅎ 90년대 노래가 참 좋은데 ㅎ\n1 : 맞아 잊고 있던 좋은 노래 엄청 많이 나오더라\n2 : 언타이틀 노래 좋음 ㅋ\n1 : 날개랑 책임져인가 키키 근데 김희철은 왜 모르는 노래가 없지 키키\n2 : 김희철 아는 형님 보면 진짜 대단한 듯 키키 그 시절 티비가 머릿속에 다 저장돼있는 거 같음 키키\n1 : 한 번씩 진짜 생소한 노래 나오는데 다 앎 키키\n2 : 유튜브 검색하니까 이십세기 힛-트쏭 나오네 키키 지금 보고 있다 키키\n1 : 봐바 키키 재밌다 은근히 키키 지금 나오는 가수들 옛날 젊을 때 모습도 볼 수 있고\n2 : 와... 지오디 키키 와... 추억 돋네 키키 사랑해~ 그리고 기억해~ 키키",
        "lines": [
          {
            "id": 1,
            "text": "1 : 이십세기힛트쏭이라는 프로그램 있는데 거기 옛날 가수들 노래 많이 나옴키키",
            "norm_text": "이십세기힛트쏭이라는 프로그램 있는데 거기 옛날 가수들 노래 많이 나옴키키",
            "speaker": {
              "id": "1번",
              "sex": "여성",
              "age": "30대"
            },
            "speechAct": "(단언) 진술하기",
            "morpheme": "이/NR+십/NR+세기/NNG+힛/MAG+트/NNG+쏭/NNG+이/VCP+라는/ETM+프로그램/NNG+있/VV+는데/EC+거기/NP+옛날/NNG+가수/NNG+들/XSN+노래/NNG+많이/MAG+나옴/VV+EC+키/NNG+키/XSV+ETN"
          },
          {
            "id": 2,
            "text": "2 : 와 갑자기 욕하는 줄 알았다 키키",
            "norm_text": "와 갑자기 욕하는 줄 알았다 키키",
            "speaker": {
              "id": "2번",
              "sex": "남성",
              "age": "30대"
            },
            "speechAct": "(단언) 주장하기",
            "morpheme": "와/IC+갑자기/MAG+욕/NNG+하/XSV+는/ETM+줄/NNB+알/VV+았/EP+다키키/NNP"
          },
          {
            "id": 3,
            "text": "1 : 슈퍼주니어 김희철이 MC인데 키키 재밌땅 키키",
            "norm_text": "슈퍼주니어 김희철이 MC인데 키키 재밌땅 키키",
            "speaker": {
              "id": "1번",
              "sex": "여성",
              "age": "30대"
            },
            "speechAct": "(단언) 주장하기",
            "morpheme": "슈퍼/+주니어/+김희철/NNP+이/JKS+MC/SL+인데/VCP+EC+키/NNG+키/XSV+ETN+재밌/VA+땅/NNG+키/NNG+키/XSV+ETN"
          },
          {
            "id": 4,
            "text": "2 : 슈가맨 같은 그런 방송인가?",
            "norm_text": "슈가맨 같은 그런 방송인가?",
            "speaker": {
              "id": "2번",
              "sex": "남성",
              "age": "30대"
            },
            "speechAct": "(지시) 질문하기",
            "morpheme": "슈가맨/NNP+같/VA+은/ETM+그런/MM+방송/NNG+인가/VCP+EF"
          },
          {
            "id": 5,
            "text": "1 : 약간 달라 키키 테마별로 순위 매기는?",
            "norm_text": "약간 달라 키키 테마별로 순위 매기는?",
            "speaker": {
              "id": "1번",
              "sex": "여성",
              "age": "30대"
            },
            "speechAct": "(단언) 진술하기",
            "morpheme": "약간/MAG+달라/VA+EC+키/NNG+키/NNG+테마/NNG+별/XSN+로/JKB+순위/NNG+매기/VV+는/ETM"
          },
          {
            "id": 6,
            "text": "2 : 그래? 어디 방송사에서 하는 건데? 유튜브 채널도 있으려나? 해외에 있으니까 유튜브 아니면 볼 방법이 없네",
            "norm_text": "그래? 어디 방송사에서 하는 건데? 유튜브 채널도 있으려나? 해외에 있으니까 유튜브 아니면 볼 방법이 없네",
            "speaker": {
              "id": "2번",
              "sex": "남성",
              "age": "30대"
            },
            "speechAct": "(지시) 질문하기",
            "morpheme": "그래/IC+어디/NP+방송사/NNG+에서/JKB+하/VV+는/ETM+건데/NNB+VCP+EC+?/SY+유튜브/NNP+채널/NNG+도/JX+있/VA+으려나/EF+해외/NNG+에/JKB+있/VV+으니까/EC+유튜브/NNP+아니/VCN+면/EC+볼/VX+ETM+방법/NNG+이/JKS+없/VA+네/EC"
          },
          {
            "id": 7,
            "text": "1 : 방송사는 모르겠넹 키키 KBS인가",
            "norm_text": "방송사는 모르겠넹 키키 KBS인가",
            "speaker": {
              "id": "1번",
              "sex": "여성",
              "age": "30대"
            },
            "speechAct": "(단언) 진술하기",
            "morpheme": "방송사/NNG+는/JX+모르/VV+겠/EP+넹/NNP+키키/NNP+KBS/SL+인가/VCP+EC"
          },
          {
            "id": 8,
            "text": "2 : 검색해봐야겠다 ㅎ 90년대 노래가 참 좋은데 ㅎ",
            "norm_text": "검색해봐야겠다 ㅎ 90년대 노래가 참 좋은데 ㅎ",
            "speaker": {
              "id": "2번",
              "sex": "남성",
              "age": "30대"
            },
            "speechAct": "(단언) 주장하기",
            "morpheme": "검색/NNG+해봐야/XSV+EC+VX+EC+VX+겠/EP+다/EF+ㅎ/XSA+90/SN+년/NNBC+대/XPN+노래/NNG+가/JKS+참/MAG+좋/VA+은/ETM+데/NNB+ㅎ/XSA"
          },
          {
            "id": 9,
            "text": "1 : 맞아 잊고 있던 좋은 노래 엄청 많이 나오더라",
            "norm_text": "맞아 잊고 있던 좋은 노래 엄청 많이 나오더라",
            "speaker": {
              "id": "1번",
              "sex": "여성",
              "age": "30대"
            },
            "speechAct": "(단언) 진술하기",
            "morpheme": "맞/VV+아/EC+잊/VV+고/EC+있/VX+던/ETM+좋/VA+은/ETM+노래/NNG+엄청/MAG+많이/MAG+나오/VV+더라/EC"
          },
          {
            "id": 10,
            "text": "2 : 언타이틀 노래 좋음 ㅋ",
            "norm_text": "언타이틀 노래 좋음 ㅋ",
            "speaker": {
              "id": "2번",
              "sex": "남성",
              "age": "30대"
            },
            "speechAct": "(단언) 주장하기",
            "morpheme": "언타이틀/NNP+노래/NNG+좋/VA+음ㅋ/UNKNOWN"
          },
          {
            "id": 11,
            "text": "1 : 날개랑 책임져인가 키키 근데 김희철은 왜 모르는 노래가 없지 키키",
            "norm_text": "날개랑 책임져인가 키키 근데 김희철은 왜 모르는 노래가 없지 키키",
            "speaker": {
              "id": "1번",
              "sex": "여성",
              "age": "30대"
            },
            "speechAct": "(단언) 진술하기",
            "morpheme": "날개/NNG+랑/JKB+책임/NNG+져/XSV+EF+인가/VCP+EC+키/NNG+키/XSV+ETN+근데/MAJ+김희철/NNP+은/JX+왜/MAG+모르/VV+는/ETM+노래/NNG+가/JKS+없/VA+지/EC+키/NNG+키/XSV+ETN"
          },
          {
            "id": 12,
            "text": "2 : 김희철 아는 형님 보면 진짜 대단한 듯 키키 그 시절 티비가 머릿속에 다 저장돼있는 거 같음 키키",
            "norm_text": "김희철 아는 형님 보면 진짜 대단한 듯 키키 그 시절 티비가 머릿속에 다 저장돼있는 거 같음 키키",
            "speaker": {
              "id": "2번",
              "sex": "남성",
              "age": "30대"
            },
            "speechAct": "(단언) 주장하기",
            "morpheme": "김희철/NNP+아/JKV+는/JX+형/NNG+님/XSN+보/VV+면/EC+진짜/MAG+대단/XR+한/XSA+ETM+듯/NNB+키/NNG+키/XSV+ETN+그/MM+시절/NNG+티비/NNG+가/JKS+머릿속/NNG+에다/JKB+저장/NNG+돼/XSV+EC+있/VX+는/ETM+거/NNB+같/VA+음/ETN+키/NNG+키/XSV+ETN"
          },
          {
            "id": 13,
            "text": "1 : 한 번씩 진짜 생소한 노래 나오는데 다 앎 키키",
            "norm_text": "한 번씩 진짜 생소한 노래 나오는데 다 앎 키키",
            "speaker": {
              "id": "1번",
              "sex": "여성",
              "age": "30대"
            },
            "speechAct": "(단언) 진술하기",
            "morpheme": "한/MM+번/NNBC+씩/XSN+진짜/MAG+생소/XR+한/XSA+ETM+노래/NNG+나오/VV+는/ETM+데/NNB+다/JX+앎/NNG+키/NNG+키/XSV+ETN"
          },
          {
            "id": 14,
            "text": "2 : 유튜브 검색하니까 이십세기 힛-트쏭 나오네 키키 지금 보고 있다 키키",
            "norm_text": "유튜브 검색하니까 이십세기 힛-트쏭 나오네 키키 지금 보고 있다 키키",
            "speaker": {
              "id": "2번",
              "sex": "남성",
              "age": "30대"
            },
            "speechAct": "(단언) 진술하기",
            "morpheme": "유튜브/NNP+검색/NNG+하/XSV+니까/EC+이/NR+십/NR+세기/NNG+힛/MAG+-/SY+트/NNG+쏭/NNG+나오/VV+네/EF+키/NNG+키/NNG+지금/MAG+보/VV+고/EC+있/VX+다키키/NNP"
          },
          {
            "id": 15,
            "text": "1 : 봐바 키키 재밌다 은근히 키키 지금 나오는 가수들 옛날 젊을 때 모습도 볼 수 있고",
            "norm_text": "봐바 키키 재밌다 은근히 키키 지금 나오는 가수들 옛날 젊을 때 모습도 볼 수 있고",
            "speaker": {
              "id": "1번",
              "sex": "여성",
              "age": "30대"
            },
            "speechAct": "(단언) 주장하기",
            "morpheme": "봐/VV+EC+바키/NNP+키/NNG+재밌/VA+다/EC+은근히/MAG+키/NNG+키/NNG+지금/MAG+나오/VV+는/ETM+가수/NNG+들/XSN+옛날/NNG+젊/VA+을/ETM+때/NNG+모습/NNG+도/JX+볼/VV+ETM+수/NNB+있/VV+고/EC"
          },
          {
            "id": 16,
            "text": "2 : 와... 지오디 키키 와... 추억 돋네 키키 사랑해~ 그리고 기억해~ 키키",
            "norm_text": "와... 지오디 키키 와... 추억 돋네 키키 사랑해~ 그리고 기억해~ 키키",
            "speaker": {
              "id": "2번",
              "sex": "남성",
              "age": "30대"
            },
            "speechAct": "(단언) 진술하기",
            "morpheme": "와/IC+./SY+지오/NNG+디키/NNG+키/XSV+ETN+와/JC+./SY+./SY+추억/NNG+돋/VV+EP+네/EF+키키/NNP+사랑/NNG+해/XSV+EC+~/SY+그리고/MAJ+기억/NNG+해/XSV+EC+~/SY+키/NNG+키/XSV+ETN"
          }
        ]
      }
    }
  ]
}