{
  "dataset": {
    "identifier": 68912,
    "name": "KAKAO_951_17_set",
    "src_path": "/data/file/cubeManager/PROJECT001/53/txt20211005163301071266/KAKAO_951_17_set/",
    "label_path": "/data/file/cubeManager/PROJECT001/53/txt20211005163301071266/KAKAO_951_17_set/",
    "category": 2,
    "type": 0
  },
  "licenses": {
    "name": "Apache License 1.0",
    "url": "http://www.apache.org/licenses/LICENSE-1.0"
  },
  "info": [
    {
      "id": 42595,
      "filename": "KAKAO_951_17.txt",
      "title": "KAKAO_951_17",
      "mediatype": "SNS",
      "medianame": "카카오톡",
      "category": "일상대화",
      "date": "2021-10-05",
      "size": 605,
      "annotations": {
        "subject": "건강",
        "speaker_type": "1:1",
        "size": 605,
        "word_size": 204,
        "text": "1 : 너 요즘도 대학 병원 가? ㅠ\n1 : 보험은 알아봤고?\n2 : 나 요새도 가… 키키 끊을 수가 없네~ 키키 낫지를 않으니\n1 : 너 난치병 이런 거랬나? ㅠㅠ 에휴 힘들겠네 ㅠㅠ\n2 : 응응 난치병 하하 어쩔 수 없지 뭐 해탈함 아 보험은 들어야 하는데\n1 : 근데 너 그 병 있는데 보험 들어져? 실비는 있어?\n2 : 실비 하나 있는 거 믿고 버티는 중 키키 그리고 어린이 보험 곧 해지 되는 거 있음\n1 : 키키 엥 왜 해지 돼? 키키 갱신 아니고? 해지래?\n2 : 응응 만 30세까지 생존이면 해지 되면서 돈 돌려받는 거더라고 키키\n1 : 아 아쉽네 키키 근데 그거 타 먹긴 했어? 한 번이라두?\n2 : 응응 타 먹긴 했었어 키키 나 그때 수술 했을 때 타 먹음 키키 다행이지\n1 : 아 그나마 다행이네 키키 아 나도 추석에 보험 좀 알아봐야겠다\n2 : 난 그래서 이제 유병자 보험? 암 보험만 들라고...\n1 : 아 유병자 보험이라는 게 따로 있긴 하구나 그런 건 된대?\n2 : 아직 안 알아보긴 했는데 환우 카페에 유병자로 심사 받은 사람 있더라고\n1 : 헐 환우 카페 이런 것도 있구나 ㅠ\n1 : 맞아 암 보험은 필요하지\n2 : ㅠㅠ  다른 건 못 들어도 암 보험은 간단하게라도 하나 할까 싶어",
        "lines": [
          {
            "id": 1,
            "text": "1 : 너 요즘도 대학 병원 가? ㅠ",
            "norm_text": "너 요즘도 대학 병원 가? ㅠ",
            "speaker": {
              "id": "1번",
              "sex": "여성",
              "age": "20대"
            },
            "speechAct": "(지시) 질문하기",
            "morpheme": "너/NP+요즘/NNG+도/JX+대학/NNG+병원/NNG+가/XSN+ㅠ/UNKNOWN"
          },
          {
            "id": 2,
            "text": "1 : 보험은 알아봤고?",
            "norm_text": "보험은 알아봤고?",
            "speaker": {
              "id": "1번",
              "sex": "여성",
              "age": "20대"
            },
            "speechAct": "(지시) 질문하기",
            "morpheme": "보험/NNG+은/JX+알/VV+아/EC+봤/VX+EP+고/EC"
          },
          {
            "id": 3,
            "text": "2 : 나 요새도 가… 키키 끊을 수가 없네~ 키키 낫지를 않으니",
            "norm_text": "나 요새도 가… 키키 끊을 수가 없네~ 키키 낫지를 않으니",
            "speaker": {
              "id": "2번",
              "sex": "여성",
              "age": "20대"
            },
            "speechAct": "(단언) 주장하기",
            "morpheme": "나/NP+요새/NNG+도/JX+가/VV+EC+…/SE+키/NNG+키/XSV+ETN+끊/VV+을/ETM+수/NNB+가/JKS+없/VA+네/EF+~/SY+키/NNG+키/XSV+ETN+낫/VV+지/EC+를/JX+않/VX+으니/EC"
          },
          {
            "id": 4,
            "text": "1 : 너 난치병 이런 거랬나? ㅠㅠ 에휴 힘들겠네 ㅠㅠ",
            "norm_text": "너 난치병 이런 거랬나? ㅠㅠ 에휴 힘들겠네 ㅠㅠ",
            "speaker": {
              "id": "1번",
              "sex": "여성",
              "age": "20대"
            },
            "speechAct": "(단언) 주장하기",
            "morpheme": "너/NP+난치병/NNG+이런/MM+거/NNB+랬/VCP+EP+나/EF+ㅠㅠ에휴힘들겠네ㅠㅠ/UNKNOWN"
          },
          {
            "id": 5,
            "text": "2 : 응응 난치병 하하 어쩔 수 없지 뭐 해탈함 아 보험은 들어야 하는데",
            "norm_text": "응응 난치병 하하 어쩔 수 없지 뭐 해탈함 아 보험은 들어야 하는데",
            "speaker": {
              "id": "2번",
              "sex": "여성",
              "age": "20대"
            },
            "speechAct": "(단언) 주장하기",
            "morpheme": "응/IC+응/IC+난치병/NNG+하하/MAG+어쩔/VV+ETM+수/NNB+없/VA+지/EF+뭐/IC+해탈/NNG+함/XSV+ETN+아/IC+보험/NNG+은/JX+들어야/VV+EC+하/VV+는데/EC"
          },
          {
            "id": 6,
            "text": "1 : 근데 너 그 병 있는데 보험 들어져? 실비는 있어?",
            "norm_text": "근데 너 그 병 있는데 보험 들어져? 실비는 있어?",
            "speaker": {
              "id": "1번",
              "sex": "여성",
              "age": "20대"
            },
            "speechAct": "(지시) 질문하기",
            "morpheme": "근데너그병있는데보험들어져/UNKNOWN+실비/NNG+는/JX+있/VX+어/EF"
          },
          {
            "id": 7,
            "text": "2 : 실비 하나 있는 거 믿고 버티는 중 키키 그리고 어린이 보험 곧 해지 되는 거 있음",
            "norm_text": "실비 하나 있는 거 믿고 버티는 중 키키 그리고 어린이 보험 곧 해지 되는 거 있음",
            "speaker": {
              "id": "2번",
              "sex": "여성",
              "age": "20대"
            },
            "speechAct": "(단언) 주장하기",
            "morpheme": "실비/NNG+하/XSV+나/EC+있/VX+는/ETM+거/NNB+믿/VV+고/EC+버티/VV+는/ETM+중키/NNG+키/XSV+ETN+그리고/MAJ+어린이/NNG+보험/NNG+곧/MAG+해지/NNG+되/XSV+는/ETM+거/NNB+있/VA+음/ETN"
          },
          {
            "id": 8,
            "text": "1 : 키키 엥 왜 해지 돼? 키키 갱신 아니고? 해지래?",
            "norm_text": "키키 엥 왜 해지 돼? 키키 갱신 아니고? 해지래?",
            "speaker": {
              "id": "1번",
              "sex": "여성",
              "age": "20대"
            },
            "speechAct": "(지시) 질문하기",
            "morpheme": "키/NNG+키/XSV+ETN+엥/IC+왜/MAG+해지/NNG+돼/XSV+EF+키/NNG+키/NNG+갱신/NNG+아니/VCN+고/EC+해/VV+EC+지/VX+래/EF"
          },
          {
            "id": 9,
            "text": "2 : 응응 만 30세까지 생존이면 해지 되면서 돈 돌려받는 거더라고 키키",
            "norm_text": "응응 만 30세까지 생존이면 해지 되면서 돈 돌려받는 거더라고 키키",
            "speaker": {
              "id": "2번",
              "sex": "여성",
              "age": "20대"
            },
            "speechAct": "(단언) 진술하기",
            "morpheme": "응응/MAG+만/JX+30/SN+세/NNBC+까지/JX+생존/NNG+이/VCP+면/EC+해지/NNG+되/XSV+면서/EC+돈/NNG+돌려받/VV+는/ETM+거/NNB+더라고/VCP+EC+키/NNG+키/XSV+ETN"
          },
          {
            "id": 10,
            "text": "1 : 아 아쉽네 키키 근데 그거 타 먹긴 했어? 한 번이라두?",
            "norm_text": "아 아쉽네 키키 근데 그거 타 먹긴 했어? 한 번이라두?",
            "speaker": {
              "id": "1번",
              "sex": "여성",
              "age": "20대"
            },
            "speechAct": "(지시) 질문하기",
            "morpheme": "아아쉽네키키근데그거타먹긴했어/UNKNOWN+한/MM+번/NNBC+이라두/JX"
          },
          {
            "id": 11,
            "text": "2 : 응응 타 먹긴 했었어 키키 나 그때 수술 했을 때 타 먹음 키키 다행이지",
            "norm_text": "응응 타 먹긴 했었어 키키 나 그때 수술 했을 때 타 먹음 키키 다행이지",
            "speaker": {
              "id": "2번",
              "sex": "여성",
              "age": "20대"
            },
            "speechAct": "(단언) 주장하기",
            "morpheme": "응응/MAG+타/VV+EC+먹/VV+긴/ETN+JX+했었/VX+EP+어/EC+키/NNG+키나/XSA+ETN+JX+그때/NNG+수술/NNG+했/XSV+EP+을/ETM+때/NNG+타/XSV+EC+먹/VV+음/ETN+키/NNG+키/NNG+다행/NNG+이/VCP+지/EC"
          },
          {
            "id": 12,
            "text": "1 : 아 그나마 다행이네 키키 아 나도 추석에 보험 좀 알아봐야겠다",
            "norm_text": "아 그나마 다행이네 키키 아 나도 추석에 보험 좀 알아봐야겠다",
            "speaker": {
              "id": "1번",
              "sex": "여성",
              "age": "20대"
            },
            "speechAct": "(언약) 약속하기(제3자와)/(개인적 수준)",
            "morpheme": "아/IC+그나마/MAG+다행/NNG+이/JKS+네/MM+키/NNG+키아나/NNP+도/JX+추석/NNG+에/JKB+보험/NNG+좀/MAG+알/VV+아/EC+봐야/VX+EC+VV+겠/EP+다/EC"
          },
          {
            "id": 13,
            "text": "2 : 난 그래서 이제 유병자 보험? 암 보험만 들라고...",
            "norm_text": "난 그래서 이제 유병자 보험? 암 보험만 들라고...",
            "speaker": {
              "id": "2번",
              "sex": "여성",
              "age": "20대"
            },
            "speechAct": "(단언) 주장하기",
            "morpheme": "난/NP+JX+그래서/MAJ+이제/MAG+유병/NNG+자/XSN+보험/NNG+?/SY+암보/NNG+험/XSA+ETN+만들/VV+라고/EC+./SY+./SY"
          },
          {
            "id": 14,
            "text": "1 : 아 유병자 보험이라는 게 따로 있긴 하구나 그런 건 된대?",
            "norm_text": "아 유병자 보험이라는 게 따로 있긴 하구나 그런 건 된대?",
            "speaker": {
              "id": "1번",
              "sex": "여성",
              "age": "20대"
            },
            "speechAct": "(지시) 질문하기",
            "morpheme": "아유/IC+병자/NNG+보험/NNG+이/VCP+라는/ETM+게/NNB+JKS+따로/MAG+있/VV+긴/ETN+JX+하/VX+구나/EF+그런/MM+건/NNB+JX+된대/VV+EF"
          },
          {
            "id": 15,
            "text": "2 : 아직 안 알아보긴 했는데 환우 카페에 유병자로 심사 받은 사람 있더라고",
            "norm_text": "아직 안 알아보긴 했는데 환우 카페에 유병자로 심사 받은 사람 있더라고",
            "speaker": {
              "id": "2번",
              "sex": "여성",
              "age": "20대"
            },
            "speechAct": "(단언) 진술하기",
            "morpheme": "아직/MAG+안/MAG+알아보/VV+긴/ETN+JX+했/VX+EP+는데/EC+환우/NNG+카페/NNG+에/JKB+유병/NNG+자/XSN+로/JKB+심사/NNG+받/VV+은/ETM+사람/NNG+있/VV+더라고/EC"
          },
          {
            "id": 16,
            "text": "1 : 헐 환우 카페 이런 것도 있구나 ㅠ",
            "norm_text": "헐 환우 카페 이런 것도 있구나 ㅠ",
            "speaker": {
              "id": "1번",
              "sex": "여성",
              "age": "20대"
            },
            "speechAct": "(단언) 주장하기",
            "morpheme": "헐/IC+환우/NNG+카페/NNG+이런/MM+것/NNB+도/JX+있/VA+구/EC+나ㅠ/UNKNOWN"
          },
          {
            "id": 17,
            "text": "1 : 맞아 암 보험은 필요하지",
            "norm_text": "맞아 암 보험은 필요하지",
            "speaker": {
              "id": "1번",
              "sex": "여성",
              "age": "20대"
            },
            "speechAct": "(단언) 주장하기",
            "morpheme": "맞/VV+아/EC+암/NNG+보험/NNG+은/JX+필요/NNG+하/XSV+지/EC"
          },
          {
            "id": 18,
            "text": "2 : ㅠㅠ  다른 건 못 들어도 암 보험은 간단하게라도 하나 할까 싶어",
            "norm_text": "ㅠㅠ  다른 건 못 들어도 암 보험은 간단하게라도 하나 할까 싶어",
            "speaker": {
              "id": "2번",
              "sex": "여성",
              "age": "20대"
            },
            "speechAct": "(단언) 주장하기",
            "morpheme": "ㅠㅠ/UNKNOWN+다른/VA+ETM+건/NNB+JX+못/MAG+들어도/VV+EC+암/NNG+보험/NNG+은/JX+간단/XR+하/XSA+게/EC+라도/VCP+EC+하나/NR+할까/VV+EC+싶/VX+어/EC"
          }
        ]
      }
    }
  ]
}