{
  "dataset": {
    "identifier": 69013,
    "name": "KAKAO_929_11_set",
    "src_path": "/data/file/cubeManager/PROJECT001/53/txt20211005155822002087/KAKAO_929_11_set/",
    "label_path": "/data/file/cubeManager/PROJECT001/53/txt20211005155822002087/KAKAO_929_11_set/",
    "category": 2,
    "type": 0
  },
  "licenses": {
    "name": "Apache License 1.0",
    "url": "http://www.apache.org/licenses/LICENSE-1.0"
  },
  "info": [
    {
      "id": 41888,
      "filename": "KAKAO_929_11.txt",
      "title": "KAKAO_929_11",
      "mediatype": "SNS",
      "medianame": "카카오톡",
      "category": "일상대화",
      "date": "2021-10-05",
      "size": 409,
      "annotations": {
        "subject": "게임",
        "speaker_type": "1:1",
        "size": 409,
        "word_size": 132,
        "text": "1 : 얌 메이플 스토리가 아직도 있더라 키키\n2 : 뭐? 단풍 이야기가 아직도 살아있숴?\n1 : 키키 엉 대박이지 하기사 바람의 나라도 있는디\n2 : 와 둘이 피시방에서 그거 할 때가 엊그제 같은데 키키\n1 : 키키 그래도  그 게임의 끝은 항상 맞고로 돌아가더라...\n2 : 맞어 항상 맞고나 고스톱이 최고지\n1 : 맞고는 해도 해도 안 질려 평생 안 질릴 듯\n2 : 돈 잃으면 빡치고 얻으면 신나고\n1 : 우린 요즘도 심심하면 둘이서 친단다...\n2 : 우리 남편은 맞고를 못 쳐...\n1 : 와 글노...? 대한민국 사람이\n2 : 부럽다 나도 남편이랑 맞고 치고 싶어 ㅜㅜ\n1 : 키키 명절에두 그럼 안친다고?\n2 : 어. 나 진짜 놀랬자나 아무도 맞고 안쳐\n1 : 니가 가르쳐 주면 되잖아 헐랭\n2 : 웅 그래서 이번 추석엔 시엄니랑 한판 하기로 함",
        "lines": [
          {
            "id": 1,
            "text": "1 : 얌 메이플 스토리가 아직도 있더라 키키",
            "norm_text": "얌 메이플 스토리가 아직도 있더라 키키",
            "speaker": {
              "id": "1번",
              "sex": "여성",
              "age": "30대"
            },
            "speechAct": "(단언) 주장하기",
            "morpheme": "얌/NNP+메이플/NNP+스토리/NNG+가/JKS+아직/MAG+도/JX+있/VA+더라/EC+키/NNG+키/XSV+ETN"
          },
          {
            "id": 2,
            "text": "2 : 뭐? 단풍 이야기가 아직도 살아있숴?",
            "norm_text": "뭐? 단풍 이야기가 아직도 살아있숴?",
            "speaker": {
              "id": "2번",
              "sex": "여성",
              "age": "20대"
            },
            "speechAct": "(지시) 질문하기",
            "morpheme": "뭐/IC+단풍/NNG+이야기/NNG+가/JKS+아직/MAG+도/JX+살/VV+아/EC+있/VX+숴/VV+EF"
          },
          {
            "id": 3,
            "text": "1 : 키키 엉 대박이지 하기사 바람의 나라도 있는디",
            "norm_text": "키키 엉 대박이지 하기사 바람의 나라도 있는디",
            "speaker": {
              "id": "1번",
              "sex": "여성",
              "age": "30대"
            },
            "speechAct": "(단언) 주장하기",
            "morpheme": "키/NNG+키/VV+엉/EC+대박/NNG+이/JKS+지하/NNG+기사/NNG+바람/NNG+의/JKG+나라/NNG+도/JX+있/VA+는디/EC"
          },
          {
            "id": 4,
            "text": "2 : 와 둘이 피시방에서 그거 할 때가 엊그제 같은데 키키",
            "norm_text": "와 둘이 피시방에서 그거 할 때가 엊그제 같은데 키키",
            "speaker": {
              "id": "2번",
              "sex": "여성",
              "age": "20대"
            },
            "speechAct": "(단언) 주장하기",
            "morpheme": "와/IC+둘/NR+이/NR+피시방/NNG+에서/JKB+그거/NP+할/VV+ETM+때/NNG+가/JKS+엊그제/MAG+같/VA+은데/EC+키/NNG+키/XSV+ETN"
          },
          {
            "id": 5,
            "text": "1 : 키키 그래도  그 게임의 끝은 항상 맞고로 돌아가더라...",
            "norm_text": "키키 그래도  그 게임의 끝은 항상 맞고로 돌아가더라...",
            "speaker": {
              "id": "1번",
              "sex": "여성",
              "age": "30대"
            },
            "speechAct": "(단언) 주장하기",
            "morpheme": "키/NNG+키/XSV+ETN+그래도/MAJ+그/MM+게임/NNG+의/JKG+끝/NNG+은/JX+항상/MAG+맞/VV+고/EC+로/JKB+돌아가/VV+더라/EF+./SY"
          },
          {
            "id": 6,
            "text": "2 : 맞어 항상 맞고나 고스톱이 최고지",
            "norm_text": "맞어 항상 맞고나 고스톱이 최고지",
            "speaker": {
              "id": "2번",
              "sex": "여성",
              "age": "20대"
            },
            "speechAct": "(단언) 주장하기",
            "morpheme": "맞/VV+어/EC+항상/MAG+맞/VV+고/EC+나/VX+고/EC+스톱/NNG+이/JKS+최고/NNG+지/VCP+EC"
          },
          {
            "id": 7,
            "text": "1 : 맞고는 해도 해도 안 질려 평생 안 질릴 듯",
            "norm_text": "맞고는 해도 해도 안 질려 평생 안 질릴 듯",
            "speaker": {
              "id": "1번",
              "sex": "여성",
              "age": "30대"
            },
            "speechAct": "(단언) 주장하기",
            "morpheme": "맞/VV+고는/EC+해도/VV+EC+해도/VV+EC+안/MAG+질려/VV+EC+평생/MAG+안/MAG+질릴/VV+ETM+듯/NNB"
          },
          {
            "id": 8,
            "text": "2 : 돈 잃으면 빡치고 얻으면 신나고",
            "norm_text": "돈 잃으면 빡치고 얻으면 신나고",
            "speaker": {
              "id": "2번",
              "sex": "여성",
              "age": "20대"
            },
            "speechAct": "(단언) 주장하기",
            "morpheme": "돈/NNG+잃/VV+으면/EC+빡/MAG+치/VV+고/EC+얻/VV+으면/EC+신나/VV+고/EC"
          },
          {
            "id": 9,
            "text": "1 : 우린 요즘도 심심하면 둘이서 친단다...",
            "norm_text": "우린 요즘도 심심하면 둘이서 친단다...",
            "speaker": {
              "id": "1번",
              "sex": "여성",
              "age": "30대"
            },
            "speechAct": "(단언) 주장하기",
            "morpheme": "우린/NP+JX+요즘/NNG+도/JX+심심/XR+하/XSA+면/EC+둘/NR+이/XSN+서/JKS+친단/VV+ETM+다/EF+./SY"
          },
          {
            "id": 10,
            "text": "2 : 우리 남편은 맞고를 못 쳐...",
            "norm_text": "우리 남편은 맞고를 못 쳐...",
            "speaker": {
              "id": "2번",
              "sex": "여성",
              "age": "20대"
            },
            "speechAct": "(단언) 주장하기",
            "morpheme": "우리/NP+남편/NNG+은/JX+맞/VV+고/EC+를/JKO+못/MAG+쳐/VV+EF+./SY"
          },
          {
            "id": 11,
            "text": "1 : 와 글노...? 대한민국 사람이",
            "norm_text": "와 글노...? 대한민국 사람이",
            "speaker": {
              "id": "1번",
              "sex": "여성",
              "age": "30대"
            },
            "speechAct": "(단언) 주장하기",
            "morpheme": "와/IC+글/VA+노/EF+./SY+?/SY+대한민국/NNP+사람/NNG+이/JKS"
          },
          {
            "id": 12,
            "text": "2 : 부럽다 나도 남편이랑 맞고 치고 싶어 ㅜㅜ",
            "norm_text": "부럽다 나도 남편이랑 맞고 치고 싶어 ㅜㅜ",
            "speaker": {
              "id": "2번",
              "sex": "여성",
              "age": "20대"
            },
            "speechAct": "(단언) 주장하기",
            "morpheme": "부럽/VA+다/EF+나/NP+도/JX+남편/NNG+이랑/JKB+맞/VV+고/EC+치/VV+고/EC+싶/VX+어/EC+ㅜㅜ/UNKNOWN"
          },
          {
            "id": 13,
            "text": "1 : 키키 명절에두 그럼 안친다고?",
            "norm_text": "키키 명절에두 그럼 안친다고?",
            "speaker": {
              "id": "1번",
              "sex": "여성",
              "age": "30대"
            },
            "speechAct": "(지시) 질문하기",
            "morpheme": "키/NNG+키/NNG+명절/NNG+에/JKB+두/JX+그럼/MAJ+안/MAG+친다고/VV+EF"
          },
          {
            "id": 14,
            "text": "2 : 어. 나 진짜 놀랬자나 아무도 맞고 안쳐",
            "norm_text": "어. 나 진짜 놀랬자나 아무도 맞고 안쳐",
            "speaker": {
              "id": "2번",
              "sex": "여성",
              "age": "20대"
            },
            "speechAct": "(단언) 주장하기",
            "morpheme": "어/IC+나/NP+진짜/MAG+놀/VV+랬자/EC+VV+EP+EC+나/NP+아무/NP+도/JX+맞/VV+고/EC+안/MAG+쳐/VV+EC"
          },
          {
            "id": 15,
            "text": "1 : 니가 가르쳐 주면 되잖아 헐랭",
            "norm_text": "니가 가르쳐 주면 되잖아 헐랭",
            "speaker": {
              "id": "1번",
              "sex": "여성",
              "age": "30대"
            },
            "speechAct": "(단언) 주장하기",
            "morpheme": "니/NP+가/JKS+가르쳐/VV+EC+주/VX+면/EC+되/VV+잖아/EC+헐/VX+ETM+랭/NNG"
          },
          {
            "id": 16,
            "text": "2 : 웅 그래서 이번 추석엔 시엄니랑 한판 하기로 함",
            "norm_text": "웅 그래서 이번 추석엔 시엄니랑 한판 하기로 함",
            "speaker": {
              "id": "2번",
              "sex": "여성",
              "age": "20대"
            },
            "speechAct": "(단언) 주장하기",
            "morpheme": "웅/IC+그래서/MAJ+이번/NNG+추석/NNG+엔시/NNG+엄니/NNG+랑/JKB+한판/NNG+하/XSV+기/ETN+로/JKB+함/VV+ETN"
          }
        ]
      }
    }
  ]
}