{
  "dataset": {
    "identifier": 39688,
    "name": "KAKAO_933_01_set",
    "src_path": "/data/file/cubeManager/PROJECT001/53/txt20211005162154078212/KAKAO_933_01_set/",
    "label_path": "/data/file/cubeManager/PROJECT001/53/txt20211005162154078212/KAKAO_933_01_set/",
    "category": 2,
    "type": 0
  },
  "licenses": {
    "name": "Apache License 1.0",
    "url": "http://www.apache.org/licenses/LICENSE-1.0"
  },
  "info": [
    {
      "id": 42218,
      "filename": "KAKAO_933_01.txt",
      "title": "KAKAO_933_01",
      "mediatype": "SNS",
      "medianame": "카카오톡",
      "category": "일상대화",
      "date": "2021-10-05",
      "size": 318,
      "annotations": {
        "subject": "식음료",
        "speaker_type": "1:1",
        "size": 318,
        "word_size": 120,
        "text": "1 : 피씨방에  맛있는 거 졸 많이 파노\n2 : 응 웬만한 식당임 하하\n1 : 키키 메뉴 보고 놀랬네 놀랬어\n2 : 그니까 뭐 하나 먹어봐 하하\n1 : 먹어 본 적 있어?\n2 : 응 예전에 많이 먹었지 하하\n1 : 근데 왜 여기 아무도 안 먹냐 키키 ?\n2 : 그러게 하하 코로나라 그런 겋 하하\n1 : 안 먹어서 못 먹겠당 나 혼자 먹잖아 키키\n2 : 난 배가 불러서 못먹 하하\n1 : 마자 좀 찝찝하긴행 하하 그냥 안 먹을랭\n2 : 웅 담에 먹어 보쟈 하하\n1 : 너 아직두 배불러?\n1 : 왠열다\n2 : 구니까 아직도 배부르네 하하\n1 : 난 소화 다 됐는뎅?\n2 : 그럼 넌 뭐 먹엉 하하",
        "lines": [
          {
            "id": 1,
            "text": "1 : 피씨방에  맛있는 거 졸 많이 파노",
            "norm_text": "피씨방에  맛있는 거 졸 많이 파노",
            "speaker": {
              "id": "1번",
              "sex": "여성",
              "age": "30대"
            },
            "speechAct": "(단언) 주장하기",
            "morpheme": "피/XPN+씨방/NNG+에/JKB+맛있/VA+는/ETM+거/NNB+졸/VA+ETM+많이/MAG+파노/NNG"
          },
          {
            "id": 2,
            "text": "2 : 응 웬만한 식당임 하하",
            "norm_text": "응 웬만한 식당임 하하",
            "speaker": {
              "id": "2번",
              "sex": "남성",
              "age": "30대"
            },
            "speechAct": "(단언) 주장하기",
            "morpheme": "응/IC+웬만/XR+한/XSA+ETM+식당/NNG+임하/NNG+하/XSV"
          },
          {
            "id": 3,
            "text": "1 : 키키 메뉴 보고 놀랬네 놀랬어",
            "norm_text": "키키 메뉴 보고 놀랬네 놀랬어",
            "speaker": {
              "id": "1번",
              "sex": "여성",
              "age": "30대"
            },
            "speechAct": "(단언) 주장하기",
            "morpheme": "키/NNG+키/NNG+메뉴/NNG+보/VV+고/EC+놀랬/VV+EP+네/EF+놀랬/VV+EP+어/EC"
          },
          {
            "id": 4,
            "text": "2 : 그니까 뭐 하나 먹어봐 하하",
            "norm_text": "그니까 뭐 하나 먹어봐 하하",
            "speaker": {
              "id": "2번",
              "sex": "남성",
              "age": "30대"
            },
            "speechAct": "(지시) 충고/제안하기",
            "morpheme": "그니까/MAJ+뭐/IC+하나/NR+먹/VV+어/EC+봐/VX+EF+하하/MAG"
          },
          {
            "id": 5,
            "text": "1 : 먹어 본 적 있어?",
            "norm_text": "먹어 본 적 있어?",
            "speaker": {
              "id": "1번",
              "sex": "여성",
              "age": "30대"
            },
            "speechAct": "(지시) 질문하기",
            "morpheme": "먹/VV+어/EC+본/VX+ETM+적/NNB+있/VA+어/EF"
          },
          {
            "id": 6,
            "text": "2 : 응 예전에 많이 먹었지 하하",
            "norm_text": "응 예전에 많이 먹었지 하하",
            "speaker": {
              "id": "2번",
              "sex": "남성",
              "age": "30대"
            },
            "speechAct": "(단언) 주장하기",
            "morpheme": "응/IC+예전/NNG+에/JKB+많이/MAG+먹/VV+었/EP+지/EC+하하/MAG"
          },
          {
            "id": 7,
            "text": "1 : 근데 왜 여기 아무도 안 먹냐 키키 ?",
            "norm_text": "근데 왜 여기 아무도 안 먹냐 키키 ?",
            "speaker": {
              "id": "1번",
              "sex": "여성",
              "age": "30대"
            },
            "speechAct": "(지시) 질문하기",
            "morpheme": "근데/MAJ+왜/MAG+여기/NP+아무/NP+도/JX+안/MAG+먹/VV+냐/EC+키/NNG+키/XSV+ETN"
          },
          {
            "id": 8,
            "text": "2 : 그러게 하하 코로나라 그런 겋 하하",
            "norm_text": "그러게 하하 코로나라 그런 겋 하하",
            "speaker": {
              "id": "2번",
              "sex": "남성",
              "age": "30대"
            },
            "speechAct": "(단언) 주장하기",
            "morpheme": "그러게/IC+하하/MAG+코/NNG+로/JKB+나라/NNG+그런/MM+겋하/UNKNOWN+하/XSA"
          },
          {
            "id": 9,
            "text": "1 : 안 먹어서 못 먹겠당 나 혼자 먹잖아 키키",
            "norm_text": "안 먹어서 못 먹겠당 나 혼자 먹잖아 키키",
            "speaker": {
              "id": "1번",
              "sex": "여성",
              "age": "30대"
            },
            "speechAct": "(단언) 주장하기",
            "morpheme": "안/MAG+먹/VV+어서/EC+못/MAG+먹/VV+겠/EP+당/EF+나/NP+혼자/MAG+먹/VV+잖아/EC+키/NNG+키/XSV+ETN"
          },
          {
            "id": 10,
            "text": "2 : 난 배가 불러서 못먹 하하",
            "norm_text": "난 배가 불러서 못먹 하하",
            "speaker": {
              "id": "2번",
              "sex": "남성",
              "age": "30대"
            },
            "speechAct": "(단언) 주장하기",
            "morpheme": "난/NP+JX+배/NNG+가/JKS+불러서/VV+EC+못/MAG+먹/VV+하하/NNP"
          },
          {
            "id": 11,
            "text": "1 : 마자 좀 찝찝하긴행 하하 그냥 안 먹을랭",
            "norm_text": "마자 좀 찝찝하긴행 하하 그냥 안 먹을랭",
            "speaker": {
              "id": "1번",
              "sex": "여성",
              "age": "30대"
            },
            "speechAct": "(단언) 주장하기",
            "morpheme": "마자/NNG+좀/MAG+찝찝/XR+하/XSA+긴/ETN+JX+행하/NNG+하/XSV+그냥/MAG+안/MAG+먹/VV+을/ETM+랭/NNG"
          },
          {
            "id": 12,
            "text": "2 : 웅 담에 먹어 보쟈 하하",
            "norm_text": "웅 담에 먹어 보쟈 하하",
            "speaker": {
              "id": "2번",
              "sex": "남성",
              "age": "30대"
            },
            "speechAct": "(지시) 충고/제안하기",
            "morpheme": "웅담/NNG+에/JKB+먹/VV+어/EC+보/VX+쟈/EC+하하/MAG"
          },
          {
            "id": 13,
            "text": "1 : 너 아직두 배불러?",
            "norm_text": "너 아직두 배불러?",
            "speaker": {
              "id": "1번",
              "sex": "여성",
              "age": "30대"
            },
            "speechAct": "(지시) 질문하기",
            "morpheme": "너/NP+아직/MAG+두/JX+배불러/VA+EF"
          },
          {
            "id": 14,
            "text": "1 : 왠열다",
            "norm_text": "왠열다",
            "speaker": {
              "id": "1번",
              "sex": "여성",
              "age": "30대"
            },
            "speechAct": "(단언) 주장하기",
            "morpheme": "왠/NNG+열/VV+다/EC"
          },
          {
            "id": 15,
            "text": "2 : 구니까 아직도 배부르네 하하",
            "norm_text": "구니까 아직도 배부르네 하하",
            "speaker": {
              "id": "2번",
              "sex": "남성",
              "age": "30대"
            },
            "speechAct": "(단언) 주장하기",
            "morpheme": "구/VA+니까/EC+아직/MAG+도/JX+배부르/VA+네/EF+하하/MAG"
          },
          {
            "id": 16,
            "text": "1 : 난 소화 다 됐는뎅?",
            "norm_text": "난 소화 다 됐는뎅?",
            "speaker": {
              "id": "1번",
              "sex": "여성",
              "age": "30대"
            },
            "speechAct": "(단언) 주장하기",
            "morpheme": "난소/NNG+화/XSN+다/MAG+됐/VV+EP+는/ETM+뎅/MAG"
          },
          {
            "id": 17,
            "text": "2 : 그럼 넌 뭐 먹엉 하하",
            "norm_text": "그럼 넌 뭐 먹엉 하하",
            "speaker": {
              "id": "2번",
              "sex": "남성",
              "age": "30대"
            },
            "speechAct": "(단언) 주장하기",
            "morpheme": "그럼/MAJ+넌/NP+JX+뭐/NP+먹/VV+엉/EC+하하/MAG"
          }
        ]
      }
    }
  ]
}