{
  "dataset": {
    "identifier": 32843,
    "name": "KAKAO_941_01_set",
    "src_path": "/data/file/cubeManager/PROJECT001/53/txt20211005162142078556/KAKAO_941_01_set/",
    "label_path": "/data/file/cubeManager/PROJECT001/53/txt20211005162142078556/KAKAO_941_01_set/",
    "category": 2,
    "type": 0
  },
  "licenses": {
    "name": "Apache License 1.0",
    "url": "http://www.apache.org/licenses/LICENSE-1.0"
  },
  "info": [
    {
      "id": 42198,
      "filename": "KAKAO_941_01.txt",
      "title": "KAKAO_941_01",
      "mediatype": "SNS",
      "medianame": "카카오톡",
      "category": "일상대화",
      "date": "2021-10-05",
      "size": 495,
      "annotations": {
        "subject": "식음료",
        "speaker_type": "1:1",
        "size": 495,
        "word_size": 173,
        "text": "1 : 오빠야 오늘은 외식는 안 하나? 키키\n2 : 오늘 친구들이랑 만나기로 했어\n1 : 오?\n1 : 술 먹으러 가나요?\n2 : 키키 그렇지 키키 간만에 만났으니까\n1 : 올 10시까지인데요 너무 아쉬울 것 같아용 키키\n2 : 아니면 우리 집에서 먹으면 되지 뭐\n1 : 오 친구들 데리고 오면 엄마 아빠 안 싫어해요?\n2 : 오늘 엄마 아빠가 없어 키키\n1 : 아?\n1 : 엄마 아빠 어디 가셨어요? 키키\n2 : 시골 키키 의성에 갔어 키키 그래서 없어\n1 : 아 오빠야는 왜 안 가요? 키키\n2 : 가면 일해야 하니깐? 키키\n1 : 아?\n1 : 일? 키키\n1 : 집에서 쉬는 게 짱이죠 키키\n2 : 키키 엉 나도 좀 쉬어야지... 힘들다\n1 : 키키 글쵸 쉬러 왔는데 또 일하면 안 되징 키키\n2 : 키키 어제도 가족들 넘 많이 와서 힘들었다고\n1 : 와우 진짜 키키 오빠 네가 큰집이에용?\n2 : 아니 우리 집 막내인데... 허하하\n1 : 엥? 키키\n1 : 그런데 왜 막내 집으로\n2 : 키키 다 온 건 아니고 몇 명만 왔어",
        "lines": [
          {
            "id": 1,
            "text": "1 : 오빠야 오늘은 외식는 안 하나? 키키",
            "norm_text": "오빠야 오늘은 외식는 안 하나? 키키",
            "speaker": {
              "id": "1번",
              "sex": "여성",
              "age": "20대"
            },
            "speechAct": "(지시) 질문하기",
            "morpheme": "오빠/NNG+야/VCP+EF+오늘/MAG+은/JX+외식/NNG+는/JX+안/MAG+하/VV+나/EF+키/NNG+키/XSV+ETN"
          },
          {
            "id": 2,
            "text": "2 : 오늘 친구들이랑 만나기로 했어",
            "norm_text": "오늘 친구들이랑 만나기로 했어",
            "speaker": {
              "id": "2번",
              "sex": "남성",
              "age": "20대"
            },
            "speechAct": "(단언) 주장하기",
            "morpheme": "오늘/MAG+친구/NNG+들/XSN+이랑/JKB+만나/VV+기/ETN+로/JKB+했/VV+EP+어/EC"
          },
          {
            "id": 3,
            "text": "1 : 오?",
            "norm_text": "오?",
            "speaker": {
              "id": "1번",
              "sex": "여성",
              "age": "20대"
            },
            "speechAct": "턴토크 사인(관습적 반응)",
            "morpheme": "오/IC"
          },
          {
            "id": 4,
            "text": "1 : 술 먹으러 가나요?",
            "norm_text": "술 먹으러 가나요?",
            "speaker": {
              "id": "1번",
              "sex": "여성",
              "age": "20대"
            },
            "speechAct": "(지시) 질문하기",
            "morpheme": "술/NNG+먹/VV+으러/EC+가/VX+나요/EF"
          },
          {
            "id": 5,
            "text": "2 : 키키 그렇지 키키 간만에 만났으니까",
            "norm_text": "키키 그렇지 키키 간만에 만났으니까",
            "speaker": {
              "id": "2번",
              "sex": "남성",
              "age": "20대"
            },
            "speechAct": "(단언) 주장하기",
            "morpheme": "키/NNG+키/XSV+ETN+그렇/VA+지/EC+키/NNG+키/XSV+ETN+간/VV+ETM+만/NNB+에/JKB+만났/VV+EP+으니까/EC"
          },
          {
            "id": 6,
            "text": "1 : 올 10시까지인데요 너무 아쉬울 것 같아용 키키",
            "norm_text": "올 10시까지인데요 너무 아쉬울 것 같아용 키키",
            "speaker": {
              "id": "1번",
              "sex": "여성",
              "age": "20대"
            },
            "speechAct": "(단언) 주장하기",
            "morpheme": "올/MM+10/SN+시/NNBC+까지/JX+인데요/VCP+EF+너무/MAG+아쉬울/VA+ETM+것/NNB+같/VA+아용/EC+키/NNG+키/XSV+ETN"
          },
          {
            "id": 7,
            "text": "2 : 아니면 우리 집에서 먹으면 되지 뭐",
            "norm_text": "아니면 우리 집에서 먹으면 되지 뭐",
            "speaker": {
              "id": "2번",
              "sex": "남성",
              "age": "20대"
            },
            "speechAct": "(단언) 주장하기",
            "morpheme": "아니면/MAJ+우리/NP+집/NNG+에서/JKB+먹/VV+으면/EC+되/VV+지/EF+뭐/IC"
          },
          {
            "id": 8,
            "text": "1 : 오 친구들 데리고 오면 엄마 아빠 안 싫어해요?",
            "norm_text": "오 친구들 데리고 오면 엄마 아빠 안 싫어해요?",
            "speaker": {
              "id": "1번",
              "sex": "여성",
              "age": "20대"
            },
            "speechAct": "(지시) 질문하기",
            "morpheme": "오/NR+친구/NNG+들/XSN+데리/VV+고/EC+오/VV+면/EC+엄마/NNG+아빠/NNG+안/MAG+싫/VA+어/EC+해요/VX+EF"
          },
          {
            "id": 9,
            "text": "2 : 오늘 엄마 아빠가 없어 키키",
            "norm_text": "오늘 엄마 아빠가 없어 키키",
            "speaker": {
              "id": "2번",
              "sex": "남성",
              "age": "20대"
            },
            "speechAct": "(단언) 주장하기",
            "morpheme": "오늘/MAG+엄마/NNG+아빠/NNG+가/JKS+없/VA+어/EC+키/NNG+키/XSV+ETN"
          },
          {
            "id": 10,
            "text": "1 : 아?",
            "norm_text": "아?",
            "speaker": {
              "id": "1번",
              "sex": "여성",
              "age": "20대"
            },
            "speechAct": "턴토크 사인(관습적 반응)",
            "morpheme": "아/IC"
          },
          {
            "id": 11,
            "text": "1 : 엄마 아빠 어디 가셨어요? 키키",
            "norm_text": "엄마 아빠 어디 가셨어요? 키키",
            "speaker": {
              "id": "1번",
              "sex": "여성",
              "age": "20대"
            },
            "speechAct": "(지시) 질문하기",
            "morpheme": "엄마/NNG+아빠/NNG+어디/NP+가/JKS+셨/EP+EP+어요/EF+키/NNG+키/XSV+ETN"
          },
          {
            "id": 12,
            "text": "2 : 시골 키키 의성에 갔어 키키 그래서 없어",
            "norm_text": "시골 키키 의성에 갔어 키키 그래서 없어",
            "speaker": {
              "id": "2번",
              "sex": "남성",
              "age": "20대"
            },
            "speechAct": "(단언) 주장하기",
            "morpheme": "시골/NNG+키/NNG+키/NNG+의/JKG+성/NNG+에/JKB+갔/VV+EP+어/EC+키/NNG+키/XSV+ETN+그래서/MAJ+없/VA+어/EC"
          },
          {
            "id": 13,
            "text": "1 : 아 오빠야는 왜 안 가요? 키키",
            "norm_text": "아 오빠야는 왜 안 가요? 키키",
            "speaker": {
              "id": "1번",
              "sex": "여성",
              "age": "20대"
            },
            "speechAct": "(지시) 질문하기",
            "morpheme": "아/IC+오빠/NNG+야/VCP+EF+는/JX+왜/MAG+안/MAG+가/VV+요/EF+키/NNG+키/XSV+ETN"
          },
          {
            "id": 14,
            "text": "2 : 가면 일해야 하니깐? 키키",
            "norm_text": "가면 일해야 하니깐? 키키",
            "speaker": {
              "id": "2번",
              "sex": "남성",
              "age": "20대"
            },
            "speechAct": "(지시) 질문하기",
            "morpheme": "가/VV+면/EC+일/NNG+해야/XSV+EC+하/VV+니깐/EC+?/SY+키/NNG+키/XSV+ETN"
          },
          {
            "id": 15,
            "text": "1 : 아?",
            "norm_text": "아?",
            "speaker": {
              "id": "1번",
              "sex": "여성",
              "age": "20대"
            },
            "speechAct": "턴토크 사인(관습적 반응)",
            "morpheme": "아/IC"
          },
          {
            "id": 16,
            "text": "1 : 일? 키키",
            "norm_text": "일? 키키",
            "speaker": {
              "id": "1번",
              "sex": "여성",
              "age": "20대"
            },
            "speechAct": "턴토크 사인(관습적 반응)",
            "morpheme": "일/NNG+?/SY+키/NNG+키/XSV+ETN"
          },
          {
            "id": 17,
            "text": "1 : 집에서 쉬는 게 짱이죠 키키",
            "norm_text": "집에서 쉬는 게 짱이죠 키키",
            "speaker": {
              "id": "1번",
              "sex": "여성",
              "age": "20대"
            },
            "speechAct": "(단언) 주장하기",
            "morpheme": "집/NNG+에서/JKB+쉬/VV+는/ETM+게/NNB+JKS+짱/NNG+이/VCP+죠/EF+키/NNG+키/XSV+ETN"
          },
          {
            "id": 18,
            "text": "2 : 키키 엉 나도 좀 쉬어야지... 힘들다",
            "norm_text": "키키 엉 나도 좀 쉬어야지... 힘들다",
            "speaker": {
              "id": "2번",
              "sex": "남성",
              "age": "20대"
            },
            "speechAct": "(단언) 진술하기",
            "morpheme": "키/NNG+키/VV+엉/EC+나/NP+도/JX+좀/MAG+쉬/VV+어야지/EF+./SY+힘들/VA+다/EC"
          },
          {
            "id": 19,
            "text": "1 : 키키 글쵸 쉬러 왔는데 또 일하면 안 되징 키키",
            "norm_text": "키키 글쵸 쉬러 왔는데 또 일하면 안 되징 키키",
            "speaker": {
              "id": "1번",
              "sex": "여성",
              "age": "20대"
            },
            "speechAct": "(단언) 주장하기",
            "morpheme": "키/NNG+키/NNG+글/NNG+쵸/MAG+쉬/VV+러/EC+왔/VX+EP+는데/EC+또/MAG+일/NNG+하/XSV+면/EC+안/MAG+되/VV+징/EF+키/NNG+키/XSV+ETN"
          },
          {
            "id": 20,
            "text": "2 : 키키 어제도 가족들 넘 많이 와서 힘들었다고",
            "norm_text": "키키 어제도 가족들 넘 많이 와서 힘들었다고",
            "speaker": {
              "id": "2번",
              "sex": "남성",
              "age": "20대"
            },
            "speechAct": "(단언) 진술하기",
            "morpheme": "키/NNG+키어/NNG+제도/NNG+가족/NNG+들/XSN+넘/MAG+많이/MAG+와서/VV+EC+힘들/VA+었/EP+다고/EC"
          },
          {
            "id": 21,
            "text": "1 : 와우 진짜 키키 오빠 네가 큰집이에용?",
            "norm_text": "와우 진짜 키키 오빠 네가 큰집이에용?",
            "speaker": {
              "id": "1번",
              "sex": "여성",
              "age": "20대"
            },
            "speechAct": "(지시) 질문하기",
            "morpheme": "와우/IC+진짜/MAG+키/NNG+키/NNG+오빠/NNG+네/XSN+가/JKS+큰/VA+ETM+집/NNG+이/VCP+에용/EF"
          },
          {
            "id": 22,
            "text": "2 : 아니 우리 집 막내인데... 허하하",
            "norm_text": "아니 우리 집 막내인데... 허하하",
            "speaker": {
              "id": "2번",
              "sex": "남성",
              "age": "20대"
            },
            "speechAct": "(단언) 진술하기",
            "morpheme": "아니/IC+우리/NP+집/NNG+막내/NNG+인데/VCP+EC+./SY+./SY+허/IC+하하/MAG"
          },
          {
            "id": 23,
            "text": "1 : 엥? 키키",
            "norm_text": "엥? 키키",
            "speaker": {
              "id": "1번",
              "sex": "여성",
              "age": "20대"
            },
            "speechAct": "턴토크 사인(관습적 반응)",
            "morpheme": "엥/IC+키/NNG+키/XSV+ETN"
          },
          {
            "id": 24,
            "text": "1 : 그런데 왜 막내 집으로",
            "norm_text": "그런데 왜 막내 집으로",
            "speaker": {
              "id": "1번",
              "sex": "여성",
              "age": "20대"
            },
            "speechAct": "(지시) 질문하기",
            "morpheme": "그런데/MAJ+왜/MAG+막내/NNG+집/NNG+으로/JKB"
          },
          {
            "id": 25,
            "text": "2 : 키키 다 온 건 아니고 몇 명만 왔어",
            "norm_text": "키키 다 온 건 아니고 몇 명만 왔어",
            "speaker": {
              "id": "2번",
              "sex": "남성",
              "age": "20대"
            },
            "speechAct": "(단언) 진술하기",
            "morpheme": "키/NNG+키/VV+다/EC+온/VX+ETM+건/NNB+JX+아니/VCN+고/EC+몇/MM+명/NNBC+만/JX+왔/VV+EP+어/EC"
          }
        ]
      }
    }
  ]
}