{
  "dataset": {
    "identifier": 50873,
    "name": "KAKAO_979_13_set",
    "src_path": "/data/file/cubeManager/PROJECT001/53/txt20211006134426035388/KAKAO_979_13_set/",
    "label_path": "/data/file/cubeManager/PROJECT001/53/txt20211006134426035388/KAKAO_979_13_set/",
    "category": 2,
    "type": 0
  },
  "licenses": {
    "name": "Apache License 1.0",
    "url": "http://www.apache.org/licenses/LICENSE-1.0"
  },
  "info": [
    {
      "id": 43053,
      "filename": "KAKAO_979_13.txt",
      "title": "KAKAO_979_13",
      "mediatype": "SNS",
      "medianame": "카카오톡",
      "category": "일상대화",
      "date": "2021-10-06",
      "size": 488,
      "annotations": {
        "subject": "계절/날씨",
        "speaker_type": "1:1",
        "size": 488,
        "word_size": 158,
        "text": "1 : 태풍 올라온다고 하는 거 들었어?\n1 : 주말에 온대\n2 : 왜 또 주말이야 ㅠㅠ 평일에 좀 그러지\n1 : 그치? 이제서야 가을이고 좀 시원한데 태풍이라니\n2 : 그러니까... 놀러도 못 가게 말이야 ㅜㅜ\n2 : 비 많이 온대?\n1 : 응 키키 이번 태풍은 바람보다는 비래 ㅠㅠ\n2 : 하... 또 도로 잠기겠네 꼼짝 못하겠다 ㅠㅠ\n1 : 대박이네 키키 너희 동네에 도로 잠겨?\n2 : 아니 우리 동네는 아닌데 집 근처 도로 하나가 그래\n1 : 와 진짜? 끔찍하다 비 엄청 올 거라고 겁주던데\n2 : 진짜 끔찍하다 ㅠㅠ\n2 : 비가 며칠이나 오는 거래?\n1 : 주말부터 다음 주 내내 비 온다고 일기예보에 적혀있던데\n2 : 와... 출근 어떻게 하지? 재택으로 해주려나?\n1 : 키키 태풍 때문에 재택근무 잘 안 해주지 않나?\n2 : 그렇지... 몇 년 전에 나 출근길에 간판 맞을 뻔 했잖아\n1 : 대박 태풍 때문에 떨어진 거야? 죽을 뻔했네\n2 : 어 키키 나 정신적 피해보상 청구해야 해 키키",
        "lines": [
          {
            "id": 1,
            "text": "1 : 태풍 올라온다고 하는 거 들었어?",
            "norm_text": "태풍 올라온다고 하는 거 들었어?",
            "speaker": {
              "id": "1번",
              "sex": "여성",
              "age": "20대"
            },
            "speechAct": "(지시) 질문하기",
            "morpheme": "태풍/NNG+올라온다고/VV+EC+하/VV+는/ETM+거/NNB+들/VV+었/EP+어/EF"
          },
          {
            "id": 2,
            "text": "1 : 주말에 온대",
            "norm_text": "주말에 온대",
            "speaker": {
              "id": "1번",
              "sex": "여성",
              "age": "20대"
            },
            "speechAct": "(단언) 진술하기",
            "morpheme": "주말/NNG+에/JKB+온대/NNG"
          },
          {
            "id": 3,
            "text": "2 : 왜 또 주말이야 ㅠㅠ 평일에 좀 그러지",
            "norm_text": "왜 또 주말이야 ㅠㅠ 평일에 좀 그러지",
            "speaker": {
              "id": "2번",
              "sex": "여성",
              "age": "20대"
            },
            "speechAct": "(단언) 주장하기",
            "morpheme": "왜/MAG+또/MAG+주말/NNG+이/VCP+야/EF+ㅠㅠ/UNKNOWN+평일/NNG+에/JKB+좀/MAG+그러/VV+지/EC"
          },
          {
            "id": 4,
            "text": "1 : 그치? 이제서야 가을이고 좀 시원한데 태풍이라니",
            "norm_text": "그치? 이제서야 가을이고 좀 시원한데 태풍이라니",
            "speaker": {
              "id": "1번",
              "sex": "여성",
              "age": "20대"
            },
            "speechAct": "(단언) 진술하기",
            "morpheme": "그치/IC+이제서야/MAG+가을/NNG+이/VCP+고/EC+좀/MAG+시원/XR+한데/XSA+EC+태풍/NNG+이/VCP+라니/EC"
          },
          {
            "id": 5,
            "text": "2 : 그러니까... 놀러도 못 가게 말이야 ㅜㅜ",
            "norm_text": "그러니까... 놀러도 못 가게 말이야 ㅜㅜ",
            "speaker": {
              "id": "2번",
              "sex": "여성",
              "age": "20대"
            },
            "speechAct": "(단언) 주장하기",
            "morpheme": "그러니까/MAJ+./SY+놀/VV+러/EC+도/JX+못/MAG+가/VV+게/EC+말/NNG+이/VCP+야/EF+ㅜㅜ/UNKNOWN"
          },
          {
            "id": 6,
            "text": "2 : 비 많이 온대?",
            "norm_text": "비 많이 온대?",
            "speaker": {
              "id": "2번",
              "sex": "여성",
              "age": "20대"
            },
            "speechAct": "(지시) 질문하기",
            "morpheme": "비/NNG+많이/MAG+온대/VV+EF"
          },
          {
            "id": 7,
            "text": "1 : 응 키키 이번 태풍은 바람보다는 비래 ㅠㅠ",
            "norm_text": "응 키키 이번 태풍은 바람보다는 비래 ㅠㅠ",
            "speaker": {
              "id": "1번",
              "sex": "여성",
              "age": "20대"
            },
            "speechAct": "(단언) 진술하기",
            "morpheme": "응/IC+키/NNG+키/NNG+이번/NNG+태풍/NNG+은/JX+바람/NNG+보다/JKB+는/JX+비래/NNG+ㅠㅠ/UNKNOWN"
          },
          {
            "id": 8,
            "text": "2 : 하... 또 도로 잠기겠네 꼼짝 못하겠다 ㅠㅠ",
            "norm_text": "하... 또 도로 잠기겠네 꼼짝 못하겠다 ㅠㅠ",
            "speaker": {
              "id": "2번",
              "sex": "여성",
              "age": "20대"
            },
            "speechAct": "(단언) 진술하기",
            "morpheme": "하/IC+./SY+또/MAG+도로/NNG+잠기/VV+겠/EP+네/EF+꼼짝/MAG+못/MAG+하/VV+겠/EP+다/EF+ㅠㅠ/UNKNOWN"
          },
          {
            "id": 9,
            "text": "1 : 대박이네 키키 너희 동네에 도로 잠겨?",
            "norm_text": "대박이네 키키 너희 동네에 도로 잠겨?",
            "speaker": {
              "id": "1번",
              "sex": "여성",
              "age": "20대"
            },
            "speechAct": "(지시) 질문하기",
            "morpheme": "대박/NNG+이/JKS+네/MM+키/NNG+키/XSV+ETN+너희/NP+동네/NNG+에/JKB+도로/NNG+잠겨/VV+EC"
          },
          {
            "id": 10,
            "text": "2 : 아니 우리 동네는 아닌데 집 근처 도로 하나가 그래",
            "norm_text": "아니 우리 동네는 아닌데 집 근처 도로 하나가 그래",
            "speaker": {
              "id": "2번",
              "sex": "여성",
              "age": "20대"
            },
            "speechAct": "(단언) 진술하기",
            "morpheme": "아니/IC+우리/NP+동네/NNG+는/JX+아닌데/VCN+EC+집/NNG+근처/NNG+도로/NNG+하나/NR+가/JKS+그래/VA+EC"
          },
          {
            "id": 11,
            "text": "1 : 와 진짜? 끔찍하다 비 엄청 올 거라고 겁주던데",
            "norm_text": "와 진짜? 끔찍하다 비 엄청 올 거라고 겁주던데",
            "speaker": {
              "id": "1번",
              "sex": "여성",
              "age": "20대"
            },
            "speechAct": "(단언) 진술하기",
            "morpheme": "와/IC+진짜/MAG+끔찍/XR+하/XSA+다/EC+비/NNG+엄청/MAG+올/VV+ETM+거/NNB+라고/VCP+EC+겁주/VV+던데/EC"
          },
          {
            "id": 12,
            "text": "2 : 진짜 끔찍하다 ㅠㅠ",
            "norm_text": "진짜 끔찍하다 ㅠㅠ",
            "speaker": {
              "id": "2번",
              "sex": "여성",
              "age": "20대"
            },
            "speechAct": "(표현) 부정감정 표현하기",
            "morpheme": "진짜끔찍하다ㅠㅠ/UNKNOWN"
          },
          {
            "id": 13,
            "text": "2 : 비가 며칠이나 오는 거래?",
            "norm_text": "비가 며칠이나 오는 거래?",
            "speaker": {
              "id": "2번",
              "sex": "여성",
              "age": "20대"
            },
            "speechAct": "(지시) 질문하기",
            "morpheme": "비/NNG+가/JKS+며칠/NNG+이/JKS+나오/VV+는/ETM+거/NNB+래/VCP+EF"
          },
          {
            "id": 14,
            "text": "1 : 주말부터 다음 주 내내 비 온다고 일기예보에 적혀있던데",
            "norm_text": "주말부터 다음 주 내내 비 온다고 일기예보에 적혀있던데",
            "speaker": {
              "id": "1번",
              "sex": "여성",
              "age": "20대"
            },
            "speechAct": "(단언) 진술하기",
            "morpheme": "주말/NNG+부터/JX+다음/NNG+주내/NNP+내비/NNG+온다고/VV+EC+일기/NNG+예보/NNG+에/JKB+적혀/VV+EC+있/VX+던데/EC"
          },
          {
            "id": 15,
            "text": "2 : 와... 출근 어떻게 하지? 재택으로 해주려나?",
            "norm_text": "와... 출근 어떻게 하지? 재택으로 해주려나?",
            "speaker": {
              "id": "2번",
              "sex": "여성",
              "age": "20대"
            },
            "speechAct": "(지시) 질문하기",
            "morpheme": "와/IC+./SY+출근/NNG+어떻게/MAG+하/VV+지/EF+재택/NNG+으로/JKB+해/VV+EC+주/VX+려나/EF"
          },
          {
            "id": 16,
            "text": "1 : 키키 태풍 때문에 재택근무 잘 안 해주지 않나?",
            "norm_text": "키키 태풍 때문에 재택근무 잘 안 해주지 않나?",
            "speaker": {
              "id": "1번",
              "sex": "여성",
              "age": "20대"
            },
            "speechAct": "(지시) 질문하기",
            "morpheme": "키/NNG+키/NNG+태풍/NNG+때문/NNB+에/JKB+재택근무/NNG+잘/MAG+안/MAG+해/VV+EC+주/VX+지/EC+않/VX+나/EF"
          },
          {
            "id": 17,
            "text": "2 : 그렇지... 몇 년 전에 나 출근길에 간판 맞을 뻔 했잖아",
            "norm_text": "그렇지... 몇 년 전에 나 출근길에 간판 맞을 뻔 했잖아",
            "speaker": {
              "id": "2번",
              "sex": "여성",
              "age": "20대"
            },
            "speechAct": "(단언) 진술하기",
            "morpheme": "그렇/VA+지/EF+./SY+몇/MM+년/NNBC+전/NNG+에/JKB+나/JX+출근길/NNG+에/JKB+간판/NNG+맞/VV+을/ETM+뻔/NNB+했잖아/VV+EP+EC+VX+EC"
          },
          {
            "id": 18,
            "text": "1 : 대박 태풍 때문에 떨어진 거야? 죽을 뻔했네",
            "norm_text": "대박 태풍 때문에 떨어진 거야? 죽을 뻔했네",
            "speaker": {
              "id": "1번",
              "sex": "여성",
              "age": "20대"
            },
            "speechAct": "(지시) 질문하기",
            "morpheme": "대박/NNG+태풍/NNG+때문/NNB+에/JKB+떨어진/VV+ETM+거/NNB+야/VCP+EF+죽/VV+을/ETM+뻔/NNB+했/XSA+EP+네/EF"
          },
          {
            "id": 19,
            "text": "2 : 어 키키 나 정신적 피해보상 청구해야 해 키키",
            "norm_text": "어 키키 나 정신적 피해보상 청구해야 해 키키",
            "speaker": {
              "id": "2번",
              "sex": "여성",
              "age": "20대"
            },
            "speechAct": "(단언) 진술하기",
            "morpheme": "어/IC+키/NNG+키나/XSA+ETN+JX+정신/NNG+적/XSN+피해/NNG+보상/NNG+청구/NNG+해야/XSV+EC+해/VV+EC+키/NNG+키/XSV+ETN"
          }
        ]
      }
    }
  ]
}