{
  "dataset": {
    "identifier": 31866,
    "name": "KAKAO_932_17_set",
    "src_path": "/data/file/cubeManager/PROJECT001/53/txt20211005162117044492/KAKAO_932_17_set/",
    "label_path": "/data/file/cubeManager/PROJECT001/53/txt20211005162117044492/KAKAO_932_17_set/",
    "category": 2,
    "type": 0
  },
  "licenses": {
    "name": "Apache License 1.0",
    "url": "http://www.apache.org/licenses/LICENSE-1.0"
  },
  "info": [
    {
      "id": 42174,
      "filename": "KAKAO_932_17.txt",
      "title": "KAKAO_932_17",
      "mediatype": "SNS",
      "medianame": "카카오톡",
      "category": "일상대화",
      "date": "2021-10-05",
      "size": 472,
      "annotations": {
        "subject": "건강",
        "speaker_type": "1:1",
        "size": 472,
        "word_size": 164,
        "text": "1 : 나 어제 한의원 가서 약 지어왔음\n2 : 왜 너 어디 아파?\n2 :  다이어트 약이야?\n1 : 아냐 키키 나 요새 살 빠진거 모름?\n2 : 그럼 한약을 왜 먹어?\n2 : 니가 아플리는 없고...\n1 : 키키 아픈 건 아니고 땀이 너무 많이 나서\n2 : 아~ 체질 바꾸려고 먹는 거야?\n2 : 효과 있어?\n1 : 아니 어제 지어왔는데 키키 무슨 벌써 효과가 있어 키키\n2 : 그러네 키키 약은 몇 달 동안 먹는 거야?\n1 : 나 이번에 3달치 지어왔어 엄청 비쌈 키키\n2 : 얼마 줬어?\n2 : 한약 원래 비싸잖아 키키 한 300?\n1 : 와 어떻게 딱 맞췄지?\n1 : 원래 300인데 좀 깎아줬어\n2 : 대박... 진짜 비싸네?\n2 : 너 그거 먹어야 할만큼 건강이 안 좋아?\n1 : 이게 너무 열이 확 오르니까 머리가 아프더라고\n2 : 아 맞아 너 현기증 자주 나잖아\n1 : 어어 그게 체질에 문제가 있어서 그렇대\n2 : 와... 사기 아냐?\n2 : 한약으로 그게 해결 돼?",
        "lines": [
          {
            "id": 1,
            "text": "1 : 나 어제 한의원 가서 약 지어왔음",
            "norm_text": "나 어제 한의원 가서 약 지어왔음",
            "speaker": {
              "id": "1번",
              "sex": "여성",
              "age": "20대"
            },
            "speechAct": "(단언) 진술하기",
            "morpheme": "나/NP+어/IC+제한/NNG+의/JKG+원가/NNG+서/JKB+약지/NNG+어/IC+왔음/VV+EP+EC"
          },
          {
            "id": 2,
            "text": "2 : 왜 너 어디 아파?",
            "norm_text": "왜 너 어디 아파?",
            "speaker": {
              "id": "2번",
              "sex": "여성",
              "age": "20대"
            },
            "speechAct": "(지시) 질문하기",
            "morpheme": "왜/MAG+너/NP+어디/NP+아파/VA+EF"
          },
          {
            "id": 3,
            "text": "2 :  다이어트 약이야?",
            "norm_text": "다이어트 약이야?",
            "speaker": {
              "id": "2번",
              "sex": "여성",
              "age": "20대"
            },
            "speechAct": "(지시) 질문하기",
            "morpheme": "다이어트/NNG+약/NNG+이/VCP+야/EF"
          },
          {
            "id": 4,
            "text": "1 : 아냐 키키 나 요새 살 빠진거 모름?",
            "norm_text": "아냐 키키 나 요새 살 빠진거 모름?",
            "speaker": {
              "id": "1번",
              "sex": "여성",
              "age": "20대"
            },
            "speechAct": "(지시) 질문하기",
            "morpheme": "아냐/IC+키/NNG+키나/XSA+ETN+JX+요새/MAG+살/VV+ETM+빠진/VV+ETM+거/NNB+모름/VV+ETN"
          },
          {
            "id": 5,
            "text": "2 : 그럼 한약을 왜 먹어?",
            "norm_text": "그럼 한약을 왜 먹어?",
            "speaker": {
              "id": "2번",
              "sex": "여성",
              "age": "20대"
            },
            "speechAct": "(지시) 질문하기",
            "morpheme": "그럼/MAJ+한약/NNG+을/JKO+왜/MAG+먹/VV+어/EF"
          },
          {
            "id": 6,
            "text": "2 : 니가 아플리는 없고...",
            "norm_text": "니가 아플리는 없고...",
            "speaker": {
              "id": "2번",
              "sex": "여성",
              "age": "20대"
            },
            "speechAct": "(단언) 진술하기",
            "morpheme": "니/NP+가/JKS+아플/VA+ETM+리/NNB+는/JX+없/VA+고/EC+./SY+./SY"
          },
          {
            "id": 7,
            "text": "1 : 키키 아픈 건 아니고 땀이 너무 많이 나서",
            "norm_text": "키키 아픈 건 아니고 땀이 너무 많이 나서",
            "speaker": {
              "id": "1번",
              "sex": "여성",
              "age": "20대"
            },
            "speechAct": "(단언) 진술하기",
            "morpheme": "키/NNG+키/XSV+ETN+아픈/VA+ETM+건/NNB+JX+아니/VCN+고/EC+땀/NNG+이/JKS+너무/MAG+많이/MAG+나/VV+서/EC"
          },
          {
            "id": 8,
            "text": "2 : 아~ 체질 바꾸려고 먹는 거야?",
            "norm_text": "아~ 체질 바꾸려고 먹는 거야?",
            "speaker": {
              "id": "2번",
              "sex": "여성",
              "age": "20대"
            },
            "speechAct": "(지시) 질문하기",
            "morpheme": "아/IC+~/SY+체질/NNG+바꾸/VV+려고/EC+먹/VV+는/ETM+거/NNB+야/VCP+EF"
          },
          {
            "id": 9,
            "text": "2 : 효과 있어?",
            "norm_text": "효과 있어?",
            "speaker": {
              "id": "2번",
              "sex": "여성",
              "age": "20대"
            },
            "speechAct": "(지시) 질문하기",
            "morpheme": "효과/NNG+있/VA+어/EF"
          },
          {
            "id": 10,
            "text": "1 : 아니 어제 지어왔는데 키키 무슨 벌써 효과가 있어 키키",
            "norm_text": "아니 어제 지어왔는데 키키 무슨 벌써 효과가 있어 키키",
            "speaker": {
              "id": "1번",
              "sex": "여성",
              "age": "20대"
            },
            "speechAct": "(단언) 반박하기",
            "morpheme": "아니/IC+어제/MAG+지/VV+어/EC+왔/VX+EP+는데/EC+키/NNG+키/XSV+ETN+무슨/MM+벌써/MAG+효과/NNG+가/JKS+있/VA+어/EC+키/NNG+키/XSV+ETN"
          },
          {
            "id": 11,
            "text": "2 : 그러네 키키 약은 몇 달 동안 먹는 거야?",
            "norm_text": "그러네 키키 약은 몇 달 동안 먹는 거야?",
            "speaker": {
              "id": "2번",
              "sex": "여성",
              "age": "20대"
            },
            "speechAct": "(지시) 질문하기",
            "morpheme": "그/MM+러네/NNP+키키/NNP+약/NNG+은/JX+몇/MM+달/NNBC+동안/NNG+먹/VV+는/ETM+거/NNB+야/VCP+EF"
          },
          {
            "id": 12,
            "text": "1 : 나 이번에 3달치 지어왔어 엄청 비쌈 키키",
            "norm_text": "나 이번에 3달치 지어왔어 엄청 비쌈 키키",
            "speaker": {
              "id": "1번",
              "sex": "여성",
              "age": "20대"
            },
            "speechAct": "(단언) 진술하기",
            "morpheme": "나/NP+이번/NNG+에/JKB+3/SN+달/NNG+치/XSA+EC+지/VX+어/EC+왔/VX+EP+어/EC+엄청/MAG+비/XPN+쌈/NNG+키/NNG+키/XSV+ETN"
          },
          {
            "id": 13,
            "text": "2 : 얼마 줬어?",
            "norm_text": "얼마 줬어?",
            "speaker": {
              "id": "2번",
              "sex": "여성",
              "age": "20대"
            },
            "speechAct": "(지시) 질문하기",
            "morpheme": "얼마/NNG+줬/VV+EP+어/EF"
          },
          {
            "id": 14,
            "text": "2 : 한약 원래 비싸잖아 키키 한 300?",
            "norm_text": "한약 원래 비싸잖아 키키 한 300?",
            "speaker": {
              "id": "2번",
              "sex": "여성",
              "age": "20대"
            },
            "speechAct": "(단언) 진술하기",
            "morpheme": "한약/NNG+원래/MAG+비싸/VA+잖아/EC+키/NNG+키/NNG+한/XSA+ETM+300/SN"
          },
          {
            "id": 15,
            "text": "1 : 와 어떻게 딱 맞췄지?",
            "norm_text": "와 어떻게 딱 맞췄지?",
            "speaker": {
              "id": "1번",
              "sex": "여성",
              "age": "20대"
            },
            "speechAct": "(지시) 질문하기",
            "morpheme": "와/IC+어떻게/MAG+딱/MAG+맞췄/VV+EP+지/EF"
          },
          {
            "id": 16,
            "text": "1 : 원래 300인데 좀 깎아줬어",
            "norm_text": "원래 300인데 좀 깎아줬어",
            "speaker": {
              "id": "1번",
              "sex": "여성",
              "age": "20대"
            },
            "speechAct": "(단언) 진술하기",
            "morpheme": "원래/MAG+300/SN+인데/VCP+EC+좀/MAG+깎/VV+아/EC+줬/VX+EP+어/EC"
          },
          {
            "id": 17,
            "text": "2 : 대박... 진짜 비싸네?",
            "norm_text": "대박... 진짜 비싸네?",
            "speaker": {
              "id": "2번",
              "sex": "여성",
              "age": "20대"
            },
            "speechAct": "(단언) 주장하기",
            "morpheme": "대박/NNG+./SY+./SY+진짜/MAG+비싸/VA+네/EF"
          },
          {
            "id": 18,
            "text": "2 : 너 그거 먹어야 할만큼 건강이 안 좋아?",
            "norm_text": "너 그거 먹어야 할만큼 건강이 안 좋아?",
            "speaker": {
              "id": "2번",
              "sex": "여성",
              "age": "20대"
            },
            "speechAct": "(지시) 질문하기",
            "morpheme": "너/NP+그거/NP+먹/VV+어야/EC+할/VX+ETM+만큼/NNB+건강/NNG+이/JKS+안/MAG+좋/VA+아/EF"
          },
          {
            "id": 19,
            "text": "1 : 이게 너무 열이 확 오르니까 머리가 아프더라고",
            "norm_text": "이게 너무 열이 확 오르니까 머리가 아프더라고",
            "speaker": {
              "id": "1번",
              "sex": "여성",
              "age": "20대"
            },
            "speechAct": "(단언) 진술하기",
            "morpheme": "이게/NP+JKS+너무/MAG+열/NNG+이/JKS+확/MAG+오르/VV+니까/EC+머리/NNG+가/JKS+아프/VA+더라고/EC"
          },
          {
            "id": 20,
            "text": "2 : 아 맞아 너 현기증 자주 나잖아",
            "norm_text": "아 맞아 너 현기증 자주 나잖아",
            "speaker": {
              "id": "2번",
              "sex": "여성",
              "age": "20대"
            },
            "speechAct": "(단언) 진술하기",
            "morpheme": "아/IC+맞아/IC+너/NP+현기증/NNG+자주/MAG+나/NP+잖아/VCP+EC+VX+EC"
          },
          {
            "id": 21,
            "text": "1 : 어어 그게 체질에 문제가 있어서 그렇대",
            "norm_text": "어어 그게 체질에 문제가 있어서 그렇대",
            "speaker": {
              "id": "1번",
              "sex": "여성",
              "age": "20대"
            },
            "speechAct": "(단언) 진술하기",
            "morpheme": "어/IC+어/IC+그게/NP+JKS+체질/NNG+에/JKB+문제/NNG+가/JKS+있/VA+어서/EC+그렇/VA+대/EC"
          },
          {
            "id": 22,
            "text": "2 : 와... 사기 아냐?",
            "norm_text": "와... 사기 아냐?",
            "speaker": {
              "id": "2번",
              "sex": "여성",
              "age": "20대"
            },
            "speechAct": "(지시) 질문하기",
            "morpheme": "와/IC+./SY+사/VV+기/ETN+아냐/VCN+EF"
          },
          {
            "id": 23,
            "text": "2 : 한약으로 그게 해결 돼?",
            "norm_text": "한약으로 그게 해결 돼?",
            "speaker": {
              "id": "2번",
              "sex": "여성",
              "age": "20대"
            },
            "speechAct": "(지시) 질문하기",
            "morpheme": "한약/NNG+으로/JKB+그게/NP+JKS+해결/NNG+돼/XSV+EF"
          }
        ]
      }
    }
  ]
}