{
  "dataset": {
    "identifier": 68946,
    "name": "KAKAO_946_12_set",
    "src_path": "/data/file/cubeManager/PROJECT001/53/txt20211005162503032315/KAKAO_946_12_set/",
    "label_path": "/data/file/cubeManager/PROJECT001/53/txt20211005162503032315/KAKAO_946_12_set/",
    "category": 2,
    "type": 0
  },
  "licenses": {
    "name": "Apache License 1.0",
    "url": "http://www.apache.org/licenses/LICENSE-1.0"
  },
  "info": [
    {
      "id": 42289,
      "filename": "KAKAO_946_12.txt",
      "title": "KAKAO_946_12",
      "mediatype": "SNS",
      "medianame": "카카오톡",
      "category": "일상대화",
      "date": "2021-10-05",
      "size": 622,
      "annotations": {
        "subject": "여행",
        "speaker_type": "1:1",
        "size": 622,
        "word_size": 208,
        "text": "1 : 키키 여행 갈 때 입을 수 있도록 살 빼면 되겠다!\n2 : 하하 아 남친한테 니랑 니 룸메, 강아지, 우리 커플, 강아지 만남 얘기했당\n1 : 아 진짜? 키키\n1 : 남자친구 분이랑 같이 여행 가자! 강아지들 데리고\n2 : 한번 놀자고 펜션 가서 키키 재밌겠다 하하\n2 : 니 룸메가 우리 신혼집 자고 가는 계획도 말했지\n1 : 오 키키 벌써 많은 얘기를 했네 키키\n1 : 그래 경주 가자 했다며\n2 : 니 룸메 결혼식 때마다 창원 와서 우리 집 모텔로 쓰고 가잖아 하하\n1 : 에이 그 말은 심했네 키키\n1 : 그냥 겸사겸사 얼굴 보고 그런 거지\n2 : 그러기엔 주정뱅이로 와서,\n2 : 화장실 문도 잠그고 ㅠㅠ 어휴...\n1 : 키키 아 그랬다면 내가 대신 사과할게\n2 : 아니라고 막 우기고, 불 다 켜놓고, 언제 오냐고 전화 계속 하고 ㅠㅠ\n1 : 키키 내 룸메가 니가 많이 보고 싶었나 보당\n2 : 그리고 나 오니까 자기가 언제 그랬냐며 발뻄하고,\n2 : 그러고 자더라고? 눈 뜨니까 없고? 하하\n1 : 키키 아휴 내 룸메는 참 바쁘게 사는 것 같네\n2 : 진짜 별로다,\n2 : 평소에는 룸메가 그렇게 안 해? ㅠㅠ\n1 : 응 근데 아침마다 집에 없긴 해 키키 출근하니까?\n2 : 바깥 사람이구만 키키\n2 : 바깥에서 살라고 하자! 하하",
        "lines": [
          {
            "id": 1,
            "text": "1 : 키키 여행 갈 때 입을 수 있도록 살 빼면 되겠다!",
            "norm_text": "키키 여행 갈 때 입을 수 있도록 살 빼면 되겠다!",
            "speaker": {
              "id": "1번",
              "sex": "여성",
              "age": "30대"
            },
            "speechAct": "(단언) 주장하기",
            "morpheme": "키/NNG+키/NNG+여행/NNG+갈/VV+ETM+때/NNG+입/VV+을/ETM+수/NNB+있/VV+도록/EC+살빼/VV+면/EC+되/VV+겠/EP+다/EF"
          },
          {
            "id": 2,
            "text": "2 : 하하 아 남친한테 니랑 니 룸메, 강아지, 우리 커플, 강아지 만남 얘기했당",
            "norm_text": "하하 아 남친한테 니랑 니 룸메, 강아지, 우리 커플, 강아지 만남 얘기했당",
            "speaker": {
              "id": "2번",
              "sex": "여성",
              "age": "30대"
            },
            "speechAct": "(단언) 진술하기",
            "morpheme": "하하아남친한테니랑니룸메/UNKNOWN+,/SC+강아지/NNG+,/SC+우리/NP+커플/NNG+,/SC+강아지/NNG+만남/NNG+얘기/NNG+했/XSV+EP+당/XSN"
          },
          {
            "id": 3,
            "text": "1 : 아 진짜? 키키",
            "norm_text": "아 진짜? 키키",
            "speaker": {
              "id": "1번",
              "sex": "여성",
              "age": "30대"
            },
            "speechAct": "턴토크 사인(관습적 반응)",
            "morpheme": "아/IC+진짜/MAG+키/NNG+키/XSV+ETN"
          },
          {
            "id": 4,
            "text": "1 : 남자친구 분이랑 같이 여행 가자! 강아지들 데리고",
            "norm_text": "남자친구 분이랑 같이 여행 가자! 강아지들 데리고",
            "speaker": {
              "id": "1번",
              "sex": "여성",
              "age": "30대"
            },
            "speechAct": "(언약) 약속하기(제3자와)/(개인적 수준)",
            "morpheme": "남자/NNG+친구/NNG+분/NNB+이랑/JKB+같이/MAG+여행/NNG+가/VV+자/EF+강아지/NNG+들/XSN+데리/VV+고/EC"
          },
          {
            "id": 5,
            "text": "2 : 한번 놀자고 펜션 가서 키키 재밌겠다 하하",
            "norm_text": "한번 놀자고 펜션 가서 키키 재밌겠다 하하",
            "speaker": {
              "id": "2번",
              "sex": "여성",
              "age": "30대"
            },
            "speechAct": "(언약) 약속하기(제3자와)/(개인적 수준)",
            "morpheme": "한/MM+번/NNBC+놀/VV+자고/EC+펜션/NNG+가/VV+서/EC+키/NNG+키/XSV+ETN+재밌/VA+겠/EP+다/EF+하하/MAG"
          },
          {
            "id": 6,
            "text": "2 : 니 룸메가 우리 신혼집 자고 가는 계획도 말했지",
            "norm_text": "니 룸메가 우리 신혼집 자고 가는 계획도 말했지",
            "speaker": {
              "id": "2번",
              "sex": "여성",
              "age": "30대"
            },
            "speechAct": "(단언) 진술하기",
            "morpheme": "니/MM+룸/NNG+메/NNG+가/JKS+우리/NP+신혼/NNG+집/VV+자고/EC+가/VX+는/ETM+계획/NNG+도/JX+말/NNG+했/XSV+EP+지/EC"
          },
          {
            "id": 7,
            "text": "1 : 오 키키 벌써 많은 얘기를 했네 키키",
            "norm_text": "오 키키 벌써 많은 얘기를 했네 키키",
            "speaker": {
              "id": "1번",
              "sex": "여성",
              "age": "30대"
            },
            "speechAct": "(단언) 주장하기",
            "morpheme": "오키/NNP+키/NNG+벌써/MAG+많/VA+은/ETM+얘기/NNG+를/JKO+했/VV+EP+네/EF+키/NNG+키/XSV+ETN"
          },
          {
            "id": 8,
            "text": "1 : 그래 경주 가자 했다며",
            "norm_text": "그래 경주 가자 했다며",
            "speaker": {
              "id": "1번",
              "sex": "여성",
              "age": "30대"
            },
            "speechAct": "(단언) 진술하기",
            "morpheme": "그래/IC+경주/NNP+가자/NNG+했/XSV+EP+다며/EC"
          },
          {
            "id": 9,
            "text": "2 : 니 룸메 결혼식 때마다 창원 와서 우리 집 모텔로 쓰고 가잖아 하하",
            "norm_text": "니 룸메 결혼식 때마다 창원 와서 우리 집 모텔로 쓰고 가잖아 하하",
            "speaker": {
              "id": "2번",
              "sex": "여성",
              "age": "30대"
            },
            "speechAct": "(단언) 주장하기",
            "morpheme": "니/MM+룸/NNG+메/NNG+결혼식/NNG+때/NNG+마다/JX+창원/NNP+와서/VV+EC+우리/NP+집/NNG+모텔/NNG+로/JKB+쓰/VV+고/EC+가/VX+잖아/EC+하하/MAG"
          },
          {
            "id": 10,
            "text": "1 : 에이 그 말은 심했네 키키",
            "norm_text": "에이 그 말은 심했네 키키",
            "speaker": {
              "id": "1번",
              "sex": "여성",
              "age": "30대"
            },
            "speechAct": "(단언) 주장하기",
            "morpheme": "에이/IC+그/MM+말/NNG+은/JX+심했/VA+EP+네/EF+키/NNG+키/XSV+ETN"
          },
          {
            "id": 11,
            "text": "1 : 그냥 겸사겸사 얼굴 보고 그런 거지",
            "norm_text": "그냥 겸사겸사 얼굴 보고 그런 거지",
            "speaker": {
              "id": "1번",
              "sex": "여성",
              "age": "30대"
            },
            "speechAct": "(단언) 주장하기",
            "morpheme": "그냥/MAG+겸사겸사/MAG+얼굴/NNG+보/VV+고/EC+그런/MM+거지/NNG"
          },
          {
            "id": 12,
            "text": "2 : 그러기엔 주정뱅이로 와서,",
            "norm_text": "그러기엔 주정뱅이로 와서,",
            "speaker": {
              "id": "2번",
              "sex": "여성",
              "age": "30대"
            },
            "speechAct": "(단언) 진술하기",
            "morpheme": "그러/VV+기/ETN+엔/JKB+JX+주정뱅이/NNG+로/JKB+와서/VV+EC+,/SC"
          },
          {
            "id": 13,
            "text": "2 : 화장실 문도 잠그고 ㅠㅠ 어휴...",
            "norm_text": "화장실 문도 잠그고 ㅠㅠ 어휴...",
            "speaker": {
              "id": "2번",
              "sex": "여성",
              "age": "30대"
            },
            "speechAct": "(단언) 진술하기",
            "morpheme": "화장실문도잠그고ㅠㅠ어휴/UNKNOWN+./SY"
          },
          {
            "id": 14,
            "text": "1 : 키키 아 그랬다면 내가 대신 사과할게",
            "norm_text": "키키 아 그랬다면 내가 대신 사과할게",
            "speaker": {
              "id": "1번",
              "sex": "여성",
              "age": "30대"
            },
            "speechAct": "(표현) 사과하기",
            "morpheme": "키/NNG+키/VV+아/EC+그랬/VV+EP+다면/EC+내/NP+가/JKS+대신/NNG+사과/NNG+할/XSV+ETM+게/NNB+JKS"
          },
          {
            "id": 15,
            "text": "2 : 아니라고 막 우기고, 불 다 켜놓고, 언제 오냐고 전화 계속 하고 ㅠㅠ",
            "norm_text": "아니라고 막 우기고, 불 다 켜놓고, 언제 오냐고 전화 계속 하고 ㅠㅠ",
            "speaker": {
              "id": "2번",
              "sex": "여성",
              "age": "30대"
            },
            "speechAct": "(단언) 진술하기",
            "morpheme": "아니/VCN+라고/EC+막/NNG+우기/VV+고/EC+,/SC+불/VV+다/EC+켜/VV+EC+놓/VX+고/EC+,/SC+언제/MAG+오/VV+냐고/EC+전화/NNG+계속/NNG+하/XSV+고/EC+ㅠㅠ/UNKNOWN"
          },
          {
            "id": 16,
            "text": "1 : 키키 내 룸메가 니가 많이 보고 싶었나 보당",
            "norm_text": "키키 내 룸메가 니가 많이 보고 싶었나 보당",
            "speaker": {
              "id": "1번",
              "sex": "여성",
              "age": "30대"
            },
            "speechAct": "(단언) 주장하기",
            "morpheme": "키/NNG+키/XSV+ETN+내/NP+JKG+룸/NNG+메/NNG+가/JKS+니/NP+가/JKS+많이/MAG+보/VV+고/EC+싶/VX+었/EP+나/EC+보당/NNG"
          },
          {
            "id": 17,
            "text": "2 : 그리고 나 오니까 자기가 언제 그랬냐며 발뻄하고,",
            "norm_text": "그리고 나 오니까 자기가 언제 그랬냐며 발뻄하고,",
            "speaker": {
              "id": "2번",
              "sex": "여성",
              "age": "30대"
            },
            "speechAct": "(단언) 진술하기",
            "morpheme": "그리고/MAJ+나오/VV+니까/EC+자기/NP+가/JKS+언제/MAG+그랬/VV+EP+냐며/EC+발뻄/UNKNOWN+하/VV+고/EC+,/SC"
          },
          {
            "id": 18,
            "text": "2 : 그러고 자더라고? 눈 뜨니까 없고? 하하",
            "norm_text": "그러고 자더라고? 눈 뜨니까 없고? 하하",
            "speaker": {
              "id": "2번",
              "sex": "여성",
              "age": "30대"
            },
            "speechAct": "(단언) 진술하기",
            "morpheme": "그러/VV+고/EC+자/VV+더라고/EF+눈뜨/VV+니까/EC+없/VA+고/EC+하하/MAG"
          },
          {
            "id": 19,
            "text": "1 : 키키 아휴 내 룸메는 참 바쁘게 사는 것 같네",
            "norm_text": "키키 아휴 내 룸메는 참 바쁘게 사는 것 같네",
            "speaker": {
              "id": "1번",
              "sex": "여성",
              "age": "30대"
            },
            "speechAct": "(단언) 주장하기",
            "morpheme": "키/NNG+키/XSV+ETN+아휴/IC+내/NP+JKG+룸/NNG+메/NP+는/JX+참/MAG+바쁘/VA+게/EC+사/VV+는/ETM+것/NNB+같/VA+네/EC"
          },
          {
            "id": 20,
            "text": "2 : 진짜 별로다,",
            "norm_text": "진짜 별로다,",
            "speaker": {
              "id": "2번",
              "sex": "여성",
              "age": "30대"
            },
            "speechAct": "(표현) 부정감정 표현하기",
            "morpheme": "진짜/MAG+별로/MAG+다/MAG+,/SC"
          },
          {
            "id": 21,
            "text": "2 : 평소에는 룸메가 그렇게 안 해? ㅠㅠ",
            "norm_text": "평소에는 룸메가 그렇게 안 해? ㅠㅠ",
            "speaker": {
              "id": "2번",
              "sex": "여성",
              "age": "30대"
            },
            "speechAct": "(지시) 질문하기",
            "morpheme": "평소/NNG+에/JKB+는/JX+룸/NNG+메/NNG+가/JKS+그렇게/MAG+안/MAG+해/VV+EF+ㅠㅠ/UNKNOWN"
          },
          {
            "id": 22,
            "text": "1 : 응 근데 아침마다 집에 없긴 해 키키 출근하니까?",
            "norm_text": "응 근데 아침마다 집에 없긴 해 키키 출근하니까?",
            "speaker": {
              "id": "1번",
              "sex": "여성",
              "age": "30대"
            },
            "speechAct": "(단언) 주장하기",
            "morpheme": "응/IC+근데/MAJ+아침/NNG+마다/JX+집/NNG+에/JKB+없/VA+긴/ETN+JX+해/VX+EC+키/NNG+키/NNG+출근/NNG+하/XSV+니까/EC"
          },
          {
            "id": 23,
            "text": "2 : 바깥 사람이구만 키키",
            "norm_text": "바깥 사람이구만 키키",
            "speaker": {
              "id": "2번",
              "sex": "여성",
              "age": "30대"
            },
            "speechAct": "(단언) 주장하기",
            "morpheme": "바깥/NNG+사람/NNG+이/VCP+구/EC+만/JX+키/NNG+키/XSV+ETN"
          },
          {
            "id": 24,
            "text": "2 : 바깥에서 살라고 하자! 하하",
            "norm_text": "바깥에서 살라고 하자! 하하",
            "speaker": {
              "id": "2번",
              "sex": "여성",
              "age": "30대"
            },
            "speechAct": "(지시) 충고/제안하기",
            "morpheme": "바깥/NNG+에서/JKB+살/VV+라고/EC+하/VX+자/EF+하하/MAG"
          }
        ]
      }
    }
  ]
}