{
  "dataset": {
    "identifier": 68911,
    "name": "KAKAO_951_16_set",
    "src_path": "/data/file/cubeManager/PROJECT001/53/txt20211005163301070215/KAKAO_951_16_set/",
    "label_path": "/data/file/cubeManager/PROJECT001/53/txt20211005163301070215/KAKAO_951_16_set/",
    "category": 2,
    "type": 0
  },
  "licenses": {
    "name": "Apache License 1.0",
    "url": "http://www.apache.org/licenses/LICENSE-1.0"
  },
  "info": [
    {
      "id": 42594,
      "filename": "KAKAO_951_16.txt",
      "title": "KAKAO_951_16",
      "mediatype": "SNS",
      "medianame": "카카오톡",
      "category": "일상대화",
      "date": "2021-10-05",
      "size": 544,
      "annotations": {
        "subject": "미용",
        "speaker_type": "1:1",
        "size": 544,
        "word_size": 172,
        "text": "1 : 너 이번에 올리브영 세일에 뭐 샀어? 뭐 많이 샀다며\n2 : 나 뭐 샀더라... 아 아이브로우 엄청 삼 키키\n1 : 너 원래 베네피트 쓰던 거 아니었어? 프리사이즐리?\n2 : 응응 그거 썼었는데... 나 똥손이라 ㅠㅠ 프리사이즐리가 좋더라고\n1 : 베네피트가 똥손한테 좋나? 난 눈썹 숱 많아서\n2 : 아 개부러워 ㅠ 난 절반 모나리자라 키키 안 그리면 안돼 ㅠ\n1 : 너 눈썹 문신도 알아보지 않았었어? 내가 추천 해 줬었잖아 ㅋ\n2 : 키키 응응 근데 거기 인기 많아서 너무 예약 힘들더라\n1 : 아 맞아 키키 나도 대기 타다가 인스타로 힘들게 신청함\n2 : 응응... 그래서 자신 없더라고 ㅠㅠ 그리고 문신 무서워\n1 : 왜 유행 바뀔까 봐? 근데 눈썹 문신 요새는 자연스러워서\n2 : 진짜 자연스럽긴 하던데… 내가 질릴 거 같아서 키키\n1 : 아 그건 그렇지 키키 엥간해선 못 바꾸니까 키키 브로우 뭐 샀어?\n2 : 나 그냥 싼 거 여러 개 사봤어 페리페라, 홀리카 인가\n1 : 프리사이즐리 비싸서? 얼마 하지 한 3만원?\n2 : 응응 정가 주면 3만원 ㅠ 면세 안돼서 타격이 크다 ㅠ",
        "lines": [
          {
            "id": 1,
            "text": "1 : 너 이번에 올리브영 세일에 뭐 샀어? 뭐 많이 샀다며",
            "norm_text": "너 이번에 올리브영 세일에 뭐 샀어? 뭐 많이 샀다며",
            "speaker": {
              "id": "1번",
              "sex": "여성",
              "age": "20대"
            },
            "speechAct": "(지시) 질문하기",
            "morpheme": "너/NP+이번/NNG+에/JKB+올리브/NNG+영세/NNG+일/NNG+에/JKB+뭐/IC+샀/VV+EP+어/EF+뭐/IC+많이/MAG+샀/VV+EP+다며/EC"
          },
          {
            "id": 2,
            "text": "2 : 나 뭐 샀더라... 아 아이브로우 엄청 삼 키키",
            "norm_text": "나 뭐 샀더라... 아 아이브로우 엄청 삼 키키",
            "speaker": {
              "id": "2번",
              "sex": "여성",
              "age": "20대"
            },
            "speechAct": "(단언) 주장하기",
            "morpheme": "나/NP+뭐/IC+샀/VV+EP+더라/EF+./SY+아아이브로우엄청삼키키/UNKNOWN"
          },
          {
            "id": 3,
            "text": "1 : 너 원래 베네피트 쓰던 거 아니었어? 프리사이즐리?",
            "norm_text": "너 원래 베네피트 쓰던 거 아니었어? 프리사이즐리?",
            "speaker": {
              "id": "1번",
              "sex": "여성",
              "age": "20대"
            },
            "speechAct": "(단언) 주장하기",
            "morpheme": "너/NP+원래/MAG+베/VV+EC+네/MM+피트/NNBC+쓰/VV+던/ETM+거/NNB+아니/VCN+었/EP+어/EF+프리/NNG+사/VV+EC+이즐리/NNP"
          },
          {
            "id": 4,
            "text": "2 : 응응 그거 썼었는데... 나 똥손이라 ㅠㅠ 프리사이즐리가 좋더라고",
            "norm_text": "응응 그거 썼었는데... 나 똥손이라 ㅠㅠ 프리사이즐리가 좋더라고",
            "speaker": {
              "id": "2번",
              "sex": "여성",
              "age": "20대"
            },
            "speechAct": "(단언) 주장하기",
            "morpheme": "응/IC+응/IC+그거/NP+썼었/VV+EP+는데/EC+./SY+./SY+나똥손이라ㅠㅠ프리사이즐리가좋더라고/UNKNOWN"
          },
          {
            "id": 5,
            "text": "1 : 베네피트가 똥손한테 좋나? 난 눈썹 숱 많아서",
            "norm_text": "베네피트가 똥손한테 좋나? 난 눈썹 숱 많아서",
            "speaker": {
              "id": "1번",
              "sex": "여성",
              "age": "20대"
            },
            "speechAct": "(단언) 주장하기",
            "morpheme": "베네/NNP+피트/NNG+가/JKS+똥/NNG+손/NNG+한테/JKB+좋/VA+나/EF+난/NP+JX+눈썹/NNG+숱/NNG+많/VA+아서/EC"
          },
          {
            "id": 6,
            "text": "2 : 아 개부러워 ㅠ 난 절반 모나리자라 키키 안 그리면 안돼 ㅠ",
            "norm_text": "아 개부러워 ㅠ 난 절반 모나리자라 키키 안 그리면 안돼 ㅠ",
            "speaker": {
              "id": "2번",
              "sex": "여성",
              "age": "20대"
            },
            "speechAct": "(단언) 주장하기",
            "morpheme": "아/IC+개/NNG+부러워/VA+EC+ㅠ난/UNKNOWN+절반/NNG+모나리자/NNG+라키/NNP+키/NNG+안/MAG+그리/VV+면/EC+안/MAG+돼/VV+EF+ㅠ/UNKNOWN"
          },
          {
            "id": 7,
            "text": "1 : 너 눈썹 문신도 알아보지 않았었어? 내가 추천 해 줬었잖아 ㅋ",
            "norm_text": "너 눈썹 문신도 알아보지 않았었어? 내가 추천 해 줬었잖아 ㅋ",
            "speaker": {
              "id": "1번",
              "sex": "여성",
              "age": "20대"
            },
            "speechAct": "(단언) 주장하기",
            "morpheme": "너/NP+눈썹/NNG+문신/NNG+도/JX+알아보/VV+지/EC+않/VX+았었/EP+어/EF+내가추천해줬었잖아ㅋ/UNKNOWN"
          },
          {
            "id": 8,
            "text": "2 : 키키 응응 근데 거기 인기 많아서 너무 예약 힘들더라",
            "norm_text": "키키 응응 근데 거기 인기 많아서 너무 예약 힘들더라",
            "speaker": {
              "id": "2번",
              "sex": "여성",
              "age": "20대"
            },
            "speechAct": "(단언) 주장하기",
            "morpheme": "키/NNG+키/XSV+ETN+응/IC+응/IC+근데/MAJ+거기/NP+인기/VCP+EC+많/VA+아서/EC+너무/MAG+예약/NNG+힘들/VA+더라/EC"
          },
          {
            "id": 9,
            "text": "1 : 아 맞아 키키 나도 대기 타다가 인스타로 힘들게 신청함",
            "norm_text": "아 맞아 키키 나도 대기 타다가 인스타로 힘들게 신청함",
            "speaker": {
              "id": "1번",
              "sex": "여성",
              "age": "20대"
            },
            "speechAct": "(단언) 주장하기",
            "morpheme": "아/IC+맞/VV+아/EC+키/NNG+키나/XSA+ETN+JX+도/JX+대기/NNG+타/VV+다가/EC+인/VCP+ETM+스타/NNG+로/JKB+힘들/VA+게/EC+신청/NNG+함/XSV+ETN"
          },
          {
            "id": 10,
            "text": "2 : 응응... 그래서 자신 없더라고 ㅠㅠ 그리고 문신 무서워",
            "norm_text": "응응... 그래서 자신 없더라고 ㅠㅠ 그리고 문신 무서워",
            "speaker": {
              "id": "2번",
              "sex": "여성",
              "age": "20대"
            },
            "speechAct": "(단언) 주장하기",
            "morpheme": "응/IC+응/IC+./SY+그래서자신없더라고ㅠㅠ그리고문신무서워/UNKNOWN"
          },
          {
            "id": 11,
            "text": "1 : 왜 유행 바뀔까 봐? 근데 눈썹 문신 요새는 자연스러워서",
            "norm_text": "왜 유행 바뀔까 봐? 근데 눈썹 문신 요새는 자연스러워서",
            "speaker": {
              "id": "1번",
              "sex": "여성",
              "age": "20대"
            },
            "speechAct": "(단언) 주장하기",
            "morpheme": "왜/MAG+유행/NNG+바뀔/VV+ETM+까/VV+EC+봐/VX+EF+근데/MAJ+눈썹/NNG+문신/NNG+요새/NNG+는/JX+자연/NNG+스러워서/XSA+EC"
          },
          {
            "id": 12,
            "text": "2 : 진짜 자연스럽긴 하던데… 내가 질릴 거 같아서 키키",
            "norm_text": "진짜 자연스럽긴 하던데… 내가 질릴 거 같아서 키키",
            "speaker": {
              "id": "2번",
              "sex": "여성",
              "age": "20대"
            },
            "speechAct": "(단언) 주장하기",
            "morpheme": "진짜/MAG+자연/NNG+스럽/XSA+긴/ETN+JX+하/VX+던데/EC+…/SE+내/NP+가/JKS+질릴/VV+ETM+거/NNB+같/VA+아서/EC+키/NNG+키/XSV+ETN"
          },
          {
            "id": 13,
            "text": "1 : 아 그건 그렇지 키키 엥간해선 못 바꾸니까 키키 브로우 뭐 샀어?",
            "norm_text": "아 그건 그렇지 키키 엥간해선 못 바꾸니까 키키 브로우 뭐 샀어?",
            "speaker": {
              "id": "1번",
              "sex": "여성",
              "age": "20대"
            },
            "speechAct": "(지시) 질문하기",
            "morpheme": "아/IC+그건/NP+JX+그렇/VA+지/EC+키/NNG+키/XSV+ETN+엥간/XR+해선/XSA+EC+JX+못/MAG+바꾸/VV+니까/EC+키키/NNP+브로우/NNP+뭐/IC+샀/VV+EP+어/EF"
          },
          {
            "id": 14,
            "text": "2 : 나 그냥 싼 거 여러 개 사봤어 페리페라, 홀리카 인가",
            "norm_text": "나 그냥 싼 거 여러 개 사봤어 페리페라, 홀리카 인가",
            "speaker": {
              "id": "2번",
              "sex": "여성",
              "age": "20대"
            },
            "speechAct": "(단언) 주장하기",
            "morpheme": "나그냥싼거여러개사봤어페리페라/UNKNOWN+,/SC+홀/NNP+리카/NNP+인가/VCP+EC"
          },
          {
            "id": 15,
            "text": "1 : 프리사이즐리 비싸서? 얼마 하지 한 3만원?",
            "norm_text": "프리사이즐리 비싸서? 얼마 하지 한 3만원?",
            "speaker": {
              "id": "1번",
              "sex": "여성",
              "age": "20대"
            },
            "speechAct": "(지시) 질문하기",
            "morpheme": "프리사이즐리비싸서/UNKNOWN+얼마/NNG+하/XSV+지한/EC+VV+ETM+3/SN+만/NR+원/NNBC"
          },
          {
            "id": 16,
            "text": "2 : 응응 정가 주면 3만원 ㅠ 면세 안돼서 타격이 크다 ㅠ",
            "norm_text": "응응 정가 주면 3만원 ㅠ 면세 안돼서 타격이 크다 ㅠ",
            "speaker": {
              "id": "2번",
              "sex": "여성",
              "age": "20대"
            },
            "speechAct": "(단언) 주장하기",
            "morpheme": "응/IC+응/IC+정가/NNG+주/VV+면/EC+3/SN+만원ㅠ면세안돼서타격이크다ㅠ/UNKNOWN"
          }
        ]
      }
    }
  ]
}