{
  "dataset": {
    "identifier": 58250,
    "name": "KAKAO_972_15_set",
    "src_path": "/data/file/cubeManager/PROJECT001/53/txt20211006135040027054/KAKAO_972_15_set/",
    "label_path": "/data/file/cubeManager/PROJECT001/53/txt20211006135040027054/KAKAO_972_15_set/",
    "category": 2,
    "type": 0
  },
  "licenses": {
    "name": "Apache License 1.0",
    "url": "http://www.apache.org/licenses/LICENSE-1.0"
  },
  "info": [
    {
      "id": 43852,
      "filename": "KAKAO_972_15.txt",
      "title": "KAKAO_972_15",
      "mediatype": "SNS",
      "medianame": "카카오톡",
      "category": "일상대화",
      "date": "2021-10-06",
      "size": 431,
      "annotations": {
        "subject": "타 국가 이슈",
        "speaker_type": "1:1",
        "size": 431,
        "word_size": 123,
        "text": "1 : 중국이 비트코인을 규제한다더라\n2 : 맞아 나도 뉴스에서 확인했어\n1 : 이유가 여러가지였는데 뭐였지?\n2 : 내 기억에는 환경보호였던 거 같은데\n1 : 아 기억났다! 비트코인을 수집하는데 전력이 많이 든다고 했지\n2 : 맞아맞아 테슬라 CEO도 비트코인 좋아했는데\n1 : 응 머스크도 블록체인 기술 좋아했지\n2 : 이분도 전기 사용량 때문에 생각이 부정적으로 바뀌었지\n1 : 기업인이 그런 것도 생각해야 돼?\n2 : 요즘은 환경보호도 돈이 된다더라구\n1 : 오 진짜? 환경보호가 돈이 된다고?\n2 : 응 탄소배출권으로 수익을 올리는 기업이 생겼더라구\n1 : 응? 그게 어떻게 수익을 창출하는 거야?\n2 : 내 회사에서 탄소를 조금 배출하면 다른 회사에서 그만큼 탄소를 더 배출해도 되는 거야\n1 : 오오오오 키키 요즘에는 환경보호가 돈이 되는구나\n2 : 응 나도 뉴스 보다가 알아냈어 하하",
        "lines": [
          {
            "id": 1,
            "text": "1 : 중국이 비트코인을 규제한다더라",
            "norm_text": "중국이 비트코인을 규제한다더라",
            "speaker": {
              "id": "1번",
              "sex": "여성",
              "age": "20대"
            },
            "speechAct": "(단언) 진술하기",
            "morpheme": "중국/NNP+이/JKS+비트코인/NNP+을/JKO+규제/NNG+한다더라/XSV+EC"
          },
          {
            "id": 2,
            "text": "2 : 맞아 나도 뉴스에서 확인했어",
            "norm_text": "맞아 나도 뉴스에서 확인했어",
            "speaker": {
              "id": "2번",
              "sex": "남성",
              "age": "20대"
            },
            "speechAct": "(단언) 진술하기",
            "morpheme": "맞/VV+아/EC+나/NP+도/JX+뉴스/NNG+에서/JKB+확인/NNG+했/XSV+EP+어/EC"
          },
          {
            "id": 3,
            "text": "1 : 이유가 여러가지였는데 뭐였지?",
            "norm_text": "이유가 여러가지였는데 뭐였지?",
            "speaker": {
              "id": "1번",
              "sex": "여성",
              "age": "20대"
            },
            "speechAct": "(지시) 질문하기",
            "morpheme": "이유/NNG+가/JKS+여러/MM+가지/NNBC+였/VCP+EP+는데/EC+뭐/NP+였/VCP+EP+지/EF"
          },
          {
            "id": 4,
            "text": "2 : 내 기억에는 환경보호였던 거 같은데",
            "norm_text": "내 기억에는 환경보호였던 거 같은데",
            "speaker": {
              "id": "2번",
              "sex": "남성",
              "age": "20대"
            },
            "speechAct": "(단언) 주장하기",
            "morpheme": "내/NP+JKG+기억/NNG+에/JKB+는/JX+환경/NNG+보호/NNG+였/VCP+EP+던/ETM+거/NNB+같/VA+은데/EC"
          },
          {
            "id": 5,
            "text": "1 : 아 기억났다! 비트코인을 수집하는데 전력이 많이 든다고 했지",
            "norm_text": "아 기억났다! 비트코인을 수집하는데 전력이 많이 든다고 했지",
            "speaker": {
              "id": "1번",
              "sex": "여성",
              "age": "20대"
            },
            "speechAct": "(단언) 진술하기",
            "morpheme": "아/IC+기억났/VV+EP+다/EF+비트코인/NNP+을/JKO+수집/NNG+하/XSV+는/ETM+데/NNB+전력/NNG+이/JKS+많이/MAG+든다고/VV+EC+했/VX+EP+지/EC"
          },
          {
            "id": 6,
            "text": "2 : 맞아맞아 테슬라 CEO도 비트코인 좋아했는데",
            "norm_text": "맞아맞아 테슬라 CEO도 비트코인 좋아했는데",
            "speaker": {
              "id": "2번",
              "sex": "남성",
              "age": "20대"
            },
            "speechAct": "(단언) 진술하기",
            "morpheme": "맞/VV+아/EC+맞/VV+아/EC+테슬라/NNP+CEO/SL+도/JX+비트코인/NNP+좋/VA+아/EC+했/VX+EP+는데/EC"
          },
          {
            "id": 7,
            "text": "1 : 응 머스크도 블록체인 기술 좋아했지",
            "norm_text": "응 머스크도 블록체인 기술 좋아했지",
            "speaker": {
              "id": "1번",
              "sex": "여성",
              "age": "20대"
            },
            "speechAct": "(단언) 진술하기",
            "morpheme": "응/IC+머스크/NNG+도/JX+블록체인/NNG+기술/NNG+좋/VA+아/EC+했/VX+EP+지/EC"
          },
          {
            "id": 8,
            "text": "2 : 이분도 전기 사용량 때문에 생각이 부정적으로 바뀌었지",
            "norm_text": "이분도 전기 사용량 때문에 생각이 부정적으로 바뀌었지",
            "speaker": {
              "id": "2번",
              "sex": "남성",
              "age": "20대"
            },
            "speechAct": "(단언) 주장하기",
            "morpheme": "이분/NP+도/JX+전기/NNG+사용량/NNG+때문/NNB+에/JKB+생각/NNG+이/JKS+부정/NNG+적/XSN+으로/JKB+바뀌/VV+었/EP+지/EC"
          },
          {
            "id": 9,
            "text": "1 : 기업인이 그런 것도 생각해야 돼?",
            "norm_text": "기업인이 그런 것도 생각해야 돼?",
            "speaker": {
              "id": "1번",
              "sex": "여성",
              "age": "20대"
            },
            "speechAct": "(지시) 질문하기",
            "morpheme": "기업인/NNG+이/JKS+그런/MM+것/NNB+도/JX+생각/NNG+해야/XSV+EC+돼/VV+EF"
          },
          {
            "id": 10,
            "text": "2 : 요즘은 환경보호도 돈이 된다더라구",
            "norm_text": "요즘은 환경보호도 돈이 된다더라구",
            "speaker": {
              "id": "2번",
              "sex": "남성",
              "age": "20대"
            },
            "speechAct": "(단언) 진술하기",
            "morpheme": "요즘/NNG+은/JX+환경/NNG+보호/NNG+도/JX+돈/NNG+이/JKS+된다/VV+EF+더라구/VCP+EC"
          },
          {
            "id": 11,
            "text": "1 : 오 진짜? 환경보호가 돈이 된다고?",
            "norm_text": "오 진짜? 환경보호가 돈이 된다고?",
            "speaker": {
              "id": "1번",
              "sex": "여성",
              "age": "20대"
            },
            "speechAct": "(지시) 질문하기",
            "morpheme": "오/IC+진짜/MAG+환경/NNG+보호/NNG+가/JKS+돈/NNG+이/JKS+된다고/VV+EF"
          },
          {
            "id": 12,
            "text": "2 : 응 탄소배출권으로 수익을 올리는 기업이 생겼더라구",
            "norm_text": "응 탄소배출권으로 수익을 올리는 기업이 생겼더라구",
            "speaker": {
              "id": "2번",
              "sex": "남성",
              "age": "20대"
            },
            "speechAct": "(단언) 진술하기",
            "morpheme": "응/IC+탄소/NNG+배출/NNG+권/XSN+으로/JKB+수익/NNG+을/JKO+올리/VV+는/ETM+기업/NNG+이/JKS+생겼/VV+EP+더라구/EC"
          },
          {
            "id": 13,
            "text": "1 : 응? 그게 어떻게 수익을 창출하는 거야?",
            "norm_text": "응? 그게 어떻게 수익을 창출하는 거야?",
            "speaker": {
              "id": "1번",
              "sex": "여성",
              "age": "20대"
            },
            "speechAct": "(지시) 질문하기",
            "morpheme": "응/IC+그게/NP+JKS+어떻게/MAG+수익/NNG+을/JKO+창출/NNG+하/XSV+는/ETM+거/NNB+야/VCP+EF"
          },
          {
            "id": 14,
            "text": "2 : 내 회사에서 탄소를 조금 배출하면 다른 회사에서 그만큼 탄소를 더 배출해도 되는 거야",
            "norm_text": "내 회사에서 탄소를 조금 배출하면 다른 회사에서 그만큼 탄소를 더 배출해도 되는 거야",
            "speaker": {
              "id": "2번",
              "sex": "남성",
              "age": "20대"
            },
            "speechAct": "(단언) 진술하기",
            "morpheme": "내/NP+JKG+회사/NNG+에서/JKB+탄소/NNG+를/JKO+조금/MAG+배출/NNG+하/XSV+면/EC+다른/MM+회사/NNG+에서/JKB+그만큼/MAG+탄소/NNG+를/JKO+더/MAG+배출/NNG+해도/XSV+EC+되/VV+는/ETM+거/NNB+야/VCP+EF"
          },
          {
            "id": 15,
            "text": "1 : 오오오오 키키 요즘에는 환경보호가 돈이 되는구나",
            "norm_text": "오오오오 키키 요즘에는 환경보호가 돈이 되는구나",
            "speaker": {
              "id": "1번",
              "sex": "여성",
              "age": "20대"
            },
            "speechAct": "(단언) 주장하기",
            "morpheme": "오/NR+오/NR+오/NR+오/NR+키/NNG+키/NNG+요즘/NNG+에/JKB+는/JX+환경/NNG+보호/NNG+가/JKS+돈/NNG+이/JKS+되/VV+는구나/EC"
          },
          {
            "id": 16,
            "text": "2 : 응 나도 뉴스 보다가 알아냈어 하하",
            "norm_text": "응 나도 뉴스 보다가 알아냈어 하하",
            "speaker": {
              "id": "2번",
              "sex": "남성",
              "age": "20대"
            },
            "speechAct": "(단언) 진술하기",
            "morpheme": "응/IC+나/NP+도/JX+뉴스/NNG+보/VV+다가/EC+알아냈/VV+EP+어/EC+하하/MAG"
          }
        ]
      }
    }
  ]
}