{
  "dataset": {
    "identifier": 35161,
    "name": "KAKAO_956_04_set",
    "src_path": "/data/file/cubeManager/PROJECT001/53/txt20211005163702011134/KAKAO_956_04_set/",
    "label_path": "/data/file/cubeManager/PROJECT001/53/txt20211005163702011134/KAKAO_956_04_set/",
    "category": 2,
    "type": 0
  },
  "licenses": {
    "name": "Apache License 1.0",
    "url": "http://www.apache.org/licenses/LICENSE-1.0"
  },
  "info": [
    {
      "id": 42642,
      "filename": "KAKAO_956_04.txt",
      "title": "KAKAO_956_04",
      "mediatype": "SNS",
      "medianame": "카카오톡",
      "category": "일상대화",
      "date": "2021-10-05",
      "size": 415,
      "annotations": {
        "subject": "회사/아르바이트",
        "speaker_type": "1:1",
        "size": 415,
        "word_size": 142,
        "text": "1 : 어릴 때부터 스펙을 좀 쌓아 놓을 껄 ㅠㅠ 이제 후회된다\n2 : 나도 글타 ㅜㅜ  왜 이렇게 사는지 걱정이다\n1 : 그래도 일하고 있잖아 ㅠㅠ\n2 : ㅠㅠ 평생 여기 있을 수는 없잖아\n1 : 그래두 자본금 만들어서 나오면 뭐라도 할 수 있지 않아?\n2 : 나도 나중에 치킨 장사 하는 거 아니가?\n1 : 와... 치킨 장사 하는 거는 쫌 부러운 건데?\n2 : 그 치킨 내가 다 먹을까봐 문제다\n1 : 키키 미친 내가 다 먹으면 안 되겠나\n2 : 키키 가게 말고 집에서 닭 튀겨야겠다\n1 : 키키 집에서 닭 튀겨서 팔 거가?\n2 : 아니 내 다 먹을 꺼다 키키\n1 : ... 할 말을 잃었다... 돼지야?\n2 : 키키 튀겨서 너도 좀 나눠줄깨\n1 : 키키 어이없노 내가 치킨집을 할께 오빠야가 주방으로 들어온낭\n2 : 오 키키 좋타 키키 먹어도 뭐라 안 할 거가?",
        "lines": [
          {
            "id": 1,
            "text": "1 : 어릴 때부터 스펙을 좀 쌓아 놓을 껄 ㅠㅠ 이제 후회된다",
            "norm_text": "어릴 때부터 스펙을 좀 쌓아 놓을 껄 ㅠㅠ 이제 후회된다",
            "speaker": {
              "id": "1번",
              "sex": "여성",
              "age": "20대"
            },
            "speechAct": "(단언) 주장하기",
            "morpheme": "어릴/VA+ETM+때/NNG+부터/JX+스펙/NNP+을/JKO+좀/MAG+쌓/VV+아/EC+놓/VX+을껄/EF+ㅠㅠ/UNKNOWN+이제/MAG+후회/NNG+된다/XSV+EC"
          },
          {
            "id": 2,
            "text": "2 : 나도 글타 ㅜㅜ  왜 이렇게 사는지 걱정이다",
            "norm_text": "나도 글타 ㅜㅜ  왜 이렇게 사는지 걱정이다",
            "speaker": {
              "id": "2번",
              "sex": "남성",
              "age": "20대"
            },
            "speechAct": "(단언) 주장하기",
            "morpheme": "나/NP+도/JX+글/NNG+타/XSV+EC+ㅜㅜ/UNKNOWN+왜/MAG+이렇게/MAG+사/VV+는지/EC+걱정/NNG+이/VCP+다/EC"
          },
          {
            "id": 3,
            "text": "1 : 그래도 일하고 있잖아 ㅠㅠ",
            "norm_text": "그래도 일하고 있잖아 ㅠㅠ",
            "speaker": {
              "id": "1번",
              "sex": "여성",
              "age": "20대"
            },
            "speechAct": "(단언) 주장하기",
            "morpheme": "그래도/MAJ+일/NNG+하/XSV+고/EC+있/VX+잖아/EF+ㅠㅠ/UNKNOWN"
          },
          {
            "id": 4,
            "text": "2 : ㅠㅠ 평생 여기 있을 수는 없잖아",
            "norm_text": "ㅠㅠ 평생 여기 있을 수는 없잖아",
            "speaker": {
              "id": "2번",
              "sex": "남성",
              "age": "20대"
            },
            "speechAct": "(단언) 주장하기",
            "morpheme": "ㅠㅠ/UNKNOWN+평생/NNG+여기/NP+있/VV+을/ETM+수/NNB+는/JX+없/VA+잖아/EC"
          },
          {
            "id": 5,
            "text": "1 : 그래두 자본금 만들어서 나오면 뭐라도 할 수 있지 않아?",
            "norm_text": "그래두 자본금 만들어서 나오면 뭐라도 할 수 있지 않아?",
            "speaker": {
              "id": "1번",
              "sex": "여성",
              "age": "20대"
            },
            "speechAct": "(지시) 질문하기",
            "morpheme": "그래두/MAJ+자본금/NNG+만들/VV+어서/EC+나오/VV+면/EC+뭐/NP+라도/VCP+EC+할/VX+ETM+수/NNB+있/VV+지/EC+않/VX+아/EF"
          },
          {
            "id": 6,
            "text": "2 : 나도 나중에 치킨 장사 하는 거 아니가?",
            "norm_text": "나도 나중에 치킨 장사 하는 거 아니가?",
            "speaker": {
              "id": "2번",
              "sex": "남성",
              "age": "20대"
            },
            "speechAct": "(단언) 주장하기",
            "morpheme": "나/NP+도/JX+나중/NNG+에/JKB+치킨/VV+ETM+장사/NNG+하/XSV+는/ETM+거/NNB+아니/VCN+가/EF"
          },
          {
            "id": 7,
            "text": "1 : 와... 치킨 장사 하는 거는 쫌 부러운 건데?",
            "norm_text": "와... 치킨 장사 하는 거는 쫌 부러운 건데?",
            "speaker": {
              "id": "1번",
              "sex": "여성",
              "age": "20대"
            },
            "speechAct": "(단언) 주장하기",
            "morpheme": "와/IC+./SY+치킨/VV+ETM+장사/NNG+하/XSV+는/ETM+거/NNB+는/JX+쫌/MAG+부러운/VA+ETM+건데/NNB+VCP+EF"
          },
          {
            "id": 8,
            "text": "2 : 그 치킨 내가 다 먹을까봐 문제다",
            "norm_text": "그 치킨 내가 다 먹을까봐 문제다",
            "speaker": {
              "id": "2번",
              "sex": "남성",
              "age": "20대"
            },
            "speechAct": "(단언) 주장하기",
            "morpheme": "그/MM+치킨/NNG+내/NP+가/JKS+다/MAG+먹/VV+을까/EC+봐/VX+EF+문제/NNG+다/VCP+EC"
          },
          {
            "id": 9,
            "text": "1 : 키키 미친 내가 다 먹으면 안 되겠나",
            "norm_text": "키키 미친 내가 다 먹으면 안 되겠나",
            "speaker": {
              "id": "1번",
              "sex": "여성",
              "age": "20대"
            },
            "speechAct": "(단언) 주장하기",
            "morpheme": "키/NNG+키/XSV+ETN+미친/VV+ETM+내/NP+가/JKS+다/MAG+먹/VV+으면/EC+안/MAG+되/VV+겠/EP+나/EC"
          },
          {
            "id": 10,
            "text": "2 : 키키 가게 말고 집에서 닭 튀겨야겠다",
            "norm_text": "키키 가게 말고 집에서 닭 튀겨야겠다",
            "speaker": {
              "id": "2번",
              "sex": "남성",
              "age": "20대"
            },
            "speechAct": "(단언) 주장하기",
            "morpheme": "키/NNG+키/XSV+ETN+가/VV+게/EC+말/VX+고/EC+집/NNG+에서/JKB+닭/NNG+튀겨야/VV+EC+겠다/VX+EP+EC"
          },
          {
            "id": 11,
            "text": "1 : 키키 집에서 닭 튀겨서 팔 거가?",
            "norm_text": "키키 집에서 닭 튀겨서 팔 거가?",
            "speaker": {
              "id": "1번",
              "sex": "여성",
              "age": "20대"
            },
            "speechAct": "(지시) 질문하기",
            "morpheme": "키/NNG+키/NNG+집/NNG+에서/JKB+닭/NNG+튀겨서/VV+EC+팔/VV+ETM+거/NNB+가/JKS"
          },
          {
            "id": 12,
            "text": "2 : 아니 내 다 먹을 꺼다 키키",
            "norm_text": "아니 내 다 먹을 꺼다 키키",
            "speaker": {
              "id": "2번",
              "sex": "남성",
              "age": "20대"
            },
            "speechAct": "(단언) 주장하기",
            "morpheme": "아니/IC+내/NP+다/JX+먹/NNG+을/JKO+꺼/VV+EC+다키키/NNP"
          },
          {
            "id": 13,
            "text": "1 : ... 할 말을 잃었다... 돼지야?",
            "norm_text": "... 할 말을 잃었다... 돼지야?",
            "speaker": {
              "id": "1번",
              "sex": "여성",
              "age": "20대"
            },
            "speechAct": "(단언) 주장하기",
            "morpheme": "./SY+./SY+할/VV+ETM+말/NNG+을/JKO+잃/VV+었/EP+다/EF+./SY+돼지/NNG+야/VCP+EF"
          },
          {
            "id": 14,
            "text": "2 : 키키 튀겨서 너도 좀 나눠줄깨",
            "norm_text": "키키 튀겨서 너도 좀 나눠줄깨",
            "speaker": {
              "id": "2번",
              "sex": "남성",
              "age": "20대"
            },
            "speechAct": "(단언) 주장하기",
            "morpheme": "키/NNG+키/XSV+ETN+튀겨서/VV+EC+너/NP+도/JX+좀/MAG+나눠/VV+EC+줄/VX+ETM+깨/NNG"
          },
          {
            "id": 15,
            "text": "1 : 키키 어이없노 내가 치킨집을 할께 오빠야가 주방으로 들어온낭",
            "norm_text": "키키 어이없노 내가 치킨집을 할께 오빠야가 주방으로 들어온낭",
            "speaker": {
              "id": "1번",
              "sex": "여성",
              "age": "20대"
            },
            "speechAct": "(지시) 충고/제안하기",
            "morpheme": "키/NNG+키/XSV+ETN+어이없/VA+노/EC+내/NP+가/JKS+치킨/VV+ETM+집/NNG+을/JKO+할께/VV+EF+오빠/NNG+야/VCP+EF+가/JKS+주방/NNG+으로/JKB+들어온/VV+ETM+낭/NNG"
          },
          {
            "id": 16,
            "text": "2 : 오 키키 좋타 키키 먹어도 뭐라 안 할 거가?",
            "norm_text": "오 키키 좋타 키키 먹어도 뭐라 안 할 거가?",
            "speaker": {
              "id": "2번",
              "sex": "남성",
              "age": "20대"
            },
            "speechAct": "(지시) 질문하기",
            "morpheme": "오키/NNP+키/NNG+좋/VA+타키/NNP+키/NNG+먹/VV+어도/EC+뭐/NP+라/VCP+EC+안/MAG+할/VV+ETM+거/NNB+가/JKS"
          }
        ]
      }
    }
  ]
}