{
  "dataset": {
    "identifier": 44656,
    "name": "KAKAO_910_14_set",
    "src_path": "/data/file/cubeManager/PROJECT001/53/txt20211005154828075934/KAKAO_910_14_set/",
    "label_path": "/data/file/cubeManager/PROJECT001/53/txt20211005154828075934/KAKAO_910_14_set/",
    "category": 2,
    "type": 0
  },
  "licenses": {
    "name": "Apache License 1.0",
    "url": "http://www.apache.org/licenses/LICENSE-1.0"
  },
  "info": [
    {
      "id": 41691,
      "filename": "KAKAO_910_14.txt",
      "title": "KAKAO_910_14",
      "mediatype": "SNS",
      "medianame": "카카오톡",
      "category": "일상대화",
      "date": "2021-10-05",
      "size": 886,
      "annotations": {
        "subject": "사회이슈",
        "speaker_type": "다자간 대화",
        "size": 886,
        "word_size": 274,
        "text": "1 : 아 코로나 때문에 온 세계가 난리 난 것도 이제 벌써 1년도 훌쩍 넘었어요!\n2 : 백신만 맞으면 끝날 줄 알았는데 아직까지 마스크 쓰고 다녀야 하다니...\n3 : 맞아요 코로나는 대체 언제 끝나는 거예요?\n1 : 아이들이 학교를 제대로 못 가고 마스크 쓰고 가는 게 제일 안타까워요\n2 : 맞아요 우리 조카는 마스크 안 쓰고 다녔던 게 생각이 안 난대요\n2 : 마스크 벗으면 어색할 것 같다고...\n3 : 정말 마스크 안 쓰고 다녔던 게 전생 같아요!\n1 : 저는 원래 외국에 취업해서 가려고 했는데 못 가게 됐잖아요\n2 : 어머 어떡해요 그래도 우리랑 같이 있으니까 저는 좋은데...\n2 : 안 가셨으면 좋겠어요\n3 : 저두요! 그러고 보니 코로나가 좋은 거 하나 선물해줬네요!\n1 : 이제는 강아지 데려와서 못 가게 됐죠 뭐\n2 : 저 며칠 전에 백신 맞았는데 죽은 사람들도 있어서 좀 쫄았지 뭐예요\n3 : 저두요 젊은 사람일수록 아프다고 해서 좀 얼었어요\n1 : 전 1차는 좀 힘들었는데 2차는 괜찮더라구요\n1 : 두 번 다 맞았으니 마스크 벗고 싶어요\n2 : 마스크 안 쓴 세상이 그리워요\n3 : 저두요 사람들 얼굴을 제대로 보고 얘기했으면 좋겠어요\n1 : 화장 안 해도 되는 건 편하지만 그래도 벗고 편하게 사람들 만나고 싶어요\n2 : 마스크 안 쓴 사람이 있으면 저도 모르게 인상 쓰는데 사람들끼리 그러는 게 씁쓸해요\n3 : 맞아요 마스크 안 쓴 사람 있으면 멀리 피하죠\n1 : 사람들이 서로 피하게 된 게 가장 슬프더라구요\n2 : 맞아요 이런 세상은 정말 상상도 못했어요\n3 : 아이들이 제일 불쌍한 것 같아요\n1 : 학교를 못 간다니 너무 안타까워요\n1 : 빨리 코로나가 끝났으면 좋겠어요\n2 : 맞아요 아이들끼리 신나게 뛰어 놀아야 하는데 말이죠\n3 : 저도 개강 했는데 학교 못 가고 온라인으로 수업 해요",
        "lines": [
          {
            "id": 1,
            "text": "1 : 아 코로나 때문에 온 세계가 난리 난 것도 이제 벌써 1년도 훌쩍 넘었어요!",
            "norm_text": "아 코로나 때문에 온 세계가 난리 난 것도 이제 벌써 1년도 훌쩍 넘었어요!",
            "speaker": {
              "id": "1번",
              "sex": "여성",
              "age": "30대"
            },
            "speechAct": "(단언) 진술하기",
            "morpheme": "아/IC+코로나/NNG+때문/NNB+에/JKB+온/VV+ETM+세계/NNG+가/JKS+난리난/VV+ETM+것/NNB+도/JX+이제/MAG+벌써/MAG+1/SN+년/NNBC+도/JX+훌쩍/MAG+넘/VV+었/EP+어요/EF"
          },
          {
            "id": 2,
            "text": "2 : 백신만 맞으면 끝날 줄 알았는데 아직까지 마스크 쓰고 다녀야 하다니...",
            "norm_text": "백신만 맞으면 끝날 줄 알았는데 아직까지 마스크 쓰고 다녀야 하다니...",
            "speaker": {
              "id": "2번",
              "sex": "여성",
              "age": "40대"
            },
            "speechAct": "(단언) 주장하기",
            "morpheme": "백신/NNG+만/JX+맞/VV+으면/EC+끝날/VV+ETM+줄/NNB+알/VV+았/EP+는데/EC+아직/MAG+까지/JX+마스크/NNG+쓰/VV+고/EC+다녀야/VV+EC+하/VX+다니/EF+./SY"
          },
          {
            "id": 3,
            "text": "3 : 맞아요 코로나는 대체 언제 끝나는 거예요?",
            "norm_text": "맞아요 코로나는 대체 언제 끝나는 거예요?",
            "speaker": {
              "id": "3번",
              "sex": "여성",
              "age": "10대"
            },
            "speechAct": "(단언) 주장하기",
            "morpheme": "맞/VV+아요/EF+코로나/NNG+는/JX+대체/MAG+언제/MAG+끝나/VV+는/ETM+거/NNB+예요/VCP+EF"
          },
          {
            "id": 4,
            "text": "1 : 아이들이 학교를 제대로 못 가고 마스크 쓰고 가는 게 제일 안타까워요",
            "norm_text": "아이들이 학교를 제대로 못 가고 마스크 쓰고 가는 게 제일 안타까워요",
            "speaker": {
              "id": "1번",
              "sex": "여성",
              "age": "30대"
            },
            "speechAct": "(단언) 주장하기",
            "morpheme": "아이/NNG+들/XSN+이/JKS+학교/NNG+를/JKO+제대로/MAG+못/MAG+가/VV+고/EC+마스크/NNG+쓰/VV+고/EC+가/VX+는/ETM+게/NNB+JKS+제일/MAG+안타까워/VA+EC+요/JX"
          },
          {
            "id": 5,
            "text": "2 : 맞아요 우리 조카는 마스크 안 쓰고 다녔던 게 생각이 안 난대요",
            "norm_text": "맞아요 우리 조카는 마스크 안 쓰고 다녔던 게 생각이 안 난대요",
            "speaker": {
              "id": "2번",
              "sex": "여성",
              "age": "40대"
            },
            "speechAct": "(단언) 진술하기",
            "morpheme": "맞/VV+아요/EF+우리/NP+조카/NNG+는/JX+마스크/NNG+안/MAG+쓰/VV+고/EC+다녔/VV+EP+던/ETM+게/NNB+JKS+생각/NNG+이/JKS+안/MAG+난대요/VV+EF"
          },
          {
            "id": 6,
            "text": "2 : 마스크 벗으면 어색할 것 같다고...",
            "norm_text": "마스크 벗으면 어색할 것 같다고...",
            "speaker": {
              "id": "2번",
              "sex": "여성",
              "age": "40대"
            },
            "speechAct": "(단언) 진술하기",
            "morpheme": "마스크/NNG+벗/VV+으면/EC+어색/XR+할/XSA+ETM+것/NNB+같/VA+다고/EC+./SY+./SY"
          },
          {
            "id": 7,
            "text": "3 : 정말 마스크 안 쓰고 다녔던 게 전생 같아요!",
            "norm_text": "정말 마스크 안 쓰고 다녔던 게 전생 같아요!",
            "speaker": {
              "id": "3번",
              "sex": "여성",
              "age": "10대"
            },
            "speechAct": "(단언) 주장하기",
            "morpheme": "정말/MAG+마스크/NNG+안/MAG+쓰/VV+고/EC+다녔/VV+EP+던/ETM+게/NNB+JKS+전생/NNG+같/VA+아요/EF"
          },
          {
            "id": 8,
            "text": "1 : 저는 원래 외국에 취업해서 가려고 했는데 못 가게 됐잖아요",
            "norm_text": "저는 원래 외국에 취업해서 가려고 했는데 못 가게 됐잖아요",
            "speaker": {
              "id": "1번",
              "sex": "여성",
              "age": "30대"
            },
            "speechAct": "(단언) 주장하기",
            "morpheme": "저/NP+는/JX+원래/MAG+외국/NNG+에/JKB+취업/NNG+해서/XSV+EC+가/VX+려고/EC+했/VX+EP+는데/EC+못/MAG+가/VV+게/EC+됐/VV+EP+잖아요/EC"
          },
          {
            "id": 9,
            "text": "2 : 어머 어떡해요 그래도 우리랑 같이 있으니까 저는 좋은데...",
            "norm_text": "어머 어떡해요 그래도 우리랑 같이 있으니까 저는 좋은데...",
            "speaker": {
              "id": "2번",
              "sex": "여성",
              "age": "40대"
            },
            "speechAct": "(단언) 주장하기",
            "morpheme": "어머/IC+어떡/XR+해요/XSA+EF+그래도/MAJ+우리/NP+랑/JKB+같이/MAG+있/VV+으니까/EC+저/NP+는/JX+좋/VA+은데/EF+./SY"
          },
          {
            "id": 10,
            "text": "2 : 안 가셨으면 좋겠어요",
            "norm_text": "안 가셨으면 좋겠어요",
            "speaker": {
              "id": "2번",
              "sex": "여성",
              "age": "40대"
            },
            "speechAct": "(단언) 주장하기",
            "morpheme": "안/MAG+가셨으면/VV+EP+EC+좋/VA+겠/EP+어요/EF"
          },
          {
            "id": 11,
            "text": "3 : 저두요! 그러고 보니 코로나가 좋은 거 하나 선물해줬네요!",
            "norm_text": "저두요! 그러고 보니 코로나가 좋은 거 하나 선물해줬네요!",
            "speaker": {
              "id": "3번",
              "sex": "여성",
              "age": "10대"
            },
            "speechAct": "(단언) 주장하기",
            "morpheme": "저/NP+두/JX+요/JX+그러/VV+고/EC+보/VX+니/EC+코로나/NNG+가/JKS+좋/VA+은/ETM+거/NNB+하나/NR+선물/NNG+해/XSV+EC+줬/VX+EP+네요/EF"
          },
          {
            "id": 12,
            "text": "1 : 이제는 강아지 데려와서 못 가게 됐죠 뭐",
            "norm_text": "이제는 강아지 데려와서 못 가게 됐죠 뭐",
            "speaker": {
              "id": "1번",
              "sex": "여성",
              "age": "30대"
            },
            "speechAct": "(단언) 주장하기",
            "morpheme": "이제/NNG+는/JX+강아지/NNG+데려와서/VV+EC+못/MAG+가/VV+게/EC+됐/VV+EP+죠/EF+뭐/IC"
          },
          {
            "id": 13,
            "text": "2 : 저 며칠 전에 백신 맞았는데 죽은 사람들도 있어서 좀 쫄았지 뭐예요",
            "norm_text": "저 며칠 전에 백신 맞았는데 죽은 사람들도 있어서 좀 쫄았지 뭐예요",
            "speaker": {
              "id": "2번",
              "sex": "여성",
              "age": "40대"
            },
            "speechAct": "(단언) 주장하기",
            "morpheme": "저/MM+며칠/NNG+전/NNG+에/JKB+백신/NNG+맞/VV+았/EP+는데/EC+죽/VV+은/ETM+사람/NNG+들/XSN+도/JX+있/VA+어서/EC+좀/MAG+쫄/VV+았/EP+지/EF+뭐/NP+예요/VCP+EF"
          },
          {
            "id": 14,
            "text": "3 : 저두요 젊은 사람일수록 아프다고 해서 좀 얼었어요",
            "norm_text": "저두요 젊은 사람일수록 아프다고 해서 좀 얼었어요",
            "speaker": {
              "id": "3번",
              "sex": "여성",
              "age": "10대"
            },
            "speechAct": "(단언) 주장하기",
            "morpheme": "저/NP+두/JX+요/JX+젊/VA+은/ETM+사람/NNG+일수록/VCP+EC+아프/VA+다고/EC+해서/VV+EC+좀/MAG+얼/VV+었/EP+어요/EF"
          },
          {
            "id": 15,
            "text": "1 : 전 1차는 좀 힘들었는데 2차는 괜찮더라구요",
            "norm_text": "전 1차는 좀 힘들었는데 2차는 괜찮더라구요",
            "speaker": {
              "id": "1번",
              "sex": "여성",
              "age": "30대"
            },
            "speechAct": "(단언) 주장하기",
            "morpheme": "전/MM+1/SN+차/NNBC+는/JX+좀/MAG+힘들/VA+었/EP+는데/EC+2/SN+차/NNBC+는/JX+괜찮/VA+더라구요/EC"
          },
          {
            "id": 16,
            "text": "1 : 두 번 다 맞았으니 마스크 벗고 싶어요",
            "norm_text": "두 번 다 맞았으니 마스크 벗고 싶어요",
            "speaker": {
              "id": "1번",
              "sex": "여성",
              "age": "30대"
            },
            "speechAct": "(단언) 주장하기",
            "morpheme": "두/MM+번/NNBC+다/MAG+맞/VV+았/EP+으니/EC+마스크/NNG+벗/VV+고/EC+싶/VX+어요/EF"
          },
          {
            "id": 17,
            "text": "2 : 마스크 안 쓴 세상이 그리워요",
            "norm_text": "마스크 안 쓴 세상이 그리워요",
            "speaker": {
              "id": "2번",
              "sex": "여성",
              "age": "40대"
            },
            "speechAct": "(단언) 주장하기",
            "morpheme": "마스크/IC+안/MAG+쓴/VV+ETM+세상/NNG+이/JKS+그리워/VA+EC+요/JX"
          },
          {
            "id": 18,
            "text": "3 : 저두요 사람들 얼굴을 제대로 보고 얘기했으면 좋겠어요",
            "norm_text": "저두요 사람들 얼굴을 제대로 보고 얘기했으면 좋겠어요",
            "speaker": {
              "id": "3번",
              "sex": "여성",
              "age": "10대"
            },
            "speechAct": "(단언) 주장하기",
            "morpheme": "저/MM+두요/NNG+사람/NNG+들/XSN+얼굴/NNG+을/JKO+제대로/MAG+보/VV+고/EC+얘기/NNG+했/XSV+EP+으면/EC+좋/VA+겠/EP+어요/EF"
          },
          {
            "id": 19,
            "text": "1 : 화장 안 해도 되는 건 편하지만 그래도 벗고 편하게 사람들 만나고 싶어요",
            "norm_text": "화장 안 해도 되는 건 편하지만 그래도 벗고 편하게 사람들 만나고 싶어요",
            "speaker": {
              "id": "1번",
              "sex": "여성",
              "age": "30대"
            },
            "speechAct": "(단언) 주장하기",
            "morpheme": "화장/NNG+안/MAG+해도/VV+EC+되/VV+는/ETM+건/NNB+JX+편하/VA+지만/EC+그래도/VV+EC+벗/VV+고/EC+편하/VA+게/EC+사람/NNG+들/XSN+만나/VV+고/EC+싶/VX+어요/EF"
          },
          {
            "id": 20,
            "text": "2 : 마스크 안 쓴 사람이 있으면 저도 모르게 인상 쓰는데 사람들끼리 그러는 게 씁쓸해요",
            "norm_text": "마스크 안 쓴 사람이 있으면 저도 모르게 인상 쓰는데 사람들끼리 그러는 게 씁쓸해요",
            "speaker": {
              "id": "2번",
              "sex": "여성",
              "age": "40대"
            },
            "speechAct": "(단언) 주장하기",
            "morpheme": "마스크/IC+안/MAG+쓴/VV+ETM+사람/NNG+이/JKS+있/VV+으면/EC+저/NP+도/JX+모르/VV+게/EC+인상/NNG+쓰/VV+는데/EC+사람/NNG+들/XSN+끼리/XSN+그러/VV+는/ETM+게/NNB+JKS+씁쓸/XR+해요/XSA+EC"
          },
          {
            "id": 21,
            "text": "3 : 맞아요 마스크 안 쓴 사람 있으면 멀리 피하죠",
            "norm_text": "맞아요 마스크 안 쓴 사람 있으면 멀리 피하죠",
            "speaker": {
              "id": "3번",
              "sex": "여성",
              "age": "10대"
            },
            "speechAct": "(단언) 주장하기",
            "morpheme": "맞/VV+아요/EF+마스크/IC+안/MAG+쓴/VV+ETM+사람/NNG+있/VV+으면/EC+멀리/MAG+피하/VV+죠/EC"
          },
          {
            "id": 22,
            "text": "1 : 사람들이 서로 피하게 된 게 가장 슬프더라구요",
            "norm_text": "사람들이 서로 피하게 된 게 가장 슬프더라구요",
            "speaker": {
              "id": "1번",
              "sex": "여성",
              "age": "30대"
            },
            "speechAct": "(단언) 주장하기",
            "morpheme": "사람/NNG+들/XSN+이/JKS+서로/MAG+피하/VV+게/EC+된/VV+ETM+게/NNB+JKS+가장/MAG+슬프/VA+더라구요/EC"
          },
          {
            "id": 23,
            "text": "2 : 맞아요 이런 세상은 정말 상상도 못했어요",
            "norm_text": "맞아요 이런 세상은 정말 상상도 못했어요",
            "speaker": {
              "id": "2번",
              "sex": "여성",
              "age": "40대"
            },
            "speechAct": "(단언) 주장하기",
            "morpheme": "맞/VV+아요/EF+이런/MM+세상/NNG+은/JX+정말/MAG+상상/NNG+도/JX+못/MAG+했/VV+EP+어요/EF"
          },
          {
            "id": 24,
            "text": "3 : 아이들이 제일 불쌍한 것 같아요",
            "norm_text": "아이들이 제일 불쌍한 것 같아요",
            "speaker": {
              "id": "3번",
              "sex": "여성",
              "age": "10대"
            },
            "speechAct": "(단언) 주장하기",
            "morpheme": "아이/NNG+들/XSN+이/JKS+제일/MAG+불쌍/XR+한/XSA+ETM+것/NNB+같/VA+아요/EC"
          },
          {
            "id": 25,
            "text": "1 : 학교를 못 간다니 너무 안타까워요",
            "norm_text": "학교를 못 간다니 너무 안타까워요",
            "speaker": {
              "id": "1번",
              "sex": "여성",
              "age": "30대"
            },
            "speechAct": "(단언) 주장하기",
            "morpheme": "학교/NNG+를/JKO+못/MAG+간다니/VV+EC+너무/MAG+안타까워/VA+EC+요/JX"
          },
          {
            "id": 26,
            "text": "1 : 빨리 코로나가 끝났으면 좋겠어요",
            "norm_text": "빨리 코로나가 끝났으면 좋겠어요",
            "speaker": {
              "id": "1번",
              "sex": "여성",
              "age": "30대"
            },
            "speechAct": "(단언) 주장하기",
            "morpheme": "빨리/MAG+코로나/NNG+가/JKS+끝났으면/VV+EP+EC+좋/VA+겠/EP+어요/EF"
          },
          {
            "id": 27,
            "text": "2 : 맞아요 아이들끼리 신나게 뛰어 놀아야 하는데 말이죠",
            "norm_text": "맞아요 아이들끼리 신나게 뛰어 놀아야 하는데 말이죠",
            "speaker": {
              "id": "2번",
              "sex": "여성",
              "age": "40대"
            },
            "speechAct": "(단언) 주장하기",
            "morpheme": "맞/VV+아요/EF+아이/NNG+들/XSN+끼리/XSN+신나/VV+게/EC+뛰어놀/VV+아야/EC+하/VV+는데/EC+말/NNG+이/VCP+죠/EF"
          },
          {
            "id": 28,
            "text": "3 : 저도 개강 했는데 학교 못 가고 온라인으로 수업 해요",
            "norm_text": "저도 개강 했는데 학교 못 가고 온라인으로 수업 해요",
            "speaker": {
              "id": "3번",
              "sex": "여성",
              "age": "10대"
            },
            "speechAct": "(단언) 진술하기",
            "morpheme": "저/NP+도/JX+개강/NNG+했/XSV+EP+는데/EC+학교/NNG+못/MAG+가/VV+고/EC+온라인/NNG+으로/JKB+수업/NNG+해요/XSV+EC"
          }
        ]
      }
    }
  ]
}