{
  "dataset": {
    "identifier": 49437,
    "name": "KAKAO_953_07_set",
    "src_path": "/data/file/cubeManager/PROJECT001/53/txt20211005163741099557/KAKAO_953_07_set/",
    "label_path": "/data/file/cubeManager/PROJECT001/53/txt20211005163741099557/KAKAO_953_07_set/",
    "category": 2,
    "type": 0
  },
  "licenses": {
    "name": "Apache License 1.0",
    "url": "http://www.apache.org/licenses/LICENSE-1.0"
  },
  "info": [
    {
      "id": 42705,
      "filename": "KAKAO_953_07.txt",
      "title": "KAKAO_953_07",
      "mediatype": "SNS",
      "medianame": "카카오톡",
      "category": "일상대화",
      "date": "2021-10-05",
      "size": 432,
      "annotations": {
        "subject": "가족",
        "speaker_type": "1:1",
        "size": 432,
        "word_size": 137,
        "text": "1 : 얌 결혼하니까 가족 너무 소중하지\n2 : 가족... 가좆일까... 가족일까 하하하\n1 : 넌 엄마가 좋냐 아기가 좋냐 키키\n2 : 어머 내가 뭐라고 그런 거니\n1 : 키키 엄마냐 아기냐 **의 선택은\n2 : 난 엄마가 좋아 아기보다 울 엄마가 좋아\n1 : 와 대박 우리 엄마는 할머니 보다 내가 좋데\n2 : 엄마가 있어서 내가 있고 울 애기가 있는 거지...\n1 : 아 내 앞이라서 그런 거구나\n2 : 웅 엄마가 있음으로 울 강아지가 생긴 거니까\n1 : 키키 맞넹 키키 맞다 엄마 너무 좋아..\n2 : 여튼 결과를 보면 울애기\u003e엄마 인고지... 울 애기는 암도 못 이겨\n1 : 엄마 없으면 우찌 살꼬...\n2 : 엄마... 잘하자 살아 계실 때... 눈물 나네\n1 : 나 자식도 없어서 엄마 없으면 못 살 듯...\n2 : 그건 또 다르다야... 애기 생기면은... 엄마에 대한 생각도 바뀌지만",
        "lines": [
          {
            "id": 1,
            "text": "1 : 얌 결혼하니까 가족 너무 소중하지",
            "norm_text": "얌 결혼하니까 가족 너무 소중하지",
            "speaker": {
              "id": "1번",
              "sex": "여성",
              "age": "30대"
            },
            "speechAct": "(지시) 질문하기",
            "morpheme": "얌/NNP+결혼/NNG+하/XSV+니까/EC+가족/NNG+너무/MAG+소중/XR+하/XSA+지/EC"
          },
          {
            "id": 2,
            "text": "2 : 가족... 가좆일까... 가족일까 하하하",
            "norm_text": "가족... 가좆일까... 가족일까 하하하",
            "speaker": {
              "id": "2번",
              "sex": "여성",
              "age": "20대"
            },
            "speechAct": "(단언) 주장하기",
            "morpheme": "가족/NNG+./SY+./SY+가/JKS+좆/NNG+일까/VCP+EF+./SY+가족/NNG+일까/VCP+EC+하하하/MAG"
          },
          {
            "id": 3,
            "text": "1 : 넌 엄마가 좋냐 아기가 좋냐 키키",
            "norm_text": "넌 엄마가 좋냐 아기가 좋냐 키키",
            "speaker": {
              "id": "1번",
              "sex": "여성",
              "age": "30대"
            },
            "speechAct": "(지시) 질문하기",
            "morpheme": "넌/NP+JX+엄마/NNG+가/JKS+좋/VA+냐/EC+아기/NNG+가/JKS+좋/VA+냐/EC+키/NNG+키/XSV+ETN"
          },
          {
            "id": 4,
            "text": "2 : 어머 내가 뭐라고 그런 거니",
            "norm_text": "어머 내가 뭐라고 그런 거니",
            "speaker": {
              "id": "2번",
              "sex": "여성",
              "age": "20대"
            },
            "speechAct": "(단언) 주장하기",
            "morpheme": "어머/IC+내/NP+가/JKS+뭐/NP+라고/VCP+EC+그런/MM+거/NNB+니/VCP+EC"
          },
          {
            "id": 5,
            "text": "1 : 키키 엄마냐 아기냐 **의 선택은",
            "norm_text": "키키 엄마냐 아기냐 **의 선택은",
            "speaker": {
              "id": "1번",
              "sex": "여성",
              "age": "30대"
            },
            "speechAct": "(지시) 질문하기",
            "morpheme": "키키엄마냐아기냐/UNKNOWN+*/SY+*/SY+의/JKG+선택/NNG+은/JX"
          },
          {
            "id": 6,
            "text": "2 : 난 엄마가 좋아 아기보다 울 엄마가 좋아",
            "norm_text": "난 엄마가 좋아 아기보다 울 엄마가 좋아",
            "speaker": {
              "id": "2번",
              "sex": "여성",
              "age": "20대"
            },
            "speechAct": "(단언) 주장하기",
            "morpheme": "난/NP+JX+엄마/NNG+가/JKS+좋/VA+아/EC+아기/NNG+보다/JKB+울엄마/NNP+가/JKS+좋/VA+아/EC"
          },
          {
            "id": 7,
            "text": "1 : 와 대박 우리 엄마는 할머니 보다 내가 좋데",
            "norm_text": "와 대박 우리 엄마는 할머니 보다 내가 좋데",
            "speaker": {
              "id": "1번",
              "sex": "여성",
              "age": "30대"
            },
            "speechAct": "(단언) 주장하기",
            "morpheme": "와/IC+대박/NNG+우리/NP+엄마/NNG+는/JX+할머니/NNG+보다/JKB+내/NP+가/JKS+좋/VA+데/EC"
          },
          {
            "id": 8,
            "text": "2 : 엄마가 있어서 내가 있고 울 애기가 있는 거지...",
            "norm_text": "엄마가 있어서 내가 있고 울 애기가 있는 거지...",
            "speaker": {
              "id": "2번",
              "sex": "여성",
              "age": "20대"
            },
            "speechAct": "(단언) 주장하기",
            "morpheme": "엄마/NNG+가/JKS+있/VA+어서/EC+내/NP+가/JKS+있/VA+고/EC+울/VV+ETM+애기/NNG+가/JKS+있/VA+는/ETM+거/NNB+지/VCP+EF+./SY"
          },
          {
            "id": 9,
            "text": "1 : 아 내 앞이라서 그런 거구나",
            "norm_text": "아 내 앞이라서 그런 거구나",
            "speaker": {
              "id": "1번",
              "sex": "여성",
              "age": "30대"
            },
            "speechAct": "(단언) 주장하기",
            "morpheme": "아/IC+내앞이/NP+JKG+NNG+VCP+라서/EC+그런/MM+거/NNB+구나/VCP+EC"
          },
          {
            "id": 10,
            "text": "2 : 웅 엄마가 있음으로 울 강아지가 생긴 거니까",
            "norm_text": "웅 엄마가 있음으로 울 강아지가 생긴 거니까",
            "speaker": {
              "id": "2번",
              "sex": "여성",
              "age": "20대"
            },
            "speechAct": "(단언) 주장하기",
            "morpheme": "웅/IC+엄마/NNG+가/JKS+있/VV+음/ETN+으로/JKB+울/VV+ETM+강아지/NNG+가/JKS+생긴/VV+ETM+거/NNB+니까/VCP+EC"
          },
          {
            "id": 11,
            "text": "1 : 키키 맞넹 키키 맞다 엄마 너무 좋아..",
            "norm_text": "키키 맞넹 키키 맞다 엄마 너무 좋아..",
            "speaker": {
              "id": "1번",
              "sex": "여성",
              "age": "30대"
            },
            "speechAct": "(단언) 주장하기",
            "morpheme": "키/NNG+키/XSV+ETN+맞넹/UNKNOWN+키/NNG+키/XSV+ETN+맞/VV+다/EC+엄마/NNG+너무/MAG+좋/VA+아/EC+./SY"
          },
          {
            "id": 12,
            "text": "2 : 여튼 결과를 보면 울애기\u003e엄마 인고지... 울 애기는 암도 못 이겨",
            "norm_text": "여튼 결과를 보면 울애기\u003e엄마 인고지... 울 애기는 암도 못 이겨",
            "speaker": {
              "id": "2번",
              "sex": "여성",
              "age": "20대"
            },
            "speechAct": "(단언) 주장하기",
            "morpheme": "여/NP+튼/VV+ETM+결과/NNG+를/JKO+보/VV+면/EC+울/VV+ETM+애기/NNG+\u003e/SY+엄마/NNG+인고/NNG+지/VCP+EF+./SY+울/VV+ETM+애기/NNG+는/JX+암/NNG+도/JX+못/MAG+이겨/VV+EC"
          },
          {
            "id": 13,
            "text": "1 : 엄마 없으면 우찌 살꼬...",
            "norm_text": "엄마 없으면 우찌 살꼬...",
            "speaker": {
              "id": "1번",
              "sex": "여성",
              "age": "30대"
            },
            "speechAct": "(단언) 주장하기",
            "morpheme": "엄마/NNG+없/VA+으면/EC+우찌/MAG+살/VV+꼬/EF+./SY"
          },
          {
            "id": 14,
            "text": "2 : 엄마... 잘하자 살아 계실 때... 눈물 나네",
            "norm_text": "엄마... 잘하자 살아 계실 때... 눈물 나네",
            "speaker": {
              "id": "2번",
              "sex": "여성",
              "age": "20대"
            },
            "speechAct": "(단언) 주장하기",
            "morpheme": "엄마/NNG+./SY+./SY+잘/MAG+하/VV+자/EC+살/VV+아/EC+계실/VX+ETM+때/NNG+./SY+./SY+눈물/NNG+나/NP+네/XSN"
          },
          {
            "id": 15,
            "text": "1 : 나 자식도 없어서 엄마 없으면 못 살 듯...",
            "norm_text": "나 자식도 없어서 엄마 없으면 못 살 듯...",
            "speaker": {
              "id": "1번",
              "sex": "여성",
              "age": "30대"
            },
            "speechAct": "(단언) 주장하기",
            "morpheme": "나/NP+자식/NNG+도/JX+없/VA+어서/EC+엄마/NNG+없/VA+으면/EC+못살/VV+ETM+듯/NNB+./SY"
          },
          {
            "id": 16,
            "text": "2 : 그건 또 다르다야... 애기 생기면은... 엄마에 대한 생각도 바뀌지만",
            "norm_text": "그건 또 다르다야... 애기 생기면은... 엄마에 대한 생각도 바뀌지만",
            "speaker": {
              "id": "2번",
              "sex": "여성",
              "age": "20대"
            },
            "speechAct": "(단언) 주장하기",
            "morpheme": "그건/NP+JX+또/MAG+다르/VA+다야/EF+./SY+애기/NNG+생기/VV+면은/EC+./SY+./SY+엄마/NNG+에/JKB+대한/VV+ETM+생각/NNG+도/JX+바뀌/VV+지만/EC"
          }
        ]
      }
    }
  ]
}