{
  "dataset": {
    "identifier": 31984,
    "name": "KAKAO_967_20_set",
    "src_path": "/data/file/cubeManager/PROJECT001/53/txt202110051638090737107/KAKAO_967_20_set/",
    "label_path": "/data/file/cubeManager/PROJECT001/53/txt202110051638090737107/KAKAO_967_20_set/",
    "category": 2,
    "type": 0
  },
  "licenses": {
    "name": "Apache License 1.0",
    "url": "http://www.apache.org/licenses/LICENSE-1.0"
  },
  "info": [
    {
      "id": 42758,
      "filename": "KAKAO_967_20.txt",
      "title": "KAKAO_967_20",
      "mediatype": "SNS",
      "medianame": "카카오톡",
      "category": "일상대화",
      "date": "2021-10-05",
      "size": 709,
      "annotations": {
        "subject": "영화/만화",
        "speaker_type": "1:1",
        "size": 709,
        "word_size": 212,
        "text": "1 : 최근에 영화관에서 영화 본 적 있나?\n2 : 음... 최근에 봤던 게 블랙위도우! 봤어 재밌더라 ㅋ\n2 : 넌 본 영화 있나?\n1 : 오... 블랙위도우? 어떤 내용이야? 난 영화관 안 간 지 오래됐어 ㅜㅜ\n2 : 음... 마블영화야 키키  마블 영웅 중에  블랙위도우라는 애가 있는데 걔 어릴 적부터 걔의 스토리지~\n1 : 아하! 나 마블 시리즈 하나도 안 봐서... 키키 모른다 키키 재밌었나?\n2 : 나도 마블 시리즈 한번도 안 봤는데 재미는 있었어 세계관을 잘 몰라도 그 인물에 대한 얘기라서 키키\n1 : 아아 그래? 하하 한번 봐야겠네! 마블 시리즈를 한 번 다 몰아보고 싶다! 하하\n2 : 하하 시간 많이 걸릴 거야 근데 블랙위도우만 봤는데도 엄청 재밌어서 나도 시리즈 다~ 보고 싶다는 생각 했었어 키키\n1 : 오오... 키키 시간 날 때 몰아서 영화 좀 봐야겠구만 키키\n2 : 응응 마블은 볼만 하겠더라 키키 코로나 시국인데도 영화관 오는 사람들도 제법 있더라고!\n1 : 아 그래? 영화관은 위험해서... 난 안 갔었지... 키키\n2 : 키키 가는 사람들은 다~ 들가더라 신경 안 쓰이나 봐 키키\n1 : 그니까 확진자가 안 줄어들지! 아휴...\n2 : 경각심들이 많이 없어졌어... 나도 신경 안 쓰고 영화관을 갔으니!\n1 : 휴... 그래... 조심해라! 난 집에서 봐야겠다 하하 영화관 갈 필요가 있나 뭐 키키\n2 : 그래 안전하게 집에서 팝콘 먹으면서 보는 게 최고야!",
        "lines": [
          {
            "id": 1,
            "text": "1 : 최근에 영화관에서 영화 본 적 있나?",
            "norm_text": "최근에 영화관에서 영화 본 적 있나?",
            "speaker": {
              "id": "1번",
              "sex": "여성",
              "age": "30대"
            },
            "speechAct": "(지시) 질문하기",
            "morpheme": "최근/NNG+에/JKB+영화관/NNG+에서/JKB+영화/NNG+본/VV+ETM+적/NNB+있/VA+나/EF"
          },
          {
            "id": 2,
            "text": "2 : 음... 최근에 봤던 게 블랙위도우! 봤어 재밌더라 ㅋ",
            "norm_text": "음... 최근에 봤던 게 블랙위도우! 봤어 재밌더라 ㅋ",
            "speaker": {
              "id": "2번",
              "sex": "남성",
              "age": "30대"
            },
            "speechAct": "(단언) 진술하기",
            "morpheme": "음/IC+./SY+최근/NNG+에/JKB+봤/VV+EP+던/ETM+게/NNB+JKS+블랙/NNG+위/NNG+도우/NNG+!/SY+봤어재밌더라ㅋ/UNKNOWN"
          },
          {
            "id": 3,
            "text": "2 : 넌 본 영화 있나?",
            "norm_text": "넌 본 영화 있나?",
            "speaker": {
              "id": "2번",
              "sex": "남성",
              "age": "30대"
            },
            "speechAct": "(지시) 질문하기",
            "morpheme": "넌/NP+JX+본/VX+ETM+영화/NNG+있/VA+나/EF"
          },
          {
            "id": 4,
            "text": "1 : 오... 블랙위도우? 어떤 내용이야? 난 영화관 안 간 지 오래됐어 ㅜㅜ",
            "norm_text": "오... 블랙위도우? 어떤 내용이야? 난 영화관 안 간 지 오래됐어 ㅜㅜ",
            "speaker": {
              "id": "1번",
              "sex": "여성",
              "age": "30대"
            },
            "speechAct": "(지시) 질문하기",
            "morpheme": "오/IC+./SY+블랙/NNG+위/NNG+도우/NNG+어떤/MM+내용/NNG+이/VCP+야/EF+난/NP+JX+영화관/NNG+안/MAG+간지/VV+EC+오래/MAG+됐/VV+EP+어/EF+ㅜㅜ/UNKNOWN"
          },
          {
            "id": 5,
            "text": "2 : 음... 마블영화야 키키  마블 영웅 중에  블랙위도우라는 애가 있는데 걔 어릴 적부터 걔의 스토리지~",
            "norm_text": "음... 마블영화야 키키  마블 영웅 중에  블랙위도우라는 애가 있는데 걔 어릴 적부터 걔의 스토리지~",
            "speaker": {
              "id": "2번",
              "sex": "남성",
              "age": "30대"
            },
            "speechAct": "(단언) 진술하기",
            "morpheme": "음/IC+./SY+마블/NNG+영화/NNG+야/VCP+EF+키키/NNP+마블/NNG+영웅/NNG+중/NNB+에/JKB+블랙/NNG+위/NNG+도우/NNG+라는/VCP+ETM+애/NNG+가/JKS+있/VA+는데/EC+걔/NP+어릴/VA+ETM+적/NNB+부터/JX+걔/NP+의/JKG+스토리지/NNP+~/SY"
          },
          {
            "id": 6,
            "text": "1 : 아하! 나 마블 시리즈 하나도 안 봐서... 키키 모른다 키키 재밌었나?",
            "norm_text": "아하! 나 마블 시리즈 하나도 안 봐서... 키키 모른다 키키 재밌었나?",
            "speaker": {
              "id": "1번",
              "sex": "여성",
              "age": "30대"
            },
            "speechAct": "(지시) 질문하기",
            "morpheme": "아하/IC+나/NP+마블/NNG+시리즈/NNG+하나/NR+도/JX+안/MAG+봐서/VV+EF+./SY+키/NNG+키/XSV+ETN+모른/VV+ETM+다키키/NNP+재밌/VA+었/EP+나/EF"
          },
          {
            "id": 7,
            "text": "2 : 나도 마블 시리즈 한번도 안 봤는데 재미는 있었어 세계관을 잘 몰라도 그 인물에 대한 얘기라서 키키",
            "norm_text": "나도 마블 시리즈 한번도 안 봤는데 재미는 있었어 세계관을 잘 몰라도 그 인물에 대한 얘기라서 키키",
            "speaker": {
              "id": "2번",
              "sex": "남성",
              "age": "30대"
            },
            "speechAct": "(단언) 진술하기",
            "morpheme": "나/NP+도/JX+마블/NNG+시리즈/NNG+한/MM+번/NNBC+도/JX+안/MAG+봤/VV+EP+는데/EC+재미/NNG+는/JX+있/VX+었/EP+어/EC+세계관/NNG+을/JKO+잘/MAG+몰라도/VV+EC+그/MM+인물/NNG+에/JKB+대한/VV+ETM+얘기/NNG+라서/VCP+EC+키/NNG+키/XSV+ETN"
          },
          {
            "id": 8,
            "text": "1 : 아아 그래? 하하 한번 봐야겠네! 마블 시리즈를 한 번 다 몰아보고 싶다! 하하",
            "norm_text": "아아 그래? 하하 한번 봐야겠네! 마블 시리즈를 한 번 다 몰아보고 싶다! 하하",
            "speaker": {
              "id": "1번",
              "sex": "여성",
              "age": "30대"
            },
            "speechAct": "(단언) 주장하기",
            "morpheme": "아아/IC+그래/IC+하하/MAG+한번/MAG+봐야/VV+EC+VX+겠/EP+네/EF+마블/NNG+시리즈/NNG+를/JKO+한번/MAG+다/MAG+몰/VV+아/EC+보/VX+고/EC+싶/VX+다/EF+하하/MAG"
          },
          {
            "id": 9,
            "text": "2 : 하하 시간 많이 걸릴 거야 근데 블랙위도우만 봤는데도 엄청 재밌어서 나도 시리즈 다~ 보고 싶다는 생각 했었어 키키",
            "norm_text": "하하 시간 많이 걸릴 거야 근데 블랙위도우만 봤는데도 엄청 재밌어서 나도 시리즈 다~ 보고 싶다는 생각 했었어 키키",
            "speaker": {
              "id": "2번",
              "sex": "남성",
              "age": "30대"
            },
            "speechAct": "(단언) 진술하기",
            "morpheme": "하하/MAG+시간/NNG+많이/MAG+걸릴/VV+ETM+거/NNB+야/VCP+EF+근데/MAJ+블랙/NNG+위/NNG+도우/NNG+만/JX+봤/VV+EP+는데/EC+도/JX+엄청/MAG+재밌/VA+어서/EC+나/NP+도/JX+시리즈/NNG+다/VCP+EC+~/SY+보/VV+고/EC+싶/VX+다는/ETM+생각/NNG+했었/XSV+EP+어/EC+키/NNG+키/XSV+ETN"
          },
          {
            "id": 10,
            "text": "1 : 오오... 키키 시간 날 때 몰아서 영화 좀 봐야겠구만 키키",
            "norm_text": "오오... 키키 시간 날 때 몰아서 영화 좀 봐야겠구만 키키",
            "speaker": {
              "id": "1번",
              "sex": "여성",
              "age": "30대"
            },
            "speechAct": "(단언) 주장하기",
            "morpheme": "오오/IC+./SY+키/NNG+키/NNG+시간/NNG+날/NNG+때/NNG+몰/VV+아서/EC+영화/NNG+좀/MAG+봐야/VV+EC+VX+겠/EP+구/EC+만/JX+키/NNG+키/XSV+ETN"
          },
          {
            "id": 11,
            "text": "2 : 응응 마블은 볼만 하겠더라 키키 코로나 시국인데도 영화관 오는 사람들도 제법 있더라고!",
            "norm_text": "응응 마블은 볼만 하겠더라 키키 코로나 시국인데도 영화관 오는 사람들도 제법 있더라고!",
            "speaker": {
              "id": "2번",
              "sex": "남성",
              "age": "30대"
            },
            "speechAct": "(단언) 진술하기",
            "morpheme": "응/IC+응/IC+마블/NNG+은/JX+볼/NNG+만/JX+하/VV+겠/EP+더라/EF+키키/NNP+코로나/NNP+시국/NNG+인데/VCP+EC+도/JX+영화관/NNG+오/VV+는/ETM+사람/NNG+들/XSN+도/JX+제법/MAG+있/VA+더라고/EF"
          },
          {
            "id": 12,
            "text": "1 : 아 그래? 영화관은 위험해서... 난 안 갔었지... 키키",
            "norm_text": "아 그래? 영화관은 위험해서... 난 안 갔었지... 키키",
            "speaker": {
              "id": "1번",
              "sex": "여성",
              "age": "30대"
            },
            "speechAct": "(단언) 진술하기",
            "morpheme": "아/IC+그래/IC+영화관/NNG+은/JX+위험/NNG+해서/XSV+EC+./SY+./SY+난/NP+JX+안/MAG+갔었/VV+EP+지/EF+./SY+키/NNG+키/XSV+ETN"
          },
          {
            "id": 13,
            "text": "2 : 키키 가는 사람들은 다~ 들가더라 신경 안 쓰이나 봐 키키",
            "norm_text": "키키 가는 사람들은 다~ 들가더라 신경 안 쓰이나 봐 키키",
            "speaker": {
              "id": "2번",
              "sex": "남성",
              "age": "30대"
            },
            "speechAct": "(단언) 진술하기",
            "morpheme": "키/NNG+키가/XSV+ETN+JKS+는/JX+사람/NNG+들/XSN+은/JX+다/MAG+~/SY+들/XSN+가/VV+더라/EC+신경/NNG+안/MAG+쓰/VV+이나/EC+봐/VX+EF+키/NNG+키/XSV+ETN"
          },
          {
            "id": 14,
            "text": "1 : 그니까 확진자가 안 줄어들지! 아휴...",
            "norm_text": "그니까 확진자가 안 줄어들지! 아휴...",
            "speaker": {
              "id": "1번",
              "sex": "여성",
              "age": "30대"
            },
            "speechAct": "(단언) 주장하기",
            "morpheme": "그니까/MAJ+확진/NNG+자/XSN+가/JKS+안/MAG+줄어들/VV+지/EF+아휴/IC+./SY"
          },
          {
            "id": 15,
            "text": "2 : 경각심들이 많이 없어졌어... 나도 신경 안 쓰고 영화관을 갔으니!",
            "norm_text": "경각심들이 많이 없어졌어... 나도 신경 안 쓰고 영화관을 갔으니!",
            "speaker": {
              "id": "2번",
              "sex": "남성",
              "age": "30대"
            },
            "speechAct": "(단언) 진술하기",
            "morpheme": "경각심/NNG+들/XSN+이/JKS+많이/MAG+없/VA+어/EC+졌/VX+EP+어/EF+./SY+나/NP+도/JX+신경/NNG+안/MAG+쓰/VV+고/EC+영화관/NNG+을/JKO+갔/VV+EP+으니/EF"
          },
          {
            "id": 16,
            "text": "1 : 휴... 그래... 조심해라! 난 집에서 봐야겠다 하하 영화관 갈 필요가 있나 뭐 키키",
            "norm_text": "휴... 그래... 조심해라! 난 집에서 봐야겠다 하하 영화관 갈 필요가 있나 뭐 키키",
            "speaker": {
              "id": "1번",
              "sex": "여성",
              "age": "30대"
            },
            "speechAct": "(단언) 주장하기",
            "morpheme": "휴/IC+./SY+그래/IC+./SY+조심/NNG+해라/XSV+EF+난/NP+JX+집/NNG+에서/JKB+봐야겠다/VV+EC+VX+EP+EF+하하/MAG+영화관/NNG+갈/VV+ETM+필요/NNG+가/JKS+있/VA+나/EF+뭐/IC+키/NNG+키/XSV+ETN"
          },
          {
            "id": 17,
            "text": "2 : 그래 안전하게 집에서 팝콘 먹으면서 보는 게 최고야!",
            "norm_text": "그래 안전하게 집에서 팝콘 먹으면서 보는 게 최고야!",
            "speaker": {
              "id": "2번",
              "sex": "남성",
              "age": "30대"
            },
            "speechAct": "(단언) 주장하기",
            "morpheme": "그래/IC+안전/NNG+하/XSV+게/EC+집/NNG+에서/JKB+팝콘/NNG+먹/VV+으면서/EC+보/VX+는/ETM+게/NNB+JKS+최고/NNG+야/VCP+EF"
          }
        ]
      }
    }
  ]
}