{
  "dataset": {
    "identifier": 51114,
    "name": "KAKAO_988_06_set",
    "src_path": "/data/file/cubeManager/PROJECT001/53/txt202110061346040149101/KAKAO_988_06_set/",
    "label_path": "/data/file/cubeManager/PROJECT001/53/txt202110061346040149101/KAKAO_988_06_set/",
    "category": 2,
    "type": 0
  },
  "licenses": {
    "name": "Apache License 1.0",
    "url": "http://www.apache.org/licenses/LICENSE-1.0"
  },
  "info": [
    {
      "id": 43186,
      "filename": "KAKAO_988_06.txt",
      "title": "KAKAO_988_06",
      "mediatype": "SNS",
      "medianame": "카카오톡",
      "category": "일상대화",
      "date": "2021-10-06",
      "size": 340,
      "annotations": {
        "subject": "교육",
        "speaker_type": "1:1",
        "size": 340,
        "word_size": 117,
        "text": "1 : 난 자격증이라곤 운전 면허 밖에  없는 듯...\n2 : 키키 나도 운전면허랑 스쿠버 다이빙\n1 : 스쿠버 다이빙? 언제 땄어\n2 : 그거 옛날 꼿날에 땄어\n1 : 그걸 어디 가서 땄데 키키\n2 : 학교 평생교육원에 뭔 수업이 있드라고\n1 : 너 수영 할 수 있었냐...?\n2 : 나 장물개여 잠수도 해\n1 : 그건 수영이랑 상관 없는 건가 키키\n2 : 물만 좋아하면 하는 듯\n1 : 세상에나 너가 그런 걸 땄었다니 키키\n2 : 웅 키키 자격증 따려면 실습 나가는데 제주도로 갔었음\n1 : 바다에서도 할 수 있어?\n2 : 웅 장비 빌려서 할 수 있어\n1 : 그게 무슨 기준으로 따는 건데?\n2 : 근데 그것도 등급 같은 게 있어서",
        "lines": [
          {
            "id": 1,
            "text": "1 : 난 자격증이라곤 운전 면허 밖에  없는 듯...",
            "norm_text": "난 자격증이라곤 운전 면허 밖에  없는 듯...",
            "speaker": {
              "id": "1번",
              "sex": "여성",
              "age": "30대"
            },
            "speechAct": "(단언) 진술하기",
            "morpheme": "난/NP+JX+자격증/NNG+이/VCP+라곤/EC+JX+운전/NNG+면허/NNG+밖에/JX+없/VA+는/ETM+듯/NNB+./SY"
          },
          {
            "id": 2,
            "text": "2 : 키키 나도 운전면허랑 스쿠버 다이빙",
            "norm_text": "키키 나도 운전면허랑 스쿠버 다이빙",
            "speaker": {
              "id": "2번",
              "sex": "여성",
              "age": "20대"
            },
            "speechAct": "(단언) 진술하기",
            "morpheme": "키/NNG+키나/XSA+ETN+JX+도/JX+운전/NNG+면허/NNG+랑/JKB+스쿠버/NNG+다이빙/NNG"
          },
          {
            "id": 3,
            "text": "1 : 스쿠버 다이빙? 언제 땄어",
            "norm_text": "스쿠버 다이빙? 언제 땄어",
            "speaker": {
              "id": "1번",
              "sex": "여성",
              "age": "30대"
            },
            "speechAct": "(지시) 질문하기",
            "morpheme": "스쿠버/NNG+다이빙/NNG+언제/MAG+땄/VV+EP+어/EC"
          },
          {
            "id": 4,
            "text": "2 : 그거 옛날 꼿날에 땄어",
            "norm_text": "그거 옛날 꼿날에 땄어",
            "speaker": {
              "id": "2번",
              "sex": "여성",
              "age": "20대"
            },
            "speechAct": "(단언) 진술하기",
            "morpheme": "그거/NP+옛날/NNG+꼿/NNG+날/NNG+에/JKB+땄/VV+EP+어/EC"
          },
          {
            "id": 5,
            "text": "1 : 그걸 어디 가서 땄데 키키",
            "norm_text": "그걸 어디 가서 땄데 키키",
            "speaker": {
              "id": "1번",
              "sex": "여성",
              "age": "30대"
            },
            "speechAct": "(지시) 질문하기",
            "morpheme": "그걸/NP+JKO+어디/NP+가/JKS+서/VV+EC+땄/VV+EP+데/NNB+키/NNG+키/XSV+ETN"
          },
          {
            "id": 6,
            "text": "2 : 학교 평생교육원에 뭔 수업이 있드라고",
            "norm_text": "학교 평생교육원에 뭔 수업이 있드라고",
            "speaker": {
              "id": "2번",
              "sex": "여성",
              "age": "20대"
            },
            "speechAct": "(단언) 진술하기",
            "morpheme": "학교/NNG+평생/NNG+교육/NNG+원/NNG+에/JKB+뭔/MM+수업/NNG+이/JKS+있/VV+드라고/EC"
          },
          {
            "id": 7,
            "text": "1 : 너 수영 할 수 있었냐...?",
            "norm_text": "너 수영 할 수 있었냐...?",
            "speaker": {
              "id": "1번",
              "sex": "여성",
              "age": "30대"
            },
            "speechAct": "(지시) 질문하기",
            "morpheme": "너/NP+수영/NNG+할/XSV+ETM+수/NNB+있/VV+었/EP+냐/EF+./SY+./SY"
          },
          {
            "id": 8,
            "text": "2 : 나 장물개여 잠수도 해",
            "norm_text": "나 장물개여 잠수도 해",
            "speaker": {
              "id": "2번",
              "sex": "여성",
              "age": "20대"
            },
            "speechAct": "(단언) 진술하기",
            "morpheme": "나장/NNG+물개/NNG+여/XSN+잠수/NNG+도/JX+해/VV+EC"
          },
          {
            "id": 9,
            "text": "1 : 그건 수영이랑 상관 없는 건가 키키",
            "norm_text": "그건 수영이랑 상관 없는 건가 키키",
            "speaker": {
              "id": "1번",
              "sex": "여성",
              "age": "30대"
            },
            "speechAct": "(단언) 진술하기",
            "morpheme": "그건/NP+JX+수영/NNG+이랑/JKB+상관없/VA+는/ETM+건가/NNB+VCP+EC+키/NNG+키/XSV+ETN"
          },
          {
            "id": 10,
            "text": "2 : 물만 좋아하면 하는 듯",
            "norm_text": "물만 좋아하면 하는 듯",
            "speaker": {
              "id": "2번",
              "sex": "여성",
              "age": "20대"
            },
            "speechAct": "(단언) 주장하기",
            "morpheme": "물/NNG+만/JX+좋/VA+아/EC+하/VV+면/EC+하/VV+는/ETM+듯/NNB"
          },
          {
            "id": 11,
            "text": "1 : 세상에나 너가 그런 걸 땄었다니 키키",
            "norm_text": "세상에나 너가 그런 걸 땄었다니 키키",
            "speaker": {
              "id": "1번",
              "sex": "여성",
              "age": "30대"
            },
            "speechAct": "(단언) 진술하기",
            "morpheme": "세상/NNG+에/JKB+나/NP+너/NP+가/JKS+그런/MM+걸/NNB+JKO+땄었/VV+EP+다니/EC+키/NNG+키/XSV+ETN"
          },
          {
            "id": 12,
            "text": "2 : 웅 키키 자격증 따려면 실습 나가는데 제주도로 갔었음",
            "norm_text": "웅 키키 자격증 따려면 실습 나가는데 제주도로 갔었음",
            "speaker": {
              "id": "2번",
              "sex": "여성",
              "age": "20대"
            },
            "speechAct": "(단언) 진술하기",
            "morpheme": "웅/IC+키/NNG+키/NNG+자격증/NNG+따/VV+려면/EC+실습/NNG+나가/VV+는데/EC+제주도/NNP+로/JKB+갔었/VV+EP+음/ETN"
          },
          {
            "id": 13,
            "text": "1 : 바다에서도 할 수 있어?",
            "norm_text": "바다에서도 할 수 있어?",
            "speaker": {
              "id": "1번",
              "sex": "여성",
              "age": "30대"
            },
            "speechAct": "(지시) 질문하기",
            "morpheme": "바다/NNG+에서/JKB+도/JX+할/VV+ETM+수/NNB+있/VV+어/EF"
          },
          {
            "id": 14,
            "text": "2 : 웅 장비 빌려서 할 수 있어",
            "norm_text": "웅 장비 빌려서 할 수 있어",
            "speaker": {
              "id": "2번",
              "sex": "여성",
              "age": "20대"
            },
            "speechAct": "(단언) 진술하기",
            "morpheme": "웅/IC+장비/NNG+빌려서/VV+EC+할/VX+ETM+수/NNB+있/VV+어/EC"
          },
          {
            "id": 15,
            "text": "1 : 그게 무슨 기준으로 따는 건데?",
            "norm_text": "그게 무슨 기준으로 따는 건데?",
            "speaker": {
              "id": "1번",
              "sex": "여성",
              "age": "30대"
            },
            "speechAct": "(지시) 질문하기",
            "morpheme": "그게/NP+JKS+무슨/MM+기준/NNG+으로/JKB+따/VV+는/ETM+건데/NNB+VCP+EF"
          },
          {
            "id": 16,
            "text": "2 : 근데 그것도 등급 같은 게 있어서",
            "norm_text": "근데 그것도 등급 같은 게 있어서",
            "speaker": {
              "id": "2번",
              "sex": "여성",
              "age": "20대"
            },
            "speechAct": "(단언) 진술하기",
            "morpheme": "근데/MAJ+그것/NP+도/JX+등급/NNG+같/VA+은/ETM+게/NNB+JKS+있/VA+어서/EC"
          }
        ]
      }
    }
  ]
}