{
  "dataset": {
    "identifier": 45599,
    "name": "KAKAO_948_20_set",
    "src_path": "/data/file/cubeManager/PROJECT001/53/txt20211005162048070117/KAKAO_948_20_set/",
    "label_path": "/data/file/cubeManager/PROJECT001/53/txt20211005162048070117/KAKAO_948_20_set/",
    "category": 2,
    "type": 0
  },
  "licenses": {
    "name": "Apache License 1.0",
    "url": "http://www.apache.org/licenses/LICENSE-1.0"
  },
  "info": [
    {
      "id": 42137,
      "filename": "KAKAO_948_20.txt",
      "title": "KAKAO_948_20",
      "mediatype": "SNS",
      "medianame": "카카오톡",
      "category": "일상대화",
      "date": "2021-10-05",
      "size": 573,
      "annotations": {
        "subject": "영화/만화",
        "speaker_type": "1:1",
        "size": 573,
        "word_size": 197,
        "text": "1 : 이번에 부산 국제 영화제 개최한다던데 가볼 생각 있어?\n2 : 아니 키키 나 그런 데는 또 별 관심이 없어\n1 : 아 진짜? 키키\n1 : 거기 가면 배우도 보고 감독도 보잖아\n2 : 나 일하는 곳에서도 충분히 한 번씩 연예인들 봐...\n1 : 헐 진짜? 키키\n1 : 영화 배우 누구 봤어?\n2 : 설경구 본 적 있어 키키\n2 : 나는 근데 카운터에 오래 안 있어서 많이 보지는 않아\n1 : 난 영화제 한번도 안 가봐서... 가보고 싶어 키키\n2 : 키키 한 번쯤 가보는 것도 나쁘지 않을 것 같긴 한데 사람 많아서...\n1 : 아 그치? ㅜㅜ\n1 : 근데 맨날 티비나 뉴스에서만 봤으니까...\n2 : 응 키키 사람들 많은 곳은 힘들다 키키\n2 : 티비로 보는 게 속 편할 수도 키키\n1 : 키키 그런가... 뭔가 근데 올해는 본 영화도 별로 없네\n2 : 아 진짜?\n2 : 난 요새 한 번씩 영화 보러 가긴 하는데\n1 : 그거 재밌데 모가디슈 키키 이미 봤나?\n2 : 모가디슈는 안 봤어 키키\n2 : 발신제한이랑 맨인더다크2 봤다\n1 : 오 키키 영화 꽤 많이 봤네 키키\n1 : 보이스도 재밌을 거 같던데?\n2 : 아 맞아 키키 나 그거 보러 갈까 생각 중인데",
        "lines": [
          {
            "id": 1,
            "text": "1 : 이번에 부산 국제 영화제 개최한다던데 가볼 생각 있어?",
            "norm_text": "이번에 부산 국제 영화제 개최한다던데 가볼 생각 있어?",
            "speaker": {
              "id": "1번",
              "sex": "여성",
              "age": "30대"
            },
            "speechAct": "(지시) 질문하기",
            "morpheme": "이번/NNG+에/JKB+부산/NNP+국제/NNG+영화제/NNG+개최/NNG+한다던/XSV+ETM+데/NNB+가/JKS+볼/VV+ETM+생각/NNG+있/VA+어/EF"
          },
          {
            "id": 2,
            "text": "2 : 아니 키키 나 그런 데는 또 별 관심이 없어",
            "norm_text": "아니 키키 나 그런 데는 또 별 관심이 없어",
            "speaker": {
              "id": "2번",
              "sex": "여성",
              "age": "30대"
            },
            "speechAct": "(단언) 진술하기",
            "morpheme": "아니/IC+키/NNG+키나/XSA+ETN+JX+그런/MM+데/NNB+는/JX+또/MAG+별/MM+관심/NNG+이/JKS+없/VA+어/EC"
          },
          {
            "id": 3,
            "text": "1 : 아 진짜? 키키",
            "norm_text": "아 진짜? 키키",
            "speaker": {
              "id": "1번",
              "sex": "여성",
              "age": "30대"
            },
            "speechAct": "(지시) 질문하기",
            "morpheme": "아/IC+진짜/MAG+키/NNG+키/XSV+ETN"
          },
          {
            "id": 4,
            "text": "1 : 거기 가면 배우도 보고 감독도 보잖아",
            "norm_text": "거기 가면 배우도 보고 감독도 보잖아",
            "speaker": {
              "id": "1번",
              "sex": "여성",
              "age": "30대"
            },
            "speechAct": "(단언) 진술하기",
            "morpheme": "거기/NP+가/JKS+면/NNG+배우/NNG+도/JX+보/VV+고/EC+감독/NNG+도/JX+보/VV+잖아/EC"
          },
          {
            "id": 5,
            "text": "2 : 나 일하는 곳에서도 충분히 한 번씩 연예인들 봐...",
            "norm_text": "나 일하는 곳에서도 충분히 한 번씩 연예인들 봐...",
            "speaker": {
              "id": "2번",
              "sex": "여성",
              "age": "30대"
            },
            "speechAct": "(단언) 진술하기",
            "morpheme": "나/NP+일/NNG+하/XSV+는/ETM+곳/NNG+에서/JKB+도/JX+충분히/MAG+한/MM+번/NNBC+씩/XSN+연예/NNG+인들/VCP+EC+봐/VX+EF+./SY"
          },
          {
            "id": 6,
            "text": "1 : 헐 진짜? 키키",
            "norm_text": "헐 진짜? 키키",
            "speaker": {
              "id": "1번",
              "sex": "여성",
              "age": "30대"
            },
            "speechAct": "(지시) 질문하기",
            "morpheme": "헐/IC+진짜/MAG+키/NNG+키/XSV+ETN"
          },
          {
            "id": 7,
            "text": "1 : 영화 배우 누구 봤어?",
            "norm_text": "영화 배우 누구 봤어?",
            "speaker": {
              "id": "1번",
              "sex": "여성",
              "age": "30대"
            },
            "speechAct": "(지시) 질문하기",
            "morpheme": "영화배우/NNG+누구/NP+봤/VV+EP+어/EF"
          },
          {
            "id": 8,
            "text": "2 : 설경구 본 적 있어 키키",
            "norm_text": "설경구 본 적 있어 키키",
            "speaker": {
              "id": "2번",
              "sex": "여성",
              "age": "30대"
            },
            "speechAct": "(단언) 진술하기",
            "morpheme": "설경구/NNP+본/VV+ETM+적/NNB+있/VA+어/EC+키/NNG+키/XSV+ETN"
          },
          {
            "id": 9,
            "text": "2 : 나는 근데 카운터에 오래 안 있어서 많이 보지는 않아",
            "norm_text": "나는 근데 카운터에 오래 안 있어서 많이 보지는 않아",
            "speaker": {
              "id": "2번",
              "sex": "여성",
              "age": "30대"
            },
            "speechAct": "(단언) 진술하기",
            "morpheme": "나/NP+는/JX+근데/MAJ+카운터/NNG+에/JKB+오래/MAG+안/MAG+있/VV+어서/EC+많이/MAG+보/VV+지/EC+는/JX+않/VX+아/EC"
          },
          {
            "id": 10,
            "text": "1 : 난 영화제 한번도 안 가봐서... 가보고 싶어 키키",
            "norm_text": "난 영화제 한번도 안 가봐서... 가보고 싶어 키키",
            "speaker": {
              "id": "1번",
              "sex": "여성",
              "age": "30대"
            },
            "speechAct": "(단언) 진술하기",
            "morpheme": "난/NP+JX+영화제/NNG+한/MM+번/NNBC+도/JX+안/MAG+가/VV+EC+봐서/VX+EF+./SY+./SY+가/JKS+보/VV+고/EC+싶/VX+어/EC+키/NNG+키/XSV+ETN"
          },
          {
            "id": 11,
            "text": "2 : 키키 한 번쯤 가보는 것도 나쁘지 않을 것 같긴 한데 사람 많아서...",
            "norm_text": "키키 한 번쯤 가보는 것도 나쁘지 않을 것 같긴 한데 사람 많아서...",
            "speaker": {
              "id": "2번",
              "sex": "여성",
              "age": "30대"
            },
            "speechAct": "(단언) 진술하기",
            "morpheme": "키/NNG+키/XSV+ETN+한/MM+번/NNBC+쯤/XSN+가/JKC+보/VV+는/ETM+것/NNB+도/JX+나쁘/VA+지/EC+않/VX+을/ETM+것/NNB+같/VA+긴/ETN+JX+한데/VX+EC+사람/NNG+많/VA+아서/EC+./SY+./SY"
          },
          {
            "id": 12,
            "text": "1 : 아 그치? ㅜㅜ",
            "norm_text": "아 그치? ㅜㅜ",
            "speaker": {
              "id": "1번",
              "sex": "여성",
              "age": "30대"
            },
            "speechAct": "(지시) 질문하기",
            "morpheme": "아/IC+그치/IC+ㅜㅜ/UNKNOWN"
          },
          {
            "id": 13,
            "text": "1 : 근데 맨날 티비나 뉴스에서만 봤으니까...",
            "norm_text": "근데 맨날 티비나 뉴스에서만 봤으니까...",
            "speaker": {
              "id": "1번",
              "sex": "여성",
              "age": "30대"
            },
            "speechAct": "(단언) 진술하기",
            "morpheme": "근데/MAJ+맨날/MAG+티비/NNG+나/JC+뉴스/NNG+에서/JKB+만/JX+봤/VV+EP+으니까/EC+./SY+./SY"
          },
          {
            "id": 14,
            "text": "2 : 응 키키 사람들 많은 곳은 힘들다 키키",
            "norm_text": "응 키키 사람들 많은 곳은 힘들다 키키",
            "speaker": {
              "id": "2번",
              "sex": "여성",
              "age": "30대"
            },
            "speechAct": "(단언) 진술하기",
            "morpheme": "응/IC+키/NNG+키/NNG+사람/NNG+들/XSN+많/VA+은/ETM+곳/NNG+은/JX+힘들/VA+ETM+다키키/NNP"
          },
          {
            "id": 15,
            "text": "2 : 티비로 보는 게 속 편할 수도 키키",
            "norm_text": "티비로 보는 게 속 편할 수도 키키",
            "speaker": {
              "id": "2번",
              "sex": "여성",
              "age": "30대"
            },
            "speechAct": "(단언) 진술하기",
            "morpheme": "티비/NNG+로/JKB+보/VV+는/ETM+게/NNB+JKS+속편/NNG+할/XSV+ETM+수/NNB+도/JX+키/NNG+키/XSV+ETN"
          },
          {
            "id": 16,
            "text": "1 : 키키 그런가... 뭔가 근데 올해는 본 영화도 별로 없네",
            "norm_text": "키키 그런가... 뭔가 근데 올해는 본 영화도 별로 없네",
            "speaker": {
              "id": "1번",
              "sex": "여성",
              "age": "30대"
            },
            "speechAct": "(단언) 진술하기",
            "morpheme": "키/NNG+키/XSV+ETN+그런가/VA+EF+./SY+뭔가/NP+VCP+EF+근데/MAJ+올해/NNG+는/JX+본/VX+ETM+영화/NNG+도/JX+별로/MAG+없/VA+네/EC"
          },
          {
            "id": 17,
            "text": "2 : 아 진짜?",
            "norm_text": "아 진짜?",
            "speaker": {
              "id": "2번",
              "sex": "여성",
              "age": "30대"
            },
            "speechAct": "(지시) 질문하기",
            "morpheme": "아/IC+진짜/MAG"
          },
          {
            "id": 18,
            "text": "2 : 난 요새 한 번씩 영화 보러 가긴 하는데",
            "norm_text": "난 요새 한 번씩 영화 보러 가긴 하는데",
            "speaker": {
              "id": "2번",
              "sex": "여성",
              "age": "30대"
            },
            "speechAct": "(단언) 진술하기",
            "morpheme": "난/NP+JX+요새/MAG+한/MM+번/NNBC+씩/XSN+영화/NNG+보/VV+러/EC+가/VX+긴/ETN+JX+하/VX+는데/EC"
          },
          {
            "id": 19,
            "text": "1 : 그거 재밌데 모가디슈 키키 이미 봤나?",
            "norm_text": "그거 재밌데 모가디슈 키키 이미 봤나?",
            "speaker": {
              "id": "1번",
              "sex": "여성",
              "age": "30대"
            },
            "speechAct": "(지시) 질문하기",
            "morpheme": "그거/NP+재밌/VA+데/EC+모가디슈/NNP+키/NNG+키/NNG+이미/MAG+봤/VV+EP+나/EF"
          },
          {
            "id": 20,
            "text": "2 : 모가디슈는 안 봤어 키키",
            "norm_text": "모가디슈는 안 봤어 키키",
            "speaker": {
              "id": "2번",
              "sex": "여성",
              "age": "30대"
            },
            "speechAct": "(단언) 진술하기",
            "morpheme": "모가디슈/NNP+는/JX+안/MAG+봤/VV+EP+어/EC+키/NNG+키/XSV+ETN"
          },
          {
            "id": 21,
            "text": "2 : 발신제한이랑 맨인더다크2 봤다",
            "norm_text": "발신제한이랑 맨인더다크2 봤다",
            "speaker": {
              "id": "2번",
              "sex": "여성",
              "age": "30대"
            },
            "speechAct": "(단언) 진술하기",
            "morpheme": "발신/NNG+제한/NNG+이랑/JC+맨/MM+인/NNG+더/MAG+다크/NNG+2/SN+봤/VV+EP+다/EC"
          },
          {
            "id": 22,
            "text": "1 : 오 키키 영화 꽤 많이 봤네 키키",
            "norm_text": "오 키키 영화 꽤 많이 봤네 키키",
            "speaker": {
              "id": "1번",
              "sex": "여성",
              "age": "30대"
            },
            "speechAct": "(단언) 진술하기",
            "morpheme": "오키/NNP+키/NNG+영화/NNG+꽤/MAG+많이/MAG+봤/VV+EP+네/EF+키/NNG+키/XSV+ETN"
          },
          {
            "id": 23,
            "text": "1 : 보이스도 재밌을 거 같던데?",
            "norm_text": "보이스도 재밌을 거 같던데?",
            "speaker": {
              "id": "1번",
              "sex": "여성",
              "age": "30대"
            },
            "speechAct": "(지시) 질문하기",
            "morpheme": "보이스/NNP+도/JX+재밌/VA+을/ETM+거/NNB+같/VA+던데/EF"
          },
          {
            "id": 24,
            "text": "2 : 아 맞아 키키 나 그거 보러 갈까 생각 중인데",
            "norm_text": "아 맞아 키키 나 그거 보러 갈까 생각 중인데",
            "speaker": {
              "id": "2번",
              "sex": "여성",
              "age": "30대"
            },
            "speechAct": "(단언) 진술하기",
            "morpheme": "아/IC+맞/VV+아/EC+키/NNG+키나/XSA+ETN+JX+그거/NP+보/VV+러/EC+갈까/VV+EC+생각/NNG+중/NNB+인데/VCP+EC"
          }
        ]
      }
    }
  ]
}