{
  "dataset": {
    "identifier": 60438,
    "name": "KAKAO_980_07_set",
    "src_path": "/data/file/cubeManager/PROJECT001/53/txt20211006122011023053/KAKAO_980_07_set/",
    "label_path": "/data/file/cubeManager/PROJECT001/53/txt20211006122011023053/KAKAO_980_07_set/",
    "category": 2,
    "type": 0
  },
  "licenses": {
    "name": "Apache License 1.0",
    "url": "http://www.apache.org/licenses/LICENSE-1.0"
  },
  "info": [
    {
      "id": 42827,
      "filename": "KAKAO_980_07.txt",
      "title": "KAKAO_980_07",
      "mediatype": "SNS",
      "medianame": "카카오톡",
      "category": "일상대화",
      "date": "2021-10-06",
      "size": 458,
      "annotations": {
        "subject": "가족",
        "speaker_type": "1:1",
        "size": 458,
        "word_size": 152,
        "text": "1 : 이 나이 먹고 용돈이라니 ㅠ\n2 : 언니 용돈 받았어?\n1 : 응응 키키 할머니께서 공부 열심히 하라고 용돈 주셨는데 이 나이 먹고 받기 뻘쭘하네\n2 : 키키 괜찮다고 받지 말진 그랬어\n1 : 키키 그랬어야 했나 ㅠ\n1 : 넘 넙죽 받아버렸다 키키\n1 : 이 돈으로 사촌 동생 밥 사줘야겠다\n2 : 오 그것도 좋은 생각인 듯\n1 : 그치? 차라리 받은 용돈으로 애들 밥 사주는 게 낫겠다\n2 : 오랜만에 언니 노릇도 하면서\n1 : 응응 내가 지금까지 언니 노릇 못 해줬거든\n2 : 사촌 동생들이 좋아하는 걸로 사줘 키키\n1 : 안 그래도 떡볶이 먹고 싶다 해서 읍내까지 나가려고\n2 : 헉 그래 떡볶이가 가장 먹고 싶은 음식일 수도 있지\n1 : 나도 더 맛있는 거 사주려고 했는데 로제 떡볶이 먹고 싶다 해서\n2 : 키키 귀엽네 키키 유튜브에서 봤나 보네\n1 : 그런가 봐 키키 중국 당면도 추가해도 되냐고 물어봐\n2 : 진짜 순수하고 귀엽다",
        "lines": [
          {
            "id": 1,
            "text": "1 : 이 나이 먹고 용돈이라니 ㅠ",
            "norm_text": "이 나이 먹고 용돈이라니 ㅠ",
            "speaker": {
              "id": "1번",
              "sex": "여성",
              "age": "20대"
            },
            "speechAct": "(단언) 주장하기",
            "morpheme": "이/MM+나이/NNG+먹/VV+고/EC+용돈/NNG+이/VCP+라니/EC+ㅠ/UNKNOWN"
          },
          {
            "id": 2,
            "text": "2 : 언니 용돈 받았어?",
            "norm_text": "언니 용돈 받았어?",
            "speaker": {
              "id": "2번",
              "sex": "여성",
              "age": "20대"
            },
            "speechAct": "(지시) 질문하기",
            "morpheme": "언니/NNG+용돈/NNG+받/VV+았/EP+어/EF"
          },
          {
            "id": 3,
            "text": "1 : 응응 키키 할머니께서 공부 열심히 하라고 용돈 주셨는데 이 나이 먹고 받기 뻘쭘하네",
            "norm_text": "응응 키키 할머니께서 공부 열심히 하라고 용돈 주셨는데 이 나이 먹고 받기 뻘쭘하네",
            "speaker": {
              "id": "1번",
              "sex": "여성",
              "age": "20대"
            },
            "speechAct": "(단언) 진술하기",
            "morpheme": "응/IC+응/IC+키키/NNP+할머니/NNP+께서/JKS+공부/NNG+열심히/MAG+하/VV+라고/EC+용돈/NNG+주/VV+셨/EP+EP+는데/EC+이/MM+나이/NNG+먹/VV+고/EC+받/VV+기/ETN+뻘쭘/XR+하/XSA+네/EC"
          },
          {
            "id": 4,
            "text": "2 : 키키 괜찮다고 받지 말진 그랬어",
            "norm_text": "키키 괜찮다고 받지 말진 그랬어",
            "speaker": {
              "id": "2번",
              "sex": "여성",
              "age": "20대"
            },
            "speechAct": "(단언) 주장하기",
            "morpheme": "키/NNG+키/XSV+ETN+괜찮/VA+다고/EC+받/VV+지/EC+말/VX+진/EC+JX+그랬/VV+EP+어/EC"
          },
          {
            "id": 5,
            "text": "1 : 키키 그랬어야 했나 ㅠ",
            "norm_text": "키키 그랬어야 했나 ㅠ",
            "speaker": {
              "id": "1번",
              "sex": "여성",
              "age": "20대"
            },
            "speechAct": "(단언) 진술하기",
            "morpheme": "키/NNG+키/XSV+ETN+그랬/VV+EP+어야/EC+했/VX+EP+나ㅠ/UNKNOWN"
          },
          {
            "id": 6,
            "text": "1 : 넘 넙죽 받아버렸다 키키",
            "norm_text": "ㅋㅋㅋ그랬어야했나ㅠ 넘 넙죽 받아버렸다ㅋㅋㅋㅋ 이 돈으로 사촌동생 밥 사줘야겠다",
            "speaker": {
              "id": "1번",
              "sex": "여성",
              "age": "20대"
            },
            "speechAct": "N/A",
            "morpheme": "ㅋ/UNKNOWN+ㅋㅋ/UNKNOWN+그랬/VV+EP+어야/EC+했/VX+EP+나/EF+ㅠ넘/UNKNOWN+넙죽/MAG+받/VV+아/EC+버렸/VX+EP+다/EF+ㅋㅋ/UNKNOWN+ㅋㅋ/UNKNOWN+이/MM+돈/NNG+으로/JKB+사촌/NNG+동생/NNG+밥/NNG+사/VV+줘야/EC+VX+EC+VX+겠/EP+다/EC"
          },
          {
            "id": 7,
            "text": "1 : 이 돈으로 사촌 동생 밥 사줘야겠다",
            "norm_text": "이 돈으로 사촌 동생 밥 사줘야겠다",
            "speaker": {
              "id": "1번",
              "sex": "여성",
              "age": "20대"
            },
            "speechAct": "(언약) 약속하기(제3자와)/(개인적 수준)",
            "morpheme": "이/MM+돈/NNG+으로/JKB+사촌/NNG+동생/NNG+밥/NNG+사/VV+줘야/EC+VX+EC+VX+겠/EP+다/EC"
          },
          {
            "id": 8,
            "text": "2 : 오 그것도 좋은 생각인 듯",
            "norm_text": "오 그것도 좋은 생각인 듯",
            "speaker": {
              "id": "2번",
              "sex": "여성",
              "age": "20대"
            },
            "speechAct": "(단언) 주장하기",
            "morpheme": "오/IC+그것/NP+도/JX+좋/VA+은/ETM+생각/NNG+인/VCP+ETM+듯/NNB"
          },
          {
            "id": 9,
            "text": "1 : 그치? 차라리 받은 용돈으로 애들 밥 사주는 게 낫겠다",
            "norm_text": "그치? 차라리 받은 용돈으로 애들 밥 사주는 게 낫겠다",
            "speaker": {
              "id": "1번",
              "sex": "여성",
              "age": "20대"
            },
            "speechAct": "(단언) 주장하기",
            "morpheme": "그치/IC+차라리/MAG+받/VV+은/ETM+용돈/NNG+으로/JKB+애/NNG+들/XSN+밥/NNG+사/VV+EC+주/VX+는/ETM+게/NNB+JKS+낫/VA+겠/EP+다/EC"
          },
          {
            "id": 10,
            "text": "2 : 오랜만에 언니 노릇도 하면서",
            "norm_text": "오랜만에 언니 노릇도 하면서",
            "speaker": {
              "id": "2번",
              "sex": "여성",
              "age": "20대"
            },
            "speechAct": "(단언) 주장하기",
            "morpheme": "오랜만/NNG+에/JKB+언니/NNG+노릇/NNG+도/JX+하/VV+면서/EC"
          },
          {
            "id": 11,
            "text": "1 : 응응 내가 지금까지 언니 노릇 못 해줬거든",
            "norm_text": "응응 내가 지금까지 언니 노릇 못 해줬거든",
            "speaker": {
              "id": "1번",
              "sex": "여성",
              "age": "20대"
            },
            "speechAct": "(단언) 진술하기",
            "morpheme": "응/IC+응/IC+내/NP+가/JKS+지금/NNG+까지/JX+언니/NNG+노릇/NNG+못/MAG+해/VV+EC+줬/VX+EP+거든/EC"
          },
          {
            "id": 12,
            "text": "2 : 사촌 동생들이 좋아하는 걸로 사줘 키키",
            "norm_text": "사촌 동생들이 좋아하는 걸로 사줘 키키",
            "speaker": {
              "id": "2번",
              "sex": "여성",
              "age": "20대"
            },
            "speechAct": "(지시) 충고/제안하기",
            "morpheme": "사촌/NNG+동생/NNG+들/XSN+이/JKS+좋/VA+아/EC+하/VV+는/ETM+걸로/NNB+JKB+사/VV+줘/EC+VV+EC+키/NNG+키/XSV+ETN"
          },
          {
            "id": 13,
            "text": "1 : 안 그래도 떡볶이 먹고 싶다 해서 읍내까지 나가려고",
            "norm_text": "안 그래도 떡볶이 먹고 싶다 해서 읍내까지 나가려고",
            "speaker": {
              "id": "1번",
              "sex": "여성",
              "age": "20대"
            },
            "speechAct": "(언약) 약속하기(제3자와)/(개인적 수준)",
            "morpheme": "안/MAG+그래도/VV+EC+떡볶이/NNG+먹/VV+고/EC+싶/VX+다/EC+해서/VV+EC+읍내/NNG+까지/JX+나가/VV+려고/EC"
          },
          {
            "id": 14,
            "text": "2 : 헉 그래 떡볶이가 가장 먹고 싶은 음식일 수도 있지",
            "norm_text": "헉 그래 떡볶이가 가장 먹고 싶은 음식일 수도 있지",
            "speaker": {
              "id": "2번",
              "sex": "여성",
              "age": "20대"
            },
            "speechAct": "(단언) 주장하기",
            "morpheme": "헉/IC+그래/IC+떡볶이/NNG+가/JKS+가장/MAG+먹/VV+고/EC+싶/VX+은/ETM+음식/NNG+일/VCP+ETM+수/NNB+도/JX+있/VA+지/EC"
          },
          {
            "id": 15,
            "text": "1 : 나도 더 맛있는 거 사주려고 했는데 로제 떡볶이 먹고 싶다 해서",
            "norm_text": "나도 더 맛있는 거 사주려고 했는데 로제 떡볶이 먹고 싶다 해서",
            "speaker": {
              "id": "1번",
              "sex": "여성",
              "age": "20대"
            },
            "speechAct": "(단언) 진술하기",
            "morpheme": "나/NP+도/JX+더/MAG+맛있/VA+는/ETM+거/NNB+사/VV+EC+주/VX+려고/EC+했/VX+EP+는데/EC+로제/NNG+떡볶이/NNG+먹/VV+고/EC+싶/VX+다/EC+해서/VV+EC"
          },
          {
            "id": 16,
            "text": "2 : 키키 귀엽네 키키 유튜브에서 봤나 보네",
            "norm_text": "키키 귀엽네 키키 유튜브에서 봤나 보네",
            "speaker": {
              "id": "2번",
              "sex": "여성",
              "age": "20대"
            },
            "speechAct": "(단언) 주장하기",
            "morpheme": "키/NNG+키/XSV+ETN+귀엽/VA+네/EF+키키/NNP+유튜브/NNP+에서/JKB+봤/VV+EP+나/EC+보/VX+네/EC"
          },
          {
            "id": 17,
            "text": "1 : 그런가 봐 키키 중국 당면도 추가해도 되냐고 물어봐",
            "norm_text": "그런가 봐 키키 중국 당면도 추가해도 되냐고 물어봐",
            "speaker": {
              "id": "1번",
              "sex": "여성",
              "age": "20대"
            },
            "speechAct": "(지시) 충고/제안하기",
            "morpheme": "그런가/VA+EC+봐/VX+EF+키키/NNP+중국/NNP+당면/NNG+도/JX+추가/NNG+해도/XSV+EC+되/VV+냐고/EC+물어봐/VV+EC"
          },
          {
            "id": 18,
            "text": "2 : 진짜 순수하고 귀엽다",
            "norm_text": "진짜 순수하고 귀엽다",
            "speaker": {
              "id": "2번",
              "sex": "여성",
              "age": "20대"
            },
            "speechAct": "(단언) 주장하기",
            "morpheme": "진짜/MAG+순수/NNG+하/XSV+고/EC+귀엽/VA+다/EC"
          }
        ]
      }
    }
  ]
}