{
  "dataset": {
    "identifier": 63365,
    "name": "KAKAO_912_04_set",
    "src_path": "/data/file/cubeManager/PROJECT001/53/txt20211005154135008212/KAKAO_912_04_set/",
    "label_path": "/data/file/cubeManager/PROJECT001/53/txt20211005154135008212/KAKAO_912_04_set/",
    "category": 2,
    "type": 0
  },
  "licenses": {
    "name": "Apache License 1.0",
    "url": "http://www.apache.org/licenses/LICENSE-1.0"
  },
  "info": [
    {
      "id": 41621,
      "filename": "KAKAO_912_04.txt",
      "title": "KAKAO_912_04",
      "mediatype": "SNS",
      "medianame": "카카오톡",
      "category": "일상대화",
      "date": "2021-10-05",
      "size": 562,
      "annotations": {
        "subject": "회사/아르바이트",
        "speaker_type": "1:1",
        "size": 562,
        "word_size": 173,
        "text": "1 : 우리 박물관에서 직장 생활 하던 거 생각 난다 ㅠ\n2 : 그러니까. 근데 여기서도 나는 비슷한 일들을 많이 해\n1 : 그래? ㅋ 지금도 재밌엉? 그때는 회식도 뭔가 즐거웠어 키키\n2 : 문화 시설 관리하는 업무거든. 근데 예전만큼 즐겁지는 않아\n1 : 그래? 거기 ㅠㅠ 급여는 적었지만... 업무가 참 편했지...\n2 : 그때는 우리 또래들이 많아서 항상 즐거웠지\n1 : 맞아 키키 학교 다니는 느낌 키키\n1 : 지금도 연락하고 지내니까 신기하당\n2 : 그러니까. 벌써 거의 10년이 다 되어가네\n1 : 뭔가 스펙에 도움이 되는 일이었다면 오래 다녔을 텐데\n2 : 그러니까. 그래도 그 시간에 너를 만나서 좋았어\n1 : 그러게 키키 직장 생활 하면서 친구 만나기 쉽지 않다 던데\n2 : 친구들을 많이 얻었네. 키키 동갑들이 많은 게 신기했어\n1 : 3층 체험 키키 정말 짜증 나지만 키키 함께면 즐거웠지 키키\n2 : 맞아 맞아. 그래도 우리 다들 본인 일을 찾아서 온 게 대견 하고 신기하다\n1 : 키키 맞아여 키키 그때 난 개인적으로 4층 업무 걸리면 더 짱나더라 키키\n2 : 키키 아직도 생생하게 기억하네  키키 신기하게도",
        "lines": [
          {
            "id": 1,
            "text": "1 : 우리 박물관에서 직장 생활 하던 거 생각 난다 ㅠ",
            "norm_text": "우리 박물관에서 직장 생활 하던 거 생각 난다 ㅠ",
            "speaker": {
              "id": "1번",
              "sex": "여성",
              "age": "30대"
            },
            "speechAct": "(단언) 주장하기",
            "morpheme": "우리/NP+박물관/NNG+에서/JKB+직장/NNG+생활/NNG+하/XSV+던/ETM+거/NNB+생각난/VV+ETM+다ㅠ/UNKNOWN"
          },
          {
            "id": 2,
            "text": "2 : 그러니까. 근데 여기서도 나는 비슷한 일들을 많이 해",
            "norm_text": "그러니까. 근데 여기서도 나는 비슷한 일들을 많이 해",
            "speaker": {
              "id": "2번",
              "sex": "여성",
              "age": "30대"
            },
            "speechAct": "(단언) 진술하기",
            "morpheme": "그러니까/MAJ+근데/MAJ+여기/NP+서/JKB+도/JX+나/NP+는/JX+비슷/XR+한/XSA+ETM+일/NNG+들/XSN+을/JKO+많이/MAG+해/VV+EC"
          },
          {
            "id": 3,
            "text": "1 : 그래? ㅋ 지금도 재밌엉? 그때는 회식도 뭔가 즐거웠어 키키",
            "norm_text": "그래? ㅋ 지금도 재밌엉? 그때는 회식도 뭔가 즐거웠어 키키",
            "speaker": {
              "id": "1번",
              "sex": "여성",
              "age": "30대"
            },
            "speechAct": "(지시) 질문하기",
            "morpheme": "그래/IC+ㅋ/UNKNOWN+지금/NNG+도/JX+재밌/VA+엉/EF+그때/NNG+는/JX+회식/NNG+도/JX+뭔가/NP+VCP+EC+즐거웠/VA+EP+어/EC+키/NNG+키/XSV+ETN"
          },
          {
            "id": 4,
            "text": "2 : 문화 시설 관리하는 업무거든. 근데 예전만큼 즐겁지는 않아",
            "norm_text": "문화 시설 관리하는 업무거든. 근데 예전만큼 즐겁지는 않아",
            "speaker": {
              "id": "2번",
              "sex": "여성",
              "age": "30대"
            },
            "speechAct": "(단언) 진술하기",
            "morpheme": "문화/NNG+시설/NNG+관리/NNG+하/XSV+는/ETM+업무/NNG+거든/VCP+EF+근데/MAJ+예전/NNG+만큼/JKB+즐겁/VA+지/EC+는/JX+않/VX+아/EC"
          },
          {
            "id": 5,
            "text": "1 : 그래? 거기 ㅠㅠ 급여는 적었지만... 업무가 참 편했지...",
            "norm_text": "그래? 거기 ㅠㅠ 급여는 적었지만... 업무가 참 편했지...",
            "speaker": {
              "id": "1번",
              "sex": "여성",
              "age": "30대"
            },
            "speechAct": "(단언) 주장하기",
            "morpheme": "그래/IC+거기/NP+ㅠㅠ/UNKNOWN+급여/NNG+는/JX+적/VA+었/EP+지만/EC+./SY+./SY+업무/NNG+가/JKS+참/MAG+편했/VA+EP+지/EF+./SY"
          },
          {
            "id": 6,
            "text": "2 : 그때는 우리 또래들이 많아서 항상 즐거웠지",
            "norm_text": "그때는 우리 또래들이 많아서 항상 즐거웠지",
            "speaker": {
              "id": "2번",
              "sex": "여성",
              "age": "30대"
            },
            "speechAct": "(단언) 주장하기",
            "morpheme": "그때/NNG+는/JX+우리/NP+또래/NNG+들/XSN+이/JKS+많/VA+아서/EC+항상/MAG+즐거웠/VA+EP+지/EC"
          },
          {
            "id": 7,
            "text": "1 : 맞아 키키 학교 다니는 느낌 키키",
            "norm_text": "맞아 키키 학교 다니는 느낌 키키",
            "speaker": {
              "id": "1번",
              "sex": "여성",
              "age": "30대"
            },
            "speechAct": "(단언) 주장하기",
            "morpheme": "맞/VV+아/EC+키/NNG+키/NNG+학교/NNG+다니/VV+는/ETM+느낌/NNG+키/NNG+키/XSV+ETN"
          },
          {
            "id": 8,
            "text": "1 : 지금도 연락하고 지내니까 신기하당",
            "norm_text": "지금도 연락하고 지내니까 신기하당",
            "speaker": {
              "id": "1번",
              "sex": "여성",
              "age": "30대"
            },
            "speechAct": "(단언) 주장하기",
            "morpheme": "지금/NNG+도/JX+연락/NNG+하/XSV+고/EC+지내/VV+니까/EC+신기/NNG+하당/NNG"
          },
          {
            "id": 9,
            "text": "2 : 그러니까. 벌써 거의 10년이 다 되어가네",
            "norm_text": "그러니까. 벌써 거의 10년이 다 되어가네",
            "speaker": {
              "id": "2번",
              "sex": "여성",
              "age": "30대"
            },
            "speechAct": "(단언) 주장하기",
            "morpheme": "그러니까/MAJ+벌써/MAG+거의/MAG+10/SN+년/NNBC+이/JKS+다/MAG+되/VV+어/EC+가/VX+네/EC"
          },
          {
            "id": 10,
            "text": "1 : 뭔가 스펙에 도움이 되는 일이었다면 오래 다녔을 텐데",
            "norm_text": "뭔가 스펙에 도움이 되는 일이었다면 오래 다녔을 텐데",
            "speaker": {
              "id": "1번",
              "sex": "여성",
              "age": "30대"
            },
            "speechAct": "(단언) 주장하기",
            "morpheme": "뭔가/NP+VCP+EC+스펙/NNP+에/JKB+도움/NNG+이/JKS+되/VV+는/ETM+일/NNG+이/VCP+었/EP+다면/EC+오래/MAG+다녔/VV+EP+을/ETM+텐데/NNB+VCP+EC"
          },
          {
            "id": 11,
            "text": "2 : 그러니까. 그래도 그 시간에 너를 만나서 좋았어",
            "norm_text": "그러니까. 그래도 그 시간에 너를 만나서 좋았어",
            "speaker": {
              "id": "2번",
              "sex": "여성",
              "age": "30대"
            },
            "speechAct": "(단언) 주장하기",
            "morpheme": "그러니까/MAJ+그래도/MAJ+그/MM+시간/NNG+에/JKB+너/NP+를/JKO+만나/VV+서/EC+좋/VA+았/EP+어/EC"
          },
          {
            "id": 12,
            "text": "1 : 그러게 키키 직장 생활 하면서 친구 만나기 쉽지 않다 던데",
            "norm_text": "그러게 키키 직장 생활 하면서 친구 만나기 쉽지 않다 던데",
            "speaker": {
              "id": "1번",
              "sex": "여성",
              "age": "30대"
            },
            "speechAct": "(단언) 진술하기",
            "morpheme": "그러/VV+게/EC+키/NNG+키/NNG+직장/NNG+생활/NNG+하/XSV+면서/EC+친구/NNG+만나/VV+기/ETN+쉽/VA+지/EC+않/VX+다던데/EC"
          },
          {
            "id": 13,
            "text": "2 : 친구들을 많이 얻었네. 키키 동갑들이 많은 게 신기했어",
            "norm_text": "친구들을 많이 얻었네. 키키 동갑들이 많은 게 신기했어",
            "speaker": {
              "id": "2번",
              "sex": "여성",
              "age": "30대"
            },
            "speechAct": "(단언) 주장하기",
            "morpheme": "친구/NNG+들/XSN+을/JKO+많이/MAG+얻/VV+었/EP+네/EF+키/NNG+키/NNG+동갑/NNG+들/XSN+이/JKS+많/VA+은/ETM+게/NNB+JKS+신기/NNG+했/XSV+EP+어/EC"
          },
          {
            "id": 14,
            "text": "1 : 3층 체험 키키 정말 짜증 나지만 키키 함께면 즐거웠지 키키",
            "norm_text": "3층 체험 키키 정말 짜증 나지만 키키 함께면 즐거웠지 키키",
            "speaker": {
              "id": "1번",
              "sex": "여성",
              "age": "30대"
            },
            "speechAct": "(단언) 주장하기",
            "morpheme": "3/SN+층/NNG+체험/NNG+키/NNG+키/XSV+ETN+정말/MAG+짜증/NNG+나/VV+지만/EC+키/NNG+키/NNG+함께/MAG+면/NNG+즐거웠/VA+EP+지/EC+키/NNG+키/XSV+ETN"
          },
          {
            "id": 15,
            "text": "2 : 맞아 맞아. 그래도 우리 다들 본인 일을 찾아서 온 게 대견 하고 신기하다",
            "norm_text": "맞아 맞아. 그래도 우리 다들 본인 일을 찾아서 온 게 대견 하고 신기하다",
            "speaker": {
              "id": "2번",
              "sex": "여성",
              "age": "30대"
            },
            "speechAct": "(단언) 주장하기",
            "morpheme": "맞/VV+아/EC+맞/VV+아/EF+그래도/MAJ+우리/NP+다/MAG+들/XSN+본인/NNG+일/NNG+을/JKO+찾/VV+아서/EC+온/VX+ETM+게/NNB+JKS+대견/NNG+하/XSV+고/EC+신기/XR+하/XSA+다/EC"
          },
          {
            "id": 16,
            "text": "1 : 키키 맞아여 키키 그때 난 개인적으로 4층 업무 걸리면 더 짱나더라 키키",
            "norm_text": "키키 맞아여 키키 그때 난 개인적으로 4층 업무 걸리면 더 짱나더라 키키",
            "speaker": {
              "id": "1번",
              "sex": "여성",
              "age": "30대"
            },
            "speechAct": "(단언) 주장하기",
            "morpheme": "키/NNG+키/XSV+ETN+맞/VV+아/EC+여/NNG+키/NNG+키/NNG+그때/NNG+난/VV+ETM+개인/NNG+적/XSN+으로/JKB+4/SN+층/NNG+업무/NNG+걸리/VV+면/EC+더/MAG+짱나/VV+더라/EC+키/NNG+키/XSV+ETN"
          },
          {
            "id": 17,
            "text": "2 : 키키 아직도 생생하게 기억하네  키키 신기하게도",
            "norm_text": "키키 아직도 생생하게 기억하네  키키 신기하게도",
            "speaker": {
              "id": "2번",
              "sex": "여성",
              "age": "30대"
            },
            "speechAct": "(단언) 주장하기",
            "morpheme": "키/NNG+키/NNG+아직/MAG+도/JX+생생/XR+하/XSA+게/EC+기억/NNG+하/XSV+네/EC+키/NNG+키/XSV+ETN+신기/XR+하/XSA+게/EC+도/JX"
          }
        ]
      }
    }
  ]
}