{
  "dataset": {
    "identifier": 60122,
    "name": "KAKAO_986_18_set",
    "src_path": "/data/file/cubeManager/PROJECT001/53/txt202110061349020730104/KAKAO_986_18_set/",
    "label_path": "/data/file/cubeManager/PROJECT001/53/txt202110061349020730104/KAKAO_986_18_set/",
    "category": 2,
    "type": 0
  },
  "licenses": {
    "name": "Apache License 1.0",
    "url": "http://www.apache.org/licenses/LICENSE-1.0"
  },
  "info": [
    {
      "id": 43463,
      "filename": "KAKAO_986_18.txt",
      "title": "KAKAO_986_18",
      "mediatype": "SNS",
      "medianame": "카카오톡",
      "category": "일상대화",
      "date": "2021-10-06",
      "size": 612,
      "annotations": {
        "subject": "상거래 전반",
        "speaker_type": "1:1",
        "size": 612,
        "word_size": 206,
        "text": "1 : 요즘 쇼핑 좀 하나~?\n2 : 쇼핑 맨날 하지 키키\n2 : 가게 비품 사느라 맨날 폰 보고 앉았다\n1 : 아 키키 비품...!\n1 : 난 옷 생각하면서 물어본 건데 완전 다른 대답이네 키키\n2 : 키키 요즘 나는 가게밖에 없노... 내 인생 ㅜㅜ\n2 : 내 옷 살 겨를이 없다 키키\n1 : 키키 애엄마답네... 키키\n1 : 하긴 나도 요즘 일하느라 키키 맨날 교복 같은 옷만 입고 다님...\n2 : 근데 ** 옷 사지도 않아 키키\n1 : 키키 가전은 안 필요하나...? 키키\n1 : 가격 싸게 줄게\n2 : 아 키키 신혼도 아니고 키키\n2 : 요즘 거래량은 쫌 어떠니?\n2 : 장사 잘되니?\n1 : 여름이 별로 안 더워서 에어컨도 박살 났고 키키\n1 : 행산데 계속 비 뿌리고 매출 박살 나버렸지 뭐니\n2 : 키키 핵 박살나뿟노\n1 : 키키 슬프다... 온라인도 하면 좋을 텐데\n2 : 글게 왜 온라인은 안 하노 키키\n1 : 키키 삼성에서 막아놨지 뭐...\n1 : 온라인 거래 쪽은 따로 있으니 ㅠㅠ\n2 : 이제 가을 옷도 나오던데... 옷 사고 싶노 ㅜㅜ\n1 : 요즘 진짜 키키 브랜디 같은 데 들어가면 사고 싶은 옷 천지\n2 : 맞다 키키 요즘 브랜디랑 에이블리 많이 들어가 보게 되더라...\n2 : 배송비 없고 은근 득템들 많음",
        "lines": [
          {
            "id": 1,
            "text": "1 : 요즘 쇼핑 좀 하나~?",
            "norm_text": "요즘 쇼핑 좀 하나~?",
            "speaker": {
              "id": "1번",
              "sex": "여성",
              "age": "30대"
            },
            "speechAct": "(지시) 질문하기",
            "morpheme": "요즘/NNG+쇼핑/NNG+좀/MAG+하나/NR+~/SY"
          },
          {
            "id": 2,
            "text": "2 : 쇼핑 맨날 하지 키키",
            "norm_text": "쇼핑 맨날 하지 키키",
            "speaker": {
              "id": "2번",
              "sex": "여성",
              "age": "30대"
            },
            "speechAct": "(단언) 주장하기",
            "morpheme": "쇼핑/NNG+맨날/MAG+하/VV+지/EC+키/NNG+키/XSV+ETN"
          },
          {
            "id": 3,
            "text": "2 : 가게 비품 사느라 맨날 폰 보고 앉았다",
            "norm_text": "가게 비품 사느라 맨날 폰 보고 앉았다",
            "speaker": {
              "id": "2번",
              "sex": "여성",
              "age": "30대"
            },
            "speechAct": "(단언) 주장하기",
            "morpheme": "가게/NNG+비품/NNG+사/VV+느라/EC+맨날/MAG+폰/NNG+보/VV+고/EC+앉/VV+았/EP+다/EC"
          },
          {
            "id": 4,
            "text": "1 : 아 키키 비품...!",
            "norm_text": "아 키키 비품...!",
            "speaker": {
              "id": "1번",
              "sex": "여성",
              "age": "30대"
            },
            "speechAct": "(표현) 부정감정 표현하기",
            "morpheme": "아키/NNP+키/NNG+비품/NNG+./SY+./SY"
          },
          {
            "id": 5,
            "text": "1 : 난 옷 생각하면서 물어본 건데 완전 다른 대답이네 키키",
            "norm_text": "난 옷 생각하면서 물어본 건데 완전 다른 대답이네 키키",
            "speaker": {
              "id": "1번",
              "sex": "여성",
              "age": "30대"
            },
            "speechAct": "(단언) 주장하기",
            "morpheme": "난/NP+JX+옷/NNG+생각/NNG+하/XSV+면서/EC+물어본/VV+ETM+건데/NNB+VCP+EC+완전/MAG+다른/MM+대답/NNG+이/JKS+네/MM+키/NNG+키/XSV+ETN"
          },
          {
            "id": 6,
            "text": "2 : 키키 요즘 나는 가게밖에 없노... 내 인생 ㅜㅜ",
            "norm_text": "키키 요즘 나는 가게밖에 없노... 내 인생 ㅜㅜ",
            "speaker": {
              "id": "2번",
              "sex": "여성",
              "age": "30대"
            },
            "speechAct": "(단언) 주장하기",
            "morpheme": "키/NNG+키/NNG+요즘/MAG+나/NP+는/JX+가게/NNG+밖에/JX+없/VA+노/EF+./SY+내인생ㅜㅜ/UNKNOWN"
          },
          {
            "id": 7,
            "text": "2 : 내 옷 살 겨를이 없다 키키",
            "norm_text": "내 옷 살 겨를이 없다 키키",
            "speaker": {
              "id": "2번",
              "sex": "여성",
              "age": "30대"
            },
            "speechAct": "(단언) 주장하기",
            "morpheme": "내/NP+JKG+옷/NNG+살/VV+ETM+겨를/NNB+이/JKS+없/VA+다키키/NNP"
          },
          {
            "id": 8,
            "text": "1 : 키키 애엄마답네... 키키",
            "norm_text": "키키 애엄마답네... 키키",
            "speaker": {
              "id": "1번",
              "sex": "여성",
              "age": "30대"
            },
            "speechAct": "(단언) 주장하기",
            "morpheme": "키/NNG+키/NNG+애/NNG+엄마/NNG+답/XSA+네/EF+./SY+키/NNG+키/XSV+ETN"
          },
          {
            "id": 9,
            "text": "1 : 하긴 나도 요즘 일하느라 키키 맨날 교복 같은 옷만 입고 다님...",
            "norm_text": "하긴 나도 요즘 일하느라 키키 맨날 교복 같은 옷만 입고 다님...",
            "speaker": {
              "id": "1번",
              "sex": "여성",
              "age": "30대"
            },
            "speechAct": "(단언) 주장하기",
            "morpheme": "하긴/MAJ+나/NP+도/JX+요즘/NNG+일/NNG+하/XSV+느라/EC+키/NNG+키/NNG+맨날/MAG+교복/NNG+같/VA+은/ETM+옷/NNG+만/JX+입/VV+고/EC+다님/VV+ETN+./SY"
          },
          {
            "id": 10,
            "text": "2 : 근데 ** 옷 사지도 않아 키키",
            "norm_text": "근데 ** 옷 사지도 않아 키키",
            "speaker": {
              "id": "2번",
              "sex": "여성",
              "age": "30대"
            },
            "speechAct": "(단언) 주장하기",
            "morpheme": "근데/MAJ+*/SY+*/SY+옷사지도않아키키/UNKNOWN"
          },
          {
            "id": 11,
            "text": "1 : 키키 가전은 안 필요하나...? 키키",
            "norm_text": "키키 가전은 안 필요하나...? 키키",
            "speaker": {
              "id": "1번",
              "sex": "여성",
              "age": "30대"
            },
            "speechAct": "(지시) 질문하기",
            "morpheme": "키/NNG+키가/XSV+ETN+JKS+전/NNG+은/JX+안/MAG+필요/NNG+하나/NR+./SY+./SY+키/NNG+키/XSV+ETN"
          },
          {
            "id": 12,
            "text": "1 : 가격 싸게 줄게",
            "norm_text": "가격 싸게 줄게",
            "speaker": {
              "id": "1번",
              "sex": "여성",
              "age": "30대"
            },
            "speechAct": "(지시) 충고/제안하기",
            "morpheme": "가격/NNG+싸/VA+게/EC+줄/VX+ETM+게/NNB+JKS"
          },
          {
            "id": 13,
            "text": "2 : 아 키키 신혼도 아니고 키키",
            "norm_text": "아 키키 신혼도 아니고 키키",
            "speaker": {
              "id": "2번",
              "sex": "여성",
              "age": "30대"
            },
            "speechAct": "(단언) 주장하기",
            "morpheme": "아키/NNP+키/NNG+신혼/NNG+도/JX+아니/VCN+고/EC+키/NNG+키/XSV+ETN"
          },
          {
            "id": 14,
            "text": "2 : 요즘 거래량은 쫌 어떠니?",
            "norm_text": "요즘 거래량은 쫌 어떠니?",
            "speaker": {
              "id": "2번",
              "sex": "여성",
              "age": "30대"
            },
            "speechAct": "(지시) 질문하기",
            "morpheme": "요즘/NNG+거래량/NNG+은/JX+쫌/MAG+어떠/VA+니/EF"
          },
          {
            "id": 15,
            "text": "2 : 장사 잘되니?",
            "norm_text": "장사 잘되니?",
            "speaker": {
              "id": "2번",
              "sex": "여성",
              "age": "30대"
            },
            "speechAct": "(지시) 질문하기",
            "morpheme": "장사/NNG+잘/MAG+되/VV+니/EF"
          },
          {
            "id": 16,
            "text": "1 : 여름이 별로 안 더워서 에어컨도 박살 났고 키키",
            "norm_text": "여름이 별로 안 더워서 에어컨도 박살 났고 키키",
            "speaker": {
              "id": "1번",
              "sex": "여성",
              "age": "30대"
            },
            "speechAct": "(단언) 주장하기",
            "morpheme": "여름/NNG+이/JKS+별로/MAG+안/MAG+더워서/VA+EC+에어컨/NNG+도/JX+박살났/VV+EP+고/EC+키/NNG+키/XSV+ETN"
          },
          {
            "id": 17,
            "text": "1 : 행산데 계속 비 뿌리고 매출 박살 나버렸지 뭐니",
            "norm_text": "행산데 계속 비 뿌리고 매출 박살 나버렸지 뭐니",
            "speaker": {
              "id": "1번",
              "sex": "여성",
              "age": "30대"
            },
            "speechAct": "(단언) 주장하기",
            "morpheme": "행산/NNP+데/NNB+계속비/NNG+뿌리/VV+고/EC+매출/NNG+박살나/VV+EC+버렸/VX+EP+지/EF+뭐/NP+니/VCP+EC"
          },
          {
            "id": 18,
            "text": "2 : 키키 핵 박살나뿟노",
            "norm_text": "키키 핵 박살나뿟노",
            "speaker": {
              "id": "2번",
              "sex": "여성",
              "age": "30대"
            },
            "speechAct": "(단언) 주장하기",
            "morpheme": "키키핵박살나뿟노/UNKNOWN"
          },
          {
            "id": 19,
            "text": "1 : 키키 슬프다... 온라인도 하면 좋을 텐데",
            "norm_text": "키키 슬프다... 온라인도 하면 좋을 텐데",
            "speaker": {
              "id": "1번",
              "sex": "여성",
              "age": "30대"
            },
            "speechAct": "(단언) 주장하기",
            "morpheme": "키/NNG+키/XSV+ETN+슬프/VA+다/EF+./SY+온라인/NNG+도/JX+하/VV+면/EC+좋/VA+을/ETM+텐데/NNB+VCP+EC"
          },
          {
            "id": 20,
            "text": "2 : 글게 왜 온라인은 안 하노 키키",
            "norm_text": "글게 왜 온라인은 안 하노 키키",
            "speaker": {
              "id": "2번",
              "sex": "여성",
              "age": "30대"
            },
            "speechAct": "(지시) 질문하기",
            "morpheme": "글/VA+게/EC+왜/MAG+온라인/NNG+은/JX+안/MAG+하/VV+노/EC+키/NNG+키/XSV+ETN"
          },
          {
            "id": 21,
            "text": "1 : 키키 삼성에서 막아놨지 뭐...",
            "norm_text": "키키 삼성에서 막아놨지 뭐...",
            "speaker": {
              "id": "1번",
              "sex": "여성",
              "age": "30대"
            },
            "speechAct": "(단언) 진술하기",
            "morpheme": "키키/NNP+삼성/NNP+에서/JKB+막/VV+아/EC+놨/VX+EP+지/EF+뭐/IC+./SY"
          },
          {
            "id": 22,
            "text": "1 : 온라인 거래 쪽은 따로 있으니 ㅠㅠ",
            "norm_text": "온라인 거래 쪽은 따로 있으니 ㅠㅠ",
            "speaker": {
              "id": "1번",
              "sex": "여성",
              "age": "30대"
            },
            "speechAct": "(단언) 진술하기",
            "morpheme": "온라인/NNG+거래/NNG+쪽/NNB+은/JX+따로/MAG+있/VV+으니/EC+ㅠㅠ/UNKNOWN"
          },
          {
            "id": 23,
            "text": "2 : 이제 가을 옷도 나오던데... 옷 사고 싶노 ㅜㅜ",
            "norm_text": "이제 가을 옷도 나오던데... 옷 사고 싶노 ㅜㅜ",
            "speaker": {
              "id": "2번",
              "sex": "여성",
              "age": "30대"
            },
            "speechAct": "(단언) 주장하기",
            "morpheme": "이제/MAG+가을/NNG+옷/NNG+도/JX+나오/VV+던데/EF+./SY+옷사고싶노ㅜㅜ/UNKNOWN"
          },
          {
            "id": 24,
            "text": "1 : 요즘 진짜 키키 브랜디 같은 데 들어가면 사고 싶은 옷 천지",
            "norm_text": "요즘 진짜 키키 브랜디 같은 데 들어가면 사고 싶은 옷 천지",
            "speaker": {
              "id": "1번",
              "sex": "여성",
              "age": "30대"
            },
            "speechAct": "(단언) 주장하기",
            "morpheme": "요즘/MAG+진짜/MAG+키/NNG+키/NNG+브랜디/NNG+같/VA+은/ETM+데/NNB+들어가/VV+면/EC+사/VV+고/EC+싶/VX+은/ETM+옷/NNG+천지/NNG"
          },
          {
            "id": 25,
            "text": "2 : 맞다 키키 요즘 브랜디랑 에이블리 많이 들어가 보게 되더라...",
            "norm_text": "맞다 키키 요즘 브랜디랑 에이블리 많이 들어가 보게 되더라...",
            "speaker": {
              "id": "2번",
              "sex": "여성",
              "age": "30대"
            },
            "speechAct": "(단언) 주장하기",
            "morpheme": "맞/XPN+다키키/NNP+요즘/NNG+브랜디/NNG+랑/JKB+에이/NNG+블리/NNP+많이/MAG+들어가/VV+EC+보/VX+게/EC+되/VV+더라/EF+./SY"
          },
          {
            "id": 26,
            "text": "2 : 배송비 없고 은근 득템들 많음",
            "norm_text": "배송비 없고 은근 득템들 많음",
            "speaker": {
              "id": "2번",
              "sex": "여성",
              "age": "30대"
            },
            "speechAct": "(단언) 주장하기",
            "morpheme": "배송/NNG+비/NNG+없/VA+고/EC+은근/NNG+득템/NNG+들/XSN+많/VA+음/ETN"
          }
        ]
      }
    }
  ]
}