{
  "dataset": {
    "identifier": 60572,
    "name": "KAKAO_977_20_set",
    "src_path": "/data/file/cubeManager/PROJECT001/53/txt20211006135026010038/KAKAO_977_20_set/",
    "label_path": "/data/file/cubeManager/PROJECT001/53/txt20211006135026010038/KAKAO_977_20_set/",
    "category": 2,
    "type": 0
  },
  "licenses": {
    "name": "Apache License 1.0",
    "url": "http://www.apache.org/licenses/LICENSE-1.0"
  },
  "info": [
    {
      "id": 43837,
      "filename": "KAKAO_977_20.txt",
      "title": "KAKAO_977_20",
      "mediatype": "SNS",
      "medianame": "카카오톡",
      "category": "일상대화",
      "date": "2021-10-06",
      "size": 458,
      "annotations": {
        "subject": "영화/만화",
        "speaker_type": "1:1",
        "size": 458,
        "word_size": 152,
        "text": "1 : 페북 보다가 영화 그 바닷가에서 1분에 1년인가? 늙는 뭐 그런 영화 있던데\n2 : 어 그거 이번에 새로 개봉하는 거 아니에요?\n1 : 어 그럴걸? 그 23 아이덴티티 했던 감독이라든데\n2 : 오 키키 그거 선전? 하는 거 봤어요 유튭으로\n1 : 그런 장르 나 좋아함 키키\n1 : 재밌을 것 같던데\n2 : 키키 오 형 그런 장르 좋아해요? 스릴러?\n1 : 어 뭔가 신기한 거?\n1 : 상상도 못한 거? 키키\n2 : 키키 오 재밌을 것 같긴 하더라구요\n1 : 어 키키 뭔가 새로운 느낌이야 키키\n2 : 키키 되게 그 장소도 찾고 하는데 고생했다는 걸 봤어요\n1 : 오? 대박이네 그런 정보까지 키키\n2 : 키키 그런 걸 선전하더라구요?\n1 : 오? 키키 희한하군 키키\n1 : 쨌든 신선한 장르야 키키\n2 : 키키 그래서 누나랑 보러 가나요\n1 : 키키 모르겠어 물어봐야겠다 키키\n1 : 공유한다는 걸 까먹었네\n2 : 키키 누나는 그런 거 좋아해요?",
        "lines": [
          {
            "id": 1,
            "text": "1 : 페북 보다가 영화 그 바닷가에서 1분에 1년인가? 늙는 뭐 그런 영화 있던데",
            "norm_text": "페북 보다가 영화 그 바닷가에서 1분에 1년인가? 늙는 뭐 그런 영화 있던데",
            "speaker": {
              "id": "1번",
              "sex": "남성",
              "age": "20대"
            },
            "speechAct": "(단언) 주장하기",
            "morpheme": "페북/NNP+보/VV+다가/EC+영화/NNG+그/MM+바닷가/NNG+에서/JKB+1/SN+분/NNBC+에/JKB+1/SN+년/NNBC+인가/VCP+EF+늙/VV+는/ETM+뭐/IC+그런/MM+영화/NNG+있/VV+던데/EC"
          },
          {
            "id": 2,
            "text": "2 : 어 그거 이번에 새로 개봉하는 거 아니에요?",
            "norm_text": "어 그거 이번에 새로 개봉하는 거 아니에요?",
            "speaker": {
              "id": "2번",
              "sex": "남성",
              "age": "20대"
            },
            "speechAct": "(지시) 질문하기",
            "morpheme": "어/IC+그거/NP+이번/NNG+에/JKB+새로/MAG+개봉/NNG+하/XSV+는/ETM+거/NNB+아니/VCN+에요/EF"
          },
          {
            "id": 3,
            "text": "1 : 어 그럴걸? 그 23 아이덴티티 했던 감독이라든데",
            "norm_text": "어 그럴걸? 그 23 아이덴티티 했던 감독이라든데",
            "speaker": {
              "id": "1번",
              "sex": "남성",
              "age": "20대"
            },
            "speechAct": "(단언) 주장하기",
            "morpheme": "어/IC+그럴걸/VV+EF+그/MM+23/SN+아이덴티티/NNG+했/XSV+EP+던/ETM+감독/NNG+이/VCP+라든/ETM+데/NNB"
          },
          {
            "id": 4,
            "text": "2 : 오 키키 그거 선전? 하는 거 봤어요 유튭으로",
            "norm_text": "오 키키 그거 선전? 하는 거 봤어요 유튭으로",
            "speaker": {
              "id": "2번",
              "sex": "남성",
              "age": "20대"
            },
            "speechAct": "(단언) 주장하기",
            "morpheme": "오키/NNP+키/NNG+그거/NP+선전/NNG+하/VV+는/ETM+거/NNB+봤/VV+EP+어요/EF+유튭/UNKNOWN+으로/JKB"
          },
          {
            "id": 5,
            "text": "1 : 그런 장르 나 좋아함 키키",
            "norm_text": "그런 장르 나 좋아함 키키",
            "speaker": {
              "id": "1번",
              "sex": "남성",
              "age": "20대"
            },
            "speechAct": "(단언) 주장하기",
            "morpheme": "그런/MM+장르/NNG+나좋/NNG+아함/IC+ETN+키/NNG+키/XSV+ETN"
          },
          {
            "id": 6,
            "text": "1 : 재밌을 것 같던데",
            "norm_text": "재밌을 것 같던데",
            "speaker": {
              "id": "1번",
              "sex": "남성",
              "age": "20대"
            },
            "speechAct": "(단언) 주장하기",
            "morpheme": "재밌/VA+을/ETM+것/NNB+같/VA+던데/EC"
          },
          {
            "id": 7,
            "text": "2 : 키키 오 형 그런 장르 좋아해요? 스릴러?",
            "norm_text": "키키 오 형 그런 장르 좋아해요? 스릴러?",
            "speaker": {
              "id": "2번",
              "sex": "남성",
              "age": "20대"
            },
            "speechAct": "(지시) 질문하기",
            "morpheme": "키/NNG+키/NNG+오형/NNG+그런/MM+장르/NNG+좋/VA+아/EC+해요/VX+EF+스릴러/NNG"
          },
          {
            "id": 8,
            "text": "1 : 어 뭔가 신기한 거?",
            "norm_text": "어 뭔가 신기한 거?",
            "speaker": {
              "id": "1번",
              "sex": "남성",
              "age": "20대"
            },
            "speechAct": "(단언) 주장하기",
            "morpheme": "어/IC+뭔가/NP+VCP+EC+신기/XR+한/XSA+ETM+거/NNB"
          },
          {
            "id": 9,
            "text": "1 : 상상도 못한 거? 키키",
            "norm_text": "상상도 못한 거? 키키",
            "speaker": {
              "id": "1번",
              "sex": "남성",
              "age": "20대"
            },
            "speechAct": "(단언) 주장하기",
            "morpheme": "상상/NNG+도/JX+못한/VX+ETM+거/NNB+키/NNG+키/XSV+ETN"
          },
          {
            "id": 10,
            "text": "2 : 키키 오 재밌을 것 같긴 하더라구요",
            "norm_text": "키키 오 재밌을 것 같긴 하더라구요",
            "speaker": {
              "id": "2번",
              "sex": "남성",
              "age": "20대"
            },
            "speechAct": "(단언) 주장하기",
            "morpheme": "키/NNG+키/VV+오/EC+재밌/VA+을/ETM+것/NNB+같/VA+긴/ETN+JX+하/VX+더라구요/EC"
          },
          {
            "id": 11,
            "text": "1 : 어 키키 뭔가 새로운 느낌이야 키키",
            "norm_text": "어 키키 뭔가 새로운 느낌이야 키키",
            "speaker": {
              "id": "1번",
              "sex": "남성",
              "age": "20대"
            },
            "speechAct": "(단언) 주장하기",
            "morpheme": "어/IC+키/NNG+키/XSV+ETN+뭔가/NP+VCP+EC+새로운/VA+ETM+느낌/NNG+이/VCP+야/EC+키/NNG+키/XSV+ETN"
          },
          {
            "id": 12,
            "text": "2 : 키키 되게 그 장소도 찾고 하는데 고생했다는 걸 봤어요",
            "norm_text": "키키 되게 그 장소도 찾고 하는데 고생했다는 걸 봤어요",
            "speaker": {
              "id": "2번",
              "sex": "남성",
              "age": "20대"
            },
            "speechAct": "(단언) 주장하기",
            "morpheme": "키/NNG+키/NNG+되/XSV+게/EC+그/MM+장소/NNG+도/JX+찾/VV+고/EC+하/VV+는데/EC+고생/NNG+했/XSV+EP+다는/ETM+걸/NNB+JKO+봤/VV+EP+어요/EF"
          },
          {
            "id": 13,
            "text": "1 : 오? 대박이네 그런 정보까지 키키",
            "norm_text": "오? 대박이네 그런 정보까지 키키",
            "speaker": {
              "id": "1번",
              "sex": "남성",
              "age": "20대"
            },
            "speechAct": "(단언) 주장하기",
            "morpheme": "오/IC+대박/NNG+이/VCP+네/EF+그런/MM+정보/NNG+까지/JX+키/NNG+키/XSV+ETN"
          },
          {
            "id": 14,
            "text": "2 : 키키 그런 걸 선전하더라구요?",
            "norm_text": "키키 그런 걸 선전하더라구요?",
            "speaker": {
              "id": "2번",
              "sex": "남성",
              "age": "20대"
            },
            "speechAct": "(지시) 질문하기",
            "morpheme": "키키/NNP+그런/MM+걸/NNB+JKO+선전/NNG+하/XSA+더라구요/EF"
          },
          {
            "id": 15,
            "text": "1 : 오? 키키 희한하군 키키",
            "norm_text": "오? 키키 희한하군 키키",
            "speaker": {
              "id": "1번",
              "sex": "남성",
              "age": "20대"
            },
            "speechAct": "(단언) 주장하기",
            "morpheme": "오/IC+키키희한하군키키/UNKNOWN"
          },
          {
            "id": 16,
            "text": "1 : 쨌든 신선한 장르야 키키",
            "norm_text": "쨌든 신선한 장르야 키키",
            "speaker": {
              "id": "1번",
              "sex": "남성",
              "age": "20대"
            },
            "speechAct": "(단언) 주장하기",
            "morpheme": "쨌/VV+EP+든/EC+신선/XR+한/XSA+ETM+장르/NNG+야/VCP+EF+키/NNG+키/XSV+ETN"
          },
          {
            "id": 17,
            "text": "2 : 키키 그래서 누나랑 보러 가나요",
            "norm_text": "키키 그래서 누나랑 보러 가나요",
            "speaker": {
              "id": "2번",
              "sex": "남성",
              "age": "20대"
            },
            "speechAct": "(단언) 주장하기",
            "morpheme": "키/NNG+키/XSV+ETN+그래서/MAJ+누나/NNG+랑/JKB+보/VV+러/EC+가/VX+나요/EC"
          },
          {
            "id": 18,
            "text": "1 : 키키 모르겠어 물어봐야겠다 키키",
            "norm_text": "키키 모르겠어 물어봐야겠다 키키",
            "speaker": {
              "id": "1번",
              "sex": "남성",
              "age": "20대"
            },
            "speechAct": "(단언) 주장하기",
            "morpheme": "키/NNG+키/XSV+ETN+모르/VV+겠/EP+어/EC+물어봐야/VV+EC+VX+겠/EP+다키키/NNP"
          },
          {
            "id": 19,
            "text": "1 : 공유한다는 걸 까먹었네",
            "norm_text": "공유한다는 걸 까먹었네",
            "speaker": {
              "id": "1번",
              "sex": "남성",
              "age": "20대"
            },
            "speechAct": "(단언) 주장하기",
            "morpheme": "공유/NNG+한다는/XSV+ETM+걸까/NNB+VCP+EC+먹/VV+었/EP+네/EF"
          },
          {
            "id": 20,
            "text": "2 : 키키 누나는 그런 거 좋아해요?",
            "norm_text": "키키 누나는 그런 거 좋아해요?",
            "speaker": {
              "id": "2번",
              "sex": "남성",
              "age": "20대"
            },
            "speechAct": "(지시) 질문하기",
            "morpheme": "키/NNG+키/NNG+누나/NNG+는/JX+그런/MM+거/NNB+좋/VA+아/EC+해요/VX+EF"
          }
        ]
      }
    }
  ]
}