{
  "dataset": {
    "identifier": 69007,
    "name": "KAKAO_929_06_set",
    "src_path": "/data/file/cubeManager/PROJECT001/53/txt20211005155821097865/KAKAO_929_06_set/",
    "label_path": "/data/file/cubeManager/PROJECT001/53/txt20211005155821097865/KAKAO_929_06_set/",
    "category": 2,
    "type": 0
  },
  "licenses": {
    "name": "Apache License 1.0",
    "url": "http://www.apache.org/licenses/LICENSE-1.0"
  },
  "info": [
    {
      "id": 41883,
      "filename": "KAKAO_929_06.txt",
      "title": "KAKAO_929_06",
      "mediatype": "SNS",
      "medianame": "카카오톡",
      "category": "일상대화",
      "date": "2021-10-05",
      "size": 438,
      "annotations": {
        "subject": "교육",
        "speaker_type": "1:1",
        "size": 438,
        "word_size": 148,
        "text": "1 : 학교 다닐 때가 젤 좋은 때였어 ^^\n2 : 나도 그렇게 생각해 ^^ 돈 버는 건 뭣 같애\n1 : 키키 그렇다면 다시 고딩 때로 간다면 공부 열심히 할 꺼니?\n2 : 아니 더 열심히 놀 거야 키키\n1 : 나두 나두 그리고 유튜버 할 꺼야\n2 : 유투벜 키키 나도 유투버 할래\n1 : 나 애 낳으면 공부하라는 말은 절대 안 할 꺼임...\n2 : 좋은 생각이야 공부 다 필요 없어\n1 : 키키 기본만 알면 그냥저냥 키키\n2 : 산수만 잘하고 손해만 안 보면 인생 살어~\n1 : 10년 전에 유튜브 시작했으면 큰돈 벌었을 껀디 키키\n2 : 워 벌써 구독자수가 얼마겠냐 돈 ㅎㄷㄷ\n1 : 키키 그때는 유튜버도 없었자네 그때 했었어야 했어...\n2 : 아 긍게 우리 대학생 때 했었어도 대박이였다\n1 : 키키 그때 학교에 낸 돈 그냥 비트코인만 샀어도 ^^\n2 : 와 장난 ^_^ 그때 나는 전기차 주식 살 거야",
        "lines": [
          {
            "id": 1,
            "text": "1 : 학교 다닐 때가 젤 좋은 때였어 ^^",
            "norm_text": "학교 다닐 때가 젤 좋은 때였어 ^^",
            "speaker": {
              "id": "1번",
              "sex": "여성",
              "age": "30대"
            },
            "speechAct": "(단언) 주장하기",
            "morpheme": "학교/NNG+다닐/VV+ETM+때/NNG+가/JKS+젤/MAG+좋/VA+은/ETM+때/NNG+였/VCP+EP+어/EC+^/SY+^/SY"
          },
          {
            "id": 2,
            "text": "2 : 나도 그렇게 생각해 ^^ 돈 버는 건 뭣 같애",
            "norm_text": "나도 그렇게 생각해 ^^ 돈 버는 건 뭣 같애",
            "speaker": {
              "id": "2번",
              "sex": "여성",
              "age": "20대"
            },
            "speechAct": "(단언) 주장하기",
            "morpheme": "나/NP+도/JX+그렇/VA+게/EC+생각/NNG+해/XSV+EC+^/SY+^/SY+돈/NNG+버/VV+는/ETM+건/NNB+JX+뭣/NP+같/VA+애/EC"
          },
          {
            "id": 3,
            "text": "1 : 키키 그렇다면 다시 고딩 때로 간다면 공부 열심히 할 꺼니?",
            "norm_text": "키키 그렇다면 다시 고딩 때로 간다면 공부 열심히 할 꺼니?",
            "speaker": {
              "id": "1번",
              "sex": "여성",
              "age": "30대"
            },
            "speechAct": "(지시) 질문하기",
            "morpheme": "키/NNG+키/XSV+ETN+그렇/VA+다면/EC+다시/VV+고/EC+딩/MAG+때로/MAG+간다면/VV+EC+공부/NNG+열심히/MAG+할꺼/VV+ETM+NNB+VCP+니/EF"
          },
          {
            "id": 4,
            "text": "2 : 아니 더 열심히 놀 거야 키키",
            "norm_text": "아니 더 열심히 놀 거야 키키",
            "speaker": {
              "id": "2번",
              "sex": "여성",
              "age": "20대"
            },
            "speechAct": "(단언) 주장하기",
            "morpheme": "아니/IC+더/MAG+열심히/MAG+놀/VV+ETM+거/NNB+야/VCP+EF+키/NNG+키/XSV+ETN"
          },
          {
            "id": 5,
            "text": "1 : 나두 나두 그리고 유튜버 할 꺼야",
            "norm_text": "나두 나두 그리고 유튜버 할 꺼야",
            "speaker": {
              "id": "1번",
              "sex": "여성",
              "age": "30대"
            },
            "speechAct": "(단언) 주장하기",
            "morpheme": "나/NP+두/JX+나/NP+두/JX+그리고/MAJ+유/NNP+튜버/NNP+할꺼/VV+ETM+NNB+VCP+야/EC"
          },
          {
            "id": 6,
            "text": "2 : 유투벜 키키 나도 유투버 할래",
            "norm_text": "유투벜 키키 나도 유투버 할래",
            "speaker": {
              "id": "2번",
              "sex": "여성",
              "age": "20대"
            },
            "speechAct": "(단언) 주장하기",
            "morpheme": "유투/NNP+벜키/UNKNOWN+키나/XSA+ETN+JX+도/JX+유투/NNP+버/NNP+할래/VV+EC"
          },
          {
            "id": 7,
            "text": "1 : 나 애 낳으면 공부하라는 말은 절대 안 할 꺼임...",
            "norm_text": "나 애 낳으면 공부하라는 말은 절대 안 할 꺼임...",
            "speaker": {
              "id": "1번",
              "sex": "여성",
              "age": "30대"
            },
            "speechAct": "(단언) 주장하기",
            "morpheme": "나/NP+애/NNG+낳/VV+으면/EC+공부/NNG+하/XSV+라는/ETM+말/NNG+은/JX+절대/MAG+안/MAG+할꺼/VV+ETM+NNB+VCP+임/VCP+ETN+./SY"
          },
          {
            "id": 8,
            "text": "2 : 좋은 생각이야 공부 다 필요 없어",
            "norm_text": "좋은 생각이야 공부 다 필요 없어",
            "speaker": {
              "id": "2번",
              "sex": "여성",
              "age": "20대"
            },
            "speechAct": "(단언) 주장하기",
            "morpheme": "좋/VA+은/ETM+생각/NNG+이/VCP+야/EC+공부/NNG+다/MAG+필요/NNG+없/VA+어/EC"
          },
          {
            "id": 9,
            "text": "1 : 키키 기본만 알면 그냥저냥 키키",
            "norm_text": "키키 기본만 알면 그냥저냥 키키",
            "speaker": {
              "id": "1번",
              "sex": "여성",
              "age": "30대"
            },
            "speechAct": "(단언) 주장하기",
            "morpheme": "키/NNG+키/NNG+기본/NNG+만/JX+알/VV+면/EC+그냥저냥/MAG+키/NNG+키/XSV+ETN"
          },
          {
            "id": 10,
            "text": "2 : 산수만 잘하고 손해만 안 보면 인생 살어~",
            "norm_text": "산수만 잘하고 손해만 안 보면 인생 살어~",
            "speaker": {
              "id": "2번",
              "sex": "여성",
              "age": "20대"
            },
            "speechAct": "(단언) 주장하기",
            "morpheme": "산수/NNG+만/JX+잘/MAG+하/VV+고/EC+손해/NNG+만/JX+안/MAG+보/VV+면/EC+인생/NNG+살/VV+어/EC+~/SY"
          },
          {
            "id": 11,
            "text": "1 : 10년 전에 유튜브 시작했으면 큰돈 벌었을 껀디 키키",
            "norm_text": "10년 전에 유튜브 시작했으면 큰돈 벌었을 껀디 키키",
            "speaker": {
              "id": "1번",
              "sex": "여성",
              "age": "30대"
            },
            "speechAct": "(단언) 주장하기",
            "morpheme": "10/SN+년전에유튜브시작했으면큰돈벌었을껀디키키/UNKNOWN"
          },
          {
            "id": 12,
            "text": "2 : 워 벌써 구독자수가 얼마겠냐 돈 ㅎㄷㄷ",
            "norm_text": "워 벌써 구독자수가 얼마겠냐 돈 ㅎㄷㄷ",
            "speaker": {
              "id": "2번",
              "sex": "여성",
              "age": "20대"
            },
            "speechAct": "(단언) 주장하기",
            "morpheme": "워/IC+벌써/MAG+구독/NNG+자수/NNG+가/JKS+얼마/NNG+겠/VCP+EP+냐/EC+돈/NNG+ㅎ/XSA+ㄷ/NNG+ㄷ/NNG"
          },
          {
            "id": 13,
            "text": "1 : 키키 그때는 유튜버도 없었자네 그때 했었어야 했어...",
            "norm_text": "키키 그때는 유튜버도 없었자네 그때 했었어야 했어...",
            "speaker": {
              "id": "1번",
              "sex": "여성",
              "age": "30대"
            },
            "speechAct": "(단언) 주장하기",
            "morpheme": "키/NNG+키/NNG+그때/NNG+는/JX+유/NNP+튜버/NNP+도/JX+없/VA+었/EP+자네/EF+그때/NNG+했었어야/XSV+EP+EC+했/VX+EP+어/EF+./SY"
          },
          {
            "id": 14,
            "text": "2 : 아 긍게 우리 대학생 때 했었어도 대박이였다",
            "norm_text": "아 긍게 우리 대학생 때 했었어도 대박이였다",
            "speaker": {
              "id": "2번",
              "sex": "여성",
              "age": "20대"
            },
            "speechAct": "(단언) 주장하기",
            "morpheme": "아/IC+긍게/MAJ+우리/NP+대학생/NNG+때/NNG+했었/XSV+EP+어도/EC+대박/NNG+이/VCP+였/EP+다/EC"
          },
          {
            "id": 15,
            "text": "1 : 키키 그때 학교에 낸 돈 그냥 비트코인만 샀어도 ^^",
            "norm_text": "키키 그때 학교에 낸 돈 그냥 비트코인만 샀어도 ^^",
            "speaker": {
              "id": "1번",
              "sex": "여성",
              "age": "30대"
            },
            "speechAct": "(단언) 주장하기",
            "morpheme": "키키그때학교에낸돈그냥비트코인만샀어도/UNKNOWN+^/SY+^/SY"
          },
          {
            "id": 16,
            "text": "2 : 와 장난 ^_^ 그때 나는 전기차 주식 살 거야",
            "norm_text": "와 장난 ^_^ 그때 나는 전기차 주식 살 거야",
            "speaker": {
              "id": "2번",
              "sex": "여성",
              "age": "20대"
            },
            "speechAct": "(단언) 주장하기",
            "morpheme": "와/IC+장난/NNG+^/SY+_/SY+^/SY+그때/NNG+나/NP+는/JX+전기차/NNP+주식/NNG+살/VV+ETM+거/NNB+야/VCP+EF"
          }
        ]
      }
    }
  ]
}