{
  "dataset": {
    "identifier": 39363,
    "name": "KAKAO_956_08_set",
    "src_path": "/data/file/cubeManager/PROJECT001/53/txt20211005163702013913/KAKAO_956_08_set/",
    "label_path": "/data/file/cubeManager/PROJECT001/53/txt20211005163702013913/KAKAO_956_08_set/",
    "category": 2,
    "type": 0
  },
  "licenses": {
    "name": "Apache License 1.0",
    "url": "http://www.apache.org/licenses/LICENSE-1.0"
  },
  "info": [
    {
      "id": 42646,
      "filename": "KAKAO_956_08.txt",
      "title": "KAKAO_956_08",
      "mediatype": "SNS",
      "medianame": "카카오톡",
      "category": "일상대화",
      "date": "2021-10-05",
      "size": 419,
      "annotations": {
        "subject": "연애/결혼",
        "speaker_type": "1:1",
        "size": 419,
        "word_size": 140,
        "text": "1 : 나는 남자친구랑 기념일 잘 안 챙기는 것 같다 키키\n2 : 키키 요즘 누가 챙기노\n1 : 키키 근데 생일도 그렇고 기념일 거의 묻어간다\n2 : 키키 근데 내 여친 생기면 다 챙겨줄 거 같다 키키\n1 : 키키 마음만은 그렇겠지 편해지는 순간 그런 거 없더라\n2 : 키키 니가 편해져서 안 챙기는 거 아니가? 키키\n1 : 그런가? 남친은 맨날 그런 날에 돈 없다고 나중에 챙겨 준다는데 서운하더라 ㅋ\n2 : 니도 안 챙겨준다면서 키키\n1 : 나는 원래 챙겼었다 키키\n1 : 근데 주고받기가 안 되잖아\n2 : 헐 그럼 남친이 잘못했네 ㅜㅠ 서운할만하다\n1 : 응 이제 헤어질 때가 됐나봐 키키\n2 : 얼마큼 만났다고 했지?\n1 : 지금 3년 다 돼가 키키\n2 : ㅜㅜ 헤어지면 말해라 남자 많다\n1 : 키키 알았다 소개 시켜주나?\n2 : 댐 키키 내 주변에 남자밖에 없다 키키",
        "lines": [
          {
            "id": 1,
            "text": "1 : 나는 남자친구랑 기념일 잘 안 챙기는 것 같다 키키",
            "norm_text": "나는 남자친구랑 기념일 잘 안 챙기는 것 같다 키키",
            "speaker": {
              "id": "1번",
              "sex": "여성",
              "age": "20대"
            },
            "speechAct": "(단언) 주장하기",
            "morpheme": "나/NP+는/JX+남자/NNG+친구/NNG+랑/JKB+기념일/NNG+잘/MAG+안/MAG+챙기/VV+는/ETM+것/NNB+같/VA+다키키/NNP"
          },
          {
            "id": 2,
            "text": "2 : 키키 요즘 누가 챙기노",
            "norm_text": "키키 요즘 누가 챙기노",
            "speaker": {
              "id": "2번",
              "sex": "남성",
              "age": "20대"
            },
            "speechAct": "(단언) 진술하기",
            "morpheme": "키/NNG+키/NNG+요즘/MAG+누가/NP+JKS+챙기/VV+노/EC"
          },
          {
            "id": 3,
            "text": "1 : 키키 근데 생일도 그렇고 기념일 거의 묻어간다",
            "norm_text": "키키 근데 생일도 그렇고 기념일 거의 묻어간다",
            "speaker": {
              "id": "1번",
              "sex": "여성",
              "age": "20대"
            },
            "speechAct": "(단언) 주장하기",
            "morpheme": "키/NNG+키/XSV+ETN+근데/MAJ+생일/NNG+도/JX+그렇/VA+고/EC+기념일/NNG+거의/MAG+묻/VV+어/EC+간다/VX+EC"
          },
          {
            "id": 4,
            "text": "2 : 키키 근데 내 여친 생기면 다 챙겨줄 거 같다 키키",
            "norm_text": "키키 근데 내 여친 생기면 다 챙겨줄 거 같다 키키",
            "speaker": {
              "id": "2번",
              "sex": "남성",
              "age": "20대"
            },
            "speechAct": "(단언) 주장하기",
            "morpheme": "키/NNG+키/XSV+ETN+근데/MAJ+내/MM+여친/NNG+생기/VV+면/EC+다/MAG+챙겨/VV+EC+줄/VX+ETM+거/NNB+같/VA+다키키/NNP"
          },
          {
            "id": 5,
            "text": "1 : 키키 마음만은 그렇겠지 편해지는 순간 그런 거 없더라",
            "norm_text": "키키 마음만은 그렇겠지 편해지는 순간 그런 거 없더라",
            "speaker": {
              "id": "1번",
              "sex": "여성",
              "age": "20대"
            },
            "speechAct": "(단언) 주장하기",
            "morpheme": "키/NNG+키/NNG+마음/NNG+만/JX+은/JX+그렇/VA+겠/EP+지/EC+편해/VA+EC+지/VX+는/ETM+순간/NNG+그런/MM+거/NNB+없/VA+더라/EC"
          },
          {
            "id": 6,
            "text": "2 : 키키 니가 편해져서 안 챙기는 거 아니가? 키키",
            "norm_text": "키키 니가 편해져서 안 챙기는 거 아니가? 키키",
            "speaker": {
              "id": "2번",
              "sex": "남성",
              "age": "20대"
            },
            "speechAct": "(지시) 질문하기",
            "morpheme": "키/NNG+키/VV+니/EC+가편/NNG+해져서/XSV+EC+VX+EC+안/MAG+챙기/VV+는/ETM+거/NNB+아니/VCN+가/EF+키/NNG+키/XSV+ETN"
          },
          {
            "id": 7,
            "text": "1 : 그런가? 남친은 맨날 그런 날에 돈 없다고 나중에 챙겨 준다는데 서운하더라 ㅋ",
            "norm_text": "그런가? 남친은 맨날 그런 날에 돈 없다고 나중에 챙겨 준다는데 서운하더라 ㅋ",
            "speaker": {
              "id": "1번",
              "sex": "여성",
              "age": "20대"
            },
            "speechAct": "(단언) 진술하기",
            "morpheme": "그런가/VA+EF+남친/NNG+은/JX+맨날/MAG+그런/MM+날/NNG+에/JKB+돈/NNG+없/VA+다고/EC+나중/NNG+에/JKB+챙겨/VV+EC+준다는데/VX+EC+서운/XR+하/XSA+더라/EF+ㅋ/UNKNOWN"
          },
          {
            "id": 8,
            "text": "2 : 니도 안 챙겨준다면서 키키",
            "norm_text": "니도 안 챙겨준다면서 키키",
            "speaker": {
              "id": "2번",
              "sex": "남성",
              "age": "20대"
            },
            "speechAct": "(단언) 진술하기",
            "morpheme": "니/NP+도/JX+안/MAG+챙겨/VV+EC+준다면서/VX+EC+키/NNG+키/XSV+ETN"
          },
          {
            "id": 9,
            "text": "1 : 나는 원래 챙겼었다 키키",
            "norm_text": "나는 원래 챙겼었다 키키",
            "speaker": {
              "id": "1번",
              "sex": "여성",
              "age": "20대"
            },
            "speechAct": "(단언) 진술하기",
            "morpheme": "나/NP+는/JX+원래/MAG+챙겼/VV+EP+었/EP+다키키/NNP"
          },
          {
            "id": 10,
            "text": "1 : 근데 주고받기가 안 되잖아",
            "norm_text": "근데 주고받기가 안 되잖아",
            "speaker": {
              "id": "1번",
              "sex": "여성",
              "age": "20대"
            },
            "speechAct": "(단언) 진술하기",
            "morpheme": "근데/MAJ+주고받/VV+기/ETN+가/JKS+안/MAG+되/VV+잖아/EC"
          },
          {
            "id": 11,
            "text": "2 : 헐 그럼 남친이 잘못했네 ㅜㅠ 서운할만하다",
            "norm_text": "헐 그럼 남친이 잘못했네 ㅜㅠ 서운할만하다",
            "speaker": {
              "id": "2번",
              "sex": "남성",
              "age": "20대"
            },
            "speechAct": "(단언) 주장하기",
            "morpheme": "헐/IC+그럼/MAJ+남친/NNG+이/JKS+잘못/MAG+했/VV+EP+네/EF+ㅜㅠ/UNKNOWN+서운/NNG+할/XSV+ETM+만/NNB+하/XSA+다/EC"
          },
          {
            "id": 12,
            "text": "1 : 응 이제 헤어질 때가 됐나봐 키키",
            "norm_text": "응 이제 헤어질 때가 됐나봐 키키",
            "speaker": {
              "id": "1번",
              "sex": "여성",
              "age": "20대"
            },
            "speechAct": "(단언) 주장하기",
            "morpheme": "응/IC+이제/MAG+헤어질/VV+ETM+때/NNG+가/JKS+됐/VV+EP+나/EC+봐/VX+EF+키/NNG+키/XSV+ETN"
          },
          {
            "id": 13,
            "text": "2 : 얼마큼 만났다고 했지?",
            "norm_text": "얼마큼 만났다고 했지?",
            "speaker": {
              "id": "2번",
              "sex": "남성",
              "age": "20대"
            },
            "speechAct": "(지시) 질문하기",
            "morpheme": "얼마큼/MAG+만났/VV+EP+다고/EC+했/VX+EP+지/EF"
          },
          {
            "id": 14,
            "text": "1 : 지금 3년 다 돼가 키키",
            "norm_text": "지금 3년 다 돼가 키키",
            "speaker": {
              "id": "1번",
              "sex": "여성",
              "age": "20대"
            },
            "speechAct": "(단언) 진술하기",
            "morpheme": "지금/MAG+3/SN+년/NNBC+다/MAG+돼/VV+EF+가/JKS+키/NNG+키/XSV+ETN"
          },
          {
            "id": 15,
            "text": "2 : ㅜㅜ 헤어지면 말해라 남자 많다",
            "norm_text": "ㅜㅜ 헤어지면 말해라 남자 많다",
            "speaker": {
              "id": "2번",
              "sex": "남성",
              "age": "20대"
            },
            "speechAct": "(단언) 주장하기",
            "morpheme": "ㅜㅜ/UNKNOWN+헤어지/VV+면/EC+말/NNG+해라/XSV+EC+남자/NNG+많/VA+다/EC"
          },
          {
            "id": 16,
            "text": "1 : 키키 알았다 소개 시켜주나?",
            "norm_text": "키키 알았다 소개 시켜주나?",
            "speaker": {
              "id": "1번",
              "sex": "여성",
              "age": "20대"
            },
            "speechAct": "(지시) 질문하기",
            "morpheme": "키/NNG+키/XSV+ETN+알/VV+았/EP+다/EC+소개/NNG+시켜/XSV+EC+주/VX+나/EF"
          },
          {
            "id": 17,
            "text": "2 : 댐 키키 내 주변에 남자밖에 없다 키키",
            "norm_text": "댐 키키 내 주변에 남자밖에 없다 키키",
            "speaker": {
              "id": "2번",
              "sex": "남성",
              "age": "20대"
            },
            "speechAct": "(단언) 주장하기",
            "morpheme": "댐/NNG+키/NNG+키/XSV+ETN+내/NP+JKG+주변/NNG+에/JKB+남자/NNG+밖에/JX+없/VA+다키키/NNP"
          }
        ]
      }
    }
  ]
}