{
  "dataset": {
    "identifier": 33829,
    "name": "KAKAO_957_13_set",
    "src_path": "/data/file/cubeManager/PROJECT001/53/txt20211005163716035940/KAKAO_957_13_set/",
    "label_path": "/data/file/cubeManager/PROJECT001/53/txt20211005163716035940/KAKAO_957_13_set/",
    "category": 2,
    "type": 0
  },
  "licenses": {
    "name": "Apache License 1.0",
    "url": "http://www.apache.org/licenses/LICENSE-1.0"
  },
  "info": [
    {
      "id": 42671,
      "filename": "KAKAO_957_13.txt",
      "title": "KAKAO_957_13",
      "mediatype": "SNS",
      "medianame": "카카오톡",
      "category": "일상대화",
      "date": "2021-10-05",
      "size": 428,
      "annotations": {
        "subject": "계절/날씨",
        "speaker_type": "1:1",
        "size": 428,
        "word_size": 150,
        "text": "1 : 그러니까요 제주도는 뭐 가을에 가도 좋고 겨울에 가도 좋고\n2 : 맞아 제주도는 이래저래 좋아\n1 : 맞아요 키키 사계절 다 가고 싶어요\n2 : 키키 진짜 봄 여름 가을 겨울 다 가고 싶어\n1 : 정말 갈 수만 있다면 키키 아니면 일 년 살이 하고 싶어요 키키\n2 : 오 맞아 키키 일 년 살이 나도 해보고 싶다\n1 : 글쵸 키키 한 달은 짧습니당!\n2 : 키키 한 달 진짜 너무 짧지... 근데 돈도 없고\n1 : 진짜... 키키 1년이면 월세만 해도\n2 : 키키 맞아 진짜 월세 어떻게 하지 ㅠㅠ\n1 : 키키 그런 거 걱정하면 못 가요... 진짜 키키\n2 : 맞아 키키 걍 일 년 정도는 한량으로 가는 거지 뭐\n1 : 정말 키키 아 로또 되면 좋겠다\n2 : 키키 내말이 키키 이제 로또 매주해야 하나 몰라\n1 : 키키 전 아주 열심히 사고 있답니당\n2 : 키키 오 최대 얼마 되었어?",
        "lines": [
          {
            "id": 1,
            "text": "1 : 그러니까요 제주도는 뭐 가을에 가도 좋고 겨울에 가도 좋고",
            "norm_text": "그러니까요 제주도는 뭐 가을에 가도 좋고 겨울에 가도 좋고",
            "speaker": {
              "id": "1번",
              "sex": "여성",
              "age": "20대"
            },
            "speechAct": "(단언) 주장하기",
            "morpheme": "그러니까/MAJ+요/MM+제주도/NNP+는/JX+뭐/IC+가을/NNG+에/JKB+가/VV+EC+도/JX+좋/VA+고/EC+겨울/NNG+에/JKB+가/VV+EC+도/JX+좋/VA+고/EC"
          },
          {
            "id": 2,
            "text": "2 : 맞아 제주도는 이래저래 좋아",
            "norm_text": "맞아 제주도는 이래저래 좋아",
            "speaker": {
              "id": "2번",
              "sex": "남성",
              "age": "20대"
            },
            "speechAct": "(단언) 주장하기",
            "morpheme": "맞/VV+아/EC+제주도/NNP+는/JX+이래저래/MAG+좋/VA+아/EC"
          },
          {
            "id": 3,
            "text": "1 : 맞아요 키키 사계절 다 가고 싶어요",
            "norm_text": "맞아요 키키 사계절 다 가고 싶어요",
            "speaker": {
              "id": "1번",
              "sex": "여성",
              "age": "20대"
            },
            "speechAct": "(단언) 주장하기",
            "morpheme": "맞/VV+아/EC+요키/NNP+키사/NNP+계절/NNG+다/MAG+가/VV+고/EC+싶/VX+어요/EF"
          },
          {
            "id": 4,
            "text": "2 : 키키 진짜 봄 여름 가을 겨울 다 가고 싶어",
            "norm_text": "키키 진짜 봄 여름 가을 겨울 다 가고 싶어",
            "speaker": {
              "id": "2번",
              "sex": "남성",
              "age": "20대"
            },
            "speechAct": "(단언) 주장하기",
            "morpheme": "키/NNG+키/XSV+ETN+진짜/MAG+봄여름가을겨울/NNP+다/MAG+가/VV+고/EC+싶/VX+어/EC"
          },
          {
            "id": 5,
            "text": "1 : 정말 갈 수만 있다면 키키 아니면 일 년 살이 하고 싶어요 키키",
            "norm_text": "정말 갈 수만 있다면 키키 아니면 일 년 살이 하고 싶어요 키키",
            "speaker": {
              "id": "1번",
              "sex": "여성",
              "age": "20대"
            },
            "speechAct": "(단언) 주장하기",
            "morpheme": "정말/MAG+갈/VV+ETM+수/NNB+만/JX+있/VX+다면/EC+키/NNG+키/XSV+ETN+아니/VCN+면/EC+일/NR+년/NNBC+살/NNG+이/JKS+하/VV+고/EC+싶/VX+어요/EF+키/NNG+키/XSV+ETN"
          },
          {
            "id": 6,
            "text": "2 : 오 맞아 키키 일 년 살이 나도 해보고 싶다",
            "norm_text": "오 맞아 키키 일 년 살이 나도 해보고 싶다",
            "speaker": {
              "id": "2번",
              "sex": "남성",
              "age": "20대"
            },
            "speechAct": "(단언) 주장하기",
            "morpheme": "오/NR+맞/VV+아/EC+키/NNG+키/XSV+ETN+일/NR+년/NNBC+살/NNG+이/JKS+나/NP+도/JX+해/VV+EC+보/VX+고/EC+싶/VX+다/EC"
          },
          {
            "id": 7,
            "text": "1 : 글쵸 키키 한 달은 짧습니당!",
            "norm_text": "글쵸 키키 한 달은 짧습니당!",
            "speaker": {
              "id": "1번",
              "sex": "여성",
              "age": "20대"
            },
            "speechAct": "(단언) 주장하기",
            "morpheme": "글/NNG+쵸/NNG+키/NNG+키/NNG+한/XSA+ETM+달/NNG+은/JX+짧/VA+습니당/EF"
          },
          {
            "id": 8,
            "text": "2 : 키키 한 달 진짜 너무 짧지... 근데 돈도 없고",
            "norm_text": "키키 한 달 진짜 너무 짧지... 근데 돈도 없고",
            "speaker": {
              "id": "2번",
              "sex": "남성",
              "age": "20대"
            },
            "speechAct": "(단언) 주장하기",
            "morpheme": "키/NNG+키/NNG+한/XSA+ETM+달/NNG+진짜/MAG+너무/MAG+짧/VA+지/EF+./SY+근데/MAJ+돈/NNG+도/JX+없/VA+고/EC"
          },
          {
            "id": 9,
            "text": "1 : 진짜... 키키 1년이면 월세만 해도",
            "norm_text": "진짜... 키키 1년이면 월세만 해도",
            "speaker": {
              "id": "1번",
              "sex": "여성",
              "age": "20대"
            },
            "speechAct": "(단언) 주장하기",
            "morpheme": "진짜/MAG+./SY+키/NNG+키/XSV+ETN+1/SN+년/NNBC+이/VCP+면/EC+월세/NNG+만/JX+해도/VV+EC"
          },
          {
            "id": 10,
            "text": "2 : 키키 맞아 진짜 월세 어떻게 하지 ㅠㅠ",
            "norm_text": "키키 맞아 진짜 월세 어떻게 하지 ㅠㅠ",
            "speaker": {
              "id": "2번",
              "sex": "남성",
              "age": "20대"
            },
            "speechAct": "(단언) 주장하기",
            "morpheme": "키/NNG+키/XSV+ETN+맞/VV+아/EC+진짜/MAG+월세/NNG+어떻게/MAG+하/VV+지/EC+ㅠㅠ/UNKNOWN"
          },
          {
            "id": 11,
            "text": "1 : 키키 그런 거 걱정하면 못 가요... 진짜 키키",
            "norm_text": "키키 그런 거 걱정하면 못 가요... 진짜 키키",
            "speaker": {
              "id": "1번",
              "sex": "여성",
              "age": "20대"
            },
            "speechAct": "(단언) 주장하기",
            "morpheme": "키키/NNP+그런/MM+거/NNB+걱정/NNG+하/XSV+면/EC+못/MAG+가/VV+요/EF+./SY+진짜/MAG+키/NNG+키/XSV+ETN"
          },
          {
            "id": 12,
            "text": "2 : 맞아 키키 걍 일 년 정도는 한량으로 가는 거지 뭐",
            "norm_text": "맞아 키키 걍 일 년 정도는 한량으로 가는 거지 뭐",
            "speaker": {
              "id": "2번",
              "sex": "남성",
              "age": "20대"
            },
            "speechAct": "(단언) 주장하기",
            "morpheme": "맞/VV+아/EC+키/NNG+키걍/UNKNOWN+일/NR+년/NNBC+정도/NNG+는/JX+한량/NNG+으로/JKB+가/VV+는/ETM+거/NNB+지/VCP+EF+뭐/IC"
          },
          {
            "id": 13,
            "text": "1 : 정말 키키 아 로또 되면 좋겠다",
            "norm_text": "정말 키키 아 로또 되면 좋겠다",
            "speaker": {
              "id": "1번",
              "sex": "여성",
              "age": "20대"
            },
            "speechAct": "(단언) 주장하기",
            "morpheme": "정말/MAG+키/NNG+키아/NNP+로/JKB+또/MAG+되/VV+면/EC+좋/VA+겠/EP+다/EC"
          },
          {
            "id": 14,
            "text": "2 : 키키 내말이 키키 이제 로또 매주해야 하나 몰라",
            "norm_text": "키키 내말이 키키 이제 로또 매주해야 하나 몰라",
            "speaker": {
              "id": "2번",
              "sex": "남성",
              "age": "20대"
            },
            "speechAct": "(단언) 주장하기",
            "morpheme": "키/NNG+키/XSV+ETN+내말이/NP+JKG+NNG+JKS+키/NNG+키/NNG+이제/MAG+로또/NNP+매주/NNG+해야/XSV+EC+하나/NR+몰라/VV+EC"
          },
          {
            "id": 15,
            "text": "1 : 키키 전 아주 열심히 사고 있답니당",
            "norm_text": "키키 전 아주 열심히 사고 있답니당",
            "speaker": {
              "id": "1번",
              "sex": "여성",
              "age": "20대"
            },
            "speechAct": "(단언) 주장하기",
            "morpheme": "키/NNG+키/XSV+ETN+전/NP+JX+아주/MAG+열심히/MAG+사/VV+고/EC+있/VX+답니당/EF"
          },
          {
            "id": 16,
            "text": "2 : 키키 오 최대 얼마 되었어?",
            "norm_text": "키키 오 최대 얼마 되었어?",
            "speaker": {
              "id": "2번",
              "sex": "남성",
              "age": "20대"
            },
            "speechAct": "(지시) 질문하기",
            "morpheme": "키/NNG+키/XSV+ETN+오/NR+최대/NNG+얼마/NNG+되/XSV+었/EP+어/EF"
          }
        ]
      }
    }
  ]
}