{
  "dataset": {
    "identifier": 58202,
    "name": "KAKAO_992_20_set",
    "src_path": "/data/file/cubeManager/PROJECT001/53/txt20211006135012070066/KAKAO_992_20_set/",
    "label_path": "/data/file/cubeManager/PROJECT001/53/txt20211006135012070066/KAKAO_992_20_set/",
    "category": 2,
    "type": 0
  },
  "licenses": {
    "name": "Apache License 1.0",
    "url": "http://www.apache.org/licenses/LICENSE-1.0"
  },
  "info": [
    {
      "id": 43741,
      "filename": "KAKAO_992_20.txt",
      "title": "KAKAO_992_20",
      "mediatype": "SNS",
      "medianame": "카카오톡",
      "category": "일상대화",
      "date": "2021-10-06",
      "size": 637,
      "annotations": {
        "subject": "영화/만화",
        "speaker_type": "1:1",
        "size": 637,
        "word_size": 199,
        "text": "1 : 추석 특선으로 영화 많이 하던데\n2 : 키키 뭐 봤어? 키키\n2 : tv 한 번도 안 봄 키키\n1 : 키키 나도 못 봄 키키\n1 : 뭐 잼는 거 안 했으려나\n2 : 키키 아니 추석 연휴에 방탄 예능 인더숲 해준대서 기대했는데\n1 : 그게 뭐야?\n1 : 인더숲이 뭐야?\n2 : 티빙 어플에서는 못 보게 해놨더라 얼탱\n2 : 티빙은 라이브 방송도 결제해야지 볼 수 있거든\n1 : 아? 뭐야 그냥 다 보게 해주지\n2 : 방탄 자체 컨텐츠로 여행 프로그램이 있는데 코로나로 해외여행은 안돼서 \u0027인더숲\u0027이라는 프로그램으로 국내에서 그냥 자기들끼리 찍은 힐링예능이거든 삼시세끼랑 비슷함 키키\n1 : 오? 키키 자체로 하는 거임 갑네\n2 : 키키 웅 근데 jtbc랑 협업해가지고 방영해줬었거든 키키\n1 : 아 대박이네\n1 : 이번에는 아닌갑네?\n2 : 예전에 했던 건데 반응 좋아서 이번에 시즌2가 나오거든 그래서 시즌1 다시 방영해준 거 키키\n1 : 오 진짜 인기 많았나 보네\n2 : 키키 이게 유료랑 무료 두 가지가 있는데 유료는 35000원 내야하고 무료는 jtbc에 편집해서 방영해주고\n1 : 아 돈도 내야 하노? 키키\n1 : 내도 돈 냈나?\n2 : 풀버전 보고 싶으면 돈 내야 함 키키\n2 : 시즌1은 내가 입덕 전이라서 안 샀고 이번에 시즌2는 사전예약 판매해서 샀어 키키",
        "lines": [
          {
            "id": 1,
            "text": "1 : 추석 특선으로 영화 많이 하던데",
            "norm_text": "추석 특선으로 영화 많이 하던데",
            "speaker": {
              "id": "1번",
              "sex": "남성",
              "age": "20대"
            },
            "speechAct": "(단언) 진술하기",
            "morpheme": "추석/NNG+특선/NNG+으로/JKB+영화/NNG+많이/MAG+하/VV+던데/EC"
          },
          {
            "id": 2,
            "text": "2 : 키키 뭐 봤어? 키키",
            "norm_text": "키키 뭐 봤어? 키키",
            "speaker": {
              "id": "2번",
              "sex": "여성",
              "age": "20대"
            },
            "speechAct": "(지시) 질문하기",
            "morpheme": "키/NNG+키/XSV+ETN+뭐/IC+봤/VV+EP+어/EF+키/NNG+키/XSV+ETN"
          },
          {
            "id": 3,
            "text": "2 : tv 한 번도 안 봄 키키",
            "norm_text": "tv 한 번도 안 봄 키키",
            "speaker": {
              "id": "2번",
              "sex": "여성",
              "age": "20대"
            },
            "speechAct": "(단언) 진술하기",
            "morpheme": "tv/SL+한/MM+번/NNBC+도/JX+안/MAG+봄/VV+ETN+키/NNG+키/XSV+ETN"
          },
          {
            "id": 4,
            "text": "1 : 키키 나도 못 봄 키키",
            "norm_text": "키키 나도 못 봄 키키",
            "speaker": {
              "id": "1번",
              "sex": "남성",
              "age": "20대"
            },
            "speechAct": "(단언) 진술하기",
            "morpheme": "키키나도못봄키키/UNKNOWN"
          },
          {
            "id": 5,
            "text": "1 : 뭐 잼는 거 안 했으려나",
            "norm_text": "뭐 잼는 거 안 했으려나",
            "speaker": {
              "id": "1번",
              "sex": "남성",
              "age": "20대"
            },
            "speechAct": "(지시) 질문하기",
            "morpheme": "뭐/IC+잼/VV+ETN+는/ETM+거/NNB+안/MAG+했/VV+EP+으려나/EC"
          },
          {
            "id": 6,
            "text": "2 : 키키 아니 추석 연휴에 방탄 예능 인더숲 해준대서 기대했는데",
            "norm_text": "키키 아니 추석 연휴에 방탄 예능 인더숲 해준대서 기대했는데",
            "speaker": {
              "id": "2번",
              "sex": "여성",
              "age": "20대"
            },
            "speechAct": "(단언) 주장하기",
            "morpheme": "키/NNG+키/XSV+ETN+아니/VCN+추석/NNG+연휴/NNG+에/JKB+방탄/NNG+예능인/NNG+더/MAG+숲/NNG+해/XSV+EC+준대서/VX+EC+기대/NNG+했/XSV+EP+는데/EC"
          },
          {
            "id": 7,
            "text": "1 : 그게 뭐야?",
            "norm_text": "그게 뭐야?",
            "speaker": {
              "id": "1번",
              "sex": "남성",
              "age": "20대"
            },
            "speechAct": "(지시) 질문하기",
            "morpheme": "그게/NP+JKS+뭐/NP+야/VCP+EF"
          },
          {
            "id": 8,
            "text": "1 : 인더숲이 뭐야?",
            "norm_text": "인더숲이 뭐야?",
            "speaker": {
              "id": "1번",
              "sex": "남성",
              "age": "20대"
            },
            "speechAct": "(지시) 질문하기",
            "morpheme": "인더/NNP+숲/NNG+이/JKS+뭐/NP+야/VCP+EF"
          },
          {
            "id": 9,
            "text": "2 : 티빙 어플에서는 못 보게 해놨더라 얼탱",
            "norm_text": "티빙 어플에서는 못 보게 해놨더라 얼탱",
            "speaker": {
              "id": "2번",
              "sex": "여성",
              "age": "20대"
            },
            "speechAct": "(단언) 주장하기",
            "morpheme": "티빙/NNP+어/IC+플/NNG+에서/JKB+는/JX+못/MAG+보/VV+게/EC+해/VV+EC+놨더라/VX+EP+EF+얼/IC+탱/NNG"
          },
          {
            "id": 10,
            "text": "2 : 티빙은 라이브 방송도 결제해야지 볼 수 있거든",
            "norm_text": "티빙은 라이브 방송도 결제해야지 볼 수 있거든",
            "speaker": {
              "id": "2번",
              "sex": "여성",
              "age": "20대"
            },
            "speechAct": "(단언) 진술하기",
            "morpheme": "티빙/NNP+은/JX+라이브/NNG+방송/NNG+도/JX+결제/NNG+해야지/XSV+EC+볼/VX+ETM+수/NNB+있/VV+거든/EC"
          },
          {
            "id": 11,
            "text": "1 : 아? 뭐야 그냥 다 보게 해주지",
            "norm_text": "아? 뭐야 그냥 다 보게 해주지",
            "speaker": {
              "id": "1번",
              "sex": "남성",
              "age": "20대"
            },
            "speechAct": "(단언) 주장하기",
            "morpheme": "아/IC+뭐/NP+야/JX+그냥/MAG+다/MAG+보/VV+게/EC+해/VV+EC+주/VX+지/EC"
          },
          {
            "id": 12,
            "text": "2 : 방탄 자체 컨텐츠로 여행 프로그램이 있는데 코로나로 해외여행은 안돼서 \u0027인더숲\u0027이라는 프로그램으로 국내에서 그냥 자기들끼리 찍은 힐링예능이거든 삼시세끼랑 비슷함 키키",
            "norm_text": "방탄 자체 컨텐츠로 여행 프로그램이 있는데 코로나로 해외여행은 안돼서 \u0027인더숲\u0027이라는 프로그램으로 국내에서 그냥 자기들끼리 찍은 힐링예능이거든 삼시세끼랑 비슷함 키키",
            "speaker": {
              "id": "2번",
              "sex": "여성",
              "age": "20대"
            },
            "speechAct": "(단언) 주장하기",
            "morpheme": "방탄/NNG+자체/NNG+컨텐츠/NNG+로/JKB+여행/NNG+프로그램/NNG+이/JKS+있/VV+는데/EC+코로나/NNG+로/JKB+해외여행/NNG+은/JX+안/MAG+돼서/VV+EC+\u0027/SY+인더/NNP+숲/NNG+\u0027/SY+이/VCP+라는/ETM+프로그램/NNG+으로/JKB+국내/NNG+에서/JKB+그냥/MAG+자기/NP+들/XSN+끼리/XSN+찍/VV+은/ETM+힐링/NNG+예능/NNG+이/VCP+거든/EF+삼/NR+시/NNBC+세끼/NNG+랑/JC+비슷/XR+함/XSA+ETN+키/NNG+키/XSV+ETN"
          },
          {
            "id": 13,
            "text": "1 : 오? 키키 자체로 하는 거임 갑네",
            "norm_text": "오? 키키 자체로 하는 거임 갑네",
            "speaker": {
              "id": "1번",
              "sex": "남성",
              "age": "20대"
            },
            "speechAct": "(단언) 주장하기",
            "morpheme": "오/IC+키/NNG+키/NNG+자체/NNG+로/JKB+하/VV+는/ETM+거/NNB+임/VCP+ETN+갑/NNG+네/XSN"
          },
          {
            "id": 14,
            "text": "2 : 키키 웅 근데 jtbc랑 협업해가지고 방영해줬었거든 키키",
            "norm_text": "키키 웅 근데 jtbc랑 협업해가지고 방영해줬었거든 키키",
            "speaker": {
              "id": "2번",
              "sex": "여성",
              "age": "20대"
            },
            "speechAct": "(단언) 주장하기",
            "morpheme": "키/NNG+키/XSV+ETN+웅/IC+근데/MAJ+jtbc/SL+랑/JKB+협업/NNG+해/XSV+EC+가지/VX+고/EC+방영/NNG+해/XSV+EC+줬었/VX+EP+거든/EF+키/NNG+키/XSV+ETN"
          },
          {
            "id": 15,
            "text": "1 : 아 대박이네",
            "norm_text": "아 대박이네",
            "speaker": {
              "id": "1번",
              "sex": "남성",
              "age": "20대"
            },
            "speechAct": "(단언) 주장하기",
            "morpheme": "아/IC+대박/NNG+이/VCP+네/EC"
          },
          {
            "id": 16,
            "text": "1 : 이번에는 아닌갑네?",
            "norm_text": "이번에는 아닌갑네?",
            "speaker": {
              "id": "1번",
              "sex": "남성",
              "age": "20대"
            },
            "speechAct": "(지시) 질문하기",
            "morpheme": "이번/NNG+에/JKB+는/JX+아닌/VCN+ETM+갑/VX+네/EF"
          },
          {
            "id": 17,
            "text": "2 : 예전에 했던 건데 반응 좋아서 이번에 시즌2가 나오거든 그래서 시즌1 다시 방영해준 거 키키",
            "norm_text": "예전에 했던 건데 반응 좋아서 이번에 시즌2가 나오거든 그래서 시즌1 다시 방영해준 거 키키",
            "speaker": {
              "id": "2번",
              "sex": "여성",
              "age": "20대"
            },
            "speechAct": "(단언) 주장하기",
            "morpheme": "예전/NNG+에/JKB+했/VV+EP+던/ETM+건데/NNB+VCP+EC+반응/NNG+좋/VA+아서/EC+이번/NNG+에/JKB+시즌/NNG+2/SN+가/JKS+나오/VV+거든/EF+그래서/MAJ+시즌/NNG+1/SN+다시/MAG+방영/NNG+해/XSV+EC+준/VX+ETM+거/NNB+키/NNG+키/XSV+ETN"
          },
          {
            "id": 18,
            "text": "1 : 오 진짜 인기 많았나 보네",
            "norm_text": "오 진짜 인기 많았나 보네",
            "speaker": {
              "id": "1번",
              "sex": "남성",
              "age": "20대"
            },
            "speechAct": "(단언) 주장하기",
            "morpheme": "오/IC+진짜/MAG+인기/NNG+많/VA+았/EP+나/EC+보/VX+네/EC"
          },
          {
            "id": 19,
            "text": "2 : 키키 이게 유료랑 무료 두 가지가 있는데 유료는 35000원 내야하고 무료는 jtbc에 편집해서 방영해주고",
            "norm_text": "키키 이게 유료랑 무료 두 가지가 있는데 유료는 35000원 내야하고 무료는 jtbc에 편집해서 방영해주고",
            "speaker": {
              "id": "2번",
              "sex": "여성",
              "age": "20대"
            },
            "speechAct": "(단언) 진술하기",
            "morpheme": "키/NNG+키/XSV+ETN+이게/NP+JKS+유료/NNG+랑/JKB+무료/NNG+두/MM+가지/NNBC+가/JKS+있/VA+는데/EC+유료/NNG+는/JX+35000/SN+원/NNBC+내야/NNG+하/XSV+고/EC+무료/NNG+는/JX+jtbc/SL+에/JKB+편집/NNG+해서/XSV+EC+방영/NNG+해/XSV+EC+주/VX+고/EC"
          },
          {
            "id": 20,
            "text": "1 : 아 돈도 내야 하노? 키키",
            "norm_text": "아 돈도 내야 하노? 키키",
            "speaker": {
              "id": "1번",
              "sex": "남성",
              "age": "20대"
            },
            "speechAct": "(지시) 질문하기",
            "morpheme": "아/IC+돈/NNG+도/JX+내/VX+야/EC+하/VX+노/EF+키/NNG+키/XSV+ETN"
          },
          {
            "id": 21,
            "text": "1 : 내도 돈 냈나?",
            "norm_text": "내도 돈 냈나?",
            "speaker": {
              "id": "1번",
              "sex": "남성",
              "age": "20대"
            },
            "speechAct": "(지시) 질문하기",
            "morpheme": "내/NP+도/JX+돈/NNG+냈/VV+EP+나/EF"
          },
          {
            "id": 22,
            "text": "2 : 풀버전 보고 싶으면 돈 내야 함 키키",
            "norm_text": "풀버전 보고 싶으면 돈 내야 함 키키",
            "speaker": {
              "id": "2번",
              "sex": "여성",
              "age": "20대"
            },
            "speechAct": "(단언) 진술하기",
            "morpheme": "풀/NNG+버전/NNG+보/VV+고/EC+싶/VX+으면/EC+돈/NNG+내야/NNG+함/XSV+ETN+키/NNG+키/XSV+ETN"
          },
          {
            "id": 23,
            "text": "2 : 시즌1은 내가 입덕 전이라서 안 샀고 이번에 시즌2는 사전예약 판매해서 샀어 키키",
            "norm_text": "시즌1은 내가 입덕 전이라서 안 샀고 이번에 시즌2는 사전예약 판매해서 샀어 키키",
            "speaker": {
              "id": "2번",
              "sex": "여성",
              "age": "20대"
            },
            "speechAct": "(단언) 주장하기",
            "morpheme": "시즌/NNG+1/SN+은/JX+내/NP+JKG+가입/NNG+덕/NNG+전이/NNG+라서/VCP+EC+안/MAG+샀/VV+EP+고/EC+이번/NNG+에/JKB+시즌/NNG+2/SN+는/JX+사전/NNG+예약/NNG+판매/NNG+해서/XSV+EC+샀/VV+EP+어/EC+키/NNG+키/XSV+ETN"
          }
        ]
      }
    }
  ]
}