{
  "dataset": {
    "identifier": 44953,
    "name": "KAKAO_927_14_set",
    "src_path": "/data/file/cubeManager/PROJECT001/53/txt20211005154843089275/KAKAO_927_14_set/",
    "label_path": "/data/file/cubeManager/PROJECT001/53/txt20211005154843089275/KAKAO_927_14_set/",
    "category": 2,
    "type": 0
  },
  "licenses": {
    "name": "Apache License 1.0",
    "url": "http://www.apache.org/licenses/LICENSE-1.0"
  },
  "info": [
    {
      "id": 41711,
      "filename": "KAKAO_927_14.txt",
      "title": "KAKAO_927_14",
      "mediatype": "SNS",
      "medianame": "카카오톡",
      "category": "일상대화",
      "date": "2021-10-05",
      "size": 607,
      "annotations": {
        "subject": "사회이슈",
        "speaker_type": "1:1",
        "size": 607,
        "word_size": 201,
        "text": "1 : 아 진짜 이번 여름에도 비가 너무 많이 온 거 보면 겨울에 눈도 어마어마하게 올 것 같은데 벌써 무섭다\n2 : 차라리 추운 게 나은 듯\n2 : 난 추운 게 조하\n1 : 나도 추운 게 훨씬 좋긴 한데 눈 많이 오면 교통사고도 많이 나고 힘들잖아...\n1 : 나는 마냥 좋지만\n2 : 아 그건 그래 눈 찰박 거리는 거 진짜 싫어\n1 : 눈도 너 싫어할걸? 모르는 것 같아서...\n2 : 그건 아닐걸? 항상 나한테 떨어지는 걸 보아하니 날 좋아하는 게 맞아\n1 : 아니야 그냥 온 세상 사람들 다 맞어...\n2 : 그러면 눈은 모든 사람들을 다 좋아하는 거네\n1 : 아무튼 뭐든 적당히 와야 한다 이거지 사회적으로 사건 사고가 많이 생기잖아\n2 : 이번에 뭔가 안 올 거 같지 않아? 내 느낌은 그래\n1 : 너무 안 와도 서운하긴 한데 다들 사고 나고 다치는 것보다 좋을 듯\n2 : 작년처럼만 오지만 않으면 될 듯 작년에 너무 왔잖아\n1 : 맞아 작년엔 진짜 이러다 뽀로로 세상 되는 거 아닌가 걱정함\n2 : 키키 ㄹㅇ 눈의 천국이었어\n2 : 진짜 나가기 힘들었는데\n1 : 진짜 아침마다 출근해서 앞에 눈 쓸다가 팔 빠질 뻔... 지옥이었다고\n2 : 넘어질 뻔한 적도 많았다\n2 : 진짜 머리 깨질 뻔한 적 100번.",
        "lines": [
          {
            "id": 1,
            "text": "1 : 아 진짜 이번 여름에도 비가 너무 많이 온 거 보면 겨울에 눈도 어마어마하게 올 것 같은데 벌써 무섭다",
            "norm_text": "아 진짜 이번 여름에도 비가 너무 많이 온 거 보면 겨울에 눈도 어마어마하게 올 것 같은데 벌써 무섭다",
            "speaker": {
              "id": "1번",
              "sex": "여성",
              "age": "20대"
            },
            "speechAct": "(단언) 주장하기",
            "morpheme": "아/IC+진짜/MAG+이번/NNG+여름/NNG+에/JKB+도비/NNG+가/JKS+너무/MAG+많이/MAG+온/VV+ETM+거/NNB+보/VV+면/EC+겨울/NNG+에/JKB+눈/NNG+도/JX+어마어마/XR+하/XSA+게/EC+올/VV+ETM+것/NNB+같/VA+은데/EC+벌써/MAG+무섭/VA+다/EC"
          },
          {
            "id": 2,
            "text": "2 : 차라리 추운 게 나은 듯",
            "norm_text": "차라리 추운 게 나은 듯",
            "speaker": {
              "id": "2번",
              "sex": "여성",
              "age": "20대"
            },
            "speechAct": "(단언) 주장하기",
            "morpheme": "차라리/MAG+추운/VA+ETM+게/NNB+JKS+나/VA+은/ETM+듯/NNB"
          },
          {
            "id": 3,
            "text": "2 : 난 추운 게 조하",
            "norm_text": "난 추운 게 조하",
            "speaker": {
              "id": "2번",
              "sex": "여성",
              "age": "20대"
            },
            "speechAct": "(단언) 주장하기",
            "morpheme": "난/NP+JX+추운/VA+ETM+게/NNB+JKS+조하/NNG"
          },
          {
            "id": 4,
            "text": "1 : 나도 추운 게 훨씬 좋긴 한데 눈 많이 오면 교통사고도 많이 나고 힘들잖아...",
            "norm_text": "나도 추운 게 훨씬 좋긴 한데 눈 많이 오면 교통사고도 많이 나고 힘들잖아...",
            "speaker": {
              "id": "1번",
              "sex": "여성",
              "age": "20대"
            },
            "speechAct": "(단언) 주장하기",
            "morpheme": "나/NP+도/JX+추운/VA+ETM+게/NNB+JKS+훨씬/MAG+좋/VA+긴/ETN+JX+한데/VX+EC+눈/NNG+많이/MAG+오/VV+면/EC+교통사고/NNG+도/JX+많이/MAG+나/VV+고/EC+힘들/VA+잖아/EF+./SY"
          },
          {
            "id": 5,
            "text": "1 : 나는 마냥 좋지만",
            "norm_text": "나는 마냥 좋지만",
            "speaker": {
              "id": "1번",
              "sex": "여성",
              "age": "20대"
            },
            "speechAct": "(단언) 주장하기",
            "morpheme": "나/NP+는/JX+마냥/MAG+좋/VA+지만/EC"
          },
          {
            "id": 6,
            "text": "2 : 아 그건 그래 눈 찰박 거리는 거 진짜 싫어",
            "norm_text": "아 그건 그래 눈 찰박 거리는 거 진짜 싫어",
            "speaker": {
              "id": "2번",
              "sex": "여성",
              "age": "20대"
            },
            "speechAct": "(단언) 주장하기",
            "morpheme": "아/IC+그건/NP+JX+그래/VA+EC+눈/NNG+찰박/MAG+거리/XSV+는/ETM+거/NNB+진짜/MAG+싫/VA+어/EC"
          },
          {
            "id": 7,
            "text": "1 : 눈도 너 싫어할걸? 모르는 것 같아서...",
            "norm_text": "눈도 너 싫어할걸? 모르는 것 같아서...",
            "speaker": {
              "id": "1번",
              "sex": "여성",
              "age": "20대"
            },
            "speechAct": "(지시) 질문하기",
            "morpheme": "눈/NNG+도/JX+너/NP+싫/VA+어/EC+할걸/VX+EF+모르/VV+는/ETM+것/NNB+같/VA+아서/EC+./SY+./SY"
          },
          {
            "id": 8,
            "text": "2 : 그건 아닐걸? 항상 나한테 떨어지는 걸 보아하니 날 좋아하는 게 맞아",
            "norm_text": "그건 아닐걸? 항상 나한테 떨어지는 걸 보아하니 날 좋아하는 게 맞아",
            "speaker": {
              "id": "2번",
              "sex": "여성",
              "age": "20대"
            },
            "speechAct": "(단언) 주장하기",
            "morpheme": "그건/NP+JX+아닐걸/VCN+EF+항상/MAG+나/NP+한테/JKB+떨어지/VV+는/ETM+걸/NNB+JKO+보아하니/MAG+날/NNG+좋/VA+아/EC+하/VV+는/ETM+게/NNB+JKS+맞/VV+아/EC"
          },
          {
            "id": 9,
            "text": "1 : 아니야 그냥 온 세상 사람들 다 맞어...",
            "norm_text": "아니야 그냥 온 세상 사람들 다 맞어...",
            "speaker": {
              "id": "1번",
              "sex": "여성",
              "age": "20대"
            },
            "speechAct": "(단언) 주장하기",
            "morpheme": "아니야/IC+그냥/MAG+온/VV+ETM+세상/NNG+사람/NNG+들/XSN+다/MAG+맞/VV+어/EF+./SY"
          },
          {
            "id": 10,
            "text": "2 : 그러면 눈은 모든 사람들을 다 좋아하는 거네",
            "norm_text": "그러면 눈은 모든 사람들을 다 좋아하는 거네",
            "speaker": {
              "id": "2번",
              "sex": "여성",
              "age": "20대"
            },
            "speechAct": "(단언) 주장하기",
            "morpheme": "그러면/MAJ+눈/NNG+은/JX+모든/MM+사람/NNG+들/XSN+을/JKO+다/MAG+좋/VA+아/EC+하/VV+는/ETM+거/NNB+네/VCP+EC"
          },
          {
            "id": 11,
            "text": "1 : 아무튼 뭐든 적당히 와야 한다 이거지 사회적으로 사건 사고가 많이 생기잖아",
            "norm_text": "아무튼 뭐든 적당히 와야 한다 이거지 사회적으로 사건 사고가 많이 생기잖아",
            "speaker": {
              "id": "1번",
              "sex": "여성",
              "age": "20대"
            },
            "speechAct": "(단언) 주장하기",
            "morpheme": "아무튼/MAJ+뭐/NP+든/VCP+EC+적당히/MAG+와야/VV+EC+한다/VX+EF+이거/NP+지/VCP+EC+사회/NNG+적/XSN+으로/JKB+사건/NNG+사고/NNG+가/JKS+많이/MAG+생기/VV+잖아/EC"
          },
          {
            "id": 12,
            "text": "2 : 이번에 뭔가 안 올 거 같지 않아? 내 느낌은 그래",
            "norm_text": "이번에 뭔가 안 올 거 같지 않아? 내 느낌은 그래",
            "speaker": {
              "id": "2번",
              "sex": "여성",
              "age": "20대"
            },
            "speechAct": "(단언) 주장하기",
            "morpheme": "이번/NNG+에/JKB+뭔가/NP+VCP+EC+안/MAG+올/VV+ETM+거/NNB+같/VA+지/EC+않/VX+아/EF+내/NP+JKG+느낌/NNG+은/JX+그래/VA+EC"
          },
          {
            "id": 13,
            "text": "1 : 너무 안 와도 서운하긴 한데 다들 사고 나고 다치는 것보다 좋을 듯",
            "norm_text": "너무 안 와도 서운하긴 한데 다들 사고 나고 다치는 것보다 좋을 듯",
            "speaker": {
              "id": "1번",
              "sex": "여성",
              "age": "20대"
            },
            "speechAct": "(단언) 주장하기",
            "morpheme": "너무/MAG+안/MAG+와도/VV+EC+서운/XR+하/XSA+긴/ETN+JX+한데/VX+EC+다/MAG+들/VV+사고/EC+나/VX+고/EC+다치/VV+는/ETM+것/NNB+보다/JKB+좋/VA+을/ETM+듯/NNB"
          },
          {
            "id": 14,
            "text": "2 : 작년처럼만 오지만 않으면 될 듯 작년에 너무 왔잖아",
            "norm_text": "작년처럼만 오지만 않으면 될 듯 작년에 너무 왔잖아",
            "speaker": {
              "id": "2번",
              "sex": "여성",
              "age": "20대"
            },
            "speechAct": "(단언) 주장하기",
            "morpheme": "작년/NNG+처럼/JKB+만/JX+오/VV+지만/EC+않/VX+으면/EC+될/VV+ETM+듯/NNB+작년/NNG+에/JKB+너무/MAG+왔/VV+EP+잖아/EC"
          },
          {
            "id": 15,
            "text": "1 : 맞아 작년엔 진짜 이러다 뽀로로 세상 되는 거 아닌가 걱정함",
            "norm_text": "맞아 작년엔 진짜 이러다 뽀로로 세상 되는 거 아닌가 걱정함",
            "speaker": {
              "id": "1번",
              "sex": "여성",
              "age": "20대"
            },
            "speechAct": "(단언) 주장하기",
            "morpheme": "맞/VV+아/EC+작년/NNG+엔/JKB+JX+진짜/MAG+이러/VV+다/EC+뽀로로/NNP+세상/NNG+되/XSV+는/ETM+거/NNB+아닌가/VCN+EC+걱정/NNG+함/XSV+ETN"
          },
          {
            "id": 16,
            "text": "2 : 키키 ㄹㅇ 눈의 천국이었어",
            "norm_text": "키키 ㄹㅇ 눈의 천국이었어",
            "speaker": {
              "id": "2번",
              "sex": "여성",
              "age": "20대"
            },
            "speechAct": "(단언) 주장하기",
            "morpheme": "키/NNG+키/XSV+ETN+ㄹㅇ/UNKNOWN+눈/NNG+의/JKG+천국/NNG+이/VCP+었/EP+어/EC"
          },
          {
            "id": 17,
            "text": "2 : 진짜 나가기 힘들었는데",
            "norm_text": "진짜 나가기 힘들었는데",
            "speaker": {
              "id": "2번",
              "sex": "여성",
              "age": "20대"
            },
            "speechAct": "(단언) 주장하기",
            "morpheme": "진짜/MAG+나가/VV+기/ETN+힘들/VA+었/EP+는데/EC"
          },
          {
            "id": 18,
            "text": "1 : 진짜 아침마다 출근해서 앞에 눈 쓸다가 팔 빠질 뻔... 지옥이었다고",
            "norm_text": "진짜 아침마다 출근해서 앞에 눈 쓸다가 팔 빠질 뻔... 지옥이었다고",
            "speaker": {
              "id": "1번",
              "sex": "여성",
              "age": "20대"
            },
            "speechAct": "(단언) 주장하기",
            "morpheme": "진짜/MAG+아침/NNG+마다/JX+출근/NNG+해서/XSV+EC+앞/NNG+에/JKB+눈/NNG+쓸다/NNG+가/JKS+팔/NR+빠질/VV+ETM+뻔/NNB+./SY+지옥/NNG+이/VCP+었/EP+다고/EC"
          },
          {
            "id": 19,
            "text": "2 : 넘어질 뻔한 적도 많았다",
            "norm_text": "넘어질 뻔한 적도 많았다",
            "speaker": {
              "id": "2번",
              "sex": "여성",
              "age": "20대"
            },
            "speechAct": "(단언) 진술하기",
            "morpheme": "넘어질/VV+ETM+뻔/NNB+한/XSA+ETM+적/NNB+도/JX+많/VA+았/EP+다/EC"
          },
          {
            "id": 20,
            "text": "2 : 진짜 머리 깨질 뻔한 적 100번.",
            "norm_text": "진짜 머리 깨질 뻔한 적 100번.",
            "speaker": {
              "id": "2번",
              "sex": "여성",
              "age": "20대"
            },
            "speechAct": "(단언) 진술하기",
            "morpheme": "진짜/MAG+머리/NNG+깨/VV+질/EC+VX+ETM+뻔/NNB+한/XSA+ETM+적/NNB+100/SN+번/NNBC"
          }
        ]
      }
    }
  ]
}