{
  "dataset": {
    "identifier": 60352,
    "name": "KAKAO_982_01_set",
    "src_path": "/data/file/cubeManager/PROJECT001/53/txt20211006134959044894/KAKAO_982_01_set/",
    "label_path": "/data/file/cubeManager/PROJECT001/53/txt20211006134959044894/KAKAO_982_01_set/",
    "category": 2,
    "type": 0
  },
  "licenses": {
    "name": "Apache License 1.0",
    "url": "http://www.apache.org/licenses/LICENSE-1.0"
  },
  "info": [
    {
      "id": 43639,
      "filename": "KAKAO_982_01.txt",
      "title": "KAKAO_982_01",
      "mediatype": "SNS",
      "medianame": "카카오톡",
      "category": "일상대화",
      "date": "2021-10-06",
      "size": 465,
      "annotations": {
        "subject": "식음료",
        "speaker_type": "1:1",
        "size": 465,
        "word_size": 158,
        "text": "1 : 언니 콤부차 혹시 먹어 봤어?\n2 : 응? 콤부차가 뭐야?\n2 : 처음 들어봐!\n1 : 홍초 같은 건데 톡 쏘는 게 맛있더라고\n2 : 헐 홍초는 소주에 타 먹어봤는데 키키 그 뒤는 없어\n1 : 헐 키키 그 조합 속이 아주 쓰리겠는걸\n2 : 맞아 근데 콤부차도 너무 궁금하긴 하다 하하\n1 : 어 소주랑은 좀...\n1 : 예전에 깔라만시 소주 먹고 죽을 뻔\n2 : 어... 비율이 잘못된 거 아니야?\n2 : 난 아직도 즐겨 먹어\n1 : 새벽에 일어나서 토하는데 손톱으로 위 긁는 줄\n2 : 헐랭... 다른 거 섞으면 그렇더라 ㅠㅠ\n2 : 그것만 먹어야 해\n1 : 그러게 요즘은 실론티에 소주 먹더라\n2 : 근데 실론티가 편의점에서 팔고 있어?\n1 : 응 캔으로 팔아서 아쉽긴 해 ㅠㅠ\n2 : 아아 ㅠㅠ pt가 없구나 ㅠㅠ\n2 : 미리 주문해두자 하하\n1 : 근데 되게 고급진 소주맛 난다 키키\n1 : 너무 신기해\n2 : 소주가 고급진 맛이 날 수 있는 거야? 키키",
        "lines": [
          {
            "id": 1,
            "text": "1 : 언니 콤부차 혹시 먹어 봤어?",
            "norm_text": "언니 콤부차 혹시 먹어 봤어?",
            "speaker": {
              "id": "1번",
              "sex": "여성",
              "age": "20대"
            },
            "speechAct": "(지시) 질문하기",
            "morpheme": "언니/NNG+콤/NNG+부차/NNG+혹시/MAG+먹/VV+어/EC+봤/VX+EP+어/EF"
          },
          {
            "id": 2,
            "text": "2 : 응? 콤부차가 뭐야?",
            "norm_text": "응? 콤부차가 뭐야?",
            "speaker": {
              "id": "2번",
              "sex": "여성",
              "age": "20대"
            },
            "speechAct": "(지시) 질문하기",
            "morpheme": "응/IC+콤/NNG+부차/NNG+가/JKS+뭐/NP+야/VCP+EF"
          },
          {
            "id": 3,
            "text": "2 : 처음 들어봐!",
            "norm_text": "처음 들어봐!",
            "speaker": {
              "id": "2번",
              "sex": "여성",
              "age": "20대"
            },
            "speechAct": "(단언) 진술하기",
            "morpheme": "처음/MAG+들/VV+어/EC+봐/VX+EF"
          },
          {
            "id": 4,
            "text": "1 : 홍초 같은 건데 톡 쏘는 게 맛있더라고",
            "norm_text": "홍초 같은 건데 톡 쏘는 게 맛있더라고",
            "speaker": {
              "id": "1번",
              "sex": "여성",
              "age": "20대"
            },
            "speechAct": "(단언) 주장하기",
            "morpheme": "홍초/NNG+같/VA+은/ETM+건데/NNB+VCP+EC+톡/MAG+쏘/VV+는/ETM+게/NNB+JKS+맛있/VA+더라고/EC"
          },
          {
            "id": 5,
            "text": "2 : 헐 홍초는 소주에 타 먹어봤는데 키키 그 뒤는 없어",
            "norm_text": "헐 홍초는 소주에 타 먹어봤는데 키키 그 뒤는 없어",
            "speaker": {
              "id": "2번",
              "sex": "여성",
              "age": "20대"
            },
            "speechAct": "(단언) 진술하기",
            "morpheme": "헐/IC+홍초/NNG+는/JX+소주/NNG+에/JKB+타/VV+EC+먹/VV+어/EC+봤/VX+EP+는데/EC+키키/NNP+그/MM+뒤/NNG+는/JX+없/VA+어/EC"
          },
          {
            "id": 6,
            "text": "1 : 헐 키키 그 조합 속이 아주 쓰리겠는걸",
            "norm_text": "헐 키키 그 조합 속이 아주 쓰리겠는걸",
            "speaker": {
              "id": "1번",
              "sex": "여성",
              "age": "20대"
            },
            "speechAct": "(단언) 주장하기",
            "morpheme": "헐/IC+키키/NNP+그/MM+조합/NNG+속/NNG+이/JKS+아주/MAG+쓰리/VA+겠/EP+는걸/EC"
          },
          {
            "id": 7,
            "text": "2 : 맞아 근데 콤부차도 너무 궁금하긴 하다 하하",
            "norm_text": "맞아 근데 콤부차도 너무 궁금하긴 하다 하하",
            "speaker": {
              "id": "2번",
              "sex": "여성",
              "age": "20대"
            },
            "speechAct": "(단언) 주장하기",
            "morpheme": "맞아/IC+근데/MAJ+콤/NNG+부차/NNG+도/JX+너무/MAG+궁금/XR+하/XSA+긴/ETN+JX+하/VX+다/EC+하하/MAG"
          },
          {
            "id": 8,
            "text": "1 : 어 소주랑은 좀...",
            "norm_text": "어 소주랑은 좀...",
            "speaker": {
              "id": "1번",
              "sex": "여성",
              "age": "20대"
            },
            "speechAct": "(단언) 주장하기",
            "morpheme": "어/IC+소주/NNG+랑/JKB+은/JX+좀/MAG+./SY"
          },
          {
            "id": 9,
            "text": "1 : 예전에 깔라만시 소주 먹고 죽을 뻔",
            "norm_text": "예전에 깔라만시 소주 먹고 죽을 뻔",
            "speaker": {
              "id": "1번",
              "sex": "여성",
              "age": "20대"
            },
            "speechAct": "(단언) 진술하기",
            "morpheme": "예전/NNG+에/JKB+깔/VV+라/EC+만시/NNG+소주/NNG+먹/VV+고/EC+죽/VV+을/ETM+뻔/NNB"
          },
          {
            "id": 10,
            "text": "2 : 어... 비율이 잘못된 거 아니야?",
            "norm_text": "어... 비율이 잘못된 거 아니야?",
            "speaker": {
              "id": "2번",
              "sex": "여성",
              "age": "20대"
            },
            "speechAct": "(지시) 질문하기",
            "morpheme": "어/IC+./SY+비율/NNG+이/JKS+잘못/MAG+된/VV+ETM+거/NNB+아니/VCN+야/EF"
          },
          {
            "id": 11,
            "text": "2 : 난 아직도 즐겨 먹어",
            "norm_text": "난 아직도 즐겨 먹어",
            "speaker": {
              "id": "2번",
              "sex": "여성",
              "age": "20대"
            },
            "speechAct": "(단언) 진술하기",
            "morpheme": "난/NP+JX+아직/MAG+도/JX+즐겨/VV+EC+먹/VV+어/EC"
          },
          {
            "id": 12,
            "text": "1 : 새벽에 일어나서 토하는데 손톱으로 위 긁는 줄",
            "norm_text": "새벽에 일어나서 토하는데 손톱으로 위 긁는 줄",
            "speaker": {
              "id": "1번",
              "sex": "여성",
              "age": "20대"
            },
            "speechAct": "(단언) 주장하기",
            "morpheme": "새벽/NNG+에/JKB+일어나/VV+서/EC+토하/VV+는데/EC+손톱/NNG+으로/JKB+위/NNG+긁/VV+는/ETM+줄/NNB"
          },
          {
            "id": 13,
            "text": "2 : 헐랭... 다른 거 섞으면 그렇더라 ㅠㅠ",
            "norm_text": "헐랭... 다른 거 섞으면 그렇더라 ㅠㅠ",
            "speaker": {
              "id": "2번",
              "sex": "여성",
              "age": "20대"
            },
            "speechAct": "(단언) 주장하기",
            "morpheme": "헐랭/NNP+./SY+./SY+다른/MM+거/NNB+섞/VV+으면/EC+그렇/VA+더라/EF+ㅠㅠ/UNKNOWN"
          },
          {
            "id": 14,
            "text": "2 : 그것만 먹어야 해",
            "norm_text": "그것만 먹어야 해",
            "speaker": {
              "id": "2번",
              "sex": "여성",
              "age": "20대"
            },
            "speechAct": "(단언) 주장하기",
            "morpheme": "그것/NP+만/JX+먹/VV+어야/EC+해/VV+EC"
          },
          {
            "id": 15,
            "text": "1 : 그러게 요즘은 실론티에 소주 먹더라",
            "norm_text": "그러게 요즘은 실론티에 소주 먹더라",
            "speaker": {
              "id": "1번",
              "sex": "여성",
              "age": "20대"
            },
            "speechAct": "(단언) 주장하기",
            "morpheme": "그러/VV+게/EC+요즘/NNG+은/JX+실론/NNP+티/NNG+에/JKB+소주/NNG+먹/VV+더라/EC"
          },
          {
            "id": 16,
            "text": "2 : 근데 실론티가 편의점에서 팔고 있어?",
            "norm_text": "근데 실론티가 편의점에서 팔고 있어?",
            "speaker": {
              "id": "2번",
              "sex": "여성",
              "age": "20대"
            },
            "speechAct": "(지시) 질문하기",
            "morpheme": "근데/MAJ+실론/NNP+티/NNG+가/JKS+편의점/NNG+에서/JKB+팔/VV+고/EC+있/VX+어/EF"
          },
          {
            "id": 17,
            "text": "1 : 응 캔으로 팔아서 아쉽긴 해 ㅠㅠ",
            "norm_text": "응 캔으로 팔아서 아쉽긴 해 ㅠㅠ",
            "speaker": {
              "id": "1번",
              "sex": "여성",
              "age": "20대"
            },
            "speechAct": "(단언) 주장하기",
            "morpheme": "응/IC+캔/NNG+으로/JKB+팔/VV+아서/EC+아쉽/VA+긴/ETN+JX+해/VX+EF+ㅠㅠ/UNKNOWN"
          },
          {
            "id": 18,
            "text": "2 : 아아 ㅠㅠ pt가 없구나 ㅠㅠ",
            "norm_text": "아아 ㅠㅠ pt가 없구나 ㅠㅠ",
            "speaker": {
              "id": "2번",
              "sex": "여성",
              "age": "20대"
            },
            "speechAct": "(단언) 주장하기",
            "morpheme": "아아ㅠㅠ/UNKNOWN+pt/SL+가/JKS+없/VA+구나/EF+ㅠㅠ/UNKNOWN"
          },
          {
            "id": 19,
            "text": "2 : 미리 주문해두자 하하",
            "norm_text": "미리 주문해두자 하하",
            "speaker": {
              "id": "2번",
              "sex": "여성",
              "age": "20대"
            },
            "speechAct": "(단언) 주장하기",
            "morpheme": "미리/MAG+주문/NNG+해두/XSV+EC+자하/NNG+하/XSV"
          },
          {
            "id": 20,
            "text": "1 : 근데 되게 고급진 소주맛 난다 키키",
            "norm_text": "근데 되게 고급진 소주맛 난다 키키",
            "speaker": {
              "id": "1번",
              "sex": "여성",
              "age": "20대"
            },
            "speechAct": "(단언) 주장하기",
            "morpheme": "근데/MAJ+되게/MAG+고급/NNG+진소/NNG+주/NNG+맛난/VA+ETM+다키키/NNP"
          },
          {
            "id": 21,
            "text": "1 : 너무 신기해",
            "norm_text": "너무 신기해",
            "speaker": {
              "id": "1번",
              "sex": "여성",
              "age": "20대"
            },
            "speechAct": "(단언) 주장하기",
            "morpheme": "너무/MAG+신기/NNG+해/XSV+EC"
          },
          {
            "id": 22,
            "text": "2 : 소주가 고급진 맛이 날 수 있는 거야? 키키",
            "norm_text": "소주가 고급진 맛이 날 수 있는 거야? 키키",
            "speaker": {
              "id": "2번",
              "sex": "여성",
              "age": "20대"
            },
            "speechAct": "(지시) 질문하기",
            "morpheme": "소주/NNG+가/JKS+고급/NNG+진/XSA+ETM+맛/NNG+이/JKS+날/VV+ETM+수/NNB+있/VV+는/ETM+거/NNB+야/VCP+EF+키/NNG+키/XSV+ETN"
          }
        ]
      }
    }
  ]
}