{
  "dataset": {
    "identifier": 39574,
    "name": "KAKAO_947_09_set",
    "src_path": "/data/file/cubeManager/PROJECT001/53/txt20211005162220088834/KAKAO_947_09_set/",
    "label_path": "/data/file/cubeManager/PROJECT001/53/txt20211005162220088834/KAKAO_947_09_set/",
    "category": 2,
    "type": 0
  },
  "licenses": {
    "name": "Apache License 1.0",
    "url": "http://www.apache.org/licenses/LICENSE-1.0"
  },
  "info": [
    {
      "id": 42266,
      "filename": "KAKAO_947_09.txt",
      "title": "KAKAO_947_09",
      "mediatype": "SNS",
      "medianame": "카카오톡",
      "category": "일상대화",
      "date": "2021-10-05",
      "size": 746,
      "annotations": {
        "subject": "반려동물",
        "speaker_type": "1:1",
        "size": 746,
        "word_size": 242,
        "text": "1 : 얼마 전에 콩이 보니까 옛날 생각 나더라... 키키\n2 : 울 콩이 키키  애기 때 자주 봤는데 그치\n1 : 그니까 ㅜㅜ 완전 애기애기 했는데  키키 근데 콩이 작긴 진짜 작더라 키키푸들 치고\n2 : 마자 다른 푸들보다 더 작고 말았음 ㅠㅠ 에디랑 붙어있으면 진짜 쪼끄만 해\n1 : 고양이를 키워볼 생각 없니 키키  ?\n2 : 키우고 싶지 ㅠㅠ 근데 에디가 고양이 보면 아주 난리를 쳐서 불가능...\n2 : 그리고 내가 다른 지방을 많이 다니니까 더 이상 동물은 못 키울 듯 ㅠㅠ\n1 : 아 하긴 기억난다 키키  저번에... 그래도 에디 혼자 외로운데 강아지 한 마리 더 키우면 좋지 않을까\n2 : ㅠ_ㅠ에디 질투 엄청 심해... 콩이가 물고 노는 장난감도 지가 다 뺏어감 키키\n1 : 이 녀석 나이도 젤 어린 게 키키 덩치는 젤 커 가지고\n2 : 덩치 커서 만질 때마다 기분이 좋앜 키키\n2 : 너네 집 고양이들은 잘 있니\n1 : 우리 집 고양이들은 아주아주 잘 있단다 키키 아 얼마 전에 빵이 눈 뒤집어져서 난리 났었지\n2 : 오마이갓...왜?\n2 : 지금은 괜찮고?\n1 : 몰라 또 혼자 뭘 줍줍 해서 먹었겠지... 병원도 안 데려가고 약 받아 놓은 걸로 완치 시킴...\n2 : 키키  굉장하네... 애기들 안 아프고 오래오래 살아야 할 텐데 ㅠㅠ\n1 : 내 말이 키키 야들은 병원에 데리고 가는 것도 너무 일이다 키키\n1 : 무슨 누가 보면 죽이러 가는 줄 알걸 울음소리 듣고\n2 : 키키 하긴 그렇겠다 ㅠㅠ\n2 : 강아지보다 고양이가 훨씬 더 예민하니까",
        "lines": [
          {
            "id": 1,
            "text": "1 : 얼마 전에 콩이 보니까 옛날 생각 나더라... 키키",
            "norm_text": "얼마 전에 콩이 보니까 옛날 생각 나더라... 키키",
            "speaker": {
              "id": "1번",
              "sex": "여성",
              "age": "30대"
            },
            "speechAct": "(단언) 진술하기",
            "morpheme": "얼마/NNG+전/NNG+에/JKB+콩/NNG+이/JKS+보/VV+니까/EC+옛날/NNG+생각/NNG+나/NP+더라/VCP+EF+./SY+키/NNG+키/XSV+ETN"
          },
          {
            "id": 2,
            "text": "2 : 울 콩이 키키  애기 때 자주 봤는데 그치",
            "norm_text": "울 콩이 키키  애기 때 자주 봤는데 그치",
            "speaker": {
              "id": "2번",
              "sex": "여성",
              "age": "30대"
            },
            "speechAct": "(단언) 진술하기",
            "morpheme": "울/MM+콩/NNG+이/JKS+키/NNG+키/NNG+애기/NNG+때/NNG+자주/MAG+봤/VV+EP+는데/EC+그치/IC"
          },
          {
            "id": 3,
            "text": "1 : 그니까 ㅜㅜ 완전 애기애기 했는데  키키 근데 콩이 작긴 진짜 작더라 키키푸들 치고",
            "norm_text": "그니까 ㅜㅜ 완전 애기애기 했는데  키키 근데 콩이 작긴 진짜 작더라 키키푸들 치고",
            "speaker": {
              "id": "1번",
              "sex": "여성",
              "age": "30대"
            },
            "speechAct": "(단언) 진술하기",
            "morpheme": "그니까/MAJ+ㅜㅜ/UNKNOWN+완전/NNG+애기/NNG+애기/NNG+했/XSV+EP+는데/EC+키/NNG+키/XSV+ETN+근데/MAJ+콩/NNG+이/JKS+작/VA+긴/ETN+JX+진짜/MAG+작/VA+더라/EC+키/NNG+키푸/NNP+들치/VV+고/EC"
          },
          {
            "id": 4,
            "text": "2 : 마자 다른 푸들보다 더 작고 말았음 ㅠㅠ 에디랑 붙어있으면 진짜 쪼끄만 해",
            "norm_text": "마자 다른 푸들보다 더 작고 말았음 ㅠㅠ 에디랑 붙어있으면 진짜 쪼끄만 해",
            "speaker": {
              "id": "2번",
              "sex": "여성",
              "age": "30대"
            },
            "speechAct": "(단언) 진술하기",
            "morpheme": "마자/NNG+다른/MM+푸들/NNG+보다/JKB+더/MAG+작/VA+고/EC+말/VX+았/EP+음/ETN+ㅠㅠ/UNKNOWN+에/JKB+디/NNG+랑/JKB+붙/VV+어/EC+있/VX+으면/EC+진짜/MAG+쪼끄만/XR+해/XSA+EC"
          },
          {
            "id": 5,
            "text": "1 : 고양이를 키워볼 생각 없니 키키  ?",
            "norm_text": "고양이를 키워볼 생각 없니 키키  ?",
            "speaker": {
              "id": "1번",
              "sex": "여성",
              "age": "30대"
            },
            "speechAct": "(지시) 질문하기",
            "morpheme": "고양이/NNG+를/JKO+키워볼/VV+EC+VX+ETM+생각/NNG+없/VA+니/EC+키/NNG+키/XSV+ETN"
          },
          {
            "id": 6,
            "text": "2 : 키우고 싶지 ㅠㅠ 근데 에디가 고양이 보면 아주 난리를 쳐서 불가능...",
            "norm_text": "키우고 싶지 ㅠㅠ 근데 에디가 고양이 보면 아주 난리를 쳐서 불가능...",
            "speaker": {
              "id": "2번",
              "sex": "여성",
              "age": "30대"
            },
            "speechAct": "(단언) 진술하기",
            "morpheme": "키우/VV+고/EC+싶/VX+지/EF+ㅠㅠ/UNKNOWN+근데/MAJ+에디/NNP+가/JKS+고양이/NNG+보/VV+면/EC+아주/MAG+난리/NNG+를/JKO+쳐서/VV+EC+불/XPN+가능/NNG+./SY+./SY"
          },
          {
            "id": 7,
            "text": "2 : 그리고 내가 다른 지방을 많이 다니니까 더 이상 동물은 못 키울 듯 ㅠㅠ",
            "norm_text": "그리고 내가 다른 지방을 많이 다니니까 더 이상 동물은 못 키울 듯 ㅠㅠ",
            "speaker": {
              "id": "2번",
              "sex": "여성",
              "age": "30대"
            },
            "speechAct": "(단언) 주장하기",
            "morpheme": "그리고/MAJ+내/NP+가/JKS+다른/MM+지방/NNG+을/JKO+많이/MAG+다니/VV+니까/EC+더/MAG+이상/NNG+동물/NNG+은/JX+못/MAG+키울/VV+ETM+듯/NNB+ㅠㅠ/UNKNOWN"
          },
          {
            "id": 8,
            "text": "1 : 아 하긴 기억난다 키키  저번에... 그래도 에디 혼자 외로운데 강아지 한 마리 더 키우면 좋지 않을까",
            "norm_text": "아 하긴 기억난다 키키  저번에... 그래도 에디 혼자 외로운데 강아지 한 마리 더 키우면 좋지 않을까",
            "speaker": {
              "id": "1번",
              "sex": "여성",
              "age": "30대"
            },
            "speechAct": "(지시) 질문하기",
            "morpheme": "아/IC+하긴/MAJ+기억/NNG+난/NP+JX+다키키/NNP+저번/NNG+에/JKB+./SY+그래도/MAJ+에디/NNP+혼자/NNG+외로운/VA+ETM+데/NNB+강아지/NNG+한/MM+마리/NNBC+더/MAG+키우/VV+면/EC+좋/VA+지/EC+않/VX+을까/EC"
          },
          {
            "id": 9,
            "text": "2 : ㅠ_ㅠ에디 질투 엄청 심해... 콩이가 물고 노는 장난감도 지가 다 뺏어감 키키",
            "norm_text": "ㅠ_ㅠ에디 질투 엄청 심해... 콩이가 물고 노는 장난감도 지가 다 뺏어감 키키",
            "speaker": {
              "id": "2번",
              "sex": "여성",
              "age": "30대"
            },
            "speechAct": "(단언) 진술하기",
            "morpheme": "ㅠ/UNKNOWN+_/SY+ㅠ에/UNKNOWN+디/NNG+질투/NNG+엄청/MAG+심해/VA+EF+./SY+콩/NNG+이/JKS+가물/VV+고/EC+노/VX+는/ETM+장난감/NNG+도/JX+지/NP+가/JKS+다/MAG+뺏/VV+어/EC+감/VX+ETN+키/NNG+키/XSV+ETN"
          },
          {
            "id": 10,
            "text": "1 : 이 녀석 나이도 젤 어린 게 키키 덩치는 젤 커 가지고",
            "norm_text": "이 녀석 나이도 젤 어린 게 키키 덩치는 젤 커 가지고",
            "speaker": {
              "id": "1번",
              "sex": "여성",
              "age": "30대"
            },
            "speechAct": "(단언) 진술하기",
            "morpheme": "이/MM+녀석/NNB+나이/NNG+도/JX+젤/MAG+어린/VA+ETM+게/NNB+JKS+키/NNG+키/NNG+덩치/NNG+는/JX+젤/MAG+커/VV+EC+가지/VX+고/EC"
          },
          {
            "id": 11,
            "text": "2 : 덩치 커서 만질 때마다 기분이 좋앜 키키",
            "norm_text": "덩치 커서 만질 때마다 기분이 좋앜 키키",
            "speaker": {
              "id": "2번",
              "sex": "여성",
              "age": "30대"
            },
            "speechAct": "(단언) 주장하기",
            "morpheme": "덩치/NNG+커서/VV+EC+만질/VV+ETM+때/NNG+마다/JX+기분/NNG+이/JKS+좋/VA+앜키/UNKNOWN+키/NNG"
          },
          {
            "id": 12,
            "text": "2 : 너네 집 고양이들은 잘 있니",
            "norm_text": "너네 집 고양이들은 잘 있니",
            "speaker": {
              "id": "2번",
              "sex": "여성",
              "age": "30대"
            },
            "speechAct": "(지시) 질문하기",
            "morpheme": "너/NP+네/XSN+집고양이/NNG+들/XSN+은/JX+잘/MAG+있/VV+니/EC"
          },
          {
            "id": 13,
            "text": "1 : 우리 집 고양이들은 아주아주 잘 있단다 키키 아 얼마 전에 빵이 눈 뒤집어져서 난리 났었지",
            "norm_text": "우리 집 고양이들은 아주아주 잘 있단다 키키 아 얼마 전에 빵이 눈 뒤집어져서 난리 났었지",
            "speaker": {
              "id": "1번",
              "sex": "여성",
              "age": "30대"
            },
            "speechAct": "(단언) 진술하기",
            "morpheme": "우리/NP+집고양이/NNG+들/XSN+은/JX+아주/MAG+아주/MAG+잘/MAG+있/VV+단다/EC+키/NNG+키/VV+아/EC+얼마/NNG+전/NNG+에/JKB+빵/NNG+이/JKS+눈/NNG+뒤집/VV+어/EC+져서/VX+EC+난리/NNG+났었/VV+EP+지/EC"
          },
          {
            "id": 14,
            "text": "2 : 오마이갓...왜?",
            "norm_text": "오마이갓...왜?",
            "speaker": {
              "id": "2번",
              "sex": "여성",
              "age": "30대"
            },
            "speechAct": "(지시) 질문하기",
            "morpheme": "오마이갓/IC+./SY+왜/MAG"
          },
          {
            "id": 15,
            "text": "2 : 지금은 괜찮고?",
            "norm_text": "지금은 괜찮고?",
            "speaker": {
              "id": "2번",
              "sex": "여성",
              "age": "30대"
            },
            "speechAct": "(지시) 질문하기",
            "morpheme": "지금/MAG+은/JX+괜찮/VA+고/EC"
          },
          {
            "id": 16,
            "text": "1 : 몰라 또 혼자 뭘 줍줍 해서 먹었겠지... 병원도 안 데려가고 약 받아 놓은 걸로 완치 시킴...",
            "norm_text": "몰라 또 혼자 뭘 줍줍 해서 먹었겠지... 병원도 안 데려가고 약 받아 놓은 걸로 완치 시킴...",
            "speaker": {
              "id": "1번",
              "sex": "여성",
              "age": "30대"
            },
            "speechAct": "(단언) 진술하기",
            "morpheme": "몰라/VV+EF+또/MAG+혼자/MAG+뭘/NP+JKO+줍줍/UNKNOWN+해서/VV+EC+먹/VV+었/EP+겠/EP+지/EF+./SY+병원/NNG+도/JX+안/MAG+데려가/VV+고/EC+약/NNG+받/VV+아/EC+놓/VX+은/ETM+걸로/NNB+JKB+완치/NNG+시킴/XSV+ETN+./SY"
          },
          {
            "id": 17,
            "text": "2 : 키키  굉장하네... 애기들 안 아프고 오래오래 살아야 할 텐데 ㅠㅠ",
            "norm_text": "키키  굉장하네... 애기들 안 아프고 오래오래 살아야 할 텐데 ㅠㅠ",
            "speaker": {
              "id": "2번",
              "sex": "여성",
              "age": "30대"
            },
            "speechAct": "(단언) 주장하기",
            "morpheme": "키/NNG+키/XSV+ETN+굉장/XR+하/XSA+네/EF+./SY+애기/NNG+들/XSN+안/MAG+아프/VA+고/EC+오래오래/MAG+살/VV+아야/EC+할/VX+ETM+텐데/NNB+VCP+EC+ㅠㅠ/UNKNOWN"
          },
          {
            "id": 18,
            "text": "1 : 내 말이 키키 야들은 병원에 데리고 가는 것도 너무 일이다 키키",
            "norm_text": "내 말이 키키 야들은 병원에 데리고 가는 것도 너무 일이다 키키",
            "speaker": {
              "id": "1번",
              "sex": "여성",
              "age": "30대"
            },
            "speechAct": "(단언) 주장하기",
            "morpheme": "내말이/NP+JKG+NNG+JKS+키키/NNP+야/JKV+들/XSN+은/JX+병원/NNG+에/JKB+데리/VV+고/EC+가/VX+는/ETM+것/NNB+도/JX+너무/MAG+일/NNG+이/JKS+다키키/NNP"
          },
          {
            "id": 19,
            "text": "1 : 무슨 누가 보면 죽이러 가는 줄 알걸 울음소리 듣고",
            "norm_text": "무슨 누가 보면 죽이러 가는 줄 알걸 울음소리 듣고",
            "speaker": {
              "id": "1번",
              "sex": "여성",
              "age": "30대"
            },
            "speechAct": "(단언) 주장하기",
            "morpheme": "무슨/MM+누가/NP+JKS+보/VV+면/EC+죽이/VV+러/EC+가/VX+는/ETM+줄/NNB+알/VV+ETM+걸/NNB+JKO+울음/NNG+소리/NNG+듣/VV+고/EC"
          },
          {
            "id": 20,
            "text": "2 : 키키 하긴 그렇겠다 ㅠㅠ",
            "norm_text": "키키 하긴 그렇겠다 ㅠㅠ",
            "speaker": {
              "id": "2번",
              "sex": "여성",
              "age": "30대"
            },
            "speechAct": "(단언) 주장하기",
            "morpheme": "키/NNG+키/NNG+하/XSV+긴/ETN+JX+그렇/VA+겠/EP+다/EF+ㅠㅠ/UNKNOWN"
          },
          {
            "id": 21,
            "text": "2 : 강아지보다 고양이가 훨씬 더 예민하니까",
            "norm_text": "강아지보다 고양이가 훨씬 더 예민하니까",
            "speaker": {
              "id": "2번",
              "sex": "여성",
              "age": "30대"
            },
            "speechAct": "(단언) 주장하기",
            "morpheme": "강아지/NNG+보다/JKB+고양이/NNG+가/JKS+훨씬/MAG+더/MAG+예민/XR+하/XSA+니까/EC"
          }
        ]
      }
    }
  ]
}