{
  "dataset": {
    "identifier": 63366,
    "name": "KAKAO_912_05_set",
    "src_path": "/data/file/cubeManager/PROJECT001/53/txt20211005154135009081/KAKAO_912_05_set/",
    "label_path": "/data/file/cubeManager/PROJECT001/53/txt20211005154135009081/KAKAO_912_05_set/",
    "category": 2,
    "type": 0
  },
  "licenses": {
    "name": "Apache License 1.0",
    "url": "http://www.apache.org/licenses/LICENSE-1.0"
  },
  "info": [
    {
      "id": 41622,
      "filename": "KAKAO_912_05.txt",
      "title": "KAKAO_912_05",
      "mediatype": "SNS",
      "medianame": "카카오톡",
      "category": "일상대화",
      "date": "2021-10-05",
      "size": 555,
      "annotations": {
        "subject": "군대",
        "speaker_type": "1:1",
        "size": 555,
        "word_size": 174,
        "text": "1 : 내 남친은 전경 나왔는데 국회의사당에서 근무했대\n2 : 와 신기하다 군대도 참 다양한 업무가 있구나\n1 : 응 키키 시위 같은 거 진압하고 한다고 죽을 뻔 했다던데?\n2 : 전경... 말만 들어도 힘들 것 같아\n1 : 의경이랑 전경이랑 구분 잘 못하겠어\n2 : 나도 하하 근데 우리 아버지도 전경이었어.\n1 : 아 진짜? 신기하당. 어떠셨대?\n2 : 어릴 때는 그게 먼지 몰랐지만...\n2 : 시골에서 해서 큰일은 없었다고 하던데?\n1 : 그렇구나 키키 여자라서 군대 안 가서 다행이다\n2 : 그렇긴 해. 그런데 남자들이 역차별이라고 하는 것도 이해가 안 되는 건 아니야\n1 : 남사친들이 키키 나는 군대 갔음 진짜 잘하거나 고문관이나 둘 중 하나였을 거래 키키 모 아니면 도\n2 : 키키 그래도 너는 잘 적응하고 지냈을 거야\n1 : 키키 그러게 그냥 아 그런가 보다? 했겠지 키키\n2 : 키키 그러니까. 그냥 할 말 하고 그랬을 것 같은데?\n1 : 근데 가혹 행위 보니까 잠 안 재우기 화장실 참기 그런 거 많던데 ㅠㅠ 과연 참을 수 있었을까 ㅠ\n2 : 그래. 그렇게 까지 하는 건 좀 심하더라. 말만 들었지만.",
        "lines": [
          {
            "id": 1,
            "text": "1 : 내 남친은 전경 나왔는데 국회의사당에서 근무했대",
            "norm_text": "내 남친은 전경 나왔는데 국회의사당에서 근무했대",
            "speaker": {
              "id": "1번",
              "sex": "여성",
              "age": "30대"
            },
            "speechAct": "(단언) 진술하기",
            "morpheme": "내/NP+JKG+남친/NNG+은/JX+전경/NNG+나왔/VV+EP+는데/EC+국회의사당/NNP+에서/JKB+근무/NNG+했/XSV+EP+대/EC"
          },
          {
            "id": 2,
            "text": "2 : 와 신기하다 군대도 참 다양한 업무가 있구나",
            "norm_text": "와 신기하다 군대도 참 다양한 업무가 있구나",
            "speaker": {
              "id": "2번",
              "sex": "여성",
              "age": "30대"
            },
            "speechAct": "(단언) 주장하기",
            "morpheme": "와/IC+신기/XR+하/XSA+다/EC+군대/NNG+도/JX+참/MAG+다양/XR+한/XSA+ETM+업무/NNG+가/JKS+있/VA+구나/EC"
          },
          {
            "id": 3,
            "text": "1 : 응 키키 시위 같은 거 진압하고 한다고 죽을 뻔 했다던데?",
            "norm_text": "응 키키 시위 같은 거 진압하고 한다고 죽을 뻔 했다던데?",
            "speaker": {
              "id": "1번",
              "sex": "여성",
              "age": "30대"
            },
            "speechAct": "(단언) 진술하기",
            "morpheme": "응/IC+키/NNG+키/NNG+시위/NNG+같/VA+은/ETM+거/NNB+진압/NNG+하/XSV+고/EC+한다고/VX+EC+죽/VV+을/ETM+뻔/NNB+했/XSA+EP+다던데/EF"
          },
          {
            "id": 4,
            "text": "2 : 전경... 말만 들어도 힘들 것 같아",
            "norm_text": "전경... 말만 들어도 힘들 것 같아",
            "speaker": {
              "id": "2번",
              "sex": "여성",
              "age": "30대"
            },
            "speechAct": "(단언) 주장하기",
            "morpheme": "전경/NNG+./SY+./SY+말/NNG+만들/VV+어도/EC+힘들/VA+ETM+것/NNB+같/VA+아/EC"
          },
          {
            "id": 5,
            "text": "1 : 의경이랑 전경이랑 구분 잘 못하겠어",
            "norm_text": "의경이랑 전경이랑 구분 잘 못하겠어",
            "speaker": {
              "id": "1번",
              "sex": "여성",
              "age": "30대"
            },
            "speechAct": "(단언) 주장하기",
            "morpheme": "의경/NNG+이랑/JKB+전경/NNG+이랑/JKB+구분/NNG+잘못/MAG+하/VV+겠/EP+어/EC"
          },
          {
            "id": 6,
            "text": "2 : 나도 하하 근데 우리 아버지도 전경이었어.",
            "norm_text": "나도 하하 근데 우리 아버지도 전경이었어.",
            "speaker": {
              "id": "2번",
              "sex": "여성",
              "age": "30대"
            },
            "speechAct": "(단언) 진술하기",
            "morpheme": "나/NP+도/JX+하하/MAG+근데/MAJ+우리/NP+아버지/NNG+도/JX+전경/NNG+이/VCP+었/EP+어/EF"
          },
          {
            "id": 7,
            "text": "1 : 아 진짜? 신기하당. 어떠셨대?",
            "norm_text": "아 진짜? 신기하당. 어떠셨대?",
            "speaker": {
              "id": "1번",
              "sex": "여성",
              "age": "30대"
            },
            "speechAct": "(지시) 질문하기",
            "morpheme": "아/IC+진짜/MAG+신기/XR+하/XSA+당/EF+어떠셨/VA+EP+EP+대/EF"
          },
          {
            "id": 8,
            "text": "2 : 어릴 때는 그게 먼지 몰랐지만...",
            "norm_text": "어릴 때는 그게 먼지 몰랐지만...",
            "speaker": {
              "id": "2번",
              "sex": "여성",
              "age": "30대"
            },
            "speechAct": "(단언) 주장하기",
            "morpheme": "어릴/VA+ETM+때/NNG+는/JX+그게/NP+JKS+먼지/NNG+몰랐/VV+EP+지만/EC+./SY+./SY"
          },
          {
            "id": 9,
            "text": "2 : 시골에서 해서 큰일은 없었다고 하던데?",
            "norm_text": "시골에서 해서 큰일은 없었다고 하던데?",
            "speaker": {
              "id": "2번",
              "sex": "여성",
              "age": "30대"
            },
            "speechAct": "(단언) 진술하기",
            "morpheme": "시골/NNG+에서/JKB+해서/VV+EC+큰일/NNG+은/JX+없/VA+었/EP+다고/EC+하/VX+던데/EF"
          },
          {
            "id": 10,
            "text": "1 : 그렇구나 키키 여자라서 군대 안 가서 다행이다",
            "norm_text": "그렇구나 키키 여자라서 군대 안 가서 다행이다",
            "speaker": {
              "id": "1번",
              "sex": "여성",
              "age": "30대"
            },
            "speechAct": "(단언) 주장하기",
            "morpheme": "그렇/VA+구나/EF+키키/NNP+여자/NNG+라서/VCP+EC+군대/NNG+안/MAG+가/VV+서/EC+다행/NNG+이/VCP+다/EC"
          },
          {
            "id": 11,
            "text": "2 : 그렇긴 해. 그런데 남자들이 역차별이라고 하는 것도 이해가 안 되는 건 아니야",
            "norm_text": "그렇긴 해. 그런데 남자들이 역차별이라고 하는 것도 이해가 안 되는 건 아니야",
            "speaker": {
              "id": "2번",
              "sex": "여성",
              "age": "30대"
            },
            "speechAct": "(단언) 주장하기",
            "morpheme": "그렇/VA+긴/ETN+JX+해/VX+EF+그런데/MAJ+남자/NNG+들/XSN+이/JKS+역차별/NNG+이/VCP+라고/EC+하/VV+는/ETM+것/NNB+도/JX+이해/NNG+가/JKS+안/MAG+되/VV+는/ETM+건/NNB+JX+아니/VCN+야/EC"
          },
          {
            "id": 12,
            "text": "1 : 남사친들이 키키 나는 군대 갔음 진짜 잘하거나 고문관이나 둘 중 하나였을 거래 키키 모 아니면 도",
            "norm_text": "남사친들이 키키 나는 군대 갔음 진짜 잘하거나 고문관이나 둘 중 하나였을 거래 키키 모 아니면 도",
            "speaker": {
              "id": "1번",
              "sex": "여성",
              "age": "30대"
            },
            "speechAct": "(단언) 진술하기",
            "morpheme": "남/NNG+사친/NNG+들/XSN+이/JKS+키/NNG+키나/XSA+ETN+JX+는/JX+군대/NNG+갔/VV+EP+음/ETN+진짜/MAG+잘/MAG+하/VV+거나/EC+고문관/NNG+이나/JC+둘/NR+중/NNB+하나/NR+였을/VCP+EP+ETM+거/NNB+래키/NNP+키모/NNP+아니/VCN+면/EC+도/JX"
          },
          {
            "id": 13,
            "text": "2 : 키키 그래도 너는 잘 적응하고 지냈을 거야",
            "norm_text": "키키 그래도 너는 잘 적응하고 지냈을 거야",
            "speaker": {
              "id": "2번",
              "sex": "여성",
              "age": "30대"
            },
            "speechAct": "(단언) 주장하기",
            "morpheme": "키/NNG+키/XSV+ETN+그래도/MAJ+너/NP+는/JX+잘/MAG+적응/NNG+하/XSV+고/EC+지냈/VV+EP+을/ETM+거/NNB+야/VCP+EF"
          },
          {
            "id": 14,
            "text": "1 : 키키 그러게 그냥 아 그런가 보다? 했겠지 키키",
            "norm_text": "키키 그러게 그냥 아 그런가 보다? 했겠지 키키",
            "speaker": {
              "id": "1번",
              "sex": "여성",
              "age": "30대"
            },
            "speechAct": "(단언) 주장하기",
            "morpheme": "키/NNG+키/XSV+ETN+그러/VV+게/EC+그냥/MAG+아/IC+그런가/VA+EC+보/VX+다/EF+했/VV+EP+겠/EP+지/EC+키/NNG+키/XSV+ETN"
          },
          {
            "id": 15,
            "text": "2 : 키키 그러니까. 그냥 할 말 하고 그랬을 것 같은데?",
            "norm_text": "키키 그러니까. 그냥 할 말 하고 그랬을 것 같은데?",
            "speaker": {
              "id": "2번",
              "sex": "여성",
              "age": "30대"
            },
            "speechAct": "(단언) 주장하기",
            "morpheme": "키/NNG+키/XSV+ETN+그러니까/MAJ+그냥/MAG+할/VV+ETM+말/NNG+하/XSV+고/EC+그랬/VV+EP+을/ETM+것/NNB+같/VA+은데/EF"
          },
          {
            "id": 16,
            "text": "1 : 근데 가혹 행위 보니까 잠 안 재우기 화장실 참기 그런 거 많던데 ㅠㅠ 과연 참을 수 있었을까 ㅠ",
            "norm_text": "근데 가혹 행위 보니까 잠 안 재우기 화장실 참기 그런 거 많던데 ㅠㅠ 과연 참을 수 있었을까 ㅠ",
            "speaker": {
              "id": "1번",
              "sex": "여성",
              "age": "30대"
            },
            "speechAct": "(지시) 질문하기",
            "morpheme": "근데/MAJ+가혹/NNG+행위/NNG+보/VV+니까/EC+잠/NNG+안/MAG+재우/VV+기/ETN+화장실/NNG+참기/NNG+그런/MM+거/NNB+많/VA+던데/EC+ㅠㅠ/UNKNOWN+과연/MAG+참/VV+을/ETM+수/NNB+있/VV+었/EP+을/ETM+까ㅠ/UNKNOWN"
          },
          {
            "id": 17,
            "text": "2 : 그래. 그렇게 까지 하는 건 좀 심하더라. 말만 들었지만.",
            "norm_text": "그래. 그렇게 까지 하는 건 좀 심하더라. 말만 들었지만.",
            "speaker": {
              "id": "2번",
              "sex": "여성",
              "age": "30대"
            },
            "speechAct": "(단언) 주장하기",
            "morpheme": "그래/IC+그렇게/MAG+까지/JX+하/VV+는/ETM+건/NNB+JX+좀/MAG+심하/VA+더라/EF+말/NNG+만들/VV+었/EP+지만/EC"
          }
        ]
      }
    }
  ]
}