{
  "dataset": {
    "identifier": 45293,
    "name": "KAKAO_944_19_set",
    "src_path": "/data/file/cubeManager/PROJECT001/53/txt20211005161536077383/KAKAO_944_19_set/",
    "label_path": "/data/file/cubeManager/PROJECT001/53/txt20211005161536077383/KAKAO_944_19_set/",
    "category": 2,
    "type": 0
  },
  "licenses": {
    "name": "Apache License 1.0",
    "url": "http://www.apache.org/licenses/LICENSE-1.0"
  },
  "info": [
    {
      "id": 42116,
      "filename": "KAKAO_944_19.txt",
      "title": "KAKAO_944_19",
      "mediatype": "SNS",
      "medianame": "카카오톡",
      "category": "일상대화",
      "date": "2021-10-05",
      "size": 554,
      "annotations": {
        "subject": "방송/연예",
        "speaker_type": "1:1",
        "size": 554,
        "word_size": 186,
        "text": "1 : 너 슬기로운 의사생활 보나? 키키\n2 : 아니 드라마 같은 거 아예 안 본다 ㅠㅠ\n1 : 아 진짜? 키키 그거 진짜 재밌는데!\n1 : 넷플릭스에 있다!\n2 : 키키 잠깐 보긴 했는데 내 스탈은 아니더라고\n2 : 난 예능이 재밌는 듯\n1 : 니 넷플릭스 자주 보면 시간 될 때 봐!\n2 : 그래! 키키 넷플릭스가 있어서 티비 보는 것도 좋지\n1 : 키키 예능은 요즘에 뭐 보는데? 키키\n2 : 구해줘 홈즈나 미우새나 전참시? 키키\n1 : 오오 키키 미우새 요즘에 누구 나오나? 키키\n2 : 난 본방보다는 티비 틀다가 하면 보는 편이라 ㅠㅠ 매번 재방송 봐서 자세히는 몰게따\n1 : 아아 키키 나 예전엔 많이 봤는데 요즘 안 보다 보니 안 보네\n2 : 시간 맞춰서 찾아서 보고 이런 적은 없는 듯 키키\n2 : 그냥 나 심심할 때 티비 틀기\n1 : 키키 맞다... 나도 그렇다 키키\n1 : 사실 예능 몇 시에 하는지도 모름\n2 : 키키 요즘 넷플릭스 말고도 와챠, 디즈니 뭐 많다던데\n1 : 키키 응 나 왓챠도 구독하고 있는데 뭐 비슷비슷해 키키\n2 : 선택 폭이 넓어지면 머리 아픔...\n2 : 난 그냥 하나만 해야지 키키",
        "lines": [
          {
            "id": 1,
            "text": "1 : 너 슬기로운 의사생활 보나? 키키",
            "norm_text": "너 슬기로운 의사생활 보나? 키키",
            "speaker": {
              "id": "1번",
              "sex": "여성",
              "age": "30대"
            },
            "speechAct": "(지시) 질문하기",
            "morpheme": "너/NP+슬기/NNG+로운/XSA+ETM+의사/NNG+생활/NNG+보/VV+나/EF+키/NNG+키/XSV+ETN"
          },
          {
            "id": 2,
            "text": "2 : 아니 드라마 같은 거 아예 안 본다 ㅠㅠ",
            "norm_text": "아니 드라마 같은 거 아예 안 본다 ㅠㅠ",
            "speaker": {
              "id": "2번",
              "sex": "여성",
              "age": "30대"
            },
            "speechAct": "(단언) 진술하기",
            "morpheme": "아니/IC+드라마/NNG+같/VA+은/ETM+거/NNB+아예/MAG+안/MAG+본다/VV+EC+ㅠㅠ/UNKNOWN"
          },
          {
            "id": 3,
            "text": "1 : 아 진짜? 키키 그거 진짜 재밌는데!",
            "norm_text": "아 진짜? 키키 그거 진짜 재밌는데!",
            "speaker": {
              "id": "1번",
              "sex": "여성",
              "age": "30대"
            },
            "speechAct": "(단언) 주장하기",
            "morpheme": "아/IC+진짜/MAG+키/NNG+키/XSV+ETN+그거/NP+진짜/MAG+재밌/VA+는데/EC"
          },
          {
            "id": 4,
            "text": "1 : 넷플릭스에 있다!",
            "norm_text": "넷플릭스에 있다!",
            "speaker": {
              "id": "1번",
              "sex": "여성",
              "age": "30대"
            },
            "speechAct": "(단언) 진술하기",
            "morpheme": "넷플릭스/NNP+에/JKB+있/VV+다/EF"
          },
          {
            "id": 5,
            "text": "2 : 키키 잠깐 보긴 했는데 내 스탈은 아니더라고",
            "norm_text": "키키 잠깐 보긴 했는데 내 스탈은 아니더라고",
            "speaker": {
              "id": "2번",
              "sex": "여성",
              "age": "30대"
            },
            "speechAct": "(단언) 주장하기",
            "morpheme": "키/NNG+키/NNG+잠깐/MAG+보/VV+긴/ETN+JX+했/VX+EP+는데/EC+내/MM+스탈/NNP+은/JX+아니/VCN+더라고/EC"
          },
          {
            "id": 6,
            "text": "2 : 난 예능이 재밌는 듯",
            "norm_text": "난 예능이 재밌는 듯",
            "speaker": {
              "id": "2번",
              "sex": "여성",
              "age": "30대"
            },
            "speechAct": "(단언) 주장하기",
            "morpheme": "난/NP+JX+예능/NNG+이/JKS+재밌/VA+는/ETM+듯/NNB"
          },
          {
            "id": 7,
            "text": "1 : 니 넷플릭스 자주 보면 시간 될 때 봐!",
            "norm_text": "니 넷플릭스 자주 보면 시간 될 때 봐!",
            "speaker": {
              "id": "1번",
              "sex": "여성",
              "age": "30대"
            },
            "speechAct": "(지시) 충고/제안하기",
            "morpheme": "니/MM+넷플릭스/NNP+자주/MAG+보/VV+면/EC+시간/NNG+될/XSV+ETM+때/NNG+봐/VV+EF"
          },
          {
            "id": 8,
            "text": "2 : 그래! 키키 넷플릭스가 있어서 티비 보는 것도 좋지",
            "norm_text": "그래! 키키 넷플릭스가 있어서 티비 보는 것도 좋지",
            "speaker": {
              "id": "2번",
              "sex": "여성",
              "age": "30대"
            },
            "speechAct": "(단언) 주장하기",
            "morpheme": "그래/IC+키키/NNP+넷플릭스/NNP+가/JKS+있/VA+어서/EC+티비/NNG+보/VV+는/ETM+것/NNB+도/JX+좋/VA+지/EC"
          },
          {
            "id": 9,
            "text": "1 : 키키 예능은 요즘에 뭐 보는데? 키키",
            "norm_text": "키키 예능은 요즘에 뭐 보는데? 키키",
            "speaker": {
              "id": "1번",
              "sex": "여성",
              "age": "30대"
            },
            "speechAct": "(지시) 질문하기",
            "morpheme": "키/NNG+키/NNG+예능/NNG+은/JX+요즘/NNG+에/JKB+뭐/IC+보/VV+는데/EC+?/SY+키/NNG+키/XSV+ETN"
          },
          {
            "id": 10,
            "text": "2 : 구해줘 홈즈나 미우새나 전참시? 키키",
            "norm_text": "구해줘 홈즈나 미우새나 전참시? 키키",
            "speaker": {
              "id": "2번",
              "sex": "여성",
              "age": "30대"
            },
            "speechAct": "(단언) 진술하기",
            "morpheme": "구해/VV+EC+줘/VX+EF+홈즈/NNP+나/JC+미우/NNG+새/MM+나전/NNG+참시/NNG+?/SY+키/NNG+키/XSV+ETN"
          },
          {
            "id": 11,
            "text": "1 : 오오 키키 미우새 요즘에 누구 나오나? 키키",
            "norm_text": "오오 키키 미우새 요즘에 누구 나오나? 키키",
            "speaker": {
              "id": "1번",
              "sex": "여성",
              "age": "30대"
            },
            "speechAct": "(지시) 질문하기",
            "morpheme": "오/NR+오/NR+키/NNG+키/XSV+ETN+미우/VA+새/EC+요즘/NNG+에/JKB+누구/NP+나오/VV+나/EF+키/NNG+키/XSV+ETN"
          },
          {
            "id": 12,
            "text": "2 : 난 본방보다는 티비 틀다가 하면 보는 편이라 ㅠㅠ 매번 재방송 봐서 자세히는 몰게따",
            "norm_text": "난 본방보다는 티비 틀다가 하면 보는 편이라 ㅠㅠ 매번 재방송 봐서 자세히는 몰게따",
            "speaker": {
              "id": "2번",
              "sex": "여성",
              "age": "30대"
            },
            "speechAct": "(단언) 진술하기",
            "morpheme": "난/NP+JX+본방/NNG+보다/JKB+는/JX+티비/NNG+틀/VV+다가/EC+하/VV+면/EC+보/VX+는/ETM+편/NNB+이/VCP+라/EC+ㅠㅠ/UNKNOWN+매번/MAG+재방송/NNG+봐서/VV+EC+자세히/MAG+는/JX+몰/VV+게/EC+따/VV+EC"
          },
          {
            "id": 13,
            "text": "1 : 아아 키키 나 예전엔 많이 봤는데 요즘 안 보다 보니 안 보네",
            "norm_text": "아아 키키 나 예전엔 많이 봤는데 요즘 안 보다 보니 안 보네",
            "speaker": {
              "id": "1번",
              "sex": "여성",
              "age": "30대"
            },
            "speechAct": "(단언) 진술하기",
            "morpheme": "아아/IC+키/NNG+키나/XSA+ETN+JX+예전/NNG+엔/JKB+JX+많이/MAG+봤/VV+EP+는데/EC+요즘/MAG+안/MAG+보/VV+다/EC+보/VX+니/EC+안/MAG+보/VV+네/EC"
          },
          {
            "id": 14,
            "text": "2 : 시간 맞춰서 찾아서 보고 이런 적은 없는 듯 키키",
            "norm_text": "시간 맞춰서 찾아서 보고 이런 적은 없는 듯 키키",
            "speaker": {
              "id": "2번",
              "sex": "여성",
              "age": "30대"
            },
            "speechAct": "(단언) 진술하기",
            "morpheme": "시간/NNG+맞춰서/VV+EC+찾/VV+아서/EC+보/VX+고/EC+이런/MM+적/VA+은/ETM+없/VA+는/ETM+듯/NNB+키/NNG+키/XSV+ETN"
          },
          {
            "id": 15,
            "text": "2 : 그냥 나 심심할 때 티비 틀기",
            "norm_text": "그냥 나 심심할 때 티비 틀기",
            "speaker": {
              "id": "2번",
              "sex": "여성",
              "age": "30대"
            },
            "speechAct": "(단언) 주장하기",
            "morpheme": "그냥/MAG+나/NP+심심/XR+할/XSA+ETM+때/NNG+티비/NNG+틀기/NNG"
          },
          {
            "id": 16,
            "text": "1 : 키키 맞다... 나도 그렇다 키키",
            "norm_text": "키키 맞다... 나도 그렇다 키키",
            "speaker": {
              "id": "1번",
              "sex": "여성",
              "age": "30대"
            },
            "speechAct": "(단언) 주장하기",
            "morpheme": "키/NNG+키/XSV+ETN+맞/VV+다/EF+./SY+나/NP+도/JX+그렇/VA+다키키/NNP"
          },
          {
            "id": 17,
            "text": "1 : 사실 예능 몇 시에 하는지도 모름",
            "norm_text": "사실 예능 몇 시에 하는지도 모름",
            "speaker": {
              "id": "1번",
              "sex": "여성",
              "age": "30대"
            },
            "speechAct": "(단언) 진술하기",
            "morpheme": "사실/MAG+예능/NNG+몇/MM+시/NNBC+에/JKB+하/VV+는지/EC+도/JX+모름/VV+ETN"
          },
          {
            "id": 18,
            "text": "2 : 키키 요즘 넷플릭스 말고도 와챠, 디즈니 뭐 많다던데",
            "norm_text": "키키 요즘 넷플릭스 말고도 와챠, 디즈니 뭐 많다던데",
            "speaker": {
              "id": "2번",
              "sex": "여성",
              "age": "30대"
            },
            "speechAct": "(단언) 진술하기",
            "morpheme": "키/NNG+키/NNG+요즘/MAG+넷플릭스/NNP+말/NNG+고도/NNG+와/JC+챠/NNP+,/SC+디즈니/NNP+뭐/IC+많/VA+다던데/EC"
          },
          {
            "id": 19,
            "text": "1 : 키키 응 나 왓챠도 구독하고 있는데 뭐 비슷비슷해 키키",
            "norm_text": "키키 응 나 왓챠도 구독하고 있는데 뭐 비슷비슷해 키키",
            "speaker": {
              "id": "1번",
              "sex": "여성",
              "age": "30대"
            },
            "speechAct": "(단언) 주장하기",
            "morpheme": "키/NNG+키/XSV+ETN+응/IC+나왓/VV+EP+챠/NNP+도/JX+구독/NNG+하/XSV+고/EC+있/VX+는데/EC+뭐/IC+비슷비슷/XR+해/XSA+EC+키/NNG+키/XSV+ETN"
          },
          {
            "id": 20,
            "text": "2 : 선택 폭이 넓어지면 머리 아픔...",
            "norm_text": "선택 폭이 넓어지면 머리 아픔...",
            "speaker": {
              "id": "2번",
              "sex": "여성",
              "age": "30대"
            },
            "speechAct": "(단언) 주장하기",
            "morpheme": "선택/NNG+폭/NNG+이/JKS+넓/VA+어/EC+지/VX+면/EC+머리/NNG+아픔/NNG+./SY+./SY"
          },
          {
            "id": 21,
            "text": "2 : 난 그냥 하나만 해야지 키키",
            "norm_text": "난 그냥 하나만 해야지 키키",
            "speaker": {
              "id": "2번",
              "sex": "여성",
              "age": "30대"
            },
            "speechAct": "(언약) 약속하기(제3자와)/(개인적 수준)",
            "morpheme": "난/NP+JX+그냥/MAG+하나/NR+만/JX+해야지/VV+EC+키/NNG+키/XSV+ETN"
          }
        ]
      }
    }
  ]
}