{
  "dataset": {
    "identifier": 49953,
    "name": "KAKAO_978_09_set",
    "src_path": "/data/file/cubeManager/PROJECT001/53/txt20211006134438073622/KAKAO_978_09_set/",
    "label_path": "/data/file/cubeManager/PROJECT001/53/txt20211006134438073622/KAKAO_978_09_set/",
    "category": 2,
    "type": 0
  },
  "licenses": {
    "name": "Apache License 1.0",
    "url": "http://www.apache.org/licenses/LICENSE-1.0"
  },
  "info": [
    {
      "id": 43069,
      "filename": "KAKAO_978_09.txt",
      "title": "KAKAO_978_09",
      "mediatype": "SNS",
      "medianame": "카카오톡",
      "category": "일상대화",
      "date": "2021-10-06",
      "size": 472,
      "annotations": {
        "subject": "반려동물",
        "speaker_type": "1:1",
        "size": 472,
        "word_size": 164,
        "text": "1 : 요새 볼 반려동물 유튜버 있어? 추천 좀\n2 : 나 요새 딱히 새로 보는 건 없구 보던 거 보는 듯 ㅠ\n1 : 너 보통 뭐 봐? 고양이? 강아지?\n2 : 난 강아지를 더 많이 보는 듯 키키 리트리버 조아\n1 : 아 너 대형견 취향이었지? 키키 인정\n2 : 응응 나 완전 대형견 러버 키키 리트리버는 다 좋아\n1 : 그럼 나중에 만약 독립하면 멍멍이 키우고 싶어?\n2 : 아니… 난 보는 것만 좋아… 자신 없음 키키\n1 : 키키 산책 이런 거 때문에? 너 은근 잘할 듯\n2 : 산책도 산책이고… 난 털이 감당이 안될 듯\n1 : 아 맞아 키키 털 진짜 많이 빠진다더라 ㅠ 어쩔 수 없나 봐\n2 : 응응 키키 난… 자신이 없더라고 키키 안 깔끔해서\n1 : 내가 보는 강아지 유튜버도… 흰털 쩔더라\n2 : 아 혹시 사모예드? 우유? 키키 장난 아니더라\n1 : 어 어떻게 알았지? 키키\n1 : 응응 진짜 털 많이 빠지더라\n2 : 큰 귀여움에는 큰 책임이 따르나 봐 키키 ㅠㅠ",
        "lines": [
          {
            "id": 1,
            "text": "1 : 요새 볼 반려동물 유튜버 있어? 추천 좀",
            "norm_text": "요새 볼 반려동물 유튜버 있어? 추천 좀",
            "speaker": {
              "id": "1번",
              "sex": "여성",
              "age": "20대"
            },
            "speechAct": "(지시) 부탁하기",
            "morpheme": "요새/MAG+볼/VV+ETM+반려/NNG+동물유/NNG+튜버/NNP+있/VA+어/EF+추천/NNG+좀/MAG"
          },
          {
            "id": 2,
            "text": "2 : 나 요새 딱히 새로 보는 건 없구 보던 거 보는 듯 ㅠ",
            "norm_text": "나 요새 딱히 새로 보는 건 없구 보던 거 보는 듯 ㅠ",
            "speaker": {
              "id": "2번",
              "sex": "여성",
              "age": "20대"
            },
            "speechAct": "(단언) 진술하기",
            "morpheme": "나/NP+요새/MAG+딱히/MAG+새로/MAG+보/VV+는/ETM+건/NNB+JX+없/VA+구/EC+보/VX+던/ETM+거/NNB+보/VV+는/ETM+듯ㅠ/UNKNOWN"
          },
          {
            "id": 3,
            "text": "1 : 너 보통 뭐 봐? 고양이? 강아지?",
            "norm_text": "너 보통 뭐 봐? 고양이? 강아지?",
            "speaker": {
              "id": "1번",
              "sex": "여성",
              "age": "20대"
            },
            "speechAct": "(지시) 질문하기",
            "morpheme": "너/NP+보통/MAJ+뭐/IC+봐/VV+EF+고양이/NNG+?/SY+강아지/NNG"
          },
          {
            "id": 4,
            "text": "2 : 난 강아지를 더 많이 보는 듯 키키 리트리버 조아",
            "norm_text": "난 강아지를 더 많이 보는 듯 키키 리트리버 조아",
            "speaker": {
              "id": "2번",
              "sex": "여성",
              "age": "20대"
            },
            "speechAct": "(단언) 진술하기",
            "morpheme": "난/NP+JX+강아지/NNG+를/JKO+더/MAG+많이/MAG+보/VV+는/ETM+듯/NNB+키/NNG+키/XSV+ETN+리트리버/NNP+조아/NNG"
          },
          {
            "id": 5,
            "text": "1 : 아 너 대형견 취향이었지? 키키 인정",
            "norm_text": "아 너 대형견 취향이었지? 키키 인정",
            "speaker": {
              "id": "1번",
              "sex": "여성",
              "age": "20대"
            },
            "speechAct": "(단언) 진술하기",
            "morpheme": "아/IC+너/NP+대형/NNG+견/NNG+취향/NNG+이/VCP+었/EP+지/EF+키/NNG+키/NNG+인정/NNG"
          },
          {
            "id": 6,
            "text": "2 : 응응 나 완전 대형견 러버 키키 리트리버는 다 좋아",
            "norm_text": "응응 나 완전 대형견 러버 키키 리트리버는 다 좋아",
            "speaker": {
              "id": "2번",
              "sex": "여성",
              "age": "20대"
            },
            "speechAct": "(단언) 진술하기",
            "morpheme": "응/IC+응/IC+나/NP+완전/MAG+대형/NNG+견/NNG+러버/NNG+키/NNG+키/XSV+ETN+리트리버/NNP+는/JX+다/MAG+좋/VA+아/EC"
          },
          {
            "id": 7,
            "text": "1 : 그럼 나중에 만약 독립하면 멍멍이 키우고 싶어?",
            "norm_text": "그럼 나중에 만약 독립하면 멍멍이 키우고 싶어?",
            "speaker": {
              "id": "1번",
              "sex": "여성",
              "age": "20대"
            },
            "speechAct": "(지시) 질문하기",
            "morpheme": "그럼/MAJ+나중/NNG+에/JKB+만약/NNG+독립/NNG+하/XSV+면/EC+멍멍이/NNG+키우/VV+고/EC+싶/VX+어/EF"
          },
          {
            "id": 8,
            "text": "2 : 아니… 난 보는 것만 좋아… 자신 없음 키키",
            "norm_text": "아니… 난 보는 것만 좋아… 자신 없음 키키",
            "speaker": {
              "id": "2번",
              "sex": "여성",
              "age": "20대"
            },
            "speechAct": "(단언) 진술하기",
            "morpheme": "아니/IC+…/SE+난/NP+JX+보/VV+는/ETM+것/NNB+만/JX+좋/VA+아/EC+…/SE+자신/NNG+없/VA+음/ETN+키/NNG+키/XSV+ETN"
          },
          {
            "id": 9,
            "text": "1 : 키키 산책 이런 거 때문에? 너 은근 잘할 듯",
            "norm_text": "키키 산책 이런 거 때문에? 너 은근 잘할 듯",
            "speaker": {
              "id": "1번",
              "sex": "여성",
              "age": "20대"
            },
            "speechAct": "(단언) 주장하기",
            "morpheme": "키/NNG+키/NNG+산책/NNG+이런/MM+거/NNB+때문/NNB+에/JKB+너/NP+은/JX+근/NP+JX+잘/MAG+할/VV+ETM+듯/NNB"
          },
          {
            "id": 10,
            "text": "2 : 산책도 산책이고… 난 털이 감당이 안될 듯",
            "norm_text": "산책도 산책이고… 난 털이 감당이 안될 듯",
            "speaker": {
              "id": "2번",
              "sex": "여성",
              "age": "20대"
            },
            "speechAct": "(단언) 진술하기",
            "morpheme": "산책/NNG+도/JX+산책/NNG+이/VCP+고/EC+…/SE+난/NP+JX+털/NNG+이/JKS+감당/NNG+이/JKS+안/MAG+될/VV+ETM+듯/NNB"
          },
          {
            "id": 11,
            "text": "1 : 아 맞아 키키 털 진짜 많이 빠진다더라 ㅠ 어쩔 수 없나 봐",
            "norm_text": "아 맞아 키키 털 진짜 많이 빠진다더라 ㅠ 어쩔 수 없나 봐",
            "speaker": {
              "id": "1번",
              "sex": "여성",
              "age": "20대"
            },
            "speechAct": "(단언) 진술하기",
            "morpheme": "아/IC+맞/VV+아/EC+키/NNG+키/NNG+털/NNG+진짜/MAG+많이/MAG+빠진다/VV+EC+더/MAG+라ㅠ/UNKNOWN+어쩔/VV+ETM+수/NNB+없/VA+나/EC+봐/VX+EC"
          },
          {
            "id": 12,
            "text": "2 : 응응 키키 난… 자신이 없더라고 키키 안 깔끔해서",
            "norm_text": "응응 키키 난… 자신이 없더라고 키키 안 깔끔해서",
            "speaker": {
              "id": "2번",
              "sex": "여성",
              "age": "20대"
            },
            "speechAct": "(단언) 진술하기",
            "morpheme": "응/IC+응/IC+키/NNG+키/XSV+ETN+난/NP+JX+…/SE+자신/NNG+이/JKS+없/VA+더라고/EC+키/NNG+키/NNG+안/MAG+깔끔/XR+해서/XSA+EC"
          },
          {
            "id": 13,
            "text": "1 : 내가 보는 강아지 유튜버도… 흰털 쩔더라",
            "norm_text": "내가 보는 강아지 유튜버도… 흰털 쩔더라",
            "speaker": {
              "id": "1번",
              "sex": "여성",
              "age": "20대"
            },
            "speechAct": "(단언) 진술하기",
            "morpheme": "내/NP+가/JKS+보/VV+는/ETM+강아지/NNG+유/NNP+튜버/NNP+도/JX+…/SE+흰/VA+ETM+털/NNG+쩔/VV+더라/EC"
          },
          {
            "id": 14,
            "text": "2 : 아 혹시 사모예드? 우유? 키키 장난 아니더라",
            "norm_text": "아 혹시 사모예드? 우유? 키키 장난 아니더라",
            "speaker": {
              "id": "2번",
              "sex": "여성",
              "age": "20대"
            },
            "speechAct": "(단언) 진술하기",
            "morpheme": "아/IC+혹시/MAG+사모예드/NNP+?/SY+우유/NNG+?/SY+키/NNG+키/NNG+장난/NNG+아니/VCN+더라/EC"
          },
          {
            "id": 15,
            "text": "1 : 어 어떻게 알았지? 키키",
            "norm_text": "어 어떻게 알았지? 키키",
            "speaker": {
              "id": "1번",
              "sex": "여성",
              "age": "20대"
            },
            "speechAct": "(지시) 질문하기",
            "morpheme": "어/IC+어떻게/MAG+알/VV+았/EP+지/EF+키/NNG+키/XSV+ETN"
          },
          {
            "id": 16,
            "text": "1 : 응응 진짜 털 많이 빠지더라",
            "norm_text": "응응 진짜 털 많이 빠지더라",
            "speaker": {
              "id": "1번",
              "sex": "여성",
              "age": "20대"
            },
            "speechAct": "(단언) 진술하기",
            "morpheme": "응/IC+응/IC+진짜/MAG+털/NNG+많이/MAG+빠지/VV+더라/EC"
          },
          {
            "id": 17,
            "text": "2 : 큰 귀여움에는 큰 책임이 따르나 봐 키키 ㅠㅠ",
            "norm_text": "큰 귀여움에는 큰 책임이 따르나 봐 키키 ㅠㅠ",
            "speaker": {
              "id": "2번",
              "sex": "여성",
              "age": "20대"
            },
            "speechAct": "(단언) 진술하기",
            "morpheme": "큰/VA+ETM+귀여움/VA+ETN+에/JKB+는/JX+큰/VA+ETM+책임/NNG+이/JKS+따르/VV+나/EC+봐/VX+EF+키/NNG+키/XSV+ETN+ㅠㅠ/UNKNOWN"
          }
        ]
      }
    }
  ]
}