{
  "dataset": {
    "identifier": 33495,
    "name": "KAKAO_966_17_set",
    "src_path": "/data/file/cubeManager/PROJECT001/53/txt20211005163756093494/KAKAO_966_17_set/",
    "label_path": "/data/file/cubeManager/PROJECT001/53/txt20211005163756093494/KAKAO_966_17_set/",
    "category": 2,
    "type": 0
  },
  "licenses": {
    "name": "Apache License 1.0",
    "url": "http://www.apache.org/licenses/LICENSE-1.0"
  },
  "info": [
    {
      "id": 42735,
      "filename": "KAKAO_966_17.txt",
      "title": "KAKAO_966_17",
      "mediatype": "SNS",
      "medianame": "카카오톡",
      "category": "일상대화",
      "date": "2021-10-05",
      "size": 593,
      "annotations": {
        "subject": "건강",
        "speaker_type": "1:1",
        "size": 593,
        "word_size": 187,
        "text": "1 : 나는 요즘 계속 허리가 아파 ㅜㅜ 병원 가야 하나\n2 : 헐, 그런 건 빨리 병원 가봐야지! ㅠㅠ 참으면 병 된당\n1 : 아휴... 병원 가도 그때 뿐이니까 잘 안 가게 되는 거 같아\n2 : 아니면 한의원이라도 가봐 ㅠㅠ 침이 제일일 떄도 있더랑\n1 : 아 키키 나는 한의원 엄청 좋아해 키키 젤 효과가 좋은 듯\n2 : 난 허리 아프면 집에 찜질팩 있어서 전자렌지에 넣고 하거든\n1 : 아아 나는 그 저주파 마사지기 이런 것도 있는데... 키키\n2 : 오 키키 나도 그거 있다! 키키 붙여서 쓰는 거!\n1 : 키키 응 그거 꾸준히 하니까 진짜 효과가 있긴 하더라\n2 : 오호 키키 근데 충전이 좀 귀찮지 않아? 키키 난 그런 게 젤 귀찮더라구\n1 : 그게 병원에 물리치료 하는 거랑 똑같은 거지? 키키\n2 : 병원용만큼 세지는 않더라도 세기 말고는 똑같지 않을까? 키키\n1 : 키키 아휴... 오늘 저녁에 다시 붙여 봐야겠다... 병원까지 가기가 귀찮다\n2 : 응, 그래도 더 아프면 모레라도 가봐 ㅠㅠ 안 그럼 주말에 고생\n1 : 응응 그렇지... 허리는 진짜 아프니까 너무 인생이 힘들다\n2 : 응... 나 운동하다가 허리 근육 놀랬는지 아팠거든 삶의 질이 확 떨어지더라 ㅠㅠ",
        "lines": [
          {
            "id": 1,
            "text": "1 : 나는 요즘 계속 허리가 아파 ㅜㅜ 병원 가야 하나",
            "norm_text": "나는 요즘 계속 허리가 아파 ㅜㅜ 병원 가야 하나",
            "speaker": {
              "id": "1번",
              "sex": "여성",
              "age": "30대"
            },
            "speechAct": "(지시) 질문하기",
            "morpheme": "나/NP+는/JX+요즘/MAG+계속/MAG+허리/NNG+가/JKS+아파/VA+EC+ㅜㅜ/UNKNOWN+병원/NNG+가/VV+야/EF+하나/NR"
          },
          {
            "id": 2,
            "text": "2 : 헐, 그런 건 빨리 병원 가봐야지! ㅠㅠ 참으면 병 된당",
            "norm_text": "헐, 그런 건 빨리 병원 가봐야지! ㅠㅠ 참으면 병 된당",
            "speaker": {
              "id": "2번",
              "sex": "여성",
              "age": "30대"
            },
            "speechAct": "(단언) 주장하기",
            "morpheme": "헐/IC+,/SC+그런/MM+건/NNB+JX+빨리/MAG+병원/NNG+가/VV+봐야/EC+VX+EC+VX+지/EF+ㅠㅠ참으면병된당/UNKNOWN"
          },
          {
            "id": 3,
            "text": "1 : 아휴... 병원 가도 그때 뿐이니까 잘 안 가게 되는 거 같아",
            "norm_text": "아휴... 병원 가도 그때 뿐이니까 잘 안 가게 되는 거 같아",
            "speaker": {
              "id": "1번",
              "sex": "여성",
              "age": "30대"
            },
            "speechAct": "(단언) 주장하기",
            "morpheme": "아휴/IC+./SY+병원/NNG+가/XSN+도/JX+그때/NNG+뿐/JX+이/VCP+니까/EC+잘/MAG+안/MAG+가/VV+게/EC+되/VV+는/ETM+거/NNB+같/VA+아/EC"
          },
          {
            "id": 4,
            "text": "2 : 아니면 한의원이라도 가봐 ㅠㅠ 침이 제일일 떄도 있더랑",
            "norm_text": "아니면 한의원이라도 가봐 ㅠㅠ 침이 제일일 떄도 있더랑",
            "speaker": {
              "id": "2번",
              "sex": "여성",
              "age": "30대"
            },
            "speechAct": "(지시) 충고/제안하기",
            "morpheme": "아니면/MAJ+한/MM+의원/NNG+이/VCP+라도/EC+가/JX+봐/VX+EF+ㅠㅠ/UNKNOWN+침/NNG+이제/MAG+일/NR+일/NNBC+떄도/UNKNOWN+있/VA+더/EP+랑/EC"
          },
          {
            "id": 5,
            "text": "1 : 아 키키 나는 한의원 엄청 좋아해 키키 젤 효과가 좋은 듯",
            "norm_text": "아 키키 나는 한의원 엄청 좋아해 키키 젤 효과가 좋은 듯",
            "speaker": {
              "id": "1번",
              "sex": "여성",
              "age": "30대"
            },
            "speechAct": "(단언) 주장하기",
            "morpheme": "아키/NNP+키나/NNG+는/JX+한/MM+의원/NNG+엄청/MAG+좋/VA+아/EC+해/VV+EC+키/NNG+키/XSV+ETN+젤/MAG+효과/NNG+가/JKS+좋/VA+은/ETM+듯/NNB"
          },
          {
            "id": 6,
            "text": "2 : 난 허리 아프면 집에 찜질팩 있어서 전자렌지에 넣고 하거든",
            "norm_text": "난 허리 아프면 집에 찜질팩 있어서 전자렌지에 넣고 하거든",
            "speaker": {
              "id": "2번",
              "sex": "여성",
              "age": "30대"
            },
            "speechAct": "(단언) 진술하기",
            "morpheme": "난/NP+JX+허리/NNG+아프/VA+면/EC+집/NNG+에/JKB+찜/NNG+질/XSN+팩/MAG+있/VV+어서/EC+전자/NNG+렌지/NNG+에/JKB+넣/VV+고/EC+하/VV+거든/EC"
          },
          {
            "id": 7,
            "text": "1 : 아아 나는 그 저주파 마사지기 이런 것도 있는데... 키키",
            "norm_text": "아아 나는 그 저주파 마사지기 이런 것도 있는데... 키키",
            "speaker": {
              "id": "1번",
              "sex": "여성",
              "age": "30대"
            },
            "speechAct": "(단언) 진술하기",
            "morpheme": "아아나/NNP+는/JX+그저/MAG+주파/NNG+마사/NNG+지기/NNG+이런/MM+것/NNB+도/JX+있/VA+는데/EC+./SY+./SY+키/NNG+키/XSV+ETN"
          },
          {
            "id": 8,
            "text": "2 : 오 키키 나도 그거 있다! 키키 붙여서 쓰는 거!",
            "norm_text": "오 키키 나도 그거 있다! 키키 붙여서 쓰는 거!",
            "speaker": {
              "id": "2번",
              "sex": "여성",
              "age": "30대"
            },
            "speechAct": "(단언) 진술하기",
            "morpheme": "오키/NNP+키나/NNG+도/JX+그거/NP+있/VA+다/EF+키/NNG+키/XSV+ETN+붙여서/VV+EC+쓰/VV+는/ETM+거/NNB"
          },
          {
            "id": 9,
            "text": "1 : 키키 응 그거 꾸준히 하니까 진짜 효과가 있긴 하더라",
            "norm_text": "키키 응 그거 꾸준히 하니까 진짜 효과가 있긴 하더라",
            "speaker": {
              "id": "1번",
              "sex": "여성",
              "age": "30대"
            },
            "speechAct": "(단언) 주장하기",
            "morpheme": "키/NNG+키/XSV+ETN+응/IC+그거/NP+꾸준히/MAG+하/VV+니까/EC+진짜/MAG+효과/NNG+가/JKS+있/VV+긴/ETN+JX+하/VX+더라/EC"
          },
          {
            "id": 10,
            "text": "2 : 오호 키키 근데 충전이 좀 귀찮지 않아? 키키 난 그런 게 젤 귀찮더라구",
            "norm_text": "오호 키키 근데 충전이 좀 귀찮지 않아? 키키 난 그런 게 젤 귀찮더라구",
            "speaker": {
              "id": "2번",
              "sex": "여성",
              "age": "30대"
            },
            "speechAct": "(단언) 주장하기",
            "morpheme": "오호/IC+키/NNG+키/XSV+ETN+근데/MAJ+충전/NNG+이/JKS+좀/MAG+귀찮/VA+지/EC+않/VX+아/EF+키/NNG+키/XSV+ETN+난/NP+JX+그런/MM+게/NNB+JKS+젤/MAG+귀찮/VA+더라구/EC"
          },
          {
            "id": 11,
            "text": "1 : 그게 병원에 물리치료 하는 거랑 똑같은 거지? 키키",
            "norm_text": "그게 병원에 물리치료 하는 거랑 똑같은 거지? 키키",
            "speaker": {
              "id": "1번",
              "sex": "여성",
              "age": "30대"
            },
            "speechAct": "(지시) 질문하기",
            "morpheme": "그게/NP+JKS+병원/NNG+에/JKB+물리/NNG+치료/NNG+하/XSV+는/ETM+거/NNB+랑/JKB+똑같/VA+은/ETM+거/NNB+지/VCP+EF+키/NNG+키/XSV+ETN"
          },
          {
            "id": 12,
            "text": "2 : 병원용만큼 세지는 않더라도 세기 말고는 똑같지 않을까? 키키",
            "norm_text": "병원용만큼 세지는 않더라도 세기 말고는 똑같지 않을까? 키키",
            "speaker": {
              "id": "2번",
              "sex": "여성",
              "age": "30대"
            },
            "speechAct": "(단언) 주장하기",
            "morpheme": "병원/NNG+용/XSN+만큼/JKB+세지/NNG+는/JX+않/VX+더라도/EC+세기/NNG+말/VV+고/EC+는/JX+똑같/VA+지/EC+않/VX+을까/EF+키/NNG+키/XSV+ETN"
          },
          {
            "id": 13,
            "text": "1 : 키키 아휴... 오늘 저녁에 다시 붙여 봐야겠다... 병원까지 가기가 귀찮다",
            "norm_text": "키키 아휴... 오늘 저녁에 다시 붙여 봐야겠다... 병원까지 가기가 귀찮다",
            "speaker": {
              "id": "1번",
              "sex": "여성",
              "age": "30대"
            },
            "speechAct": "(단언) 주장하기",
            "morpheme": "키/NNG+키/XSV+ETN+아휴/IC+./SY+오늘/MAG+저녁/NNG+에/JKB+다시/MAG+붙여/VV+EC+봐야/VX+EC+VV+겠/EP+다/EF+./SY+병원/NNG+까지/JX+가/VV+기/ETN+가/JKS+귀찮/VA+다/EC"
          },
          {
            "id": 14,
            "text": "2 : 응, 그래도 더 아프면 모레라도 가봐 ㅠㅠ 안 그럼 주말에 고생",
            "norm_text": "응, 그래도 더 아프면 모레라도 가봐 ㅠㅠ 안 그럼 주말에 고생",
            "speaker": {
              "id": "2번",
              "sex": "여성",
              "age": "30대"
            },
            "speechAct": "(지시) 충고/제안하기",
            "morpheme": "응/IC+,/SC+그래도/MAJ+더/MAG+아프/VA+면/EC+모레/NNG+라도/VCP+EC+가/JX+봐/VX+EF+ㅠㅠ/UNKNOWN+안/MAG+그럼/VV+EC+주말/NNG+에/JKB+고생/NNG"
          },
          {
            "id": 15,
            "text": "1 : 응응 그렇지... 허리는 진짜 아프니까 너무 인생이 힘들다",
            "norm_text": "응응 그렇지... 허리는 진짜 아프니까 너무 인생이 힘들다",
            "speaker": {
              "id": "1번",
              "sex": "여성",
              "age": "30대"
            },
            "speechAct": "(단언) 주장하기",
            "morpheme": "응/IC+응/IC+그렇/VA+지/EF+./SY+허리/NNG+는/JX+진짜/MAG+아프/VA+니까/EC+너무/MAG+인생/NNG+이/JKS+힘들/VA+다/EC"
          },
          {
            "id": 16,
            "text": "2 : 응... 나 운동하다가 허리 근육 놀랬는지 아팠거든 삶의 질이 확 떨어지더라 ㅠㅠ",
            "norm_text": "응... 나 운동하다가 허리 근육 놀랬는지 아팠거든 삶의 질이 확 떨어지더라 ㅠㅠ",
            "speaker": {
              "id": "2번",
              "sex": "여성",
              "age": "30대"
            },
            "speechAct": "(단언) 주장하기",
            "morpheme": "응/IC+./SY+나/NP+운동/NNG+하/XSV+다가/EC+허리/NNG+근육/NNG+놀랬/VV+EP+는지/EC+아팠/VA+EP+거든/EF+삶/NNG+의/JKG+질/NNG+이/JKS+확/MAG+떨어지/VV+더라/EF+ㅠㅠ/UNKNOWN"
          }
        ]
      }
    }
  ]
}