{
  "dataset": {
    "identifier": 62460,
    "name": "KAKAO_920_11_set",
    "src_path": "/data/file/cubeManager/PROJECT001/53/txt20211005161349016973/KAKAO_920_11_set/",
    "label_path": "/data/file/cubeManager/PROJECT001/53/txt20211005161349016973/KAKAO_920_11_set/",
    "category": 2,
    "type": 0
  },
  "licenses": {
    "name": "Apache License 1.0",
    "url": "http://www.apache.org/licenses/LICENSE-1.0"
  },
  "info": [
    {
      "id": 41968,
      "filename": "KAKAO_920_11.txt",
      "title": "KAKAO_920_11",
      "mediatype": "SNS",
      "medianame": "카카오톡",
      "category": "일상대화",
      "date": "2021-10-05",
      "size": 517,
      "annotations": {
        "subject": "게임",
        "speaker_type": "1:1",
        "size": 517,
        "word_size": 168,
        "text": "1 : 아 요즘 재밌는 게임 없나?\n2 : 요즘 서든어택이 그렇게 재밌더라\n1 : 헐 맞아 나도 서든어택 엄청 좋아해\n2 : 오 너 서든어택 언제부터 시작했는데?\n1 : 나는 중학교 때부터 접해서 지금까지 하고 있어!\n2 : 오 생각보다 엄청 오래했네...\n2 : 너는 포지션 주로 어디로 가는 편이야?\n1 : 나는 저격보다는 주로 라플을 선호해 너는?\n2 : 나랑 똑같구나!\n2 : 나도 저격보다는 라플 주로 가는 편이야!\n1 : 나한테는 저격 너무 어려운 것 같아 ㅠㅠ\n2 : 맞아 ㅠㅠ 게임 자체가 너무 오래되었다 보니까 고인물이 너무 많아서 힘들어\n1 : 그만큼 인기가 많다는 증거지!\n1 : 우리도 솔직히 말하면 고인물에 속하는 것 같어... 키키\n2 : 키키 너 다른 게임은 하는 거 없어?\n1 : 나는 총 쏘는 게임에 흥미가 있는 것 같아\n2 : 예를 들면 어떤 게임 말하는 거야?\n2 : 나도 다른 게임 해보고 싶어\n1 : 너도 아마 알고 있을 거야.\n1 : 게임 이름이 배그?\n2 : 배그? 나도 그 게임 무조건 알지!\n2 : 나중에 같이 해보자",
        "lines": [
          {
            "id": 1,
            "text": "1 : 아 요즘 재밌는 게임 없나?",
            "norm_text": "아 요즘 재밌는 게임 없나?",
            "speaker": {
              "id": "1번",
              "sex": "여성",
              "age": "20대"
            },
            "speechAct": "(지시) 질문하기",
            "morpheme": "아/IC+요즘/MAG+재밌/VA+는/ETM+게임/NNG+없/VA+나/EF"
          },
          {
            "id": 2,
            "text": "2 : 요즘 서든어택이 그렇게 재밌더라",
            "norm_text": "요즘 서든어택이 그렇게 재밌더라",
            "speaker": {
              "id": "2번",
              "sex": "남성",
              "age": "20대"
            },
            "speechAct": "(단언) 주장하기",
            "morpheme": "요즘/NNG+서든/VCP+EC+어택/NNG+이/JKS+그렇게/MAG+재밌/VA+더라/EC"
          },
          {
            "id": 3,
            "text": "1 : 헐 맞아 나도 서든어택 엄청 좋아해",
            "norm_text": "헐 맞아 나도 서든어택 엄청 좋아해",
            "speaker": {
              "id": "1번",
              "sex": "여성",
              "age": "20대"
            },
            "speechAct": "(단언) 주장하기",
            "morpheme": "헐/VV+JKO+맞/VV+아/EC+나도/VV+서든/EC+VCP+EC+어택/NNG+엄청/MAG+좋/VA+아/EC+해/VV+EC"
          },
          {
            "id": 4,
            "text": "2 : 오 너 서든어택 언제부터 시작했는데?",
            "norm_text": "오 너 서든어택 언제부터 시작했는데?",
            "speaker": {
              "id": "2번",
              "sex": "남성",
              "age": "20대"
            },
            "speechAct": "(지시) 질문하기",
            "morpheme": "오너/NNG+서/JKB+든/VCP+EC+어택/NNG+언제/NP+부터/JX+시작/NNG+했/XSV+EP+는데/EF"
          },
          {
            "id": 5,
            "text": "1 : 나는 중학교 때부터 접해서 지금까지 하고 있어!",
            "norm_text": "나는 중학교 때부터 접해서 지금까지 하고 있어!",
            "speaker": {
              "id": "1번",
              "sex": "여성",
              "age": "20대"
            },
            "speechAct": "(단언) 진술하기",
            "morpheme": "나/NP+는/JX+중학교/NNG+때/NNG+부터/JX+접해서/VV+EC+지금/NNG+까지/JX+하/VV+고/EC+있/VX+어/EF"
          },
          {
            "id": 6,
            "text": "2 : 오 생각보다 엄청 오래했네...",
            "norm_text": "오 생각보다 엄청 오래했네...",
            "speaker": {
              "id": "2번",
              "sex": "남성",
              "age": "20대"
            },
            "speechAct": "(단언) 주장하기",
            "morpheme": "오/NR+생각/NNG+보다/JKB+엄청/MAG+오래/MAG+했/VV+EP+네/EF+./SY"
          },
          {
            "id": 7,
            "text": "2 : 너는 포지션 주로 어디로 가는 편이야?",
            "norm_text": "너는 포지션 주로 어디로 가는 편이야?",
            "speaker": {
              "id": "2번",
              "sex": "남성",
              "age": "20대"
            },
            "speechAct": "(지시) 질문하기",
            "morpheme": "너/NP+는/JX+포지션/NNG+주로/MAG+어디/NP+로/JKB+가/VV+는/ETM+편/NNB+이/VCP+야/EF"
          },
          {
            "id": 8,
            "text": "1 : 나는 저격보다는 주로 라플을 선호해 너는?",
            "norm_text": "나는 저격보다는 주로 라플을 선호해 너는?",
            "speaker": {
              "id": "1번",
              "sex": "여성",
              "age": "20대"
            },
            "speechAct": "(지시) 질문하기",
            "morpheme": "나/NP+는/JX+저격/NNG+보다/JKB+는/JX+주/VX+로라/EC+플/NNG+을/JKO+선호/NNG+해/XSV+EC+너/NP+는/JX"
          },
          {
            "id": 9,
            "text": "2 : 나랑 똑같구나!",
            "norm_text": "나랑 똑같구나!",
            "speaker": {
              "id": "2번",
              "sex": "남성",
              "age": "20대"
            },
            "speechAct": "(단언) 주장하기",
            "morpheme": "나/NP+랑/JKB+똑같/VA+구나/EF"
          },
          {
            "id": 10,
            "text": "2 : 나도 저격보다는 라플 주로 가는 편이야!",
            "norm_text": "나도 저격보다는 라플 주로 가는 편이야!",
            "speaker": {
              "id": "2번",
              "sex": "남성",
              "age": "20대"
            },
            "speechAct": "(단언) 진술하기",
            "morpheme": "나/NP+도/JX+저격/NNG+보다/JKB+는/JX+라/VCP+EC+플/VX+ETM+주로/MAG+가/VV+는/ETM+편/NNB+이/VCP+야/EF"
          },
          {
            "id": 11,
            "text": "1 : 나한테는 저격 너무 어려운 것 같아 ㅠㅠ",
            "norm_text": "나한테는 저격 너무 어려운 것 같아 ㅠㅠ",
            "speaker": {
              "id": "1번",
              "sex": "여성",
              "age": "20대"
            },
            "speechAct": "(단언) 주장하기",
            "morpheme": "나/NP+한테/JKB+는/JX+저격/NNG+너무/MAG+어려운/VA+ETM+것/NNB+같/VA+아/EC+ㅠㅠ/UNKNOWN"
          },
          {
            "id": 12,
            "text": "2 : 맞아 ㅠㅠ 게임 자체가 너무 오래되었다 보니까 고인물이 너무 많아서 힘들어",
            "norm_text": "맞아 ㅠㅠ 게임 자체가 너무 오래되었다 보니까 고인물이 너무 많아서 힘들어",
            "speaker": {
              "id": "2번",
              "sex": "남성",
              "age": "20대"
            },
            "speechAct": "(단언) 주장하기",
            "morpheme": "맞/VV+아/EC+ㅠㅠ/UNKNOWN+게임/NNG+자체/NNG+가/JKS+너무/MAG+오래/MAG+되/VV+었/EP+다/EC+보/VX+니까/EC+고인/VV+ETM+물/NNG+이/JKS+너무/MAG+많/VA+아서/EC+힘들/VA+어/EC"
          },
          {
            "id": 13,
            "text": "1 : 그만큼 인기가 많다는 증거지!",
            "norm_text": "그만큼 인기가 많다는 증거지!",
            "speaker": {
              "id": "1번",
              "sex": "여성",
              "age": "20대"
            },
            "speechAct": "(단언) 주장하기",
            "morpheme": "그만큼/MAG+인기/NNG+가/JKS+많/VA+다는/ETM+증거/NNG+지/VCP+EF"
          },
          {
            "id": 14,
            "text": "1 : 우리도 솔직히 말하면 고인물에 속하는 것 같어... 키키",
            "norm_text": "우리도 솔직히 말하면 고인물에 속하는 것 같어... 키키",
            "speaker": {
              "id": "1번",
              "sex": "여성",
              "age": "20대"
            },
            "speechAct": "(단언) 주장하기",
            "morpheme": "우리/NP+도/JX+솔직히/MAG+말/NNG+하/XSV+면/EC+고인/VV+ETM+물/NNG+에/JKB+속하/VV+는/ETM+것/NNB+같/VA+어/EF+./SY+키/NNG+키/XSV+ETN"
          },
          {
            "id": 15,
            "text": "2 : 키키 너 다른 게임은 하는 거 없어?",
            "norm_text": "키키 너 다른 게임은 하는 거 없어?",
            "speaker": {
              "id": "2번",
              "sex": "남성",
              "age": "20대"
            },
            "speechAct": "(지시) 질문하기",
            "morpheme": "키/NNG+키너/NNP+다른/MM+게임/NNG+은/JX+하/VV+는/ETM+거/NNB+없/VA+어/EF"
          },
          {
            "id": 16,
            "text": "1 : 나는 총 쏘는 게임에 흥미가 있는 것 같아",
            "norm_text": "나는 총 쏘는 게임에 흥미가 있는 것 같아",
            "speaker": {
              "id": "1번",
              "sex": "여성",
              "age": "20대"
            },
            "speechAct": "(단언) 주장하기",
            "morpheme": "나/NP+는/JX+총/MM+쏘/VV+는/ETM+게임/NNG+에/JKB+흥미/NNG+가/JKS+있/VA+는/ETM+것/NNB+같/VA+아/EC"
          },
          {
            "id": 17,
            "text": "2 : 예를 들면 어떤 게임 말하는 거야?",
            "norm_text": "예를 들면 어떤 게임 말하는 거야?",
            "speaker": {
              "id": "2번",
              "sex": "남성",
              "age": "20대"
            },
            "speechAct": "(지시) 질문하기",
            "morpheme": "예/NNG+를/JKO+들/VV+면/EC+어떤/MM+게임/NNG+말/NNG+하/XSV+는/ETM+거/NNB+야/VCP+EF"
          },
          {
            "id": 18,
            "text": "2 : 나도 다른 게임 해보고 싶어",
            "norm_text": "나도 다른 게임 해보고 싶어",
            "speaker": {
              "id": "2번",
              "sex": "남성",
              "age": "20대"
            },
            "speechAct": "(단언) 주장하기",
            "morpheme": "나/NP+도/JX+다른/MM+게임/NNG+해/XSV+EC+보/VX+고/EC+싶/VX+어/EC"
          },
          {
            "id": 19,
            "text": "1 : 너도 아마 알고 있을 거야.",
            "norm_text": "너도 아마 알고 있을 거야.",
            "speaker": {
              "id": "1번",
              "sex": "여성",
              "age": "20대"
            },
            "speechAct": "(단언) 주장하기",
            "morpheme": "너/NP+도/JX+아마/MAG+알/VV+고/EC+있/VX+을/ETM+거/NNB+야/VCP+EF"
          },
          {
            "id": 20,
            "text": "1 : 게임 이름이 배그?",
            "norm_text": "게임 이름이 배그?",
            "speaker": {
              "id": "1번",
              "sex": "여성",
              "age": "20대"
            },
            "speechAct": "(단언) 진술하기",
            "morpheme": "게임/NNG+이름/NNG+이/JKS+배/NNG+그/IC"
          },
          {
            "id": 21,
            "text": "2 : 배그? 나도 그 게임 무조건 알지!",
            "norm_text": "배그? 나도 그 게임 무조건 알지!",
            "speaker": {
              "id": "2번",
              "sex": "남성",
              "age": "20대"
            },
            "speechAct": "(단언) 주장하기",
            "morpheme": "배/NNG+그/IC+나/NP+도/JX+그게/NP+JKS+임무/NNG+조건/NNG+알/VV+지/EF"
          },
          {
            "id": 22,
            "text": "2 : 나중에 같이 해보자",
            "norm_text": "나중에 같이 해보자",
            "speaker": {
              "id": "2번",
              "sex": "남성",
              "age": "20대"
            },
            "speechAct": "(언약) 약속하기(제3자와)/(개인적 수준)",
            "morpheme": "나중/NNG+에/JKB+같이/MAG+해/VV+EC+보/VX+자/EC"
          }
        ]
      }
    }
  ]
}