{
  "dataset": {
    "identifier": 68944,
    "name": "KAKAO_946_09_set",
    "src_path": "/data/file/cubeManager/PROJECT001/53/txt20211005162503030184/KAKAO_946_09_set/",
    "label_path": "/data/file/cubeManager/PROJECT001/53/txt20211005162503030184/KAKAO_946_09_set/",
    "category": 2,
    "type": 0
  },
  "licenses": {
    "name": "Apache License 1.0",
    "url": "http://www.apache.org/licenses/LICENSE-1.0"
  },
  "info": [
    {
      "id": 42286,
      "filename": "KAKAO_946_09.txt",
      "title": "KAKAO_946_09",
      "mediatype": "SNS",
      "medianame": "카카오톡",
      "category": "일상대화",
      "date": "2021-10-05",
      "size": 625,
      "annotations": {
        "subject": "반려동물",
        "speaker_type": "1:1",
        "size": 625,
        "word_size": 200,
        "text": "1 : 넌 강아지 키우지?\n1 : 제일 힘든 게 뭐야\n2 : 내가 엄청 피곤할 때지만 산책을 나가야 할듯한 의무감이 드는 거?\n1 : 아 하긴 ㅜㅜ 1일 1산책은 필수라고 하니까 ㅜㅜ\n2 : 응... 근데 오늘은 진짜 너무 몸이 피곤해서 도저히 안되겠더라 ㅠㅠ\n2 : 미안하지만 패스,\n1 : 하하 그래도 강아지랑 하루 종일 같이 있었으면 이해해 줄 거야\n2 : 하하 그렇겠지? 키키\n2 : 간식보다 산책을 더 좋아하는 그녀이긴 하지만 하하\n1 : 키키 산책 가면 강아지 친구들도 많이 만나겠네\n2 : 토끼가 딱히 강아지들을 그리 좋아하는 게 아니라 주로 냄새 맡고만 다녀\n1 : 아 정말? 강아지마다 다 성향이 다른가 보다\n2 : 응 키키 냄새 맡는 게 젤 좋은가 봐 키키\n2 : 빠져든당 하하\n1 : 키키 근데 막 길에 먹으면 안되는 것들도 많잖아 ㅜㅜ\n2 : 응 키키 바닥만 보고 다니지 모,\n2 : 아님 앉아서 노는 거 구경하거나 하하\n1 : 아 키키 맞다 어디서 봤는데 산책 나가서 강아지가 잠도 자면 좋대 키키\n2 : 엉 키키 돗자리나 담요 같은 거 가지고 다니면서 쉬엄쉬엄 다니고\n1 : 키키 그러게 키키 강아지가 얼마나 마음이 편하면...\n2 : 응 키키 그게 자연스럽게 당연한 게 되니까 ㅠㅠ\n2 : 직장인들은 그게 아무래도, 힘들지 ㅠㅠ",
        "lines": [
          {
            "id": 1,
            "text": "1 : 넌 강아지 키우지?",
            "norm_text": "넌 강아지 키우지?",
            "speaker": {
              "id": "1번",
              "sex": "여성",
              "age": "30대"
            },
            "speechAct": "(지시) 질문하기",
            "morpheme": "넌/NP+JX+강아지/NNG+키우/VV+지/EF"
          },
          {
            "id": 2,
            "text": "1 : 제일 힘든 게 뭐야",
            "norm_text": "제일 힘든 게 뭐야",
            "speaker": {
              "id": "1번",
              "sex": "여성",
              "age": "30대"
            },
            "speechAct": "(지시) 질문하기",
            "morpheme": "제일/MAG+힘든/VA+ETM+게/NNB+JKS+뭐/NP+야/VCP+EF"
          },
          {
            "id": 3,
            "text": "2 : 내가 엄청 피곤할 때지만 산책을 나가야 할듯한 의무감이 드는 거?",
            "norm_text": "내가 엄청 피곤할 때지만 산책을 나가야 할듯한 의무감이 드는 거?",
            "speaker": {
              "id": "2번",
              "sex": "여성",
              "age": "30대"
            },
            "speechAct": "(단언) 주장하기",
            "morpheme": "내/NP+가/JKS+엄청/MAG+피곤/NNG+할/XSV+ETM+때/NNG+지만/VCP+EC+산책/NNG+을/JKO+나가/VV+야/EC+할/VX+ETM+듯/NNB+한/XSA+ETM+의무감/NNG+이/JKS+드/VV+는/ETM+거/NNB"
          },
          {
            "id": 4,
            "text": "1 : 아 하긴 ㅜㅜ 1일 1산책은 필수라고 하니까 ㅜㅜ",
            "norm_text": "아 하긴 ㅜㅜ 1일 1산책은 필수라고 하니까 ㅜㅜ",
            "speaker": {
              "id": "1번",
              "sex": "여성",
              "age": "30대"
            },
            "speechAct": "(단언) 진술하기",
            "morpheme": "아하긴ㅜㅜ/UNKNOWN+1/SN+일/NNBC+1/SN+산책은필수라고하니까ㅜㅜ/UNKNOWN"
          },
          {
            "id": 5,
            "text": "2 : 응... 근데 오늘은 진짜 너무 몸이 피곤해서 도저히 안되겠더라 ㅠㅠ",
            "norm_text": "응... 근데 오늘은 진짜 너무 몸이 피곤해서 도저히 안되겠더라 ㅠㅠ",
            "speaker": {
              "id": "2번",
              "sex": "여성",
              "age": "30대"
            },
            "speechAct": "(단언) 주장하기",
            "morpheme": "응/IC+./SY+근데/MAJ+오늘/NNG+은/JX+진짜/MAG+너무/MAG+몸/NNG+이/JKS+피곤/NNG+해서/XSV+EC+도저히/MAG+안/MAG+되/VV+겠/EP+더라/EF+ㅠㅠ/UNKNOWN"
          },
          {
            "id": 6,
            "text": "2 : 미안하지만 패스,",
            "norm_text": "미안하지만 패스,",
            "speaker": {
              "id": "2번",
              "sex": "여성",
              "age": "30대"
            },
            "speechAct": "(단언) 주장하기",
            "morpheme": "미안/NNG+하/XSV+지만/EC+패스/NNG+,/SC"
          },
          {
            "id": 7,
            "text": "1 : 하하 그래도 강아지랑 하루 종일 같이 있었으면 이해해 줄 거야",
            "norm_text": "하하 그래도 강아지랑 하루 종일 같이 있었으면 이해해 줄 거야",
            "speaker": {
              "id": "1번",
              "sex": "여성",
              "age": "30대"
            },
            "speechAct": "(단언) 주장하기",
            "morpheme": "하하/MAG+그래도/VV+EC+강아지/NNG+랑/JKB+하루/NNG+종일/NNG+같이/JKB+있/VV+었/EP+으면/EC+이해/NNG+해/XSV+EC+줄/VX+ETM+거/NNB+야/VCP+EF"
          },
          {
            "id": 8,
            "text": "2 : 하하 그렇겠지? 키키",
            "norm_text": "하하 그렇겠지? 키키",
            "speaker": {
              "id": "2번",
              "sex": "여성",
              "age": "30대"
            },
            "speechAct": "(단언) 주장하기",
            "morpheme": "하하/MAG+그렇/VA+겠/EP+지/EF+키/NNG+키/XSV+ETN"
          },
          {
            "id": 9,
            "text": "2 : 간식보다 산책을 더 좋아하는 그녀이긴 하지만 하하",
            "norm_text": "간식보다 산책을 더 좋아하는 그녀이긴 하지만 하하",
            "speaker": {
              "id": "2번",
              "sex": "여성",
              "age": "30대"
            },
            "speechAct": "(단언) 주장하기",
            "morpheme": "간식/NNG+보다/JKB+산책/NNG+을/JKO+더/MAG+좋/VA+아/EC+하/VV+는/ETM+그녀/NP+이/VCP+긴/ETN+JX+하/VX+지만/EC+하하/MAG"
          },
          {
            "id": 10,
            "text": "1 : 키키 산책 가면 강아지 친구들도 많이 만나겠네",
            "norm_text": "키키 산책 가면 강아지 친구들도 많이 만나겠네",
            "speaker": {
              "id": "1번",
              "sex": "여성",
              "age": "30대"
            },
            "speechAct": "(단언) 주장하기",
            "morpheme": "키/NNG+키/NNG+산책/NNG+가/VV+면/EC+강아지/NNG+친구/NNG+들/XSN+도/JX+많이/MAG+만나/VV+겠/EP+네/EF"
          },
          {
            "id": 11,
            "text": "2 : 토끼가 딱히 강아지들을 그리 좋아하는 게 아니라 주로 냄새 맡고만 다녀",
            "norm_text": "토끼가 딱히 강아지들을 그리 좋아하는 게 아니라 주로 냄새 맡고만 다녀",
            "speaker": {
              "id": "2번",
              "sex": "여성",
              "age": "30대"
            },
            "speechAct": "(단언) 진술하기",
            "morpheme": "토끼/NNG+가/JKS+딱히/MAG+강아지/NNG+들/XSN+을/JKO+그리/MAG+좋/VA+아/EC+하/VV+는/ETM+게/NNB+JKC+아니/VCN+라/EC+주로/MAG+냄새/MAG+맡/VV+고/EC+만/JX+다녀/VV+EC"
          },
          {
            "id": 12,
            "text": "1 : 아 정말? 강아지마다 다 성향이 다른가 보다",
            "norm_text": "아 정말? 강아지마다 다 성향이 다른가 보다",
            "speaker": {
              "id": "1번",
              "sex": "여성",
              "age": "30대"
            },
            "speechAct": "(단언) 주장하기",
            "morpheme": "아/IC+정말/MAG+강아지/NNG+마다/JX+다/MAG+성향/NNG+이/JKS+다른가/VA+EC+보/VX+다/EC"
          },
          {
            "id": 13,
            "text": "2 : 응 키키 냄새 맡는 게 젤 좋은가 봐 키키",
            "norm_text": "응 키키 냄새 맡는 게 젤 좋은가 봐 키키",
            "speaker": {
              "id": "2번",
              "sex": "여성",
              "age": "30대"
            },
            "speechAct": "(단언) 주장하기",
            "morpheme": "응/IC+키/NNG+키/NNG+냄새/NNG+맡/VV+는/ETM+게/NNB+JKS+젤/MAG+좋/VA+은가/EC+봐/VX+EF+키/NNG+키/XSV+ETN"
          },
          {
            "id": 14,
            "text": "2 : 빠져든당 하하",
            "norm_text": "빠져든당 하하",
            "speaker": {
              "id": "2번",
              "sex": "여성",
              "age": "30대"
            },
            "speechAct": "(단언) 주장하기",
            "morpheme": "빠져든/VV+EC+VX+ETM+당하/NNG+하/XSV"
          },
          {
            "id": 15,
            "text": "1 : 키키 근데 막 길에 먹으면 안되는 것들도 많잖아 ㅜㅜ",
            "norm_text": "키키 근데 막 길에 먹으면 안되는 것들도 많잖아 ㅜㅜ",
            "speaker": {
              "id": "1번",
              "sex": "여성",
              "age": "30대"
            },
            "speechAct": "(단언) 주장하기",
            "morpheme": "키/NNG+키/XSV+ETN+근데/MAJ+막/MAJ+길/NNG+에/JKB+먹/VV+으면/EC+안/MAG+되/VV+는/ETM+것/NNB+들/XSN+도/JX+많/VA+잖아/EF+ㅜㅜ/UNKNOWN"
          },
          {
            "id": 16,
            "text": "2 : 응 키키 바닥만 보고 다니지 모,",
            "norm_text": "응 키키 바닥만 보고 다니지 모,",
            "speaker": {
              "id": "2번",
              "sex": "여성",
              "age": "30대"
            },
            "speechAct": "(단언) 진술하기",
            "morpheme": "응키키바닥만보고다니지모/UNKNOWN+,/SC"
          },
          {
            "id": 17,
            "text": "2 : 아님 앉아서 노는 거 구경하거나 하하",
            "norm_text": "아님 앉아서 노는 거 구경하거나 하하",
            "speaker": {
              "id": "2번",
              "sex": "여성",
              "age": "30대"
            },
            "speechAct": "(단언) 진술하기",
            "morpheme": "아님/MAJ+앉/VV+아서/EC+노/VX+는/ETM+거/NNB+구경/NNG+하/XSV+거나/EC+하하/MAG"
          },
          {
            "id": 18,
            "text": "1 : 아 키키 맞다 어디서 봤는데 산책 나가서 강아지가 잠도 자면 좋대 키키",
            "norm_text": "아 키키 맞다 어디서 봤는데 산책 나가서 강아지가 잠도 자면 좋대 키키",
            "speaker": {
              "id": "1번",
              "sex": "여성",
              "age": "30대"
            },
            "speechAct": "(단언) 진술하기",
            "morpheme": "아키/NNP+키/NNG+맞/VV+다/EF+어디/NP+서/JKB+봤/VV+EP+는데/EC+산책/NNG+나가/VV+서/EC+강아지/NNG+가/JKS+잠/NNG+도/JX+자/VV+면/EC+좋/VA+대/EF+키/NNG+키/XSV+ETN"
          },
          {
            "id": 19,
            "text": "2 : 엉 키키 돗자리나 담요 같은 거 가지고 다니면서 쉬엄쉬엄 다니고",
            "norm_text": "엉 키키 돗자리나 담요 같은 거 가지고 다니면서 쉬엄쉬엄 다니고",
            "speaker": {
              "id": "2번",
              "sex": "여성",
              "age": "30대"
            },
            "speechAct": "(단언) 진술하기",
            "morpheme": "엉/IC+키/NNG+키/NNG+돗자리/NNG+나/JC+담요/NNG+같/VA+은/ETM+거/NNB+가지/VV+고/EC+다니/VV+면서/EC+쉬엄쉬엄/MAG+다니/VV+고/EC"
          },
          {
            "id": 20,
            "text": "1 : 키키 그러게 키키 강아지가 얼마나 마음이 편하면...",
            "norm_text": "키키 그러게 키키 강아지가 얼마나 마음이 편하면...",
            "speaker": {
              "id": "1번",
              "sex": "여성",
              "age": "30대"
            },
            "speechAct": "(단언) 주장하기",
            "morpheme": "키/NNG+키/XSV+ETN+그러/VV+게/EC+키/NNG+키/NNG+강아지/NNG+가/JKS+얼마나/MAG+마음/NNG+이/JKS+편하/VA+면/EC+./SY+./SY"
          },
          {
            "id": 21,
            "text": "2 : 응 키키 그게 자연스럽게 당연한 게 되니까 ㅠㅠ",
            "norm_text": "응 키키 그게 자연스럽게 당연한 게 되니까 ㅠㅠ",
            "speaker": {
              "id": "2번",
              "sex": "여성",
              "age": "30대"
            },
            "speechAct": "(단언) 주장하기",
            "morpheme": "응/IC+키/NNG+키/XSV+ETN+그게/NP+JKS+자연/NNG+스럽/XSA+게/EC+당연/XR+한/XSA+ETM+게/NNB+JKS+되/VV+니까/EC+ㅠㅠ/UNKNOWN"
          },
          {
            "id": 22,
            "text": "2 : 직장인들은 그게 아무래도, 힘들지 ㅠㅠ",
            "norm_text": "직장인들은 그게 아무래도, 힘들지 ㅠㅠ",
            "speaker": {
              "id": "2번",
              "sex": "여성",
              "age": "30대"
            },
            "speechAct": "(표현) 부정감정 표현하기",
            "morpheme": "직장인/NNG+들/XSN+은/JX+그게/NP+JKS+아무래도/MAG+,/SC+힘들/VA+지/EC+ㅠㅠ/UNKNOWN"
          }
        ]
      }
    }
  ]
}