{
  "dataset": {
    "identifier": 58690,
    "name": "KAKAO_991_10_set",
    "src_path": "/data/file/cubeManager/PROJECT001/53/txt20211006134932046212/KAKAO_991_10_set/",
    "label_path": "/data/file/cubeManager/PROJECT001/53/txt20211006134932046212/KAKAO_991_10_set/",
    "category": 2,
    "type": 0
  },
  "licenses": {
    "name": "Apache License 1.0",
    "url": "http://www.apache.org/licenses/LICENSE-1.0"
  },
  "info": [
    {
      "id": 43544,
      "filename": "KAKAO_991_10.txt",
      "title": "KAKAO_991_10",
      "mediatype": "SNS",
      "medianame": "카카오톡",
      "category": "일상대화",
      "date": "2021-10-06",
      "size": 637,
      "annotations": {
        "subject": "스포츠/레저",
        "speaker_type": "1:1",
        "size": 637,
        "word_size": 191,
        "text": "1 : 요즘 젊은 애들도 골프를 많이 친다고 하더라!\n2 : 우와? 그래? 부자들이 많은가 보구만...\n2 : 부자들 스포츠 아냐? 골프는?\n1 : 응 골프 돈 많이 든다고 하더라고?\n2 : 그렇지! 부자들의 스포츠야 키키 골프는 키키\n1 : 근데 요즘 젊은 친구들은 자신한테 투자하는 걸 아까워하지 않는 사람들이 많다 보니\n2 : 음... 그래도 돈이 제법 들어가는데... ㅜㅜ\n1 : 돈 좀 들여가면서 취미로 많이 하고 있나 봐! 하하\n2 : 흠... 욜로시대라더니...\n2 : 뭐 젊을 때 하고 싶은 거 하고 사는 것도 찬성! 하하\n1 : 그리고 요즘 골프웨어 같은 것도 젊은 감성으로 많이 나오고 하니까 인기가 많은가 봐!\n2 : 응응 골프웨어는 이쁜 게 많긴 하더라~ 바지 같은 거 키키\n1 : 내 친구도 골프웨어 디자이너인데! 걔가 만든 옷 보면 다 예쁘더라고! 하하\n2 : 우와~ 골프웨어 디자이너도 있나!\n2 : 먼가 골프웨어는 차분하면서도 있어 보이는...?\n1 : 예전에는 골프 하면 되게 아저씨 아줌마들 옷만 떠올랐는데 키키 요즘 트렌드가 많이 바뀌고 있나 봐! 하하\n2 : 응응 하하 시대가 많이 변하고 있어 키키\n1 : 응응! 키키 스크린 골프는 채 같은 것도 빌려주고 한다더라!\n2 : 응응 스크린 골프장은 몸만 가면 돼 키키 비싸서 그렇지 키키",
        "lines": [
          {
            "id": 1,
            "text": "1 : 요즘 젊은 애들도 골프를 많이 친다고 하더라!",
            "norm_text": "요즘 젊은 애들도 골프를 많이 친다고 하더라!",
            "speaker": {
              "id": "1번",
              "sex": "여성",
              "age": "30대"
            },
            "speechAct": "(단언) 진술하기",
            "morpheme": "요즘/MAG+젊/VA+은/ETM+애/NNG+들/XSN+도/JX+골프/NNG+를/JKO+많이/MAG+친다고/VV+EC+하/VX+더라/EF"
          },
          {
            "id": 2,
            "text": "2 : 우와? 그래? 부자들이 많은가 보구만...",
            "norm_text": "우와? 그래? 부자들이 많은가 보구만...",
            "speaker": {
              "id": "2번",
              "sex": "남성",
              "age": "30대"
            },
            "speechAct": "(단언) 진술하기",
            "morpheme": "우와/IC+그래/IC+부자/NNG+들/XSN+이/JKS+많/VA+은가/EC+보/VX+구만/EF+./SY"
          },
          {
            "id": 3,
            "text": "2 : 부자들 스포츠 아냐? 골프는?",
            "norm_text": "부자들 스포츠 아냐? 골프는?",
            "speaker": {
              "id": "2번",
              "sex": "남성",
              "age": "30대"
            },
            "speechAct": "(지시) 질문하기",
            "morpheme": "부자/NNG+들/XSN+스포츠/NNG+아냐/VCN+EF+골프/NNG+는/JX"
          },
          {
            "id": 4,
            "text": "1 : 응 골프 돈 많이 든다고 하더라고?",
            "norm_text": "응 골프 돈 많이 든다고 하더라고?",
            "speaker": {
              "id": "1번",
              "sex": "여성",
              "age": "30대"
            },
            "speechAct": "(지시) 질문하기",
            "morpheme": "응/IC+골프/NNG+돈/NNG+많이/MAG+든다고/VV+EC+하/VX+더라고/EF"
          },
          {
            "id": 5,
            "text": "2 : 그렇지! 부자들의 스포츠야 키키 골프는 키키",
            "norm_text": "그렇지! 부자들의 스포츠야 키키 골프는 키키",
            "speaker": {
              "id": "2번",
              "sex": "남성",
              "age": "30대"
            },
            "speechAct": "(단언) 진술하기",
            "morpheme": "그렇/VA+지/EF+부자/NNG+들/XSN+의/JKG+스포츠/NNG+야/VCP+EF+키키/NNP+골프/NNG+는/JX+키/NNG+키/XSV+ETN"
          },
          {
            "id": 6,
            "text": "1 : 근데 요즘 젊은 친구들은 자신한테 투자하는 걸 아까워하지 않는 사람들이 많다 보니",
            "norm_text": "근데 요즘 젊은 친구들은 자신한테 투자하는 걸 아까워하지 않는 사람들이 많다 보니",
            "speaker": {
              "id": "1번",
              "sex": "여성",
              "age": "30대"
            },
            "speechAct": "(단언) 진술하기",
            "morpheme": "근데/MAJ+요즘/MAG+젊/VA+은/ETM+친구/NNG+들/XSN+은/JX+자신/NNG+한테/JKB+투자/NNG+하/XSV+는/ETM+걸/NNB+JKO+아까워하/VV+지/EC+않/VX+는/ETM+사람/NNG+들/XSN+이/JKS+많/VA+다/EC+보/VX+니/EC"
          },
          {
            "id": 7,
            "text": "2 : 음... 그래도 돈이 제법 들어가는데... ㅜㅜ",
            "norm_text": "음... 그래도 돈이 제법 들어가는데... ㅜㅜ",
            "speaker": {
              "id": "2번",
              "sex": "남성",
              "age": "30대"
            },
            "speechAct": "(단언) 주장하기",
            "morpheme": "음/IC+./SY+그래도/MAJ+돈/NNG+이/JKS+제법/MAG+들어가/VV+는데/EC+./SY+./SY+ㅜㅜ/UNKNOWN"
          },
          {
            "id": 8,
            "text": "1 : 돈 좀 들여가면서 취미로 많이 하고 있나 봐! 하하",
            "norm_text": "돈 좀 들여가면서 취미로 많이 하고 있나 봐! 하하",
            "speaker": {
              "id": "1번",
              "sex": "여성",
              "age": "30대"
            },
            "speechAct": "(단언) 진술하기",
            "morpheme": "돈/NNG+좀/MAG+들여가/VV+면서/EC+취미/NNG+로/JKB+많이/MAG+하/VV+고/EC+있/VX+나/EC+봐/VX+EF+하하/MAG"
          },
          {
            "id": 9,
            "text": "2 : 흠... 욜로시대라더니...",
            "norm_text": "흠... 욜로시대라더니...",
            "speaker": {
              "id": "2번",
              "sex": "남성",
              "age": "30대"
            },
            "speechAct": "(단언) 진술하기",
            "morpheme": "흠/IC+./SY+욜로/MAG+시대/NNG+라더니/VCP+EF+./SY"
          },
          {
            "id": 10,
            "text": "2 : 뭐 젊을 때 하고 싶은 거 하고 사는 것도 찬성! 하하",
            "norm_text": "뭐 젊을 때 하고 싶은 거 하고 사는 것도 찬성! 하하",
            "speaker": {
              "id": "2번",
              "sex": "남성",
              "age": "30대"
            },
            "speechAct": "(단언) 주장하기",
            "morpheme": "뭐/IC+젊/VA+을/ETM+때/NNG+하/XSV+고/EC+싶/VX+은/ETM+거/NNB+하고/JKB+사/VV+는/ETM+것/NNB+도/JX+찬성/NNG+하하/MAG"
          },
          {
            "id": 11,
            "text": "1 : 그리고 요즘 골프웨어 같은 것도 젊은 감성으로 많이 나오고 하니까 인기가 많은가 봐!",
            "norm_text": "그리고 요즘 골프웨어 같은 것도 젊은 감성으로 많이 나오고 하니까 인기가 많은가 봐!",
            "speaker": {
              "id": "1번",
              "sex": "여성",
              "age": "30대"
            },
            "speechAct": "(단언) 진술하기",
            "morpheme": "그리고/MAJ+요즘/MAG+골프/NNG+웨/VV+어/EC+같/VA+은/ETM+것/NNB+도/JX+젊/VA+은/ETM+감성/NNG+으로/JKB+많이/MAG+나오/VV+고/EC+하/VV+니까/EC+인기/NNG+가/JKS+많/VA+은가/EC+봐/VX+EF"
          },
          {
            "id": 12,
            "text": "2 : 응응 골프웨어는 이쁜 게 많긴 하더라~ 바지 같은 거 키키",
            "norm_text": "응응 골프웨어는 이쁜 게 많긴 하더라~ 바지 같은 거 키키",
            "speaker": {
              "id": "2번",
              "sex": "남성",
              "age": "30대"
            },
            "speechAct": "(단언) 진술하기",
            "morpheme": "응/IC+응/IC+골프/NNG+웨/VV+어/EC+는/JX+이쁜/VA+ETM+게/NNB+JKS+많/VA+긴/ETN+JX+하/VX+더라/EC+~/SY+바지/NNG+같/VA+은/ETM+거/NNB+키/NNG+키/XSV+ETN"
          },
          {
            "id": 13,
            "text": "1 : 내 친구도 골프웨어 디자이너인데! 걔가 만든 옷 보면 다 예쁘더라고! 하하",
            "norm_text": "내 친구도 골프웨어 디자이너인데! 걔가 만든 옷 보면 다 예쁘더라고! 하하",
            "speaker": {
              "id": "1번",
              "sex": "여성",
              "age": "30대"
            },
            "speechAct": "(단언) 진술하기",
            "morpheme": "내/NP+JKG+친구/NNG+도/JX+골프/NNG+웨/VV+어/EC+디자이너/NNG+인데/VCP+EF+걔/NP+가/JKS+만든/VV+ETM+옷/NNG+보/VV+면/EC+다/MAG+예쁘/VA+더라고/EF+하하/MAG"
          },
          {
            "id": 14,
            "text": "2 : 우와~ 골프웨어 디자이너도 있나!",
            "norm_text": "우와~ 골프웨어 디자이너도 있나!",
            "speaker": {
              "id": "2번",
              "sex": "남성",
              "age": "30대"
            },
            "speechAct": "(지시) 질문하기",
            "morpheme": "우와/NNG+~/SY+골프/NNG+웨/VV+어/EC+디자이너/NNG+도/JX+있/VA+나/EF"
          },
          {
            "id": 15,
            "text": "2 : 먼가 골프웨어는 차분하면서도 있어 보이는...?",
            "norm_text": "먼가 골프웨어는 차분하면서도 있어 보이는...?",
            "speaker": {
              "id": "2번",
              "sex": "남성",
              "age": "30대"
            },
            "speechAct": "(단언) 주장하기",
            "morpheme": "먼가/NP+VCP+EC+골프/NNG+웨/VV+어/EC+는/JX+차분/XR+하/XSA+면서/EC+도/JX+있/VA+어/EC+보이/VV+는/ETM+./SY+./SY"
          },
          {
            "id": 16,
            "text": "1 : 예전에는 골프 하면 되게 아저씨 아줌마들 옷만 떠올랐는데 키키 요즘 트렌드가 많이 바뀌고 있나 봐! 하하",
            "norm_text": "예전에는 골프 하면 되게 아저씨 아줌마들 옷만 떠올랐는데 키키 요즘 트렌드가 많이 바뀌고 있나 봐! 하하",
            "speaker": {
              "id": "1번",
              "sex": "여성",
              "age": "30대"
            },
            "speechAct": "(단언) 진술하기",
            "morpheme": "예전/NNG+에/JKB+는/JX+골프/NNG+하/XSV+면/EC+되게/MAG+아저씨/NNG+아줌마/NNG+들/XSN+옷/NNG+만/JX+떠올랐/VV+EP+는데/EC+키/NNG+키/NNG+요즘/NNG+트렌드/NNG+가/JKS+많이/MAG+바뀌/VV+고/EC+있/VX+나/EC+봐/VX+EF+하하/MAG"
          },
          {
            "id": 17,
            "text": "2 : 응응 하하 시대가 많이 변하고 있어 키키",
            "norm_text": "응응 하하 시대가 많이 변하고 있어 키키",
            "speaker": {
              "id": "2번",
              "sex": "남성",
              "age": "30대"
            },
            "speechAct": "(단언) 진술하기",
            "morpheme": "응/IC+응/IC+하하/MAG+시대/NNG+가/JKS+많이/MAG+변하/VV+고/EC+있/VX+어/EC+키/NNG+키/XSV+ETN"
          },
          {
            "id": 18,
            "text": "1 : 응응! 키키 스크린 골프는 채 같은 것도 빌려주고 한다더라!",
            "norm_text": "응응! 키키 스크린 골프는 채 같은 것도 빌려주고 한다더라!",
            "speaker": {
              "id": "1번",
              "sex": "여성",
              "age": "30대"
            },
            "speechAct": "(단언) 진술하기",
            "morpheme": "응/IC+응/IC+키키/NNP+스크린골프/NNP+는/JX+채/MAG+같/VA+은/ETM+것/NNB+도/JX+빌려/VV+EC+주/VX+고/EC+한다더라/VX+EF"
          },
          {
            "id": 19,
            "text": "2 : 응응 스크린 골프장은 몸만 가면 돼 키키 비싸서 그렇지 키키",
            "norm_text": "응응 스크린 골프장은 몸만 가면 돼 키키 비싸서 그렇지 키키",
            "speaker": {
              "id": "2번",
              "sex": "남성",
              "age": "30대"
            },
            "speechAct": "(단언) 주장하기",
            "morpheme": "응/IC+응/IC+스크린/NNG+골프장/NNG+은/JX+몸/NNG+만/JX+가/VV+면/EC+돼/VV+EC+키/NNG+키/XSV+ETN+비싸/VA+서/EC+그렇/VA+지/EC+키/NNG+키/XSV+ETN"
          }
        ]
      }
    }
  ]
}