{
  "dataset": {
    "identifier": 49729,
    "name": "KAKAO_957_08_set",
    "src_path": "/data/file/cubeManager/PROJECT001/53/txt20211005163716032544/KAKAO_957_08_set/",
    "label_path": "/data/file/cubeManager/PROJECT001/53/txt20211005163716032544/KAKAO_957_08_set/",
    "category": 2,
    "type": 0
  },
  "licenses": {
    "name": "Apache License 1.0",
    "url": "http://www.apache.org/licenses/LICENSE-1.0"
  },
  "info": [
    {
      "id": 42666,
      "filename": "KAKAO_957_08.txt",
      "title": "KAKAO_957_08",
      "mediatype": "SNS",
      "medianame": "카카오톡",
      "category": "일상대화",
      "date": "2021-10-05",
      "size": 419,
      "annotations": {
        "subject": "연애/결혼",
        "speaker_type": "1:1",
        "size": 419,
        "word_size": 139,
        "text": "1 : 돈 많은 남자 소개시켜 주세요 키키 결혼하게\n2 : 오... 키키 내 주변에 돈 많은 사람이 없네\n1 : 오빠 취업하면 거기 돈 많은 사람 있을 것 같아요 키키 알죠?\n2 : 키키 아~ 오케이 오케이 니는 나이는 상관 없나\n1 : 키키 오빠가 보고 잘 해주세요 키키\n2 : 키키 하 기다려봐라 일단 취업을 해볼게\n1 : 키키 넵 응원합니당!\n1 : 전 취집하겠습니당\n2 : 키키 그래 니는 예뻐서 될 수도\n1 : 미모를 열심히 더 가꾸겠습니당 키키\n2 : 키키 좋다 키키 근데 취집 괜찮나\n1 : 괜찮아요 키키 대신 정말 좋은 사람으로 키키\n2 : 키키 알겠다 키키 내가 한 번 찾아볼게\n1 : 딸랑딸랑 키키 굽신굽신 잘 부탁합니당 키키\n2 : 키키 근데 우리 누나야도 해줘야는데 휴\n1 : 키키 오빠야 해줄 사람이 많네요?\n2 : 키키 그니깐 키키 주변에 많네 사람들이",
        "lines": [
          {
            "id": 1,
            "text": "1 : 돈 많은 남자 소개시켜 주세요 키키 결혼하게",
            "norm_text": "돈 많은 남자 소개시켜 주세요 키키 결혼하게",
            "speaker": {
              "id": "1번",
              "sex": "여성",
              "age": "20대"
            },
            "speechAct": "(지시) 부탁하기",
            "morpheme": "돈/NNG+많/VA+은/ETM+남자/NNG+소개/NNG+시켜/XSV+EC+주/VX+세요/EP+EF+키키/NNP+결혼/NNG+하/XSV+게/EC"
          },
          {
            "id": 2,
            "text": "2 : 오... 키키 내 주변에 돈 많은 사람이 없네",
            "norm_text": "오... 키키 내 주변에 돈 많은 사람이 없네",
            "speaker": {
              "id": "2번",
              "sex": "남성",
              "age": "20대"
            },
            "speechAct": "(단언) 주장하기",
            "morpheme": "오/IC+./SY+키/NNG+키/XSV+ETN+내/NP+JKG+주변/NNG+에/JKB+돈/NNG+많/VA+은/ETM+사람/NNG+이/JKS+없/VA+네/EC"
          },
          {
            "id": 3,
            "text": "1 : 오빠 취업하면 거기 돈 많은 사람 있을 것 같아요 키키 알죠?",
            "norm_text": "오빠 취업하면 거기 돈 많은 사람 있을 것 같아요 키키 알죠?",
            "speaker": {
              "id": "1번",
              "sex": "여성",
              "age": "20대"
            },
            "speechAct": "(지시) 질문하기",
            "morpheme": "오빠/NNG+취업/NNG+하/XSV+면/EC+거기/NP+돈/NNG+많/VA+은/ETM+사람/NNG+있/VV+을/ETM+것/NNB+같/VA+아요/EF+키/NNG+키/XSV+ETN+알/VV+죠/EF"
          },
          {
            "id": 4,
            "text": "2 : 키키 아~ 오케이 오케이 니는 나이는 상관 없나",
            "norm_text": "키키 아~ 오케이 오케이 니는 나이는 상관 없나",
            "speaker": {
              "id": "2번",
              "sex": "남성",
              "age": "20대"
            },
            "speechAct": "(지시) 질문하기",
            "morpheme": "키/NNG+키/VV+아/EC+~/SY+오케이/IC+오케이/IC+니/NP+는/JX+나이/NNG+는/JX+상관없/VA+나/EC"
          },
          {
            "id": 5,
            "text": "1 : 키키 오빠가 보고 잘 해주세요 키키",
            "norm_text": "키키 오빠가 보고 잘 해주세요 키키",
            "speaker": {
              "id": "1번",
              "sex": "여성",
              "age": "20대"
            },
            "speechAct": "(지시) 부탁하기",
            "morpheme": "키/NNG+키/NNG+오빠/NNG+가/JKS+보/VV+고/EC+잘/MAG+해/VV+EC+주/VX+세요/EP+EF+키/NNG+키/XSV+ETN"
          },
          {
            "id": 6,
            "text": "2 : 키키 하 기다려봐라 일단 취업을 해볼게",
            "norm_text": "키키 하 기다려봐라 일단 취업을 해볼게",
            "speaker": {
              "id": "2번",
              "sex": "남성",
              "age": "20대"
            },
            "speechAct": "(언약) 약속하기(제3자와)/(개인적 수준)",
            "morpheme": "키/NNG+키/NNG+하/XSV+기/ETN+다려/VV+EC+봐라/VX+EF+일단/MAG+취업/NNG+을/JKO+해/VV+EC+볼/VX+게/EC"
          },
          {
            "id": 7,
            "text": "1 : 키키 넵 응원합니당!",
            "norm_text": "키키 넵 응원합니당!",
            "speaker": {
              "id": "1번",
              "sex": "여성",
              "age": "20대"
            },
            "speechAct": "(표현) 인사하기",
            "morpheme": "키키넵응원합니당/UNKNOWN"
          },
          {
            "id": 8,
            "text": "1 : 전 취집하겠습니당",
            "norm_text": "전 취집하겠습니당",
            "speaker": {
              "id": "1번",
              "sex": "여성",
              "age": "20대"
            },
            "speechAct": "(단언) 주장하기",
            "morpheme": "전/MM+취집/NNG+하/XSV+겠/EP+습니당/EF"
          },
          {
            "id": 9,
            "text": "2 : 키키 그래 니는 예뻐서 될 수도",
            "norm_text": "키키 그래 니는 예뻐서 될 수도",
            "speaker": {
              "id": "2번",
              "sex": "남성",
              "age": "20대"
            },
            "speechAct": "(단언) 주장하기",
            "morpheme": "키/NNG+키/XSV+ETN+그래/JX+니/NP+는/JX+예뻐서/VA+EC+될/VV+ETM+수/NNB+도/JX"
          },
          {
            "id": 10,
            "text": "1 : 미모를 열심히 더 가꾸겠습니당 키키",
            "norm_text": "미모를 열심히 더 가꾸겠습니당 키키",
            "speaker": {
              "id": "1번",
              "sex": "여성",
              "age": "20대"
            },
            "speechAct": "(언약) 약속하기(제3자와)/(개인적 수준)",
            "morpheme": "미모/NNG+를/JKO+열심히/MAG+더/MAG+가꾸/VV+겠/EP+습니당/EF+키/NNG+키/XSV+ETN"
          },
          {
            "id": 11,
            "text": "2 : 키키 좋다 키키 근데 취집 괜찮나",
            "norm_text": "키키 좋다 키키 근데 취집 괜찮나",
            "speaker": {
              "id": "2번",
              "sex": "남성",
              "age": "20대"
            },
            "speechAct": "(지시) 질문하기",
            "morpheme": "키/NNG+키/XSV+ETN+좋/VA+다/EC+키/NNG+키/XSV+ETN+근데/MAJ+취집/NNG+괜찮/VA+나/EC"
          },
          {
            "id": 12,
            "text": "1 : 괜찮아요 키키 대신 정말 좋은 사람으로 키키",
            "norm_text": "괜찮아요 키키 대신 정말 좋은 사람으로 키키",
            "speaker": {
              "id": "1번",
              "sex": "여성",
              "age": "20대"
            },
            "speechAct": "(단언) 주장하기",
            "morpheme": "괜찮/VA+아/EC+요키/NNP+키/NNG+대신/NNG+정말/MAG+좋/VA+은/ETM+사람/NNG+으로/JKB+키/NNG+키/XSV+ETN"
          },
          {
            "id": 13,
            "text": "2 : 키키 알겠다 키키 내가 한 번 찾아볼게",
            "norm_text": "키키 알겠다 키키 내가 한 번 찾아볼게",
            "speaker": {
              "id": "2번",
              "sex": "남성",
              "age": "20대"
            },
            "speechAct": "(언약) 약속하기(제3자와)/(개인적 수준)",
            "morpheme": "키/NNG+키/XSV+ETN+알/VV+겠/EP+다키키/NNP+내/NP+가/JKS+한/MM+번/NNBC+찾아볼/VV+ETM+게/NNB+JKS"
          },
          {
            "id": 14,
            "text": "1 : 딸랑딸랑 키키 굽신굽신 잘 부탁합니당 키키",
            "norm_text": "딸랑딸랑 키키 굽신굽신 잘 부탁합니당 키키",
            "speaker": {
              "id": "1번",
              "sex": "여성",
              "age": "20대"
            },
            "speechAct": "(단언) 주장하기",
            "morpheme": "딸랑딸랑/MAG+키/NNG+키/XSV+ETN+굽신굽신/MAG+잘/MAG+부탁/NNG+합/IC+니/NP+당/XSN+키/NNG+키/XSV+ETN"
          },
          {
            "id": 15,
            "text": "2 : 키키 근데 우리 누나야도 해줘야는데 휴",
            "norm_text": "키키 근데 우리 누나야도 해줘야는데 휴",
            "speaker": {
              "id": "2번",
              "sex": "남성",
              "age": "20대"
            },
            "speechAct": "(단언) 주장하기",
            "morpheme": "키/NNG+키/XSV+ETN+근데/MAJ+우리/NP+누나야/NNP+도/JX+해줘야/VX+EC+VX+EC+VX+는데/EC+휴/NNP"
          },
          {
            "id": 16,
            "text": "1 : 키키 오빠야 해줄 사람이 많네요?",
            "norm_text": "키키 오빠야 해줄 사람이 많네요?",
            "speaker": {
              "id": "1번",
              "sex": "여성",
              "age": "20대"
            },
            "speechAct": "(단언) 주장하기",
            "morpheme": "키/NNG+키/NNG+오빠/NNG+야해/VA+EC+줄/VX+ETM+사람/NNG+이/JKS+많/VA+네요/EF"
          },
          {
            "id": 17,
            "text": "2 : 키키 그니깐 키키 주변에 많네 사람들이",
            "norm_text": "키키 그니깐 키키 주변에 많네 사람들이",
            "speaker": {
              "id": "2번",
              "sex": "남성",
              "age": "20대"
            },
            "speechAct": "(단언) 주장하기",
            "morpheme": "키/NNG+키/XSV+ETN+그니깐/MAJ+키/NNG+키/NNG+주변/NNG+에/JKB+많/VA+네/EF+사람/NNG+들/XSN+이/JKS"
          }
        ]
      }
    }
  ]
}