{
  "dataset": {
    "identifier": 69039,
    "name": "KAKAO_928_10_set",
    "src_path": "/data/file/cubeManager/PROJECT001/53/txt20211005155809059042/KAKAO_928_10_set/",
    "label_path": "/data/file/cubeManager/PROJECT001/53/txt20211005155809059042/KAKAO_928_10_set/",
    "category": 2,
    "type": 0
  },
  "licenses": {
    "name": "Apache License 1.0",
    "url": "http://www.apache.org/licenses/LICENSE-1.0"
  },
  "info": [
    {
      "id": 41867,
      "filename": "KAKAO_928_10.txt",
      "title": "KAKAO_928_10",
      "mediatype": "SNS",
      "medianame": "카카오톡",
      "category": "일상대화",
      "date": "2021-10-05",
      "size": 356,
      "annotations": {
        "subject": "스포츠/레저",
        "speaker_type": "1:1",
        "size": 356,
        "word_size": 124,
        "text": "1 : * 우리 내일 낚시라궁\n2 : 와우 내일은 한 마리 잡으려나\n1 : 유튜브로 공부해서 오랬는데...\n2 : 낚시는 너무 어려워 하하\n1 : ***이가 공부 안 해오면 잔소리한당...\n2 : 좋은 낚시대 사야 될 듯 하하\n1 : 오늘 집에 가서 공부 좀 해야 함...\n2 : 너가 투자 좀 해 낚시대 하하\n1 : 마자 * 남편은 20만언 주고 샀댕\n2 : 구니까 그건 싼 거여 몇백도 함\n1 : 근데 투자 하기엔 우리가 자주 갈까?\n2 : 그렇쥐 하하 그냥 만오천 원짜리로 즐기자\n1 : 자주 안 갈 꺼 같애 키키 엉 그냥 지금이  좋아\n2 : 낼은 갑오징어 꼭 잡길 하하 기도\n1 : 마자 마자 그래서 꼭 명절에 먹고 싶어\n2 : 웅 갑오징어 파티하쟈 하하",
        "lines": [
          {
            "id": 1,
            "text": "1 : * 우리 내일 낚시라궁",
            "norm_text": "* 우리 내일 낚시라궁",
            "speaker": {
              "id": "1번",
              "sex": "여성",
              "age": "30대"
            },
            "speechAct": "(단언) 주장하기",
            "morpheme": "*/SY+우리/NP+내일/MAG+낚/VV+시/EP+라/EC+궁/NNG"
          },
          {
            "id": 2,
            "text": "2 : 와우 내일은 한 마리 잡으려나",
            "norm_text": "와우 내일은 한 마리 잡으려나",
            "speaker": {
              "id": "2번",
              "sex": "남성",
              "age": "30대"
            },
            "speechAct": "(단언) 주장하기",
            "morpheme": "와우/IC+내일/NNG+은/JX+한/MM+마리/NNBC+잡/VV+으려나/EC"
          },
          {
            "id": 3,
            "text": "1 : 유튜브로 공부해서 오랬는데...",
            "norm_text": "유튜브로 공부해서 오랬는데...",
            "speaker": {
              "id": "1번",
              "sex": "여성",
              "age": "30대"
            },
            "speechAct": "(단언) 주장하기",
            "morpheme": "유튜브/NNP+로/JKB+공부/NNG+해서/XSV+EC+오/VX+랬는데/EF+./SY"
          },
          {
            "id": 4,
            "text": "2 : 낚시는 너무 어려워 하하",
            "norm_text": "낚시는 너무 어려워 하하",
            "speaker": {
              "id": "2번",
              "sex": "남성",
              "age": "30대"
            },
            "speechAct": "(단언) 주장하기",
            "morpheme": "낚시/NNG+는/JX+너무/MAG+어려워/VA+EC+하하/MAG"
          },
          {
            "id": 5,
            "text": "1 : ***이가 공부 안 해오면 잔소리한당...",
            "norm_text": "***이가 공부 안 해오면 잔소리한당...",
            "speaker": {
              "id": "1번",
              "sex": "여성",
              "age": "30대"
            },
            "speechAct": "(단언) 주장하기",
            "morpheme": "*/SY+*/SY+*/SY+이/NP+가/JKS+공부/NNG+안/MAG+해/VV+EC+오/VV+면/EC+잔소리/NNG+한당/NNG+./SY+./SY"
          },
          {
            "id": 6,
            "text": "2 : 좋은 낚시대 사야 될 듯 하하",
            "norm_text": "좋은 낚시대 사야 될 듯 하하",
            "speaker": {
              "id": "2번",
              "sex": "남성",
              "age": "30대"
            },
            "speechAct": "(단언) 주장하기",
            "morpheme": "좋/VA+은/ETM+낚시/NNG+대사/NNG+야/VCP+EF+될/VV+ETM+듯/NNB+하/XSA+하/XSA"
          },
          {
            "id": 7,
            "text": "1 : 오늘 집에 가서 공부 좀 해야 함...",
            "norm_text": "오늘 집에 가서 공부 좀 해야 함...",
            "speaker": {
              "id": "1번",
              "sex": "여성",
              "age": "30대"
            },
            "speechAct": "(단언) 주장하기",
            "morpheme": "오늘/MAG+집/NNG+에/JKB+가/VV+서/EC+공부/NNG+좀/MAG+해야함/VV+EC+VX+ETN+./SY"
          },
          {
            "id": 8,
            "text": "2 : 너가 투자 좀 해 낚시대 하하",
            "norm_text": "너가 투자 좀 해 낚시대 하하",
            "speaker": {
              "id": "2번",
              "sex": "남성",
              "age": "30대"
            },
            "speechAct": "(단언) 주장하기",
            "morpheme": "너/NP+가/JKS+투자/NNG+좀/MAG+해/VV+EC+낚시/NNG+대하/NNG+하/XSV"
          },
          {
            "id": 9,
            "text": "1 : 마자 * 남편은 20만언 주고 샀댕",
            "norm_text": "마자 * 남편은 20만언 주고 샀댕",
            "speaker": {
              "id": "1번",
              "sex": "여성",
              "age": "30대"
            },
            "speechAct": "(단언) 진술하기",
            "morpheme": "마자/NNG+*/SY+남편/NNG+은/JX+20/SN+만언주고샀댕/UNKNOWN"
          },
          {
            "id": 10,
            "text": "2 : 구니까 그건 싼 거여 몇백도 함",
            "norm_text": "구니까 그건 싼 거여 몇백도 함",
            "speaker": {
              "id": "2번",
              "sex": "남성",
              "age": "30대"
            },
            "speechAct": "(단언) 주장하기",
            "morpheme": "구/VA+니까/EC+그건/NP+JX+싼/VA+ETM+거/NNB+여/VCP+EC+몇/MM+백도/NNG+함/XSV+ETN"
          },
          {
            "id": 11,
            "text": "1 : 근데 투자 하기엔 우리가 자주 갈까?",
            "norm_text": "근데 투자 하기엔 우리가 자주 갈까?",
            "speaker": {
              "id": "1번",
              "sex": "여성",
              "age": "30대"
            },
            "speechAct": "(지시) 질문하기",
            "morpheme": "근데/MAJ+투자/NNG+하/XSV+기/ETN+엔/JKB+JX+우리/NP+가/JKS+자주/MAG+갈까/VV+EF"
          },
          {
            "id": 12,
            "text": "2 : 그렇쥐 하하 그냥 만오천 원짜리로 즐기자",
            "norm_text": "그렇쥐 하하 그냥 만오천 원짜리로 즐기자",
            "speaker": {
              "id": "2번",
              "sex": "남성",
              "age": "30대"
            },
            "speechAct": "(단언) 주장하기",
            "morpheme": "그렇/VA+쥐/NNG+하하/MAG+그냥/MAG+만/NR+오/NR+천/NR+원/NNBC+짜리/XSN+로/JKB+즐기/VV+자/EC"
          },
          {
            "id": 13,
            "text": "1 : 자주 안 갈 꺼 같애 키키 엉 그냥 지금이  좋아",
            "norm_text": "자주 안 갈 꺼 같애 키키 엉 그냥 지금이  좋아",
            "speaker": {
              "id": "1번",
              "sex": "여성",
              "age": "30대"
            },
            "speechAct": "(단언) 주장하기",
            "morpheme": "자주/MAG+안/MAG+갈/VV+ETM+꺼/NNB+VCP+같/VA+애/EF+키/MAG+키/VV+엉/EC+그냥/MAG+지금/NNG+이/JKS+좋/VA+아/EC"
          },
          {
            "id": 14,
            "text": "2 : 낼은 갑오징어 꼭 잡길 하하 기도",
            "norm_text": "낼은 갑오징어 꼭 잡길 하하 기도",
            "speaker": {
              "id": "2번",
              "sex": "남성",
              "age": "30대"
            },
            "speechAct": "(단언) 주장하기",
            "morpheme": "낼/NNG+은/JX+갑오징어/NNG+꼭/MAG+잡/VV+길/ETN+JKO+하하/MAG+기도/NNG"
          },
          {
            "id": 15,
            "text": "1 : 마자 마자 그래서 꼭 명절에 먹고 싶어",
            "norm_text": "마자 마자 그래서 꼭 명절에 먹고 싶어",
            "speaker": {
              "id": "1번",
              "sex": "여성",
              "age": "30대"
            },
            "speechAct": "(단언) 주장하기",
            "morpheme": "마자/NNG+마자/JX+그래서/MAJ+꼭/MAG+명절/NNG+에/JKB+먹/VV+고/EC+싶/VX+어/EC"
          },
          {
            "id": 16,
            "text": "2 : 웅 갑오징어 파티하쟈 하하",
            "norm_text": "웅 갑오징어 파티하쟈 하하",
            "speaker": {
              "id": "2번",
              "sex": "남성",
              "age": "30대"
            },
            "speechAct": "(단언) 주장하기",
            "morpheme": "웅/IC+갑오징어/NNG+파티/NNG+하/XSV+쟈/EC+하하/MAG"
          }
        ]
      }
    }
  ]
}