{
  "dataset": {
    "identifier": 44682,
    "name": "KAKAO_910_18_set",
    "src_path": "/data/file/cubeManager/PROJECT001/53/txt20211005154828079677/KAKAO_910_18_set/",
    "label_path": "/data/file/cubeManager/PROJECT001/53/txt20211005154828079677/KAKAO_910_18_set/",
    "category": 2,
    "type": 0
  },
  "licenses": {
    "name": "Apache License 1.0",
    "url": "http://www.apache.org/licenses/LICENSE-1.0"
  },
  "info": [
    {
      "id": 41695,
      "filename": "KAKAO_910_18.txt",
      "title": "KAKAO_910_18",
      "mediatype": "SNS",
      "medianame": "카카오톡",
      "category": "일상대화",
      "date": "2021-10-05",
      "size": 764,
      "annotations": {
        "subject": "상거래 전반",
        "speaker_type": "다자간 대화",
        "size": 764,
        "word_size": 229,
        "text": "1 : 저 사료 사야 하는데 언니는 어디서 사셨어요?\n2 : 저 반했어펫샵이라는 데서 샀어요\n3 : 저도 지금 먹는 사료가 알러지가 있는 것 같아서 바꾸려고요\n1 : 그럼 같이 사서 나누면 더 싸게 살 수 있어요\n2 : 좋아요! 집 앞에 있는 애견용품점은 인터넷보다 비싸더라구요\n3 : 저 거기서 장난감 사봤는데 나중에 인터넷과 비교하니까 정말 비쌌어요\n1 : 인터넷 최저가로 사면 오프라인보다 훨씬 싸요\n2 : 그럼 우리 같이 사서 삼등분해요\n3 : 좋죠! 그럼 누구 한 명이 대표로 주문해요\n1 : 제가 할게요\n1 : 강아지 몸무게랑 정보 입력하면 하루 사료량을 계산해서 준대요\n2 : 맞아요 저는 한번 주문해봐서 사료량이 뭔지 알아요\n3 : 전 모르니까 제 것도 입력해주세요\n1 : 네네 앗 근데 방금 연락해봤는데 우리가 필요한 제품이 입고가 늦어진대요\n2 : 정말요? 사료가 모자라서 빨리 와야 하는데 큰일이네요\n3 : 전 아직 좀 많이 남아있어서 괜찮아요\n1 : 많이 늦어지진 않고 내일은 입고/발송 가능하대요\n2 : 그 정도면 괜찮아요\n2 : 이번 주까지 먹을 건 있거든요\n3 : 전 아무 때나 와도 괜찮아요\n1 : 거기서 원래 당일 발송이라고 써 놨는데 안 돼서 미안하다고 5천 원짜리 쿠폰을 준대요\n2 : 정말요? 요새는 경쟁이 치열해서 서비스가 좋다니까요\n3 : 맞아요 하도 여러 군데가 있으니까요\n1 : 조금이라도 불친절하면 바로 다른 데 가면 되니까 신경 많이 써요\n2 : 소비자 입장에선 좋지만 판매자들이 힘든 일이 많을 것 같아요\n3 : 맞아요 뭐 하나가 잘된다면 너도 나도 뛰어들잖아요",
        "lines": [
          {
            "id": 1,
            "text": "1 : 저 사료 사야 하는데 언니는 어디서 사셨어요?",
            "norm_text": "저 사료 사야 하는데 언니는 어디서 사셨어요?",
            "speaker": {
              "id": "1번",
              "sex": "여성",
              "age": "30대"
            },
            "speechAct": "(지시) 질문하기",
            "morpheme": "저/MM+사료/NNG+사야/NNG+하/XSV+는/ETM+데/NNB+언니/NNG+는/JX+어디/NP+서/JKB+사셨/VV+EP+EP+어요/EF"
          },
          {
            "id": 2,
            "text": "2 : 저 반했어펫샵이라는 데서 샀어요",
            "norm_text": "저 반했어펫샵이라는 데서 샀어요",
            "speaker": {
              "id": "2번",
              "sex": "여성",
              "age": "40대"
            },
            "speechAct": "(단언) 진술하기",
            "morpheme": "저반/NNG+했/XSV+EP+어/EC+펫/NNP+샵/NNP+이/VCP+라는/ETM+데/NNB+서/JKB+샀어요/VV+EP+EC"
          },
          {
            "id": 3,
            "text": "3 : 저도 지금 먹는 사료가 알러지가 있는 것 같아서 바꾸려고요",
            "norm_text": "저도 지금 먹는 사료가 알러지가 있는 것 같아서 바꾸려고요",
            "speaker": {
              "id": "3번",
              "sex": "여성",
              "age": "10대"
            },
            "speechAct": "(단언) 진술하기",
            "morpheme": "저/NP+도/JX+지금/MAG+먹/VV+는/ETM+사료/NNG+가/JKS+알/VV+러지/EF+가/JKS+있/VA+는/ETM+것/NNB+같/VA+아서/EC+바꾸/VV+려고요/EC"
          },
          {
            "id": 4,
            "text": "1 : 그럼 같이 사서 나누면 더 싸게 살 수 있어요",
            "norm_text": "그럼 같이 사서 나누면 더 싸게 살 수 있어요",
            "speaker": {
              "id": "1번",
              "sex": "여성",
              "age": "30대"
            },
            "speechAct": "(지시) 충고/제안하기",
            "morpheme": "그럼/MAJ+같이/MAG+사/VV+서/EC+나누/VV+면/EC+더/MAG+싸/VA+게/EC+살/VV+ETM+수/NNB+있/VV+어요/EF"
          },
          {
            "id": 5,
            "text": "2 : 좋아요! 집 앞에 있는 애견용품점은 인터넷보다 비싸더라구요",
            "norm_text": "좋아요! 집 앞에 있는 애견용품점은 인터넷보다 비싸더라구요",
            "speaker": {
              "id": "2번",
              "sex": "여성",
              "age": "40대"
            },
            "speechAct": "(단언) 진술하기",
            "morpheme": "좋/VA+아요/EF+집/NNG+앞/NNG+에/JKB+있/VV+는/ETM+애견/NNG+용품/NNG+점/NNG+은/JX+인터넷/NNG+보다/JKB+비싸/VA+더라구요/EC"
          },
          {
            "id": 6,
            "text": "3 : 저 거기서 장난감 사봤는데 나중에 인터넷과 비교하니까 정말 비쌌어요",
            "norm_text": "저 거기서 장난감 사봤는데 나중에 인터넷과 비교하니까 정말 비쌌어요",
            "speaker": {
              "id": "3번",
              "sex": "여성",
              "age": "10대"
            },
            "speechAct": "(단언) 진술하기",
            "morpheme": "저/IC+거기/NP+서/JKB+장난/NNG+감사/NNG+봤/VV+EP+는데/EC+나중/NNG+에/JKB+인터넷/NNG+과/JC+비교/NNG+하/XSV+니까/EC+정말/MAG+비쌌/VA+EP+어요/EF"
          },
          {
            "id": 7,
            "text": "1 : 인터넷 최저가로 사면 오프라인보다 훨씬 싸요",
            "norm_text": "인터넷 최저가로 사면 오프라인보다 훨씬 싸요",
            "speaker": {
              "id": "1번",
              "sex": "여성",
              "age": "30대"
            },
            "speechAct": "(단언) 진술하기",
            "morpheme": "인터넷/NNG+최저가/NNG+로/JKB+사/VV+면/EC+오프라인/NNG+보다/JKB+훨씬/MAG+싸/VA+요/EC"
          },
          {
            "id": 8,
            "text": "2 : 그럼 우리 같이 사서 삼등분해요",
            "norm_text": "그럼 우리 같이 사서 삼등분해요",
            "speaker": {
              "id": "2번",
              "sex": "여성",
              "age": "40대"
            },
            "speechAct": "(지시) 충고/제안하기",
            "morpheme": "그럼/MAJ+우리/NP+같이/MAG+사/VV+서/EC+삼/NR+등/NNBC+분해요/VA+EC"
          },
          {
            "id": 9,
            "text": "3 : 좋죠! 그럼 누구 한 명이 대표로 주문해요",
            "norm_text": "좋죠! 그럼 누구 한 명이 대표로 주문해요",
            "speaker": {
              "id": "3번",
              "sex": "여성",
              "age": "10대"
            },
            "speechAct": "(지시) 충고/제안하기",
            "morpheme": "좋/VA+죠/EF+그럼/MAJ+누구/NP+한/MM+명/NNBC+이/JKS+대표/NNG+로/JKB+주문/NNG+해요/XSV+EC"
          },
          {
            "id": 10,
            "text": "1 : 제가 할게요",
            "norm_text": "제가 할게요",
            "speaker": {
              "id": "1번",
              "sex": "여성",
              "age": "30대"
            },
            "speechAct": "(언약) 약속하기(제3자와)/(개인적 수준)",
            "morpheme": "제/NP+가/JKS+할게요/VV+EC"
          },
          {
            "id": 11,
            "text": "1 : 강아지 몸무게랑 정보 입력하면 하루 사료량을 계산해서 준대요",
            "norm_text": "강아지 몸무게랑 정보 입력하면 하루 사료량을 계산해서 준대요",
            "speaker": {
              "id": "1번",
              "sex": "여성",
              "age": "30대"
            },
            "speechAct": "(단언) 진술하기",
            "morpheme": "강아지/NNG+몸무게/NNG+랑/JKB+정보/NNG+입력/NNG+하/XSV+면/EC+하루/NNG+사료/NNG+량/NNG+을/JKO+계산/NNG+해서/XSV+EC+준대요/VX+EF"
          },
          {
            "id": 12,
            "text": "2 : 맞아요 저는 한번 주문해봐서 사료량이 뭔지 알아요",
            "norm_text": "맞아요 저는 한번 주문해봐서 사료량이 뭔지 알아요",
            "speaker": {
              "id": "2번",
              "sex": "여성",
              "age": "40대"
            },
            "speechAct": "(단언) 진술하기",
            "morpheme": "맞/VV+아요/EF+저/NP+는/JX+한/MM+번/NNBC+주문/NNG+해/XSV+EC+봐서/VV+EC+사료/NNG+량/NNG+이/JKS+뭔지/NP+VCP+EC+알/VV+아요/EC"
          },
          {
            "id": 13,
            "text": "3 : 전 모르니까 제 것도 입력해주세요",
            "norm_text": "전 모르니까 제 것도 입력해주세요",
            "speaker": {
              "id": "3번",
              "sex": "여성",
              "age": "10대"
            },
            "speechAct": "(지시) 부탁하기",
            "morpheme": "전/NNG+모르/VV+니까/EC+제것도/NP+JKG+NNB+JX+입력/NNG+해/XSV+EC+주/VX+세요/EP+EF"
          },
          {
            "id": 14,
            "text": "1 : 네네 앗 근데 방금 연락해봤는데 우리가 필요한 제품이 입고가 늦어진대요",
            "norm_text": "네네 앗 근데 방금 연락해봤는데 우리가 필요한 제품이 입고가 늦어진대요",
            "speaker": {
              "id": "1번",
              "sex": "여성",
              "age": "30대"
            },
            "speechAct": "(단언) 진술하기",
            "morpheme": "네네/IC+앗/IC+근데/MAJ+방금/MAG+연락/NNG+해/XSV+EC+봤/VX+EP+는데/EC+우리/NP+가/JKS+필요/NNG+한/XSA+ETM+제품/NNG+이/JKS+입/VV+고/EC+가/JKS+늦/VA+어/EC+진대요/VX+EF"
          },
          {
            "id": 15,
            "text": "2 : 정말요? 사료가 모자라서 빨리 와야 하는데 큰일이네요",
            "norm_text": "정말요? 사료가 모자라서 빨리 와야 하는데 큰일이네요",
            "speaker": {
              "id": "2번",
              "sex": "여성",
              "age": "40대"
            },
            "speechAct": "(단언) 주장하기",
            "morpheme": "정말/MAG+요/JX+사료/NNG+가/JKS+모자라서/VA+EC+빨리/MAG+와야/VV+EC+하/VV+는데/EC+큰일/NNG+이/VCP+네요/EC"
          },
          {
            "id": 16,
            "text": "3 : 전 아직 좀 많이 남아있어서 괜찮아요",
            "norm_text": "전 아직 좀 많이 남아있어서 괜찮아요",
            "speaker": {
              "id": "3번",
              "sex": "여성",
              "age": "10대"
            },
            "speechAct": "(단언) 주장하기",
            "morpheme": "전/NP+JX+아직/MAG+좀/MAG+많이/MAG+남/VV+아/EC+있/VX+어서/EC+괜찮/VA+아요/EC"
          },
          {
            "id": 17,
            "text": "1 : 많이 늦어지진 않고 내일은 입고/발송 가능하대요",
            "norm_text": "많이 늦어지진 않고 내일은 입고/발송 가능하대요",
            "speaker": {
              "id": "1번",
              "sex": "여성",
              "age": "30대"
            },
            "speechAct": "(단언) 진술하기",
            "morpheme": "많이/MAG+늦/VA+어/EC+지/VX+진/EC+JX+않/VX+고/EC+내일/NNG+은/JX+입/VV+고/EC+//SC+발송/NNG+가능/NNG+하/XSV+대요/EC"
          },
          {
            "id": 18,
            "text": "2 : 그 정도면 괜찮아요",
            "norm_text": "그 정도면 괜찮아요",
            "speaker": {
              "id": "2번",
              "sex": "여성",
              "age": "40대"
            },
            "speechAct": "(단언) 주장하기",
            "morpheme": "그/MM+정도/NNG+면/VCP+EC+괜찮/VA+아요/EC"
          },
          {
            "id": 19,
            "text": "2 : 이번 주까지 먹을 건 있거든요",
            "norm_text": "이번 주까지 먹을 건 있거든요",
            "speaker": {
              "id": "2번",
              "sex": "여성",
              "age": "40대"
            },
            "speechAct": "(단언) 진술하기",
            "morpheme": "이번/NNG+주/NNG+까지/JX+먹/VV+을/ETM+건/NNB+JX+있/VA+거든요/EF"
          },
          {
            "id": 20,
            "text": "3 : 전 아무 때나 와도 괜찮아요",
            "norm_text": "전 아무 때나 와도 괜찮아요",
            "speaker": {
              "id": "3번",
              "sex": "여성",
              "age": "10대"
            },
            "speechAct": "(단언) 주장하기",
            "morpheme": "전/MM+아무/MM+때/NNG+나/NP+와/JKB+도/JX+괜찮/VA+아요/EC"
          },
          {
            "id": 21,
            "text": "1 : 거기서 원래 당일 발송이라고 써 놨는데 안 돼서 미안하다고 5천 원짜리 쿠폰을 준대요",
            "norm_text": "거기서 원래 당일 발송이라고 써 놨는데 안 돼서 미안하다고 5천 원짜리 쿠폰을 준대요",
            "speaker": {
              "id": "1번",
              "sex": "여성",
              "age": "30대"
            },
            "speechAct": "(단언) 진술하기",
            "morpheme": "거기/NP+서/JKB+원래/MAG+당일/NNG+발송/NNG+이/VCP+라고/EC+써/VV+EC+놨는데/VX+EP+EC+안/MAG+돼서/VV+EC+미안/NNG+하/XSV+다고/EC+5/SN+천/NR+원/NNBC+짜리/XSN+쿠폰/NNG+을/JKO+준대요/VV+EF"
          },
          {
            "id": 22,
            "text": "2 : 정말요? 요새는 경쟁이 치열해서 서비스가 좋다니까요",
            "norm_text": "정말요? 요새는 경쟁이 치열해서 서비스가 좋다니까요",
            "speaker": {
              "id": "2번",
              "sex": "여성",
              "age": "40대"
            },
            "speechAct": "(단언) 주장하기",
            "morpheme": "정말/MAG+요/JX+요새/NNG+는/JX+경쟁/NNG+이/JKS+치열/NNG+해서/XSV+EC+서비스/NNG+가/JKS+좋/VA+다니까요/EC"
          },
          {
            "id": 23,
            "text": "3 : 맞아요 하도 여러 군데가 있으니까요",
            "norm_text": "맞아요 하도 여러 군데가 있으니까요",
            "speaker": {
              "id": "3번",
              "sex": "여성",
              "age": "10대"
            },
            "speechAct": "(단언) 주장하기",
            "morpheme": "맞/VV+아요/EF+하도/MAG+여러/MM+군데/NNBC+가/JKS+있/VA+으니까요/EC"
          },
          {
            "id": 24,
            "text": "1 : 조금이라도 불친절하면 바로 다른 데 가면 되니까 신경 많이 써요",
            "norm_text": "조금이라도 불친절하면 바로 다른 데 가면 되니까 신경 많이 써요",
            "speaker": {
              "id": "1번",
              "sex": "여성",
              "age": "30대"
            },
            "speechAct": "(단언) 주장하기",
            "morpheme": "조금/NNG+이/VCP+라도/EC+불친절/NNG+하/XSV+면/EC+바로/MAG+다른/MM+데/NNB+가/VV+면/EC+되/VV+니까/EC+신경/NNG+많이/MAG+써요/VV+EC"
          },
          {
            "id": 25,
            "text": "2 : 소비자 입장에선 좋지만 판매자들이 힘든 일이 많을 것 같아요",
            "norm_text": "소비자 입장에선 좋지만 판매자들이 힘든 일이 많을 것 같아요",
            "speaker": {
              "id": "2번",
              "sex": "여성",
              "age": "40대"
            },
            "speechAct": "(단언) 주장하기",
            "morpheme": "소비자/NNG+입장/NNG+에선/JKB+JX+좋/VA+지만/EC+판매자/NNG+들/XSN+이/JKS+힘든/VA+ETM+일/NNG+이/JKS+많/VA+을/ETM+것/NNB+같/VA+아요/EC"
          },
          {
            "id": 26,
            "text": "3 : 맞아요 뭐 하나가 잘된다면 너도 나도 뛰어들잖아요",
            "norm_text": "맞아요 뭐 하나가 잘된다면 너도 나도 뛰어들잖아요",
            "speaker": {
              "id": "3번",
              "sex": "여성",
              "age": "10대"
            },
            "speechAct": "(단언) 주장하기",
            "morpheme": "맞/VV+아요/EF+뭐/IC+하나/NR+가/JKS+잘/MAG+된다면/VV+EC+너도나도/MAG+뛰어들/VV+잖아요/EC"
          }
        ]
      }
    }
  ]
}