{
  "dataset": {
    "identifier": 67885,
    "name": "KAKAO_981_10_set",
    "src_path": "/data/file/cubeManager/PROJECT001/53/txt20211006122540082526/KAKAO_981_10_set/",
    "label_path": "/data/file/cubeManager/PROJECT001/53/txt20211006122540082526/KAKAO_981_10_set/",
    "category": 2,
    "type": 0
  },
  "licenses": {
    "name": "Apache License 1.0",
    "url": "http://www.apache.org/licenses/LICENSE-1.0"
  },
  "info": [
    {
      "id": 43010,
      "filename": "KAKAO_981_10.txt",
      "title": "KAKAO_981_10",
      "mediatype": "SNS",
      "medianame": "카카오톡",
      "category": "일상대화",
      "date": "2021-10-06",
      "size": 738,
      "annotations": {
        "subject": "스포츠/레저",
        "speaker_type": "다자간 대화",
        "size": 738,
        "word_size": 219,
        "text": "1 : 다들 어떤 운동 좋아하세요?\n2 : 운동이라... 숨쉬기도 운동으로 쳐주나요?\n3 : 앗 저도 숨쉬기는 좋아해요\n1 : 아 요새 진짜 운동을 안 해서 탄력이 없어지는 거 같아요\n2 : 런닝 같은 거라도 해보는 게 어때요?\n3 : 오오 외국처럼 아침에 조깅 하는 거예요?\n1 : 저 진짜 단거리 달리기는 할 수 있는데 장거리는 못하겠어요\n2 : 저는 아주 예전엔 달리는 거 좋아했었는데 이제는 잘 안 해요\n3 : 우와 멋있네요 달리기! 저는 빨리 걷는 게 좋아요\n1 : 근데 이게 폐활량을 기르려면 약간 한계까지 가는 걸 계속 해야 된다던대\n2 : 아아 맞아요 그래야 좀 길러진다고 했어요\n3 : 하지만 저는... 달리기보다는 걷기가 더 적성에 맞아요\n1 : 저도요 그리고 일단 달릴만한 공간도 마땅치 않아요\n2 : 맞아요 그게 문제예요 큰 공원도 없고...\n3 : 배드민턴이라도 치실래요?\n1 : 배드민턴 좋죠 취미로 하시는 분도 있고 동호회 하시는 분도 있던데\n2 : 동호회까지는 조금 실력이 부족하지만 그래도 취미로는 재밌을 거 같아요\n3 : 맞아요 셋이 같이해도 좋고 아니면 둘이 하고 힘들면 교대로 해도 재밌을 거 같아요\n1 : 여기 산책로에서도 많이들 치시던데 한번 해 보실래요?\n2 : 제 배드민턴 실력을 보여드리죠?\n2 : 국대급이라고 놀라시면 안돼요\n3 : 앗 언니 배드민턴 실력자셨군요!\n1 : 헐... 저 진짜 못 치는데 웃으시면 안돼요\n2 : 아이 장난이에요 저도 잘 못해요\n3 : 배드민턴 코트도 산책로에 있으니까 거기서 한번 쳐요!",
        "lines": [
          {
            "id": 1,
            "text": "1 : 다들 어떤 운동 좋아하세요?",
            "norm_text": "다들 어떤 운동 좋아하세요?",
            "speaker": {
              "id": "1번",
              "sex": "여성",
              "age": "30대"
            },
            "speechAct": "(지시) 질문하기",
            "morpheme": "다/MAG+들/XSN+어떤/MM+운동/NNG+좋/VA+아/EC+하/VX+세요/EP+EF"
          },
          {
            "id": 2,
            "text": "2 : 운동이라... 숨쉬기도 운동으로 쳐주나요?",
            "norm_text": "운동이라... 숨쉬기도 운동으로 쳐주나요?",
            "speaker": {
              "id": "2번",
              "sex": "여성",
              "age": "40대"
            },
            "speechAct": "(지시) 질문하기",
            "morpheme": "운동/NNG+이/VCP+라/EF+./SY+숨쉬/VV+기/ETN+도/JX+운동/NNG+으로/JKB+쳐/VV+EC+주/VX+나요/EF"
          },
          {
            "id": 3,
            "text": "3 : 앗 저도 숨쉬기는 좋아해요",
            "norm_text": "앗 저도 숨쉬기는 좋아해요",
            "speaker": {
              "id": "3번",
              "sex": "여성",
              "age": "10대"
            },
            "speechAct": "(단언) 주장하기",
            "morpheme": "앗/IC+저/NP+도/JX+숨쉬기/NNG+는/JX+좋/VA+아/EC+해요/VX+EC"
          },
          {
            "id": 4,
            "text": "1 : 아 요새 진짜 운동을 안 해서 탄력이 없어지는 거 같아요",
            "norm_text": "아 요새 진짜 운동을 안 해서 탄력이 없어지는 거 같아요",
            "speaker": {
              "id": "1번",
              "sex": "여성",
              "age": "30대"
            },
            "speechAct": "(단언) 주장하기",
            "morpheme": "아/IC+요새/MAG+진짜/MAG+운동/NNG+을/JKO+안/MAG+해서/VV+EC+탄력/NNG+이/JKS+없/VA+어/EC+지/VX+는/ETM+거/NNB+같/VA+아요/EC"
          },
          {
            "id": 5,
            "text": "2 : 런닝 같은 거라도 해보는 게 어때요?",
            "norm_text": "런닝 같은 거라도 해보는 게 어때요?",
            "speaker": {
              "id": "2번",
              "sex": "여성",
              "age": "40대"
            },
            "speechAct": "(지시) 충고/제안하기",
            "morpheme": "런닝/NNG+같/VA+은/ETM+거/NNB+라도/JX+해/VV+EC+보/VX+는/ETM+게/NNB+JKS+어때요/VA+EF"
          },
          {
            "id": 6,
            "text": "3 : 오오 외국처럼 아침에 조깅 하는 거예요?",
            "norm_text": "오오 외국처럼 아침에 조깅 하는 거예요?",
            "speaker": {
              "id": "3번",
              "sex": "여성",
              "age": "10대"
            },
            "speechAct": "(지시) 질문하기",
            "morpheme": "오/NR+오/NR+외국/NNG+처럼/JKB+아침/NNG+에/JKB+조깅/NNG+하/XSV+는/ETM+거/NNB+예요/VCP+EF"
          },
          {
            "id": 7,
            "text": "1 : 저 진짜 단거리 달리기는 할 수 있는데 장거리는 못하겠어요",
            "norm_text": "저 진짜 단거리 달리기는 할 수 있는데 장거리는 못하겠어요",
            "speaker": {
              "id": "1번",
              "sex": "여성",
              "age": "30대"
            },
            "speechAct": "(단언) 주장하기",
            "morpheme": "저/IC+진짜/MAG+단거리/NNG+달리/VV+기/ETN+는/JX+할/VV+ETM+수/NNB+있/VV+는데/EC+장거리/NNG+는/JX+못하/VX+겠/EP+어요/EF"
          },
          {
            "id": 8,
            "text": "2 : 저는 아주 예전엔 달리는 거 좋아했었는데 이제는 잘 안 해요",
            "norm_text": "저는 아주 예전엔 달리는 거 좋아했었는데 이제는 잘 안 해요",
            "speaker": {
              "id": "2번",
              "sex": "여성",
              "age": "40대"
            },
            "speechAct": "(단언) 진술하기",
            "morpheme": "저/NP+는/JX+아주/MAG+예전/NNG+엔/JKB+JX+달리/VV+는/ETM+거/NNB+좋/VA+아/EC+했었/VX+EP+는데/EC+이제/NNG+는/JX+잘/MAG+안/MAG+해요/VV+EC"
          },
          {
            "id": 9,
            "text": "3 : 우와 멋있네요 달리기! 저는 빨리 걷는 게 좋아요",
            "norm_text": "우와 멋있네요 달리기! 저는 빨리 걷는 게 좋아요",
            "speaker": {
              "id": "3번",
              "sex": "여성",
              "age": "10대"
            },
            "speechAct": "(단언) 주장하기",
            "morpheme": "우와/IC+멋있/VA+네요/EC+달리/VV+기/ETN+저/NP+는/JX+빨리/MAG+걷/VV+는/ETM+게/NNB+JKS+좋/VA+아요/EC"
          },
          {
            "id": 10,
            "text": "1 : 근데 이게 폐활량을 기르려면 약간 한계까지 가는 걸 계속 해야 된다던대",
            "norm_text": "근데 이게 폐활량을 기르려면 약간 한계까지 가는 걸 계속 해야 된다던대",
            "speaker": {
              "id": "1번",
              "sex": "여성",
              "age": "30대"
            },
            "speechAct": "(단언) 진술하기",
            "morpheme": "근데/MAJ+이게/NP+JKS+폐활량/NNG+을/JKO+기르/VV+려면/EC+약간/MAG+한계/NNG+까지/JX+가/VV+는/ETM+걸/NNB+JKO+계속/NNG+해야/XSV+EC+된다던/VV+EC+대/VX+EC"
          },
          {
            "id": 11,
            "text": "2 : 아아 맞아요 그래야 좀 길러진다고 했어요",
            "norm_text": "아아 맞아요 그래야 좀 길러진다고 했어요",
            "speaker": {
              "id": "2번",
              "sex": "여성",
              "age": "40대"
            },
            "speechAct": "(단언) 주장하기",
            "morpheme": "아아/IC+맞/VV+아요/EF+그래야/MAJ+좀/MAG+길러진다고/VV+EC+VX+EC+했/VX+EP+어요/EF"
          },
          {
            "id": 12,
            "text": "3 : 하지만 저는... 달리기보다는 걷기가 더 적성에 맞아요",
            "norm_text": "하지만 저는... 달리기보다는 걷기가 더 적성에 맞아요",
            "speaker": {
              "id": "3번",
              "sex": "여성",
              "age": "10대"
            },
            "speechAct": "(단언) 주장하기",
            "morpheme": "하지만/MAJ+저/NP+는/JX+./SY+달리/VV+기/ETN+보다/JKB+는/JX+걷/VV+기/ETN+가/JKS+더/MAG+적성/NNG+에/JKB+맞/VV+아요/EC"
          },
          {
            "id": 13,
            "text": "1 : 저도요 그리고 일단 달릴만한 공간도 마땅치 않아요",
            "norm_text": "저도요 그리고 일단 달릴만한 공간도 마땅치 않아요",
            "speaker": {
              "id": "1번",
              "sex": "여성",
              "age": "30대"
            },
            "speechAct": "(단언) 주장하기",
            "morpheme": "저/MM+도요/NNG+그리고/MAJ+일단/MAG+달릴/VV+ETM+만/NNB+한/XSA+ETM+공간/NNG+도/JX+마땅/XR+치/XSA+EC+않/VX+아요/EC"
          },
          {
            "id": 14,
            "text": "2 : 맞아요 그게 문제예요 큰 공원도 없고...",
            "norm_text": "맞아요 그게 문제예요 큰 공원도 없고...",
            "speaker": {
              "id": "2번",
              "sex": "여성",
              "age": "40대"
            },
            "speechAct": "(단언) 진술하기",
            "morpheme": "맞/VV+아요/EF+그게/NP+JKS+문제/NNG+예요/VCP+EF+큰/VA+ETM+공원/NNG+도/JX+없/VA+고/EC+./SY+./SY"
          },
          {
            "id": 15,
            "text": "3 : 배드민턴이라도 치실래요?",
            "norm_text": "배드민턴이라도 치실래요?",
            "speaker": {
              "id": "3번",
              "sex": "여성",
              "age": "10대"
            },
            "speechAct": "(지시) 질문하기",
            "morpheme": "배드민턴/NNG+이/VCP+라도/EC+치/VV+실래요/EP+EF"
          },
          {
            "id": 16,
            "text": "1 : 배드민턴 좋죠 취미로 하시는 분도 있고 동호회 하시는 분도 있던데",
            "norm_text": "배드민턴 좋죠 취미로 하시는 분도 있고 동호회 하시는 분도 있던데",
            "speaker": {
              "id": "1번",
              "sex": "여성",
              "age": "30대"
            },
            "speechAct": "(단언) 진술하기",
            "morpheme": "배드민턴/NNG+좋/VA+죠/EF+취미/NNG+로/JKB+하/VV+시/EP+는/ETM+분/NNB+도/JX+있/VA+고/EC+동호회/NNG+하/XSV+시/EP+는/ETM+분/NNB+도/JX+있/VA+던데/EC"
          },
          {
            "id": 17,
            "text": "2 : 동호회까지는 조금 실력이 부족하지만 그래도 취미로는 재밌을 거 같아요",
            "norm_text": "동호회까지는 조금 실력이 부족하지만 그래도 취미로는 재밌을 거 같아요",
            "speaker": {
              "id": "2번",
              "sex": "여성",
              "age": "40대"
            },
            "speechAct": "(단언) 주장하기",
            "morpheme": "동호회/NNG+까지/JX+는/JX+조금/MAG+실력/NNG+이/JKS+부족/NNG+하/XSV+지만/EC+그래도/VV+EC+취미/NNG+로/JKB+는/JX+재밌/VA+을/ETM+거/NNB+같/VA+아요/EC"
          },
          {
            "id": 18,
            "text": "3 : 맞아요 셋이 같이해도 좋고 아니면 둘이 하고 힘들면 교대로 해도 재밌을 거 같아요",
            "norm_text": "맞아요 셋이 같이해도 좋고 아니면 둘이 하고 힘들면 교대로 해도 재밌을 거 같아요",
            "speaker": {
              "id": "3번",
              "sex": "여성",
              "age": "10대"
            },
            "speechAct": "(단언) 주장하기",
            "morpheme": "맞/VV+아요/EF+셋/NR+이/JKS+같이/MAG+해도/VV+EC+좋/VA+고/EC+아니/VCN+면/EC+둘/NR+이/JKS+하/VV+고/EC+힘들/VA+면/EC+교대/NNG+로/JKB+해도/VV+EC+재밌/VA+을/ETM+거/NNB+같/VA+아요/EC"
          },
          {
            "id": 19,
            "text": "1 : 여기 산책로에서도 많이들 치시던데 한번 해 보실래요?",
            "norm_text": "여기 산책로에서도 많이들 치시던데 한번 해 보실래요?",
            "speaker": {
              "id": "1번",
              "sex": "여성",
              "age": "30대"
            },
            "speechAct": "(지시) 충고/제안하기",
            "morpheme": "여기/NP+산책로/NNG+에서/JKB+도/JX+많이/MAG+들치/VV+시/EP+던데/EC+한/MM+번/NNBC+해/VV+EC+보/VX+실래요/EP+EF"
          },
          {
            "id": 20,
            "text": "2 : 제 배드민턴 실력을 보여드리죠?",
            "norm_text": "제 배드민턴 실력을 보여드리죠?",
            "speaker": {
              "id": "2번",
              "sex": "여성",
              "age": "40대"
            },
            "speechAct": "(단언) 주장하기",
            "morpheme": "제/NP+JKG+배드민턴/NNG+실력/NNG+을/JKO+보여/VV+EC+드리/VX+죠/EF"
          },
          {
            "id": 21,
            "text": "2 : 국대급이라고 놀라시면 안돼요",
            "norm_text": "국대급이라고 놀라시면 안돼요",
            "speaker": {
              "id": "2번",
              "sex": "여성",
              "age": "40대"
            },
            "speechAct": "(단언) 주장하기",
            "morpheme": "국대급/NNG+이/VCP+라고/EC+놀라/VV+시/EP+면/EC+안/MAG+돼요/VV+EC"
          },
          {
            "id": 22,
            "text": "3 : 앗 언니 배드민턴 실력자셨군요!",
            "norm_text": "앗 언니 배드민턴 실력자셨군요!",
            "speaker": {
              "id": "3번",
              "sex": "여성",
              "age": "10대"
            },
            "speechAct": "(단언) 주장하기",
            "morpheme": "앗/IC+언니/NNG+배드민턴/NNG+실력/NNG+자셨/VV+EP+군요/EF"
          },
          {
            "id": 23,
            "text": "1 : 헐... 저 진짜 못 치는데 웃으시면 안돼요",
            "norm_text": "헐... 저 진짜 못 치는데 웃으시면 안돼요",
            "speaker": {
              "id": "1번",
              "sex": "여성",
              "age": "30대"
            },
            "speechAct": "(지시) 명령/요구하기",
            "morpheme": "헐/IC+./SY+저/IC+진짜/MAG+못/MAG+치/VV+는/ETM+데/NNB+웃/VV+으시/EP+면/EC+안/MAG+돼요/VV+EC"
          },
          {
            "id": 24,
            "text": "2 : 아이 장난이에요 저도 잘 못해요",
            "norm_text": "아이 장난이에요 저도 잘 못해요",
            "speaker": {
              "id": "2번",
              "sex": "여성",
              "age": "40대"
            },
            "speechAct": "(단언) 주장하기",
            "morpheme": "아이/IC+장난/NNG+이/VCP+에요/EF+저/NP+도/JX+잘못/MAG+해요/VV+EC"
          },
          {
            "id": 25,
            "text": "3 : 배드민턴 코트도 산책로에 있으니까 거기서 한번 쳐요!",
            "norm_text": "배드민턴 코트도 산책로에 있으니까 거기서 한번 쳐요!",
            "speaker": {
              "id": "3번",
              "sex": "여성",
              "age": "10대"
            },
            "speechAct": "(지시) 충고/제안하기",
            "morpheme": "배드민턴/NNG+코트/NNG+도/JX+산책로/NNG+에/JKB+있/VV+으니까/EC+거기/NP+서/JKB+한/MM+번/NNBC+쳐요/VV+EF"
          }
        ]
      }
    }
  ]
}