{
  "dataset": {
    "identifier": 35231,
    "name": "KAKAO_934_12_set",
    "src_path": "/data/file/cubeManager/PROJECT001/53/txt20211005162207041082/KAKAO_934_12_set/",
    "label_path": "/data/file/cubeManager/PROJECT001/53/txt20211005162207041082/KAKAO_934_12_set/",
    "category": 2,
    "type": 0
  },
  "licenses": {
    "name": "Apache License 1.0",
    "url": "http://www.apache.org/licenses/LICENSE-1.0"
  },
  "info": [
    {
      "id": 42249,
      "filename": "KAKAO_934_12.txt",
      "title": "KAKAO_934_12",
      "mediatype": "SNS",
      "medianame": "카카오톡",
      "category": "일상대화",
      "date": "2021-10-05",
      "size": 485,
      "annotations": {
        "subject": "여행",
        "speaker_type": "1:1",
        "size": 485,
        "word_size": 166,
        "text": "1 : 전라도 쪽은 어디가 좋지?\n2 : 전라도 쪽은 아무래도 목포나 강진 이런 쪽이 좋지\n1 : 부모님 모시고  갈 만 한 곳 있뉘\n2 : 웅 강진 쪽이나 목포로 모시고 가~\n2 : 해산물 좋아하셔?\n1 : 응 해산물 좋아하셔 강진에 뭐 있는뎅...?\n2 : 바다도 볼 수 있고 신선해 해산물들이\n2 : 강진은 마량?\n2 : 이라고 수산물 센터가 있는데\n1 : 응 거기 한번 찾아 봐야겠넹\n2 : 웅웅 근데 볼 거는 모르겠네 맨날 가서 먹고만 와서^^\n1 : 키키 그 오빠 사는 동네 아냐?\n1 : 거기 바다가 있다고?\n2 : 아 가우도 출렁다리~\n2 : 엉 바다가 있는데 그 오빠 집이랑은 좀 반대인가\n1 : 거의 뭐 남원에 춘향이 거기만 가본 거 같아\n2 : 그 춘향이 그네 타고 그런데?\n1 : 곡성은 그 영화 곡성이랑은 상관 없지 ?\n2 : 그냥 지역 명으로 그런 거지 큰 상관은 없는 듯\n1 : 아 거기 좋잖아 메타세콰이어 키키\n2 : 근데 대신 영화 찍고 나서 홍보 톡톡히 됐지 곡성이 키키",
        "lines": [
          {
            "id": 1,
            "text": "1 : 전라도 쪽은 어디가 좋지?",
            "norm_text": "전라도 쪽은 어디가 좋지?",
            "speaker": {
              "id": "1번",
              "sex": "여성",
              "age": "30대"
            },
            "speechAct": "(지시) 질문하기",
            "morpheme": "전라도/NNP+쪽/NNB+은/JX+어디/NP+가/JKS+좋/VA+지/EF"
          },
          {
            "id": 2,
            "text": "2 : 전라도 쪽은 아무래도 목포나 강진 이런 쪽이 좋지",
            "norm_text": "전라도 쪽은 아무래도 목포나 강진 이런 쪽이 좋지",
            "speaker": {
              "id": "2번",
              "sex": "여성",
              "age": "20대"
            },
            "speechAct": "(단언) 주장하기",
            "morpheme": "전라도/NNP+쪽/NNB+은/JX+아무래도/MAG+목포/NNG+나/JC+강진/NNG+이런/MM+쪽/NNB+이/JKS+좋/VA+지/EC"
          },
          {
            "id": 3,
            "text": "1 : 부모님 모시고  갈 만 한 곳 있뉘",
            "norm_text": "부모님 모시고  갈 만 한 곳 있뉘",
            "speaker": {
              "id": "1번",
              "sex": "여성",
              "age": "30대"
            },
            "speechAct": "(지시) 질문하기",
            "morpheme": "부모/NNG+님/XSN+모시/VV+고/EC+갈/VX+ETM+만/NNB+한/XSA+ETM+곳/NNB+있/VA+뉘/NP+JKS"
          },
          {
            "id": 4,
            "text": "2 : 웅 강진 쪽이나 목포로 모시고 가~",
            "norm_text": "웅 강진 쪽이나 목포로 모시고 가~",
            "speaker": {
              "id": "2번",
              "sex": "여성",
              "age": "20대"
            },
            "speechAct": "(단언) 주장하기",
            "morpheme": "웅/IC+강진/NNG+쪽/NNB+이나/JC+목포/NNG+로/JKB+모시/VV+고/EC+가/JKS+~/SY"
          },
          {
            "id": 5,
            "text": "2 : 해산물 좋아하셔?",
            "norm_text": "해산물 좋아하셔?",
            "speaker": {
              "id": "2번",
              "sex": "여성",
              "age": "20대"
            },
            "speechAct": "(지시) 질문하기",
            "morpheme": "해산물/NNG+좋/VA+아/EC+하/VX+셔/EP+EF"
          },
          {
            "id": 6,
            "text": "1 : 응 해산물 좋아하셔 강진에 뭐 있는뎅...?",
            "norm_text": "응 해산물 좋아하셔 강진에 뭐 있는뎅...?",
            "speaker": {
              "id": "1번",
              "sex": "여성",
              "age": "30대"
            },
            "speechAct": "(지시) 질문하기",
            "morpheme": "응/IC+해산물/NNG+좋/VA+아/EC+하/VX+셔/EP+EC+강진/NNG+에/JKB+뭐/IC+있/VA+는/ETM+뎅/MAG+./SY+./SY"
          },
          {
            "id": 7,
            "text": "2 : 바다도 볼 수 있고 신선해 해산물들이",
            "norm_text": "바다도 볼 수 있고 신선해 해산물들이",
            "speaker": {
              "id": "2번",
              "sex": "여성",
              "age": "20대"
            },
            "speechAct": "(단언) 진술하기",
            "morpheme": "바다/NNG+도/JX+볼/VV+ETM+수/NNB+있/VV+고/EC+신선/XR+해해/XSA+EC+VX+EC+산물/NNG+들/XSN+이/JKS"
          },
          {
            "id": 8,
            "text": "2 : 강진은 마량?",
            "norm_text": "강진은 마량?",
            "speaker": {
              "id": "2번",
              "sex": "여성",
              "age": "20대"
            },
            "speechAct": "(지시) 질문하기",
            "morpheme": "강진/NNG+은/JX+마량/NNG"
          },
          {
            "id": 9,
            "text": "2 : 이라고 수산물 센터가 있는데",
            "norm_text": "이라고 수산물 센터가 있는데",
            "speaker": {
              "id": "2번",
              "sex": "여성",
              "age": "20대"
            },
            "speechAct": "(단언) 진술하기",
            "morpheme": "이/NP+라고/VCP+EC+수산물/NNG+센터/NNG+가/JKS+있/VA+는데/EC"
          },
          {
            "id": 10,
            "text": "1 : 응 거기 한번 찾아 봐야겠넹",
            "norm_text": "응 거기 한번 찾아 봐야겠넹",
            "speaker": {
              "id": "1번",
              "sex": "여성",
              "age": "30대"
            },
            "speechAct": "(단언) 주장하기",
            "morpheme": "응/IC+거기/NP+한번/MAG+찾/VV+아/EC+봐야/VX+EC+VV+겠/EP+넹/NNP"
          },
          {
            "id": 11,
            "text": "2 : 웅웅 근데 볼 거는 모르겠네 맨날 가서 먹고만 와서^^",
            "norm_text": "웅웅 근데 볼 거는 모르겠네 맨날 가서 먹고만 와서^^",
            "speaker": {
              "id": "2번",
              "sex": "여성",
              "age": "20대"
            },
            "speechAct": "(단언) 주장하기",
            "morpheme": "웅웅/MAG+근데/MAJ+볼/VV+ETM+거/NNB+는/JX+모르/VV+겠/EP+네/EF+맨날/MAG+가/VV+서/EC+먹/VV+고/EC+만/JX+와서/VV+EC+^/SY+^/SY"
          },
          {
            "id": 12,
            "text": "1 : 키키 그 오빠 사는 동네 아냐?",
            "norm_text": "키키 그 오빠 사는 동네 아냐?",
            "speaker": {
              "id": "1번",
              "sex": "여성",
              "age": "30대"
            },
            "speechAct": "(지시) 질문하기",
            "morpheme": "키키/NNP+그/MM+오빠/NNG+사/VV+는/ETM+동네/NNG+아냐/VCN+EF"
          },
          {
            "id": 13,
            "text": "1 : 거기 바다가 있다고?",
            "norm_text": "거기 바다가 있다고?",
            "speaker": {
              "id": "1번",
              "sex": "여성",
              "age": "30대"
            },
            "speechAct": "(지시) 질문하기",
            "morpheme": "거기/NP+바다/NNG+가/JKS+있/VA+다고/EF"
          },
          {
            "id": 14,
            "text": "2 : 아 가우도 출렁다리~",
            "norm_text": "아 가우도 출렁다리~",
            "speaker": {
              "id": "2번",
              "sex": "여성",
              "age": "20대"
            },
            "speechAct": "(단언) 주장하기",
            "morpheme": "아가우/NNG+도/JX+출렁다리/NNG+~/SY"
          },
          {
            "id": 15,
            "text": "2 : 엉 바다가 있는데 그 오빠 집이랑은 좀 반대인가",
            "norm_text": "엉 바다가 있는데 그 오빠 집이랑은 좀 반대인가",
            "speaker": {
              "id": "2번",
              "sex": "여성",
              "age": "20대"
            },
            "speechAct": "(단언) 주장하기",
            "morpheme": "엉/IC+바다/NNG+가/JKS+있/VA+는데/EC+그/MM+오빠/NNG+집/NNG+이랑/JKB+은/JX+좀/MAG+반대/NNG+인가/VCP+EC"
          },
          {
            "id": 16,
            "text": "1 : 거의 뭐 남원에 춘향이 거기만 가본 거 같아",
            "norm_text": "거의 뭐 남원에 춘향이 거기만 가본 거 같아",
            "speaker": {
              "id": "1번",
              "sex": "여성",
              "age": "30대"
            },
            "speechAct": "(단언) 진술하기",
            "morpheme": "거의/MAG+뭐/IC+남원/NNP+에/JKB+춘향/NNG+이/JKS+거기/NP+만/JX+가/JKS+본/VV+ETM+거/NNB+같/VA+아/EC"
          },
          {
            "id": 17,
            "text": "2 : 그 춘향이 그네 타고 그런데?",
            "norm_text": "그 춘향이 그네 타고 그런데?",
            "speaker": {
              "id": "2번",
              "sex": "여성",
              "age": "20대"
            },
            "speechAct": "(지시) 질문하기",
            "morpheme": "그/MM+춘향/NNG+이/JKS+그/NP+네/XSN+타/VV+고/EC+그런데/MAJ"
          },
          {
            "id": 18,
            "text": "1 : 곡성은 그 영화 곡성이랑은 상관 없지 ?",
            "norm_text": "곡성은 그 영화 곡성이랑은 상관 없지 ?",
            "speaker": {
              "id": "1번",
              "sex": "여성",
              "age": "30대"
            },
            "speechAct": "(지시) 질문하기",
            "morpheme": "곡성/NNG+은/JX+그/MM+영화/NNG+곡성/NNG+이랑/JKB+은/JX+상관없/VA+지/EF"
          },
          {
            "id": 19,
            "text": "2 : 그냥 지역 명으로 그런 거지 큰 상관은 없는 듯",
            "norm_text": "그냥 지역 명으로 그런 거지 큰 상관은 없는 듯",
            "speaker": {
              "id": "2번",
              "sex": "여성",
              "age": "20대"
            },
            "speechAct": "(단언) 주장하기",
            "morpheme": "그냥/MAG+지역/NNG+명/XSN+으로/JKB+그런/MM+거/NNB+지/VCP+EF+큰/VA+ETM+상관/NNG+은/JX+없/VA+는/ETM+듯/NNB"
          },
          {
            "id": 20,
            "text": "1 : 아 거기 좋잖아 메타세콰이어 키키",
            "norm_text": "아 거기 좋잖아 메타세콰이어 키키",
            "speaker": {
              "id": "1번",
              "sex": "여성",
              "age": "30대"
            },
            "speechAct": "(단언) 주장하기",
            "morpheme": "아/IC+거기/NP+좋/VA+잖아/EC+메타/NNG+세/MM+콰이어/NNG+키/NNG+키/XSV+ETN"
          },
          {
            "id": 21,
            "text": "2 : 근데 대신 영화 찍고 나서 홍보 톡톡히 됐지 곡성이 키키",
            "norm_text": "근데 대신 영화 찍고 나서 홍보 톡톡히 됐지 곡성이 키키",
            "speaker": {
              "id": "2번",
              "sex": "여성",
              "age": "20대"
            },
            "speechAct": "(단언) 주장하기",
            "morpheme": "근데/MAJ+대신/NNG+영화/NNG+찍/VV+고/EC+나/VX+서/EC+홍보/NNG+톡톡히/MAG+됐/VV+EP+지/EC+곡성/NNG+이/JKS+키/NNG+키/XSV+ETN"
          }
        ]
      }
    }
  ]
}