{
  "dataset": {
    "identifier": 72816,
    "name": "KAKAO_905_20_set",
    "src_path": "/data/file/cubeManager/PROJECT001/53/txt20211005152852004524/KAKAO_905_20_set/",
    "label_path": "/data/file/cubeManager/PROJECT001/53/txt20211005152852004524/KAKAO_905_20_set/",
    "category": 2,
    "type": 0
  },
  "licenses": {
    "name": "Apache License 1.0",
    "url": "http://www.apache.org/licenses/LICENSE-1.0"
  },
  "info": [
    {
      "id": 41357,
      "filename": "KAKAO_905_20.txt",
      "title": "KAKAO_905_20",
      "mediatype": "SNS",
      "medianame": "카카오톡",
      "category": "일상대화",
      "date": "2021-10-05",
      "size": 315,
      "annotations": {
        "subject": "영화/만화",
        "speaker_type": "1:1",
        "size": 315,
        "word_size": 110,
        "text": "1 : *** 귀칼 언제 나옴\n2 : 귀칼 10월에 나온다던디\n1 : 2부 소식 안 들리더나 키키\n2 : 빨리 보고 싶네 인생 애니야 하하\n1 : 아 10월에 나온대? 헐랭\n2 : 일본에 곧 방영 시작하듯\n1 : 또 ** 귀칼 본다고 난리겠네 키키\n2 : 넷플에 언제 올라오려나 하하\n1 : 난 그럼 그때 연습이나 해야쥐...\n2 : 빨리 보고 싶은데 못 참아 ㅠㅠ\n1 : 난 귀칼 졸 재미 없으니까...\n2 : 너도 같이 보면 재밌을 텐데\n1 : 그럼 일본 꺼로 못 봐?\n2 : 그럼 너무 화질이 안 좋을 듯\n1 : 아냐 난 영 내 스타일 아니더라구...\n2 : 나는 포케이를 선호함 하하",
        "lines": [
          {
            "id": 1,
            "text": "1 : *** 귀칼 언제 나옴",
            "norm_text": "*** 귀칼 언제 나옴",
            "speaker": {
              "id": "1번",
              "sex": "여성",
              "age": "30대"
            },
            "speechAct": "(지시) 질문하기",
            "morpheme": "*/SY+*/SY+*/SY+귀/NNG+칼/NNG+언제나/MAG+옴/NNG"
          },
          {
            "id": 2,
            "text": "2 : 귀칼 10월에 나온다던디",
            "norm_text": "귀칼 10월에 나온다던디",
            "speaker": {
              "id": "2번",
              "sex": "남성",
              "age": "30대"
            },
            "speechAct": "(단언) 진술하기",
            "morpheme": "귀/NNG+칼/NNG+10/SN+월/NNBC+에/JKB+나온다던/VV+ETM+디/NNG"
          },
          {
            "id": 3,
            "text": "1 : 2부 소식 안 들리더나 키키",
            "norm_text": "2부 소식 안 들리더나 키키",
            "speaker": {
              "id": "1번",
              "sex": "여성",
              "age": "30대"
            },
            "speechAct": "(단언) 주장하기",
            "morpheme": "2/SN+부소식안들리더나키키/UNKNOWN"
          },
          {
            "id": 4,
            "text": "2 : 빨리 보고 싶네 인생 애니야 하하",
            "norm_text": "빨리 보고 싶네 인생 애니야 하하",
            "speaker": {
              "id": "2번",
              "sex": "남성",
              "age": "30대"
            },
            "speechAct": "(단언) 주장하기",
            "morpheme": "빨리/MAG+보/VV+고/EC+싶/VX+네/EF+인생/NNG+애/NNG+니야/NNG+하/XSV+하/XSA"
          },
          {
            "id": 5,
            "text": "1 : 아 10월에 나온대? 헐랭",
            "norm_text": "아 10월에 나온대? 헐랭",
            "speaker": {
              "id": "1번",
              "sex": "여성",
              "age": "30대"
            },
            "speechAct": "턴토크 사인(관습적 반응)",
            "morpheme": "아/IC+10/SN+월/NNBC+에/JKB+나온대/VV+EF+헐/XSV+ETM+랭/NNG"
          },
          {
            "id": 6,
            "text": "2 : 일본에 곧 방영 시작하듯",
            "norm_text": "일본에 곧 방영 시작하듯",
            "speaker": {
              "id": "2번",
              "sex": "남성",
              "age": "30대"
            },
            "speechAct": "(단언) 진술하기",
            "morpheme": "일본/NNP+에/JKB+곧/MAG+방영/NNG+시작/NNG+하/XSV+듯/EC"
          },
          {
            "id": 7,
            "text": "1 : 또 ** 귀칼 본다고 난리겠네 키키",
            "norm_text": "또 ** 귀칼 본다고 난리겠네 키키",
            "speaker": {
              "id": "1번",
              "sex": "여성",
              "age": "30대"
            },
            "speechAct": "(단언) 주장하기",
            "morpheme": "또/MAG+*/SY+*/SY+귀칼본다고난리겠네키키/UNKNOWN"
          },
          {
            "id": 8,
            "text": "2 : 넷플에 언제 올라오려나 하하",
            "norm_text": "넷플에 언제 올라오려나 하하",
            "speaker": {
              "id": "2번",
              "sex": "남성",
              "age": "30대"
            },
            "speechAct": "(단언) 주장하기",
            "morpheme": "넷/NR+플/NNG+에/JKB+언제/MAG+올라오/VV+려나/EC+하하/MAG"
          },
          {
            "id": 9,
            "text": "1 : 난 그럼 그때 연습이나 해야쥐...",
            "norm_text": "난 그럼 그때 연습이나 해야쥐...",
            "speaker": {
              "id": "1번",
              "sex": "여성",
              "age": "30대"
            },
            "speechAct": "(단언) 주장하기",
            "morpheme": "난/NP+JX+그럼/MAJ+그때/NNG+연습/NNG+이나/JX+해야/VV+EC+쥐/NNG+./SY+./SY"
          },
          {
            "id": 10,
            "text": "2 : 빨리 보고 싶은데 못 참아 ㅠㅠ",
            "norm_text": "빨리 보고 싶은데 못 참아 ㅠㅠ",
            "speaker": {
              "id": "2번",
              "sex": "남성",
              "age": "30대"
            },
            "speechAct": "(단언) 주장하기",
            "morpheme": "빨리/MAG+보/VV+고/EC+싶/VX+은데/EC+못/MAG+참/VV+아/EC+ㅠㅠ/UNKNOWN"
          },
          {
            "id": 11,
            "text": "1 : 난 귀칼 졸 재미 없으니까...",
            "norm_text": "난 귀칼 졸 재미 없으니까...",
            "speaker": {
              "id": "1번",
              "sex": "여성",
              "age": "30대"
            },
            "speechAct": "(단언) 주장하기",
            "morpheme": "난귀칼졸재미없으니까/UNKNOWN+./SY"
          },
          {
            "id": 12,
            "text": "2 : 너도 같이 보면 재밌을 텐데",
            "norm_text": "너도 같이 보면 재밌을 텐데",
            "speaker": {
              "id": "2번",
              "sex": "남성",
              "age": "30대"
            },
            "speechAct": "(단언) 주장하기",
            "morpheme": "너/NP+도/JX+같이/MAG+보/VV+면/EC+재밌/VA+을/ETM+텐데/NNB+VCP+EC"
          },
          {
            "id": 13,
            "text": "1 : 그럼 일본 꺼로 못 봐?",
            "norm_text": "그럼 일본 꺼로 못 봐?",
            "speaker": {
              "id": "1번",
              "sex": "여성",
              "age": "30대"
            },
            "speechAct": "(지시) 질문하기",
            "morpheme": "그럼/MAJ+일본/NNP+꺼/NNB+VCP+로/JKB+못/MAG+봐/VV+EF"
          },
          {
            "id": 14,
            "text": "2 : 그럼 너무 화질이 안 좋을 듯",
            "norm_text": "그럼 너무 화질이 안 좋을 듯",
            "speaker": {
              "id": "2번",
              "sex": "남성",
              "age": "30대"
            },
            "speechAct": "(단언) 주장하기",
            "morpheme": "그럼/MAJ+너무/MAG+화질/NNG+이/JKS+안/MAG+좋/VA+을/ETM+듯/NNB"
          },
          {
            "id": 15,
            "text": "1 : 아냐 난 영 내 스타일 아니더라구...",
            "norm_text": "아냐 난 영 내 스타일 아니더라구...",
            "speaker": {
              "id": "1번",
              "sex": "여성",
              "age": "30대"
            },
            "speechAct": "(단언) 진술하기",
            "morpheme": "아냐/IC+난/NP+JX+영내/NNG+스타일/NNG+아니/VCN+더라구/EF+./SY"
          },
          {
            "id": 16,
            "text": "2 : 나는 포케이를 선호함 하하",
            "norm_text": "나는 포케이를 선호함 하하",
            "speaker": {
              "id": "2번",
              "sex": "남성",
              "age": "30대"
            },
            "speechAct": "(단언) 진술하기",
            "morpheme": "나/NP+는/JX+포/NNG+케이/NNG+를/JKO+선호/NNG+함하/NNG+하/XSV"
          }
        ]
      }
    }
  ]
}