{
  "dataset": {
    "identifier": 51150,
    "name": "KAKAO_988_10_set",
    "src_path": "/data/file/cubeManager/PROJECT001/53/txt20211006134604018671/KAKAO_988_10_set/",
    "label_path": "/data/file/cubeManager/PROJECT001/53/txt20211006134604018671/KAKAO_988_10_set/",
    "category": 2,
    "type": 0
  },
  "licenses": {
    "name": "Apache License 1.0",
    "url": "http://www.apache.org/licenses/LICENSE-1.0"
  },
  "info": [
    {
      "id": 43190,
      "filename": "KAKAO_988_10.txt",
      "title": "KAKAO_988_10",
      "mediatype": "SNS",
      "medianame": "카카오톡",
      "category": "일상대화",
      "date": "2021-10-06",
      "size": 386,
      "annotations": {
        "subject": "스포츠/레저",
        "speaker_type": "1:1",
        "size": 386,
        "word_size": 124,
        "text": "1 : 아니 그럼 이제 아무 데나 스킨스쿠버 할 수 있는 거야?\n2 : 웅 장비 있고 그 깊이가 정해져 있어\n1 : 장비만 있으면 아무 바다나 가능?\n2 : 기억이 잘 안 나는디 나는 오픈워터라...\n1 : 아 그 깊이에 따라 자격증을 주는 거야?\n2 : 웅웅 18M까지 가능하던가 근데 바다 들가면 누가 아냐고\n1 : 오픈 워터가 뭐여 키키 엄청 신기하네\n2 : 오래전에 따서 기억도 안 나네...\n1 : 키키 귀 아프고 그래? ㅇ\n2 : 오픈워터는 약간 초급이고 웅 귀도 아팠어\n1 : 산소통 하나 얼마래?\n2 : 산소통은 모르겠고 옷이 비싼 거는 400~500해\n1 : 와 그 쫄쫄이? 미쳤네\n2 : 응응 그 쫄쫄이가 그런다니까...\n1 : 그 옷 안 입으면 안되는 거야?\n2 : 추워서 죽을껄 바다 속에서...",
        "lines": [
          {
            "id": 1,
            "text": "1 : 아니 그럼 이제 아무 데나 스킨스쿠버 할 수 있는 거야?",
            "norm_text": "아니 그럼 이제 아무 데나 스킨스쿠버 할 수 있는 거야?",
            "speaker": {
              "id": "1번",
              "sex": "여성",
              "age": "30대"
            },
            "speechAct": "(지시) 질문하기",
            "morpheme": "아니/IC+그럼/MAJ+이제/MAG+아무데/NP+나/JX+스킨/NNG+스쿠버/NNG+할/XSV+ETM+수/NNB+있/VV+는/ETM+거/NNB+야/VCP+EF"
          },
          {
            "id": 2,
            "text": "2 : 웅 장비 있고 그 깊이가 정해져 있어",
            "norm_text": "웅 장비 있고 그 깊이가 정해져 있어",
            "speaker": {
              "id": "2번",
              "sex": "여성",
              "age": "20대"
            },
            "speechAct": "(단언) 진술하기",
            "morpheme": "웅/IC+장비/NNG+있/VV+고/EC+그/MM+깊이/NNG+가/JKS+정해져/VV+EC+VX+EC+있/VX+어/EC"
          },
          {
            "id": 3,
            "text": "1 : 장비만 있으면 아무 바다나 가능?",
            "norm_text": "장비만 있으면 아무 바다나 가능?",
            "speaker": {
              "id": "1번",
              "sex": "여성",
              "age": "30대"
            },
            "speechAct": "(지시) 질문하기",
            "morpheme": "장비/NNG+만/JX+있/VX+으면/EC+아무/MM+바다/NNG+나/JC+가능/NNG"
          },
          {
            "id": 4,
            "text": "2 : 기억이 잘 안 나는디 나는 오픈워터라...",
            "norm_text": "기억이 잘 안 나는디 나는 오픈워터라...",
            "speaker": {
              "id": "2번",
              "sex": "여성",
              "age": "20대"
            },
            "speechAct": "(단언) 진술하기",
            "morpheme": "기억/NNG+이/JKS+잘/MAG+안/MAG+나/NP+는/JX+디나/VV+는/ETM+오픈/NNG+워터/NNG+라/VCP+EF+./SY"
          },
          {
            "id": 5,
            "text": "1 : 아 그 깊이에 따라 자격증을 주는 거야?",
            "norm_text": "아 그 깊이에 따라 자격증을 주는 거야?",
            "speaker": {
              "id": "1번",
              "sex": "여성",
              "age": "30대"
            },
            "speechAct": "(지시) 질문하기",
            "morpheme": "아/IC+그/MM+깊이/NNG+에/JKB+따라/VV+EC+자격증/NNG+을/JKO+주/VV+는/ETM+거/NNB+야/VCP+EF"
          },
          {
            "id": 6,
            "text": "2 : 웅웅 18M까지 가능하던가 근데 바다 들가면 누가 아냐고",
            "norm_text": "웅웅 18M까지 가능하던가 근데 바다 들가면 누가 아냐고",
            "speaker": {
              "id": "2번",
              "sex": "여성",
              "age": "20대"
            },
            "speechAct": "(단언) 주장하기",
            "morpheme": "웅웅/MAG+18/SN+M/SL+까지/JX+가능/NNG+하/XSV+던가/EC+근데/MAJ+바다/NNG+들/XSN+가/VV+면/EC+누가/NP+JKC+아냐/VCN+고/EC"
          },
          {
            "id": 7,
            "text": "1 : 오픈 워터가 뭐여 키키 엄청 신기하네",
            "norm_text": "오픈 워터가 뭐여 키키 엄청 신기하네",
            "speaker": {
              "id": "1번",
              "sex": "여성",
              "age": "30대"
            },
            "speechAct": "(단언) 주장하기",
            "morpheme": "오픈/NNG+워터/NNG+가/JKS+뭐/IC+여/NNG+키/NNG+키/NNG+엄청/MAG+신기/XR+하/XSA+네/EC"
          },
          {
            "id": 8,
            "text": "2 : 오래전에 따서 기억도 안 나네...",
            "norm_text": "오래전에 따서 기억도 안 나네...",
            "speaker": {
              "id": "2번",
              "sex": "여성",
              "age": "20대"
            },
            "speechAct": "(단언) 진술하기",
            "morpheme": "오래/MAG+전/NNG+에/JKB+따/VV+서/EC+기억/NNG+도/JX+안/MAG+나/VV+네/EF+./SY"
          },
          {
            "id": 9,
            "text": "1 : 키키 귀 아프고 그래? ㅇ",
            "norm_text": "키키 귀 아프고 그래? ㅇ",
            "speaker": {
              "id": "1번",
              "sex": "여성",
              "age": "30대"
            },
            "speechAct": "(지시) 질문하기",
            "morpheme": "키/NNG+키/NNG+귀/NNG+아프/VA+고/EC+그래/VV+EF+ㅇ/UNKNOWN"
          },
          {
            "id": 10,
            "text": "2 : 오픈워터는 약간 초급이고 웅 귀도 아팠어",
            "norm_text": "오픈워터는 약간 초급이고 웅 귀도 아팠어",
            "speaker": {
              "id": "2번",
              "sex": "여성",
              "age": "20대"
            },
            "speechAct": "(단언) 진술하기",
            "morpheme": "오픈/NNG+워터/NNG+는/JX+약간/MAG+초급/NNG+이/VCP+고/EC+웅/NNG+귀/NNG+도/JX+아팠/VA+EP+어/EC"
          },
          {
            "id": 11,
            "text": "1 : 산소통 하나 얼마래?",
            "norm_text": "산소통 하나 얼마래?",
            "speaker": {
              "id": "1번",
              "sex": "여성",
              "age": "30대"
            },
            "speechAct": "(지시) 질문하기",
            "morpheme": "산소통/NNG+하나/NR+얼마/NNG+래/VCP+EF"
          },
          {
            "id": 12,
            "text": "2 : 산소통은 모르겠고 옷이 비싼 거는 400~500해",
            "norm_text": "산소통은 모르겠고 옷이 비싼 거는 400~500해",
            "speaker": {
              "id": "2번",
              "sex": "여성",
              "age": "20대"
            },
            "speechAct": "(단언) 진술하기",
            "morpheme": "산소통/NNG+은/JX+모르/VV+겠/EP+고/EC+옷/NNG+이/JKS+비싼/VA+ETM+거/NNB+는/JX+400/SN+~/SY+500/SN+해/NNG"
          },
          {
            "id": 13,
            "text": "1 : 와 그 쫄쫄이? 미쳤네",
            "norm_text": "와 그 쫄쫄이? 미쳤네",
            "speaker": {
              "id": "1번",
              "sex": "여성",
              "age": "30대"
            },
            "speechAct": "(단언) 진술하기",
            "morpheme": "와/IC+그/MM+쫄쫄이/NNG+미쳤/VV+EP+네/EF"
          },
          {
            "id": 14,
            "text": "2 : 응응 그 쫄쫄이가 그런다니까...",
            "norm_text": "응응 그 쫄쫄이가 그런다니까...",
            "speaker": {
              "id": "2번",
              "sex": "여성",
              "age": "20대"
            },
            "speechAct": "(단언) 진술하기",
            "morpheme": "응/IC+응/IC+그/MM+쫄쫄이/NNG+가/JKS+그런다니까/VV+EF+./SY"
          },
          {
            "id": 15,
            "text": "1 : 그 옷 안 입으면 안되는 거야?",
            "norm_text": "그 옷 안 입으면 안되는 거야?",
            "speaker": {
              "id": "1번",
              "sex": "여성",
              "age": "30대"
            },
            "speechAct": "(지시) 질문하기",
            "morpheme": "그/MM+옷/NNG+안/MAG+입/VV+으면/EC+안/MAG+되/VV+는/ETM+거/NNB+야/VCP+EF"
          },
          {
            "id": 16,
            "text": "2 : 추워서 죽을껄 바다 속에서...",
            "norm_text": "추워서 죽을껄 바다 속에서...",
            "speaker": {
              "id": "2번",
              "sex": "여성",
              "age": "20대"
            },
            "speechAct": "(단언) 주장하기",
            "morpheme": "추워서/VA+EC+죽/VV+을껄/EF+바다/NNG+속/NNG+에서/JKB+./SY"
          }
        ]
      }
    }
  ]
}