{
  "dataset": {
    "identifier": 35688,
    "name": "KAKAO_939_07_set",
    "src_path": "/data/file/cubeManager/PROJECT001/53/txt20211005162555053325/KAKAO_939_07_set/",
    "label_path": "/data/file/cubeManager/PROJECT001/53/txt20211005162555053325/KAKAO_939_07_set/",
    "category": 2,
    "type": 0
  },
  "licenses": {
    "name": "Apache License 1.0",
    "url": "http://www.apache.org/licenses/LICENSE-1.0"
  },
  "info": [
    {
      "id": 42364,
      "filename": "KAKAO_939_07.txt",
      "title": "KAKAO_939_07",
      "mediatype": "SNS",
      "medianame": "카카오톡",
      "category": "일상대화",
      "date": "2021-10-05",
      "size": 472,
      "annotations": {
        "subject": "가족",
        "speaker_type": "1:1",
        "size": 472,
        "word_size": 170,
        "text": "1 : 이번에 추석에 가면 큰 누나 빼고 다 모이겠네\n2 : 큰 누나는 좀 괜찮대?\n1 : 어 열 날 때 그냥 약 먹으면 괜찮은가 봐 키키\n1 : 다음나 다다음 주에 내려온대\n2 : 오 진짜 다행이다 키키\n2 : 그 때 보겠네 키키\n1 : 어 그럴 듯 키키 추석에 한번에 보면 좋은데 또 내려가야 해\n2 : 키키 그래도 너도 많이 안심이 됐겠다 키키\n1 : 글치 다행 이 정도여서 키키\n2 : 그니까 키키 이번에 큰 누나네 안 내려오면 좀 허전하겠다\n1 : 어 그럴 듯 키키\n1 : 좀 쉬다가 다시 올라와야지\n2 : 키키 리프레쉬 되겠다 키키\n2 : 여기보다 공기도 좋을 테고\n1 : 맞아 키키 다음에 놀러 와\n1 : 사과도 좀 따고 키키\n2 : 키키 놀러 가면 사과 주스 만들어 줍니까?\n1 : 바로 신선한 사과즙을 대령하죠 키키\n2 : 오 좋아요 키키\n2 : 한 번 초대해 주세요 키키\n1 : 키키 시골이 있는 게 좋은 것 같긴 함\n2 : 응 키키 이 시국에 넘나 좋은데? 키키",
        "lines": [
          {
            "id": 1,
            "text": "1 : 이번에 추석에 가면 큰 누나 빼고 다 모이겠네",
            "norm_text": "이번에 추석에 가면 큰 누나 빼고 다 모이겠네",
            "speaker": {
              "id": "1번",
              "sex": "남성",
              "age": "20대"
            },
            "speechAct": "(단언) 주장하기",
            "morpheme": "이번/NNG+에/JKB+추석/NNG+에/JKB+가/VV+면/EC+큰/VA+ETM+누나/NNG+빼/VV+고/EC+다/MAG+모이/VV+겠/EP+네/EF"
          },
          {
            "id": 2,
            "text": "2 : 큰 누나는 좀 괜찮대?",
            "norm_text": "큰 누나는 좀 괜찮대?",
            "speaker": {
              "id": "2번",
              "sex": "여성",
              "age": "20대"
            },
            "speechAct": "(지시) 질문하기",
            "morpheme": "큰/VA+ETM+누나/NNG+는/JX+좀/MAG+괜찮/VA+대/EF"
          },
          {
            "id": 3,
            "text": "1 : 어 열 날 때 그냥 약 먹으면 괜찮은가 봐 키키",
            "norm_text": "어 열 날 때 그냥 약 먹으면 괜찮은가 봐 키키",
            "speaker": {
              "id": "1번",
              "sex": "남성",
              "age": "20대"
            },
            "speechAct": "N/A",
            "morpheme": "어/IC+열/NR+날/NNG+때/NNG+그냥/MAG+약/NNG+먹/VV+으면/EC+괜찮/VA+은가/EC+봐/VX+EF+키/NNG+키/XSV+ETN"
          },
          {
            "id": 4,
            "text": "1 : 다음나 다다음 주에 내려온대",
            "norm_text": "다음나 다다음 주에 내려온대",
            "speaker": {
              "id": "1번",
              "sex": "남성",
              "age": "20대"
            },
            "speechAct": "(단언) 진술하기",
            "morpheme": "다음/NNG+나/NP+다/JX+다음/NNG+주/NNG+에/JKB+내려온/VV+ETM+대/NNG"
          },
          {
            "id": 5,
            "text": "2 : 오 진짜 다행이다 키키",
            "norm_text": "오 진짜 다행이다 키키",
            "speaker": {
              "id": "2번",
              "sex": "여성",
              "age": "20대"
            },
            "speechAct": "(단언) 주장하기",
            "morpheme": "오/IC+진짜/MAG+다행/NNG+이/JKS+다키키/NNP"
          },
          {
            "id": 6,
            "text": "2 : 그 때 보겠네 키키",
            "norm_text": "그 때 보겠네 키키",
            "speaker": {
              "id": "2번",
              "sex": "여성",
              "age": "20대"
            },
            "speechAct": "(단언) 주장하기",
            "morpheme": "그때/NNG+보/VV+겠/EP+네/EF+키/NNG+키/XSV+ETN"
          },
          {
            "id": 7,
            "text": "1 : 어 그럴 듯 키키 추석에 한번에 보면 좋은데 또 내려가야 해",
            "norm_text": "어 그럴 듯 키키 추석에 한번에 보면 좋은데 또 내려가야 해",
            "speaker": {
              "id": "1번",
              "sex": "남성",
              "age": "20대"
            },
            "speechAct": "(단언) 주장하기",
            "morpheme": "어/IC+그럴듯/VA+ETM+NNB+키/NNG+키/NNG+추석/NNG+에/JKB+한/MM+번/NNBC+에/JKB+보/VV+면/EC+좋/VA+은데/EC+또/MAG+내려가/VV+야/EC+해/VV+EC"
          },
          {
            "id": 8,
            "text": "2 : 키키 그래도 너도 많이 안심이 됐겠다 키키",
            "norm_text": "키키 그래도 너도 많이 안심이 됐겠다 키키",
            "speaker": {
              "id": "2번",
              "sex": "여성",
              "age": "20대"
            },
            "speechAct": "(단언) 주장하기",
            "morpheme": "키/NNG+키/XSV+ETN+그래도/MAJ+너/NP+도/JX+많이/MAG+안심/NNG+이/JKS+됐/VV+EP+겠/EP+다키키/NNP"
          },
          {
            "id": 9,
            "text": "1 : 글치 다행 이 정도여서 키키",
            "norm_text": "글치 다행 이 정도여서 키키",
            "speaker": {
              "id": "1번",
              "sex": "남성",
              "age": "20대"
            },
            "speechAct": "(단언) 주장하기",
            "morpheme": "글/NNG+치/XSN+다행/NNG+이/JKS+정도/NNG+여서/VCP+EC+키/NNG+키/XSV+ETN"
          },
          {
            "id": 10,
            "text": "2 : 그니까 키키 이번에 큰 누나네 안 내려오면 좀 허전하겠다",
            "norm_text": "그니까 키키 이번에 큰 누나네 안 내려오면 좀 허전하겠다",
            "speaker": {
              "id": "2번",
              "sex": "여성",
              "age": "20대"
            },
            "speechAct": "(단언) 주장하기",
            "morpheme": "그니까/MAJ+키/NNG+키/NNG+이번/NNG+에/JKB+큰/VA+ETM+누나/NNG+네/XSN+안/MAG+내려오/VV+면/EC+좀/MAG+허전/XR+하/XSA+겠/EP+다/EC"
          },
          {
            "id": 11,
            "text": "1 : 어 그럴 듯 키키",
            "norm_text": "어 그럴 듯 키키",
            "speaker": {
              "id": "1번",
              "sex": "남성",
              "age": "20대"
            },
            "speechAct": "(단언) 주장하기",
            "morpheme": "어/IC+그럴듯/VA+ETM+NNB+키/NNG+키/XSV+ETN"
          },
          {
            "id": 12,
            "text": "1 : 좀 쉬다가 다시 올라와야지",
            "norm_text": "좀 쉬다가 다시 올라와야지",
            "speaker": {
              "id": "1번",
              "sex": "남성",
              "age": "20대"
            },
            "speechAct": "(단언) 주장하기",
            "morpheme": "좀/MAG+쉬/VV+다가/EC+다시/MAG+올라/VV+EC+와야지/VX+EC"
          },
          {
            "id": 13,
            "text": "2 : 키키 리프레쉬 되겠다 키키",
            "norm_text": "키키 리프레쉬 되겠다 키키",
            "speaker": {
              "id": "2번",
              "sex": "여성",
              "age": "20대"
            },
            "speechAct": "(단언) 주장하기",
            "morpheme": "키/NNG+키리/NNP+프레쉬/NNP+되/VV+겠/EP+다키키/NNP"
          },
          {
            "id": 14,
            "text": "2 : 여기보다 공기도 좋을 테고",
            "norm_text": "여기보다 공기도 좋을 테고",
            "speaker": {
              "id": "2번",
              "sex": "여성",
              "age": "20대"
            },
            "speechAct": "(단언) 주장하기",
            "morpheme": "여기/NP+보다/JKB+공기/NNG+도/JX+좋/VA+을/ETM+테/NNB+VCP+고/EC"
          },
          {
            "id": 15,
            "text": "1 : 맞아 키키 다음에 놀러 와",
            "norm_text": "맞아 키키 다음에 놀러 와",
            "speaker": {
              "id": "1번",
              "sex": "남성",
              "age": "20대"
            },
            "speechAct": "(지시) 충고/제안하기",
            "morpheme": "맞/VV+아/EC+키/NNG+키/NNG+다음/NNG+에/JKB+놀러와/VV+EF"
          },
          {
            "id": 16,
            "text": "1 : 사과도 좀 따고 키키",
            "norm_text": "사과도 좀 따고 키키",
            "speaker": {
              "id": "1번",
              "sex": "남성",
              "age": "20대"
            },
            "speechAct": "(지시) 충고/제안하기",
            "morpheme": "사과/NNG+도/JX+좀/MAG+따/VV+고/EC+키/NNG+키/XSV+ETN"
          },
          {
            "id": 17,
            "text": "2 : 키키 놀러 가면 사과 주스 만들어 줍니까?",
            "norm_text": "키키 놀러 가면 사과 주스 만들어 줍니까?",
            "speaker": {
              "id": "2번",
              "sex": "여성",
              "age": "20대"
            },
            "speechAct": "(지시) 명령/요구하기",
            "morpheme": "키/NNG+키/XSV+ETN+놀/VV+러/EC+가/VX+면/EC+사과/NNG+주스/NNG+만들/VV+어/EC+줍니까/VX+EF"
          },
          {
            "id": 18,
            "text": "1 : 바로 신선한 사과즙을 대령하죠 키키",
            "norm_text": "바로 신선한 사과즙을 대령하죠 키키",
            "speaker": {
              "id": "1번",
              "sex": "남성",
              "age": "20대"
            },
            "speechAct": "(단언) 주장하기",
            "morpheme": "바로/MAG+신선/XR+한/XSA+ETM+사과즙/NNG+을/JKO+대령/NNG+하/XSA+죠/EF+키/NNG+키/XSV+ETN"
          },
          {
            "id": 19,
            "text": "2 : 오 좋아요 키키",
            "norm_text": "오 좋아요 키키",
            "speaker": {
              "id": "2번",
              "sex": "여성",
              "age": "20대"
            },
            "speechAct": "(단언) 주장하기",
            "morpheme": "오/NR+좋/VA+아요/EF+키/NNG+키/XSV+ETN"
          },
          {
            "id": 20,
            "text": "2 : 한 번 초대해 주세요 키키",
            "norm_text": "한 번 초대해 주세요 키키",
            "speaker": {
              "id": "2번",
              "sex": "여성",
              "age": "20대"
            },
            "speechAct": "(지시) 부탁하기",
            "morpheme": "한/MM+번/NNBC+초대/NNG+해/XSV+EC+주/VX+세요/EP+EF+키/NNG+키/XSV+ETN"
          },
          {
            "id": 21,
            "text": "1 : 키키 시골이 있는 게 좋은 것 같긴 함",
            "norm_text": "키키 시골이 있는 게 좋은 것 같긴 함",
            "speaker": {
              "id": "1번",
              "sex": "남성",
              "age": "20대"
            },
            "speechAct": "(단언) 주장하기",
            "morpheme": "키/NNG+키/NNG+시골/NNG+이/JKS+있/VA+는/ETM+게/NNB+JKS+좋/VA+은/ETM+것/NNB+같/VA+긴/ETN+JX+함/VX+ETN"
          },
          {
            "id": 22,
            "text": "2 : 응 키키 이 시국에 넘나 좋은데? 키키",
            "norm_text": "응 키키 이 시국에 넘나 좋은데? 키키",
            "speaker": {
              "id": "2번",
              "sex": "여성",
              "age": "20대"
            },
            "speechAct": "(단언) 주장하기",
            "morpheme": "응/IC+키/NNG+키/XSV+ETN+이/JKS+시국/NNG+에/JKB+넘/VV+나/EC+좋/VA+은데/EF+키/NNG+키/XSV+ETN"
          }
        ]
      }
    }
  ]
}