{
  "dataset": {
    "identifier": 49878,
    "name": "KAKAO_975_07_set",
    "src_path": "/data/file/cubeManager/PROJECT001/53/txt20211006134517082655/KAKAO_975_07_set/",
    "label_path": "/data/file/cubeManager/PROJECT001/53/txt20211006134517082655/KAKAO_975_07_set/",
    "category": 2,
    "type": 0
  },
  "licenses": {
    "name": "Apache License 1.0",
    "url": "http://www.apache.org/licenses/LICENSE-1.0"
  },
  "info": [
    {
      "id": 43127,
      "filename": "KAKAO_975_07.txt",
      "title": "KAKAO_975_07",
      "mediatype": "SNS",
      "medianame": "카카오톡",
      "category": "일상대화",
      "date": "2021-10-06",
      "size": 440,
      "annotations": {
        "subject": "가족",
        "speaker_type": "1:1",
        "size": 440,
        "word_size": 149,
        "text": "1 : 아버지 보러는 자주 가?\n2 : 아니 키키 아버지랑은 연락도 잘 안 하는 듯\n1 : 왜 키키 섭섭하실 것 같은데\n2 : 키키 별로 울 아빠는 누나만 좋아해서 키키\n1 : 키키 아빠는 다 딸바보 아니가...\n2 : 딸로 태어났어야 했다 ㅠ\n1 : 키키 그래도 옛날에는 아들이 귀해서 잘 해줬을 것 같은데\n2 : 키키 잘해준 건 할머니 키키\n2 : 할머니가 많이 이뻐하셨지\n1 : 키키 남아선호사상이 커서 할머니들은 다 아들 원했을 듯\n2 : 키키 너희 집은 어땠음?\n2 : 니랑 언니 있다 아냐?\n1 : 응 키키 그래서 우리 엄마 구박 많이 받았대 할머니한테 ㅠㅠ 딸만 낳아서...\n2 : ㅠㅠ 진짜 옛날 사람들이다 요즘 그런 게 어딨노\n1 : 그러니까 요새는 딸이 더 귀하데이 키키\n2 : 키키 근데 나도 애 낳으면 딸 낳고 싶다\n1 : 키키 애 몇 명 낳을 거야 다 딸?\n2 : 딸2 아들1 좋을 거 같은데?",
        "lines": [
          {
            "id": 1,
            "text": "1 : 아버지 보러는 자주 가?",
            "norm_text": "아버지 보러는 자주 가?",
            "speaker": {
              "id": "1번",
              "sex": "여성",
              "age": "20대"
            },
            "speechAct": "(지시) 질문하기",
            "morpheme": "아버지/NNG+보러/JKB+는/JX+자주/NNG+가/JKS"
          },
          {
            "id": 2,
            "text": "2 : 아니 키키 아버지랑은 연락도 잘 안 하는 듯",
            "norm_text": "아니 키키 아버지랑은 연락도 잘 안 하는 듯",
            "speaker": {
              "id": "2번",
              "sex": "남성",
              "age": "20대"
            },
            "speechAct": "(단언) 주장하기",
            "morpheme": "아니키/NNP+키/NNG+아버지/NNG+랑/JKB+은/JX+연락/NNG+도/JX+잘/MAG+안/MAG+하/VV+는/ETM+듯/NNB"
          },
          {
            "id": 3,
            "text": "1 : 왜 키키 섭섭하실 것 같은데",
            "norm_text": "왜 키키 섭섭하실 것 같은데",
            "speaker": {
              "id": "1번",
              "sex": "여성",
              "age": "20대"
            },
            "speechAct": "(단언) 주장하기",
            "morpheme": "왜/MAG+키/NNG+키/XSV+ETN+섭섭/XR+하/XSA+실/EP+ETM+것/NNB+같/VA+은데/EC"
          },
          {
            "id": 4,
            "text": "2 : 키키 별로 울 아빠는 누나만 좋아해서 키키",
            "norm_text": "키키 별로 울 아빠는 누나만 좋아해서 키키",
            "speaker": {
              "id": "2번",
              "sex": "남성",
              "age": "20대"
            },
            "speechAct": "(단언) 주장하기",
            "morpheme": "키/NNG+키/NNG+별/XSN+로/JKB+울/VV+ETM+아빠/NNG+는/JX+누나/NNG+만/JX+좋/VA+아/EC+해서/VV+EC+키/NNG+키/XSV+ETN"
          },
          {
            "id": 5,
            "text": "1 : 키키 아빠는 다 딸바보 아니가...",
            "norm_text": "키키 아빠는 다 딸바보 아니가...",
            "speaker": {
              "id": "1번",
              "sex": "여성",
              "age": "20대"
            },
            "speechAct": "(단언) 주장하기",
            "morpheme": "키/NNG+키/NNG+아빠/NNG+는/JX+다/MAG+딸/NNG+바보/NNG+아니/VCN+가/EF+./SY"
          },
          {
            "id": 6,
            "text": "2 : 딸로 태어났어야 했다 ㅠ",
            "norm_text": "딸로 태어났어야 했다 ㅠ",
            "speaker": {
              "id": "2번",
              "sex": "남성",
              "age": "20대"
            },
            "speechAct": "(단언) 주장하기",
            "morpheme": "딸/NNG+로/JKB+태어났어야/VV+EP+EC+했/VX+EP+다ㅠ/UNKNOWN"
          },
          {
            "id": 7,
            "text": "1 : 키키 그래도 옛날에는 아들이 귀해서 잘 해줬을 것 같은데",
            "norm_text": "키키 그래도 옛날에는 아들이 귀해서 잘 해줬을 것 같은데",
            "speaker": {
              "id": "1번",
              "sex": "여성",
              "age": "20대"
            },
            "speechAct": "(단언) 주장하기",
            "morpheme": "키/NNG+키/XSV+ETN+그래도/MAJ+옛날/NNG+에/JKB+는/JX+아들/NNG+이/JKS+귀/NNG+해서/XSV+EC+잘/MAG+해/VV+EC+줬/VX+EP+을/ETM+것/NNB+같/VA+은데/EC"
          },
          {
            "id": 8,
            "text": "2 : 키키 잘해준 건 할머니 키키",
            "norm_text": "키키 잘해준 건 할머니 키키",
            "speaker": {
              "id": "2번",
              "sex": "남성",
              "age": "20대"
            },
            "speechAct": "(단언) 진술하기",
            "morpheme": "키/NNG+키/XSV+ETN+잘/MAG+해/VV+EC+준/VX+ETM+건/NNB+JX+할머니/NNG+키/NNG+키/XSV+ETN"
          },
          {
            "id": 9,
            "text": "2 : 할머니가 많이 이뻐하셨지",
            "norm_text": "할머니가 많이 이뻐하셨지",
            "speaker": {
              "id": "2번",
              "sex": "남성",
              "age": "20대"
            },
            "speechAct": "(단언) 진술하기",
            "morpheme": "할머니/NNG+가/JKS+많이/MAG+이뻐/VA+EC+하/VX+셨/EP+EP+지/EC"
          },
          {
            "id": 10,
            "text": "1 : 키키 남아선호사상이 커서 할머니들은 다 아들 원했을 듯",
            "norm_text": "키키 남아선호사상이 커서 할머니들은 다 아들 원했을 듯",
            "speaker": {
              "id": "1번",
              "sex": "여성",
              "age": "20대"
            },
            "speechAct": "(단언) 주장하기",
            "morpheme": "키/NNG+키/XSV+ETN+남/VV+아/EC+선호/NNG+사상/NNG+이/JKS+커서/VV+EC+할머니/NNG+들/XSN+은/JX+다/MAG+아들/NNG+원했/VV+EP+을/ETM+듯/NNB"
          },
          {
            "id": 11,
            "text": "2 : 키키 너희 집은 어땠음?",
            "norm_text": "키키 너희 집은 어땠음?",
            "speaker": {
              "id": "2번",
              "sex": "남성",
              "age": "20대"
            },
            "speechAct": "(지시) 질문하기",
            "morpheme": "키/NNG+키/XSV+ETN+너희/NP+집/NNG+은/JX+어땠/VA+EP+음/ETN"
          },
          {
            "id": 12,
            "text": "2 : 니랑 언니 있다 아냐?",
            "norm_text": "니랑 언니 있다 아냐?",
            "speaker": {
              "id": "2번",
              "sex": "남성",
              "age": "20대"
            },
            "speechAct": "(지시) 질문하기",
            "morpheme": "니랑/NNG+언니/NNG+있/VV+다/EC+아냐/VCN+EF"
          },
          {
            "id": 13,
            "text": "1 : 응 키키 그래서 우리 엄마 구박 많이 받았대 할머니한테 ㅠㅠ 딸만 낳아서...",
            "norm_text": "응 키키 그래서 우리 엄마 구박 많이 받았대 할머니한테 ㅠㅠ 딸만 낳아서...",
            "speaker": {
              "id": "1번",
              "sex": "여성",
              "age": "20대"
            },
            "speechAct": "(단언) 진술하기",
            "morpheme": "응/IC+키/NNG+키/XSV+ETN+그래서/MAJ+우리/NP+엄마/NNG+구박/NNG+많이/MAG+받/VV+았/EP+대/XPN+할머니/NNG+한테/JKB+ㅠㅠ/UNKNOWN+딸/NNG+만/JX+낳/VV+아서/EC+./SY+./SY"
          },
          {
            "id": 14,
            "text": "2 : ㅠㅠ 진짜 옛날 사람들이다 요즘 그런 게 어딨노",
            "norm_text": "ㅠㅠ 진짜 옛날 사람들이다 요즘 그런 게 어딨노",
            "speaker": {
              "id": "2번",
              "sex": "남성",
              "age": "20대"
            },
            "speechAct": "(단언) 주장하기",
            "morpheme": "ㅠㅠ/UNKNOWN+진짜/MAG+옛날/NNG+사람/NNG+들/XSN+이/JKS+다/MAG+요즘/MAG+그런/MM+게/NNB+JKS+어딨/VA+노/EC"
          },
          {
            "id": 15,
            "text": "1 : 그러니까 요새는 딸이 더 귀하데이 키키",
            "norm_text": "그러니까 요새는 딸이 더 귀하데이 키키",
            "speaker": {
              "id": "1번",
              "sex": "여성",
              "age": "20대"
            },
            "speechAct": "(단언) 진술하기",
            "morpheme": "그러니까/MAJ+요새/NNG+는/JX+딸/NNG+이/JKS+더/MAG+귀하/VA+데이/EF+키/NNG+키/XSV+ETN"
          },
          {
            "id": 16,
            "text": "2 : 키키 근데 나도 애 낳으면 딸 낳고 싶다",
            "norm_text": "키키 근데 나도 애 낳으면 딸 낳고 싶다",
            "speaker": {
              "id": "2번",
              "sex": "남성",
              "age": "20대"
            },
            "speechAct": "(단언) 주장하기",
            "morpheme": "키/NNG+키/XSV+ETN+근데/MAJ+나/NP+도/JX+애/NNG+낳/VV+으면/EC+딸/NNG+낳/VV+고/EC+싶/VX+다/EC"
          },
          {
            "id": 17,
            "text": "1 : 키키 애 몇 명 낳을 거야 다 딸?",
            "norm_text": "키키 애 몇 명 낳을 거야 다 딸?",
            "speaker": {
              "id": "1번",
              "sex": "여성",
              "age": "20대"
            },
            "speechAct": "(지시) 질문하기",
            "morpheme": "키/NNG+키/NNG+애/NNG+몇/MM+명/NNBC+낳/VV+을/ETM+거/NNB+야/VCP+EF+다/MAG+딸/NNG"
          },
          {
            "id": 18,
            "text": "2 : 딸2 아들1 좋을 거 같은데?",
            "norm_text": "딸2 아들1 좋을 거 같은데?",
            "speaker": {
              "id": "2번",
              "sex": "남성",
              "age": "20대"
            },
            "speechAct": "(단언) 주장하기",
            "morpheme": "딸/NNG+2/SN+아들/NNG+1/SN+좋/VA+을/ETM+거/NNB+같/VA+은데/EF"
          }
        ]
      }
    }
  ]
}