{
  "dataset": {
    "identifier": 69174,
    "name": "KAKAO_919_14_set",
    "src_path": "/data/file/cubeManager/PROJECT001/53/txt202110051558480585103/KAKAO_919_14_set/",
    "label_path": "/data/file/cubeManager/PROJECT001/53/txt202110051558480585103/KAKAO_919_14_set/",
    "category": 2,
    "type": 0
  },
  "licenses": {
    "name": "Apache License 1.0",
    "url": "http://www.apache.org/licenses/LICENSE-1.0"
  },
  "info": [
    {
      "id": 41931,
      "filename": "KAKAO_919_14.txt",
      "title": "KAKAO_919_14",
      "mediatype": "SNS",
      "medianame": "카카오톡",
      "category": "일상대화",
      "date": "2021-10-05",
      "size": 706,
      "annotations": {
        "subject": "사회이슈",
        "speaker_type": "1:1",
        "size": 706,
        "word_size": 186,
        "text": "1 : 군부대 내부에서도 코로나로 인해 큰일이 생겼네\n2 : 그러니까 뉴스 보고 알았는데 이번에 강원도 강릉 공군 부대에서 나왔다며?\n1 : 맞아 이번 추가 확진자 3명이 발생했다는데 벌써 5명이나 됐다고 하더라고\n2 : 군부대 내에서 코로나 터지면 진짜 타격이 엄청날 텐데...\n1 : 우리나라 방위시설에서 그런 거 한번 터지면 난리지...\n2 : 안 그래도 군부대는 300명 이상의 병사들이 같이 생활하는 곳인데...\n1 : 벌써 150여명이나 격리하고 검사 실시했다고는 하는데 감염이 덜했으면 좋겠는데...\n2 : 다들 휴가 나갔다 와서 걸리고 오는 게 대다수여서... 그렇다고 휴가를 안 보낼 수도 없고...\n1 : 맞지... 군대에서 유일한 낙이 휴가 나가는 건데...\n2 : 내가 군대 있을 때 코로나가 안 터져서 그나마 다행이다...\n1 : 맞지... 군대에서 유일한 낙이 휴가 나가는 건데...\n1 : 그러니까 키키 나도 다행히 코로나 터지기 전에 전역해서 다행이야\n2 : 군인들도 얼마나 답답할까... 나였어도 진짜 답답했을 꺼 같은데...\n1 : 벌써 군내 코로나19 누적 확진자가 1681명이래...\n2 : 엄청나게 많은 숫자네... 하...\n2 : 이 지긋지긋한 코로나는 언제 종식되려나...\n1 : 그러게 말이야. 뉴스 소식은 거의 다 코로나 바이러스 관련된 뉴스밖에 안 나오니 암울하다...\n2 : 진짜... 벌써 2년 가까이 돼간다... 빨리 좀 종식됐으면 좋겠다.",
        "lines": [
          {
            "id": 1,
            "text": "1 : 군부대 내부에서도 코로나로 인해 큰일이 생겼네",
            "norm_text": "군부대 내부에서도 코로나로 인해 큰일이 생겼네",
            "speaker": {
              "id": "1번",
              "sex": "남성",
              "age": "20대"
            },
            "speechAct": "(단언) 주장하기",
            "morpheme": "군부대/NNG+내부/NNG+에서/JKB+도/JX+코로나/NNG+로/JKB+인해/VV+EC+큰일/NNG+이/JKS+생겼/VV+EP+네/EF"
          },
          {
            "id": 2,
            "text": "2 : 그러니까 뉴스 보고 알았는데 이번에 강원도 강릉 공군 부대에서 나왔다며?",
            "norm_text": "그러니까 뉴스 보고 알았는데 이번에 강원도 강릉 공군 부대에서 나왔다며?",
            "speaker": {
              "id": "2번",
              "sex": "남성",
              "age": "20대"
            },
            "speechAct": "(단언) 진술하기",
            "morpheme": "그러니까/MAJ+뉴스/NNG+보/VV+고/EC+알/VV+았/EP+는데/EC+이번/NNG+에/JKB+강원도/NNP+강릉/NNP+공군/NNG+부대/NNG+에서/JKB+나왔/VV+EP+다며/EF"
          },
          {
            "id": 3,
            "text": "1 : 맞아 이번 추가 확진자 3명이 발생했다는데 벌써 5명이나 됐다고 하더라고",
            "norm_text": "맞아 이번 추가 확진자 3명이 발생했다는데 벌써 5명이나 됐다고 하더라고",
            "speaker": {
              "id": "1번",
              "sex": "남성",
              "age": "20대"
            },
            "speechAct": "(단언) 진술하기",
            "morpheme": "맞/VV+아/EC+이번/NNG+추가/NNG+확진/NNG+자/XSN+3/SN+명/NNBC+이/JKS+발생/NNG+했/XSV+EP+다는/ETM+데/NNB+벌써/MAG+5/SN+명/NNBC+이나/JX+됐/VV+EP+다고/EC+하/VV+더라고/EC"
          },
          {
            "id": 4,
            "text": "2 : 군부대 내에서 코로나 터지면 진짜 타격이 엄청날 텐데...",
            "norm_text": "군부대 내에서 코로나 터지면 진짜 타격이 엄청날 텐데...",
            "speaker": {
              "id": "2번",
              "sex": "남성",
              "age": "20대"
            },
            "speechAct": "(단언) 주장하기",
            "morpheme": "군부대/NNG+내/NNB+에서/JKB+코로나/NNG+터지/VV+면/EC+진짜/MAG+타격/NNG+이/JKS+엄청날/VA+ETM+텐데/NNB+VCP+EF+./SY"
          },
          {
            "id": 5,
            "text": "1 : 우리나라 방위시설에서 그런 거 한번 터지면 난리지...",
            "norm_text": "우리나라 방위시설에서 그런 거 한번 터지면 난리지...",
            "speaker": {
              "id": "1번",
              "sex": "남성",
              "age": "20대"
            },
            "speechAct": "(단언) 주장하기",
            "morpheme": "우리/NP+나라/NNG+방위/NNG+시설/NNG+에서/JKB+그런/MM+거/NNB+한번/MAG+터지/VV+면/EC+난리/NNG+지/VCP+EF+./SY"
          },
          {
            "id": 6,
            "text": "2 : 안 그래도 군부대는 300명 이상의 병사들이 같이 생활하는 곳인데...",
            "norm_text": "안 그래도 군부대는 300명 이상의 병사들이 같이 생활하는 곳인데...",
            "speaker": {
              "id": "2번",
              "sex": "남성",
              "age": "20대"
            },
            "speechAct": "(단언) 주장하기",
            "morpheme": "안/MAG+그래도/VV+EC+군부대/NNG+는/JX+300/SN+명/NNBC+이상/NNG+의/JKG+병사/NNG+들/XSN+이/JKS+같이/MAG+생활/NNG+하/XSV+는/ETM+곳/NNB+인데/VCP+EC+./SY+./SY"
          },
          {
            "id": 7,
            "text": "1 : 벌써 150여명이나 격리하고 검사 실시했다고는 하는데 감염이 덜했으면 좋겠는데...",
            "norm_text": "벌써 150여명이나 격리하고 검사 실시했다고는 하는데 감염이 덜했으면 좋겠는데...",
            "speaker": {
              "id": "1번",
              "sex": "남성",
              "age": "20대"
            },
            "speechAct": "(단언) 주장하기",
            "morpheme": "벌써/MAG+150/SN+여/XSN+명/NNBC+이나/JX+격리/NNG+하/XSV+고/EC+검사/NNG+실시/NNG+했/XSV+EP+다고/EC+는/JX+하/VV+는데/EC+감염/NNG+이/JKS+덜/MAG+했/VV+EP+으면/EC+좋/VA+겠/EP+는데/EC+./SY+./SY"
          },
          {
            "id": 8,
            "text": "2 : 다들 휴가 나갔다 와서 걸리고 오는 게 대다수여서... 그렇다고 휴가를 안 보낼 수도 없고...",
            "norm_text": "다들 휴가 나갔다 와서 걸리고 오는 게 대다수여서... 그렇다고 휴가를 안 보낼 수도 없고...",
            "speaker": {
              "id": "2번",
              "sex": "남성",
              "age": "20대"
            },
            "speechAct": "(단언) 주장하기",
            "morpheme": "다들휴가나갔다와서걸리고오는게대다수여서/UNKNOWN+./SY+그렇/VA+다고/EC+휴가/NNG+를/JKO+안/MAG+보낼/VV+ETM+수/NNB+도/JX+없/VA+고/EC+./SY+./SY"
          },
          {
            "id": 9,
            "text": "1 : 맞지... 군대에서 유일한 낙이 휴가 나가는 건데...",
            "norm_text": "맞지... 군대에서 유일한 낙이 휴가 나가는 건데...",
            "speaker": {
              "id": "1번",
              "sex": "남성",
              "age": "20대"
            },
            "speechAct": "(단언) 주장하기",
            "morpheme": "맞/VV+지/EF+./SY+군대/NNG+에서/JKB+유일/NNG+한/XSA+ETM+낙/NNG+이/JKS+휴가/NNG+나가/VV+는/ETM+건데/NNB+VCP+EF+./SY"
          },
          {
            "id": 10,
            "text": "2 : 내가 군대 있을 때 코로나가 안 터져서 그나마 다행이다...",
            "norm_text": "내가 군대 있을 때 코로나가 안 터져서 그나마 다행이다...",
            "speaker": {
              "id": "2번",
              "sex": "남성",
              "age": "20대"
            },
            "speechAct": "(단언) 주장하기",
            "morpheme": "내/NP+가/JKS+군대/NNG+있/VV+을/ETM+때/NNG+코로나/NNG+가/JKS+안/MAG+터져서/VV+EC+그나마/MAG+다행/NNG+이/VCP+다/EF+./SY"
          },
          {
            "id": 11,
            "text": "1 : 맞지... 군대에서 유일한 낙이 휴가 나가는 건데...",
            "norm_text": "맞지... 군대에서 유일한 낙이 휴가 나가는 건데...",
            "speaker": {
              "id": "1번",
              "sex": "남성",
              "age": "20대"
            },
            "speechAct": "(단언) 주장하기",
            "morpheme": "맞/VV+지/EF+./SY+군대/NNG+에서/JKB+유일/NNG+한/XSA+ETM+낙/NNG+이/JKS+휴가/NNG+나가/VV+는/ETM+건데/NNB+VCP+EF+./SY"
          },
          {
            "id": 12,
            "text": "1 : 그러니까 키키 나도 다행히 코로나 터지기 전에 전역해서 다행이야",
            "norm_text": "그러니까 키키 나도 다행히 코로나 터지기 전에 전역해서 다행이야",
            "speaker": {
              "id": "1번",
              "sex": "남성",
              "age": "20대"
            },
            "speechAct": "(단언) 주장하기",
            "morpheme": "그러니까/MAJ+키/NNG+키나/XSA+ETN+JX+도/JX+다행히/MAG+코로나/NNG+터지/VV+기/ETN+전/NNG+에/JKB+전역/NNG+해서/XSV+EC+다행/NNG+이/VCP+야/EC"
          },
          {
            "id": 13,
            "text": "2 : 군인들도 얼마나 답답할까... 나였어도 진짜 답답했을 꺼 같은데...",
            "norm_text": "군인들도 얼마나 답답할까... 나였어도 진짜 답답했을 꺼 같은데...",
            "speaker": {
              "id": "2번",
              "sex": "남성",
              "age": "20대"
            },
            "speechAct": "(단언) 주장하기",
            "morpheme": "군인/NNG+들/XSN+도/JX+얼마나/MAG+답답/XR+할까/XSA+EF+./SY+나/NP+였/VCP+EP+어도/EC+진짜/MAG+답답/XR+했/XSA+EP+을/ETM+꺼/NNB+VCP+같/VA+은데/EF+./SY"
          },
          {
            "id": 14,
            "text": "1 : 벌써 군내 코로나19 누적 확진자가 1681명이래...",
            "norm_text": "벌써 군내 코로나19 누적 확진자가 1681명이래...",
            "speaker": {
              "id": "1번",
              "sex": "남성",
              "age": "20대"
            },
            "speechAct": "(단언) 진술하기",
            "morpheme": "벌써/MAG+군내/NNG+코로나/NNG+19/SN+누적/NNG+확진/NNG+자/XSN+가/JKS+1681/SN+명/NNBC+이/VCP+래/EF+./SY"
          },
          {
            "id": 15,
            "text": "2 : 엄청나게 많은 숫자네... 하...",
            "norm_text": "엄청나게 많은 숫자네... 하...",
            "speaker": {
              "id": "2번",
              "sex": "남성",
              "age": "20대"
            },
            "speechAct": "(단언) 주장하기",
            "morpheme": "엄청나/VA+게/EC+많/VA+은/ETM+숫자/NNG+네/VCP+EF+./SY+하/IC+./SY"
          },
          {
            "id": 16,
            "text": "2 : 이 지긋지긋한 코로나는 언제 종식되려나...",
            "norm_text": "이 지긋지긋한 코로나는 언제 종식되려나...",
            "speaker": {
              "id": "2번",
              "sex": "남성",
              "age": "20대"
            },
            "speechAct": "(단언) 주장하기",
            "morpheme": "이/MM+지긋지긋/XR+한/XSA+ETM+코로나/NNG+는/JX+언제/MAG+종식/NNG+되/XSV+려나/EF+./SY"
          },
          {
            "id": 17,
            "text": "1 : 그러게 말이야. 뉴스 소식은 거의 다 코로나 바이러스 관련된 뉴스밖에 안 나오니 암울하다...",
            "norm_text": "그러게 말이야. 뉴스 소식은 거의 다 코로나 바이러스 관련된 뉴스밖에 안 나오니 암울하다...",
            "speaker": {
              "id": "1번",
              "sex": "남성",
              "age": "20대"
            },
            "speechAct": "(단언) 주장하기",
            "morpheme": "그러/VV+게/EC+말/NNG+이/VCP+야/EF+뉴스/NNG+소식/NNG+은/JX+거의/MAG+다/MAG+코로나/NNG+바이러스/NNG+관련/NNG+된/XSV+ETM+뉴스/NNG+밖에/JX+안/MAG+나오/VV+니/EC+암울/XR+하/XSA+다/EF+./SY"
          },
          {
            "id": 18,
            "text": "2 : 진짜... 벌써 2년 가까이 돼간다... 빨리 좀 종식됐으면 좋겠다.",
            "norm_text": "진짜... 벌써 2년 가까이 돼간다... 빨리 좀 종식됐으면 좋겠다.",
            "speaker": {
              "id": "2번",
              "sex": "남성",
              "age": "20대"
            },
            "speechAct": "(단언) 주장하기",
            "morpheme": "진짜/MAG+./SY+벌써/MAG+2/SN+년/NNBC+가까이/MAG+돼간다/VV+EC+VX+EF+./SY+빨리/MAG+좀/MAG+종식/NNG+됐/XSV+EP+으면/EC+좋/VA+겠/EP+다/EF"
          }
        ]
      }
    }
  ]
}