{
  "dataset": {
    "identifier": 49862,
    "name": "KAKAO_974_11_set",
    "src_path": "/data/file/cubeManager/PROJECT001/53/txt20211006134503090579/KAKAO_974_11_set/",
    "label_path": "/data/file/cubeManager/PROJECT001/53/txt20211006134503090579/KAKAO_974_11_set/",
    "category": 2,
    "type": 0
  },
  "licenses": {
    "name": "Apache License 1.0",
    "url": "http://www.apache.org/licenses/LICENSE-1.0"
  },
  "info": [
    {
      "id": 43111,
      "filename": "KAKAO_974_11.txt",
      "title": "KAKAO_974_11",
      "mediatype": "SNS",
      "medianame": "카카오톡",
      "category": "일상대화",
      "date": "2021-10-06",
      "size": 460,
      "annotations": {
        "subject": "게임",
        "speaker_type": "1:1",
        "size": 460,
        "word_size": 155,
        "text": "1 : 스타그래프트 게임 캐릭터는 어떻게 생겼어?\n2 : 괴물?같이 생겼어 하하 너가 보면 싫어할 거야\n1 : 그렇게 징그럽나? 키키 궁금하네\n2 : 한번 찾아서 봐바 하하 괜히 봤다고 생각할 수도 있어\n1 : 키키 지금 안 볼래 나중에 슬플 때 봐야겠다 키키\n2 : 슬플 때 보면 무서워서 더 우는 거 아니야?\n1 : 키키 내가 애도 아니고 무서워서 울진 않을 듯\n2 : 너는 무서운 거 잘 봐?\n1 : 무서운 거 못 본다 ㅠㅠ 키키\n1 : 막 튀어나오고 이런 거 싫어\n2 : 키키 무서운 거 못 볼 거 같았어\n2 : 나중에 낮에 한번 찾아서 봐\n1 : 키키 일단 스타그래프트 캐릭터 검색해봐야겠다\n2 : 보고 괜히 봤다고 나한테 뭐라 하면 안돼\n1 : 키키 근데 캐릭터도 여러 종류 있다 아니야?\n2 : 어 캐릭터 4갠가 그 정도 있어 하하\n1 : 키키 그 4개를 돌려가면서 싸우는 거야?\n2 : 캐릭마다 스킬 같은 게 달라서 선택해서 하면 돼 하하",
        "lines": [
          {
            "id": 1,
            "text": "1 : 스타그래프트 게임 캐릭터는 어떻게 생겼어?",
            "norm_text": "스타그래프트 게임 캐릭터는 어떻게 생겼어?",
            "speaker": {
              "id": "1번",
              "sex": "여성",
              "age": "20대"
            },
            "speechAct": "(지시) 질문하기",
            "morpheme": "스타/NNG+그래프트/NNG+게임/NNG+캐릭터/NNG+는/JX+어떻게/MAG+생겼/VV+EP+어/EF"
          },
          {
            "id": 2,
            "text": "2 : 괴물?같이 생겼어 하하 너가 보면 싫어할 거야",
            "norm_text": "괴물?같이 생겼어 하하 너가 보면 싫어할 거야",
            "speaker": {
              "id": "2번",
              "sex": "남성",
              "age": "30대"
            },
            "speechAct": "(단언) 진술하기",
            "morpheme": "괴물/NNG+같이/MAG+생겼/VV+EP+어/EC+하하/MAG+너/NP+가/JKS+보/VV+면/EC+싫/VA+어/EC+할/VX+ETM+거/NNB+야/VCP+EF"
          },
          {
            "id": 3,
            "text": "1 : 그렇게 징그럽나? 키키 궁금하네",
            "norm_text": "그렇게 징그럽나? 키키 궁금하네",
            "speaker": {
              "id": "1번",
              "sex": "여성",
              "age": "20대"
            },
            "speechAct": "(지시) 질문하기",
            "morpheme": "그렇게/MAG+징그럽/VA+나/EF+키/NNG+키/XSV+ETN+궁금/XR+하/XSA+네/EC"
          },
          {
            "id": 4,
            "text": "2 : 한번 찾아서 봐바 하하 괜히 봤다고 생각할 수도 있어",
            "norm_text": "한번 찾아서 봐바 하하 괜히 봤다고 생각할 수도 있어",
            "speaker": {
              "id": "2번",
              "sex": "남성",
              "age": "30대"
            },
            "speechAct": "(지시) 충고/제안하기",
            "morpheme": "한/MM+번/NNBC+찾/VV+아서/EC+봐/VX+바/EC+하하/MAG+괜히/MAG+봤/VV+EP+다고/EC+생각/NNG+할/XSV+ETM+수/NNB+도/JX+있/VA+어/EC"
          },
          {
            "id": 5,
            "text": "1 : 키키 지금 안 볼래 나중에 슬플 때 봐야겠다 키키",
            "norm_text": "키키 지금 안 볼래 나중에 슬플 때 봐야겠다 키키",
            "speaker": {
              "id": "1번",
              "sex": "여성",
              "age": "20대"
            },
            "speechAct": "(단언) 주장하기",
            "morpheme": "키/NNG+키/NNG+지금/MAG+안/MAG+볼래/VV+EC+나중/NNG+에/JKB+슬플/VA+ETM+때/NNG+봐야/VV+EC+VX+겠/EP+다키키/NNP"
          },
          {
            "id": 6,
            "text": "2 : 슬플 때 보면 무서워서 더 우는 거 아니야?",
            "norm_text": "슬플 때 보면 무서워서 더 우는 거 아니야?",
            "speaker": {
              "id": "2번",
              "sex": "남성",
              "age": "30대"
            },
            "speechAct": "(지시) 질문하기",
            "morpheme": "슬플/VA+ETM+때/NNG+보/VV+면/EC+무서워서/VA+EC+더/MAG+우/VV+는/ETM+거/NNB+아니/VCN+야/EF"
          },
          {
            "id": 7,
            "text": "1 : 키키 내가 애도 아니고 무서워서 울진 않을 듯",
            "norm_text": "키키 내가 애도 아니고 무서워서 울진 않을 듯",
            "speaker": {
              "id": "1번",
              "sex": "여성",
              "age": "20대"
            },
            "speechAct": "(단언) 주장하기",
            "morpheme": "키/NNG+키/XSV+ETN+내/NP+가/JKS+애/NNG+도/JX+아니/VCN+고/EC+무서워서/VA+EC+울/VV+진/EC+JX+않/VX+을/ETM+듯/NNB"
          },
          {
            "id": 8,
            "text": "2 : 너는 무서운 거 잘 봐?",
            "norm_text": "너는 무서운 거 잘 봐?",
            "speaker": {
              "id": "2번",
              "sex": "남성",
              "age": "30대"
            },
            "speechAct": "(지시) 질문하기",
            "morpheme": "너/NP+는/JX+무서운/VA+ETM+거/NNB+잘/MAG+봐/VV+EF"
          },
          {
            "id": 9,
            "text": "1 : 무서운 거 못 본다 ㅠㅠ 키키",
            "norm_text": "무서운 거 못 본다 ㅠㅠ 키키",
            "speaker": {
              "id": "1번",
              "sex": "여성",
              "age": "20대"
            },
            "speechAct": "(단언) 진술하기",
            "morpheme": "무서운/VA+ETM+거/NNB+못/MAG+본다/VV+EC+ㅠㅠ/UNKNOWN+키/NNG+키/XSV+ETN"
          },
          {
            "id": 10,
            "text": "1 : 막 튀어나오고 이런 거 싫어",
            "norm_text": "막 튀어나오고 이런 거 싫어",
            "speaker": {
              "id": "1번",
              "sex": "여성",
              "age": "20대"
            },
            "speechAct": "(단언) 주장하기",
            "morpheme": "막/MAJ+튀어나오/VV+고/EC+이런/MM+거/NNB+싫/VA+어/EC"
          },
          {
            "id": 11,
            "text": "2 : 키키 무서운 거 못 볼 거 같았어",
            "norm_text": "키키 무서운 거 못 볼 거 같았어",
            "speaker": {
              "id": "2번",
              "sex": "남성",
              "age": "30대"
            },
            "speechAct": "(단언) 주장하기",
            "morpheme": "키/NNG+키/XSV+ETN+무서운/VA+ETM+거/NNB+못/MAG+볼/VV+ETM+거/NNB+같/VA+았/EP+어/EC"
          },
          {
            "id": 12,
            "text": "2 : 나중에 낮에 한번 찾아서 봐",
            "norm_text": "나중에 낮에 한번 찾아서 봐",
            "speaker": {
              "id": "2번",
              "sex": "남성",
              "age": "30대"
            },
            "speechAct": "(지시) 충고/제안하기",
            "morpheme": "나중/NNG+에/JKB+낮/NNG+에/JKB+한/MM+번/NNBC+찾/VV+아서/EC+봐/VX+EC"
          },
          {
            "id": 13,
            "text": "1 : 키키 일단 스타그래프트 캐릭터 검색해봐야겠다",
            "norm_text": "키키 일단 스타그래프트 캐릭터 검색해봐야겠다",
            "speaker": {
              "id": "1번",
              "sex": "여성",
              "age": "20대"
            },
            "speechAct": "(단언) 주장하기",
            "morpheme": "키/NNG+키/XSV+ETN+일단/MAG+스타/NNG+그래프트/NNG+캐릭터/NNG+검색/NNG+해봐야/XSV+EC+VX+EC+VX+겠/EP+다/EC"
          },
          {
            "id": 14,
            "text": "2 : 보고 괜히 봤다고 나한테 뭐라 하면 안돼",
            "norm_text": "보고 괜히 봤다고 나한테 뭐라 하면 안돼",
            "speaker": {
              "id": "2번",
              "sex": "남성",
              "age": "30대"
            },
            "speechAct": "(단언) 주장하기",
            "morpheme": "보/VV+고/EC+괜히/MAG+봤/VV+EP+다고/EC+나/NP+한테/JKB+뭐/NP+라/VCP+EC+하/VV+면/EC+안/MAG+돼/VV+EC"
          },
          {
            "id": 15,
            "text": "1 : 키키 근데 캐릭터도 여러 종류 있다 아니야?",
            "norm_text": "키키 근데 캐릭터도 여러 종류 있다 아니야?",
            "speaker": {
              "id": "1번",
              "sex": "여성",
              "age": "20대"
            },
            "speechAct": "(지시) 질문하기",
            "morpheme": "키/NNG+키/XSV+ETN+근데/MAJ+캐릭터/NNG+도/JX+여러/MM+종류/NNBC+있/VV+다/EC+아니/VCN+야/EF"
          },
          {
            "id": 16,
            "text": "2 : 어 캐릭터 4갠가 그 정도 있어 하하",
            "norm_text": "어 캐릭터 4갠가 그 정도 있어 하하",
            "speaker": {
              "id": "2번",
              "sex": "남성",
              "age": "30대"
            },
            "speechAct": "(단언) 진술하기",
            "morpheme": "어/IC+캐릭터/NNG+4/SN+갠가/NNBC+VCP+EC+그/MM+정도/NNG+있/VV+어/EC+하하/MAG"
          },
          {
            "id": 17,
            "text": "1 : 키키 그 4개를 돌려가면서 싸우는 거야?",
            "norm_text": "키키 그 4개를 돌려가면서 싸우는 거야?",
            "speaker": {
              "id": "1번",
              "sex": "여성",
              "age": "20대"
            },
            "speechAct": "(지시) 질문하기",
            "morpheme": "키키/NNP+그/MM+4/SN+개/NNBC+를/JKO+돌려/VV+EC+가/VX+면서/EC+싸우/VV+는/ETM+거/NNB+야/VCP+EF"
          },
          {
            "id": 18,
            "text": "2 : 캐릭마다 스킬 같은 게 달라서 선택해서 하면 돼 하하",
            "norm_text": "캐릭마다 스킬 같은 게 달라서 선택해서 하면 돼 하하",
            "speaker": {
              "id": "2번",
              "sex": "남성",
              "age": "30대"
            },
            "speechAct": "(단언) 진술하기",
            "morpheme": "캐릭/NNG+마다/JX+스킬/NNG+같/VA+은/ETM+게/NNB+JKS+달라서/VA+EC+선택/NNG+해서/XSV+EC+하/VV+면/EC+돼/VV+EC+하하/MAG"
          }
        ]
      }
    }
  ]
}