{
  "dataset": {
    "identifier": 58511,
    "name": "KAKAO_994_04_set",
    "src_path": "/data/file/cubeManager/PROJECT001/53/txt20211007112754087136/KAKAO_994_04_set/",
    "label_path": "/data/file/cubeManager/PROJECT001/53/txt20211007112754087136/KAKAO_994_04_set/",
    "category": 2,
    "type": 0
  },
  "licenses": {
    "name": "Apache License 1.0",
    "url": "http://www.apache.org/licenses/LICENSE-1.0"
  },
  "info": [
    {
      "id": 47438,
      "filename": "KAKAO_994_04.txt",
      "title": "KAKAO_994_04",
      "mediatype": "SNS",
      "medianame": "카카오톡",
      "category": "일상대화",
      "date": "2021-10-07",
      "size": 773,
      "annotations": {
        "subject": "회사/아르바이트",
        "speaker_type": "다자간 대화",
        "size": 773,
        "word_size": 265,
        "text": "1 : 엄청 많이 들엉...\n1 : 쏘카도 알바 인생한텐 부담이 커\n2 : 맞아 특히 나 같은 학생은 더더욱... 일하고 싶다\n3 : **는 일 안 하냐? 백수?\n1 : ** 학생이잖아\n1 : 알바 할 시간이 어딨어\n2 : 막상 집에서 동영상 보는 게 수업 끝이라 잠깐 잠깐 일할 데 찾는 중임 ㅠ\n3 : 나도 학생인데, 나처럼 바쁘게 살아야지\n1 : 나는 학생도 아닌데 왜 딱히 안 바쁘냐 알바만 하고\n2 : 저번에 플렉스 주방일 할 때 적성 맞던데...\n2 : 술집 주방 일하고 싶다\n3 : 키키 직원 아님?\n3 : 야야 ** 우리 매장 어때?\n1 : 나도 ㅠㅠ 술집이 진짜 재밌고 좋아\n2 : 치킨집 진짜 내 로망이야 취업 시켜 줘\n3 : 꽂아줘? 진심임 지금 알바 엄청 없어 ㅠ\n1 : 키키 너 그냥 ** 치킨 남는 거 들고 오는 게 부러운 거 아니냐?\n2 : 치킨만 줘도 궁상맞게 일할 자신 있어\n3 : 키키 한 한 달 해봐 질려\n1 : 키키 벌써 침이 고이네.\n1 : 열심히 일해보겠습니다 츄릅\n2 : 나 치킨 냄새 맡으면서 4개월 정도 일했었는데 그것도 나름 적성 맞더라\n3 : 고고 바로 면접 보자\n3 : 여기 스케줄 짜는 거라 일할 수 있을 때만 일하면 됨\n1 : 아 진짜? 나도 그럼 일주일에 한 시간만 일 시켜주라\n2 : 대신 남는 치킨은 다 내 거야\n2 : 버거도 가능하지?\n3 : 키키 버거는 쉬는 시간에 먹을 수 있음\n1 : 양심이 많이 없는 편이네.\n1 : 일하라 했더니 식사 충당하러 갈 생각하네\n2 : 아 대신 다이어트는 포기해야겠지? 일단 생각 좀\n3 : 엥 원래 일하는 시간에 똥 싸야 됨 밥도 마찬가지",
        "lines": [
          {
            "id": 1,
            "text": "1 : 엄청 많이 들엉...",
            "norm_text": "엄청 많이 들엉...",
            "speaker": {
              "id": "1번",
              "sex": "여성",
              "age": "20대"
            },
            "speechAct": "(단언) 주장하기",
            "morpheme": "엄청/MAG+많이/MAG+들/VV+엉/EF+./SY"
          },
          {
            "id": 2,
            "text": "1 : 쏘카도 알바 인생한텐 부담이 커",
            "norm_text": "쏘카도 알바 인생한텐 부담이 커",
            "speaker": {
              "id": "1번",
              "sex": "여성",
              "age": "20대"
            },
            "speechAct": "(단언) 주장하기",
            "morpheme": "쏘/NNP+카도/NNP+알바/NNP+인생/NNG+한텐/JKB+JX+부담/NNG+이/JKS+커/VA+EC"
          },
          {
            "id": 3,
            "text": "2 : 맞아 특히 나 같은 학생은 더더욱... 일하고 싶다",
            "norm_text": "맞아 특히 나 같은 학생은 더더욱... 일하고 싶다",
            "speaker": {
              "id": "2번",
              "sex": "남성",
              "age": "20대"
            },
            "speechAct": "(단언) 주장하기",
            "morpheme": "맞/VV+아/EC+특히/MAG+나/JX+같/VA+은/ETM+학생/NNG+은/JX+더더욱/MAG+./SY+일/NNG+하/XSV+고/EC+싶/VX+다/EC"
          },
          {
            "id": 4,
            "text": "3 : **는 일 안 하냐? 백수?",
            "norm_text": "**는 일 안 하냐? 백수?",
            "speaker": {
              "id": "3번",
              "sex": "남성",
              "age": "20대"
            },
            "speechAct": "(지시) 질문하기",
            "morpheme": "*/SY+*/SY+는/JX+일/NNG+안/MAG+하/VV+냐/EF+백수/NNG"
          },
          {
            "id": 5,
            "text": "1 : ** 학생이잖아",
            "norm_text": "** 학생이잖아",
            "speaker": {
              "id": "1번",
              "sex": "여성",
              "age": "20대"
            },
            "speechAct": "(단언) 진술하기",
            "morpheme": "*/SY+*/SY+학생/NNG+이/VCP+잖아/EC"
          },
          {
            "id": 6,
            "text": "1 : 알바 할 시간이 어딨어",
            "norm_text": "알바 할 시간이 어딨어",
            "speaker": {
              "id": "1번",
              "sex": "여성",
              "age": "20대"
            },
            "speechAct": "(단언) 주장하기",
            "morpheme": "알/VV+ETM+바/NNB+할/VV+ETM+시간/NNG+이/JKS+어딨/VA+어/EC"
          },
          {
            "id": 7,
            "text": "2 : 막상 집에서 동영상 보는 게 수업 끝이라 잠깐 잠깐 일할 데 찾는 중임 ㅠ",
            "norm_text": "막상 집에서 동영상 보는 게 수업 끝이라 잠깐 잠깐 일할 데 찾는 중임 ㅠ",
            "speaker": {
              "id": "2번",
              "sex": "남성",
              "age": "20대"
            },
            "speechAct": "(단언) 진술하기",
            "morpheme": "막상/MAG+집/NNG+에서/JKB+동영상/NNG+보/VV+는/ETM+게/NNB+JKS+수업/NNG+끝/NNG+이/VCP+라/EC+잠깐/MAG+잠깐/MAG+일/NNG+할/XSV+ETM+데/NNB+찾/VV+는/ETM+중/NNB+임ㅠ/UNKNOWN"
          },
          {
            "id": 8,
            "text": "3 : 나도 학생인데, 나처럼 바쁘게 살아야지",
            "norm_text": "나도 학생인데, 나처럼 바쁘게 살아야지",
            "speaker": {
              "id": "3번",
              "sex": "남성",
              "age": "20대"
            },
            "speechAct": "(단언) 주장하기",
            "morpheme": "나/NP+도/JX+학생/NNG+인데/VCP+EC+,/SC+나/NP+처럼/JKB+바쁘/VA+게/EC+살/VV+아야지/EC"
          },
          {
            "id": 9,
            "text": "1 : 나는 학생도 아닌데 왜 딱히 안 바쁘냐 알바만 하고",
            "norm_text": "나는 학생도 아닌데 왜 딱히 안 바쁘냐 알바만 하고",
            "speaker": {
              "id": "1번",
              "sex": "여성",
              "age": "20대"
            },
            "speechAct": "(단언) 진술하기",
            "morpheme": "나/NP+는/JX+학생/NNG+도/JX+아닌데/VCN+EC+왜/MAG+딱히/MAG+안/MAG+바쁘/VA+냐/EC+알/VV+ETM+바/NNB+만/JX+하/VV+고/EC"
          },
          {
            "id": 10,
            "text": "2 : 저번에 플렉스 주방일 할 때 적성 맞던데...",
            "norm_text": "저번에 플렉스 주방일 할 때 적성 맞던데...",
            "speaker": {
              "id": "2번",
              "sex": "남성",
              "age": "20대"
            },
            "speechAct": "(단언) 진술하기",
            "morpheme": "저번/NNG+에/JKB+플렉스/NNP+주방/NNG+일/NNG+할/XSV+ETM+때/NNG+적성/NNG+맞/VV+던데/EF+./SY"
          },
          {
            "id": 11,
            "text": "2 : 술집 주방 일하고 싶다",
            "norm_text": "술집 주방 일하고 싶다",
            "speaker": {
              "id": "2번",
              "sex": "남성",
              "age": "20대"
            },
            "speechAct": "(단언) 주장하기",
            "morpheme": "술집/NNG+주방/NNG+일/NNG+하/XSV+고/EC+싶/VX+다/EC"
          },
          {
            "id": 12,
            "text": "3 : 키키 직원 아님?",
            "norm_text": "키키 직원 아님?",
            "speaker": {
              "id": "3번",
              "sex": "남성",
              "age": "20대"
            },
            "speechAct": "(단언) 주장하기",
            "morpheme": "키/NNG+키/NNG+직원/NNG+아님/VCN+ETN"
          },
          {
            "id": 13,
            "text": "3 : 야야 ** 우리 매장 어때?",
            "norm_text": "야야 ** 우리 매장 어때?",
            "speaker": {
              "id": "3번",
              "sex": "남성",
              "age": "20대"
            },
            "speechAct": "(지시) 질문하기",
            "morpheme": "야야/NNG+*/SY+*/SY+우리/NP+매장/NNG+어때/VA+EF"
          },
          {
            "id": 14,
            "text": "1 : 나도 ㅠㅠ 술집이 진짜 재밌고 좋아",
            "norm_text": "나도 ㅠㅠ 술집이 진짜 재밌고 좋아",
            "speaker": {
              "id": "1번",
              "sex": "여성",
              "age": "20대"
            },
            "speechAct": "(단언) 주장하기",
            "morpheme": "나/NP+도/JX+ㅠㅠ/UNKNOWN+술집/NNG+이/JKS+진짜/MAG+재밌/VA+고/EC+좋/VA+아/EC"
          },
          {
            "id": 15,
            "text": "2 : 치킨집 진짜 내 로망이야 취업 시켜 줘",
            "norm_text": "치킨집 진짜 내 로망이야 취업 시켜 줘",
            "speaker": {
              "id": "2번",
              "sex": "남성",
              "age": "20대"
            },
            "speechAct": "(지시) 명령/요구하기",
            "morpheme": "치킨/NNG+집/NNG+진짜/MAG+내/NP+JKG+로망/NNG+이/VCP+야/EC+취업/NNG+시켜/XSV+EC+줘/VX+EC"
          },
          {
            "id": 16,
            "text": "3 : 꽂아줘? 진심임 지금 알바 엄청 없어 ㅠ",
            "norm_text": "꽂아줘? 진심임 지금 알바 엄청 없어 ㅠ",
            "speaker": {
              "id": "3번",
              "sex": "남성",
              "age": "20대"
            },
            "speechAct": "(단언) 진술하기",
            "morpheme": "꽂/VV+아/EC+줘/VX+EF+진심/NNG+임/VCP+ETN+지금/MAG+알/VV+ETM+바/NNB+엄청/MAG+없/VA+어/EC+ㅠ/UNKNOWN"
          },
          {
            "id": 17,
            "text": "1 : 키키 너 그냥 ** 치킨 남는 거 들고 오는 게 부러운 거 아니냐?",
            "norm_text": "키키 너 그냥 ** 치킨 남는 거 들고 오는 게 부러운 거 아니냐?",
            "speaker": {
              "id": "1번",
              "sex": "여성",
              "age": "20대"
            },
            "speechAct": "(단언) 주장하기",
            "morpheme": "키/NNG+키/XSV+ETN+너/NP+그냥/MAG+*/SY+*/SY+치킨/NNG+남/VV+는/ETM+거/NNB+들/VV+고/EC+오/VV+는/ETM+게/NNB+JKS+부러운/VA+ETM+거/NNB+아니/VCN+냐/EF"
          },
          {
            "id": 18,
            "text": "2 : 치킨만 줘도 궁상맞게 일할 자신 있어",
            "norm_text": "치킨만 줘도 궁상맞게 일할 자신 있어",
            "speaker": {
              "id": "2번",
              "sex": "남성",
              "age": "20대"
            },
            "speechAct": "(단언) 주장하기",
            "morpheme": "치킨/NNG+만/JX+줘도/VV+EC+궁상맞/VA+게/EC+일/NNG+할/XSV+ETM+자신/NNG+있/VV+어/EC"
          },
          {
            "id": 19,
            "text": "3 : 키키 한 한 달 해봐 질려",
            "norm_text": "키키 한 한 달 해봐 질려",
            "speaker": {
              "id": "3번",
              "sex": "남성",
              "age": "20대"
            },
            "speechAct": "(단언) 주장하기",
            "morpheme": "키/NNG+키/XSV+ETN+한/MM+한/MM+달/NNG+해/XSV+EC+봐/VX+EC+질려/VV+EC"
          },
          {
            "id": 20,
            "text": "1 : 키키 벌써 침이 고이네.",
            "norm_text": "키키 벌써 침이 고이네.",
            "speaker": {
              "id": "1번",
              "sex": "여성",
              "age": "20대"
            },
            "speechAct": "(단언) 주장하기",
            "morpheme": "키/NNG+키/XSV+ETN+벌써/MAG+침/NNG+이/JKS+고이/VV+네/EF"
          },
          {
            "id": 21,
            "text": "1 : 열심히 일해보겠습니다 츄릅",
            "norm_text": "열심히 일해보겠습니다 츄릅",
            "speaker": {
              "id": "1번",
              "sex": "여성",
              "age": "20대"
            },
            "speechAct": "(언약) 약속하기(제3자와)/(개인적 수준)",
            "morpheme": "열심히/MAG+일/NNG+해/XSV+EC+보/VX+겠/EP+습니다/EF+츄릅/UNKNOWN"
          },
          {
            "id": 22,
            "text": "2 : 나 치킨 냄새 맡으면서 4개월 정도 일했었는데 그것도 나름 적성 맞더라",
            "norm_text": "나 치킨 냄새 맡으면서 4개월 정도 일했었는데 그것도 나름 적성 맞더라",
            "speaker": {
              "id": "2번",
              "sex": "남성",
              "age": "20대"
            },
            "speechAct": "(단언) 진술하기",
            "morpheme": "나/NP+치킨/VV+ETM+냄새/NNG+맡/VV+으면서/EC+4/SN+개월/NNBC+정도/NNG+일/NNG+했었/XSV+EP+는데/EC+그것/NP+도/JX+나름/NNB+적성/NNG+맞/VV+더라/EC"
          },
          {
            "id": 23,
            "text": "3 : 고고 바로 면접 보자",
            "norm_text": "고고 바로 면접 보자",
            "speaker": {
              "id": "3번",
              "sex": "남성",
              "age": "20대"
            },
            "speechAct": "(언약) 약속하기(제3자와)/(개인적 수준)",
            "morpheme": "고고/NNG+바로/MAG+면접/NNG+보/VV+자/EC"
          },
          {
            "id": 24,
            "text": "3 : 여기 스케줄 짜는 거라 일할 수 있을 때만 일하면 됨",
            "norm_text": "여기 스케줄 짜는 거라 일할 수 있을 때만 일하면 됨",
            "speaker": {
              "id": "3번",
              "sex": "남성",
              "age": "20대"
            },
            "speechAct": "(단언) 진술하기",
            "morpheme": "여기/NP+스케줄/NNG+짜/VV+는/ETM+거/NNB+라/VCP+EC+일/NNG+할/XSV+ETM+수/NNB+있/VV+을/ETM+때/NNG+만일/NNG+하/XSV+면/EC+됨/VV+ETN"
          },
          {
            "id": 25,
            "text": "1 : 아 진짜? 나도 그럼 일주일에 한 시간만 일 시켜주라",
            "norm_text": "아 진짜? 나도 그럼 일주일에 한 시간만 일 시켜주라",
            "speaker": {
              "id": "1번",
              "sex": "여성",
              "age": "20대"
            },
            "speechAct": "(지시) 명령/요구하기",
            "morpheme": "아/IC+진짜/MAG+나/NP+도/JX+그럼/MAJ+일/NR+주일/NNBC+에/JKB+한/MM+시간/NNG+만일/NNG+시켜/XSV+EC+주/VX+라/EC"
          },
          {
            "id": 26,
            "text": "2 : 대신 남는 치킨은 다 내 거야",
            "norm_text": "대신 남는 치킨은 다 내 거야",
            "speaker": {
              "id": "2번",
              "sex": "남성",
              "age": "20대"
            },
            "speechAct": "(단언) 주장하기",
            "morpheme": "대신/NNG+남/VV+는/ETM+치킨/NNG+은/JX+다/MAG+내/VV+거야/ETM+NNB+VCP+EC"
          },
          {
            "id": 27,
            "text": "2 : 버거도 가능하지?",
            "norm_text": "버거도 가능하지?",
            "speaker": {
              "id": "2번",
              "sex": "남성",
              "age": "20대"
            },
            "speechAct": "(지시) 질문하기",
            "morpheme": "버거/NNG+도/JX+가능/NNG+하/XSA+지/EF"
          },
          {
            "id": 28,
            "text": "3 : 키키 버거는 쉬는 시간에 먹을 수 있음",
            "norm_text": "키키 버거는 쉬는 시간에 먹을 수 있음",
            "speaker": {
              "id": "3번",
              "sex": "남성",
              "age": "20대"
            },
            "speechAct": "(단언) 진술하기",
            "morpheme": "키/NNG+키/NNG+버거/NNG+는/JX+쉬/VV+는/ETM+시간/NNG+에/JKB+먹/VV+을/ETM+수/NNB+있/VV+음/ETN"
          },
          {
            "id": 29,
            "text": "1 : 양심이 많이 없는 편이네.",
            "norm_text": "양심이 많이 없는 편이네.",
            "speaker": {
              "id": "1번",
              "sex": "여성",
              "age": "20대"
            },
            "speechAct": "(단언) 주장하기",
            "morpheme": "양심/NNG+이/JKS+많이/MAG+없/VA+는/ETM+편/NNB+이/VCP+네/EF"
          },
          {
            "id": 30,
            "text": "1 : 일하라 했더니 식사 충당하러 갈 생각하네",
            "norm_text": "일하라 했더니 식사 충당하러 갈 생각하네",
            "speaker": {
              "id": "1번",
              "sex": "여성",
              "age": "20대"
            },
            "speechAct": "(단언) 주장하기",
            "morpheme": "일/NNG+하/XSV+라/EC+했/VX+EP+더니/EC+식사/NNG+충당/NNG+하/XSV+러/EC+갈/VX+ETM+생각/NNG+하/XSV+네/EC"
          },
          {
            "id": 31,
            "text": "2 : 아 대신 다이어트는 포기해야겠지? 일단 생각 좀",
            "norm_text": "아 대신 다이어트는 포기해야겠지? 일단 생각 좀",
            "speaker": {
              "id": "2번",
              "sex": "남성",
              "age": "20대"
            },
            "speechAct": "(단언) 주장하기",
            "morpheme": "아/IC+대신/NNG+다이어트/NNG+는/JX+포기/NNG+해야/XSV+EC+겠지/VX+EP+EF+일단/MAG+생각/NNG+좀/MAG"
          },
          {
            "id": 32,
            "text": "3 : 엥 원래 일하는 시간에 똥 싸야 됨 밥도 마찬가지",
            "norm_text": "엥 원래 일하는 시간에 똥 싸야 됨 밥도 마찬가지",
            "speaker": {
              "id": "3번",
              "sex": "남성",
              "age": "20대"
            },
            "speechAct": "(단언) 주장하기",
            "morpheme": "엥/IC+원래/MAG+일/NNG+하/XSV+는/ETM+시간/NNG+에/JKB+똥/NNG+싸/VA+야/EC+됨/VV+ETN+밥/NNG+도/JX+마찬가지/NNG"
          }
        ]
      }
    }
  ]
}