{
  "dataset": {
    "identifier": 60127,
    "name": "KAKAO_986_19_set",
    "src_path": "/data/file/cubeManager/PROJECT001/53/txt20211006134902073996/KAKAO_986_19_set/",
    "label_path": "/data/file/cubeManager/PROJECT001/53/txt20211006134902073996/KAKAO_986_19_set/",
    "category": 2,
    "type": 0
  },
  "licenses": {
    "name": "Apache License 1.0",
    "url": "http://www.apache.org/licenses/LICENSE-1.0"
  },
  "info": [
    {
      "id": 43464,
      "filename": "KAKAO_986_19.txt",
      "title": "KAKAO_986_19",
      "mediatype": "SNS",
      "medianame": "카카오톡",
      "category": "일상대화",
      "date": "2021-10-06",
      "size": 620,
      "annotations": {
        "subject": "방송/연예",
        "speaker_type": "1:1",
        "size": 620,
        "word_size": 209,
        "text": "1 : 요즘 ** 때문에 티비는 좀 보낭 키키\n2 : 보지보지 키키 맨날 뽀로로 보지 키키\n2 : 닌 티비 거의 안 보지 않나?\n1 : 난 티비가 없지 키키 박살나서... 아예 끊었다 키키\n1 : 예능 안 본지 오렌지\n2 : 오 키키 난 요 근래 잘 보다가 요즘 또 뜸해짐 키키\n2 : 슬의생은 존잼... 러버 슬의생\n1 : 키키 슬의생 1은 다 봤는데 키키\n1 : 닌 그 의사들 중 누가 젤 좋음?\n2 : 와... 너무 어려운 질문인데? 키키\n2 : 난 그중에... 당연 조정석이 최고지\n1 : 키키 크... 난 유연석 ㅠㅠ\n1 : 그 기럭지 하며... 목소리 하며...\n2 : 그래 닌 유연석일 거 같더라... 키키\n2 : 딱 니 스타일\n1 : 글체? 키키\n1 : 심야괴담회라고 아니\n2 : 아니아니 그건 뭐야 키키\n1 : 무서운 이야기 패널들이 나와서 얘기하는 건데 겁나 재밌데이 키키\n2 : 아 나중에 함 봐봐야겠노 키키\n2 : 갑자기 영화 보러 가고 싶노 키키\n1 : 요즘엔. 영화관 아니고 자동차 극장 알제?\n2 : 와... 자동차 극장 키키 연애할 때 말고는 안 가봤어 흙흙\n1 : 자동차 극장 나도 오빠랑 사귀기 전에 썸탈 때 한번 가본 듯 키키\n2 : 자동차 극장 좋지 키키 은밀하니~\n2 : 뭔가 코로나라서 더 좋은 거 같다 그게 키키",
        "lines": [
          {
            "id": 1,
            "text": "1 : 요즘 ** 때문에 티비는 좀 보낭 키키",
            "norm_text": "요즘 ** 때문에 티비는 좀 보낭 키키",
            "speaker": {
              "id": "1번",
              "sex": "여성",
              "age": "30대"
            },
            "speechAct": "(지시) 질문하기",
            "morpheme": "요즘/NNG+*/SY+*/SY+때문/NNB+에/JKB+티비/NNG+는/JX+좀/MAG+보낭/NNG+키/NNG+키/XSV+ETN"
          },
          {
            "id": 2,
            "text": "2 : 보지보지 키키 맨날 뽀로로 보지 키키",
            "norm_text": "보지보지 키키 맨날 뽀로로 보지 키키",
            "speaker": {
              "id": "2번",
              "sex": "여성",
              "age": "30대"
            },
            "speechAct": "(단언) 주장하기",
            "morpheme": "보/VV+지/EC+보/VX+지/EC+키/NNG+키/NNG+맨날/MAG+뽀로로/NNP+보/VV+지/EC+키/NNG+키/XSV+ETN"
          },
          {
            "id": 3,
            "text": "2 : 닌 티비 거의 안 보지 않나?",
            "norm_text": "닌 티비 거의 안 보지 않나?",
            "speaker": {
              "id": "2번",
              "sex": "여성",
              "age": "30대"
            },
            "speechAct": "(지시) 질문하기",
            "morpheme": "닌/NNP+티비/NNG+거의/MAG+안/MAG+보/VV+지/EC+않/VX+나/EF"
          },
          {
            "id": 4,
            "text": "1 : 난 티비가 없지 키키 박살나서... 아예 끊었다 키키",
            "norm_text": "난 티비가 없지 키키 박살나서... 아예 끊었다 키키",
            "speaker": {
              "id": "1번",
              "sex": "여성",
              "age": "30대"
            },
            "speechAct": "(단언) 주장하기",
            "morpheme": "난/NP+JX+티비/NNG+가/JKS+없/VA+지/EC+키/NNG+키/XSV+ETN+박살나/VV+서/EC+./SY+./SY+아예/MAG+끊/VV+었/EP+다키키/NNP"
          },
          {
            "id": 5,
            "text": "1 : 예능 안 본지 오렌지",
            "norm_text": "예능 안 본지 오렌지",
            "speaker": {
              "id": "1번",
              "sex": "여성",
              "age": "30대"
            },
            "speechAct": "(단언) 주장하기",
            "morpheme": "예능/NNG+안/MAG+본/VV+ETM+지/NNB+오렌지/NNG"
          },
          {
            "id": 6,
            "text": "2 : 오 키키 난 요 근래 잘 보다가 요즘 또 뜸해짐 키키",
            "norm_text": "오 키키 난 요 근래 잘 보다가 요즘 또 뜸해짐 키키",
            "speaker": {
              "id": "2번",
              "sex": "여성",
              "age": "30대"
            },
            "speechAct": "(단언) 주장하기",
            "morpheme": "오키/NNP+키/NNG+난요/NNP+근래/NNG+잘/MAG+보/VV+다가/EC+요즘/MAG+또/MAG+뜸/XR+해짐/XSA+EC+VX+ETN+키/NNG+키/XSV+ETN"
          },
          {
            "id": 7,
            "text": "2 : 슬의생은 존잼... 러버 슬의생",
            "norm_text": "슬의생은 존잼... 러버 슬의생",
            "speaker": {
              "id": "2번",
              "sex": "여성",
              "age": "30대"
            },
            "speechAct": "(단언) 주장하기",
            "morpheme": "슬/NNG+의/JKG+생/NNG+은/JX+존/NNP+잼/NNG+./SY+./SY+러버/NNG+슬/NNG+의/JKG+생/NNG"
          },
          {
            "id": 8,
            "text": "1 : 키키 슬의생 1은 다 봤는데 키키",
            "norm_text": "키키 슬의생 1은 다 봤는데 키키",
            "speaker": {
              "id": "1번",
              "sex": "여성",
              "age": "30대"
            },
            "speechAct": "(단언) 주장하기",
            "morpheme": "키/NNG+키/NNG+슬/NNG+의/JKG+생/XPN+1/SN+은/JX+다/MAG+봤/VV+EP+는데/EC+키/NNG+키/XSV+ETN"
          },
          {
            "id": 9,
            "text": "1 : 닌 그 의사들 중 누가 젤 좋음?",
            "norm_text": "닌 그 의사들 중 누가 젤 좋음?",
            "speaker": {
              "id": "1번",
              "sex": "여성",
              "age": "30대"
            },
            "speechAct": "(지시) 질문하기",
            "morpheme": "닌/NNP+그/MM+의사/NNG+들/XSN+중/NNB+누가/NP+JKS+젤/MAG+좋/VA+음/ETN"
          },
          {
            "id": 10,
            "text": "2 : 와... 너무 어려운 질문인데? 키키",
            "norm_text": "와... 너무 어려운 질문인데? 키키",
            "speaker": {
              "id": "2번",
              "sex": "여성",
              "age": "30대"
            },
            "speechAct": "(단언) 주장하기",
            "morpheme": "와/IC+./SY+너무/MAG+어려운/VA+ETM+질문/NNG+인데/VCP+EC+?/SY+키/NNG+키/XSV+ETN"
          },
          {
            "id": 11,
            "text": "2 : 난 그중에... 당연 조정석이 최고지",
            "norm_text": "난 그중에... 당연 조정석이 최고지",
            "speaker": {
              "id": "2번",
              "sex": "여성",
              "age": "30대"
            },
            "speechAct": "(단언) 주장하기",
            "morpheme": "난/NP+JX+그/MM+중/NNB+에/JKB+./SY+당연/MAG+조정석/NNP+이/JKS+최고/NNG+지/VCP+EC"
          },
          {
            "id": 12,
            "text": "1 : 키키 크... 난 유연석 ㅠㅠ",
            "norm_text": "키키 크... 난 유연석 ㅠㅠ",
            "speaker": {
              "id": "1번",
              "sex": "여성",
              "age": "30대"
            },
            "speechAct": "(단언) 주장하기",
            "morpheme": "키/NNG+키/XSV+ETN+크/IC+./SY+난유연석ㅠㅠ/UNKNOWN"
          },
          {
            "id": 13,
            "text": "1 : 그 기럭지 하며... 목소리 하며...",
            "norm_text": "그 기럭지 하며... 목소리 하며...",
            "speaker": {
              "id": "1번",
              "sex": "여성",
              "age": "30대"
            },
            "speechAct": "(단언) 주장하기",
            "morpheme": "그/MM+기럭지/NNG+하/XSV+며/EC+./SY+./SY+목소리/NNG+하/XSV+며/EC+./SY+./SY"
          },
          {
            "id": 14,
            "text": "2 : 그래 닌 유연석일 거 같더라... 키키",
            "norm_text": "그래 닌 유연석일 거 같더라... 키키",
            "speaker": {
              "id": "2번",
              "sex": "여성",
              "age": "30대"
            },
            "speechAct": "(단언) 진술하기",
            "morpheme": "그래/IC+닌/NNP+유연석/NNP+일/VCP+ETM+거/NNB+같/VA+더라/EF+./SY+키/NNG+키/XSV+ETN"
          },
          {
            "id": 15,
            "text": "2 : 딱 니 스타일",
            "norm_text": "딱 니 스타일",
            "speaker": {
              "id": "2번",
              "sex": "여성",
              "age": "30대"
            },
            "speechAct": "(단언) 주장하기",
            "morpheme": "딱/MAG+니/MM+스타일/NNG"
          },
          {
            "id": 16,
            "text": "1 : 글체? 키키",
            "norm_text": "글체? 키키",
            "speaker": {
              "id": "1번",
              "sex": "여성",
              "age": "30대"
            },
            "speechAct": "(단언) 주장하기",
            "morpheme": "글체/NNG+?/SY+키/NNG+키/XSV+ETN"
          },
          {
            "id": 17,
            "text": "1 : 심야괴담회라고 아니",
            "norm_text": "심야괴담회라고 아니",
            "speaker": {
              "id": "1번",
              "sex": "여성",
              "age": "30대"
            },
            "speechAct": "(지시) 질문하기",
            "morpheme": "심야/NNG+괴/VV+EC+담회/NNG+라고/VCP+JKC+아니/VCN"
          },
          {
            "id": 18,
            "text": "2 : 아니아니 그건 뭐야 키키",
            "norm_text": "아니아니 그건 뭐야 키키",
            "speaker": {
              "id": "2번",
              "sex": "여성",
              "age": "30대"
            },
            "speechAct": "(지시) 질문하기",
            "morpheme": "아니/IC+아니/IC+그건/NP+JX+뭐/NP+야/VCP+EF+키/NNG+키/XSV+ETN"
          },
          {
            "id": 19,
            "text": "1 : 무서운 이야기 패널들이 나와서 얘기하는 건데 겁나 재밌데이 키키",
            "norm_text": "무서운 이야기 패널들이 나와서 얘기하는 건데 겁나 재밌데이 키키",
            "speaker": {
              "id": "1번",
              "sex": "여성",
              "age": "30대"
            },
            "speechAct": "(단언) 진술하기",
            "morpheme": "무서운/VA+ETM+이야기/NNG+패널/NNG+들/XSN+이/JKS+나와서/VV+EC+얘기/NNG+하/XSV+는/ETM+건데/NNB+VCP+EC+겁나/VV+EC+재밌/VA+데이/EF+키/NNG+키/XSV+ETN"
          },
          {
            "id": 20,
            "text": "2 : 아 나중에 함 봐봐야겠노 키키",
            "norm_text": "아 나중에 함 봐봐야겠노 키키",
            "speaker": {
              "id": "2번",
              "sex": "여성",
              "age": "30대"
            },
            "speechAct": "N/A",
            "morpheme": "아/IC+나중/NNG+에/JKB+함/VV+EC+봐/VX+EC+봐야/VX+EC+VV+겠/EP+노/EC+키/NNG+키/XSV+ETN"
          },
          {
            "id": 21,
            "text": "2 : 갑자기 영화 보러 가고 싶노 키키",
            "norm_text": "갑자기 영화 보러 가고 싶노 키키",
            "speaker": {
              "id": "2번",
              "sex": "여성",
              "age": "30대"
            },
            "speechAct": "(단언) 주장하기",
            "morpheme": "갑자기/MAG+영화/NNG+보/VV+러/EC+가/VX+고/EC+싶/VX+노/EC+키/NNG+키/XSV+ETN"
          },
          {
            "id": 22,
            "text": "1 : 요즘엔. 영화관 아니고 자동차 극장 알제?",
            "norm_text": "요즘엔. 영화관 아니고 자동차 극장 알제?",
            "speaker": {
              "id": "1번",
              "sex": "여성",
              "age": "30대"
            },
            "speechAct": "(지시) 질문하기",
            "morpheme": "요즘/NNG+엔/JKB+JX+영화관/NNG+아니/VCN+고/EC+자동차/NNG+극장/NNG+알/VV+제/EF"
          },
          {
            "id": 23,
            "text": "2 : 와... 자동차 극장 키키 연애할 때 말고는 안 가봤어 흙흙",
            "norm_text": "와... 자동차 극장 키키 연애할 때 말고는 안 가봤어 흙흙",
            "speaker": {
              "id": "2번",
              "sex": "여성",
              "age": "30대"
            },
            "speechAct": "(단언) 주장하기",
            "morpheme": "와/IC+./SY+자동차/NNG+극장/NNG+키/NNG+키/NNG+연애/NNG+할/XSV+ETM+때/NNG+말/VV+고/EC+는/JX+안/MAG+가/VV+EC+봤/VX+EP+어/EC+흙/NNG+흙/NNG"
          },
          {
            "id": 24,
            "text": "1 : 자동차 극장 나도 오빠랑 사귀기 전에 썸탈 때 한번 가본 듯 키키",
            "norm_text": "자동차 극장 나도 오빠랑 사귀기 전에 썸탈 때 한번 가본 듯 키키",
            "speaker": {
              "id": "1번",
              "sex": "여성",
              "age": "30대"
            },
            "speechAct": "(단언) 주장하기",
            "morpheme": "자동차/NNG+극장/NNG+나/NP+도/JX+오빠/NNG+랑/JKB+사귀/VV+기/ETN+전/NNG+에/JKB+썸/NNG+탈/XPN+때/NNG+한/MM+번/NNBC+가/JKS+본/VV+ETM+듯/NNB+키/NNG+키/XSV+ETN"
          },
          {
            "id": 25,
            "text": "2 : 자동차 극장 좋지 키키 은밀하니~",
            "norm_text": "자동차 극장 좋지 키키 은밀하니~",
            "speaker": {
              "id": "2번",
              "sex": "여성",
              "age": "30대"
            },
            "speechAct": "(단언) 주장하기",
            "morpheme": "자동차/NNG+극장/NNG+좋/VA+지/EC+키/NNG+키/XSV+ETN+은밀/XR+하/XSA+니/EC+~/SY"
          },
          {
            "id": 26,
            "text": "2 : 뭔가 코로나라서 더 좋은 거 같다 그게 키키",
            "norm_text": "뭔가 코로나라서 더 좋은 거 같다 그게 키키",
            "speaker": {
              "id": "2번",
              "sex": "여성",
              "age": "30대"
            },
            "speechAct": "(단언) 주장하기",
            "morpheme": "뭔가/NP+VCP+EC+코/NNG+로/JKB+나라/NNG+서/JKB+더/MAG+좋/VA+은/ETM+거/NNB+같/VA+다/EF+그게/NP+JKS+키/NNG+키/XSV+ETN"
          }
        ]
      }
    }
  ]
}