{
  "dataset": {
    "identifier": 60603,
    "name": "KAKAO_971_09_set",
    "src_path": "/data/file/cubeManager/PROJECT001/53/txt20211006134945043973/KAKAO_971_09_set/",
    "label_path": "/data/file/cubeManager/PROJECT001/53/txt20211006134945043973/KAKAO_971_09_set/",
    "category": 2,
    "type": 0
  },
  "licenses": {
    "name": "Apache License 1.0",
    "url": "http://www.apache.org/licenses/LICENSE-1.0"
  },
  "info": [
    {
      "id": 43627,
      "filename": "KAKAO_971_09.txt",
      "title": "KAKAO_971_09",
      "mediatype": "SNS",
      "medianame": "카카오톡",
      "category": "일상대화",
      "date": "2021-10-06",
      "size": 616,
      "annotations": {
        "subject": "반려동물",
        "speaker_type": "1:1",
        "size": 616,
        "word_size": 195,
        "text": "1 : 난 요즘 강아지가 너무 귀여워\n2 : 너 요즘 치와와 엄청 좋아하더라 키키\n1 : 나 정말 치와와에 푹 빠져서 영상만 엄청 찾아보는 것 같아\n2 : 근데 치와와 나도 찾아봤는데 크기가 정말 작더라\n1 : 그치! 머리도 정말 작아서 뇌도 정말 작대\n2 : 헐 그렇겠다!\n2 : 그러면 나중에 너 치와와 키울 거야?\n1 : 응! 나는 여건만 된다면 키우고 싶어\n2 : 나는 요즘 산책할 때마다 푸들을 엄청 자주 보는 것 같아\n1 : 푸들도 귀엽지 키키\n1 : 강아지들 중에서도 제일 영리하기로 유명하잖아\n2 : 맞아! 내 지인이 그러는데 너무 똑똑해서 강아지 나오지 말라고 설치한 문도 혼자 열고 나온대\n1 : 와 키키 너무 똑똑한데?\n1 : 강아지가 똑똑하다고 하니까 어떻게 하는지 구경하고 싶어\n2 : 어! 너 이러다가 치와와보다 푸들을 더 좋아하게 되는 거 아니야?\n1 : 아니야 ㅠ 난 그래도 치와와는 꼭 키울 거야!\n1 : 치와와는 털도 짧아서 귀여워\n2 : 푸들은 털이 길긴 하지!\n2 : 근데 털이 짧을수록 빠지는 건 덜한데 옷에 엄청 박힌다고 하더라\n1 : 헐 그럼 옷 입을 때 엄청 따가울 것 같은데?\n2 : 맞아! 그래서 치와와는 아니더라도 털 짧은 강아지 기르는 주인들 말 들어보면 옷 입을 때 엄청 따갑다더라구,",
        "lines": [
          {
            "id": 1,
            "text": "1 : 난 요즘 강아지가 너무 귀여워",
            "norm_text": "난 요즘 강아지가 너무 귀여워",
            "speaker": {
              "id": "1번",
              "sex": "여성",
              "age": "20대"
            },
            "speechAct": "(단언) 주장하기",
            "morpheme": "난/NP+JX+요즘/MAG+강아지/NNG+가/JKS+너무/MAG+귀여워/VA+EC"
          },
          {
            "id": 2,
            "text": "2 : 너 요즘 치와와 엄청 좋아하더라 키키",
            "norm_text": "너 요즘 치와와 엄청 좋아하더라 키키",
            "speaker": {
              "id": "2번",
              "sex": "남성",
              "age": "20대"
            },
            "speechAct": "(단언) 주장하기",
            "morpheme": "너/NP+요즘/MAG+치와와/NNG+엄청/MAG+좋/VA+아/EC+하/VV+더라/EC+키/NNG+키/XSV+ETN"
          },
          {
            "id": 3,
            "text": "1 : 나 정말 치와와에 푹 빠져서 영상만 엄청 찾아보는 것 같아",
            "norm_text": "나 정말 치와와에 푹 빠져서 영상만 엄청 찾아보는 것 같아",
            "speaker": {
              "id": "1번",
              "sex": "여성",
              "age": "20대"
            },
            "speechAct": "(단언) 주장하기",
            "morpheme": "나/NP+정말/MAG+치와와/NNG+에/JKB+푹/MAG+빠져서/VV+EC+영상/NNG+만/JX+엄청/MAG+찾아보/VV+는/ETM+것/NNB+같/VA+아/EC"
          },
          {
            "id": 4,
            "text": "2 : 근데 치와와 나도 찾아봤는데 크기가 정말 작더라",
            "norm_text": "근데 치와와 나도 찾아봤는데 크기가 정말 작더라",
            "speaker": {
              "id": "2번",
              "sex": "남성",
              "age": "20대"
            },
            "speechAct": "(단언) 주장하기",
            "morpheme": "근데/MAJ+치와/NNP+와/JC+나/NP+도/JX+찾/VV+아/EC+봤/VX+EP+는데/EC+크기/NNG+가/JKS+정말/MAG+작/VA+더라/EC"
          },
          {
            "id": 5,
            "text": "1 : 그치! 머리도 정말 작아서 뇌도 정말 작대",
            "norm_text": "그치! 머리도 정말 작아서 뇌도 정말 작대",
            "speaker": {
              "id": "1번",
              "sex": "여성",
              "age": "20대"
            },
            "speechAct": "(단언) 주장하기",
            "morpheme": "그치/IC+머리/NNG+도/JX+정말/MAG+작/VA+아서/EC+뇌/NNG+도/JX+정말/MAG+작대/NNG"
          },
          {
            "id": 6,
            "text": "2 : 헐 그렇겠다!",
            "norm_text": "헐 그렇겠다!",
            "speaker": {
              "id": "2번",
              "sex": "남성",
              "age": "20대"
            },
            "speechAct": "턴토크 사인(관습적 반응)",
            "morpheme": "헐/VV+JKO+그렇/VA+겠/EP+다/EF"
          },
          {
            "id": 7,
            "text": "2 : 그러면 나중에 너 치와와 키울 거야?",
            "norm_text": "그러면 나중에 너 치와와 키울 거야?",
            "speaker": {
              "id": "2번",
              "sex": "남성",
              "age": "20대"
            },
            "speechAct": "(지시) 질문하기",
            "morpheme": "그러면/MAJ+나중/NNG+에/JKB+너치/NNP+와와/VV+EC+VX+EC+키울/VV+ETM+거/NNB+야/VCP+EF"
          },
          {
            "id": 8,
            "text": "1 : 응! 나는 여건만 된다면 키우고 싶어",
            "norm_text": "응! 나는 여건만 된다면 키우고 싶어",
            "speaker": {
              "id": "1번",
              "sex": "여성",
              "age": "20대"
            },
            "speechAct": "(단언) 주장하기",
            "morpheme": "응/IC+나/NP+는/JX+여건/NNG+만/JX+된다면/VV+EC+키우/VV+고/EC+싶/VX+어/EC"
          },
          {
            "id": 9,
            "text": "2 : 나는 요즘 산책할 때마다 푸들을 엄청 자주 보는 것 같아",
            "norm_text": "나는 요즘 산책할 때마다 푸들을 엄청 자주 보는 것 같아",
            "speaker": {
              "id": "2번",
              "sex": "남성",
              "age": "20대"
            },
            "speechAct": "(단언) 주장하기",
            "morpheme": "나/NP+는/JX+요즘/NNG+산책/NNG+할/XSV+ETM+때/NNG+마다/JX+푸들/NNG+을/JKO+엄청/MAG+자주/MAG+보/VV+는/ETM+것/NNB+같/VA+아/EC"
          },
          {
            "id": 10,
            "text": "1 : 푸들도 귀엽지 키키",
            "norm_text": "푸들도 귀엽지 키키",
            "speaker": {
              "id": "1번",
              "sex": "여성",
              "age": "20대"
            },
            "speechAct": "(단언) 주장하기",
            "morpheme": "푸/NNG+들/XSN+도/JX+귀엽/VA+지/EC+키/NNG+키/XSV+ETN"
          },
          {
            "id": 11,
            "text": "1 : 강아지들 중에서도 제일 영리하기로 유명하잖아",
            "norm_text": "강아지들 중에서도 제일 영리하기로 유명하잖아",
            "speaker": {
              "id": "1번",
              "sex": "여성",
              "age": "20대"
            },
            "speechAct": "(단언) 주장하기",
            "morpheme": "강아지/NNG+들/XSN+중/NNB+에서/JKB+도/JX+제일/MAG+영리/NNG+하/XSV+기/ETN+로/JKB+유명/NNG+하/XSV+잖아/EC"
          },
          {
            "id": 12,
            "text": "2 : 맞아! 내 지인이 그러는데 너무 똑똑해서 강아지 나오지 말라고 설치한 문도 혼자 열고 나온대",
            "norm_text": "맞아! 내 지인이 그러는데 너무 똑똑해서 강아지 나오지 말라고 설치한 문도 혼자 열고 나온대",
            "speaker": {
              "id": "2번",
              "sex": "남성",
              "age": "20대"
            },
            "speechAct": "(단언) 주장하기",
            "morpheme": "맞/VV+아/EF+내/NP+JKG+지인/NNG+이/JKS+그러/VV+는데/EC+너무/MAG+똑똑/XR+해서/XSA+EC+강아지/NNG+나오/VV+지/EC+말/VX+라고/EC+설치/NNG+한문/NNG+도/JX+혼자/MAG+열/VV+고/EC+나온/VV+ETM+대/NNG"
          },
          {
            "id": 13,
            "text": "1 : 와 키키 너무 똑똑한데?",
            "norm_text": "와 키키 너무 똑똑한데?",
            "speaker": {
              "id": "1번",
              "sex": "여성",
              "age": "20대"
            },
            "speechAct": "(단언) 주장하기",
            "morpheme": "와키/NNP+키/NNG+너무/MAG+똑똑/XR+한데/XSA+EF"
          },
          {
            "id": 14,
            "text": "1 : 강아지가 똑똑하다고 하니까 어떻게 하는지 구경하고 싶어",
            "norm_text": "강아지가 똑똑하다고 하니까 어떻게 하는지 구경하고 싶어",
            "speaker": {
              "id": "1번",
              "sex": "여성",
              "age": "20대"
            },
            "speechAct": "(단언) 주장하기",
            "morpheme": "강아지/NNG+가/JKS+똑똑/XR+하/XSA+다고/EC+하/VV+니까/EC+어떻게/MAG+하/VV+는지/EC+구경/NNG+하/XSV+고/EC+싶/VX+어/EC"
          },
          {
            "id": 15,
            "text": "2 : 어! 너 이러다가 치와와보다 푸들을 더 좋아하게 되는 거 아니야?",
            "norm_text": "어! 너 이러다가 치와와보다 푸들을 더 좋아하게 되는 거 아니야?",
            "speaker": {
              "id": "2번",
              "sex": "남성",
              "age": "20대"
            },
            "speechAct": "(단언) 주장하기",
            "morpheme": "어/IC+너/NP+이러/VV+다가/EC+치와와/NNG+보다/JKB+푸들/NNG+을/JKO+더/MAG+좋/VA+아/EC+하/VV+게/EC+되/VV+는/ETM+거/NNB+아니/VCN+야/EF"
          },
          {
            "id": 16,
            "text": "1 : 아니야 ㅠ 난 그래도 치와와는 꼭 키울 거야!",
            "norm_text": "아니야 ㅠ 난 그래도 치와와는 꼭 키울 거야!",
            "speaker": {
              "id": "1번",
              "sex": "여성",
              "age": "20대"
            },
            "speechAct": "(단언) 주장하기",
            "morpheme": "아니야/IC+ㅠ난/UNKNOWN+그래도/VV+EC+치와와/NNG+는/JX+꼭/MAG+키울/VV+ETM+거/NNB+야/VCP+EF"
          },
          {
            "id": 17,
            "text": "1 : 치와와는 털도 짧아서 귀여워",
            "norm_text": "치와와는 털도 짧아서 귀여워",
            "speaker": {
              "id": "1번",
              "sex": "여성",
              "age": "20대"
            },
            "speechAct": "(단언) 주장하기",
            "morpheme": "치와와/NNG+는/JX+털/NNG+도/JX+짧/VA+아서/EC+귀여워/VA+EC"
          },
          {
            "id": 18,
            "text": "2 : 푸들은 털이 길긴 하지!",
            "norm_text": "푸들은 털이 길긴 하지!",
            "speaker": {
              "id": "2번",
              "sex": "남성",
              "age": "20대"
            },
            "speechAct": "(단언) 주장하기",
            "morpheme": "푸/NNG+들/XSN+은/JX+털/NNG+이/JKS+길/VA+긴/ETN+JX+하/VX+지/EF"
          },
          {
            "id": 19,
            "text": "2 : 근데 털이 짧을수록 빠지는 건 덜한데 옷에 엄청 박힌다고 하더라",
            "norm_text": "근데 털이 짧을수록 빠지는 건 덜한데 옷에 엄청 박힌다고 하더라",
            "speaker": {
              "id": "2번",
              "sex": "남성",
              "age": "20대"
            },
            "speechAct": "(단언) 주장하기",
            "morpheme": "근데/MAJ+털/NNG+이/JKS+짧/VA+을수록/EC+빠지/VV+는/ETM+건/NNB+JX+덜한/VA+ETM+데/NNB+옷/NNG+에/JKB+엄청/MAG+박힌다/VV+EC+고하/VV+더라/EC"
          },
          {
            "id": 20,
            "text": "1 : 헐 그럼 옷 입을 때 엄청 따가울 것 같은데?",
            "norm_text": "헐 그럼 옷 입을 때 엄청 따가울 것 같은데?",
            "speaker": {
              "id": "1번",
              "sex": "여성",
              "age": "20대"
            },
            "speechAct": "(단언) 주장하기",
            "morpheme": "헐/IC+그럼/MAJ+옷/NNG+입/NNG+을/JKO+때/NNG+엄청/MAG+따가울/VA+ETM+것/NNB+같/VA+은데/EF"
          },
          {
            "id": 21,
            "text": "2 : 맞아! 그래서 치와와는 아니더라도 털 짧은 강아지 기르는 주인들 말 들어보면 옷 입을 때 엄청 따갑다더라구,",
            "norm_text": "맞아! 그래서 치와와는 아니더라도 털 짧은 강아지 기르는 주인들 말 들어보면 옷 입을 때 엄청 따갑다더라구,",
            "speaker": {
              "id": "2번",
              "sex": "남성",
              "age": "20대"
            },
            "speechAct": "(단언) 주장하기",
            "morpheme": "맞/VV+아/EF+그래서/MAJ+치와와/NNG+는/JX+아니/VCN+더라도/EC+털/VV+ETM+짧/VA+은/ETM+강아지/NNG+기르/VV+는/ETM+주인/NNG+들/XSN+말/NNG+들/VV+어/EC+보/VX+면/EC+옷/NNG+입/NNG+을/JKO+때/NNG+엄청/MAG+따갑/VA+다/EF+더라구/EF+,/SC"
          }
        ]
      }
    }
  ]
}