{
  "dataset": {
    "identifier": 45696,
    "name": "KAKAO_986_03_set",
    "src_path": "/data/file/cubeManager/PROJECT001/53/txt20211006134902061284/KAKAO_986_03_set/",
    "label_path": "/data/file/cubeManager/PROJECT001/53/txt20211006134902061284/KAKAO_986_03_set/",
    "category": 2,
    "type": 0
  },
  "licenses": {
    "name": "Apache License 1.0",
    "url": "http://www.apache.org/licenses/LICENSE-1.0"
  },
  "info": [
    {
      "id": 43448,
      "filename": "KAKAO_986_03.txt",
      "title": "KAKAO_986_03",
      "mediatype": "SNS",
      "medianame": "카카오톡",
      "category": "일상대화",
      "date": "2021-10-06",
      "size": 854,
      "annotations": {
        "subject": "교통",
        "speaker_type": "1:1",
        "size": 854,
        "word_size": 275,
        "text": "1 : 차 바꿨나 키키 더 작은 차로 산다고 하더니\n2 : 이미 바꿨지 키키\n2 : 소형차라서 작긴 한데 주차 하기도 편하고 좋더라\n1 : 맞다 소형차는 그게 젤 좋음 키키\n1 : 안 그래도 캐스퍼 난 싼 줄 알았는데 비싸다고 사람들 난리데\n2 : 구래 보니까 풀옵션으로 하면 이천만 원이나 하더만\n2 : 엔진도 그냥 소형차 엔진이라던데... 별로일 듯\n1 : 응 그래서 나는 그냥 qm3를 타기로 해따... 키키\n1 : 오빠는 BMW로 바꾸자고 내가 꼬시는 중\n2 : 야 그 비싼 거를 키키\n2 : 오빠가 뭐라 하데\n2 : 지금 오빠 차 뭐지?\n1 : 오빠 지금 아반떼 신형 키키 산 지 1년도 안 됐을걸?\n1 : 근데 뭐 전기차도 타고 싶어하고 차 바꾸고 싶어서 난리다\n2 : 전기차 조용하고 좋지 키키\n2 : 요즘엔 디젤 없어지고 전기차가 대세니까\n1 : 맞다 안 그래도 이전에 차가 전기차였다고 하데 키키\n1 : 몰랐음... 타보니까 진짜 괜찮다고 하더라\n2 : 아 진짜? 난 근데 진짜 뭐 출퇴근이랑 애기만 태워서 왔다 갔다 하니까... 잘 모르겠다만\n1 : 나도 출퇴근용이라... 키키\n1 : 오빠랑 같이 있으면 오빠 차 타고 결혼하면 어차피 오빠 집 근처로 가니까 오빠는 진짜 사무실이랑 거리 얼마 안 돼서\n2 : 그러면 걸어 다니면 되는 거 아니가?\n1 : 맞지 키키 그래서 차도 어떻게 할지...\n1 : 비엠 사서 내가 타고 다니고 볼일 있으면 내 차 타라고 할까 키키\n2 : 키키? 그럴 거면 차라리 차 한 대만 가지고 오빠는 버스 타고 뚜벅이 하라 하는 게 안 낫나\n1 : 야 그래도 차 끌고 다니던 사람이 뚜벅이 될 수 없지...\n1 : 내가 용납할 수 없다!\n2 : 키키 하긴 나도 뚜벅이 하다가 차 모니까 애 안고 버스 기다리고 왔다 갔다 못하겠더라",
        "lines": [
          {
            "id": 1,
            "text": "1 : 차 바꿨나 키키 더 작은 차로 산다고 하더니",
            "norm_text": "차 바꿨나 키키 더 작은 차로 산다고 하더니",
            "speaker": {
              "id": "1번",
              "sex": "여성",
              "age": "30대"
            },
            "speechAct": "(지시) 질문하기",
            "morpheme": "차/NNG+바꿨/VV+EP+나/EC+키/NNG+키/NNG+더/MAG+작/VA+은/ETM+차/NNG+로/JKB+산다고/VV+EC+하/VV+더니/EC"
          },
          {
            "id": 2,
            "text": "2 : 이미 바꿨지 키키",
            "norm_text": "이미 바꿨지 키키",
            "speaker": {
              "id": "2번",
              "sex": "여성",
              "age": "30대"
            },
            "speechAct": "(단언) 진술하기",
            "morpheme": "이미/MAG+바꿨/VV+EP+지/EC+키/NNG+키/XSV+ETN"
          },
          {
            "id": 3,
            "text": "2 : 소형차라서 작긴 한데 주차 하기도 편하고 좋더라",
            "norm_text": "소형차라서 작긴 한데 주차 하기도 편하고 좋더라",
            "speaker": {
              "id": "2번",
              "sex": "여성",
              "age": "30대"
            },
            "speechAct": "(단언) 주장하기",
            "morpheme": "소형차/NNG+라서/VCP+EC+작/VA+긴/ETN+JX+한데/VX+EC+주차/NNG+하/XSV+기/ETN+도/JX+편하/VA+고/EC+좋/VA+더라/EC"
          },
          {
            "id": 4,
            "text": "1 : 맞다 소형차는 그게 젤 좋음 키키",
            "norm_text": "맞다 소형차는 그게 젤 좋음 키키",
            "speaker": {
              "id": "1번",
              "sex": "여성",
              "age": "30대"
            },
            "speechAct": "(단언) 주장하기",
            "morpheme": "맞/VV+다/EC+소형차/NNG+는/JX+그게/NP+JKS+젤/MAG+좋/VA+음/ETN+키/NNG+키/XSV+ETN"
          },
          {
            "id": 5,
            "text": "1 : 안 그래도 캐스퍼 난 싼 줄 알았는데 비싸다고 사람들 난리데",
            "norm_text": "안 그래도 캐스퍼 난 싼 줄 알았는데 비싸다고 사람들 난리데",
            "speaker": {
              "id": "1번",
              "sex": "여성",
              "age": "30대"
            },
            "speechAct": "(단언) 진술하기",
            "morpheme": "안/MAG+그래도/VV+EC+캐스퍼/NNP+난/NP+JX+싼/VA+ETM+줄/NNB+알/VV+았/EP+는데/EC+비싸/VA+다고/EC+사람/NNG+들/XSN+난리/NNG+데/NNB"
          },
          {
            "id": 6,
            "text": "2 : 구래 보니까 풀옵션으로 하면 이천만 원이나 하더만",
            "norm_text": "구래 보니까 풀옵션으로 하면 이천만 원이나 하더만",
            "speaker": {
              "id": "2번",
              "sex": "여성",
              "age": "30대"
            },
            "speechAct": "(단언) 진술하기",
            "morpheme": "구래/NNG+보/VV+니까/EC+풀/VV+ETM+옵션/NNG+으로/JKB+하/VV+면/EC+이/NR+천만/NR+원/NNBC+이나/JX+하/VV+더만/EC"
          },
          {
            "id": 7,
            "text": "2 : 엔진도 그냥 소형차 엔진이라던데... 별로일 듯",
            "norm_text": "엔진도 그냥 소형차 엔진이라던데... 별로일 듯",
            "speaker": {
              "id": "2번",
              "sex": "여성",
              "age": "30대"
            },
            "speechAct": "(단언) 주장하기",
            "morpheme": "엔진/NNG+도/JX+그냥/MAG+소형차/NNG+엔진/NNG+이/VCP+라던데/EF+./SY+별로/MAG+일/VV+듯/EC"
          },
          {
            "id": 8,
            "text": "1 : 응 그래서 나는 그냥 qm3를 타기로 해따... 키키",
            "norm_text": "응 그래서 나는 그냥 qm3를 타기로 해따... 키키",
            "speaker": {
              "id": "1번",
              "sex": "여성",
              "age": "30대"
            },
            "speechAct": "(단언) 진술하기",
            "morpheme": "응/IC+그래서/MAJ+나/NP+는/JX+그냥/MAG+qm/SL+3/SN+를/JKO+타/VV+기/ETN+로/JKB+해/VV+EC+따/VV+EF+./SY+키/NNG+키/XSV+ETN"
          },
          {
            "id": 9,
            "text": "1 : 오빠는 BMW로 바꾸자고 내가 꼬시는 중",
            "norm_text": "오빠는 BMW로 바꾸자고 내가 꼬시는 중",
            "speaker": {
              "id": "1번",
              "sex": "여성",
              "age": "30대"
            },
            "speechAct": "(단언) 진술하기",
            "morpheme": "오빠/NNG+는/JX+BMW/SL+로/JKB+바꾸/VV+자고/EC+내/NP+가/JKS+꼬시/VV+는/ETM+중/NNB"
          },
          {
            "id": 10,
            "text": "2 : 야 그 비싼 거를 키키",
            "norm_text": "야 그 비싼 거를 키키",
            "speaker": {
              "id": "2번",
              "sex": "여성",
              "age": "30대"
            },
            "speechAct": "(단언) 주장하기",
            "morpheme": "야/IC+그/IC+비싼/VA+ETM+거/NNB+를/JKO+키/NNG+키/XSV+ETN"
          },
          {
            "id": 11,
            "text": "2 : 오빠가 뭐라 하데",
            "norm_text": "오빠가 뭐라 하데",
            "speaker": {
              "id": "2번",
              "sex": "여성",
              "age": "30대"
            },
            "speechAct": "(지시) 질문하기",
            "morpheme": "오빠/NNG+가/JKS+뭐/NP+라/VCP+EC+하/VV+데/EC"
          },
          {
            "id": 12,
            "text": "2 : 지금 오빠 차 뭐지?",
            "norm_text": "지금 오빠 차 뭐지?",
            "speaker": {
              "id": "2번",
              "sex": "여성",
              "age": "30대"
            },
            "speechAct": "(지시) 질문하기",
            "morpheme": "지금/MAG+오빠/NNG+차/NNG+뭐/NP+지/VCP+EF"
          },
          {
            "id": 13,
            "text": "1 : 오빠 지금 아반떼 신형 키키 산 지 1년도 안 됐을걸?",
            "norm_text": "오빠 지금 아반떼 신형 키키 산 지 1년도 안 됐을걸?",
            "speaker": {
              "id": "1번",
              "sex": "여성",
              "age": "30대"
            },
            "speechAct": "(단언) 진술하기",
            "morpheme": "오빠지금아반떼신형키키산지/UNKNOWN+1/SN+년/NNBC+도/JX+안/MAG+됐/VV+EP+을걸/EF"
          },
          {
            "id": 14,
            "text": "1 : 근데 뭐 전기차도 타고 싶어하고 차 바꾸고 싶어서 난리다",
            "norm_text": "근데 뭐 전기차도 타고 싶어하고 차 바꾸고 싶어서 난리다",
            "speaker": {
              "id": "1번",
              "sex": "여성",
              "age": "30대"
            },
            "speechAct": "(단언) 진술하기",
            "morpheme": "근데/MAJ+뭐/IC+전기차/NNP+도/JX+타/VV+고/EC+싶/VX+어/EC+하/VV+고/EC+차/NNG+바꾸/VV+고/EC+싶/VX+어서/EC+난리/NNG+다/VCP+EC"
          },
          {
            "id": 15,
            "text": "2 : 전기차 조용하고 좋지 키키",
            "norm_text": "전기차 조용하고 좋지 키키",
            "speaker": {
              "id": "2번",
              "sex": "여성",
              "age": "30대"
            },
            "speechAct": "(단언) 주장하기",
            "morpheme": "전기차/NNP+조용/XR+하/XSA+고/EC+좋/VA+지/EC+키/NNG+키/XSV+ETN"
          },
          {
            "id": 16,
            "text": "2 : 요즘엔 디젤 없어지고 전기차가 대세니까",
            "norm_text": "요즘엔 디젤 없어지고 전기차가 대세니까",
            "speaker": {
              "id": "2번",
              "sex": "여성",
              "age": "30대"
            },
            "speechAct": "(단언) 진술하기",
            "morpheme": "요즘/NNG+엔디/NNG+젤/MAG+없/VA+어/EC+지/VX+고/EC+전기차/NNP+가/JKS+대세/NNG+니까/VCP+EC"
          },
          {
            "id": 17,
            "text": "1 : 맞다 안 그래도 이전에 차가 전기차였다고 하데 키키",
            "norm_text": "맞다 안 그래도 이전에 차가 전기차였다고 하데 키키",
            "speaker": {
              "id": "1번",
              "sex": "여성",
              "age": "30대"
            },
            "speechAct": "(단언) 진술하기",
            "morpheme": "맞/VV+다/EC+안/MAG+그래도/VV+EC+이전/NNG+에/JKB+차/NNG+가/JKS+전기/NNG+차였/VV+EP+다고/EC+하/VV+데/EC+키/NNG+키/XSV+ETN"
          },
          {
            "id": 18,
            "text": "1 : 몰랐음... 타보니까 진짜 괜찮다고 하더라",
            "norm_text": "몰랐음... 타보니까 진짜 괜찮다고 하더라",
            "speaker": {
              "id": "1번",
              "sex": "여성",
              "age": "30대"
            },
            "speechAct": "(단언) 진술하기",
            "morpheme": "몰랐/VV+EP+음/ETN+./SY+타/VV+EC+보/VX+니까/EC+진짜/MAG+괜찮/VA+다고/EC+하/VV+더라/EC"
          },
          {
            "id": 19,
            "text": "2 : 아 진짜? 난 근데 진짜 뭐 출퇴근이랑 애기만 태워서 왔다 갔다 하니까... 잘 모르겠다만",
            "norm_text": "아 진짜? 난 근데 진짜 뭐 출퇴근이랑 애기만 태워서 왔다 갔다 하니까... 잘 모르겠다만",
            "speaker": {
              "id": "2번",
              "sex": "여성",
              "age": "30대"
            },
            "speechAct": "(단언) 주장하기",
            "morpheme": "아/IC+진짜/MAG+난근데진짜뭐출퇴근이랑애기만태워서왔다갔다하니까/UNKNOWN+./SY+잘/MAG+모르/VV+겠/EP+다만/EC"
          },
          {
            "id": 20,
            "text": "1 : 나도 출퇴근용이라... 키키",
            "norm_text": "나도 출퇴근용이라... 키키",
            "speaker": {
              "id": "1번",
              "sex": "여성",
              "age": "30대"
            },
            "speechAct": "(단언) 진술하기",
            "morpheme": "나/NP+도/JX+출퇴근/NNG+용/XSN+이/VCP+라/EF+./SY+키/NNG+키/XSV+ETN"
          },
          {
            "id": 21,
            "text": "1 : 오빠랑 같이 있으면 오빠 차 타고 결혼하면 어차피 오빠 집 근처로 가니까 오빠는 진짜 사무실이랑 거리 얼마 안 돼서",
            "norm_text": "오빠랑 같이 있으면 오빠 차 타고 결혼하면 어차피 오빠 집 근처로 가니까 오빠는 진짜 사무실이랑 거리 얼마 안 돼서",
            "speaker": {
              "id": "1번",
              "sex": "여성",
              "age": "30대"
            },
            "speechAct": "(단언) 진술하기",
            "morpheme": "오빠/NNG+랑/JKB+같이/MAG+있/VV+으면/EC+오빠/NNG+차/NNG+타/VV+고/EC+결혼/NNG+하/XSV+면/EC+어차피/MAG+오빠/NNG+집/NNG+근처/NNG+로/JKB+가/VV+니까/EC+오빠/NNG+는/JX+진짜/MAG+사무실/NNG+이랑/JKB+거리/NNG+얼마/NNG+안/MAG+돼서/VV+EC"
          },
          {
            "id": 22,
            "text": "2 : 그러면 걸어 다니면 되는 거 아니가?",
            "norm_text": "그러면 걸어 다니면 되는 거 아니가?",
            "speaker": {
              "id": "2번",
              "sex": "여성",
              "age": "30대"
            },
            "speechAct": "(지시) 질문하기",
            "morpheme": "그러면/MAJ+걸어다니/VV+면/EC+되/VV+는/ETM+거/NNB+아니/VCN+가/EF"
          },
          {
            "id": 23,
            "text": "1 : 맞지 키키 그래서 차도 어떻게 할지...",
            "norm_text": "맞지 키키 그래서 차도 어떻게 할지...",
            "speaker": {
              "id": "1번",
              "sex": "여성",
              "age": "30대"
            },
            "speechAct": "(단언) 주장하기",
            "morpheme": "맞/VV+지/EC+키/NNG+키/XSV+ETN+그래서/MAJ+차/NNG+도/JX+어떻/VA+게/EC+할지/VX+EF+./SY"
          },
          {
            "id": 24,
            "text": "1 : 비엠 사서 내가 타고 다니고 볼일 있으면 내 차 타라고 할까 키키",
            "norm_text": "비엠 사서 내가 타고 다니고 볼일 있으면 내 차 타라고 할까 키키",
            "speaker": {
              "id": "1번",
              "sex": "여성",
              "age": "30대"
            },
            "speechAct": "(단언) 주장하기",
            "morpheme": "비엠/NNP+사/VV+서/EC+내/NP+가/JKS+타/VV+고/EC+다니/VV+고/EC+볼일/NNG+있/VV+으면/EC+내/NP+JKG+차타/NNG+라고/VCP+EC+할까/VX+EC+키/NNG+키/XSV+ETN"
          },
          {
            "id": 25,
            "text": "2 : 키키? 그럴 거면 차라리 차 한 대만 가지고 오빠는 버스 타고 뚜벅이 하라 하는 게 안 낫나",
            "norm_text": "키키? 그럴 거면 차라리 차 한 대만 가지고 오빠는 버스 타고 뚜벅이 하라 하는 게 안 낫나",
            "speaker": {
              "id": "2번",
              "sex": "여성",
              "age": "30대"
            },
            "speechAct": "(지시) 충고/제안하기",
            "morpheme": "키/NNG+키/XSV+ETN+그럴거면차라리차한대만가지고오빠는버스타고뚜벅이하라하는게안낫나/UNKNOWN"
          },
          {
            "id": 26,
            "text": "1 : 야 그래도 차 끌고 다니던 사람이 뚜벅이 될 수 없지...",
            "norm_text": "야 그래도 차 끌고 다니던 사람이 뚜벅이 될 수 없지...",
            "speaker": {
              "id": "1번",
              "sex": "여성",
              "age": "30대"
            },
            "speechAct": "(단언) 주장하기",
            "morpheme": "야/IC+그래도/MAJ+차/NNG+끌/VV+고/EC+다니/VV+던/ETM+사람/NNG+이/JKS+뚜벅/MAG+이/JKC+될/VV+ETM+수/NNB+없/VA+지/EF+./SY"
          },
          {
            "id": 27,
            "text": "1 : 내가 용납할 수 없다!",
            "norm_text": "내가 용납할 수 없다!",
            "speaker": {
              "id": "1번",
              "sex": "여성",
              "age": "30대"
            },
            "speechAct": "(단언) 주장하기",
            "morpheme": "내/NP+가/JKS+용납/NNG+할/XSV+ETM+수/NNB+없/VA+다/EF"
          },
          {
            "id": 28,
            "text": "2 : 키키 하긴 나도 뚜벅이 하다가 차 모니까 애 안고 버스 기다리고 왔다 갔다 못하겠더라",
            "norm_text": "키키 하긴 나도 뚜벅이 하다가 차 모니까 애 안고 버스 기다리고 왔다 갔다 못하겠더라",
            "speaker": {
              "id": "2번",
              "sex": "여성",
              "age": "30대"
            },
            "speechAct": "(단언) 주장하기",
            "morpheme": "키/NNG+키/NNG+하/XSV+긴/ETN+JX+나/NP+도/JX+뚜벅/MAG+이/JKC+하/VV+다가/EC+차모/NNG+니까/VCP+EC+애/NNG+안/VV+고/EC+버스/NNG+기다리/VV+고/EC+왔/VX+EP+다/EC+갔/VV+EP+다/EC+못하/VX+겠/EP+더라/EC"
          }
        ]
      }
    }
  ]
}