{
  "dataset": {
    "identifier": 67974,
    "name": "KAKAO_964_10_set",
    "src_path": "/data/file/cubeManager/PROJECT001/53/txt20211005163208071235/KAKAO_964_10_set/",
    "label_path": "/data/file/cubeManager/PROJECT001/53/txt20211005163208071235/KAKAO_964_10_set/",
    "category": 2,
    "type": 0
  },
  "licenses": {
    "name": "Apache License 1.0",
    "url": "http://www.apache.org/licenses/LICENSE-1.0"
  },
  "info": [
    {
      "id": 42508,
      "filename": "KAKAO_964_10.txt",
      "title": "KAKAO_964_10",
      "mediatype": "SNS",
      "medianame": "카카오톡",
      "category": "일상대화",
      "date": "2021-10-05",
      "size": 514,
      "annotations": {
        "subject": "스포츠/레저",
        "speaker_type": "1:1",
        "size": 514,
        "word_size": 165,
        "text": "1 : 너 겨울에 보드 타본 적 있어? 키키\n2 : 아니 단 한 번두 키키 스키도 안 타봤다\n1 : 헐 키키 나랑 똑같네 키키 타봐야지 말만 하고 있다\n2 : 키키 재밌을 것 같긴 한데 후기들이 몸살각이라며 키키\n1 : 키키 응 어릴 때 배웠어야 했는데... 지금은 힘들 듯\n2 : 서울 쪽은 스키장 싸잖아 키키 안 가보고 뭐했누!\n1 : 키키 내 말이... 키키 작년엔 캠핑만 다녔네\n2 : 이번 겨울에 가보면 되겠넹 키키 재밌겠다\n1 : 키키 하... 몸이 제대로 따라와 줄지 걱정인데? 키키\n2 : 그래도 뭐 가보면서 느는 거지 ㅠㅠ\n2 : 지방은 가기에 거리도 비용도 부담...\n1 : 음... 그래도 거기 무주군이었나? 거긴 가깝지 않아?\n2 : 그래도 좀 걸리지? 비용도 너무 비싸더라 ㅠㅠ 넘사벽\n1 : 아 ㅜㅜ 그래 한 번 갈 때 10만원 이상은 생각해야 하는 듯\n2 : 경험 삼아 가기에는 부담스럽더라, 여러 번은 더더욱\n1 : 그렇지 ㅜㅜ 그리고 난 한번 빠지면 매주 갈까 걱정이야\n2 : 아고, 월급 탕진잼 키키 다른 거 하자!",
        "lines": [
          {
            "id": 1,
            "text": "1 : 너 겨울에 보드 타본 적 있어? 키키",
            "norm_text": "너 겨울에 보드 타본 적 있어? 키키",
            "speaker": {
              "id": "1번",
              "sex": "여성",
              "age": "30대"
            },
            "speechAct": "(지시) 질문하기",
            "morpheme": "너/NP+겨울/NNG+에/JKB+보/VV+드/EC+타/VV+본/EC+VX+ETM+적/NNB+있/VA+어/EF+키/NNG+키/XSV+ETN"
          },
          {
            "id": 2,
            "text": "2 : 아니 단 한 번두 키키 스키도 안 타봤다",
            "norm_text": "아니 단 한 번두 키키 스키도 안 타봤다",
            "speaker": {
              "id": "2번",
              "sex": "여성",
              "age": "30대"
            },
            "speechAct": "(단언) 진술하기",
            "morpheme": "아니/IC+단/MM+한/MM+번/NNBC+두/JX+키/NNG+키스/NNG+키/XSV+ETN+도/JX+안/MAG+타/VV+EC+봤/VX+EP+다/EC"
          },
          {
            "id": 3,
            "text": "1 : 헐 키키 나랑 똑같네 키키 타봐야지 말만 하고 있다",
            "norm_text": "헐 키키 나랑 똑같네 키키 타봐야지 말만 하고 있다",
            "speaker": {
              "id": "1번",
              "sex": "여성",
              "age": "30대"
            },
            "speechAct": "(단언) 진술하기",
            "morpheme": "헐/IC+키/NNG+키나/XSA+ETN+JX+랑/JKB+똑같/VA+네/EF+키/NNG+키/XSV+ETN+타/VV+봐야지/EC+VX+EC+말/NNG+만/JX+하/VV+고/EC+있/VX+다/EC"
          },
          {
            "id": 4,
            "text": "2 : 키키 재밌을 것 같긴 한데 후기들이 몸살각이라며 키키",
            "norm_text": "키키 재밌을 것 같긴 한데 후기들이 몸살각이라며 키키",
            "speaker": {
              "id": "2번",
              "sex": "여성",
              "age": "30대"
            },
            "speechAct": "(단언) 주장하기",
            "morpheme": "키/NNG+키/XSV+ETN+재밌/VA+을/ETM+것/NNB+같/VA+긴/ETN+JX+한데/VX+EC+후기/NNG+들/XSN+이/JKS+몸살/NNG+각/NNG+이/VCP+라며/EC+키/NNG+키/XSV+ETN"
          },
          {
            "id": 5,
            "text": "1 : 키키 응 어릴 때 배웠어야 했는데... 지금은 힘들 듯",
            "norm_text": "키키 응 어릴 때 배웠어야 했는데... 지금은 힘들 듯",
            "speaker": {
              "id": "1번",
              "sex": "여성",
              "age": "30대"
            },
            "speechAct": "(단언) 주장하기",
            "morpheme": "키키응어릴때배웠어야했는데/UNKNOWN+./SY+지금/MAG+은/JX+힘들/VA+듯/EC"
          },
          {
            "id": 6,
            "text": "2 : 서울 쪽은 스키장 싸잖아 키키 안 가보고 뭐했누!",
            "norm_text": "서울 쪽은 스키장 싸잖아 키키 안 가보고 뭐했누!",
            "speaker": {
              "id": "2번",
              "sex": "여성",
              "age": "30대"
            },
            "speechAct": "(단언) 주장하기",
            "morpheme": "서울/NNP+쪽/NNB+은/JX+스키장/NNG+싸/VA+잖아/EC+키/NNG+키/NNG+안/MAG+가/VV+EC+보/VX+고/EC+뭐/IC+했/VV+EP+누/EF"
          },
          {
            "id": 7,
            "text": "1 : 키키 내 말이... 키키 작년엔 캠핑만 다녔네",
            "norm_text": "키키 내 말이... 키키 작년엔 캠핑만 다녔네",
            "speaker": {
              "id": "1번",
              "sex": "여성",
              "age": "30대"
            },
            "speechAct": "(단언) 진술하기",
            "morpheme": "키/NNG+키/XSV+ETN+내말이/NP+JKG+NNG+JKS+./SY+키키작년엔캠핑만다녔네/UNKNOWN"
          },
          {
            "id": 8,
            "text": "2 : 이번 겨울에 가보면 되겠넹 키키 재밌겠다",
            "norm_text": "이번 겨울에 가보면 되겠넹 키키 재밌겠다",
            "speaker": {
              "id": "2번",
              "sex": "여성",
              "age": "30대"
            },
            "speechAct": "(단언) 주장하기",
            "morpheme": "이번/NNG+겨울/NNG+에/JKB+가/VV+EC+보/VX+면/EC+되/VV+겠/EP+넹/NNP+키/NNG+키/XSV+ETN+재밌/VA+겠/EP+다/EC"
          },
          {
            "id": 9,
            "text": "1 : 키키 하... 몸이 제대로 따라와 줄지 걱정인데? 키키",
            "norm_text": "키키 하... 몸이 제대로 따라와 줄지 걱정인데? 키키",
            "speaker": {
              "id": "1번",
              "sex": "여성",
              "age": "30대"
            },
            "speechAct": "(단언) 주장하기",
            "morpheme": "키/NNG+키/NNG+하/XSV+./SY+./SY+몸/NNG+이/JKS+제대로/MAG+따라와/VV+EC+줄지/VX+EC+걱정/NNG+인데/VCP+EC+?/SY+키/NNG+키/XSV+ETN"
          },
          {
            "id": 10,
            "text": "2 : 그래도 뭐 가보면서 느는 거지 ㅠㅠ",
            "norm_text": "그래도 뭐 가보면서 느는 거지 ㅠㅠ",
            "speaker": {
              "id": "2번",
              "sex": "여성",
              "age": "30대"
            },
            "speechAct": "(단언) 주장하기",
            "morpheme": "그래도/MAJ+뭐/NP+가/JKS+보/VV+면서/EC+느/VV+는/ETM+거/NNB+지/VCP+EF+ㅠㅠ/UNKNOWN"
          },
          {
            "id": 11,
            "text": "2 : 지방은 가기에 거리도 비용도 부담...",
            "norm_text": "지방은 가기에 거리도 비용도 부담...",
            "speaker": {
              "id": "2번",
              "sex": "여성",
              "age": "30대"
            },
            "speechAct": "(단언) 주장하기",
            "morpheme": "지방/NNG+은/JX+가/VV+기/ETN+에/JKB+거리/NNG+도/JX+비용/NNG+도/JX+부담/NNG+./SY+./SY"
          },
          {
            "id": 12,
            "text": "1 : 음... 그래도 거기 무주군이었나? 거긴 가깝지 않아?",
            "norm_text": "음... 그래도 거기 무주군이었나? 거긴 가깝지 않아?",
            "speaker": {
              "id": "1번",
              "sex": "여성",
              "age": "30대"
            },
            "speechAct": "(지시) 질문하기",
            "morpheme": "음/IC+./SY+그래도/MAJ+거기/NP+무주군/NNG+이/VCP+었/EP+나/EF+거긴/NP+JX+가깝/VA+지/EC+않/VX+아/EF"
          },
          {
            "id": 13,
            "text": "2 : 그래도 좀 걸리지? 비용도 너무 비싸더라 ㅠㅠ 넘사벽",
            "norm_text": "그래도 좀 걸리지? 비용도 너무 비싸더라 ㅠㅠ 넘사벽",
            "speaker": {
              "id": "2번",
              "sex": "여성",
              "age": "30대"
            },
            "speechAct": "(단언) 주장하기",
            "morpheme": "그래도/MAJ+좀/MAG+걸리/VV+지/EF+비용도너무비싸더라ㅠㅠ넘사벽/UNKNOWN"
          },
          {
            "id": 14,
            "text": "1 : 아 ㅜㅜ 그래 한 번 갈 때 10만원 이상은 생각해야 하는 듯",
            "norm_text": "아 ㅜㅜ 그래 한 번 갈 때 10만원 이상은 생각해야 하는 듯",
            "speaker": {
              "id": "1번",
              "sex": "여성",
              "age": "30대"
            },
            "speechAct": "(단언) 주장하기",
            "morpheme": "아ㅜㅜ그래한번갈때/UNKNOWN+10/SN+만/NR+원/NNBC+이상/NNG+은/JX+생각/NNG+해야/XSV+EC+하/VV+는/ETM+듯/NNB"
          },
          {
            "id": 15,
            "text": "2 : 경험 삼아 가기에는 부담스럽더라, 여러 번은 더더욱",
            "norm_text": "경험 삼아 가기에는 부담스럽더라, 여러 번은 더더욱",
            "speaker": {
              "id": "2번",
              "sex": "여성",
              "age": "30대"
            },
            "speechAct": "(단언) 주장하기",
            "morpheme": "경험/NNG+삼/VV+아/EC+가/VX+기/ETN+에/JKB+는/JX+부담/NNG+스럽/XSA+더라/EF+,/SC+여러/MM+번/NNBC+은/JX+더더욱/MAG"
          },
          {
            "id": 16,
            "text": "1 : 그렇지 ㅜㅜ 그리고 난 한번 빠지면 매주 갈까 걱정이야",
            "norm_text": "그렇지 ㅜㅜ 그리고 난 한번 빠지면 매주 갈까 걱정이야",
            "speaker": {
              "id": "1번",
              "sex": "여성",
              "age": "30대"
            },
            "speechAct": "(단언) 주장하기",
            "morpheme": "그렇/VA+지/EC+ㅜㅜ/UNKNOWN+그리고/MAJ+난/NP+JX+한/MM+번/NNBC+빠지/VV+면/EC+매주/MAG+갈까/VV+EC+걱정/NNG+이/VCP+야/EC"
          },
          {
            "id": 17,
            "text": "2 : 아고, 월급 탕진잼 키키 다른 거 하자!",
            "norm_text": "아고, 월급 탕진잼 키키 다른 거 하자!",
            "speaker": {
              "id": "2번",
              "sex": "여성",
              "age": "30대"
            },
            "speechAct": "(단언) 주장하기",
            "morpheme": "아고/IC+,/SC+월급탕진잼키키다른거하자/UNKNOWN"
          }
        ]
      }
    }
  ]
}