{
  "dataset": {
    "identifier": 32058,
    "name": "KAKAO_957_12_set",
    "src_path": "/data/file/cubeManager/PROJECT001/53/txt20211005163716035223/KAKAO_957_12_set/",
    "label_path": "/data/file/cubeManager/PROJECT001/53/txt20211005163716035223/KAKAO_957_12_set/",
    "category": 2,
    "type": 0
  },
  "licenses": {
    "name": "Apache License 1.0",
    "url": "http://www.apache.org/licenses/LICENSE-1.0"
  },
  "info": [
    {
      "id": 42670,
      "filename": "KAKAO_957_12.txt",
      "title": "KAKAO_957_12",
      "mediatype": "SNS",
      "medianame": "카카오톡",
      "category": "일상대화",
      "date": "2021-10-05",
      "size": 453,
      "annotations": {
        "subject": "여행",
        "speaker_type": "1:1",
        "size": 453,
        "word_size": 148,
        "text": "1 : 올해 여행 계획이 있나요? 키키\n2 : 여행 따로 뭐... 키키 되면 가는 거고\n1 : 키키 뭐야 키키 여친이 가자고 안 해요?\n2 : 여친도 일하니깐 키키 일단 장거리라서 그냥 만나는 거로도 좋다\n1 : 키키 아 일하시는구나? 키키 맞아요 만나는 게 여행이죠\n2 : 이이 키키 만나기만 하면 되었지\n1 : 맞아요 키키 전 제주도 갔다 와서 이제 올해 여행은 끝입니당\n2 : 오 제주도 좋더나? 키키 요새도 사람 많제\n1 : 저 갔을 때는 다행히 사람 없었어요 키키 추석 연휴에 다들 갔을 것 같은데 키키\n2 : 아 키키 다행이네 키키 나도 제주도 가고 싶다\n1 : 키키 오 한번 갔다 와요 아직도 비행기는 싸요\n2 : 키키 여자친구랑 날짜를 정해봐야 하는가\n1 : 좋죠 키키 여자친구 연차 쓸 수 있으면 평일이 좋은데\n2 : 맞아 평일이 확실히 싸고 조용하지\n1 : 맞아요 평일이 진짜 대박 키키\n2 : 가고 싶네 말하니깐 더욱",
        "lines": [
          {
            "id": 1,
            "text": "1 : 올해 여행 계획이 있나요? 키키",
            "norm_text": "올해 여행 계획이 있나요? 키키",
            "speaker": {
              "id": "1번",
              "sex": "여성",
              "age": "20대"
            },
            "speechAct": "(지시) 질문하기",
            "morpheme": "올해/NNG+여행/NNG+계획/NNG+이/JKS+있/VA+나요/EF+키/NNG+키/XSV+ETN"
          },
          {
            "id": 2,
            "text": "2 : 여행 따로 뭐... 키키 되면 가는 거고",
            "norm_text": "여행 따로 뭐... 키키 되면 가는 거고",
            "speaker": {
              "id": "2번",
              "sex": "남성",
              "age": "20대"
            },
            "speechAct": "(단언) 주장하기",
            "morpheme": "여행/NNG+따로/MAG+뭐/IC+./SY+키/NNG+키/NNG+되/XSV+면/EC+가/VX+는/ETM+거/NNB+고/VCP+EC"
          },
          {
            "id": 3,
            "text": "1 : 키키 뭐야 키키 여친이 가자고 안 해요?",
            "norm_text": "키키 뭐야 키키 여친이 가자고 안 해요?",
            "speaker": {
              "id": "1번",
              "sex": "여성",
              "age": "20대"
            },
            "speechAct": "(지시) 질문하기",
            "morpheme": "키/NNG+키/XSV+ETN+뭐/IC+야키/NNP+키/NNG+여친/NNG+이/JKS+가/VV+자고/EC+안/MAG+해요/VV+EF"
          },
          {
            "id": 4,
            "text": "2 : 여친도 일하니깐 키키 일단 장거리라서 그냥 만나는 거로도 좋다",
            "norm_text": "여친도 일하니깐 키키 일단 장거리라서 그냥 만나는 거로도 좋다",
            "speaker": {
              "id": "2번",
              "sex": "남성",
              "age": "20대"
            },
            "speechAct": "(단언) 주장하기",
            "morpheme": "여친/NNG+도/JX+일/NNG+하/XSV+니깐/EC+키/NNG+키/XSV+ETN+일단/MAG+장거리/NNG+라서/VCP+EC+그냥/MAG+만나/VV+는/ETM+거/NNB+로/JKB+도/JX+좋/VA+다/EC"
          },
          {
            "id": 5,
            "text": "1 : 키키 아 일하시는구나? 키키 맞아요 만나는 게 여행이죠",
            "norm_text": "키키 아 일하시는구나? 키키 맞아요 만나는 게 여행이죠",
            "speaker": {
              "id": "1번",
              "sex": "여성",
              "age": "20대"
            },
            "speechAct": "(단언) 주장하기",
            "morpheme": "키/NNG+키/NNG+아일/NNG+하/XSV+시/EP+는구나/EF+키/NNG+키/XSV+ETN+맞/VV+아요/EF+만나/VV+는/ETM+게/NNB+JKS+여행/NNG+이/VCP+죠/EF"
          },
          {
            "id": 6,
            "text": "2 : 이이 키키 만나기만 하면 되었지",
            "norm_text": "이이 키키 만나기만 하면 되었지",
            "speaker": {
              "id": "2번",
              "sex": "남성",
              "age": "20대"
            },
            "speechAct": "(단언) 주장하기",
            "morpheme": "이이/NNP+키/NNG+키/XSV+ETN+만나/VV+기/ETN+만/JX+하/VV+면/EC+되/VV+었/EP+지/EC"
          },
          {
            "id": 7,
            "text": "1 : 맞아요 키키 전 제주도 갔다 와서 이제 올해 여행은 끝입니당",
            "norm_text": "맞아요 키키 전 제주도 갔다 와서 이제 올해 여행은 끝입니당",
            "speaker": {
              "id": "1번",
              "sex": "여성",
              "age": "20대"
            },
            "speechAct": "(단언) 주장하기",
            "morpheme": "맞/VV+아/EC+요키/NNP+키/NNG+전제/NNG+주도/NNG+갔/VV+EP+다/EC+와서/VV+EC+이제/MAG+올해/NNG+여행/NNG+은/JX+끝/NNG+입/VV+니당/EF"
          },
          {
            "id": 8,
            "text": "2 : 오 제주도 좋더나? 키키 요새도 사람 많제",
            "norm_text": "오 제주도 좋더나? 키키 요새도 사람 많제",
            "speaker": {
              "id": "2번",
              "sex": "남성",
              "age": "20대"
            },
            "speechAct": "(지시) 질문하기",
            "morpheme": "오/IC+제주/NNP+도/JX+좋/VA+더나/EF+키/NNG+키/NNG+요새/NNG+도/JX+사람/NNG+많/VA+제/EC"
          },
          {
            "id": 9,
            "text": "1 : 저 갔을 때는 다행히 사람 없었어요 키키 추석 연휴에 다들 갔을 것 같은데 키키",
            "norm_text": "저 갔을 때는 다행히 사람 없었어요 키키 추석 연휴에 다들 갔을 것 같은데 키키",
            "speaker": {
              "id": "1번",
              "sex": "여성",
              "age": "20대"
            },
            "speechAct": "(단언) 진술하기",
            "morpheme": "저/NP+갔/VV+EP+을/ETM+때/NNG+는/JX+다행히/MAG+사람/NNG+없/VA+었/EP+어요/EF+키키/NNP+추석/NNG+연휴/NNG+에다/JKB+들/XSN+갔/VV+EP+을/ETM+것/NNB+같/VA+은데/EC+키/NNG+키/XSV+ETN"
          },
          {
            "id": 10,
            "text": "2 : 아 키키 다행이네 키키 나도 제주도 가고 싶다",
            "norm_text": "아 키키 다행이네 키키 나도 제주도 가고 싶다",
            "speaker": {
              "id": "2번",
              "sex": "남성",
              "age": "20대"
            },
            "speechAct": "(단언) 주장하기",
            "morpheme": "아키/NNP+키/NNG+다행/NNG+이/JKS+네/MM+키/NNG+키나/XSA+ETN+JX+도/JX+제주/NNP+도/JX+가/VV+고/EC+싶/VX+다/EC"
          },
          {
            "id": 11,
            "text": "1 : 키키 오 한번 갔다 와요 아직도 비행기는 싸요",
            "norm_text": "키키 오 한번 갔다 와요 아직도 비행기는 싸요",
            "speaker": {
              "id": "1번",
              "sex": "여성",
              "age": "20대"
            },
            "speechAct": "(지시) 충고/제안하기",
            "morpheme": "키/NNG+키/XSV+ETN+오/NR+한/MM+번/NNBC+갔/VV+EP+다/EC+와요/VX+EC+아직/MAG+도/JX+비행기/NNG+는/JX+싸/VA+요/EC"
          },
          {
            "id": 12,
            "text": "2 : 키키 여자친구랑 날짜를 정해봐야 하는가",
            "norm_text": "키키 여자친구랑 날짜를 정해봐야 하는가",
            "speaker": {
              "id": "2번",
              "sex": "남성",
              "age": "20대"
            },
            "speechAct": "(단언) 주장하기",
            "morpheme": "키/NNG+키/NNG+여자/NNG+친구/NNG+랑/JKB+날짜/NNG+를/JKO+정해/VV+EC+봐야/VX+EC+하/VV+는가/EC"
          },
          {
            "id": 13,
            "text": "1 : 좋죠 키키 여자친구 연차 쓸 수 있으면 평일이 좋은데",
            "norm_text": "좋죠 키키 여자친구 연차 쓸 수 있으면 평일이 좋은데",
            "speaker": {
              "id": "1번",
              "sex": "여성",
              "age": "20대"
            },
            "speechAct": "(단언) 주장하기",
            "morpheme": "좋/VA+죠/EF+키키/NNP+여자/NNG+친구/NNG+연차/MAG+쓸/VV+ETM+수/NNB+있/VV+으면/EC+평일/NNG+이/JKS+좋/VA+은데/EC"
          },
          {
            "id": 14,
            "text": "2 : 맞아 평일이 확실히 싸고 조용하지",
            "norm_text": "맞아 평일이 확실히 싸고 조용하지",
            "speaker": {
              "id": "2번",
              "sex": "남성",
              "age": "20대"
            },
            "speechAct": "(단언) 주장하기",
            "morpheme": "맞/VV+아/EC+평일/NNG+이/JKS+확실히/MAG+싸/VV+고/EC+조용/XR+하/XSA+지/EC"
          },
          {
            "id": 15,
            "text": "1 : 맞아요 평일이 진짜 대박 키키",
            "norm_text": "맞아요 평일이 진짜 대박 키키",
            "speaker": {
              "id": "1번",
              "sex": "여성",
              "age": "20대"
            },
            "speechAct": "(단언) 주장하기",
            "morpheme": "맞/VV+아요/EF+평일/NNG+이/JKS+진짜/MAG+대박/NNG+키/NNG+키/XSV+ETN"
          },
          {
            "id": 16,
            "text": "2 : 가고 싶네 말하니깐 더욱",
            "norm_text": "가고 싶네 말하니깐 더욱",
            "speaker": {
              "id": "2번",
              "sex": "남성",
              "age": "20대"
            },
            "speechAct": "(단언) 주장하기",
            "morpheme": "가/VV+고/EC+싶/VX+네/EF+말/NNG+하/XSV+니깐/EC+더욱/MAG"
          }
        ]
      }
    }
  ]
}