{
  "dataset": {
    "identifier": 38644,
    "name": "KAKAO_933_17_set",
    "src_path": "/data/file/cubeManager/PROJECT001/53/txt20211005162154092056/KAKAO_933_17_set/",
    "label_path": "/data/file/cubeManager/PROJECT001/53/txt20211005162154092056/KAKAO_933_17_set/",
    "category": 2,
    "type": 0
  },
  "licenses": {
    "name": "Apache License 1.0",
    "url": "http://www.apache.org/licenses/LICENSE-1.0"
  },
  "info": [
    {
      "id": 42234,
      "filename": "KAKAO_933_17.txt",
      "title": "KAKAO_933_17",
      "mediatype": "SNS",
      "medianame": "카카오톡",
      "category": "일상대화",
      "date": "2021-10-05",
      "size": 311,
      "annotations": {
        "subject": "식음료",
        "speaker_type": "1:1",
        "size": 311,
        "word_size": 113,
        "text": "1 : 얌 너무 피곤한데... 비타민이  필요행\n2 : 비타민 여기 있잖뉘 하하 요기\n1 : 눈이 침침하니 잘 안 보이노\n2 : 그래도 이야기하고 잼네 하하\n1 : 너는?\n1 : 너 지금 눈 상태 어때\n2 : 그냥 머 멍때리기지 뭐 하하\n1 : 손목도 아프고... 목도 아프고\n2 : 손목은 조금 아프군 하하\n1 : 너 지금 자세 척추에 치명적\n2 : 피시방 오면 이 자세가 진리 하하\n1 : 척추 건강을 챙겨줘요!\n2 : 응 좀 따가 할래\n1 : 난 손목이 심히 아프당...\n2 : 너도 건강 신경 써 하하 젊을 때\n1 : 파스 각이야\n1 : 넌?\n2 : 난 뭐 파스 별로 안 좋아해서",
        "lines": [
          {
            "id": 1,
            "text": "1 : 얌 너무 피곤한데... 비타민이  필요행",
            "norm_text": "얌 너무 피곤한데... 비타민이  필요행",
            "speaker": {
              "id": "1번",
              "sex": "여성",
              "age": "30대"
            },
            "speechAct": "(단언) 주장하기",
            "morpheme": "얌/NNP+너무/MAG+피곤/NNG+한데/XSA+EF+./SY+비타민/NNG+이/JKS+필/VV+ETM+요행/NNG"
          },
          {
            "id": 2,
            "text": "2 : 비타민 여기 있잖뉘 하하 요기",
            "norm_text": "비타민 여기 있잖뉘 하하 요기",
            "speaker": {
              "id": "2번",
              "sex": "남성",
              "age": "30대"
            },
            "speechAct": "(단언) 주장하기",
            "morpheme": "비타민/NNG+여기/NP+있/VA+잖/EC+뉘/NP+JKS+하하/MAG+요기/NNG"
          },
          {
            "id": 3,
            "text": "1 : 눈이 침침하니 잘 안 보이노",
            "norm_text": "눈이 침침하니 잘 안 보이노",
            "speaker": {
              "id": "1번",
              "sex": "여성",
              "age": "30대"
            },
            "speechAct": "(단언) 주장하기",
            "morpheme": "눈/NNG+이/JKS+침침/XR+하/XSA+니/EC+잘/MAG+안/MAG+보이/VV+노/EC"
          },
          {
            "id": 4,
            "text": "2 : 그래도 이야기하고 잼네 하하",
            "norm_text": "그래도 이야기하고 잼네 하하",
            "speaker": {
              "id": "2번",
              "sex": "남성",
              "age": "30대"
            },
            "speechAct": "(단언) 주장하기",
            "morpheme": "그래도/MAJ+이야기/NNG+하/XSV+고/EC+잼/NNG+네/XSN+하하/MAG"
          },
          {
            "id": 5,
            "text": "1 : 너는?",
            "norm_text": "너는?",
            "speaker": {
              "id": "1번",
              "sex": "여성",
              "age": "30대"
            },
            "speechAct": "(지시) 질문하기",
            "morpheme": "너/NP+는/JX"
          },
          {
            "id": 6,
            "text": "1 : 너 지금 눈 상태 어때",
            "norm_text": "너 지금 눈 상태 어때",
            "speaker": {
              "id": "1번",
              "sex": "여성",
              "age": "30대"
            },
            "speechAct": "(지시) 질문하기",
            "morpheme": "너/NP+지금/MAG+눈/NNG+상태/NNG+어때/VA+EC"
          },
          {
            "id": 7,
            "text": "2 : 그냥 머 멍때리기지 뭐 하하",
            "norm_text": "그냥 머 멍때리기지 뭐 하하",
            "speaker": {
              "id": "2번",
              "sex": "남성",
              "age": "30대"
            },
            "speechAct": "(단언) 주장하기",
            "morpheme": "그냥/MAG+머/VV+멍/EC+때리/VX+기/ETN+지/EF+뭐/IC+하하/MAG"
          },
          {
            "id": 8,
            "text": "1 : 손목도 아프고... 목도 아프고",
            "norm_text": "손목도 아프고... 목도 아프고",
            "speaker": {
              "id": "1번",
              "sex": "여성",
              "age": "30대"
            },
            "speechAct": "(단언) 주장하기",
            "morpheme": "손목/NNG+도/JX+아프/VA+고/EC+./SY+./SY+목/NNG+도/JX+아프/VA+고/EC"
          },
          {
            "id": 9,
            "text": "2 : 손목은 조금 아프군 하하",
            "norm_text": "손목은 조금 아프군 하하",
            "speaker": {
              "id": "2번",
              "sex": "남성",
              "age": "30대"
            },
            "speechAct": "(단언) 주장하기",
            "morpheme": "손목/NNG+은/JX+조금/MAG+아프/VA+군/EC+하하/MAG"
          },
          {
            "id": 10,
            "text": "1 : 너 지금 자세 척추에 치명적",
            "norm_text": "너 지금 자세 척추에 치명적",
            "speaker": {
              "id": "1번",
              "sex": "여성",
              "age": "30대"
            },
            "speechAct": "(단언) 주장하기",
            "morpheme": "너/NP+지금/MAG+자세/NNG+척추/NNG+에/JKB+치명/NNG+적/XSN"
          },
          {
            "id": 11,
            "text": "2 : 피시방 오면 이 자세가 진리 하하",
            "norm_text": "피시방 오면 이 자세가 진리 하하",
            "speaker": {
              "id": "2번",
              "sex": "남성",
              "age": "30대"
            },
            "speechAct": "(단언) 주장하기",
            "morpheme": "피시방/NNG+오/VV+면/EC+이/MM+자세/NNG+가/JKS+진리/NNG+하/XSV+하/XSA"
          },
          {
            "id": 12,
            "text": "1 : 척추 건강을 챙겨줘요!",
            "norm_text": "척추 건강을 챙겨줘요!",
            "speaker": {
              "id": "1번",
              "sex": "여성",
              "age": "30대"
            },
            "speechAct": "(지시) 충고/제안하기",
            "morpheme": "척추/NNG+건강/NNG+을/JKO+챙겨/VV+EC+줘요/VX+EF"
          },
          {
            "id": 13,
            "text": "2 : 응 좀 따가 할래",
            "norm_text": "응 좀 따가 할래",
            "speaker": {
              "id": "2번",
              "sex": "남성",
              "age": "30대"
            },
            "speechAct": "(단언) 주장하기",
            "morpheme": "응/IC+좀/MAG+따가/JX+할래/VV+EC"
          },
          {
            "id": 14,
            "text": "1 : 난 손목이 심히 아프당...",
            "norm_text": "난 손목이 심히 아프당...",
            "speaker": {
              "id": "1번",
              "sex": "여성",
              "age": "30대"
            },
            "speechAct": "(단언) 주장하기",
            "morpheme": "난/NP+JX+손목/NNG+이/JKS+심히/MAG+아프/VA+당/EF+./SY"
          },
          {
            "id": 15,
            "text": "2 : 너도 건강 신경 써 하하 젊을 때",
            "norm_text": "너도 건강 신경 써 하하 젊을 때",
            "speaker": {
              "id": "2번",
              "sex": "남성",
              "age": "30대"
            },
            "speechAct": "(단언) 주장하기",
            "morpheme": "너/NP+도/JX+건강/NNG+신경/NNG+써/VV+EC+하하/MAG+젊/VA+을/ETM+때/NNG"
          },
          {
            "id": 16,
            "text": "1 : 파스 각이야",
            "norm_text": "파스 각이야",
            "speaker": {
              "id": "1번",
              "sex": "여성",
              "age": "30대"
            },
            "speechAct": "(단언) 주장하기",
            "morpheme": "파스/NNG+각/NNG+이/VCP+야/EC"
          },
          {
            "id": 17,
            "text": "1 : 넌?",
            "norm_text": "넌?",
            "speaker": {
              "id": "1번",
              "sex": "여성",
              "age": "30대"
            },
            "speechAct": "(지시) 질문하기",
            "morpheme": "넌/NP+JX"
          },
          {
            "id": 18,
            "text": "2 : 난 뭐 파스 별로 안 좋아해서",
            "norm_text": "난 뭐 파스 별로 안 좋아해서",
            "speaker": {
              "id": "2번",
              "sex": "남성",
              "age": "30대"
            },
            "speechAct": "(단언) 주장하기",
            "morpheme": "난/NP+JX+뭐/IC+파스/NNG+별로/MAG+안/MAG+좋/VA+아/EC+해서/VV+EC"
          }
        ]
      }
    }
  ]
}