{
  "dataset": {
    "identifier": 63302,
    "name": "KAKAO_916_10_set",
    "src_path": "/data/file/cubeManager/PROJECT001/53/txt20211005155003043931/KAKAO_916_10_set/",
    "label_path": "/data/file/cubeManager/PROJECT001/53/txt20211005155003043931/KAKAO_916_10_set/",
    "category": 2,
    "type": 0
  },
  "licenses": {
    "name": "Apache License 1.0",
    "url": "http://www.apache.org/licenses/LICENSE-1.0"
  },
  "info": [
    {
      "id": 41807,
      "filename": "KAKAO_916_10.txt",
      "title": "KAKAO_916_10",
      "mediatype": "SNS",
      "medianame": "카카오톡",
      "category": "일상대화",
      "date": "2021-10-05",
      "size": 422,
      "annotations": {
        "subject": "스포츠/레저",
        "speaker_type": "1:1",
        "size": 422,
        "word_size": 145,
        "text": "1 : 오빠야는 운동 자주 하나?\n2 : 요즘 좀 할려고 하고 있다 그냥 걷기 정도?\n1 : 맞다 요새는 걷는 것도 잘 안 해서 해야 된당\n2 : ㅜ 니도 운동하고 있나?\n1 : 나는 스트레칭만 하는데 요즘 잘 안 함 ㅠㅠ\n2 : 스트레칭 유튜브 보면서 하나?\n1 : 아니 키키 뭐 보면서 안 하고 그냥 몸을 찢는다\n2 : 키키 니도 다리 찢을 수 있어?\n1 : 응 키키 나 찢는 거 잘한다 은근히 유연해\n2 : 오 키키 유연하네\n2 : 나는 뻣뻣하다\n1 : 키키 신체적으로 여자보다 남자들이 뻣뻣하대\n2 : 키키 그래서 그런가\n2 : 스트레칭 하면 좀 유연해지나?\n1 : 스트레칭 꾸준히 하면 훨씬 유연해 진당 키키\n2 : 아 그럼 나도 유튜브 보고 스트레칭이나 좀 해 볼까\n1 : 응 키키 오빠야도 한번 해봐\n1 : 처음에는 힘들걸\n2 : 내일 아침에 일어나서 스트레칭 해 본디 키키",
        "lines": [
          {
            "id": 1,
            "text": "1 : 오빠야는 운동 자주 하나?",
            "norm_text": "오빠야는 운동 자주 하나?",
            "speaker": {
              "id": "1번",
              "sex": "여성",
              "age": "20대"
            },
            "speechAct": "(지시) 질문하기",
            "morpheme": "오빠/NNG+야/VCP+EF+는/JX+운동/NNG+자주/MAG+하나/NR"
          },
          {
            "id": 2,
            "text": "2 : 요즘 좀 할려고 하고 있다 그냥 걷기 정도?",
            "norm_text": "요즘 좀 할려고 하고 있다 그냥 걷기 정도?",
            "speaker": {
              "id": "2번",
              "sex": "남성",
              "age": "20대"
            },
            "speechAct": "(단언) 진술하기",
            "morpheme": "요즘/MAG+좀/MAG+할려고/VV+EC+하/VV+고/EC+있/VX+다/EC+그냥/MAG+걷/VV+기/ETN+정도/NNG"
          },
          {
            "id": 3,
            "text": "1 : 맞다 요새는 걷는 것도 잘 안 해서 해야 된당",
            "norm_text": "맞다 요새는 걷는 것도 잘 안 해서 해야 된당",
            "speaker": {
              "id": "1번",
              "sex": "여성",
              "age": "20대"
            },
            "speechAct": "(단언) 주장하기",
            "morpheme": "맞/VV+다/EC+요새/NNG+는/JX+걷/VV+는/ETM+것/NNB+도/JX+잘/MAG+안/MAG+해서/VV+EC+해야/VV+EC+된/VV+ETM+당/NNG"
          },
          {
            "id": 4,
            "text": "2 : ㅜ 니도 운동하고 있나?",
            "norm_text": "ㅜ 니도 운동하고 있나?",
            "speaker": {
              "id": "2번",
              "sex": "남성",
              "age": "20대"
            },
            "speechAct": "(지시) 질문하기",
            "morpheme": "ㅜ니/UNKNOWN+도/JX+운동/NNG+하/XSV+고/EC+있/VX+나/EF"
          },
          {
            "id": 5,
            "text": "1 : 나는 스트레칭만 하는데 요즘 잘 안 함 ㅠㅠ",
            "norm_text": "나는 스트레칭만 하는데 요즘 잘 안 함 ㅠㅠ",
            "speaker": {
              "id": "1번",
              "sex": "여성",
              "age": "20대"
            },
            "speechAct": "(단언) 진술하기",
            "morpheme": "나/NP+는/JX+스트레칭/NNG+만/JX+하/VV+는데/EC+요즘/MAG+잘/MAG+안/MAG+함/VV+ETN+ㅠㅠ/UNKNOWN"
          },
          {
            "id": 6,
            "text": "2 : 스트레칭 유튜브 보면서 하나?",
            "norm_text": "스트레칭 유튜브 보면서 하나?",
            "speaker": {
              "id": "2번",
              "sex": "남성",
              "age": "20대"
            },
            "speechAct": "(지시) 질문하기",
            "morpheme": "스트레칭/NNG+유튜브/NNP+보/VV+면서/EC+하나/NR"
          },
          {
            "id": 7,
            "text": "1 : 아니 키키 뭐 보면서 안 하고 그냥 몸을 찢는다",
            "norm_text": "아니 키키 뭐 보면서 안 하고 그냥 몸을 찢는다",
            "speaker": {
              "id": "1번",
              "sex": "여성",
              "age": "20대"
            },
            "speechAct": "(단언) 진술하기",
            "morpheme": "아니/IC+키/NNG+키/XSV+ETN+뭐/IC+보/VV+면서/EC+안/MAG+하/VV+고/EC+그냥/MAG+몸/NNG+을/JKO+찢/VV+는다/EC"
          },
          {
            "id": 8,
            "text": "2 : 키키 니도 다리 찢을 수 있어?",
            "norm_text": "키키 니도 다리 찢을 수 있어?",
            "speaker": {
              "id": "2번",
              "sex": "남성",
              "age": "20대"
            },
            "speechAct": "(지시) 질문하기",
            "morpheme": "키/NNG+키/VV+니/EC+도다리/NNG+찢/VV+을/ETM+수/NNB+있/VV+어/EF"
          },
          {
            "id": 9,
            "text": "1 : 응 키키 나 찢는 거 잘한다 은근히 유연해",
            "norm_text": "응 키키 나 찢는 거 잘한다 은근히 유연해",
            "speaker": {
              "id": "1번",
              "sex": "여성",
              "age": "20대"
            },
            "speechAct": "(단언) 진술하기",
            "morpheme": "응/IC+키/NNG+키나/XSA+ETN+JX+찢/VV+는/ETM+거/NNB+잘/MAG+한다/VV+EC+은근히/MAG+유연/XR+해/XSA+EC"
          },
          {
            "id": 10,
            "text": "2 : 오 키키 유연하네",
            "norm_text": "오 키키 유연하네",
            "speaker": {
              "id": "2번",
              "sex": "남성",
              "age": "20대"
            },
            "speechAct": "(단언) 주장하기",
            "morpheme": "오키/NNP+키/NNG+유연/XR+하/XSA+네/EC"
          },
          {
            "id": 11,
            "text": "2 : 나는 뻣뻣하다",
            "norm_text": "나는 뻣뻣하다",
            "speaker": {
              "id": "2번",
              "sex": "남성",
              "age": "20대"
            },
            "speechAct": "(단언) 진술하기",
            "morpheme": "나/NP+는/JX+뻣뻣/XR+하/XSA+다/EC"
          },
          {
            "id": 12,
            "text": "1 : 키키 신체적으로 여자보다 남자들이 뻣뻣하대",
            "norm_text": "키키 신체적으로 여자보다 남자들이 뻣뻣하대",
            "speaker": {
              "id": "1번",
              "sex": "여성",
              "age": "20대"
            },
            "speechAct": "(단언) 진술하기",
            "morpheme": "키/NNG+키/NNG+신체/NNG+적/XSN+으로/JKB+여자/NNG+보다/JKB+남자/NNG+들/XSN+이/JKS+뻣뻣/XR+하/XSA+대/EC"
          },
          {
            "id": 13,
            "text": "2 : 키키 그래서 그런가",
            "norm_text": "키키 그래서 그런가",
            "speaker": {
              "id": "2번",
              "sex": "남성",
              "age": "20대"
            },
            "speechAct": "(단언) 주장하기",
            "morpheme": "키/NNG+키/XSV+ETN+그래서/MAJ+그런가/VA+EC"
          },
          {
            "id": 14,
            "text": "2 : 스트레칭 하면 좀 유연해지나?",
            "norm_text": "스트레칭 하면 좀 유연해지나?",
            "speaker": {
              "id": "2번",
              "sex": "남성",
              "age": "20대"
            },
            "speechAct": "(지시) 질문하기",
            "morpheme": "스트레칭/NNG+하/XSV+면/EC+좀/MAG+유연/XR+해/XSA+EC+지/VX+나/EF"
          },
          {
            "id": 15,
            "text": "1 : 스트레칭 꾸준히 하면 훨씬 유연해 진당 키키",
            "norm_text": "스트레칭 꾸준히 하면 훨씬 유연해 진당 키키",
            "speaker": {
              "id": "1번",
              "sex": "여성",
              "age": "20대"
            },
            "speechAct": "(단언) 주장하기",
            "morpheme": "스트레칭/NNG+꾸준히/MAG+하/VV+면/EC+훨씬/MAG+유연/XR+해진/XSA+EC+VX+ETM+당/NNG+키/NNG+키/XSV+ETN"
          },
          {
            "id": 16,
            "text": "2 : 아 그럼 나도 유튜브 보고 스트레칭이나 좀 해 볼까",
            "norm_text": "아 그럼 나도 유튜브 보고 스트레칭이나 좀 해 볼까",
            "speaker": {
              "id": "2번",
              "sex": "남성",
              "age": "20대"
            },
            "speechAct": "(단언) 주장하기",
            "morpheme": "아/IC+그럼/MAJ+나/NP+도/JX+유튜브/NNP+보고/JKB+스트레칭/NNG+이나/JC+좀/MAG+해볼까/VV+EC+VX+EC"
          },
          {
            "id": 17,
            "text": "1 : 응 키키 오빠야도 한번 해봐",
            "norm_text": "응 키키 오빠야도 한번 해봐",
            "speaker": {
              "id": "1번",
              "sex": "여성",
              "age": "20대"
            },
            "speechAct": "(지시) 충고/제안하기",
            "morpheme": "응/IC+키/NNG+키/NNG+오빠/NNG+야/JKV+도/JX+한/MM+번/NNBC+해/VV+EC+봐/VX+EC"
          },
          {
            "id": 18,
            "text": "1 : 처음에는 힘들걸",
            "norm_text": "처음에는 힘들걸",
            "speaker": {
              "id": "1번",
              "sex": "여성",
              "age": "20대"
            },
            "speechAct": "(단언) 주장하기",
            "morpheme": "처음/NNG+에/JKB+는/JX+힘들/VA+ETM+걸/NNB+JKO"
          },
          {
            "id": 19,
            "text": "2 : 내일 아침에 일어나서 스트레칭 해 본디 키키",
            "norm_text": "내일 아침에 일어나서 스트레칭 해 본디 키키",
            "speaker": {
              "id": "2번",
              "sex": "남성",
              "age": "20대"
            },
            "speechAct": "(단언) 주장하기",
            "morpheme": "내일/MAG+아침/NNG+에/JKB+일어나/VV+서/EC+스트레칭/NNG+해/XSV+EC+본/VX+ETM+디키/NNG+키/XSV+ETN"
          }
        ]
      }
    }
  ]
}