{
  "dataset": {
    "identifier": 58240,
    "name": "KAKAO_972_02_set",
    "src_path": "/data/file/cubeManager/PROJECT001/53/txt20211006135040015452/KAKAO_972_02_set/",
    "label_path": "/data/file/cubeManager/PROJECT001/53/txt20211006135040015452/KAKAO_972_02_set/",
    "category": 2,
    "type": 0
  },
  "licenses": {
    "name": "Apache License 1.0",
    "url": "http://www.apache.org/licenses/LICENSE-1.0"
  },
  "info": [
    {
      "id": 43839,
      "filename": "KAKAO_972_02.txt",
      "title": "KAKAO_972_02",
      "mediatype": "SNS",
      "medianame": "카카오톡",
      "category": "일상대화",
      "date": "2021-10-06",
      "size": 441,
      "annotations": {
        "subject": "주거와 생활",
        "speaker_type": "1:1",
        "size": 441,
        "word_size": 135,
        "text": "1 : 경기도 집값이 엄청 올랐다고 하더라\n2 : 나도 뉴스에서 봤어\n1 : 왜 정부가 집값을 잡는다고 하는데 계속 오르지? 키키\n2 : 정책들이 잘 적용이 안된 거 같아\n1 : 정책은 많이 만들었던데\n2 : 응 작은 거 큰 거 33개라고 뉴스에서 본 거 같은데\n1 : 그래? 부동산 가격 잡기가 엄청 어렵나 보네… ㅠㅠ\n2 : 그런가 봐 야권에서는 엄청 비판하더라구\n1 : 정말? 그래도 노력을 열심히 한 건 맞는 거 같네\n2 : 야권은 그렇게 만들어서 못한 거면 무능한 거래\n1 : 와우... 너무 극단적으로 비판한 것 같은데\n2 : 그게 오히려 부동산이 급등하니까\n1 : 여당에서 사과는 하더라\n2 : 그치... 불난 집에 기름 부었다고 생각하는 사람이 많이 있더라\n1 : 이게 서울집 값이 비싸서 경기도 집 살려고 해서 경기도 집값이 올라가면서 집값이 올라가더라고\n2 : 그러면 우리한테는 악순환의 반복이네…",
        "lines": [
          {
            "id": 1,
            "text": "1 : 경기도 집값이 엄청 올랐다고 하더라",
            "norm_text": "경기도 집값이 엄청 올랐다고 하더라",
            "speaker": {
              "id": "1번",
              "sex": "여성",
              "age": "20대"
            },
            "speechAct": "(단언) 진술하기",
            "morpheme": "경기도/NNP+집값/NNG+이/JKS+엄청/MAG+올랐/VV+EP+다고/EC+하/VV+더라/EC"
          },
          {
            "id": 2,
            "text": "2 : 나도 뉴스에서 봤어",
            "norm_text": "나도 뉴스에서 봤어",
            "speaker": {
              "id": "2번",
              "sex": "남성",
              "age": "20대"
            },
            "speechAct": "(단언) 진술하기",
            "morpheme": "나/NP+도/JX+뉴스/NNG+에서/JKB+봤/VV+EP+어/EC"
          },
          {
            "id": 3,
            "text": "1 : 왜 정부가 집값을 잡는다고 하는데 계속 오르지? 키키",
            "norm_text": "왜 정부가 집값을 잡는다고 하는데 계속 오르지? 키키",
            "speaker": {
              "id": "1번",
              "sex": "여성",
              "age": "20대"
            },
            "speechAct": "(지시) 질문하기",
            "morpheme": "왜/MAG+정부/NNG+가/JKS+집값/NNG+을/JKO+잡/VV+는다고/EC+하/VV+는데/EC+계속/MAG+오르/VV+지/EF+키/NNG+키/XSV+ETN"
          },
          {
            "id": 4,
            "text": "2 : 정책들이 잘 적용이 안된 거 같아",
            "norm_text": "정책들이 잘 적용이 안된 거 같아",
            "speaker": {
              "id": "2번",
              "sex": "남성",
              "age": "20대"
            },
            "speechAct": "(단언) 주장하기",
            "morpheme": "정책/NNG+들/XSN+이/JKS+잘/MAG+적용/NNG+이/JKS+안/MAG+된/VV+ETM+거/NNB+같/VA+아/EC"
          },
          {
            "id": 5,
            "text": "1 : 정책은 많이 만들었던데",
            "norm_text": "정책은 많이 만들었던데",
            "speaker": {
              "id": "1번",
              "sex": "여성",
              "age": "20대"
            },
            "speechAct": "(단언) 주장하기",
            "morpheme": "정책/NNG+은/JX+많이/MAG+만들/VV+었/EP+던데/EC"
          },
          {
            "id": 6,
            "text": "2 : 응 작은 거 큰 거 33개라고 뉴스에서 본 거 같은데",
            "norm_text": "응 작은 거 큰 거 33개라고 뉴스에서 본 거 같은데",
            "speaker": {
              "id": "2번",
              "sex": "남성",
              "age": "20대"
            },
            "speechAct": "(단언) 주장하기",
            "morpheme": "응/IC+작/VA+은/ETM+거/NNB+큰/VA+ETM+거/NNB+33/SN+개/NNBC+라고/VCP+EC+뉴스/NNG+에서/JKB+본/VV+ETM+거/NNB+같/VA+은데/EC"
          },
          {
            "id": 7,
            "text": "1 : 그래? 부동산 가격 잡기가 엄청 어렵나 보네… ㅠㅠ",
            "norm_text": "그래? 부동산 가격 잡기가 엄청 어렵나 보네… ㅠㅠ",
            "speaker": {
              "id": "1번",
              "sex": "여성",
              "age": "20대"
            },
            "speechAct": "(단언) 주장하기",
            "morpheme": "그래/IC+부동산/NNG+가격/NNG+잡/VV+기/ETN+가/JKS+엄청/MAG+어렵/VA+나/EC+보/VX+네/EC+…/SE+ㅠㅠ/UNKNOWN"
          },
          {
            "id": 8,
            "text": "2 : 그런가 봐 야권에서는 엄청 비판하더라구",
            "norm_text": "그런가 봐 야권에서는 엄청 비판하더라구",
            "speaker": {
              "id": "2번",
              "sex": "남성",
              "age": "20대"
            },
            "speechAct": "(단언) 주장하기",
            "morpheme": "그런가/VA+EC+봐야/VX+EC+권/XSN+에서/JKB+는/JX+엄청/MAG+비판/NNG+하/XSV+더라구/EC"
          },
          {
            "id": 9,
            "text": "1 : 정말? 그래도 노력을 열심히 한 건 맞는 거 같네",
            "norm_text": "정말? 그래도 노력을 열심히 한 건 맞는 거 같네",
            "speaker": {
              "id": "1번",
              "sex": "여성",
              "age": "20대"
            },
            "speechAct": "(단언) 주장하기",
            "morpheme": "정말/MAG+그래도/MAJ+노력/NNG+을/JKO+열심히/MAG+한/XSA+ETM+건/NNB+JX+맞/VV+는/ETM+거/NNB+같/VA+네/EC"
          },
          {
            "id": 10,
            "text": "2 : 야권은 그렇게 만들어서 못한 거면 무능한 거래",
            "norm_text": "야권은 그렇게 만들어서 못한 거면 무능한 거래",
            "speaker": {
              "id": "2번",
              "sex": "남성",
              "age": "20대"
            },
            "speechAct": "(단언) 주장하기",
            "morpheme": "야권/NNG+은/JX+그렇게/MAG+만들/VV+어서/EC+못한/VX+ETM+거/NNB+면/VCP+EC+무능/NNG+한/XSA+ETM+거래/NNG"
          },
          {
            "id": 11,
            "text": "1 : 와우... 너무 극단적으로 비판한 것 같은데",
            "norm_text": "와우... 너무 극단적으로 비판한 것 같은데",
            "speaker": {
              "id": "1번",
              "sex": "여성",
              "age": "20대"
            },
            "speechAct": "(단언) 주장하기",
            "morpheme": "와우/IC+./SY+너무/MAG+극단/NNG+적/XSN+으로/JKB+비판/NNG+한/XSA+ETM+것/NNB+같/VA+은데/EC"
          },
          {
            "id": 12,
            "text": "2 : 그게 오히려 부동산이 급등하니까",
            "norm_text": "그게 오히려 부동산이 급등하니까",
            "speaker": {
              "id": "2번",
              "sex": "남성",
              "age": "20대"
            },
            "speechAct": "(단언) 진술하기",
            "morpheme": "그게/NP+JKS+오히려/MAJ+부동산/NNG+이/JKS+급등/NNG+하/XSV+니까/EC"
          },
          {
            "id": 13,
            "text": "1 : 여당에서 사과는 하더라",
            "norm_text": "여당에서 사과는 하더라",
            "speaker": {
              "id": "1번",
              "sex": "여성",
              "age": "20대"
            },
            "speechAct": "(단언) 진술하기",
            "morpheme": "여당/NNG+에서/JKB+사과/NNG+는/JX+하/VV+더라/EC"
          },
          {
            "id": 14,
            "text": "2 : 그치... 불난 집에 기름 부었다고 생각하는 사람이 많이 있더라",
            "norm_text": "그치... 불난 집에 기름 부었다고 생각하는 사람이 많이 있더라",
            "speaker": {
              "id": "2번",
              "sex": "남성",
              "age": "20대"
            },
            "speechAct": "(단언) 주장하기",
            "morpheme": "그치/IC+./SY+불난/VV+ETM+집/NNG+에/JKB+기름/NNG+부/VV+었/EP+다고/EC+생각/NNG+하/XSV+는/ETM+사람/NNG+이/JKS+많이/MAG+있/VA+더라/EC"
          },
          {
            "id": 15,
            "text": "1 : 이게 서울집 값이 비싸서 경기도 집 살려고 해서 경기도 집값이 올라가면서 집값이 올라가더라고",
            "norm_text": "이게 서울집 값이 비싸서 경기도 집 살려고 해서 경기도 집값이 올라가면서 집값이 올라가더라고",
            "speaker": {
              "id": "1번",
              "sex": "여성",
              "age": "20대"
            },
            "speechAct": "(단언) 주장하기",
            "morpheme": "이게/NP+JKS+서울/NNP+집값/NNG+이/JKS+비싸/VA+서/EC+경기도/NNP+집/NNG+살/VV+려고/EC+해서/VV+EC+경기도/NNP+집값/NNG+이/JKS+올라가/VV+면서/EC+집값/NNG+이/JKS+올라가/VV+더라고/EC"
          },
          {
            "id": 16,
            "text": "2 : 그러면 우리한테는 악순환의 반복이네…",
            "norm_text": "그러면 우리한테는 악순환의 반복이네…",
            "speaker": {
              "id": "2번",
              "sex": "남성",
              "age": "20대"
            },
            "speechAct": "(단언) 주장하기",
            "morpheme": "그러면/MAJ+우리/NP+한테/JKB+는/JX+악순환/NNG+의/JKG+반복/NNG+이/JKS+네/IC+…/SE"
          }
        ]
      }
    }
  ]
}