{
  "dataset": {
    "identifier": 49738,
    "name": "KAKAO_973_03_set",
    "src_path": "/data/file/cubeManager/PROJECT001/53/txt20211006134451051765/KAKAO_973_03_set/",
    "label_path": "/data/file/cubeManager/PROJECT001/53/txt20211006134451051765/KAKAO_973_03_set/",
    "category": 2,
    "type": 0
  },
  "licenses": {
    "name": "Apache License 1.0",
    "url": "http://www.apache.org/licenses/LICENSE-1.0"
  },
  "info": [
    {
      "id": 43083,
      "filename": "KAKAO_973_03.txt",
      "title": "KAKAO_973_03",
      "mediatype": "SNS",
      "medianame": "카카오톡",
      "category": "일상대화",
      "date": "2021-10-06",
      "size": 330,
      "annotations": {
        "subject": "교통",
        "speaker_type": "1:1",
        "size": 330,
        "word_size": 116,
        "text": "1 : 승용차 한대 뽑아야 되는뎅\n2 : 키키 빨리 운전 연수 받아라\n1 : 키키 니가 해주면 안되나\n2 : 내 차로? 어렵겠다 키키\n1 : 키키 아니 차는 렌트할께\n2 : 키키 아 그럼 가르쳐줄 수 있지\n1 : 키키 생명은 책임 못 진다\n2 : 보험 좀 더 드러나야겠노 키키\n1 : 키키 보험 많이 들어서 온네잉\n2 : 부모님한테 효도 할 수 있는 거가?\n1 : 키키 사고 안 나게 니가 가르쳐주면 된다\n2 : 근데 왜 이리 무섭노 벌써 키키\n1 : 키키 약속했다? 연수비는 너무 비싸더라\n2 : 가르쳐줄게 니가 밥 사라 키키\n1 : 키키 알았다 그 정도는 할 수 있지\n2 : 주말에 시간 괜찮은 날 있음 가르쳐줄게",
        "lines": [
          {
            "id": 1,
            "text": "1 : 승용차 한대 뽑아야 되는뎅",
            "norm_text": "승용차 한대 뽑아야 되는뎅",
            "speaker": {
              "id": "1번",
              "sex": "여성",
              "age": "20대"
            },
            "speechAct": "(단언) 주장하기",
            "morpheme": "승용차/NNG+한/MM+대/NNBC+뽑/VV+아야/EC+되/VV+는/ETM+뎅/NNP"
          },
          {
            "id": 2,
            "text": "2 : 키키 빨리 운전 연수 받아라",
            "norm_text": "키키 빨리 운전 연수 받아라",
            "speaker": {
              "id": "2번",
              "sex": "남성",
              "age": "30대"
            },
            "speechAct": "(지시) 충고/제안하기",
            "morpheme": "키/NNG+키/XSV+ETN+빨리/MAG+운전/NNG+연수/NNG+받/VV+아라/EC"
          },
          {
            "id": 3,
            "text": "1 : 키키 니가 해주면 안되나",
            "norm_text": "키키 니가 해주면 안되나",
            "speaker": {
              "id": "1번",
              "sex": "여성",
              "age": "20대"
            },
            "speechAct": "(지시) 부탁하기",
            "morpheme": "키/NNG+키/XSV+ETN+니/NP+가/JKS+해/VV+EC+주/VX+면/EC+안/MAG+되/VV+나/EC"
          },
          {
            "id": 4,
            "text": "2 : 내 차로? 어렵겠다 키키",
            "norm_text": "내 차로? 어렵겠다 키키",
            "speaker": {
              "id": "2번",
              "sex": "남성",
              "age": "30대"
            },
            "speechAct": "(언약) 거절하기",
            "morpheme": "내/NP+JKG+차/NNG+로/JKB+어렵/VA+겠/EP+다키키/NNP"
          },
          {
            "id": 5,
            "text": "1 : 키키 아니 차는 렌트할께",
            "norm_text": "키키 아니 차는 렌트할께",
            "speaker": {
              "id": "1번",
              "sex": "여성",
              "age": "20대"
            },
            "speechAct": "(언약) 약속하기(제3자와)/(개인적 수준)",
            "morpheme": "키/NNG+키/XSV+ETN+아니/VCN+차/VV+는/ETM+렌트/NNG+할께/XSV+EC"
          },
          {
            "id": 6,
            "text": "2 : 키키 아 그럼 가르쳐줄 수 있지",
            "norm_text": "키키 아 그럼 가르쳐줄 수 있지",
            "speaker": {
              "id": "2번",
              "sex": "남성",
              "age": "30대"
            },
            "speechAct": "(단언) 주장하기",
            "morpheme": "키/NNG+키/XSV+ETN+아/IC+그럼/MAJ+가르쳐/VV+EC+줄/VX+ETM+수/NNB+있/VV+지/EC"
          },
          {
            "id": 7,
            "text": "1 : 키키 생명은 책임 못 진다",
            "norm_text": "키키 생명은 책임 못 진다",
            "speaker": {
              "id": "1번",
              "sex": "여성",
              "age": "20대"
            },
            "speechAct": "(단언) 주장하기",
            "morpheme": "키/NNG+키/NNG+생명/NNG+은/JX+책임/NNG+못/MAG+진다/VV+EC"
          },
          {
            "id": 8,
            "text": "2 : 보험 좀 더 드러나야겠노 키키",
            "norm_text": "보험 좀 더 드러나야겠노 키키",
            "speaker": {
              "id": "2번",
              "sex": "남성",
              "age": "30대"
            },
            "speechAct": "(단언) 주장하기",
            "morpheme": "보험/NNG+좀/MAG+더/MAG+드러나/VV+야/EC+VX+겠/EP+노/EC+키/NNG+키/XSV+ETN"
          },
          {
            "id": 9,
            "text": "1 : 키키 보험 많이 들어서 온네잉",
            "norm_text": "키키 보험 많이 들어서 온네잉",
            "speaker": {
              "id": "1번",
              "sex": "여성",
              "age": "20대"
            },
            "speechAct": "(단언) 주장하기",
            "morpheme": "키/NNG+키/NNG+보험/NNG+많이/MAG+들/VV+어서/EC+온/VX+ETM+네잉/EC"
          },
          {
            "id": 10,
            "text": "2 : 부모님한테 효도 할 수 있는 거가?",
            "norm_text": "부모님한테 효도 할 수 있는 거가?",
            "speaker": {
              "id": "2번",
              "sex": "남성",
              "age": "30대"
            },
            "speechAct": "(지시) 질문하기",
            "morpheme": "부모/NNG+님/XSN+한테/JKB+효도/NNG+할/XSV+ETM+수/NNB+있/VV+는/ETM+거/NNB+가/JKS"
          },
          {
            "id": 11,
            "text": "1 : 키키 사고 안 나게 니가 가르쳐주면 된다",
            "norm_text": "키키 사고 안 나게 니가 가르쳐주면 된다",
            "speaker": {
              "id": "1번",
              "sex": "여성",
              "age": "20대"
            },
            "speechAct": "(단언) 주장하기",
            "morpheme": "키/NNG+키/NNG+사고/NNG+안/MAG+나/VV+게/EC+니/NP+가/JKS+가르쳐/VV+EC+주/VX+면/EC+된다/VV+EC"
          },
          {
            "id": 12,
            "text": "2 : 근데 왜 이리 무섭노 벌써 키키",
            "norm_text": "근데 왜 이리 무섭노 벌써 키키",
            "speaker": {
              "id": "2번",
              "sex": "남성",
              "age": "30대"
            },
            "speechAct": "(단언) 주장하기",
            "morpheme": "근데/MAJ+왜/MAG+이리/MAG+무섭/VA+노/EC+벌써/MAG+키/NNG+키/XSV+ETN"
          },
          {
            "id": 13,
            "text": "1 : 키키 약속했다? 연수비는 너무 비싸더라",
            "norm_text": "키키 약속했다? 연수비는 너무 비싸더라",
            "speaker": {
              "id": "1번",
              "sex": "여성",
              "age": "20대"
            },
            "speechAct": "(단언) 주장하기",
            "morpheme": "키/NNG+키/NNG+약속/NNG+했/XSV+EP+다/EF+연수/NNG+비/NNG+는/JX+너무/MAG+비싸/VA+더라/EC"
          },
          {
            "id": 14,
            "text": "2 : 가르쳐줄게 니가 밥 사라 키키",
            "norm_text": "가르쳐줄게 니가 밥 사라 키키",
            "speaker": {
              "id": "2번",
              "sex": "남성",
              "age": "30대"
            },
            "speechAct": "(지시) 충고/제안하기",
            "morpheme": "가르쳐/VV+EC+줄/VX+ETM+게/NNB+JKS+니/NP+가/JKS+밥/NNG+사라/NNG+키/NNG+키/XSV+ETN"
          },
          {
            "id": 15,
            "text": "1 : 키키 알았다 그 정도는 할 수 있지",
            "norm_text": "키키 알았다 그 정도는 할 수 있지",
            "speaker": {
              "id": "1번",
              "sex": "여성",
              "age": "20대"
            },
            "speechAct": "(단언) 주장하기",
            "morpheme": "키/NNG+키/XSV+ETN+알/VV+았/EP+다/EF+그/MM+정도/NNG+는/JX+할/VV+ETM+수/NNB+있/VV+지/EC"
          },
          {
            "id": 16,
            "text": "2 : 주말에 시간 괜찮은 날 있음 가르쳐줄게",
            "norm_text": "주말에 시간 괜찮은 날 있음 가르쳐줄게",
            "speaker": {
              "id": "2번",
              "sex": "남성",
              "age": "30대"
            },
            "speechAct": "(언약) 약속하기(제3자와)/(개인적 수준)",
            "morpheme": "주말/NNG+에/JKB+시간/NNG+괜찮/VA+은/ETM+날/NNG+있/VV+음/ETN+가르쳐/VV+EC+줄/VX+ETM+게/NNB+JKS"
          }
        ]
      }
    }
  ]
}