{
  "dataset": {
    "identifier": 58408,
    "name": "KAKAO_995_08_set",
    "src_path": "/data/file/cubeManager/PROJECT001/53/txt20211007112741003645/KAKAO_995_08_set/",
    "label_path": "/data/file/cubeManager/PROJECT001/53/txt20211007112741003645/KAKAO_995_08_set/",
    "category": 2,
    "type": 0
  },
  "licenses": {
    "name": "Apache License 1.0",
    "url": "http://www.apache.org/licenses/LICENSE-1.0"
  },
  "info": [
    {
      "id": 47422,
      "filename": "KAKAO_995_08.txt",
      "title": "KAKAO_995_08",
      "mediatype": "SNS",
      "medianame": "카카오톡",
      "category": "일상대화",
      "date": "2021-10-07",
      "size": 1047,
      "annotations": {
        "subject": "연애/결혼",
        "speaker_type": "다자간 대화",
        "size": 1047,
        "word_size": 349,
        "text": "1 : 아니 우리도 오빠가 엄마 치매 예방하게 화투 치자 해서 한 거임 키키\n1 : 남자친구도 데려오라던데 같이 쳐서 돈 따고 싶다고\n2 : 키키 오목 좋아...\n2 : 남친은 잘 하냐 화투\n3 : 근데 사실 돈 걸리면 치매 예방 바로 될 듯 ㅎ\n1 : 남친 화투 한 번도 안 쳐봄 키키\n1 : 돈 걸리면 장난 하냐 안 나던 기억도 다 나지\n2 : 키키 무섭네 역시 이런 게 도박인가...\n3 : 난 나중에 결혼하면 남편이랑 한날 한시에 눈감고 싶다\n3 : 안락사 제발 허용됐으면\n1 : 남편도 과연 그렇게 생각할까...?\n1 : 그거 그냥 순장 아니냐?\n2 : 뭔 안락사여 ㅠㅠ 키키\n2 : 현대판 순장이냐 ㅠㅠ\n3 : 순장 좋지 날 사랑한다면,\n1 : 남편은 아싸 이제 제 2인생 시작이다 이럴걸?\n2 : 키키 그래도 혼자면 외로울 거 같긴 해...\n3 : 통계학적으로 남자가 여자보다 일찍 죽어\n1 : 남편은 죽어서도 너랑 같이 있으려면 많이 지칠 듯...\n1 : 안 그래도 먼 저승길 옆에서 쪼잘쪼잘 걷다가 지칠 듯\n2 : 연하를 만나야겠다 키키 쪼잘쪼잘\n3 : 자기야? 피곤해? 자기야 괜찮아? 에구 늙어서 힘들구낭~!\n1 : 키키 진짜 죽어서도 너 때문에 남편 한 번 더 돌아가실 듯\n2 : 키키 남편 귀먹어서 괜찮으실 수도 있어\n3 : 난 진짜 그래서 개그 코드 안 맞으면 못 만나\n3 : 현 남친 전 남친 둘 다 말 없는 건 똑같은데 현 남친은 리액션이 좋아\n1 : 키키 겁나 웃기넹 우리 ** 연애나 한번 시작해볼까~?\n2 : 키키 리액션 좋은 건 뭐야 키키\n2 : 아 나 오늘 내 이상형을 알아챔\n3 : 뭔데 뭔데 제발 알려줘 내가 찾아볼게\n1 : 강동원 이종석 이정재 원빈 현빈 구교환 류준열 빼고 말해라 내 남자니까\n2 : 아니 키키 나 약간 예측할 수 없는 사람 좋아하는 거 같애\n2 : 그런 게 너무 웃기고 귀여워\n3 : 그거 나 아니냐 나는 예측하지 못하는 여자,\n1 : 넌 그냥 알고 싶지 않은 여자...\n1 : 구교환 매력 덩어리임\n2 : 아닠 키키 아니야 그런 느낌 아님...\n2 : ** 너는 그냥 무슨 말할지 예측 불가능\n3 : 구교환이 진짜 ** 이상형인 듯\n3 : 그 얼굴이 40대인 게 예측이 안 돼",
        "lines": [
          {
            "id": 1,
            "text": "1 : 아니 우리도 오빠가 엄마 치매 예방하게 화투 치자 해서 한 거임 키키",
            "norm_text": "아니 우리도 오빠가 엄마 치매 예방하게 화투 치자 해서 한 거임 키키",
            "speaker": {
              "id": "1번",
              "sex": "여성",
              "age": "20대"
            },
            "speechAct": "(단언) 진술하기",
            "morpheme": "아니/IC+우리/NP+도/JX+오빠/NNG+가/JKS+엄마/NNG+치매/NNG+예방/NNG+하/XSV+게/EC+화투/NNG+치자/NNG+해서/XSV+EC+한/VX+ETM+거/NNB+임/VCP+ETN+키/NNG+키/XSV+ETN"
          },
          {
            "id": 2,
            "text": "1 : 남자친구도 데려오라던데 같이 쳐서 돈 따고 싶다고",
            "norm_text": "남자친구도 데려오라던데 같이 쳐서 돈 따고 싶다고",
            "speaker": {
              "id": "1번",
              "sex": "여성",
              "age": "20대"
            },
            "speechAct": "(단언) 진술하기",
            "morpheme": "남자/NNG+친구/NNG+도/JX+데려오/VV+라던데/EC+같이/MAG+쳐서/VV+EC+돈/NNG+따/VV+고/EC+싶/VX+다고/EC"
          },
          {
            "id": 3,
            "text": "2 : 키키 오목 좋아...",
            "norm_text": "키키 오목 좋아...",
            "speaker": {
              "id": "2번",
              "sex": "여성",
              "age": "20대"
            },
            "speechAct": "(단언) 주장하기",
            "morpheme": "키/NNG+키/NNG+오목/MAG+좋/VA+아/EF+./SY"
          },
          {
            "id": 4,
            "text": "2 : 남친은 잘 하냐 화투",
            "norm_text": "남친은 잘 하냐 화투",
            "speaker": {
              "id": "2번",
              "sex": "여성",
              "age": "20대"
            },
            "speechAct": "(지시) 질문하기",
            "morpheme": "남친/NNG+은/JX+잘/MAG+하/VV+냐/EC+화투/NNG"
          },
          {
            "id": 5,
            "text": "3 : 근데 사실 돈 걸리면 치매 예방 바로 될 듯 ㅎ",
            "norm_text": "근데 사실 돈 걸리면 치매 예방 바로 될 듯 ㅎ",
            "speaker": {
              "id": "3번",
              "sex": "여성",
              "age": "20대"
            },
            "speechAct": "(단언) 주장하기",
            "morpheme": "근데/MAJ+사실/MAG+돈/NNG+걸리/VV+면/EC+치매/NNG+예방/NNG+바로/MAG+될/VV+ETM+듯/NNB+ㅎ/XSA"
          },
          {
            "id": 6,
            "text": "1 : 남친 화투 한 번도 안 쳐봄 키키",
            "norm_text": "남친 화투 한 번도 안 쳐봄 키키",
            "speaker": {
              "id": "1번",
              "sex": "여성",
              "age": "20대"
            },
            "speechAct": "(단언) 진술하기",
            "morpheme": "남친/NNG+화/XSN+투/NR+한/MM+번/NNBC+도/JX+안/MAG+쳐/VV+EC+봄/NNG+키/NNG+키/XSV+ETN"
          },
          {
            "id": 7,
            "text": "1 : 돈 걸리면 장난 하냐 안 나던 기억도 다 나지",
            "norm_text": "돈 걸리면 장난 하냐 안 나던 기억도 다 나지",
            "speaker": {
              "id": "1번",
              "sex": "여성",
              "age": "20대"
            },
            "speechAct": "(단언) 주장하기",
            "morpheme": "돈/NNG+걸리/VV+면/EC+장난/NNG+하/XSV+냐/EC+안/MAG+나/VV+던/ETM+기억/NNG+도/JX+다/MAG+나/VV+지/EC"
          },
          {
            "id": 8,
            "text": "2 : 키키 무섭네 역시 이런 게 도박인가...",
            "norm_text": "키키 무섭네 역시 이런 게 도박인가...",
            "speaker": {
              "id": "2번",
              "sex": "여성",
              "age": "20대"
            },
            "speechAct": "(단언) 주장하기",
            "morpheme": "키/NNG+키/XSV+ETN+무섭/VA+네/EF+역시/MAJ+이런/MM+게/NNB+JKS+도박/NNG+인가/VCP+EF+./SY"
          },
          {
            "id": 9,
            "text": "3 : 난 나중에 결혼하면 남편이랑 한날 한시에 눈감고 싶다",
            "norm_text": "난 나중에 결혼하면 남편이랑 한날 한시에 눈감고 싶다",
            "speaker": {
              "id": "3번",
              "sex": "여성",
              "age": "20대"
            },
            "speechAct": "(단언) 주장하기",
            "morpheme": "난/NP+JX+나중/NNG+에/JKB+결혼/NNG+하/XSV+면/EC+남편/NNG+이랑/JKB+한날한시/NNG+에/JKB+눈감/VV+고/EC+싶/VX+다/EC"
          },
          {
            "id": 10,
            "text": "3 : 안락사 제발 허용됐으면",
            "norm_text": "안락사 제발 허용됐으면",
            "speaker": {
              "id": "3번",
              "sex": "여성",
              "age": "20대"
            },
            "speechAct": "(단언) 주장하기",
            "morpheme": "안락사/NNG+제발/MAG+허용/NNG+됐/XSV+EP+으면/EC"
          },
          {
            "id": 11,
            "text": "1 : 남편도 과연 그렇게 생각할까...?",
            "norm_text": "남편도 과연 그렇게 생각할까...?",
            "speaker": {
              "id": "1번",
              "sex": "여성",
              "age": "20대"
            },
            "speechAct": "(지시) 질문하기",
            "morpheme": "남편/NNG+도/JX+과연/MAG+그렇게/MAG+생각/NNG+할까/XSV+EF+./SY+./SY"
          },
          {
            "id": 12,
            "text": "1 : 그거 그냥 순장 아니냐?",
            "norm_text": "그거 그냥 순장 아니냐?",
            "speaker": {
              "id": "1번",
              "sex": "여성",
              "age": "20대"
            },
            "speechAct": "(단언) 주장하기",
            "morpheme": "그거/NP+그냥/MAG+순장/NNG+아니/VCN+냐/EF"
          },
          {
            "id": 13,
            "text": "2 : 뭔 안락사여 ㅠㅠ 키키",
            "norm_text": "뭔 안락사여 ㅠㅠ 키키",
            "speaker": {
              "id": "2번",
              "sex": "여성",
              "age": "20대"
            },
            "speechAct": "(단언) 주장하기",
            "morpheme": "뭔/MM+안락/NNG+사여/NNG+ㅠㅠ/UNKNOWN+키/NNG+키/XSV+ETN"
          },
          {
            "id": 14,
            "text": "2 : 현대판 순장이냐 ㅠㅠ",
            "norm_text": "현대판 순장이냐 ㅠㅠ",
            "speaker": {
              "id": "2번",
              "sex": "여성",
              "age": "20대"
            },
            "speechAct": "(단언) 주장하기",
            "morpheme": "현대판/NNG+순장/NNG+이/VCP+냐/EF+ㅠㅠ/UNKNOWN"
          },
          {
            "id": 15,
            "text": "3 : 순장 좋지 날 사랑한다면,",
            "norm_text": "순장 좋지 날 사랑한다면,",
            "speaker": {
              "id": "3번",
              "sex": "여성",
              "age": "20대"
            },
            "speechAct": "(단언) 주장하기",
            "morpheme": "순장/NNG+좋/VA+지/EC+날/NNG+사랑/NNG+한다면/XSV+EC+,/SC"
          },
          {
            "id": 16,
            "text": "1 : 남편은 아싸 이제 제 2인생 시작이다 이럴걸?",
            "norm_text": "남편은 아싸 이제 제 2인생 시작이다 이럴걸?",
            "speaker": {
              "id": "1번",
              "sex": "여성",
              "age": "20대"
            },
            "speechAct": "(단언) 주장하기",
            "morpheme": "남편/NNG+은/JX+아싸/IC+이제/MAG+제/XPN+2/SN+인생/NNG+시작/NNG+이/JKS+다/MAG+이럴/VA+ETM+걸/NNB+JKO"
          },
          {
            "id": 17,
            "text": "2 : 키키 그래도 혼자면 외로울 거 같긴 해...",
            "norm_text": "키키 그래도 혼자면 외로울 거 같긴 해...",
            "speaker": {
              "id": "2번",
              "sex": "여성",
              "age": "20대"
            },
            "speechAct": "(단언) 주장하기",
            "morpheme": "키/NNG+키/XSV+ETN+그래도/MAJ+혼자/NNG+면/VCP+EC+외로울/VA+ETM+거/NNB+같/VA+긴/ETN+JX+해/VX+EF+./SY"
          },
          {
            "id": 18,
            "text": "3 : 통계학적으로 남자가 여자보다 일찍 죽어",
            "norm_text": "통계학적으로 남자가 여자보다 일찍 죽어",
            "speaker": {
              "id": "3번",
              "sex": "여성",
              "age": "20대"
            },
            "speechAct": "(단언) 진술하기",
            "morpheme": "통계학/NNG+적/XSN+으로/JKB+남자/NNG+가/JKS+여자/NNG+보다/JKB+일찍/MAG+죽/VV+어/EC"
          },
          {
            "id": 19,
            "text": "1 : 남편은 죽어서도 너랑 같이 있으려면 많이 지칠 듯...",
            "norm_text": "남편은 죽어서도 너랑 같이 있으려면 많이 지칠 듯...",
            "speaker": {
              "id": "1번",
              "sex": "여성",
              "age": "20대"
            },
            "speechAct": "(단언) 주장하기",
            "morpheme": "남편/NNG+은/JX+죽/VV+어서/EC+도/JX+너/NP+랑/JKB+같이/MAG+있/VV+으려면/EC+많이/MAG+지칠/VV+ETM+듯/NNB+./SY"
          },
          {
            "id": 20,
            "text": "1 : 안 그래도 먼 저승길 옆에서 쪼잘쪼잘 걷다가 지칠 듯",
            "norm_text": "안 그래도 먼 저승길 옆에서 쪼잘쪼잘 걷다가 지칠 듯",
            "speaker": {
              "id": "1번",
              "sex": "여성",
              "age": "20대"
            },
            "speechAct": "(단언) 주장하기",
            "morpheme": "안/MAG+그래도/VV+EC+먼/VA+ETM+저승/NNG+길옆/NNG+에서/JKB+쪼잘쪼잘/MAG+걷/VV+다가/EC+지칠/VV+ETM+듯/NNB"
          },
          {
            "id": 21,
            "text": "2 : 연하를 만나야겠다 키키 쪼잘쪼잘",
            "norm_text": "연하를 만나야겠다 키키 쪼잘쪼잘",
            "speaker": {
              "id": "2번",
              "sex": "여성",
              "age": "20대"
            },
            "speechAct": "(단언) 주장하기",
            "morpheme": "연하/NNG+를/JKO+만나/VV+야/EC+VX+겠/EP+다키키/NNP+쪼잘쪼잘/MAG"
          },
          {
            "id": 22,
            "text": "3 : 자기야? 피곤해? 자기야 괜찮아? 에구 늙어서 힘들구낭~!",
            "norm_text": "자기야? 피곤해? 자기야 괜찮아? 에구 늙어서 힘들구낭~!",
            "speaker": {
              "id": "3번",
              "sex": "여성",
              "age": "20대"
            },
            "speechAct": "(단언) 주장하기",
            "morpheme": "자기/NP+야/VCP+EF+피곤/NNG+해/XSV+EF+자기/NP+야/JX+괜찮/VA+아/EF+에구/IC+늙/VV+어서/EC+힘들/VA+구/EC+낭/NNG+~/SY"
          },
          {
            "id": 23,
            "text": "1 : 키키 진짜 죽어서도 너 때문에 남편 한 번 더 돌아가실 듯",
            "norm_text": "키키 진짜 죽어서도 너 때문에 남편 한 번 더 돌아가실 듯",
            "speaker": {
              "id": "1번",
              "sex": "여성",
              "age": "20대"
            },
            "speechAct": "(단언) 주장하기",
            "morpheme": "키/NNG+키/XSV+ETN+진짜/MAG+죽/VV+어서/EC+도너/NNG+때문/NNB+에/JKB+남편/NNG+한/MM+번/NNBC+더/MAG+돌아가실/VV+ETM+듯/NNB"
          },
          {
            "id": 24,
            "text": "2 : 키키 남편 귀먹어서 괜찮으실 수도 있어",
            "norm_text": "키키 남편 귀먹어서 괜찮으실 수도 있어",
            "speaker": {
              "id": "2번",
              "sex": "여성",
              "age": "20대"
            },
            "speechAct": "(단언) 주장하기",
            "morpheme": "키/NNG+키/NNG+남편/NNG+귀먹/VV+어서/EC+괜찮/VA+으실/EP+ETM+수/NNB+도/JX+있/VA+어/EC"
          },
          {
            "id": 25,
            "text": "3 : 난 진짜 그래서 개그 코드 안 맞으면 못 만나",
            "norm_text": "난 진짜 그래서 개그 코드 안 맞으면 못 만나",
            "speaker": {
              "id": "3번",
              "sex": "여성",
              "age": "20대"
            },
            "speechAct": "(단언) 주장하기",
            "morpheme": "난/NP+JX+진짜/MAG+그래서/MAJ+개그/NNG+코드/NNG+안/MAG+맞/VV+으면/EC+못/MAG+만나/VV+EC"
          },
          {
            "id": 26,
            "text": "3 : 현 남친 전 남친 둘 다 말 없는 건 똑같은데 현 남친은 리액션이 좋아",
            "norm_text": "현 남친 전 남친 둘 다 말 없는 건 똑같은데 현 남친은 리액션이 좋아",
            "speaker": {
              "id": "3번",
              "sex": "여성",
              "age": "20대"
            },
            "speechAct": "(단언) 진술하기",
            "morpheme": "현남/NNG+친전/NNG+남친/NNG+둘/NR+다말/NNG+없/VA+는/ETM+건/NNB+JX+똑같/VA+은데/EC+현/MM+남친/NNG+은/JX+리액션/NNP+이/JKS+좋/VA+아/EC"
          },
          {
            "id": 27,
            "text": "1 : 키키 겁나 웃기넹 우리 ** 연애나 한번 시작해볼까~?",
            "norm_text": "키키 겁나 웃기넹 우리 ** 연애나 한번 시작해볼까~?",
            "speaker": {
              "id": "1번",
              "sex": "여성",
              "age": "20대"
            },
            "speechAct": "(지시) 충고/제안하기",
            "morpheme": "키키겁나웃기넹우리/UNKNOWN+*/SY+*/SY+연애/NNG+나/JC+한/MM+번/NNBC+시작/NNG+해/XSV+EC+볼까/VX+EC+~/SY"
          },
          {
            "id": 28,
            "text": "2 : 키키 리액션 좋은 건 뭐야 키키",
            "norm_text": "키키 리액션 좋은 건 뭐야 키키",
            "speaker": {
              "id": "2번",
              "sex": "여성",
              "age": "20대"
            },
            "speechAct": "(단언) 주장하기",
            "morpheme": "키키/NNP+리액션/NNP+좋/VA+은/ETM+건/NNB+JX+뭐/NP+야/VCP+EF+키/NNG+키/XSV+ETN"
          },
          {
            "id": 29,
            "text": "2 : 아 나 오늘 내 이상형을 알아챔",
            "norm_text": "아 나 오늘 내 이상형을 알아챔",
            "speaker": {
              "id": "2번",
              "sex": "여성",
              "age": "20대"
            },
            "speechAct": "(단언) 주장하기",
            "morpheme": "아/IC+나/NP+오늘/MAG+내/NP+JKG+이상/NNG+형/XSN+을/JKO+알/VV+아/EC+챔/UNKNOWN"
          },
          {
            "id": 30,
            "text": "3 : 뭔데 뭔데 제발 알려줘 내가 찾아볼게",
            "norm_text": "뭔데 뭔데 제발 알려줘 내가 찾아볼게",
            "speaker": {
              "id": "3번",
              "sex": "여성",
              "age": "20대"
            },
            "speechAct": "(언약) 약속하기(제3자와)/(개인적 수준)",
            "morpheme": "뭔데/NP+VCP+EC+뭔데/NP+VCP+EC+제발/MAG+알려줘/VV+EC+VX+EC+내/NP+가/JKS+찾아볼/VV+ETM+게/NNB+JKS"
          },
          {
            "id": 31,
            "text": "1 : 강동원 이종석 이정재 원빈 현빈 구교환 류준열 빼고 말해라 내 남자니까",
            "norm_text": "강동원 이종석 이정재 원빈 현빈 구교환 류준열 빼고 말해라 내 남자니까",
            "speaker": {
              "id": "1번",
              "sex": "여성",
              "age": "20대"
            },
            "speechAct": "(단언) 주장하기",
            "morpheme": "강동원/NNP+이종석/NNP+이정재/NNP+원빈/NNP+현빈/NNP+구교환/NNP+류준열/NNP+빼/VV+고/EC+말/NNG+해라/XSV+EF+내/NP+JKG+남자/NNG+니까/VCP+EC"
          },
          {
            "id": 32,
            "text": "2 : 아니 키키 나 약간 예측할 수 없는 사람 좋아하는 거 같애",
            "norm_text": "아니 키키 나 약간 예측할 수 없는 사람 좋아하는 거 같애",
            "speaker": {
              "id": "2번",
              "sex": "여성",
              "age": "20대"
            },
            "speechAct": "(단언) 주장하기",
            "morpheme": "아니/IC+키/NNG+키나/XSA+ETN+JX+약간/MAG+예측/NNG+할/XSV+ETM+수/NNB+없/VA+는/ETM+사람/NNG+좋/VA+아/EC+하/VV+는/ETM+거/NNB+같/VA+애/EC"
          },
          {
            "id": 33,
            "text": "2 : 그런 게 너무 웃기고 귀여워",
            "norm_text": "그런 게 너무 웃기고 귀여워",
            "speaker": {
              "id": "2번",
              "sex": "여성",
              "age": "20대"
            },
            "speechAct": "(단언) 주장하기",
            "morpheme": "그런/MM+게/NNB+JKS+너무/MAG+웃기/VV+고/EC+귀여워/VA+EC"
          },
          {
            "id": 34,
            "text": "3 : 그거 나 아니냐 나는 예측하지 못하는 여자,",
            "norm_text": "그거 나 아니냐 나는 예측하지 못하는 여자,",
            "speaker": {
              "id": "3번",
              "sex": "여성",
              "age": "20대"
            },
            "speechAct": "(단언) 주장하기",
            "morpheme": "그거/NP+나/JX+아니/VCN+냐/EC+나/NP+는/JX+예측/NNG+하/XSV+지/EC+못하/VX+는/ETM+여자/NNG+,/SC"
          },
          {
            "id": 35,
            "text": "1 : 넌 그냥 알고 싶지 않은 여자...",
            "norm_text": "넌 그냥 알고 싶지 않은 여자...",
            "speaker": {
              "id": "1번",
              "sex": "여성",
              "age": "20대"
            },
            "speechAct": "(단언) 주장하기",
            "morpheme": "넌/NP+JX+그냥/MAG+알/VV+고/EC+싶/VX+지/EC+않/VX+은/ETM+여자/NNG+./SY+./SY"
          },
          {
            "id": 36,
            "text": "1 : 구교환 매력 덩어리임",
            "norm_text": "구교환 매력 덩어리임",
            "speaker": {
              "id": "1번",
              "sex": "여성",
              "age": "20대"
            },
            "speechAct": "(단언) 주장하기",
            "morpheme": "구교환/NNP+매력/NNG+덩어리/NNG+임/VCP+ETN"
          },
          {
            "id": 37,
            "text": "2 : 아닠 키키 아니야 그런 느낌 아님...",
            "norm_text": "아닠 키키 아니야 그런 느낌 아님...",
            "speaker": {
              "id": "2번",
              "sex": "여성",
              "age": "20대"
            },
            "speechAct": "(단언) 주장하기",
            "morpheme": "아닠키키아니야그런느낌아님/UNKNOWN+./SY"
          },
          {
            "id": 38,
            "text": "2 : ** 너는 그냥 무슨 말할지 예측 불가능",
            "norm_text": "** 너는 그냥 무슨 말할지 예측 불가능",
            "speaker": {
              "id": "2번",
              "sex": "여성",
              "age": "20대"
            },
            "speechAct": "(단언) 주장하기",
            "morpheme": "*/SY+*/SY+너/NP+는/JX+그냥/MAG+무슨/MM+말/NNG+할지/XSV+EC+예측/NNG+불/XPN+가능/NNG"
          },
          {
            "id": 39,
            "text": "3 : 구교환이 진짜 ** 이상형인 듯",
            "norm_text": "구교환이 진짜 ** 이상형인 듯",
            "speaker": {
              "id": "3번",
              "sex": "여성",
              "age": "20대"
            },
            "speechAct": "(단언) 주장하기",
            "morpheme": "구교환/NNP+이/JKS+진짜/MAG+*/SY+*/SY+이상/NNG+형/XSN+인/VCP+ETM+듯/NNB"
          },
          {
            "id": 40,
            "text": "3 : 그 얼굴이 40대인 게 예측이 안 돼",
            "norm_text": "그 얼굴이 40대인 게 예측이 안 돼",
            "speaker": {
              "id": "3번",
              "sex": "여성",
              "age": "20대"
            },
            "speechAct": "(단언) 주장하기",
            "morpheme": "그/MM+얼굴/NNG+이/JKS+40/SN+대/NNBC+인게/VCP+ETM+NNB+JKS+예측/NNG+이/JKS+안/MAG+돼/VV+EC"
          }
        ]
      }
    }
  ]
}