{
  "dataset": {
    "identifier": 49818,
    "name": "KAKAO_973_15_set",
    "src_path": "/data/file/cubeManager/PROJECT001/53/txt20211006134451062713/KAKAO_973_15_set/",
    "label_path": "/data/file/cubeManager/PROJECT001/53/txt20211006134451062713/KAKAO_973_15_set/",
    "category": 2,
    "type": 0
  },
  "licenses": {
    "name": "Apache License 1.0",
    "url": "http://www.apache.org/licenses/LICENSE-1.0"
  },
  "info": [
    {
      "id": 43095,
      "filename": "KAKAO_973_15.txt",
      "title": "KAKAO_973_15",
      "mediatype": "SNS",
      "medianame": "카카오톡",
      "category": "일상대화",
      "date": "2021-10-06",
      "size": 510,
      "annotations": {
        "subject": "타 국가 이슈",
        "speaker_type": "1:1",
        "size": 510,
        "word_size": 172,
        "text": "1 : 세계 코뿔소의 날이 있는 거 알아?\n2 : 아니 키키 뭐 그런 날도 있나?\n1 : 나도 처음 알았다 세계 사회 뉴스 보는데 나오네\n2 : 키키 뭐 하는 날인데?\n1 : 외뿔코뿔소 최대 서식지가 인도에 있대\n1 : 근데 코뿔소 밀렵,뿔 밀수를 하지 말아야 한다는 의미로 뿔 2500개를 소각했대\n2 : 그게 말이 되나 ㅜ\n2 : 뭐 그렇노 코뿔소가 무슨 잘못이고\n1 : 그중에 일부는 보관 돼있던 뿔이라더라\n2 : ㅜㅜ 코뿔소 불쌍하노\n2 : 뭐 그런 뉴스 보고 왔노\n1 : 중국이랑 동남아시아에서 약재로 고가에 팔리나 봐\n1 : 뿔 하나에 최소 8000만 원이래\n2 : 중국은 어딜 가나 그런 얘기에 안 빠지노\n1 : 코뿔소 뿔 밀수 하지 말라는 의미로 다 태워버렸나 보다\n2 : 그래도 할 거 같다 밀수 하는 사람은 어딜 가나 있지 않아\n1 : 돈 된다면 뭐든 물불 안 가리고 다 하는 사람 많지 ㅠㅠ\n2 : 아무리 돈 많이 번다고 해도 그런 건 하면 안 되지\n1 : 그러니까 다 잡아 넣어야 돼\n2 : 어 그런 사람들은 다 잡아야 된다",
        "lines": [
          {
            "id": 1,
            "text": "1 : 세계 코뿔소의 날이 있는 거 알아?",
            "norm_text": "세계 코뿔소의 날이 있는 거 알아?",
            "speaker": {
              "id": "1번",
              "sex": "여성",
              "age": "20대"
            },
            "speechAct": "(지시) 질문하기",
            "morpheme": "세계/NNG+코뿔소/NNG+의/JKG+날/NNG+이/JKS+있/VA+는/ETM+거/NNB+알/VV+아/EF"
          },
          {
            "id": 2,
            "text": "2 : 아니 키키 뭐 그런 날도 있나?",
            "norm_text": "아니 키키 뭐 그런 날도 있나?",
            "speaker": {
              "id": "2번",
              "sex": "남성",
              "age": "30대"
            },
            "speechAct": "(단언) 진술하기",
            "morpheme": "아니/IC+키/NNG+키/XSV+ETN+뭐/IC+그런/MM+날/NNG+도/JX+있/VA+나/EF"
          },
          {
            "id": 3,
            "text": "1 : 나도 처음 알았다 세계 사회 뉴스 보는데 나오네",
            "norm_text": "나도 처음 알았다 세계 사회 뉴스 보는데 나오네",
            "speaker": {
              "id": "1번",
              "sex": "여성",
              "age": "20대"
            },
            "speechAct": "(단언) 진술하기",
            "morpheme": "나/NP+도/JX+처음/MAG+알/VV+았/EP+다/EC+세계/NNG+사회/NNG+뉴스/NNG+보/VV+는/ETM+데/NNB+나오/VV+네/EC"
          },
          {
            "id": 4,
            "text": "2 : 키키 뭐 하는 날인데?",
            "norm_text": "키키 뭐 하는 날인데?",
            "speaker": {
              "id": "2번",
              "sex": "남성",
              "age": "30대"
            },
            "speechAct": "(지시) 질문하기",
            "morpheme": "키/NNG+키/XSV+ETN+뭐/IC+하/VV+는/ETM+날/NNG+인데/VCP+EF"
          },
          {
            "id": 5,
            "text": "1 : 외뿔코뿔소 최대 서식지가 인도에 있대",
            "norm_text": "외뿔코뿔소 최대 서식지가 인도에 있대",
            "speaker": {
              "id": "1번",
              "sex": "여성",
              "age": "20대"
            },
            "speechAct": "(단언) 진술하기",
            "morpheme": "외/NNG+뿔/NNG+코뿔소/NNG+최대/NNG+서식지/NNG+가/JKS+인도/NNP+에/JKB+있/VV+대/EC"
          },
          {
            "id": 6,
            "text": "1 : 근데 코뿔소 밀렵,뿔 밀수를 하지 말아야 한다는 의미로 뿔 2500개를 소각했대",
            "norm_text": "근데 코뿔소 밀렵,뿔 밀수를 하지 말아야 한다는 의미로 뿔 2500개를 소각했대",
            "speaker": {
              "id": "1번",
              "sex": "여성",
              "age": "20대"
            },
            "speechAct": "(단언) 진술하기",
            "morpheme": "근데/MAJ+코뿔소/NNG+밀렵/NNG+,/SC+뿔/NNG+밀수/NNG+를/JKO+하/VV+지/EC+말/VX+아야/EC+한다는/VX+ETM+의미/NNG+로/JKB+뿔/NNG+2500/SN+개/NNBC+를/JKO+소각/NNG+했/XSV+EP+대/EC"
          },
          {
            "id": 7,
            "text": "2 : 그게 말이 되나 ㅜ",
            "norm_text": "그게 말이 되나 ㅜ",
            "speaker": {
              "id": "2번",
              "sex": "남성",
              "age": "30대"
            },
            "speechAct": "(단언) 주장하기",
            "morpheme": "그게/NP+JKS+말/NNG+이/JKS+되/VV+나/EC+ㅜ/UNKNOWN"
          },
          {
            "id": 8,
            "text": "2 : 뭐 그렇노 코뿔소가 무슨 잘못이고",
            "norm_text": "뭐 그렇노 코뿔소가 무슨 잘못이고",
            "speaker": {
              "id": "2번",
              "sex": "남성",
              "age": "30대"
            },
            "speechAct": "(단언) 주장하기",
            "morpheme": "뭐/IC+그렇/VA+노/EC+코뿔소/NNG+가/JKS+무슨/MM+잘못/NNG+이/VCP+고/EC"
          },
          {
            "id": 9,
            "text": "1 : 그중에 일부는 보관 돼있던 뿔이라더라",
            "norm_text": "그중에 일부는 보관 돼있던 뿔이라더라",
            "speaker": {
              "id": "1번",
              "sex": "여성",
              "age": "20대"
            },
            "speechAct": "(단언) 진술하기",
            "morpheme": "그/MM+중/NNB+에/JKB+일부/NNG+는/JX+보관/NNG+돼/XSV+EC+있/VX+던/ETM+뿔/NNG+이/VCP+라더라/EC"
          },
          {
            "id": 10,
            "text": "2 : ㅜㅜ 코뿔소 불쌍하노",
            "norm_text": "ㅜㅜ 코뿔소 불쌍하노",
            "speaker": {
              "id": "2번",
              "sex": "남성",
              "age": "30대"
            },
            "speechAct": "(단언) 주장하기",
            "morpheme": "ㅜㅜ/UNKNOWN+코뿔소/NNG+불쌍/XR+하/XSA+노/EC"
          },
          {
            "id": 11,
            "text": "2 : 뭐 그런 뉴스 보고 왔노",
            "norm_text": "뭐 그런 뉴스 보고 왔노",
            "speaker": {
              "id": "2번",
              "sex": "남성",
              "age": "30대"
            },
            "speechAct": "(단언) 주장하기",
            "morpheme": "뭐/IC+그런/MM+뉴스/NNG+보/VV+고/EC+왔/VX+EP+노/EC"
          },
          {
            "id": 12,
            "text": "1 : 중국이랑 동남아시아에서 약재로 고가에 팔리나 봐",
            "norm_text": "중국이랑 동남아시아에서 약재로 고가에 팔리나 봐",
            "speaker": {
              "id": "1번",
              "sex": "여성",
              "age": "20대"
            },
            "speechAct": "(단언) 진술하기",
            "morpheme": "중국/NNP+이랑/JC+동남아시아/NNP+에서/JKB+약재/NNG+로/JKB+고가/NNG+에/JKB+팔리/VV+나/EC+봐/VX+EC"
          },
          {
            "id": 13,
            "text": "1 : 뿔 하나에 최소 8000만 원이래",
            "norm_text": "뿔 하나에 최소 8000만 원이래",
            "speaker": {
              "id": "1번",
              "sex": "여성",
              "age": "20대"
            },
            "speechAct": "(단언) 진술하기",
            "morpheme": "뿔/NNG+하나/NR+에/JKB+최소/NNG+8000/SN+만/NR+원/NNBC+이래/NNG"
          },
          {
            "id": 14,
            "text": "2 : 중국은 어딜 가나 그런 얘기에 안 빠지노",
            "norm_text": "중국은 어딜 가나 그런 얘기에 안 빠지노",
            "speaker": {
              "id": "2번",
              "sex": "남성",
              "age": "30대"
            },
            "speechAct": "(단언) 주장하기",
            "morpheme": "중국/NNP+은/JX+어딜/NP+JKO+가/VV+나/EC+그런/MM+얘기/NNG+에/JKB+안/MAG+빠지/VV+노/EC"
          },
          {
            "id": 15,
            "text": "1 : 코뿔소 뿔 밀수 하지 말라는 의미로 다 태워버렸나 보다",
            "norm_text": "코뿔소 뿔 밀수 하지 말라는 의미로 다 태워버렸나 보다",
            "speaker": {
              "id": "1번",
              "sex": "여성",
              "age": "20대"
            },
            "speechAct": "(단언) 주장하기",
            "morpheme": "코뿔소/NNG+뿔/NNG+밀수/NNG+하/XSV+지/EC+말/VX+라는/ETM+의미/NNG+로/JKB+다/MAG+태워버렸/VV+EC+VX+EP+나/NP+보다/JKB"
          },
          {
            "id": 16,
            "text": "2 : 그래도 할 거 같다 밀수 하는 사람은 어딜 가나 있지 않아",
            "norm_text": "그래도 할 거 같다 밀수 하는 사람은 어딜 가나 있지 않아",
            "speaker": {
              "id": "2번",
              "sex": "남성",
              "age": "30대"
            },
            "speechAct": "(단언) 주장하기",
            "morpheme": "그래도/MAJ+할/VV+ETM+거/NNB+같/VA+다/EC+밀수/NNG+하/XSV+는/ETM+사람/NNG+은/JX+어딜/NP+JKO+가/VV+나/EC+있/VX+지/EC+않/VX+아/EC"
          },
          {
            "id": 17,
            "text": "1 : 돈 된다면 뭐든 물불 안 가리고 다 하는 사람 많지 ㅠㅠ",
            "norm_text": "돈 된다면 뭐든 물불 안 가리고 다 하는 사람 많지 ㅠㅠ",
            "speaker": {
              "id": "1번",
              "sex": "여성",
              "age": "20대"
            },
            "speechAct": "(단언) 주장하기",
            "morpheme": "돈/NNG+된다면/XSV+EC+뭐/IC+든물/NNG+불안/NNG+가리/VV+고/EC+다/MAG+하/VV+는/ETM+사람/NNG+많/VA+지/EC+ㅠㅠ/UNKNOWN"
          },
          {
            "id": 18,
            "text": "2 : 아무리 돈 많이 번다고 해도 그런 건 하면 안 되지",
            "norm_text": "아무리 돈 많이 번다고 해도 그런 건 하면 안 되지",
            "speaker": {
              "id": "2번",
              "sex": "남성",
              "age": "30대"
            },
            "speechAct": "(단언) 주장하기",
            "morpheme": "아무리/MAG+돈/NNG+많이/MAG+번다고/VV+EC+해도/VV+EC+그런/MM+건/NNB+JX+하/VV+면/EC+안/MAG+되/VV+지/EC"
          },
          {
            "id": 19,
            "text": "1 : 그러니까 다 잡아 넣어야 돼",
            "norm_text": "그러니까 다 잡아 넣어야 돼",
            "speaker": {
              "id": "1번",
              "sex": "여성",
              "age": "20대"
            },
            "speechAct": "(단언) 주장하기",
            "morpheme": "그러니까/MAJ+다/MAG+잡/VV+아/EC+넣/VV+어야/EC+돼/VV+EC"
          },
          {
            "id": 20,
            "text": "2 : 어 그런 사람들은 다 잡아야 된다",
            "norm_text": "어 그런 사람들은 다 잡아야 된다",
            "speaker": {
              "id": "2번",
              "sex": "남성",
              "age": "30대"
            },
            "speechAct": "(단언) 주장하기",
            "morpheme": "어/IC+그런/MM+사람/NNG+들/XSN+은/JX+다/MAG+잡/VV+아야/EC+된다/VV+EC"
          }
        ]
      }
    }
  ]
}