{
  "dataset": {
    "identifier": 63133,
    "name": "KAKAO_918_03_set",
    "src_path": "/data/file/cubeManager/PROJECT001/53/txt20211005154951047891/KAKAO_918_03_set/",
    "label_path": "/data/file/cubeManager/PROJECT001/53/txt20211005154951047891/KAKAO_918_03_set/",
    "category": 2,
    "type": 0
  },
  "licenses": {
    "name": "Apache License 1.0",
    "url": "http://www.apache.org/licenses/LICENSE-1.0"
  },
  "info": [
    {
      "id": 41780,
      "filename": "KAKAO_918_03.txt",
      "title": "KAKAO_918_03",
      "mediatype": "SNS",
      "medianame": "카카오톡",
      "category": "일상대화",
      "date": "2021-10-05",
      "size": 378,
      "annotations": {
        "subject": "교통",
        "speaker_type": "1:1",
        "size": 378,
        "word_size": 132,
        "text": "1 : 자동차는 언제 산 거야?\n2 : 나 한 3년 정도 됐을걸?\n1 : 오 오래 탔넹?\n1 : 바꿀 마음은 없나?\n2 : 내년에 바꿀까 싶다 모닝 너무 작아서\n1 : 모닝은 여자들이 타기에 안성 맞춤이라더랑 키키\n2 : 동생한테 팔까 동생 면허 따면 키키\n1 : 키키 동생은 면허 딸려고 하고 있나?\n2 : 어 키키 말만 계속 하는 중이다\n1 : 키키 2종 따려고 하는 거제?\n2 : 어 키키 1종은 안 할려고 하더라\n1 : 맞다 키키 굳이 1종 딸 필요는 없는 것 같더라\n2 : 학원 안 보내고 내가 가르쳐 줄라고\n1 : 그렇게도 할 수 있나?\n1 : 나도 학원 다녔는데 키키\n2 : 키키 한번 배운 적 있어 가지고 기억하겠지\n1 : 키키 동생 면허 딸 때까지 시달리겠네\n2 : 몇 달은 걸리지 않겠나?",
        "lines": [
          {
            "id": 1,
            "text": "1 : 자동차는 언제 산 거야?",
            "norm_text": "자동차는 언제 산 거야?",
            "speaker": {
              "id": "1번",
              "sex": "여성",
              "age": "20대"
            },
            "speechAct": "(지시) 질문하기",
            "morpheme": "자동차/NNG+는/JX+언제/MAG+산거야/VV+ETM+NNB+VCP+EF"
          },
          {
            "id": 2,
            "text": "2 : 나 한 3년 정도 됐을걸?",
            "norm_text": "나 한 3년 정도 됐을걸?",
            "speaker": {
              "id": "2번",
              "sex": "남성",
              "age": "30대"
            },
            "speechAct": "(단언) 진술하기",
            "morpheme": "나/NP+한/MM+3/SN+년/NNBC+정도/NNG+됐/XSV+EP+을걸/EF"
          },
          {
            "id": 3,
            "text": "1 : 오 오래 탔넹?",
            "norm_text": "오 오래 탔넹?",
            "speaker": {
              "id": "1번",
              "sex": "여성",
              "age": "20대"
            },
            "speechAct": "(단언) 주장하기",
            "morpheme": "오/IC+오래/MAG+탔/VV+EP+넹/NNP"
          },
          {
            "id": 4,
            "text": "1 : 바꿀 마음은 없나?",
            "norm_text": "바꿀 마음은 없나?",
            "speaker": {
              "id": "1번",
              "sex": "여성",
              "age": "20대"
            },
            "speechAct": "(지시) 질문하기",
            "morpheme": "바꿀/VV+ETM+마음/NNG+은/JX+없/VA+나/EF"
          },
          {
            "id": 5,
            "text": "2 : 내년에 바꿀까 싶다 모닝 너무 작아서",
            "norm_text": "내년에 바꿀까 싶다 모닝 너무 작아서",
            "speaker": {
              "id": "2번",
              "sex": "남성",
              "age": "30대"
            },
            "speechAct": "(단언) 진술하기",
            "morpheme": "내년/NNG+에/JKB+바꿀까/VV+EC+싶/VX+다/EF+모닝/NNP+너무/MAG+작/VA+아서/EC"
          },
          {
            "id": 6,
            "text": "1 : 모닝은 여자들이 타기에 안성 맞춤이라더랑 키키",
            "norm_text": "모닝은 여자들이 타기에 안성 맞춤이라더랑 키키",
            "speaker": {
              "id": "1번",
              "sex": "여성",
              "age": "20대"
            },
            "speechAct": "(단언) 진술하기",
            "morpheme": "모닝/NNP+은/JX+여자/NNG+들/XSN+이/JKS+타/VV+기/ETN+에/JKB+안성맞춤/NNG+이/VCP+라/EC+더/MAG+랑/JC+키/NNG+키/XSV+ETN"
          },
          {
            "id": 7,
            "text": "2 : 동생한테 팔까 동생 면허 따면 키키",
            "norm_text": "동생한테 팔까 동생 면허 따면 키키",
            "speaker": {
              "id": "2번",
              "sex": "남성",
              "age": "30대"
            },
            "speechAct": "(지시) 질문하기",
            "morpheme": "동생/NNG+한테/JKB+팔/VV+까/EC+동생/NNG+면허/NNG+따/VV+면/EC+키/NNG+키/XSV+ETN"
          },
          {
            "id": 8,
            "text": "1 : 키키 동생은 면허 딸려고 하고 있나?",
            "norm_text": "키키 동생은 면허 딸려고 하고 있나?",
            "speaker": {
              "id": "1번",
              "sex": "여성",
              "age": "20대"
            },
            "speechAct": "(지시) 질문하기",
            "morpheme": "키/NNG+키/NNG+동생/NNG+은/JX+면허/NNG+딸려고/VV+EC+하/VV+고/EC+있/VX+나/EF"
          },
          {
            "id": 9,
            "text": "2 : 어 키키 말만 계속 하는 중이다",
            "norm_text": "어 키키 말만 계속 하는 중이다",
            "speaker": {
              "id": "2번",
              "sex": "남성",
              "age": "30대"
            },
            "speechAct": "(단언) 진술하기",
            "morpheme": "어/IC+키/NNG+키/NNG+말/NNG+만/JX+계속/NNG+하/XSV+는/ETM+중/NNB+이/VCP+다/EC"
          },
          {
            "id": 10,
            "text": "1 : 키키 2종 따려고 하는 거제?",
            "norm_text": "키키 2종 따려고 하는 거제?",
            "speaker": {
              "id": "1번",
              "sex": "여성",
              "age": "20대"
            },
            "speechAct": "(지시) 질문하기",
            "morpheme": "키/NNG+키/XSV+ETN+2/SN+종/NNG+따/VV+려고/EC+하/VV+는/ETM+거/NNB+제/VCP+EF"
          },
          {
            "id": 11,
            "text": "2 : 어 키키 1종은 안 할려고 하더라",
            "norm_text": "어 키키 1종은 안 할려고 하더라",
            "speaker": {
              "id": "2번",
              "sex": "남성",
              "age": "30대"
            },
            "speechAct": "(단언) 진술하기",
            "morpheme": "어/IC+키/NNG+키/XSV+ETN+1/SN+종/NNG+은/JX+안/MAG+할려고/VV+EC+하/VV+더라/EC"
          },
          {
            "id": 12,
            "text": "1 : 맞다 키키 굳이 1종 딸 필요는 없는 것 같더라",
            "norm_text": "맞다 키키 굳이 1종 딸 필요는 없는 것 같더라",
            "speaker": {
              "id": "1번",
              "sex": "여성",
              "age": "20대"
            },
            "speechAct": "(단언) 진술하기",
            "morpheme": "맞/VV+다/EC+키/NNG+키/NNG+굳이/MAG+1/SN+종/NNG+딸/NNG+필요/NNG+는/JX+없/VA+는/ETM+것/NNB+같/VA+더라/EC"
          },
          {
            "id": 13,
            "text": "2 : 학원 안 보내고 내가 가르쳐 줄라고",
            "norm_text": "학원 안 보내고 내가 가르쳐 줄라고",
            "speaker": {
              "id": "2번",
              "sex": "남성",
              "age": "30대"
            },
            "speechAct": "(단언) 진술하기",
            "morpheme": "학원/NNG+안/MAG+보내/VV+고/EC+내/NP+가/JKS+가르쳐/VV+EC+줄라고/VX+EC"
          },
          {
            "id": 14,
            "text": "1 : 그렇게도 할 수 있나?",
            "norm_text": "그렇게도 할 수 있나?",
            "speaker": {
              "id": "1번",
              "sex": "여성",
              "age": "20대"
            },
            "speechAct": "(지시) 질문하기",
            "morpheme": "그렇게/MAG+도/JX+할/VV+ETM+수/NNB+있/VV+나/EF"
          },
          {
            "id": 15,
            "text": "1 : 나도 학원 다녔는데 키키",
            "norm_text": "나도 학원 다녔는데 키키",
            "speaker": {
              "id": "1번",
              "sex": "여성",
              "age": "20대"
            },
            "speechAct": "(단언) 진술하기",
            "morpheme": "나/NP+도/JX+학원/NNG+다녔/VV+EP+는데/EC+키/NNG+키/XSV+ETN"
          },
          {
            "id": 16,
            "text": "2 : 키키 한번 배운 적 있어 가지고 기억하겠지",
            "norm_text": "키키 한번 배운 적 있어 가지고 기억하겠지",
            "speaker": {
              "id": "2번",
              "sex": "남성",
              "age": "30대"
            },
            "speechAct": "(단언) 주장하기",
            "morpheme": "키/NNG+키/XSV+ETN+한/MM+번/NNBC+배운/VV+ETM+적/NNB+있/VA+어/EC+가지/VX+고/EC+기억/NNG+하/XSV+겠/EP+지/EC"
          },
          {
            "id": 17,
            "text": "1 : 키키 동생 면허 딸 때까지 시달리겠네",
            "norm_text": "키키 동생 면허 딸 때까지 시달리겠네",
            "speaker": {
              "id": "1번",
              "sex": "여성",
              "age": "20대"
            },
            "speechAct": "(단언) 주장하기",
            "morpheme": "키/NNG+키/NNG+동생/NNG+면허/NNG+딸/NNG+때/NNG+까지/JX+시달리/VV+겠/EP+네/EF"
          },
          {
            "id": 18,
            "text": "2 : 몇 달은 걸리지 않겠나?",
            "norm_text": "몇 달은 걸리지 않겠나?",
            "speaker": {
              "id": "2번",
              "sex": "남성",
              "age": "30대"
            },
            "speechAct": "(단언) 주장하기",
            "morpheme": "몇/MM+달/NNG+은/JX+걸리/VV+지/EC+않/VX+겠/EP+나/EF"
          }
        ]
      }
    }
  ]
}