{
  "dataset": {
    "identifier": 34859,
    "name": "KAKAO_956_09_set",
    "src_path": "/data/file/cubeManager/PROJECT001/53/txt20211005163702014748/KAKAO_956_09_set/",
    "label_path": "/data/file/cubeManager/PROJECT001/53/txt20211005163702014748/KAKAO_956_09_set/",
    "category": 2,
    "type": 0
  },
  "licenses": {
    "name": "Apache License 1.0",
    "url": "http://www.apache.org/licenses/LICENSE-1.0"
  },
  "info": [
    {
      "id": 42647,
      "filename": "KAKAO_956_09.txt",
      "title": "KAKAO_956_09",
      "mediatype": "SNS",
      "medianame": "카카오톡",
      "category": "일상대화",
      "date": "2021-10-05",
      "size": 418,
      "annotations": {
        "subject": "반려동물",
        "speaker_type": "1:1",
        "size": 418,
        "word_size": 139,
        "text": "1 : 난 혼자 살면 고양이 키울 거야 키키\n2 : 키키 니 고양이 좋아함?\n1 : 엉 키키 난 어릴 때부터 고양이 좋아했다 ㅠㅠ\n2 : 키키 나는 동물은 별로 안 좋아하는 듯\n1 : 동물을 다 안 좋아하나?\n2 : 응 키키 보는 건 괜찮은데 만지고 이런 거는 싫다\n1 : 키키 그래도 고양이는 귀엽다고...\n2 : 키키 길 고양이 많잖아 한 마리 데리고 가라\n1 : 키키 안 된다 난 아직 엄마가 무섭다\n2 : 아 엄마는 고양이 싫어하심?\n1 : 엉 키키 엄청 싫어한다 털 달린 동물은 다 싫대 오빠야처럼 키키\n2 : 키키 어머니 말씀 들어라\n1 : 그래야지 키키 저번에 한번 데리고 갔다가 울고불고 난리 났었다\n2 : 헐 ㅜㅜ 그럼 키우면 안 되지 ㅠㅜ그렇게 싫어하시는데\n1 : 왜 그래도 데려가면 또 좋아한다는 국룰이 있잖아 ㅠ\n2 : 고양이는 털 많이 빠진다 아니가?",
        "lines": [
          {
            "id": 1,
            "text": "1 : 난 혼자 살면 고양이 키울 거야 키키",
            "norm_text": "난 혼자 살면 고양이 키울 거야 키키",
            "speaker": {
              "id": "1번",
              "sex": "여성",
              "age": "20대"
            },
            "speechAct": "(단언) 주장하기",
            "morpheme": "난/NP+JX+혼자/MAG+살/VV+면/EC+고양이/NNG+키울/VV+ETM+거/NNB+야/VCP+EF+키/NNG+키/XSV+ETN"
          },
          {
            "id": 2,
            "text": "2 : 키키 니 고양이 좋아함?",
            "norm_text": "키키 니 고양이 좋아함?",
            "speaker": {
              "id": "2번",
              "sex": "남성",
              "age": "20대"
            },
            "speechAct": "(지시) 질문하기",
            "morpheme": "키/NNG+키/VV+니/EC+고양이/NNG+좋/VA+아함/IC+ETN"
          },
          {
            "id": 3,
            "text": "1 : 엉 키키 난 어릴 때부터 고양이 좋아했다 ㅠㅠ",
            "norm_text": "엉 키키 난 어릴 때부터 고양이 좋아했다 ㅠㅠ",
            "speaker": {
              "id": "1번",
              "sex": "여성",
              "age": "20대"
            },
            "speechAct": "(단언) 주장하기",
            "morpheme": "엉/IC+키/NNG+키/XSV+ETN+난/NP+JX+어릴/VA+ETM+때/NNG+부터/JX+고양이/NNG+좋/VA+아/EC+했/VX+EP+다/EF+ㅠㅠ/UNKNOWN"
          },
          {
            "id": 4,
            "text": "2 : 키키 나는 동물은 별로 안 좋아하는 듯",
            "norm_text": "키키 나는 동물은 별로 안 좋아하는 듯",
            "speaker": {
              "id": "2번",
              "sex": "남성",
              "age": "20대"
            },
            "speechAct": "(단언) 주장하기",
            "morpheme": "키/NNG+키나/XSA+ETN+JX+는/JX+동물/NNG+은/JX+별로/MAG+안/MAG+좋아하/VV+는/ETM+듯/NNB"
          },
          {
            "id": 5,
            "text": "1 : 동물을 다 안 좋아하나?",
            "norm_text": "동물을 다 안 좋아하나?",
            "speaker": {
              "id": "1번",
              "sex": "여성",
              "age": "20대"
            },
            "speechAct": "(지시) 질문하기",
            "morpheme": "동물/NNG+을/JKO+다/MAG+안/MAG+좋/VA+아/EC+하나/NR"
          },
          {
            "id": 6,
            "text": "2 : 응 키키 보는 건 괜찮은데 만지고 이런 거는 싫다",
            "norm_text": "응 키키 보는 건 괜찮은데 만지고 이런 거는 싫다",
            "speaker": {
              "id": "2번",
              "sex": "남성",
              "age": "20대"
            },
            "speechAct": "(단언) 주장하기",
            "morpheme": "응/IC+키/NNG+키/XSV+ETN+보/VV+는/ETM+건/NNB+JX+괜찮/VA+은/ETM+데/NNB+만지/VV+고/EC+이런/MM+거/NNB+는/JX+싫/VA+다/EC"
          },
          {
            "id": 7,
            "text": "1 : 키키 그래도 고양이는 귀엽다고...",
            "norm_text": "키키 그래도 고양이는 귀엽다고...",
            "speaker": {
              "id": "1번",
              "sex": "여성",
              "age": "20대"
            },
            "speechAct": "(단언) 진술하기",
            "morpheme": "키/NNG+키/XSV+ETN+그래도/MAJ+고양이/NNG+는/JX+귀엽/VA+다고/EC+./SY+./SY"
          },
          {
            "id": 8,
            "text": "2 : 키키 길 고양이 많잖아 한 마리 데리고 가라",
            "norm_text": "키키 길 고양이 많잖아 한 마리 데리고 가라",
            "speaker": {
              "id": "2번",
              "sex": "남성",
              "age": "20대"
            },
            "speechAct": "(단언) 주장하기",
            "morpheme": "키/NNG+키길/NNG+고양이/NNG+많/VA+잖아/EC+한/MM+마리/NNBC+데리/VV+고/EC+가/VX+라/EC"
          },
          {
            "id": 9,
            "text": "1 : 키키 안 된다 난 아직 엄마가 무섭다",
            "norm_text": "키키 안 된다 난 아직 엄마가 무섭다",
            "speaker": {
              "id": "1번",
              "sex": "여성",
              "age": "20대"
            },
            "speechAct": "(단언) 주장하기",
            "morpheme": "키/NNG+키/NNG+안/MAG+된다/VV+EF+난/NP+JX+아직/MAG+엄마/NNG+가/JKS+무섭/VA+다/EC"
          },
          {
            "id": 10,
            "text": "2 : 아 엄마는 고양이 싫어하심?",
            "norm_text": "아 엄마는 고양이 싫어하심?",
            "speaker": {
              "id": "2번",
              "sex": "남성",
              "age": "20대"
            },
            "speechAct": "(지시) 질문하기",
            "morpheme": "아/IC+엄마/NNG+는/JX+고양이/NNG+싫/VA+어/EC+하/VX+심/EP+ETN"
          },
          {
            "id": 11,
            "text": "1 : 엉 키키 엄청 싫어한다 털 달린 동물은 다 싫대 오빠야처럼 키키",
            "norm_text": "엉 키키 엄청 싫어한다 털 달린 동물은 다 싫대 오빠야처럼 키키",
            "speaker": {
              "id": "1번",
              "sex": "여성",
              "age": "20대"
            },
            "speechAct": "(단언) 진술하기",
            "morpheme": "엉/IC+키/NNG+키/NNG+엄청/MAG+싫/VA+어/EC+한다/VX+EC+털/NNG+달린/VV+ETM+동물/NNG+은/JX+다/MAG+싫/VA+대/EF+오빠/NNG+야/VCP+EF+처럼/JKB+키/NNG+키/XSV+ETN"
          },
          {
            "id": 12,
            "text": "2 : 키키 어머니 말씀 들어라",
            "norm_text": "키키 어머니 말씀 들어라",
            "speaker": {
              "id": "2번",
              "sex": "남성",
              "age": "20대"
            },
            "speechAct": "(단언) 주장하기",
            "morpheme": "키/NNG+키/NNG+어머니/NNG+말씀/NNG+들어라/VV+EC"
          },
          {
            "id": 13,
            "text": "1 : 그래야지 키키 저번에 한번 데리고 갔다가 울고불고 난리 났었다",
            "norm_text": "그래야지 키키 저번에 한번 데리고 갔다가 울고불고 난리 났었다",
            "speaker": {
              "id": "1번",
              "sex": "여성",
              "age": "20대"
            },
            "speechAct": "(단언) 진술하기",
            "morpheme": "그래야지/VV+EC+키/NNG+키/NNG+저번/NNG+에/JKB+한/MM+번/NNBC+데리/VV+고/EC+갔/VV+EP+다가/EC+울고불/VV+고/EC+난리/NNG+났었/VV+EP+다/EC"
          },
          {
            "id": 14,
            "text": "2 : 헐 ㅜㅜ 그럼 키우면 안 되지 ㅠㅜ그렇게 싫어하시는데",
            "norm_text": "헐 ㅜㅜ 그럼 키우면 안 되지 ㅠㅜ그렇게 싫어하시는데",
            "speaker": {
              "id": "2번",
              "sex": "남성",
              "age": "20대"
            },
            "speechAct": "(단언) 진술하기",
            "morpheme": "헐/VV+JKO+ㅜㅜ/UNKNOWN+그럼/MAJ+키우/VV+면/EC+안/MAG+되/VV+지/EC+ㅠㅜ/UNKNOWN+그렇게/MAG+싫/VA+어/EC+하/VX+시/EP+는데/EC"
          },
          {
            "id": 15,
            "text": "1 : 왜 그래도 데려가면 또 좋아한다는 국룰이 있잖아 ㅠ",
            "norm_text": "왜 그래도 데려가면 또 좋아한다는 국룰이 있잖아 ㅠ",
            "speaker": {
              "id": "1번",
              "sex": "여성",
              "age": "20대"
            },
            "speechAct": "(단언) 진술하기",
            "morpheme": "왜/MAG+그래도/VV+EC+데려가/VV+면/EC+또/MAG+좋/VA+아/EC+한다는/VX+ETM+국/NNG+룰/NNG+이/JKS+있/VA+잖아/EF+ㅠ/UNKNOWN"
          },
          {
            "id": 16,
            "text": "2 : 고양이는 털 많이 빠진다 아니가?",
            "norm_text": "고양이는 털 많이 빠진다 아니가?",
            "speaker": {
              "id": "2번",
              "sex": "남성",
              "age": "20대"
            },
            "speechAct": "(지시) 질문하기",
            "morpheme": "고양이/NNG+는/JX+털/NNG+많이/MAG+빠진다/VV+EC+아니/VCN+가/EF"
          }
        ]
      }
    }
  ]
}