{
  "dataset": {
    "identifier": 44965,
    "name": "KAKAO_942_10_set",
    "src_path": "/data/file/cubeManager/PROJECT001/53/txt20211005161523081660/KAKAO_942_10_set/",
    "label_path": "/data/file/cubeManager/PROJECT001/53/txt20211005161523081660/KAKAO_942_10_set/",
    "category": 2,
    "type": 0
  },
  "licenses": {
    "name": "Apache License 1.0",
    "url": "http://www.apache.org/licenses/LICENSE-1.0"
  },
  "info": [
    {
      "id": 42087,
      "filename": "KAKAO_942_10.txt",
      "title": "KAKAO_942_10",
      "mediatype": "SNS",
      "medianame": "카카오톡",
      "category": "일상대화",
      "date": "2021-10-05",
      "size": 567,
      "annotations": {
        "subject": "스포츠/레저",
        "speaker_type": "1:1",
        "size": 567,
        "word_size": 186,
        "text": "1 : 캠핑 가면 강아지들 데꼬 오는 사람 많아\n2 : 혼자 오시는 분들도 강아지 많이 데리고 오지?\n1 : 웅! 반려동물 같이 가능한 캠핑장 많거든\n2 : 역시 반려동물은 가족이니까.\n2 : 사랑이다 사랑둥이\n1 : 웅 ㅠㅠ 난 강아지가 없지만 일부러 강아지 보러 그런 캠핑장을 가.\n2 : 키키 가면 같이 놀 수 있으니까 좋겠다\n1 : 캠핑은 진짜 매력이 좀 많아 키키\n1 : 강 근처면 낚시해도 되거\n2 : 캠핑 자주 다녀?\n2 : 나는 친구들이랑 몇 번 가본 게 다인데\n1 : 난 좀 즐기는 편?\n1 : 산 속에 있는 캠핑장 가면 등산도 그 김에 하고 키키 잼나 키키\n2 : 와 또 날씨도 좋아져서 가을에 가면 좋겠다\n1 : 맞지 키키 근데 텐트 치고 하는 게 힘들어서 원터치 좀 큰 거 살라고\n2 : 자꾸 하다 보면 욕심이 생긴다고 하더라고 예쁜 캠핑용품에\n1 : 맞아 원터치는 아예 끼어주지도 않으니까 키키 큰 거 사는 게 맞지 ㅠㅠ\n2 : 생각보다 너무 비싸서 좀 놀랐어\n1 : 근데 여자들끼리 갈 거면 원터치도 설치하는 게 쉬어서 좀 괜찮아 키키\n2 : 그치그치. 원터치도 나는 괜찮던데 키키\n2 : 캠핑족들 사이에서는 좀 그런가...",
        "lines": [
          {
            "id": 1,
            "text": "1 : 캠핑 가면 강아지들 데꼬 오는 사람 많아",
            "norm_text": "캠핑 가면 강아지들 데꼬 오는 사람 많아",
            "speaker": {
              "id": "1번",
              "sex": "여성",
              "age": "30대"
            },
            "speechAct": "(단언) 주장하기",
            "morpheme": "캠핑/NNG+가/VV+면/EC+강아지/NNG+들/XSN+데/NNB+꼬/VCP+EC+오/VV+는/ETM+사람/NNG+많/VA+아/EC"
          },
          {
            "id": 2,
            "text": "2 : 혼자 오시는 분들도 강아지 많이 데리고 오지?",
            "norm_text": "혼자 오시는 분들도 강아지 많이 데리고 오지?",
            "speaker": {
              "id": "2번",
              "sex": "여성",
              "age": "30대"
            },
            "speechAct": "(지시) 질문하기",
            "morpheme": "혼자/MAG+오/VV+시/EP+는/ETM+분/NNB+들/XSN+도/JX+강아지/NNG+많이/MAG+데리/VV+고/EC+오/VX+지/EF"
          },
          {
            "id": 3,
            "text": "1 : 웅! 반려동물 같이 가능한 캠핑장 많거든",
            "norm_text": "웅! 반려동물 같이 가능한 캠핑장 많거든",
            "speaker": {
              "id": "1번",
              "sex": "여성",
              "age": "30대"
            },
            "speechAct": "(단언) 주장하기",
            "morpheme": "웅/IC+반려/NNG+동물/NNG+같이/JKB+가능/NNG+한/XSA+ETM+캠핑/NNG+장/NNG+많/VA+거든/EC"
          },
          {
            "id": 4,
            "text": "2 : 역시 반려동물은 가족이니까.",
            "norm_text": "역시 반려동물은 가족이니까.",
            "speaker": {
              "id": "2번",
              "sex": "여성",
              "age": "30대"
            },
            "speechAct": "(단언) 주장하기",
            "morpheme": "역시/MAJ+반려/NNG+동물/NNG+은/JX+가족/NNG+이/VCP+니까/EF"
          },
          {
            "id": 5,
            "text": "2 : 사랑이다 사랑둥이",
            "norm_text": "사랑이다 사랑둥이",
            "speaker": {
              "id": "2번",
              "sex": "여성",
              "age": "30대"
            },
            "speechAct": "(단언) 주장하기",
            "morpheme": "사랑/NNG+이/JKS+다/MAG+사랑/NNG+둥이/NNG"
          },
          {
            "id": 6,
            "text": "1 : 웅 ㅠㅠ 난 강아지가 없지만 일부러 강아지 보러 그런 캠핑장을 가.",
            "norm_text": "웅 ㅠㅠ 난 강아지가 없지만 일부러 강아지 보러 그런 캠핑장을 가.",
            "speaker": {
              "id": "1번",
              "sex": "여성",
              "age": "30대"
            },
            "speechAct": "(단언) 주장하기",
            "morpheme": "웅/IC+ㅠㅠ/UNKNOWN+난/NP+JX+강아지/NNG+가/JKS+없/VA+지만/EC+일부러/MAG+강아지/NNG+보/VV+러/EC+그런/MM+캠핑/NNG+장/NNG+을/JKO+가/VV+EF"
          },
          {
            "id": 7,
            "text": "2 : 키키 가면 같이 놀 수 있으니까 좋겠다",
            "norm_text": "키키 가면 같이 놀 수 있으니까 좋겠다",
            "speaker": {
              "id": "2번",
              "sex": "여성",
              "age": "30대"
            },
            "speechAct": "(단언) 주장하기",
            "morpheme": "키/NNG+키/XSV+ETN+가/VV+면/EC+같이/MAG+놀/VV+ETM+수/NNB+있/VV+으니까/EC+좋/VA+겠/EP+다/EC"
          },
          {
            "id": 8,
            "text": "1 : 캠핑은 진짜 매력이 좀 많아 키키",
            "norm_text": "캠핑은 진짜 매력이 좀 많아 키키",
            "speaker": {
              "id": "1번",
              "sex": "여성",
              "age": "30대"
            },
            "speechAct": "(단언) 주장하기",
            "morpheme": "캠핑/NNG+은/JX+진짜/MAG+매력/NNG+이/JKS+좀/MAG+많/VA+아/EC+키/NNG+키/XSV+ETN"
          },
          {
            "id": 9,
            "text": "1 : 강 근처면 낚시해도 되거",
            "norm_text": "강 근처면 낚시해도 되거",
            "speaker": {
              "id": "1번",
              "sex": "여성",
              "age": "30대"
            },
            "speechAct": "(단언) 주장하기",
            "morpheme": "강/NNG+근처/NNG+면/VCP+EC+낚시/NNG+해도/XSV+EC+되/VV+거/EC"
          },
          {
            "id": 10,
            "text": "2 : 캠핑 자주 다녀?",
            "norm_text": "캠핑 자주 다녀?",
            "speaker": {
              "id": "2번",
              "sex": "여성",
              "age": "30대"
            },
            "speechAct": "(지시) 질문하기",
            "morpheme": "캠핑/NNG+자주/MAG+다녀/VV+EF"
          },
          {
            "id": 11,
            "text": "2 : 나는 친구들이랑 몇 번 가본 게 다인데",
            "norm_text": "나는 친구들이랑 몇 번 가본 게 다인데",
            "speaker": {
              "id": "2번",
              "sex": "여성",
              "age": "30대"
            },
            "speechAct": "(단언) 주장하기",
            "morpheme": "나/NP+는/JX+친구/NNG+들/XSN+이랑/JKB+몇/MM+번/NNBC+가/JKS+본/VV+ETM+게/NNB+JKS+다/MAG+인데/VCP+EC"
          },
          {
            "id": 12,
            "text": "1 : 난 좀 즐기는 편?",
            "norm_text": "난 좀 즐기는 편?",
            "speaker": {
              "id": "1번",
              "sex": "여성",
              "age": "30대"
            },
            "speechAct": "(지시) 질문하기",
            "morpheme": "난/NP+JX+좀/MAG+즐기/VV+는/ETM+편/NNB"
          },
          {
            "id": 13,
            "text": "1 : 산 속에 있는 캠핑장 가면 등산도 그 김에 하고 키키 잼나 키키",
            "norm_text": "산 속에 있는 캠핑장 가면 등산도 그 김에 하고 키키 잼나 키키",
            "speaker": {
              "id": "1번",
              "sex": "여성",
              "age": "30대"
            },
            "speechAct": "(단언) 주장하기",
            "morpheme": "산속/NNG+에/JKB+있/VV+는/ETM+캠핑/NNG+장가/NNG+면/VCP+EC+등산/NNG+도/JX+그/MM+김/NNB+에/JKB+하/VV+고/EC+키/NNG+키/XSV+ETN+잼/VV+ETN+나/JC+키/NNG+키/XSV+ETN"
          },
          {
            "id": 14,
            "text": "2 : 와 또 날씨도 좋아져서 가을에 가면 좋겠다",
            "norm_text": "와 또 날씨도 좋아져서 가을에 가면 좋겠다",
            "speaker": {
              "id": "2번",
              "sex": "여성",
              "age": "30대"
            },
            "speechAct": "(단언) 주장하기",
            "morpheme": "와/IC+또/MAG+날씨/NNG+도/JX+좋/VA+아/EC+져서/VX+EC+가을/NNG+에/JKB+가/VV+면/EC+좋/VA+겠/EP+다/EC"
          },
          {
            "id": 15,
            "text": "1 : 맞지 키키 근데 텐트 치고 하는 게 힘들어서 원터치 좀 큰 거 살라고",
            "norm_text": "맞지 키키 근데 텐트 치고 하는 게 힘들어서 원터치 좀 큰 거 살라고",
            "speaker": {
              "id": "1번",
              "sex": "여성",
              "age": "30대"
            },
            "speechAct": "(단언) 주장하기",
            "morpheme": "맞/VV+지/EC+키/NNG+키/XSV+ETN+근데/MAJ+텐트/NNG+치/VV+고/EC+하/VV+는/ETM+게/NNB+JKS+힘들/VA+어서/EC+원터치/NNG+좀/MAG+큰/VA+ETM+거/NNB+살/VV+라고/EC"
          },
          {
            "id": 16,
            "text": "2 : 자꾸 하다 보면 욕심이 생긴다고 하더라고 예쁜 캠핑용품에",
            "norm_text": "자꾸 하다 보면 욕심이 생긴다고 하더라고 예쁜 캠핑용품에",
            "speaker": {
              "id": "2번",
              "sex": "여성",
              "age": "30대"
            },
            "speechAct": "(단언) 주장하기",
            "morpheme": "자꾸/MAG+하/VV+다/EC+보/VX+면/EC+욕심/NNG+이/JKS+생긴다고/VV+EC+하/VV+더라고/EC+예쁜/VA+ETM+캠핑/NNG+용품/NNG+에/JKB"
          },
          {
            "id": 17,
            "text": "1 : 맞아 원터치는 아예 끼어주지도 않으니까 키키 큰 거 사는 게 맞지 ㅠㅠ",
            "norm_text": "맞아 원터치는 아예 끼어주지도 않으니까 키키 큰 거 사는 게 맞지 ㅠㅠ",
            "speaker": {
              "id": "1번",
              "sex": "여성",
              "age": "30대"
            },
            "speechAct": "(단언) 주장하기",
            "morpheme": "맞/VV+아/EC+원터치/NNG+는/JX+아예/MAG+끼/VV+어/EC+주/VX+지/EC+도/JX+않/VX+으니까/EC+키/NNG+키/XSV+ETN+큰/VA+ETM+거/NNB+사/VV+는/ETM+게/NNB+JKS+맞/VV+지/EC+ㅠㅠ/UNKNOWN"
          },
          {
            "id": 18,
            "text": "2 : 생각보다 너무 비싸서 좀 놀랐어",
            "norm_text": "생각보다 너무 비싸서 좀 놀랐어",
            "speaker": {
              "id": "2번",
              "sex": "여성",
              "age": "30대"
            },
            "speechAct": "(단언) 주장하기",
            "morpheme": "생각/NNG+보다/JKB+너무/MAG+비싸/VA+서/EC+좀/MAG+놀랐/VV+EP+어/EC"
          },
          {
            "id": 19,
            "text": "1 : 근데 여자들끼리 갈 거면 원터치도 설치하는 게 쉬어서 좀 괜찮아 키키",
            "norm_text": "근데 여자들끼리 갈 거면 원터치도 설치하는 게 쉬어서 좀 괜찮아 키키",
            "speaker": {
              "id": "1번",
              "sex": "여성",
              "age": "30대"
            },
            "speechAct": "(단언) 주장하기",
            "morpheme": "근데/MAJ+여자/NNG+들/XSN+끼리/XSN+갈/VV+ETM+거/NNB+면/VCP+EC+원터치/NNG+도/JX+설치/NNG+하/XSV+는/ETM+게/NNB+JKS+쉬/VV+어서/EC+좀/MAG+괜찮/VA+아/EC+키/NNG+키/XSV+ETN"
          },
          {
            "id": 20,
            "text": "2 : 그치그치. 원터치도 나는 괜찮던데 키키",
            "norm_text": "그치그치. 원터치도 나는 괜찮던데 키키",
            "speaker": {
              "id": "2번",
              "sex": "여성",
              "age": "30대"
            },
            "speechAct": "(단언) 주장하기",
            "morpheme": "그치/IC+그치/IC+원터치/NNG+도/JX+나/NP+는/JX+괜찮/VA+던데/EC+키/NNG+키/XSV+ETN"
          },
          {
            "id": 21,
            "text": "2 : 캠핑족들 사이에서는 좀 그런가...",
            "norm_text": "캠핑족들 사이에서는 좀 그런가...",
            "speaker": {
              "id": "2번",
              "sex": "여성",
              "age": "30대"
            },
            "speechAct": "(단언) 주장하기",
            "morpheme": "캠핑/NNG+족/NNG+들/XSN+사이/NNG+에서/JKB+는/JX+좀/MAG+그런가/VA+EF+./SY"
          }
        ]
      }
    }
  ]
}