{
  "dataset": {
    "identifier": 40938,
    "name": "KAKAO_936_14_set",
    "src_path": "/data/file/cubeManager/PROJECT001/53/txt20211005162622009159/KAKAO_936_14_set/",
    "label_path": "/data/file/cubeManager/PROJECT001/53/txt20211005162622009159/KAKAO_936_14_set/",
    "category": 2,
    "type": 0
  },
  "licenses": {
    "name": "Apache License 1.0",
    "url": "http://www.apache.org/licenses/LICENSE-1.0"
  },
  "info": [
    {
      "id": 42411,
      "filename": "KAKAO_936_14.txt",
      "title": "KAKAO_936_14",
      "mediatype": "SNS",
      "medianame": "카카오톡",
      "category": "일상대화",
      "date": "2021-10-05",
      "size": 617,
      "annotations": {
        "subject": "사회이슈",
        "speaker_type": "1:1",
        "size": 617,
        "word_size": 198,
        "text": "1 : 어제 문대통령이랑 탄이들 un총회 가서 연설했어 키키\n2 : 아 진짜?그게 어제였구나\n1 : 근데 진짜 공중파들 너무함 키키\n1 : 어느 곳도 생중계로 방송 안 해줌 키키\n2 : 헐? 왜?\n2 : 몇 시에 했는데?\n1 : 어제 저녁 9시인가 10시에 키키\n2 : 헐 새벽도 아닌데 왜 안 해줬지 그것도 방탄인데\n1 : 그러니까 키키\n1 : 거기다 문대통령님은 5년 연속 un총회에 초청 받으심 키키\n2 : 와우 키키 근데 최애와 최애의 만남이라니 대박~\n1 : 키키 그치? 키키 진짜 너무 행복했다 키키\n1 : 어제 떡밥 회수하느라 바빴어 키키\n2 : 대박 행복했겠다 키키\n2 : 몇 분 했어?\n1 : 키키 몇 분 했는지는 모르겠다 키키\n1 : 딱히 시간 확인 안 해서 키키\n2 : 글쿤 키키\n2 : 그럼 rm이 대표로 말했어?\n1 : 우리나라 국제 관계에 있어서 위상 대박이라고 사회자도 한국계 미국인이었엉 키키\n1 : 애들 다 돌아가면서 얘기함 그것도 한국어로 키키\n2 : 와우 키키 대박이다\n2 : 한국어로 했구나\n1 : 응 키키 이번에 un연설 3번째 인데 처음에는 리더 혼자 영어로 스피치 했거든\n1 : 두 번째는 멤버들 다 돌아가면서 한국어랑 영어 섞어서 하고 이번엔 다 한국어로 키키\n2 : 대박 멋지다 한국어로 말하는 거 키키",
        "lines": [
          {
            "id": 1,
            "text": "1 : 어제 문대통령이랑 탄이들 un총회 가서 연설했어 키키",
            "norm_text": "어제 문대통령이랑 탄이들 un총회 가서 연설했어 키키",
            "speaker": {
              "id": "1번",
              "sex": "여성",
              "age": "20대"
            },
            "speechAct": "(단언) 진술하기",
            "morpheme": "어/IC+제문/NNG+대통령/NNG+이랑/JKB+탄/VV+ETM+이/NP+들/XSN+un/SL+총회/NNG+가/VV+서/EC+연설/NNG+했/XSV+EP+어/EC+키/NNG+키/XSV+ETN"
          },
          {
            "id": 2,
            "text": "2 : 아 진짜?그게 어제였구나",
            "norm_text": "아 진짜?그게 어제였구나",
            "speaker": {
              "id": "2번",
              "sex": "여성",
              "age": "30대"
            },
            "speechAct": "(단언) 주장하기",
            "morpheme": "아/IC+진짜/MAG+그게/NP+JKS+어제/NNG+였/VCP+EP+구나/EC"
          },
          {
            "id": 3,
            "text": "1 : 근데 진짜 공중파들 너무함 키키",
            "norm_text": "근데 진짜 공중파들 너무함 키키",
            "speaker": {
              "id": "1번",
              "sex": "여성",
              "age": "20대"
            },
            "speechAct": "(단언) 주장하기",
            "morpheme": "근데/MAJ+진짜/MAG+공중/NNG+파/NNG+들/XSN+너무/MAG+함/XSA+ETN+키/NNG+키/XSV+ETN"
          },
          {
            "id": 4,
            "text": "1 : 어느 곳도 생중계로 방송 안 해줌 키키",
            "norm_text": "어느 곳도 생중계로 방송 안 해줌 키키",
            "speaker": {
              "id": "1번",
              "sex": "여성",
              "age": "20대"
            },
            "speechAct": "(단언) 진술하기",
            "morpheme": "어느/MM+곳/NNG+도/JX+생/XPN+중계/NNG+로/JKB+방송/NNG+안/MAG+해줌/VV+EC+VX+ETN+키/NNG+키/XSV+ETN"
          },
          {
            "id": 5,
            "text": "2 : 헐? 왜?",
            "norm_text": "헐? 왜?",
            "speaker": {
              "id": "2번",
              "sex": "여성",
              "age": "30대"
            },
            "speechAct": "(지시) 질문하기",
            "morpheme": "헐/IC+왜/MAG"
          },
          {
            "id": 6,
            "text": "2 : 몇 시에 했는데?",
            "norm_text": "몇 시에 했는데?",
            "speaker": {
              "id": "2번",
              "sex": "여성",
              "age": "30대"
            },
            "speechAct": "(지시) 질문하기",
            "morpheme": "몇/MM+시/NNBC+에/JKB+했/VV+EP+는데/EF"
          },
          {
            "id": 7,
            "text": "1 : 어제 저녁 9시인가 10시에 키키",
            "norm_text": "어제 저녁 9시인가 10시에 키키",
            "speaker": {
              "id": "1번",
              "sex": "여성",
              "age": "20대"
            },
            "speechAct": "(단언) 진술하기",
            "morpheme": "어제/MAG+저녁/NNG+9/SN+시/NNBC+인가/VCP+EC+10/SN+시/NNBC+에/JKB+키/NNG+키/XSV+ETN"
          },
          {
            "id": 8,
            "text": "2 : 헐 새벽도 아닌데 왜 안 해줬지 그것도 방탄인데",
            "norm_text": "헐 새벽도 아닌데 왜 안 해줬지 그것도 방탄인데",
            "speaker": {
              "id": "2번",
              "sex": "여성",
              "age": "30대"
            },
            "speechAct": "(단언) 주장하기",
            "morpheme": "헐/IC+새벽/NNG+도/JX+아닌데/VCN+EC+왜/MAG+안/MAG+해/VV+EC+줬/VX+EP+지/EF+그것/NP+도/JX+방탄/NNG+인데/VCP+EC"
          },
          {
            "id": 9,
            "text": "1 : 그러니까 키키",
            "norm_text": "그러니까 키키",
            "speaker": {
              "id": "1번",
              "sex": "여성",
              "age": "20대"
            },
            "speechAct": "(단언) 주장하기",
            "morpheme": "그러니까/MAJ+키/NNG+키/XSV+ETN"
          },
          {
            "id": 10,
            "text": "1 : 거기다 문대통령님은 5년 연속 un총회에 초청 받으심 키키",
            "norm_text": "거기다 문대통령님은 5년 연속 un총회에 초청 받으심 키키",
            "speaker": {
              "id": "1번",
              "sex": "여성",
              "age": "20대"
            },
            "speechAct": "(단언) 진술하기",
            "morpheme": "거기/NP+다문/VV+ETM+대통령/NNG+님/XSN+은/JX+5/SN+년/NNBC+연속/NNG+un/SL+총회/NNG+에/JKB+초청/NNG+받으/VV+심/EP+ETN+키/NNG+키/XSV+ETN"
          },
          {
            "id": 11,
            "text": "2 : 와우 키키 근데 최애와 최애의 만남이라니 대박~",
            "norm_text": "와우 키키 근데 최애와 최애의 만남이라니 대박~",
            "speaker": {
              "id": "2번",
              "sex": "여성",
              "age": "30대"
            },
            "speechAct": "(단언) 주장하기",
            "morpheme": "와우/IC+키/NNG+키/XSV+ETN+근데/MAJ+최애/NNG+와/JC+최애/NNG+의/JKG+만남/NNG+이/VCP+라니/EC+대박/NNG+~/SY"
          },
          {
            "id": 12,
            "text": "1 : 키키 그치? 키키 진짜 너무 행복했다 키키",
            "norm_text": "키키 그치? 키키 진짜 너무 행복했다 키키",
            "speaker": {
              "id": "1번",
              "sex": "여성",
              "age": "20대"
            },
            "speechAct": "(단언) 진술하기",
            "morpheme": "키/NNG+키/XSV+ETN+그치/IC+키/NNG+키/XSV+ETN+진짜/MAG+너무/MAG+행복/NNG+했/XSV+EP+다키키/NNP"
          },
          {
            "id": 13,
            "text": "1 : 어제 떡밥 회수하느라 바빴어 키키",
            "norm_text": "어제 떡밥 회수하느라 바빴어 키키",
            "speaker": {
              "id": "1번",
              "sex": "여성",
              "age": "20대"
            },
            "speechAct": "(단언) 진술하기",
            "morpheme": "어제/MAG+떡밥/NNG+회수/NNG+하/XSV+느라/EC+바빴/VA+EP+어/EC+키/NNG+키/XSV+ETN"
          },
          {
            "id": 14,
            "text": "2 : 대박 행복했겠다 키키",
            "norm_text": "대박 행복했겠다 키키",
            "speaker": {
              "id": "2번",
              "sex": "여성",
              "age": "30대"
            },
            "speechAct": "(단언) 주장하기",
            "morpheme": "대박/NNG+행복/NNG+했/XSV+EP+겠/EP+다키키/NNP"
          },
          {
            "id": 15,
            "text": "2 : 몇 분 했어?",
            "norm_text": "몇 분 했어?",
            "speaker": {
              "id": "2번",
              "sex": "여성",
              "age": "30대"
            },
            "speechAct": "(지시) 질문하기",
            "morpheme": "몇/MM+분/NNBC+했/VV+EP+어/EF"
          },
          {
            "id": 16,
            "text": "1 : 키키 몇 분 했는지는 모르겠다 키키",
            "norm_text": "키키 몇 분 했는지는 모르겠다 키키",
            "speaker": {
              "id": "1번",
              "sex": "여성",
              "age": "20대"
            },
            "speechAct": "(단언) 주장하기",
            "morpheme": "키/NNG+키/XSV+ETN+몇/MM+분/NNBC+했/VV+EP+는지/EC+는/JX+모르/VV+겠/EP+다키키/NNP"
          },
          {
            "id": 17,
            "text": "1 : 딱히 시간 확인 안 해서 키키",
            "norm_text": "딱히 시간 확인 안 해서 키키",
            "speaker": {
              "id": "1번",
              "sex": "여성",
              "age": "20대"
            },
            "speechAct": "(단언) 진술하기",
            "morpheme": "딱히/MAG+시간/NNG+확인/NNG+안/MAG+해서/VV+EC+키/NNG+키/XSV+ETN"
          },
          {
            "id": 18,
            "text": "2 : 글쿤 키키",
            "norm_text": "글쿤 키키",
            "speaker": {
              "id": "2번",
              "sex": "여성",
              "age": "30대"
            },
            "speechAct": "(단언) 주장하기",
            "morpheme": "글/NNG+쿤/NNP+키키/NNP"
          },
          {
            "id": 19,
            "text": "2 : 그럼 rm이 대표로 말했어?",
            "norm_text": "그럼 rm이 대표로 말했어?",
            "speaker": {
              "id": "2번",
              "sex": "여성",
              "age": "30대"
            },
            "speechAct": "(지시) 질문하기",
            "morpheme": "그럼/MAJ+rm/SL+이/JKS+대표/NNG+로/JKB+말/NNG+했/XSV+EP+어/EF"
          },
          {
            "id": 20,
            "text": "1 : 우리나라 국제 관계에 있어서 위상 대박이라고 사회자도 한국계 미국인이었엉 키키",
            "norm_text": "우리나라 국제 관계에 있어서 위상 대박이라고 사회자도 한국계 미국인이었엉 키키",
            "speaker": {
              "id": "1번",
              "sex": "여성",
              "age": "20대"
            },
            "speechAct": "(단언) 진술하기",
            "morpheme": "우리/NP+나라/NNG+국제/NNG+관계/NNG+에/JKB+있/VV+어서/EC+위상/NNG+대박/NNG+이/VCP+라고/EC+사회/NNG+자/XSN+도/JX+한국/NNP+계/XSN+미국인/NNG+이/VCP+었/EP+엉/EC+키/NNG+키/XSV+ETN"
          },
          {
            "id": 21,
            "text": "1 : 애들 다 돌아가면서 얘기함 그것도 한국어로 키키",
            "norm_text": "애들 다 돌아가면서 얘기함 그것도 한국어로 키키",
            "speaker": {
              "id": "1번",
              "sex": "여성",
              "age": "20대"
            },
            "speechAct": "(단언) 진술하기",
            "morpheme": "애/NNG+들/XSN+다/MAG+돌아가/VV+면서/EC+얘기/NNG+함/XSV+ETN+그것/NP+도/JX+한국어/NNG+로/JKB+키/NNG+키/XSV+ETN"
          },
          {
            "id": 22,
            "text": "2 : 와우 키키 대박이다",
            "norm_text": "와우 키키 대박이다",
            "speaker": {
              "id": "2번",
              "sex": "여성",
              "age": "30대"
            },
            "speechAct": "(단언) 주장하기",
            "morpheme": "와우/IC+키/NNG+키/NNG+대박/NNG+이/VCP+다/EC"
          },
          {
            "id": 23,
            "text": "2 : 한국어로 했구나",
            "norm_text": "한국어로 했구나",
            "speaker": {
              "id": "2번",
              "sex": "여성",
              "age": "30대"
            },
            "speechAct": "(단언) 주장하기",
            "morpheme": "한국어/NNG+로/JKB+했/VV+EP+구나/EC"
          },
          {
            "id": 24,
            "text": "1 : 응 키키 이번에 un연설 3번째 인데 처음에는 리더 혼자 영어로 스피치 했거든",
            "norm_text": "응 키키 이번에 un연설 3번째 인데 처음에는 리더 혼자 영어로 스피치 했거든",
            "speaker": {
              "id": "1번",
              "sex": "여성",
              "age": "20대"
            },
            "speechAct": "(단언) 진술하기",
            "morpheme": "응/IC+키/NNG+키/NNG+이번/NNG+에/JKB+un/SL+연설/NNG+3/SN+번/NNBC+째/XSN+인데/VCP+EC+처음/NNG+에/JKB+는/JX+리더/NNG+혼자/NNG+영어/NNG+로/JKB+스피치/NNP+했/VV+EP+거든/EC"
          },
          {
            "id": 25,
            "text": "1 : 두 번째는 멤버들 다 돌아가면서 한국어랑 영어 섞어서 하고 이번엔 다 한국어로 키키",
            "norm_text": "두 번째는 멤버들 다 돌아가면서 한국어랑 영어 섞어서 하고 이번엔 다 한국어로 키키",
            "speaker": {
              "id": "1번",
              "sex": "여성",
              "age": "20대"
            },
            "speechAct": "(단언) 진술하기",
            "morpheme": "두/MM+번/NNBC+째/XSN+는/JX+멤버/NNG+들/XSN+다/MAG+돌아가/VV+면서/EC+한국어/NNG+랑/JKB+영어/NNG+섞/VV+어서/EC+하/VV+고/EC+이번/NNG+엔/JKB+JX+다/MAG+한국어/NNG+로/JKB+키/NNG+키/XSV+ETN"
          },
          {
            "id": 26,
            "text": "2 : 대박 멋지다 한국어로 말하는 거 키키",
            "norm_text": "대박 멋지다 한국어로 말하는 거 키키",
            "speaker": {
              "id": "2번",
              "sex": "여성",
              "age": "30대"
            },
            "speechAct": "(단언) 주장하기",
            "morpheme": "대박/NNG+멋지/VA+다/EC+한국어/NNG+로/JKB+말/NNG+하/XSV+는/ETM+거/NNB+키/NNG+키/XSV+ETN"
          }
        ]
      }
    }
  ]
}