{
  "dataset": {
    "identifier": 69035,
    "name": "KAKAO_928_06_set",
    "src_path": "/data/file/cubeManager/PROJECT001/53/txt20211005155809056243/KAKAO_928_06_set/",
    "label_path": "/data/file/cubeManager/PROJECT001/53/txt20211005155809056243/KAKAO_928_06_set/",
    "category": 2,
    "type": 0
  },
  "licenses": {
    "name": "Apache License 1.0",
    "url": "http://www.apache.org/licenses/LICENSE-1.0"
  },
  "info": [
    {
      "id": 41863,
      "filename": "KAKAO_928_06.txt",
      "title": "KAKAO_928_06",
      "mediatype": "SNS",
      "medianame": "카카오톡",
      "category": "일상대화",
      "date": "2021-10-05",
      "size": 336,
      "annotations": {
        "subject": "교육",
        "speaker_type": "1:1",
        "size": 336,
        "word_size": 113,
        "text": "1 : 얌 기억에  남는 선생님 있뉘...\n2 : 응 초등학교 때 선생님 하하\n1 : 난 날 때렸던 선생님이 기억나네\n2 : 완젼 이쁘신 선생님이었는데\n1 : 헐랭 예뻐서 기억이 난다고?\n2 : 잘 계시려나 하하 난 기억 암 함 하하\n1 : 너 그 이상한 다단계 선생님은 키키\n2 : 응 지금은 할머니 되었겠다\n1 : 너한테 다단계 접근 선생님 있었잖아 키키\n2 : 울 누나 선생님이잖아 하하\n1 : *언니 선생님이라서 간지난당...\n2 : 결혼식 때 제자들 오고 하던디\n1 : 맞지? 그리고 가정은 진짜 꿀일 듯\n2 : 뭔가 감동 하하 재밌더라\n1 : 나두 가정 선생님 하고 싶당\n2 : 나는 수학 선생님 하고 싶음 하하 간쥐",
        "lines": [
          {
            "id": 1,
            "text": "1 : 얌 기억에  남는 선생님 있뉘...",
            "norm_text": "얌 기억에  남는 선생님 있뉘...",
            "speaker": {
              "id": "1번",
              "sex": "여성",
              "age": "30대"
            },
            "speechAct": "(단언) 주장하기",
            "morpheme": "얌/NNP+기억/NNG+에/JKB+남/VV+는/ETM+선생/NNG+님/XSN+있/VA+뉘/NP+JKS+./SY"
          },
          {
            "id": 2,
            "text": "2 : 응 초등학교 때 선생님 하하",
            "norm_text": "응 초등학교 때 선생님 하하",
            "speaker": {
              "id": "2번",
              "sex": "남성",
              "age": "30대"
            },
            "speechAct": "(단언) 주장하기",
            "morpheme": "응/IC+초등/NNG+학교/NNG+때/NNG+선생/NNG+님/XSN+하하/MAG"
          },
          {
            "id": 3,
            "text": "1 : 난 날 때렸던 선생님이 기억나네",
            "norm_text": "난 날 때렸던 선생님이 기억나네",
            "speaker": {
              "id": "1번",
              "sex": "여성",
              "age": "30대"
            },
            "speechAct": "(단언) 주장하기",
            "morpheme": "난/NP+JX+날/NP+JKO+때렸/VV+EP+던/ETM+선생/NNG+님/XSN+이/JKS+기억/NNG+나/NP+네/XSN"
          },
          {
            "id": 4,
            "text": "2 : 완젼 이쁘신 선생님이었는데",
            "norm_text": "완젼 이쁘신 선생님이었는데",
            "speaker": {
              "id": "2번",
              "sex": "남성",
              "age": "30대"
            },
            "speechAct": "(단언) 주장하기",
            "morpheme": "완/NR+젼/NNG+이쁘/VA+신/EP+ETM+선생/NNG+님/XSN+이/VCP+었/EP+는데/EC"
          },
          {
            "id": 5,
            "text": "1 : 헐랭 예뻐서 기억이 난다고?",
            "norm_text": "헐랭 예뻐서 기억이 난다고?",
            "speaker": {
              "id": "1번",
              "sex": "여성",
              "age": "30대"
            },
            "speechAct": "(지시) 질문하기",
            "morpheme": "헐랭/NNP+예뻐서/VA+EC+기억/NNG+이/JKS+난다고/VV+EF"
          },
          {
            "id": 6,
            "text": "2 : 잘 계시려나 하하 난 기억 암 함 하하",
            "norm_text": "잘 계시려나 하하 난 기억 암 함 하하",
            "speaker": {
              "id": "2번",
              "sex": "남성",
              "age": "30대"
            },
            "speechAct": "(단언) 주장하기",
            "morpheme": "잘/MAG+계시/VV+려나/EC+하하/MAG+난/VV+ETM+기억/NNG+암함/NNG+하/XSV+하/XSA"
          },
          {
            "id": 7,
            "text": "1 : 너 그 이상한 다단계 선생님은 키키",
            "norm_text": "너 그 이상한 다단계 선생님은 키키",
            "speaker": {
              "id": "1번",
              "sex": "여성",
              "age": "30대"
            },
            "speechAct": "(단언) 주장하기",
            "morpheme": "너/NP+그/MM+이상/NNG+한다/XSV+EC+단계/NNG+선생/NNG+님/XSN+은/JX+키/NNG+키/XSV+ETN"
          },
          {
            "id": 8,
            "text": "2 : 응 지금은 할머니 되었겠다",
            "norm_text": "응 지금은 할머니 되었겠다",
            "speaker": {
              "id": "2번",
              "sex": "남성",
              "age": "30대"
            },
            "speechAct": "(단언) 주장하기",
            "morpheme": "응/IC+지금/MAG+은/JX+할머니/NNG+되/XSV+었/EP+겠/EP+다/EC"
          },
          {
            "id": 9,
            "text": "1 : 너한테 다단계 접근 선생님 있었잖아 키키",
            "norm_text": "너한테 다단계 접근 선생님 있었잖아 키키",
            "speaker": {
              "id": "1번",
              "sex": "여성",
              "age": "30대"
            },
            "speechAct": "(단언) 주장하기",
            "morpheme": "너/NP+한테/JKB+다/MAG+단계/NNG+접근/NNG+선생/NNG+님/XSN+있/VV+었잖/EC+VX+아/EC+키/NNG+키/XSV+ETN"
          },
          {
            "id": 10,
            "text": "2 : 울 누나 선생님이잖아 하하",
            "norm_text": "울 누나 선생님이잖아 하하",
            "speaker": {
              "id": "2번",
              "sex": "남성",
              "age": "30대"
            },
            "speechAct": "(단언) 진술하기",
            "morpheme": "울/VV+누나/EC+선생/NNG+님/XSN+이/VCP+잖아/EC+하하/MAG"
          },
          {
            "id": 11,
            "text": "1 : *언니 선생님이라서 간지난당...",
            "norm_text": "*언니 선생님이라서 간지난당...",
            "speaker": {
              "id": "1번",
              "sex": "여성",
              "age": "30대"
            },
            "speechAct": "(단언) 주장하기",
            "morpheme": "*/SY+언니/NNG+선생/NNG+님/XSN+이/VCP+라서/EC+간지/VX+EC+난당/NNG+./SY+./SY"
          },
          {
            "id": 12,
            "text": "2 : 결혼식 때 제자들 오고 하던디",
            "norm_text": "결혼식 때 제자들 오고 하던디",
            "speaker": {
              "id": "2번",
              "sex": "남성",
              "age": "30대"
            },
            "speechAct": "(단언) 주장하기",
            "morpheme": "결혼식/NNG+때/NNG+제자/NNG+들/XSN+오/VV+고/EC+하/VV+던디/EC"
          },
          {
            "id": 13,
            "text": "1 : 맞지? 그리고 가정은 진짜 꿀일 듯",
            "norm_text": "맞지? 그리고 가정은 진짜 꿀일 듯",
            "speaker": {
              "id": "1번",
              "sex": "여성",
              "age": "30대"
            },
            "speechAct": "(단언) 주장하기",
            "morpheme": "맞/VV+지/EF+그리고/MAJ+가정/NNG+은/JX+진짜/MAG+꿀/NNG+일/VCP+ETM+듯/NNB"
          },
          {
            "id": 14,
            "text": "2 : 뭔가 감동 하하 재밌더라",
            "norm_text": "뭔가 감동 하하 재밌더라",
            "speaker": {
              "id": "2번",
              "sex": "남성",
              "age": "30대"
            },
            "speechAct": "(단언) 주장하기",
            "morpheme": "뭔가/NP+VCP+EC+감동/NNG+하하/MAG+재밌/VA+더라/EC"
          },
          {
            "id": 15,
            "text": "1 : 나두 가정 선생님 하고 싶당",
            "norm_text": "나두 가정 선생님 하고 싶당",
            "speaker": {
              "id": "1번",
              "sex": "여성",
              "age": "30대"
            },
            "speechAct": "(단언) 주장하기",
            "morpheme": "나/NP+두/JX+가정/NNG+선생/NNG+님/XSN+하/VV+고/EC+싶/VX+당/EF"
          },
          {
            "id": 16,
            "text": "2 : 나는 수학 선생님 하고 싶음 하하 간쥐",
            "norm_text": "나는 수학 선생님 하고 싶음 하하 간쥐",
            "speaker": {
              "id": "2번",
              "sex": "남성",
              "age": "30대"
            },
            "speechAct": "(단언) 주장하기",
            "morpheme": "나/NP+는/JX+수학/NNG+선생/NNG+님/XSN+하/VV+고/EC+싶/VX+음/ETN+하하/MAG+간/VV+ETM+쥐/NNG"
          }
        ]
      }
    }
  ]
}