{
  "dataset": {
    "identifier": 58196,
    "name": "KAKAO_992_17_set",
    "src_path": "/data/file/cubeManager/PROJECT001/53/txt202110061350120675109/KAKAO_992_17_set/",
    "label_path": "/data/file/cubeManager/PROJECT001/53/txt202110061350120675109/KAKAO_992_17_set/",
    "category": 2,
    "type": 0
  },
  "licenses": {
    "name": "Apache License 1.0",
    "url": "http://www.apache.org/licenses/LICENSE-1.0"
  },
  "info": [
    {
      "id": 43738,
      "filename": "KAKAO_992_17.txt",
      "title": "KAKAO_992_17",
      "mediatype": "SNS",
      "medianame": "카카오톡",
      "category": "일상대화",
      "date": "2021-10-06",
      "size": 520,
      "annotations": {
        "subject": "건강",
        "speaker_type": "1:1",
        "size": 520,
        "word_size": 176,
        "text": "1 : 뭐 수술 받거나 그런 적은 없제?\n2 : 응 키키 다행히 키키\n2 : 지금 빨리 몸 건강 찾아야지 나중에 안 할 거 같아 키키\n1 : 다행이네 키키\n1 : 그러니까 진짜 건강 회복해야 한다\n2 : 키키 건강 회복이 참 쉽지 않아 키키\n1 : 진짜 미리미리 해놔야 40대에 편하지\n2 : 어제 필테하고 나서 손발이 다 후들거려서 집 오는데 힘들더라 키키\n1 : 와 아니 운동 제대로 하네?\n2 : 키키 근육이 불타고 있구나를 느낌 키키\n1 : 오? 키키 선생님 잘 만났네\n2 : 키키 응 진짜 강사 바꾸길 잘한 거 같아 키키\n2 : 나랑 너무 잘 맞아 키키\n1 : 그러니까 진짜 잘했네 바꾸길 잘했음\n2 : 이전 강사랑 할 때는 제대로 운동이 되고 있구나 느낌이 전혀 없었거든 키키\n1 : 진짜 그 강사랑은 얼굴 마주침?\n2 : 그땐 내가 처음 필테 해보는 거라 내가 잘 못 따라하는구나 싶었는데 강사 바꾸니까 알겠더라 키키\n1 : 오 다행이네 진짜 키키\n1 : 그 돈 주고 하는데 확실히 해야지\n2 : 이전 강사랑 매번 갈 때마다 얼굴 마주쳐서 인사함 키키",
        "lines": [
          {
            "id": 1,
            "text": "1 : 뭐 수술 받거나 그런 적은 없제?",
            "norm_text": "뭐 수술 받거나 그런 적은 없제?",
            "speaker": {
              "id": "1번",
              "sex": "남성",
              "age": "20대"
            },
            "speechAct": "(지시) 질문하기",
            "morpheme": "뭐/IC+수술/NNG+받/VV+거나/EC+그런/MM+적/VA+은/ETM+없/VA+제/EF"
          },
          {
            "id": 2,
            "text": "2 : 응 키키 다행히 키키",
            "norm_text": "응 키키 다행히 키키",
            "speaker": {
              "id": "2번",
              "sex": "여성",
              "age": "20대"
            },
            "speechAct": "(단언) 주장하기",
            "morpheme": "응키키다행히키키/UNKNOWN"
          },
          {
            "id": 3,
            "text": "2 : 지금 빨리 몸 건강 찾아야지 나중에 안 할 거 같아 키키",
            "norm_text": "지금 빨리 몸 건강 찾아야지 나중에 안 할 거 같아 키키",
            "speaker": {
              "id": "2번",
              "sex": "여성",
              "age": "20대"
            },
            "speechAct": "(단언) 주장하기",
            "morpheme": "지금/MAG+빨리/MAG+몸/NNG+건강/NNG+찾/VV+아야지/EC+나중/NNG+에/JKB+안/MAG+할/VV+ETM+거/NNB+같/VA+아/EC+키/NNG+키/XSV+ETN"
          },
          {
            "id": 4,
            "text": "1 : 다행이네 키키",
            "norm_text": "다행이네 키키",
            "speaker": {
              "id": "1번",
              "sex": "남성",
              "age": "20대"
            },
            "speechAct": "(단언) 주장하기",
            "morpheme": "다행/NNG+이/JKS+네/MM+키/NNG+키/XSV+ETN"
          },
          {
            "id": 5,
            "text": "1 : 그러니까 진짜 건강 회복해야 한다",
            "norm_text": "그러니까 진짜 건강 회복해야 한다",
            "speaker": {
              "id": "1번",
              "sex": "남성",
              "age": "20대"
            },
            "speechAct": "(단언) 주장하기",
            "morpheme": "그러니까/MAJ+진짜/MAG+건강/NNG+회복/NNG+해야/XSV+EC+한다/VX+EC"
          },
          {
            "id": 6,
            "text": "2 : 키키 건강 회복이 참 쉽지 않아 키키",
            "norm_text": "키키 건강 회복이 참 쉽지 않아 키키",
            "speaker": {
              "id": "2번",
              "sex": "여성",
              "age": "20대"
            },
            "speechAct": "(단언) 주장하기",
            "morpheme": "키/NNG+키/NNG+건강/NNG+회복/NNG+이/JKS+참/MAG+쉽/VA+지/EC+않/VX+아/EC+키/NNG+키/XSV+ETN"
          },
          {
            "id": 7,
            "text": "1 : 진짜 미리미리 해놔야 40대에 편하지",
            "norm_text": "진짜 미리미리 해놔야 40대에 편하지",
            "speaker": {
              "id": "1번",
              "sex": "남성",
              "age": "20대"
            },
            "speechAct": "(단언) 주장하기",
            "morpheme": "진짜/MAG+미리미리/MAG+해/VV+EC+놔야/VX+EC+40/SN+대/NNBC+에/JKB+편하/VA+지/EC"
          },
          {
            "id": 8,
            "text": "2 : 어제 필테하고 나서 손발이 다 후들거려서 집 오는데 힘들더라 키키",
            "norm_text": "어제 필테하고 나서 손발이 다 후들거려서 집 오는데 힘들더라 키키",
            "speaker": {
              "id": "2번",
              "sex": "여성",
              "age": "20대"
            },
            "speechAct": "(단언) 주장하기",
            "morpheme": "어제/MAG+필/VV+ETM+테/NNG+하/XSV+고/EC+나/VX+서/EC+손발/NNG+이/JKS+다/MAG+후들/XR+거려서/XSV+EC+집/NNG+오/VV+는/ETM+데/NNB+힘들/VA+더라/EC+키/NNG+키/XSV+ETN"
          },
          {
            "id": 9,
            "text": "1 : 와 아니 운동 제대로 하네?",
            "norm_text": "와 아니 운동 제대로 하네?",
            "speaker": {
              "id": "1번",
              "sex": "남성",
              "age": "20대"
            },
            "speechAct": "(지시) 질문하기",
            "morpheme": "와/IC+아니/IC+운동/NNG+제대로/MAG+하/VV+네/EF"
          },
          {
            "id": 10,
            "text": "2 : 키키 근육이 불타고 있구나를 느낌 키키",
            "norm_text": "키키 근육이 불타고 있구나를 느낌 키키",
            "speaker": {
              "id": "2번",
              "sex": "여성",
              "age": "20대"
            },
            "speechAct": "(단언) 주장하기",
            "morpheme": "키/NNG+키/NNG+근육/NNG+이/JKS+불타/VV+고/EC+있/VX+구/EC+나/NP+를/JKO+느낌/NNG+키/NNG+키/XSV+ETN"
          },
          {
            "id": 11,
            "text": "1 : 오? 키키 선생님 잘 만났네",
            "norm_text": "오? 키키 선생님 잘 만났네",
            "speaker": {
              "id": "1번",
              "sex": "남성",
              "age": "20대"
            },
            "speechAct": "(단언) 주장하기",
            "morpheme": "오/IC+키/NNG+키/NNG+선생/NNG+님/XSN+잘/MAG+만났/VV+EP+네/EF"
          },
          {
            "id": 12,
            "text": "2 : 키키 응 진짜 강사 바꾸길 잘한 거 같아 키키",
            "norm_text": "키키 응 진짜 강사 바꾸길 잘한 거 같아 키키",
            "speaker": {
              "id": "2번",
              "sex": "여성",
              "age": "20대"
            },
            "speechAct": "(단언) 주장하기",
            "morpheme": "키/NNG+키/XSV+ETN+응/IC+진짜/MAG+강사/NNG+바꾸/VV+길/ETN+JKO+잘/MAG+한/XSA+ETM+거/NNB+같/VA+아/EC+키/NNG+키/XSV+ETN"
          },
          {
            "id": 13,
            "text": "2 : 나랑 너무 잘 맞아 키키",
            "norm_text": "나랑 너무 잘 맞아 키키",
            "speaker": {
              "id": "2번",
              "sex": "여성",
              "age": "20대"
            },
            "speechAct": "(단언) 주장하기",
            "morpheme": "나/NP+랑/JKB+너무/MAG+잘/MAG+맞/VV+아/EC+키/NNG+키/XSV+ETN"
          },
          {
            "id": 14,
            "text": "1 : 그러니까 진짜 잘했네 바꾸길 잘했음",
            "norm_text": "그러니까 진짜 잘했네 바꾸길 잘했음",
            "speaker": {
              "id": "1번",
              "sex": "남성",
              "age": "20대"
            },
            "speechAct": "(단언) 주장하기",
            "morpheme": "그러니까/MAJ+진짜/MAG+잘/MAG+했/VV+EP+네/EF+바꾸/VV+길/ETN+JKO+잘/MAG+했/VV+EP+음/ETN"
          },
          {
            "id": 15,
            "text": "2 : 이전 강사랑 할 때는 제대로 운동이 되고 있구나 느낌이 전혀 없었거든 키키",
            "norm_text": "이전 강사랑 할 때는 제대로 운동이 되고 있구나 느낌이 전혀 없었거든 키키",
            "speaker": {
              "id": "2번",
              "sex": "여성",
              "age": "20대"
            },
            "speechAct": "(단언) 주장하기",
            "morpheme": "이/MM+전강/NNG+사랑/NNG+할/XSV+ETM+때/NNG+는/JX+제대로/MAG+운동/NNG+이/JKS+되/VV+고/EC+있/VX+구나/EF+느낌/NNG+이/JKS+전혀/MAG+없/VA+었/EP+거든/EF+키/NNG+키/XSV+ETN"
          },
          {
            "id": 16,
            "text": "1 : 진짜 그 강사랑은 얼굴 마주침?",
            "norm_text": "진짜 그 강사랑은 얼굴 마주침?",
            "speaker": {
              "id": "1번",
              "sex": "남성",
              "age": "20대"
            },
            "speechAct": "(지시) 질문하기",
            "morpheme": "진짜/MAG+그/MM+강사/NNG+랑/JKB+은/JX+얼굴/NNG+마주침/VV+ETN"
          },
          {
            "id": 17,
            "text": "2 : 그땐 내가 처음 필테 해보는 거라 내가 잘 못 따라하는구나 싶었는데 강사 바꾸니까 알겠더라 키키",
            "norm_text": "그땐 내가 처음 필테 해보는 거라 내가 잘 못 따라하는구나 싶었는데 강사 바꾸니까 알겠더라 키키",
            "speaker": {
              "id": "2번",
              "sex": "여성",
              "age": "20대"
            },
            "speechAct": "(단언) 주장하기",
            "morpheme": "그땐/NNG+JX+내/NP+가/JKS+처음/MAG+필/VV+ETM+테/NNG+해/XSV+EC+보/VX+는/ETM+거/NNB+라/VCP+EC+내/NP+가/JKS+잘못/MAG+따라/VV+EC+하/VV+는구나/EC+싶/VX+었/EP+는데/EC+강사/NNG+바꾸/VV+니까/EC+알/VV+겠/EP+더라/EF+키/NNG+키/XSV+ETN"
          },
          {
            "id": 18,
            "text": "1 : 오 다행이네 진짜 키키",
            "norm_text": "오 다행이네 진짜 키키",
            "speaker": {
              "id": "1번",
              "sex": "남성",
              "age": "20대"
            },
            "speechAct": "(단언) 주장하기",
            "morpheme": "오/NR+다행/NNG+이/VCP+네/EF+진짜/MAG+키/NNG+키/XSV+ETN"
          },
          {
            "id": 19,
            "text": "1 : 그 돈 주고 하는데 확실히 해야지",
            "norm_text": "그 돈 주고 하는데 확실히 해야지",
            "speaker": {
              "id": "1번",
              "sex": "남성",
              "age": "20대"
            },
            "speechAct": "(단언) 주장하기",
            "morpheme": "그/MM+돈/NNG+주고/NNG+하/XSV+는데/EC+확실히/MAG+해야지/VV+EC"
          },
          {
            "id": 20,
            "text": "2 : 이전 강사랑 매번 갈 때마다 얼굴 마주쳐서 인사함 키키",
            "norm_text": "이전 강사랑 매번 갈 때마다 얼굴 마주쳐서 인사함 키키",
            "speaker": {
              "id": "2번",
              "sex": "여성",
              "age": "20대"
            },
            "speechAct": "(단언) 주장하기",
            "morpheme": "이전/NNG+강사/NNG+랑/JKB+매번/MAG+갈/VV+ETM+때/NNG+마다/JX+얼굴/NNG+마주쳐서/VV+EC+인사/NNG+함/XSV+ETN+키/NNG+키/XSV+ETN"
          }
        ]
      }
    }
  ]
}