{
  "dataset": {
    "identifier": 67821,
    "name": "KAKAO_993_01_set",
    "src_path": "/data/file/cubeManager/PROJECT001/53/txt20211006122603001162/KAKAO_993_01_set/",
    "label_path": "/data/file/cubeManager/PROJECT001/53/txt20211006122603001162/KAKAO_993_01_set/",
    "category": 2,
    "type": 0
  },
  "licenses": {
    "name": "Apache License 1.0",
    "url": "http://www.apache.org/licenses/LICENSE-1.0"
  },
  "info": [
    {
      "id": 43021,
      "filename": "KAKAO_993_01.txt",
      "title": "KAKAO_993_01",
      "mediatype": "SNS",
      "medianame": "카카오톡",
      "category": "일상대화",
      "date": "2021-10-06",
      "size": 647,
      "annotations": {
        "subject": "식음료",
        "speaker_type": "1:1",
        "size": 647,
        "word_size": 211,
        "text": "1 : 밥 먹었나 우리 애기~!\n2 : 먹었습니다 엄마 뭐 먹었어요? ^^\n1 : 엄마는 말야... 울 애기가 추석인데 용돈 한 푼 안 쥐어줘서... 굶으려고...\n2 : 키키 미안해요 엄마 저도 지금 상황이 목구멍이 포도청이라... ㅠ\n1 : 아무리 그래도 그렇지. 난 우리 아가 이렇게 안 키웠다\n2 : 죄송해요 일단 저도 먹고 살아야죠... ㅠ\n1 : 정말 끝까지 용돈 준다고 안 하는구나?\n1 : 내가 이렇게 비는데 나 같으면 좀 줬다\n2 : 키키 그러면 엄마가 좀 주세여 딸래미 굶고 다니는데 ㅠ\n1 : 친구야 나는 엄마가 아니야.\n1 : 그러므로 아쉽게도 용돈은 줄 수 없게 됐어\n2 : 이렇게 태세 전환을 한다고? 정말 너무하네 ㅠ\n1 : 야 난 지금 신라면 끓여 먹고 왔어.\n1 : 심지어 어제도 신라면 먹었어 내가 더 불쌍해\n2 : 왜 그렇게 라면을 먹어 라면 맛있니...?\n1 : 아니 라면이야 가끔 먹어야 맛있지 지금은 그냥 돈 없어서 먹는 거야 생존을 위한\n2 : 라면이 제일 싸? 다른 거 뭐 없어?\n2 : 차라리 밥을 해 먹는 게 더 싸지 않아?\n2 : 쌀 하나 사 놓으면 좀 괜찮지 않을까?\n1 : 쌀 집에 있어 근데 밥 먹으려면 반찬 있어야 하잖아.\n1 : 근데 라면은 공짜야\n2 : 어 나 방금 좀 물음표 살인마 같았다 키키\n2 : 야 그래도 라면은 배가 안 차잖아",
        "lines": [
          {
            "id": 1,
            "text": "1 : 밥 먹었나 우리 애기~!",
            "norm_text": "밥 먹었나 우리 애기~!",
            "speaker": {
              "id": "1번",
              "sex": "여성",
              "age": "20대"
            },
            "speechAct": "(지시) 질문하기",
            "morpheme": "밥/NNG+먹/VV+었/EP+나/EF+우리/NP+애기/NNG+~/SY"
          },
          {
            "id": 2,
            "text": "2 : 먹었습니다 엄마 뭐 먹었어요? ^^",
            "norm_text": "먹었습니다 엄마 뭐 먹었어요? ^^",
            "speaker": {
              "id": "2번",
              "sex": "여성",
              "age": "20대"
            },
            "speechAct": "(단언) 주장하기",
            "morpheme": "먹/VV+었/EP+습니다/EF+엄마/NNG+뭐/IC+먹/VV+었/EP+어요/EF+^/SY+^/SY"
          },
          {
            "id": 3,
            "text": "1 : 엄마는 말야... 울 애기가 추석인데 용돈 한 푼 안 쥐어줘서... 굶으려고...",
            "norm_text": "엄마는 말야... 울 애기가 추석인데 용돈 한 푼 안 쥐어줘서... 굶으려고...",
            "speaker": {
              "id": "1번",
              "sex": "여성",
              "age": "20대"
            },
            "speechAct": "(단언) 주장하기",
            "morpheme": "엄마/NNG+는/JX+말/NNG+야/VCP+EF+./SY+울애기가추석인데용돈한푼안쥐어줘서/UNKNOWN+./SY+굶/VV+으려고/EF+./SY"
          },
          {
            "id": 4,
            "text": "2 : 키키 미안해요 엄마 저도 지금 상황이 목구멍이 포도청이라... ㅠ",
            "norm_text": "키키 미안해요 엄마 저도 지금 상황이 목구멍이 포도청이라... ㅠ",
            "speaker": {
              "id": "2번",
              "sex": "여성",
              "age": "20대"
            },
            "speechAct": "(단언) 주장하기",
            "morpheme": "키키미안해요엄마저도지금상황이목구멍이포도청이라/UNKNOWN+./SY+ㅠ/UNKNOWN"
          },
          {
            "id": 5,
            "text": "1 : 아무리 그래도 그렇지. 난 우리 아가 이렇게 안 키웠다",
            "norm_text": "아무리 그래도 그렇지. 난 우리 아가 이렇게 안 키웠다",
            "speaker": {
              "id": "1번",
              "sex": "여성",
              "age": "20대"
            },
            "speechAct": "(단언) 주장하기",
            "morpheme": "아무리/MAG+그래도/VV+EC+그렇/VA+지/EF+난/NP+JX+우리/NP+아가/NNG+이렇게/MAG+안/MAG+키웠/VV+EP+다/EC"
          },
          {
            "id": 6,
            "text": "2 : 죄송해요 일단 저도 먹고 살아야죠... ㅠ",
            "norm_text": "죄송해요 일단 저도 먹고 살아야죠... ㅠ",
            "speaker": {
              "id": "2번",
              "sex": "여성",
              "age": "20대"
            },
            "speechAct": "(단언) 주장하기",
            "morpheme": "죄송/XR+해요/XSA+EF+일단/MAG+저/NP+도/JX+먹/VV+고/EC+살/VV+아야죠/EF+./SY+ㅠ/UNKNOWN"
          },
          {
            "id": 7,
            "text": "1 : 정말 끝까지 용돈 준다고 안 하는구나?",
            "norm_text": "정말 끝까지 용돈 준다고 안 하는구나?",
            "speaker": {
              "id": "1번",
              "sex": "여성",
              "age": "20대"
            },
            "speechAct": "(단언) 주장하기",
            "morpheme": "정말/MAG+끝/NNG+까지/JX+용돈/NNG+준다고/VV+EC+안/MAG+하/VV+는구나/EF"
          },
          {
            "id": 8,
            "text": "1 : 내가 이렇게 비는데 나 같으면 좀 줬다",
            "norm_text": "내가 이렇게 비는데 나 같으면 좀 줬다",
            "speaker": {
              "id": "1번",
              "sex": "여성",
              "age": "20대"
            },
            "speechAct": "(단언) 주장하기",
            "morpheme": "내/NP+가/JKS+이렇게/MAG+비/VV+는/ETM+데/NNB+나/JX+같/VA+으면/EC+좀/MAG+줬/VV+EP+다/EC"
          },
          {
            "id": 9,
            "text": "2 : 키키 그러면 엄마가 좀 주세여 딸래미 굶고 다니는데 ㅠ",
            "norm_text": "키키 그러면 엄마가 좀 주세여 딸래미 굶고 다니는데 ㅠ",
            "speaker": {
              "id": "2번",
              "sex": "여성",
              "age": "20대"
            },
            "speechAct": "(단언) 주장하기",
            "morpheme": "키/NNG+키/XSV+ETN+그러/VV+면/EC+엄마/NNG+가/JKS+좀/MAG+주/VV+세여/EP+EF+딸래미/NNG+굶/VV+고/EC+다니/VV+는/ETM+데ㅠ/UNKNOWN"
          },
          {
            "id": 10,
            "text": "1 : 친구야 나는 엄마가 아니야.",
            "norm_text": "친구야 나는 엄마가 아니야.",
            "speaker": {
              "id": "1번",
              "sex": "여성",
              "age": "20대"
            },
            "speechAct": "(단언) 주장하기",
            "morpheme": "친구/NNG+야/VCP+EF+나/NP+는/JX+엄마/NNG+가/JKC+아니/VCN+야/EF"
          },
          {
            "id": 11,
            "text": "1 : 그러므로 아쉽게도 용돈은 줄 수 없게 됐어",
            "norm_text": "그러므로 아쉽게도 용돈은 줄 수 없게 됐어",
            "speaker": {
              "id": "1번",
              "sex": "여성",
              "age": "20대"
            },
            "speechAct": "(단언) 주장하기",
            "morpheme": "그러므로/MAJ+아쉽/VA+게/EC+도/JX+용돈/NNG+은/JX+줄/VV+ETM+수/NNB+없/VA+게/EC+됐/VV+EP+어/EC"
          },
          {
            "id": 12,
            "text": "2 : 이렇게 태세 전환을 한다고? 정말 너무하네 ㅠ",
            "norm_text": "이렇게 태세 전환을 한다고? 정말 너무하네 ㅠ",
            "speaker": {
              "id": "2번",
              "sex": "여성",
              "age": "20대"
            },
            "speechAct": "(단언) 주장하기",
            "morpheme": "이렇게/MAG+태세/NNG+전환/NNG+을/JKO+한다고/VV+EF+정말/MAG+너무/MAG+하/VV+네/EF+ㅠ/UNKNOWN"
          },
          {
            "id": 13,
            "text": "1 : 야 난 지금 신라면 끓여 먹고 왔어.",
            "norm_text": "야 난 지금 신라면 끓여 먹고 왔어.",
            "speaker": {
              "id": "1번",
              "sex": "여성",
              "age": "20대"
            },
            "speechAct": "(단언) 주장하기",
            "morpheme": "야/IC+난/NP+JX+지금/MAG+신라면/NNP+끓여/VV+EC+먹/VV+고/EC+왔/VX+EP+어/EF"
          },
          {
            "id": 14,
            "text": "1 : 심지어 어제도 신라면 먹었어 내가 더 불쌍해",
            "norm_text": "심지어 어제도 신라면 먹었어 내가 더 불쌍해",
            "speaker": {
              "id": "1번",
              "sex": "여성",
              "age": "20대"
            },
            "speechAct": "(단언) 주장하기",
            "morpheme": "심지어/MAG+어제/NNG+도/JX+신/VV+라면/EC+먹/VV+었/EP+어/EF+내/NP+가/JKS+더/MAG+불쌍/XR+해/XSA+EC"
          },
          {
            "id": 15,
            "text": "2 : 왜 그렇게 라면을 먹어 라면 맛있니...?",
            "norm_text": "왜 그렇게 라면을 먹어 라면 맛있니...?",
            "speaker": {
              "id": "2번",
              "sex": "여성",
              "age": "20대"
            },
            "speechAct": "(지시) 질문하기",
            "morpheme": "왜/MAG+그렇게/MAG+라면/NNG+을/JKO+먹/VV+어/EC+라면/JX+맛있/VA+니/EF+./SY+./SY"
          },
          {
            "id": 16,
            "text": "1 : 아니 라면이야 가끔 먹어야 맛있지 지금은 그냥 돈 없어서 먹는 거야 생존을 위한",
            "norm_text": "아니 라면이야 가끔 먹어야 맛있지 지금은 그냥 돈 없어서 먹는 거야 생존을 위한",
            "speaker": {
              "id": "1번",
              "sex": "여성",
              "age": "20대"
            },
            "speechAct": "(단언) 주장하기",
            "morpheme": "아니/VCN+라면/EC+이야/JX+가끔/MAG+먹/VV+어야/EC+맛있/VA+지/EC+지금/MAG+은/JX+그냥/MAG+돈/NNG+없/VA+어서/EC+먹/VV+는/ETM+거/NNB+야/VCP+EF+생존/NNG+을/JKO+위한/VV+ETM"
          },
          {
            "id": 17,
            "text": "2 : 라면이 제일 싸? 다른 거 뭐 없어?",
            "norm_text": "라면이 제일 싸? 다른 거 뭐 없어?",
            "speaker": {
              "id": "2번",
              "sex": "여성",
              "age": "20대"
            },
            "speechAct": "(단언) 주장하기",
            "morpheme": "라면/NNG+이/JKS+제일/MAG+싸/VA+EF+다른/MM+거/NNB+뭐/IC+없/VA+어/EF"
          },
          {
            "id": 18,
            "text": "2 : 차라리 밥을 해 먹는 게 더 싸지 않아?",
            "norm_text": "차라리 밥을 해 먹는 게 더 싸지 않아?",
            "speaker": {
              "id": "2번",
              "sex": "여성",
              "age": "20대"
            },
            "speechAct": "(단언) 주장하기",
            "morpheme": "차라리/MAG+밥/NNG+을/JKO+해/VV+EC+먹/VV+는/ETM+게/NNB+JKS+더/MAG+싸/VA+지/EC+않/VX+아/EF"
          },
          {
            "id": 19,
            "text": "2 : 쌀 하나 사 놓으면 좀 괜찮지 않을까?",
            "norm_text": "쌀 하나 사 놓으면 좀 괜찮지 않을까?",
            "speaker": {
              "id": "2번",
              "sex": "여성",
              "age": "20대"
            },
            "speechAct": "(단언) 주장하기",
            "morpheme": "쌀/NNG+하나/NR+사놓/VV+으면/EC+좀/MAG+괜찮/VA+지/EC+않/VX+을까/EF"
          },
          {
            "id": 20,
            "text": "1 : 쌀 집에 있어 근데 밥 먹으려면 반찬 있어야 하잖아.",
            "norm_text": "쌀 집에 있어 근데 밥 먹으려면 반찬 있어야 하잖아.",
            "speaker": {
              "id": "1번",
              "sex": "여성",
              "age": "20대"
            },
            "speechAct": "(단언) 주장하기",
            "morpheme": "쌀집/NNG+에/JKB+있/VV+어/EF+근데/MAJ+밥/NNG+먹/VV+으려면/EC+반찬/NNG+있/VV+어야/EC+하/VX+잖아/EF"
          },
          {
            "id": 21,
            "text": "1 : 근데 라면은 공짜야",
            "norm_text": "근데 라면은 공짜야",
            "speaker": {
              "id": "1번",
              "sex": "여성",
              "age": "20대"
            },
            "speechAct": "(단언) 주장하기",
            "morpheme": "근데/MAJ+라면/NNG+은/JX+공짜/NNG+야/VCP+EF"
          },
          {
            "id": 22,
            "text": "2 : 어 나 방금 좀 물음표 살인마 같았다 키키",
            "norm_text": "어 나 방금 좀 물음표 살인마 같았다 키키",
            "speaker": {
              "id": "2번",
              "sex": "여성",
              "age": "20대"
            },
            "speechAct": "(단언) 주장하기",
            "morpheme": "어/IC+나/NP+방금/MAG+좀/MAG+물음표/NNG+살인마/NNG+같/VA+았/EP+다키키/NNP"
          },
          {
            "id": 23,
            "text": "2 : 야 그래도 라면은 배가 안 차잖아",
            "norm_text": "야 그래도 라면은 배가 안 차잖아",
            "speaker": {
              "id": "2번",
              "sex": "여성",
              "age": "20대"
            },
            "speechAct": "(단언) 주장하기",
            "morpheme": "야/IC+그래도/MAJ+라면/NNG+은/JX+배/NNG+가/JKS+안/MAG+차/VV+잖아/EC"
          }
        ]
      }
    }
  ]
}