{
  "dataset": {
    "identifier": 67994,
    "name": "KAKAO_965_06_set",
    "src_path": "/data/file/cubeManager/PROJECT001/53/txt20211006122406071290/KAKAO_965_06_set/",
    "label_path": "/data/file/cubeManager/PROJECT001/53/txt20211006122406071290/KAKAO_965_06_set/",
    "category": 2,
    "type": 0
  },
  "licenses": {
    "name": "Apache License 1.0",
    "url": "http://www.apache.org/licenses/LICENSE-1.0"
  },
  "info": [
    {
      "id": 42926,
      "filename": "KAKAO_965_06.txt",
      "title": "KAKAO_965_06",
      "mediatype": "SNS",
      "medianame": "카카오톡",
      "category": "일상대화",
      "date": "2021-10-06",
      "size": 487,
      "annotations": {
        "subject": "교육",
        "speaker_type": "1:1",
        "size": 487,
        "word_size": 154,
        "text": "1 : 언니는 진로 결정 어디로 했어?\n2 : 내 진로? 고등학교 때 배운 거 살려서 회계 쪽으로만 하고 있어!\n1 : 아하 상고 나왔었구나 키키 회계 괜찮지\n2 : 맞아 맞아 금융과였는데 이상하게 회계로 빠지는 거 같더라구 키키\n1 : 금융 키키 나도 경제학 배웠는데 어려워서 회계로 빠졌어\n2 : 금융은 진짜 뭐라는 지 하나도 모르겠어 키키\n1 : 응 맞아 기억나는 게 아담스미스 보이지 않는 손 키키\n2 : 그런 것도 있었어? 나는 하나도 기억이 안나 ㅠㅠ\n1 : 그러게 키키 나도 근데 스무살에 배운 거라 이거밖에 몰라 키키\n2 : 금융 쪽이면 은행으로 많이 갔었나? ㅠㅠ\n1 : 응 그치 근데 은행 가서 잘하는 애들이 없더라고\n2 : 다들 초년이라 퇴사하는 일도 많고 ㅠㅠ 자리 잡기 힘들지~\n1 : 맞아 아니면 나와서 다들 대학가더라고\n2 : 아아 늦게 가는 친구들도 많더라 ㅠㅠ\n1 : 맞아 선취업 후진학 하는 사람들도 있고\n2 : 나도 생각했었는데 나는 공부랑은 좀 먼 거 같아 ㅠㅠ",
        "lines": [
          {
            "id": 1,
            "text": "1 : 언니는 진로 결정 어디로 했어?",
            "norm_text": "언니는 진로 결정 어디로 했어?",
            "speaker": {
              "id": "1번",
              "sex": "여성",
              "age": "20대"
            },
            "speechAct": "(지시) 질문하기",
            "morpheme": "언니/NNG+는/JX+진로/NNG+결정/NNG+어디/NP+로/JKB+했/VV+EP+어/EF"
          },
          {
            "id": 2,
            "text": "2 : 내 진로? 고등학교 때 배운 거 살려서 회계 쪽으로만 하고 있어!",
            "norm_text": "내 진로? 고등학교 때 배운 거 살려서 회계 쪽으로만 하고 있어!",
            "speaker": {
              "id": "2번",
              "sex": "여성",
              "age": "20대"
            },
            "speechAct": "(단언) 진술하기",
            "morpheme": "내진/NNP+로/JKB+?/SY+고등/NNG+학교/NNG+때/NNG+배운/VV+ETM+거/NNB+살려서/VV+EC+회계/NNG+쪽/NNB+으로/JKB+만/JX+하/VV+고/EC+있/VX+어/EF"
          },
          {
            "id": 3,
            "text": "1 : 아하 상고 나왔었구나 키키 회계 괜찮지",
            "norm_text": "아하 상고 나왔었구나 키키 회계 괜찮지",
            "speaker": {
              "id": "1번",
              "sex": "여성",
              "age": "20대"
            },
            "speechAct": "(단언) 진술하기",
            "morpheme": "아하/IC+상고/NNG+나왔었/VV+EP+구나/EF+키키/NNP+회계/NNG+괜찮/VA+지/EC"
          },
          {
            "id": 4,
            "text": "2 : 맞아 맞아 금융과였는데 이상하게 회계로 빠지는 거 같더라구 키키",
            "norm_text": "맞아 맞아 금융과였는데 이상하게 회계로 빠지는 거 같더라구 키키",
            "speaker": {
              "id": "2번",
              "sex": "여성",
              "age": "20대"
            },
            "speechAct": "(단언) 진술하기",
            "morpheme": "맞/VV+아/EC+맞/VV+아/EC+금융/NNG+과/NNG+였/VCP+EP+는데/EC+이상/NNG+하/XSV+게/EC+회계/NNG+로/JKB+빠지/VV+는/ETM+거/NNB+같/VA+더라구/EC+키/NNG+키/XSV+ETN"
          },
          {
            "id": 5,
            "text": "1 : 금융 키키 나도 경제학 배웠는데 어려워서 회계로 빠졌어",
            "norm_text": "금융 키키 나도 경제학 배웠는데 어려워서 회계로 빠졌어",
            "speaker": {
              "id": "1번",
              "sex": "여성",
              "age": "20대"
            },
            "speechAct": "(단언) 진술하기",
            "morpheme": "금융/NNG+키/NNG+키나/XSA+ETN+JX+도/JX+경제학/NNG+배웠/VV+EP+는데/EC+어려워서/VA+EC+회계/NNG+로/JKB+빠졌/VV+EP+어/EC"
          },
          {
            "id": 6,
            "text": "2 : 금융은 진짜 뭐라는 지 하나도 모르겠어 키키",
            "norm_text": "금융은 진짜 뭐라는 지 하나도 모르겠어 키키",
            "speaker": {
              "id": "2번",
              "sex": "여성",
              "age": "20대"
            },
            "speechAct": "(단언) 진술하기",
            "morpheme": "금융/NNG+은/JX+진짜/MAG+뭐/NP+라는/VCP+ETM+지/NNB+하나/NR+도/JX+모르/VV+겠/EP+어/EC+키/NNG+키/XSV+ETN"
          },
          {
            "id": 7,
            "text": "1 : 응 맞아 기억나는 게 아담스미스 보이지 않는 손 키키",
            "norm_text": "응 맞아 기억나는 게 아담스미스 보이지 않는 손 키키",
            "speaker": {
              "id": "1번",
              "sex": "여성",
              "age": "20대"
            },
            "speechAct": "(단언) 진술하기",
            "morpheme": "응/IC+맞/VV+아/EC+기억나/VV+는/ETM+게/NNB+JKS+아담/+스미스/+보이/VV+지/EC+않/VX+는/ETM+손/NNG+키/NNG+키/XSV+ETN"
          },
          {
            "id": 8,
            "text": "2 : 그런 것도 있었어? 나는 하나도 기억이 안나 ㅠㅠ",
            "norm_text": "그런 것도 있었어? 나는 하나도 기억이 안나 ㅠㅠ",
            "speaker": {
              "id": "2번",
              "sex": "여성",
              "age": "20대"
            },
            "speechAct": "(단언) 진술하기",
            "morpheme": "그런/MM+것/NNB+도/JX+있/VA+었/EP+어/EF+나는하나도기억이안나ㅠㅠ/UNKNOWN"
          },
          {
            "id": 9,
            "text": "1 : 그러게 키키 나도 근데 스무살에 배운 거라 이거밖에 몰라 키키",
            "norm_text": "그러게 키키 나도 근데 스무살에 배운 거라 이거밖에 몰라 키키",
            "speaker": {
              "id": "1번",
              "sex": "여성",
              "age": "20대"
            },
            "speechAct": "(단언) 진술하기",
            "morpheme": "그러/VV+게/EC+키/NNG+키나/XSA+ETN+JX+도/JX+근데/MAJ+스무/MM+살/NNBC+에/JKB+배운/VV+ETM+거/NNB+라/VCP+EC+이거/NP+밖에/JX+몰라/VV+EC+키/NNG+키/XSV+ETN"
          },
          {
            "id": 10,
            "text": "2 : 금융 쪽이면 은행으로 많이 갔었나? ㅠㅠ",
            "norm_text": "금융 쪽이면 은행으로 많이 갔었나? ㅠㅠ",
            "speaker": {
              "id": "2번",
              "sex": "여성",
              "age": "20대"
            },
            "speechAct": "(지시) 질문하기",
            "morpheme": "금융/NNG+쪽/NNB+이/VCP+면/EC+은행/NNG+으로/JKB+많이/MAG+갔었/VV+EP+나/EF+ㅠㅠ/UNKNOWN"
          },
          {
            "id": 11,
            "text": "1 : 응 그치 근데 은행 가서 잘하는 애들이 없더라고",
            "norm_text": "응 그치 근데 은행 가서 잘하는 애들이 없더라고",
            "speaker": {
              "id": "1번",
              "sex": "여성",
              "age": "20대"
            },
            "speechAct": "(단언) 진술하기",
            "morpheme": "응/IC+그치/IC+근데/MAJ+은행/NNG+가/VV+서/EC+잘/MAG+하/VV+는/ETM+애/NNG+들/XSN+이/JKS+없/VA+더라고/EC"
          },
          {
            "id": 12,
            "text": "2 : 다들 초년이라 퇴사하는 일도 많고 ㅠㅠ 자리 잡기 힘들지~",
            "norm_text": "다들 초년이라 퇴사하는 일도 많고 ㅠㅠ 자리 잡기 힘들지~",
            "speaker": {
              "id": "2번",
              "sex": "여성",
              "age": "20대"
            },
            "speechAct": "(단언) 진술하기",
            "morpheme": "다들초년이라퇴사하는일도많고ㅠㅠ자리잡기힘들지/UNKNOWN+~/SY"
          },
          {
            "id": 13,
            "text": "1 : 맞아 아니면 나와서 다들 대학가더라고",
            "norm_text": "맞아 아니면 나와서 다들 대학가더라고",
            "speaker": {
              "id": "1번",
              "sex": "여성",
              "age": "20대"
            },
            "speechAct": "(단언) 진술하기",
            "morpheme": "맞/VV+아/EC+아니/VCN+면/EC+나와/VV+EC+서다/NNG+들/XSN+대학가/NNG+더라고/VCP+EC"
          },
          {
            "id": 14,
            "text": "2 : 아아 늦게 가는 친구들도 많더라 ㅠㅠ",
            "norm_text": "아아 늦게 가는 친구들도 많더라 ㅠㅠ",
            "speaker": {
              "id": "2번",
              "sex": "여성",
              "age": "20대"
            },
            "speechAct": "(단언) 진술하기",
            "morpheme": "아아/IC+늦/VA+게/EC+가/VX+는/ETM+친구/NNG+들/XSN+도/JX+많/VA+더라/EF+ㅠㅠ/UNKNOWN"
          },
          {
            "id": 15,
            "text": "1 : 맞아 선취업 후진학 하는 사람들도 있고",
            "norm_text": "맞아 선취업 후진학 하는 사람들도 있고",
            "speaker": {
              "id": "1번",
              "sex": "여성",
              "age": "20대"
            },
            "speechAct": "(단언) 진술하기",
            "morpheme": "맞/VV+아선/EC+취업/NNG+후/NNG+진학/NNG+하/XSV+는/ETM+사람/NNG+들/XSN+도/JX+있/VA+고/EC"
          },
          {
            "id": 16,
            "text": "2 : 나도 생각했었는데 나는 공부랑은 좀 먼 거 같아 ㅠㅠ",
            "norm_text": "나도 생각했었는데 나는 공부랑은 좀 먼 거 같아 ㅠㅠ",
            "speaker": {
              "id": "2번",
              "sex": "여성",
              "age": "20대"
            },
            "speechAct": "(단언) 진술하기",
            "morpheme": "나/NP+도/JX+생각/NNG+했었/XSV+EP+는데/EC+나/NP+는/JX+공부/NNG+랑/JKB+은/JX+좀/MAG+먼/VA+ETM+거/NNB+같/VA+아/EC+ㅠㅠ/UNKNOWN"
          }
        ]
      }
    }
  ]
}