{
  "dataset": {
    "identifier": 58220,
    "name": "KAKAO_990_11_set",
    "src_path": "/data/file/cubeManager/PROJECT001/53/txt20211006134916019967/KAKAO_990_11_set/",
    "label_path": "/data/file/cubeManager/PROJECT001/53/txt20211006134916019967/KAKAO_990_11_set/",
    "category": 2,
    "type": 0
  },
  "licenses": {
    "name": "Apache License 1.0",
    "url": "http://www.apache.org/licenses/LICENSE-1.0"
  },
  "info": [
    {
      "id": 43525,
      "filename": "KAKAO_990_11.txt",
      "title": "KAKAO_990_11",
      "mediatype": "SNS",
      "medianame": "카카오톡",
      "category": "일상대화",
      "date": "2021-10-06",
      "size": 566,
      "annotations": {
        "subject": "게임",
        "speaker_type": "1:1",
        "size": 566,
        "word_size": 183,
        "text": "1 : 니 배틀그라운드? 라는 총게임 해본 적 있나?\n2 : 한 번쯤은 해본듯,?\n2 : 기억은 잘 안나 키키\n1 : 키키 아 맞나 키키 나도 한번 해봤는데 키키 어렵더라 키키\n2 : 키키 내 동생 여자친구의 남동생이 프로게이머래\n1 : 그게 막 두 손으로 조작해야 잘 걷더만 키키\n1 : 그게 잘 안되데 키키\n2 : 1군이라던데 키키 신기하재?\n2 : 주위에서 첨 봤당\n1 : 우아! 프로게이머!\n1 : 나도 첨 본다! 키키\n2 : 엉 키키 살다 보면 특이한 직업들이 참 많은 것 같당\n1 : 그냥 티비에서나 보는 직업인 줄 알았는데 키키 실제로 진짜 있구나!\n2 : 응 키키 동생 여친이 서울에 사니까 키키 아무래도 서울 쪽이 직업도 다양한 듯\n1 : 1군 프로게이머면 정말 잘하는 거야?\n2 : 그렇지? 키키 1군이 최고 위잖아\n1 : 오오...! 그렇구나! 키키\n1 : 멋있다! 프로게이머! 키키\n2 : 응 키키 신기해 신기해 키키\n2 : 게임 엄청 잘하겠다 키키 직업이 게임이라니\n1 : 프로게이머들도 회사 소속이고 그런 거겠지?\n1 : 개인으로 하는 건 아닐 거 아냐\n2 : 응 그럴걸? 키키\n2 : 근데 은퇴가 빠르니까 ㅠㅠ 그게 걱정일 듯",
        "lines": [
          {
            "id": 1,
            "text": "1 : 니 배틀그라운드? 라는 총게임 해본 적 있나?",
            "norm_text": "니 배틀그라운드? 라는 총게임 해본 적 있나?",
            "speaker": {
              "id": "1번",
              "sex": "여성",
              "age": "30대"
            },
            "speechAct": "(지시) 질문하기",
            "morpheme": "니/MM+배틀/NNG+그라운드/NNG+?/SY+라는/VCP+ETM+총/MM+게임/NNG+해/XSV+EC+본/VX+ETM+적/NNB+있/VA+나/EF"
          },
          {
            "id": 2,
            "text": "2 : 한 번쯤은 해본듯,?",
            "norm_text": "한 번쯤은 해본듯,?",
            "speaker": {
              "id": "2번",
              "sex": "여성",
              "age": "30대"
            },
            "speechAct": "(단언) 주장하기",
            "morpheme": "한/MM+번/NNBC+쯤/XSN+은/JX+해/VV+EC+본/VX+ETM+듯/NNB+,/SY"
          },
          {
            "id": 3,
            "text": "2 : 기억은 잘 안나 키키",
            "norm_text": "기억은 잘 안나 키키",
            "speaker": {
              "id": "2번",
              "sex": "여성",
              "age": "30대"
            },
            "speechAct": "(단언) 주장하기",
            "morpheme": "기억/NNG+은/JX+잘/MAG+안/MAG+나/VV+EC+키/NNG+키/XSV+ETN"
          },
          {
            "id": 4,
            "text": "1 : 키키 아 맞나 키키 나도 한번 해봤는데 키키 어렵더라 키키",
            "norm_text": "키키 아 맞나 키키 나도 한번 해봤는데 키키 어렵더라 키키",
            "speaker": {
              "id": "1번",
              "sex": "여성",
              "age": "30대"
            },
            "speechAct": "(단언) 주장하기",
            "morpheme": "키/NNG+키/VV+아/EC+맞/VV+나/EC+키/NNG+키나/XSA+ETN+JX+도/JX+한/MM+번/NNBC+해/VV+EC+봤/VX+EP+는데/EC+키/NNG+키/XSV+ETN+어렵/VA+더라/EC+키/NNG+키/XSV+ETN"
          },
          {
            "id": 5,
            "text": "2 : 키키 내 동생 여자친구의 남동생이 프로게이머래",
            "norm_text": "키키 내 동생 여자친구의 남동생이 프로게이머래",
            "speaker": {
              "id": "2번",
              "sex": "여성",
              "age": "30대"
            },
            "speechAct": "(단언) 진술하기",
            "morpheme": "키/NNG+키/XSV+ETN+내/NP+JKG+동생/NNG+여자/NNG+친구/NNG+의/JKG+남동생/NNG+이/JKS+프로게이머/NNP+래/VCP+EC"
          },
          {
            "id": 6,
            "text": "1 : 그게 막 두 손으로 조작해야 잘 걷더만 키키",
            "norm_text": "그게 막 두 손으로 조작해야 잘 걷더만 키키",
            "speaker": {
              "id": "1번",
              "sex": "여성",
              "age": "30대"
            },
            "speechAct": "(단언) 주장하기",
            "morpheme": "그게/NP+JKS+막/MAJ+두/MM+손/NNG+으로/JKB+조작/NNG+해야/XSV+EC+잘/MAG+걷/VV+더만/EC+키/NNG+키/XSV+ETN"
          },
          {
            "id": 7,
            "text": "1 : 그게 잘 안되데 키키",
            "norm_text": "그게 잘 안되데 키키",
            "speaker": {
              "id": "1번",
              "sex": "여성",
              "age": "30대"
            },
            "speechAct": "(단언) 주장하기",
            "morpheme": "그게/NP+JKS+잘/MAG+안/MAG+되/VV+데/EC+키/NNG+키/XSV+ETN"
          },
          {
            "id": 8,
            "text": "2 : 1군이라던데 키키 신기하재?",
            "norm_text": "1군이라던데 키키 신기하재?",
            "speaker": {
              "id": "2번",
              "sex": "여성",
              "age": "30대"
            },
            "speechAct": "(지시) 질문하기",
            "morpheme": "1/SN+군/NNG+이/VCP+라던데/EC+키/NNG+키/XSV+ETN+신기/XR+하/XSA+재/EF"
          },
          {
            "id": 9,
            "text": "2 : 주위에서 첨 봤당",
            "norm_text": "주위에서 첨 봤당",
            "speaker": {
              "id": "2번",
              "sex": "여성",
              "age": "30대"
            },
            "speechAct": "(단언) 주장하기",
            "morpheme": "주위/NNG+에서/JKB+첨/MAG+봤/VV+EP+당/XSN"
          },
          {
            "id": 10,
            "text": "1 : 우아! 프로게이머!",
            "norm_text": "우아! 프로게이머!",
            "speaker": {
              "id": "1번",
              "sex": "여성",
              "age": "30대"
            },
            "speechAct": "(단언) 주장하기",
            "morpheme": "우아/IC+프로게이머/NNP"
          },
          {
            "id": 11,
            "text": "1 : 나도 첨 본다! 키키",
            "norm_text": "나도 첨 본다! 키키",
            "speaker": {
              "id": "1번",
              "sex": "여성",
              "age": "30대"
            },
            "speechAct": "(단언) 주장하기",
            "morpheme": "나/NP+도/JX+첨/MAG+본다/VV+EF+키/NNG+키/XSV+ETN"
          },
          {
            "id": 12,
            "text": "2 : 엉 키키 살다 보면 특이한 직업들이 참 많은 것 같당",
            "norm_text": "엉 키키 살다 보면 특이한 직업들이 참 많은 것 같당",
            "speaker": {
              "id": "2번",
              "sex": "여성",
              "age": "30대"
            },
            "speechAct": "(단언) 주장하기",
            "morpheme": "엉/IC+키/NNG+키/XSV+ETN+살/VV+다/EC+보/VX+면/EC+특이/XR+한/XSA+ETM+직업/NNG+들/XSN+이/JKS+참/MAG+많/VA+은/ETM+것/NNB+같/VA+당/EF"
          },
          {
            "id": 13,
            "text": "1 : 그냥 티비에서나 보는 직업인 줄 알았는데 키키 실제로 진짜 있구나!",
            "norm_text": "그냥 티비에서나 보는 직업인 줄 알았는데 키키 실제로 진짜 있구나!",
            "speaker": {
              "id": "1번",
              "sex": "여성",
              "age": "30대"
            },
            "speechAct": "(단언) 주장하기",
            "morpheme": "그냥/MAG+티비/NNG+에서/JKB+나/JX+보/VV+는/ETM+직업/NNG+인/VCP+ETM+줄/NNB+알/VV+았/EP+는데/EC+키/NNG+키/XSV+ETN+실제로/MAG+진짜/MAG+있/VA+구나/EF"
          },
          {
            "id": 14,
            "text": "2 : 응 키키 동생 여친이 서울에 사니까 키키 아무래도 서울 쪽이 직업도 다양한 듯",
            "norm_text": "응 키키 동생 여친이 서울에 사니까 키키 아무래도 서울 쪽이 직업도 다양한 듯",
            "speaker": {
              "id": "2번",
              "sex": "여성",
              "age": "30대"
            },
            "speechAct": "(단언) 주장하기",
            "morpheme": "응/IC+키/NNG+키/NNG+동생/NNG+여친/NNG+이/JKS+서울/NNP+에/JKB+사/VV+니까/EC+키/NNG+키/XSV+ETN+아무래도/MAG+서울/NNP+쪽/NNB+이/JKS+직업/NNG+도/JX+다양/XR+한/XSA+ETM+듯/NNB"
          },
          {
            "id": 15,
            "text": "1 : 1군 프로게이머면 정말 잘하는 거야?",
            "norm_text": "1군 프로게이머면 정말 잘하는 거야?",
            "speaker": {
              "id": "1번",
              "sex": "여성",
              "age": "30대"
            },
            "speechAct": "(지시) 질문하기",
            "morpheme": "1/SN+군/NNBC+프로게이머/NNP+면/VCP+EC+정말/MAG+잘/MAG+하/VV+는/ETM+거/NNB+야/VCP+EF"
          },
          {
            "id": 16,
            "text": "2 : 그렇지? 키키 1군이 최고 위잖아",
            "norm_text": "그렇지? 키키 1군이 최고 위잖아",
            "speaker": {
              "id": "2번",
              "sex": "여성",
              "age": "30대"
            },
            "speechAct": "(단언) 주장하기",
            "morpheme": "그렇/VA+지/EF+키/NNG+키/XSV+ETN+1/SN+군/NNG+이/JKS+최고위/NNG+잖아/VCP+EC+VX+EC"
          },
          {
            "id": 17,
            "text": "1 : 오오...! 그렇구나! 키키",
            "norm_text": "오오...! 그렇구나! 키키",
            "speaker": {
              "id": "1번",
              "sex": "여성",
              "age": "30대"
            },
            "speechAct": "(단언) 주장하기",
            "morpheme": "오오/IC+./SY+./SY+그렇/VA+구나/EF+키/NNG+키/XSV+ETN"
          },
          {
            "id": 18,
            "text": "1 : 멋있다! 프로게이머! 키키",
            "norm_text": "멋있다! 프로게이머! 키키",
            "speaker": {
              "id": "1번",
              "sex": "여성",
              "age": "30대"
            },
            "speechAct": "(단언) 주장하기",
            "morpheme": "멋있/VA+다/EF+프로게이머/NNP+!/SY+키/NNG+키/XSV+ETN"
          },
          {
            "id": 19,
            "text": "2 : 응 키키 신기해 신기해 키키",
            "norm_text": "응 키키 신기해 신기해 키키",
            "speaker": {
              "id": "2번",
              "sex": "여성",
              "age": "30대"
            },
            "speechAct": "(단언) 주장하기",
            "morpheme": "응/IC+키/NNG+키/XSV+ETN+신기/XR+해/XSA+EC+신기/XR+해/XSA+EC+키/NNG+키/XSV+ETN"
          },
          {
            "id": 20,
            "text": "2 : 게임 엄청 잘하겠다 키키 직업이 게임이라니",
            "norm_text": "게임 엄청 잘하겠다 키키 직업이 게임이라니",
            "speaker": {
              "id": "2번",
              "sex": "여성",
              "age": "30대"
            },
            "speechAct": "(단언) 주장하기",
            "morpheme": "게임/NNG+엄청/MAG+잘/MAG+하/VV+겠/EP+다키키/NNP+직업/NNG+이/JKS+게임/NNG+이/VCP+라니/EC"
          },
          {
            "id": 21,
            "text": "1 : 프로게이머들도 회사 소속이고 그런 거겠지?",
            "norm_text": "프로게이머들도 회사 소속이고 그런 거겠지?",
            "speaker": {
              "id": "1번",
              "sex": "여성",
              "age": "30대"
            },
            "speechAct": "(지시) 질문하기",
            "morpheme": "프로게이머/NNP+들/XSN+도/JX+회사/NNG+소속/NNG+이/VCP+고/EC+그런/MM+거/NNB+겠/VCP+EP+지/EF"
          },
          {
            "id": 22,
            "text": "1 : 개인으로 하는 건 아닐 거 아냐",
            "norm_text": "개인으로 하는 건 아닐 거 아냐",
            "speaker": {
              "id": "1번",
              "sex": "여성",
              "age": "30대"
            },
            "speechAct": "(단언) 주장하기",
            "morpheme": "개인/NNG+으로/JKB+하/VV+는/ETM+건/NNB+JX+아닐/VCN+ETM+거/NNB+아냐/VCN+EC"
          },
          {
            "id": 23,
            "text": "2 : 응 그럴걸? 키키",
            "norm_text": "응 그럴걸? 키키",
            "speaker": {
              "id": "2번",
              "sex": "여성",
              "age": "30대"
            },
            "speechAct": "(단언) 주장하기",
            "morpheme": "응/IC+그럴걸/VV+EF+키/NNG+키/XSV+ETN"
          },
          {
            "id": 24,
            "text": "2 : 근데 은퇴가 빠르니까 ㅠㅠ 그게 걱정일 듯",
            "norm_text": "근데 은퇴가 빠르니까 ㅠㅠ 그게 걱정일 듯",
            "speaker": {
              "id": "2번",
              "sex": "여성",
              "age": "30대"
            },
            "speechAct": "(단언) 주장하기",
            "morpheme": "근데/MAJ+은퇴/NNG+가/JKS+빠르/VA+니까/EC+ㅠㅠ/UNKNOWN+그게/NP+JKS+걱정/NNG+일/VCP+ETM+듯/NNB"
          }
        ]
      }
    }
  ]
}