{
  "dataset": {
    "identifier": 69123,
    "name": "KAKAO_926_18_set",
    "src_path": "/data/file/cubeManager/PROJECT001/53/txt202110051557410073105/KAKAO_926_18_set/",
    "label_path": "/data/file/cubeManager/PROJECT001/53/txt202110051557410073105/KAKAO_926_18_set/",
    "category": 2,
    "type": 0
  },
  "licenses": {
    "name": "Apache License 1.0",
    "url": "http://www.apache.org/licenses/LICENSE-1.0"
  },
  "info": [
    {
      "id": 41835,
      "filename": "KAKAO_926_18.txt",
      "title": "KAKAO_926_18",
      "mediatype": "SNS",
      "medianame": "카카오톡",
      "category": "일상대화",
      "date": "2021-10-05",
      "size": 853,
      "annotations": {
        "subject": "상거래 전반",
        "speaker_type": "다자간 대화",
        "size": 853,
        "word_size": 265,
        "text": "1 : 과학기술이 이렇게 발전했는데 왜 아직도 날씬한 몸매는 안 파냐\n2 : ㄴㄴ 안 그럼 이거 비만 기준 너무 높은가 같애... 다이어트식품 먹어봤냐\n3 : 아니 그거 알아? 다이어트 보조제에 가르니시아? 그 물질 들어있는 거?\n1 : 그게 뭔디? 쟤 오늘 왜 이렇게 유식하냐\n2 : 그게 뭔데… 좋은 겨 나쁜 겨...\n3 : 그 인스타 마켓이랑 인터넷 쇼핑몰에서 엄청 유행 탔던 거거든?\n1 : 몰라 처음 들어봄 난\n2 : 그니까 나도임 뭔지 물라\n3 : 그게 다이어트 보조제에 다 들어 있는 건데 몸에 진짜 안 좋아서 그거 먹고 토하고 간 상하고 그런 사람들 엄청 많았대\n1 : 아 그럼 그거 먹고 토해서 다이어트 하는 건가...\n2 : 할헐... 간 상한다고?\n2 : 야 너 진짜 유식하네...\n3 : 아니 알고 싶지 않았는데요 제가 그거 먹고 토했어요\n1 : 키키 아 저도 모르고 싶었는데요... 알게 됐네요 키키 슬프다\n2 : 키키 아… 진짜냐... 너 은근 그런 거 안 맞나 보다…\n3 : 아니 그냥 그 성분이 몸에 안 좋은 거래 광고 믿고 샀다가 호되게 혼남\n1 : 근데 진짜 이것저것 많이 파는 만큼 인터넷에 안 좋은 거나 이상한 것도 많이 팔아서 주의하고 구매해야 함\n2 : 와... 몰랐네…ㅠㅠ 그러게 뭐 살 때 물어봐야겠다 너네한테...\n3 : 이번에 **도 영양제 사기 당한 거 아님 ? 거의 키키\n1 : 키키 인정. 인터넷 공구 믿지 마세요!\n2 : 무근 영양제 키키 ** 이제 그런 것도 챙겨 먹어?!\n3 : 키키 일찍 죽기는 싫은가 봐 그런 거 샀던데\n1 : 아니 다이어트 보조제 겸 비타민 겸 영양제였는데 효과 일도 없음\n2 : 키키 아니 효능부터가 사기 같은데 다이어트에 비타민에 영양제까지…\n3 : 생각해보니까 그러네 과대광고 미쳤군",
        "lines": [
          {
            "id": 1,
            "text": "1 : 과학기술이 이렇게 발전했는데 왜 아직도 날씬한 몸매는 안 파냐",
            "norm_text": "과학기술이 이렇게 발전했는데 왜 아직도 날씬한 몸매는 안 파냐",
            "speaker": {
              "id": "1번",
              "sex": "여성",
              "age": "20대"
            },
            "speechAct": "(단언) 주장하기",
            "morpheme": "과학/NNG+기술/NNG+이/JKS+이렇게/MAG+발전/NNG+했/XSV+EP+는데/EC+왜/MAG+아직/MAG+도/JX+날씬/XR+한/XSA+ETM+몸매/NNG+는/JX+안/MAG+파/VV+냐/EC"
          },
          {
            "id": 2,
            "text": "2 : ㄴㄴ 안 그럼 이거 비만 기준 너무 높은가 같애... 다이어트식품 먹어봤냐",
            "norm_text": "ㄴㄴ 안 그럼 이거 비만 기준 너무 높은가 같애... 다이어트식품 먹어봤냐",
            "speaker": {
              "id": "2번",
              "sex": "여성",
              "age": "20대"
            },
            "speechAct": "(단언) 주장하기",
            "morpheme": "ㄴㄴ안그럼이거비만기준너무높은가같애/UNKNOWN+./SY+다이어트/NNG+식품/NNG+먹/VV+어/EC+봤/VX+EP+냐/EC"
          },
          {
            "id": 3,
            "text": "3 : 아니 그거 알아? 다이어트 보조제에 가르니시아? 그 물질 들어있는 거?",
            "norm_text": "아니 그거 알아? 다이어트 보조제에 가르니시아? 그 물질 들어있는 거?",
            "speaker": {
              "id": "3번",
              "sex": "여성",
              "age": "20대"
            },
            "speechAct": "(지시) 질문하기",
            "morpheme": "아니/IC+그거/NP+알/VV+아/EF+다이어트보조제에가르니시아/UNKNOWN+그/MM+물질/NNG+들/VV+어/EC+있/VX+는/ETM+거/NNB"
          },
          {
            "id": 4,
            "text": "1 : 그게 뭔디? 쟤 오늘 왜 이렇게 유식하냐",
            "norm_text": "그게 뭔디? 쟤 오늘 왜 이렇게 유식하냐",
            "speaker": {
              "id": "1번",
              "sex": "여성",
              "age": "20대"
            },
            "speechAct": "(지시) 질문하기",
            "morpheme": "그게/NP+JKS+뭔디/NP+VCP+EF+쟤/NP+오늘/MAG+왜/MAG+이렇게/MAG+유식/NNG+하/XSV+냐/EC"
          },
          {
            "id": 5,
            "text": "2 : 그게 뭔데… 좋은 겨 나쁜 겨...",
            "norm_text": "그게 뭔데… 좋은 겨 나쁜 겨...",
            "speaker": {
              "id": "2번",
              "sex": "여성",
              "age": "20대"
            },
            "speechAct": "(지시) 질문하기",
            "morpheme": "그게/NP+JKS+뭔데/NP+VCP+EC+…/SE+좋/VA+은/ETM+겨/NNG+나쁜/VA+ETM+겨/NNB+VCP+EF+./SY"
          },
          {
            "id": 6,
            "text": "3 : 그 인스타 마켓이랑 인터넷 쇼핑몰에서 엄청 유행 탔던 거거든?",
            "norm_text": "그 인스타 마켓이랑 인터넷 쇼핑몰에서 엄청 유행 탔던 거거든?",
            "speaker": {
              "id": "3번",
              "sex": "여성",
              "age": "20대"
            },
            "speechAct": "(단언) 주장하기",
            "morpheme": "그인/NP+ETM+스타/NNG+마켓/NNP+이랑/JKB+인터넷/NNG+쇼핑몰/NNG+에서/JKB+엄청/MAG+유행/NNG+탔/VV+EP+던/ETM+거/NNB+거든/VCP+EF"
          },
          {
            "id": 7,
            "text": "1 : 몰라 처음 들어봄 난",
            "norm_text": "몰라 처음 들어봄 난",
            "speaker": {
              "id": "1번",
              "sex": "여성",
              "age": "20대"
            },
            "speechAct": "(단언) 진술하기",
            "morpheme": "몰라/VV+EF+처음/MAG+들/VV+어/EC+봄/VX+EC+난/VX+ETM"
          },
          {
            "id": 8,
            "text": "2 : 그니까 나도임 뭔지 물라",
            "norm_text": "그니까 나도임 뭔지 물라",
            "speaker": {
              "id": "2번",
              "sex": "여성",
              "age": "20대"
            },
            "speechAct": "(단언) 주장하기",
            "morpheme": "그니까/MAJ+나/NP+도임/NNG+뭔지/NP+VCP+EC+물라/VV+EC"
          },
          {
            "id": 9,
            "text": "3 : 그게 다이어트 보조제에 다 들어 있는 건데 몸에 진짜 안 좋아서 그거 먹고 토하고 간 상하고 그런 사람들 엄청 많았대",
            "norm_text": "그게 다이어트 보조제에 다 들어 있는 건데 몸에 진짜 안 좋아서 그거 먹고 토하고 간 상하고 그런 사람들 엄청 많았대",
            "speaker": {
              "id": "3번",
              "sex": "여성",
              "age": "20대"
            },
            "speechAct": "(단언) 진술하기",
            "morpheme": "그게/NP+JKS+다이어트/NNG+보조제/NNG+에다/JKB+들/VV+어/EC+있/VX+는/ETM+건데/NNB+VCP+EC+몸/NNG+에/JKB+진짜/MAG+안/MAG+좋/VA+아서/EC+그거/NP+먹/VV+고/EC+토하/VV+고/EC+간상/NNG+하/XSV+고/EC+그런/MM+사람/NNG+들/XSN+엄청/MAG+많/VA+았/EP+대/EC"
          },
          {
            "id": 10,
            "text": "1 : 아 그럼 그거 먹고 토해서 다이어트 하는 건가...",
            "norm_text": "아 그럼 그거 먹고 토해서 다이어트 하는 건가...",
            "speaker": {
              "id": "1번",
              "sex": "여성",
              "age": "20대"
            },
            "speechAct": "(단언) 주장하기",
            "morpheme": "아/IC+그럼/MAJ+그거/NP+먹/VV+고/EC+토해서/VV+EC+다이어트/NNG+하/XSV+는/ETM+건가/NNB+VCP+EF+./SY"
          },
          {
            "id": 11,
            "text": "2 : 할헐... 간 상한다고?",
            "norm_text": "할헐... 간 상한다고?",
            "speaker": {
              "id": "2번",
              "sex": "여성",
              "age": "20대"
            },
            "speechAct": "(지시) 질문하기",
            "morpheme": "할/VV+ETM+헐/IC+./SY+간상/NNG+한다고/XSV+EF"
          },
          {
            "id": 12,
            "text": "2 : 야 너 진짜 유식하네...",
            "norm_text": "야 너 진짜 유식하네...",
            "speaker": {
              "id": "2번",
              "sex": "여성",
              "age": "20대"
            },
            "speechAct": "(단언) 주장하기",
            "morpheme": "야/IC+너/NP+진짜/MAG+유식/XR+하/XSA+네/EF+./SY"
          },
          {
            "id": 13,
            "text": "3 : 아니 알고 싶지 않았는데요 제가 그거 먹고 토했어요",
            "norm_text": "아니 알고 싶지 않았는데요 제가 그거 먹고 토했어요",
            "speaker": {
              "id": "3번",
              "sex": "여성",
              "age": "20대"
            },
            "speechAct": "(단언) 진술하기",
            "morpheme": "아니/MAG+알/VV+고/EC+싶/VX+지/EC+않/VX+았/EP+는데요/EF+제/NP+가/JKS+그거/NP+먹/VV+고/EC+토했/VV+EP+어요/EF"
          },
          {
            "id": 14,
            "text": "1 : 키키 아 저도 모르고 싶었는데요... 알게 됐네요 키키 슬프다",
            "norm_text": "키키 아 저도 모르고 싶었는데요... 알게 됐네요 키키 슬프다",
            "speaker": {
              "id": "1번",
              "sex": "여성",
              "age": "20대"
            },
            "speechAct": "(단언) 주장하기",
            "morpheme": "키키/NNP+아/JKV+저/NP+도/JX+모르/VV+고/EC+싶/VX+었/EP+는데요/EF+./SY+알/VV+게/EC+됐/VV+EP+네요/EF+키/NNG+키/XSV+ETN+슬프/VA+다/EC"
          },
          {
            "id": 15,
            "text": "2 : 키키 아… 진짜냐... 너 은근 그런 거 안 맞나 보다…",
            "norm_text": "키키 아… 진짜냐... 너 은근 그런 거 안 맞나 보다…",
            "speaker": {
              "id": "2번",
              "sex": "여성",
              "age": "20대"
            },
            "speechAct": "(단언) 주장하기",
            "morpheme": "키/NNG+키/VV+아/EC+…/SE+진짜/NNG+냐/VCP+EF+./SY+너/NP+은/JX+근/NP+JX+그런/MM+거/NNB+안/MAG+맞/VV+나/EC+보/VX+다/EC+…/SE"
          },
          {
            "id": 16,
            "text": "3 : 아니 그냥 그 성분이 몸에 안 좋은 거래 광고 믿고 샀다가 호되게 혼남",
            "norm_text": "아니 그냥 그 성분이 몸에 안 좋은 거래 광고 믿고 샀다가 호되게 혼남",
            "speaker": {
              "id": "3번",
              "sex": "여성",
              "age": "20대"
            },
            "speechAct": "(단언) 주장하기",
            "morpheme": "아니/IC+그냥/MAG+그/MM+성분/NNG+이/JKS+몸/NNG+에/JKB+안/MAG+좋/VA+은/ETM+거래/NNG+광고/NNG+믿/VV+고/EC+샀/VV+EP+다가/EC+호되/VA+게/EC+혼/NNG+남/NNG"
          },
          {
            "id": 17,
            "text": "1 : 근데 진짜 이것저것 많이 파는 만큼 인터넷에 안 좋은 거나 이상한 것도 많이 팔아서 주의하고 구매해야 함",
            "norm_text": "근데 진짜 이것저것 많이 파는 만큼 인터넷에 안 좋은 거나 이상한 것도 많이 팔아서 주의하고 구매해야 함",
            "speaker": {
              "id": "1번",
              "sex": "여성",
              "age": "20대"
            },
            "speechAct": "(단언) 주장하기",
            "morpheme": "근데/MAJ+진짜/MAG+이것저것/MAG+많이/MAG+파/VV+는/ETM+만큼/NNB+인터넷/NNG+에/JKB+안/MAG+좋/VA+은/ETM+거/NNB+나/JC+이상/NNG+한/XSA+ETM+것/NNB+도/JX+많이/MAG+팔/VV+아서/EC+주의/NNG+하/XSV+고/EC+구매/NNG+해야/XSV+EC+함/VX+ETN"
          },
          {
            "id": 18,
            "text": "2 : 와... 몰랐네…ㅠㅠ 그러게 뭐 살 때 물어봐야겠다 너네한테...",
            "norm_text": "와... 몰랐네…ㅠㅠ 그러게 뭐 살 때 물어봐야겠다 너네한테...",
            "speaker": {
              "id": "2번",
              "sex": "여성",
              "age": "20대"
            },
            "speechAct": "(단언) 주장하기",
            "morpheme": "와/IC+./SY+몰랐/VV+EP+네/EF+…/SE+ㅠㅠ그러게뭐살때물어봐야겠다너네한테/UNKNOWN+./SY"
          },
          {
            "id": 19,
            "text": "3 : 이번에 **도 영양제 사기 당한 거 아님 ? 거의 키키",
            "norm_text": "이번에 **도 영양제 사기 당한 거 아님 ? 거의 키키",
            "speaker": {
              "id": "3번",
              "sex": "여성",
              "age": "20대"
            },
            "speechAct": "(단언) 주장하기",
            "morpheme": "이번/NNG+에/JKB+*/SY+*/SY+도/JX+영양제/NNG+사기/NNG+당한/XSV+ETM+거/NNB+아님/VCN+ETN+거의/MAG+키/NNG+키/XSV+ETN"
          },
          {
            "id": 20,
            "text": "1 : 키키 인정. 인터넷 공구 믿지 마세요!",
            "norm_text": "키키 인정. 인터넷 공구 믿지 마세요!",
            "speaker": {
              "id": "1번",
              "sex": "여성",
              "age": "20대"
            },
            "speechAct": "(단언) 주장하기",
            "morpheme": "키/NNG+키/NNG+인정/NNG+./SY+인터넷/NNG+공구/NNG+믿/VV+지/EC+마세요/VX+EP+EF"
          },
          {
            "id": 21,
            "text": "2 : 무근 영양제 키키 ** 이제 그런 것도 챙겨 먹어?!",
            "norm_text": "무근 영양제 키키 ** 이제 그런 것도 챙겨 먹어?!",
            "speaker": {
              "id": "2번",
              "sex": "여성",
              "age": "20대"
            },
            "speechAct": "(지시) 질문하기",
            "morpheme": "무근/NNG+영양제/NNG+키/NNG+키/XSV+ETN+*/SY+*/SY+이제/MAG+그런/MM+것/NNB+도/JX+챙겨/VV+EC+먹/VV+어/EC+?/SY"
          },
          {
            "id": 22,
            "text": "3 : 키키 일찍 죽기는 싫은가 봐 그런 거 샀던데",
            "norm_text": "키키 일찍 죽기는 싫은가 봐 그런 거 샀던데",
            "speaker": {
              "id": "3번",
              "sex": "여성",
              "age": "20대"
            },
            "speechAct": "(단언) 진술하기",
            "morpheme": "키/NNG+키/NNG+일찍/MAG+죽/VV+기/ETN+는/JX+싫/VA+은가/EC+봐/VX+EF+그런/MM+거/NNB+샀/VV+EP+던데/EC"
          },
          {
            "id": 23,
            "text": "1 : 아니 다이어트 보조제 겸 비타민 겸 영양제였는데 효과 일도 없음",
            "norm_text": "아니 다이어트 보조제 겸 비타민 겸 영양제였는데 효과 일도 없음",
            "speaker": {
              "id": "1번",
              "sex": "여성",
              "age": "20대"
            },
            "speechAct": "(단언) 주장하기",
            "morpheme": "아니/IC+다이어트/NNG+보조제/NNG+겸/NNB+비타민/NNG+겸/NNB+영양제/NNG+였/VCP+EP+는데/EC+효과/NNG+일/NNG+도/JX+없/VA+음/ETN"
          },
          {
            "id": 24,
            "text": "2 : 키키 아니 효능부터가 사기 같은데 다이어트에 비타민에 영양제까지…",
            "norm_text": "키키 아니 효능부터가 사기 같은데 다이어트에 비타민에 영양제까지…",
            "speaker": {
              "id": "2번",
              "sex": "여성",
              "age": "20대"
            },
            "speechAct": "(단언) 진술하기",
            "morpheme": "키키아니효능부터가사기같은데다이어트에비타민에영양제까지/UNKNOWN+…/SE"
          },
          {
            "id": 25,
            "text": "3 : 생각해보니까 그러네 과대광고 미쳤군",
            "norm_text": "생각해보니까 그러네 과대광고 미쳤군",
            "speaker": {
              "id": "3번",
              "sex": "여성",
              "age": "20대"
            },
            "speechAct": "(단언) 주장하기",
            "morpheme": "생각/NNG+해/XSV+EC+보/VX+니까/EC+그러/VV+네/EF+과대광고/NNG+미쳤/VV+EP+군/EC"
          }
        ]
      }
    }
  ]
}