{
  "dataset": {
    "identifier": 33252,
    "name": "KAKAO_947_13_set",
    "src_path": "/data/file/cubeManager/PROJECT001/53/txt20211005162220092349/KAKAO_947_13_set/",
    "label_path": "/data/file/cubeManager/PROJECT001/53/txt20211005162220092349/KAKAO_947_13_set/",
    "category": 2,
    "type": 0
  },
  "licenses": {
    "name": "Apache License 1.0",
    "url": "http://www.apache.org/licenses/LICENSE-1.0"
  },
  "info": [
    {
      "id": 42270,
      "filename": "KAKAO_947_13.txt",
      "title": "KAKAO_947_13",
      "mediatype": "SNS",
      "medianame": "카카오톡",
      "category": "일상대화",
      "date": "2021-10-05",
      "size": 735,
      "annotations": {
        "subject": "계절/날씨",
        "speaker_type": "1:1",
        "size": 735,
        "word_size": 233,
        "text": "1 : 이제 반팔 입기가 째매 거시기 하네  키키\n2 : 이제 가을이지 키키 아침저녁으로는 꽤 쌀쌀하더라\n1 : 맞젱... 키키 이제 가을 냄새가 나더라 키키 킁킁\n2 : 어 키키 추억 돋는 가을 냄새...\n2 : 계절 바뀌는 거 보면 진짜 신기함 키키 얼마 전까지만 해도 더워 죽겠더니\n1 : 키키 진짜 이번 여름은 대구보다 서울이 더 덥던 거 같더라 키키\n2 : 확실히 그런 듯 키키 그리고 대구는 더위에 좀 익숙하잖아 키키 여기 사람들 더워 미치겠다고 난리였음 키키\n1 : 그니까 키키 대구는 하도 대프리카 캐서 나무 열라 심었다 잖아 키키 여름에 온도 낮추려고\n2 : 아 진짜 키키 지옥의 불구덩이에서 탈출인 것인가 키키\n1 : 한 2~3도 낮아졌다 하데 진짜 키키 어마어마한 차이가 나더군... 대구의 여름은 이제 살만해 ^^\n2 : 다행이네 키키 이제 비는 다 온 건가\n2 : 이번에 대구 갔을 때 날씨 진짜 오락가락 하더만\n1 : 응 덥진 않은데 키키 날씨가 미쳐버림 키키\n1 : 진짜 같은 장소인데 반틈은 비 내리고 반틈은 해 떠있는 경험도 해따...\n2 : 키키 어 점점 동남아 날씨가 되어가는 듯... 키키\n2 : 아 올 겨울은 얼마나 추우려나 ㅠㅠ\n1 : 올 겨울...\n1 : 아직 날씨 소식 없제?\n2 : 아직은 없는데 엄청 추울 듯 키키 눈이나 펑펑 내려라\n1 : 키키 눈 조타 대구는 와 봤자겠지만... 우리 눈싸움 하던 추억이 또 생각나네 ^^...\n2 : 눈싸움 자신 있다 키키 서울로 놀러 와 눈 실컷 볼 수 있음 키키",
        "lines": [
          {
            "id": 1,
            "text": "1 : 이제 반팔 입기가 째매 거시기 하네  키키",
            "norm_text": "이제 반팔 입기가 째매 거시기 하네  키키",
            "speaker": {
              "id": "1번",
              "sex": "여성",
              "age": "30대"
            },
            "speechAct": "(단언) 주장하기",
            "morpheme": "이제/MAG+반팔/NNG+입기/NNG+가/JKS+째/VV+EC+매거/NNG+시기/NNG+하/XSV+네/EC+키/NNG+키/XSV+ETN"
          },
          {
            "id": 2,
            "text": "2 : 이제 가을이지 키키 아침저녁으로는 꽤 쌀쌀하더라",
            "norm_text": "이제 가을이지 키키 아침저녁으로는 꽤 쌀쌀하더라",
            "speaker": {
              "id": "2번",
              "sex": "여성",
              "age": "30대"
            },
            "speechAct": "(단언) 주장하기",
            "morpheme": "이제/MAG+가을/NNG+이/VCP+지/EC+키/NNG+키/NNG+아침/NNG+저녁/NNG+으로/JKB+는/JX+꽤/MAG+쌀쌀/XR+하/XSA+더라/EC"
          },
          {
            "id": 3,
            "text": "1 : 맞젱... 키키 이제 가을 냄새가 나더라 키키 킁킁",
            "norm_text": "맞젱... 키키 이제 가을 냄새가 나더라 키키 킁킁",
            "speaker": {
              "id": "1번",
              "sex": "여성",
              "age": "30대"
            },
            "speechAct": "(단언) 주장하기",
            "morpheme": "맞/XPN+젱/NNP+./SY+./SY+키/NNG+키/NNG+이제/MAG+가을/NNG+냄새/NNG+가/JKS+나/NP+더라/VCP+EC+키/NNG+키/NNG+킁킁/MAG"
          },
          {
            "id": 4,
            "text": "2 : 어 키키 추억 돋는 가을 냄새...",
            "norm_text": "어 키키 추억 돋는 가을 냄새...",
            "speaker": {
              "id": "2번",
              "sex": "여성",
              "age": "30대"
            },
            "speechAct": "(단언) 주장하기",
            "morpheme": "어/IC+키/NNG+키/XSV+ETN+추억/NR+돋/VV+는/ETM+가을/NNG+냄새/NNG+./SY+./SY"
          },
          {
            "id": 5,
            "text": "2 : 계절 바뀌는 거 보면 진짜 신기함 키키 얼마 전까지만 해도 더워 죽겠더니",
            "norm_text": "계절 바뀌는 거 보면 진짜 신기함 키키 얼마 전까지만 해도 더워 죽겠더니",
            "speaker": {
              "id": "2번",
              "sex": "여성",
              "age": "30대"
            },
            "speechAct": "(단언) 주장하기",
            "morpheme": "계절/NNG+바뀌/VV+는/ETM+거/NNB+보/VV+면/EC+진짜/MAG+신기/XR+함/XSA+ETN+키/NNG+키/NNG+얼마/NNG+전/NNG+까지/JX+만/JX+해도/VV+EC+더워/VA+EC+죽/VV+겠/EP+더니/EC"
          },
          {
            "id": 6,
            "text": "1 : 키키 진짜 이번 여름은 대구보다 서울이 더 덥던 거 같더라 키키",
            "norm_text": "키키 진짜 이번 여름은 대구보다 서울이 더 덥던 거 같더라 키키",
            "speaker": {
              "id": "1번",
              "sex": "여성",
              "age": "30대"
            },
            "speechAct": "(단언) 주장하기",
            "morpheme": "키/NNG+키/XSV+ETN+진짜/MAG+이번/NNG+여름/NNG+은/JX+대구/NNP+보다/JKB+서울/NNP+이/JKS+더/MAG+덥/VA+던/ETM+거/NNB+같/VA+더라/EC+키/NNG+키/XSV+ETN"
          },
          {
            "id": 7,
            "text": "2 : 확실히 그런 듯 키키 그리고 대구는 더위에 좀 익숙하잖아 키키 여기 사람들 더워 미치겠다고 난리였음 키키",
            "norm_text": "확실히 그런 듯 키키 그리고 대구는 더위에 좀 익숙하잖아 키키 여기 사람들 더워 미치겠다고 난리였음 키키",
            "speaker": {
              "id": "2번",
              "sex": "여성",
              "age": "30대"
            },
            "speechAct": "(단언) 주장하기",
            "morpheme": "확실히/MAG+그런/MM+듯/NNB+키/NNG+키/XSV+ETN+그리고/MAJ+대구/NNP+는/JX+더위/NNG+에/JKB+좀/MAG+익숙/XR+하/XSA+잖아/EC+키/NNG+키/XSV+ETN+여기/NP+사람/NNG+들/XSN+더워/VA+EC+미치/VV+겠/EP+다고/EC+난리/NNG+였/VCP+EP+음/ETN+키/NNG+키/XSV+ETN"
          },
          {
            "id": 8,
            "text": "1 : 그니까 키키 대구는 하도 대프리카 캐서 나무 열라 심었다 잖아 키키 여름에 온도 낮추려고",
            "norm_text": "그니까 키키 대구는 하도 대프리카 캐서 나무 열라 심었다 잖아 키키 여름에 온도 낮추려고",
            "speaker": {
              "id": "1번",
              "sex": "여성",
              "age": "30대"
            },
            "speechAct": "(단언) 진술하기",
            "morpheme": "그니까/MAJ+키키/NNP+대구/NNP+는/JX+하도대/NNP+프리카/NNP+캐서/NNP+나무/NNG+열라/MAG+심/VV+었/EP+다잖아/EF+키키/NNP+여름/NNG+에/JKB+온도/NNG+낮추/VV+려고/EC"
          },
          {
            "id": 9,
            "text": "2 : 아 진짜 키키 지옥의 불구덩이에서 탈출인 것인가 키키",
            "norm_text": "아 진짜 키키 지옥의 불구덩이에서 탈출인 것인가 키키",
            "speaker": {
              "id": "2번",
              "sex": "여성",
              "age": "30대"
            },
            "speechAct": "(단언) 주장하기",
            "morpheme": "아/IC+진짜/MAG+키/NNG+키/NNG+지옥/NNG+의/JKG+불구덩이/NNG+에서/JKB+탈출/NNG+인/VCP+ETM+것/NNB+인가/VCP+EC+키/NNG+키/XSV+ETN"
          },
          {
            "id": 10,
            "text": "1 : 한 2~3도 낮아졌다 하데 진짜 키키 어마어마한 차이가 나더군... 대구의 여름은 이제 살만해 ^^",
            "norm_text": "한 2~3도 낮아졌다 하데 진짜 키키 어마어마한 차이가 나더군... 대구의 여름은 이제 살만해 ^^",
            "speaker": {
              "id": "1번",
              "sex": "여성",
              "age": "30대"
            },
            "speechAct": "(단언) 주장하기",
            "morpheme": "한/MM+2/SN+~/SY+3/SN+도/NNBC+낮/VA+아/EC+졌/VX+EP+다/EC+하/VV+데/EC+진짜/MAG+키/NNG+키/XSV+ETN+어마어마/XR+한/XSA+ETM+차이/NNG+가/JKS+나/NP+더군/VCP+EF+./SY+./SY+대구/NNP+의/JKG+여름/NNG+은/JX+이제/MAG+살만/NNG+해/XSV+EC+^/SY+^/SY"
          },
          {
            "id": 11,
            "text": "2 : 다행이네 키키 이제 비는 다 온 건가",
            "norm_text": "다행이네 키키 이제 비는 다 온 건가",
            "speaker": {
              "id": "2번",
              "sex": "여성",
              "age": "30대"
            },
            "speechAct": "(단언) 주장하기",
            "morpheme": "다행/NNG+이/JKS+네/MM+키/NNG+키/XSV+ETN+이/JKS+제비/NNG+는/JX+다/MAG+온/VV+ETM+건가/NNB+VCP+EC"
          },
          {
            "id": 12,
            "text": "2 : 이번에 대구 갔을 때 날씨 진짜 오락가락 하더만",
            "norm_text": "이번에 대구 갔을 때 날씨 진짜 오락가락 하더만",
            "speaker": {
              "id": "2번",
              "sex": "여성",
              "age": "30대"
            },
            "speechAct": "(단언) 진술하기",
            "morpheme": "이번/NNG+에/JKB+대/VV+구/EC+갔/VV+EP+을/ETM+때/NNG+날씨/NNG+진짜/MAG+오락가락/MAG+하/VV+더만/EC"
          },
          {
            "id": 13,
            "text": "1 : 응 덥진 않은데 키키 날씨가 미쳐버림 키키",
            "norm_text": "응 덥진 않은데 키키 날씨가 미쳐버림 키키",
            "speaker": {
              "id": "1번",
              "sex": "여성",
              "age": "30대"
            },
            "speechAct": "(단언) 주장하기",
            "morpheme": "응/IC+덥/VA+진/EC+JX+않/VX+은데/EC+키/NNG+키/NNG+날씨/NNG+가/JKS+미쳐버림/VV+EC+VX+ETN+키/NNG+키/XSV+ETN"
          },
          {
            "id": 14,
            "text": "1 : 진짜 같은 장소인데 반틈은 비 내리고 반틈은 해 떠있는 경험도 해따...",
            "norm_text": "진짜 같은 장소인데 반틈은 비 내리고 반틈은 해 떠있는 경험도 해따...",
            "speaker": {
              "id": "1번",
              "sex": "여성",
              "age": "30대"
            },
            "speechAct": "(단언) 진술하기",
            "morpheme": "진짜/MAG+같/VA+은/ETM+장소/NNG+인데/VCP+EC+반/NNG+틈/NNG+은/JX+비/XPN+내리/NNP+고반/NNG+틈/NNG+은/JX+해/VV+EC+떠/VV+EC+있/VX+는/ETM+경험/NNG+도/JX+해/VV+EC+따/VV+EF+./SY"
          },
          {
            "id": 15,
            "text": "2 : 키키 어 점점 동남아 날씨가 되어가는 듯... 키키",
            "norm_text": "키키 어 점점 동남아 날씨가 되어가는 듯... 키키",
            "speaker": {
              "id": "2번",
              "sex": "여성",
              "age": "30대"
            },
            "speechAct": "(단언) 주장하기",
            "morpheme": "키/NNG+키어/NNG+점점/MAG+동남아/NNP+날씨/NNG+가/JKS+되/VV+어/EC+가/VX+는/ETM+듯/NNB+./SY+키/NNG+키/XSV+ETN"
          },
          {
            "id": 16,
            "text": "2 : 아 올 겨울은 얼마나 추우려나 ㅠㅠ",
            "norm_text": "아 올 겨울은 얼마나 추우려나 ㅠㅠ",
            "speaker": {
              "id": "2번",
              "sex": "여성",
              "age": "30대"
            },
            "speechAct": "(단언) 주장하기",
            "morpheme": "아/IC+올겨울/NNG+은/JX+얼마나/MAG+추우/VA+려나/EC+ㅠㅠ/UNKNOWN"
          },
          {
            "id": 17,
            "text": "1 : 올 겨울...",
            "norm_text": "올 겨울...",
            "speaker": {
              "id": "1번",
              "sex": "여성",
              "age": "30대"
            },
            "speechAct": "턴토크 사인(관습적 반응)",
            "morpheme": "올겨울/NNG+./SY+./SY"
          },
          {
            "id": 18,
            "text": "1 : 아직 날씨 소식 없제?",
            "norm_text": "아직 날씨 소식 없제?",
            "speaker": {
              "id": "1번",
              "sex": "여성",
              "age": "30대"
            },
            "speechAct": "(지시) 질문하기",
            "morpheme": "아직/MAG+날씨/NNG+소식/NNG+없/VA+제/EF"
          },
          {
            "id": 19,
            "text": "2 : 아직은 없는데 엄청 추울 듯 키키 눈이나 펑펑 내려라",
            "norm_text": "아직은 없는데 엄청 추울 듯 키키 눈이나 펑펑 내려라",
            "speaker": {
              "id": "2번",
              "sex": "여성",
              "age": "30대"
            },
            "speechAct": "(단언) 주장하기",
            "morpheme": "아직/MAG+은/JX+없/VA+는데/EC+엄청/MAG+추울/VA+ETM+듯/NNB+키/NNG+키/NNG+눈/NNG+이나/JC+펑펑/MAG+내려라/VV+EC"
          },
          {
            "id": 20,
            "text": "1 : 키키 눈 조타 대구는 와 봤자겠지만... 우리 눈싸움 하던 추억이 또 생각나네 ^^...",
            "norm_text": "키키 눈 조타 대구는 와 봤자겠지만... 우리 눈싸움 하던 추억이 또 생각나네 ^^...",
            "speaker": {
              "id": "1번",
              "sex": "여성",
              "age": "30대"
            },
            "speechAct": "(단언) 주장하기",
            "morpheme": "키/NNG+키/NNG+눈/NNG+조타/NNG+대구/NNP+는/JX+와/VV+EC+봤/VX+EP+자/EF+겠/EP+지만/EC+./SY+./SY+우리/NP+눈싸움/NNG+하/XSV+던/ETM+추억/NNG+이/JKS+또/MAG+생각/NNG+나/NP+네/XSN+^/SY+^/SY+./SY"
          },
          {
            "id": 21,
            "text": "2 : 눈싸움 자신 있다 키키 서울로 놀러 와 눈 실컷 볼 수 있음 키키",
            "norm_text": "눈싸움 자신 있다 키키 서울로 놀러 와 눈 실컷 볼 수 있음 키키",
            "speaker": {
              "id": "2번",
              "sex": "여성",
              "age": "30대"
            },
            "speechAct": "(단언) 주장하기",
            "morpheme": "눈싸움/NNG+자신/NNG+있/VA+다키키/NNP+서울/NNP+로/JKB+놀러/NNP+와/JC+눈/NNG+실컷/MAG+볼/VV+ETM+수/NNB+있/VV+음/ETN+키/NNG+키/XSV+ETN"
          }
        ]
      }
    }
  ]
}