{
  "dataset": {
    "identifier": 68871,
    "name": "KAKAO_959_16_set",
    "src_path": "/data/file/cubeManager/PROJECT001/53/txt202110061224520815101/KAKAO_959_16_set/",
    "label_path": "/data/file/cubeManager/PROJECT001/53/txt202110061224520815101/KAKAO_959_16_set/",
    "category": 2,
    "type": 0
  },
  "licenses": {
    "name": "Apache License 1.0",
    "url": "http://www.apache.org/licenses/LICENSE-1.0"
  },
  "info": [
    {
      "id": 42996,
      "filename": "KAKAO_959_16.txt",
      "title": "KAKAO_959_16",
      "mediatype": "SNS",
      "medianame": "카카오톡",
      "category": "일상대화",
      "date": "2021-10-06",
      "size": 454,
      "annotations": {
        "subject": "미용",
        "speaker_type": "1:1",
        "size": 454,
        "word_size": 144,
        "text": "1 : 요즘 외모에 신경 많이 쓰인다 키키\n2 : 날씨가 가을이라서 그런가 키키\n1 : 4~50대 얼굴은 내가 살아온 인생이라잖아 키키\n2 : 외모 나도 점점 신경 쓰이긴 함...\n1 : 좋은 인상이었으면 좋겠어 키키\n2 : 30대 되니까 확실히 피부가 달라지더라고\n1 : 얼굴에서부터 여유가 철철 흘러넘쳤으면 키키\n1 : 맞아 키키 피부 재생 능력 떨어짐 키키\n2 : 좋은 인상에 주름도 영향이 있는 듯 키키\n1 : 맞아 키키 똑같은 주름이라도 푸근해 보일 수 있다고 키키\n2 : 웃는 상으로 주름지면 인상 좋아지는 거 같아 키키\n1 : 키키 맞아 일단 웃상이어야 하는데 웃상은 아냐 키키\n2 : 근데 팔자 주름 같은 거 생기면 좀 신경 쓰임\n1 : 키키 관리 빡세게 해야지 키키\n2 : 웃상이 되려면 억지로라도 웃어야 하나 키키\n1 : 관리만이 답이다 키키 안돼 키키 억지로는 효과 없을 거야 키키\n2 : 근데 관리하기 너무 귀찮아 키키",
        "lines": [
          {
            "id": 1,
            "text": "1 : 요즘 외모에 신경 많이 쓰인다 키키",
            "norm_text": "요즘 외모에 신경 많이 쓰인다 키키",
            "speaker": {
              "id": "1번",
              "sex": "여성",
              "age": "20대"
            },
            "speechAct": "(단언) 주장하기",
            "morpheme": "요즘/NNG+외모/NNG+에/JKB+신경/NNG+많이/MAG+쓰인/VV+ETM+다키키/NNP"
          },
          {
            "id": 2,
            "text": "2 : 날씨가 가을이라서 그런가 키키",
            "norm_text": "날씨가 가을이라서 그런가 키키",
            "speaker": {
              "id": "2번",
              "sex": "여성",
              "age": "30대"
            },
            "speechAct": "(단언) 주장하기",
            "morpheme": "날씨/NNG+가/JKS+가을/NNG+이/VCP+라서/EC+그런가/VA+EC+키/NNG+키/XSV+ETN"
          },
          {
            "id": 3,
            "text": "1 : 4~50대 얼굴은 내가 살아온 인생이라잖아 키키",
            "norm_text": "4~50대 얼굴은 내가 살아온 인생이라잖아 키키",
            "speaker": {
              "id": "1번",
              "sex": "여성",
              "age": "20대"
            },
            "speechAct": "(단언) 주장하기",
            "morpheme": "4/SN+~/SY+50/SN+대얼굴은내가살아온인생이라잖아키키/UNKNOWN"
          },
          {
            "id": 4,
            "text": "2 : 외모 나도 점점 신경 쓰이긴 함...",
            "norm_text": "외모 나도 점점 신경 쓰이긴 함...",
            "speaker": {
              "id": "2번",
              "sex": "여성",
              "age": "30대"
            },
            "speechAct": "(단언) 진술하기",
            "morpheme": "외모나도점점신경쓰이긴함/UNKNOWN+./SY"
          },
          {
            "id": 5,
            "text": "1 : 좋은 인상이었으면 좋겠어 키키",
            "norm_text": "좋은 인상이었으면 좋겠어 키키",
            "speaker": {
              "id": "1번",
              "sex": "여성",
              "age": "20대"
            },
            "speechAct": "N/A",
            "morpheme": "좋/VA+은/ETM+인상/NNG+이/VCP+었/EP+으면/EC+좋/VA+겠/EP+어/EC+키/NNG+키/XSV+ETN"
          },
          {
            "id": 6,
            "text": "2 : 30대 되니까 확실히 피부가 달라지더라고",
            "norm_text": "30대 되니까 확실히 피부가 달라지더라고",
            "speaker": {
              "id": "2번",
              "sex": "여성",
              "age": "30대"
            },
            "speechAct": "(단언) 주장하기",
            "morpheme": "30/SN+대/NNBC+되/VV+니까/EC+확실히/MAG+피부/NNG+가/JKS+달라지/VV+더라고/EC"
          },
          {
            "id": 7,
            "text": "1 : 얼굴에서부터 여유가 철철 흘러넘쳤으면 키키",
            "norm_text": "얼굴에서부터 여유가 철철 흘러넘쳤으면 키키",
            "speaker": {
              "id": "1번",
              "sex": "여성",
              "age": "20대"
            },
            "speechAct": "(단언) 주장하기",
            "morpheme": "얼굴/NNG+에서부터/JKB+여유/NNG+가/JKS+철철/MAG+흘러넘쳤/VV+EP+으면/EC+키/NNG+키/XSV+ETN"
          },
          {
            "id": 8,
            "text": "1 : 맞아 키키 피부 재생 능력 떨어짐 키키",
            "norm_text": "맞아 키키 피부 재생 능력 떨어짐 키키",
            "speaker": {
              "id": "1번",
              "sex": "여성",
              "age": "20대"
            },
            "speechAct": "(단언) 주장하기",
            "morpheme": "맞/VV+아/EC+키/NNG+키/NNG+피부/NNG+재생/NNG+능력/NNG+떨어짐/VV+ETN+키/NNG+키/XSV+ETN"
          },
          {
            "id": 9,
            "text": "2 : 좋은 인상에 주름도 영향이 있는 듯 키키",
            "norm_text": "좋은 인상에 주름도 영향이 있는 듯 키키",
            "speaker": {
              "id": "2번",
              "sex": "여성",
              "age": "30대"
            },
            "speechAct": "(단언) 주장하기",
            "morpheme": "좋/VA+은/ETM+인상/NNG+에/JKB+주름/NNG+도/JX+영향/NNG+이/JKS+있/VA+는/ETM+듯/NNB+키/NNG+키/XSV+ETN"
          },
          {
            "id": 10,
            "text": "1 : 맞아 키키 똑같은 주름이라도 푸근해 보일 수 있다고 키키",
            "norm_text": "맞아 키키 똑같은 주름이라도 푸근해 보일 수 있다고 키키",
            "speaker": {
              "id": "1번",
              "sex": "여성",
              "age": "20대"
            },
            "speechAct": "(단언) 주장하기",
            "morpheme": "맞/VV+아/EC+키/NNG+키/XSV+ETN+똑같/VA+은/ETM+주름/NNG+이/VCP+라도/EC+푸근/XR+해보일/XSA+EC+VV+ETM+수/NNB+있/VV+다고/EC+키/NNG+키/XSV+ETN"
          },
          {
            "id": 11,
            "text": "2 : 웃는 상으로 주름지면 인상 좋아지는 거 같아 키키",
            "norm_text": "웃는 상으로 주름지면 인상 좋아지는 거 같아 키키",
            "speaker": {
              "id": "2번",
              "sex": "여성",
              "age": "30대"
            },
            "speechAct": "(단언) 주장하기",
            "morpheme": "웃/VV+는/ETM+상/NNG+으로/JKB+주름지/VV+면/EC+인상/NNG+좋/VA+아/EC+지/VX+는/ETM+거/NNB+같/VA+아/EC+키/NNG+키/XSV+ETN"
          },
          {
            "id": 12,
            "text": "1 : 키키 맞아 일단 웃상이어야 하는데 웃상은 아냐 키키",
            "norm_text": "키키 맞아 일단 웃상이어야 하는데 웃상은 아냐 키키",
            "speaker": {
              "id": "1번",
              "sex": "여성",
              "age": "20대"
            },
            "speechAct": "(단언) 주장하기",
            "morpheme": "키/NNG+키/XSV+ETN+맞/VV+아/EC+일단/MAG+웃/VV+EP+상/XSN+이/VCP+어야/EC+하/VV+는/ETM+데/NNB+웃/VV+EP+상/XSN+은/JX+아냐/VCN+EC+키/NNG+키/XSV+ETN"
          },
          {
            "id": 13,
            "text": "2 : 근데 팔자 주름 같은 거 생기면 좀 신경 쓰임",
            "norm_text": "근데 팔자 주름 같은 거 생기면 좀 신경 쓰임",
            "speaker": {
              "id": "2번",
              "sex": "여성",
              "age": "30대"
            },
            "speechAct": "(단언) 주장하기",
            "morpheme": "근데/MAJ+팔자/NNG+주름/NNG+같/VA+은/ETM+거/NNB+생기/VV+면/EC+좀/MAG+신경/NNG+쓰임/NNG"
          },
          {
            "id": 14,
            "text": "1 : 키키 관리 빡세게 해야지 키키",
            "norm_text": "키키 관리 빡세게 해야지 키키",
            "speaker": {
              "id": "1번",
              "sex": "여성",
              "age": "20대"
            },
            "speechAct": "(단언) 주장하기",
            "morpheme": "키/NNG+키/NNG+관리/NNG+빡세/VA+게/EC+해야지/VX+EC+키/NNG+키/XSV+ETN"
          },
          {
            "id": 15,
            "text": "2 : 웃상이 되려면 억지로라도 웃어야 하나 키키",
            "norm_text": "웃상이 되려면 억지로라도 웃어야 하나 키키",
            "speaker": {
              "id": "2번",
              "sex": "여성",
              "age": "30대"
            },
            "speechAct": "(단언) 주장하기",
            "morpheme": "웃/VV+EP+상이/XR+되/XSV+려면/EC+억지로/MAG+라도/VCP+EC+웃/VV+어야/EC+하나/NR+키/NNG+키/XSV+ETN"
          },
          {
            "id": 16,
            "text": "1 : 관리만이 답이다 키키 안돼 키키 억지로는 효과 없을 거야 키키",
            "norm_text": "관리만이 답이다 키키 안돼 키키 억지로는 효과 없을 거야 키키",
            "speaker": {
              "id": "1번",
              "sex": "여성",
              "age": "20대"
            },
            "speechAct": "(단언) 주장하기",
            "morpheme": "관리/NNG+만/JX+이/JKS+답/NNG+이/JKS+다키키/NNP+안/MAG+돼/VV+EC+키/NNG+키/NNG+억지/NNG+로/JKB+는/JX+효과/NNG+없/VA+을/ETM+거/NNB+야/VCP+EF+키/NNG+키/XSV+ETN"
          },
          {
            "id": 17,
            "text": "2 : 근데 관리하기 너무 귀찮아 키키",
            "norm_text": "근데 관리하기 너무 귀찮아 키키",
            "speaker": {
              "id": "2번",
              "sex": "여성",
              "age": "30대"
            },
            "speechAct": "(단언) 주장하기",
            "morpheme": "근데/MAJ+관리/NNG+하/XSV+기/ETN+너무/MAG+귀찮/VA+아/EC+키/NNG+키/XSV+ETN"
          }
        ]
      }
    }
  ]
}