{
  "dataset": {
    "identifier": 69144,
    "name": "KAKAO_924_04_set",
    "src_path": "/data/file/cubeManager/PROJECT001/53/txt20211005155901055248/KAKAO_924_04_set/",
    "label_path": "/data/file/cubeManager/PROJECT001/53/txt20211005155901055248/KAKAO_924_04_set/",
    "category": 2,
    "type": 0
  },
  "licenses": {
    "name": "Apache License 1.0",
    "url": "http://www.apache.org/licenses/LICENSE-1.0"
  },
  "info": [
    {
      "id": 41941,
      "filename": "KAKAO_924_04.txt",
      "title": "KAKAO_924_04",
      "mediatype": "SNS",
      "medianame": "카카오톡",
      "category": "일상대화",
      "date": "2021-10-05",
      "size": 699,
      "annotations": {
        "subject": "회사/아르바이트",
        "speaker_type": "1:1",
        "size": 699,
        "word_size": 209,
        "text": "1 : 너네 회사는 연차 자유롭게 쓸 수 있나?\n2 : 아니 우린 연차 월차 없어 대신에 눈치는 보이지만 쉬고 싶음 말하고 쉬는 거야 키키\n1 : 아 맞나? 연차 자유롭게 못쓰는 회사들이 꽤나 있는 거 같더라고 ㅜㅜ\n2 : 연차 월차가 없어 우린 키키 5인 미만 사업장이라서? 키키\n1 : 막 연차 쓰는데 연차 사유 같은 건 안 물어보나?\n2 : 음... 연차가 없는데 쉬고 싶거나 쉬어야 하는 반차처럼 어디 다녀와야 되면 말하곤 갔다 오거나 쉬지 키키\n1 : 아 그래? 다른 회사들은 막 이것저것 캐묻는 회사들도 많더라고 키키\n2 : 뭐... 그 정도로 사람들이...나쁜? 이상? 하지는 않아서 하하 내가 눈치가 보이는 거 뿐이야 키키\n1 : 연차는 법적으로 보장되는 건데... 눈치 보면서 사용하는 게 너무 불편해 ㅜ\n2 : 연차는 그렇지...나는 연차 개념이 없어서 키키 눈치가 보여 키키\n1 : 근로계약서상에도 다 합의된 건데... 아휴...\n1 : 그래도 우리 회사는 사유까진 안 물어봐서 좋다! ㅋ\n2 : 5인 미만 사업장이라서 우리는...없어... ㅜㅜ\n1 : 그렇구만? 병원이라 그런 건가?\n1 : 우리 회사랑은 좀 다른 거 같네!\n2 : 병원이라 그런 거보다 키키 개인사업자고 직원수가 5명 미만이라서 키키\n1 : 그런가 보네! 뭐 쉬고 싶을 때 쉴 수 있으면 됐다! 키키 그게 연차지 뭐\n2 : 키키 한 번도 안 쉬어봤다 키키 눈치가 보여서 쉴 일도 없었고 키키",
        "lines": [
          {
            "id": 1,
            "text": "1 : 너네 회사는 연차 자유롭게 쓸 수 있나?",
            "norm_text": "너네 회사는 연차 자유롭게 쓸 수 있나?",
            "speaker": {
              "id": "1번",
              "sex": "여성",
              "age": "30대"
            },
            "speechAct": "(지시) 질문하기",
            "morpheme": "너/NP+네/XSN+회사/NNG+는/JX+연차/NNG+자유/NNG+롭/XSA+게/EC+쓸/VV+ETM+수/NNB+있/VV+나/EF"
          },
          {
            "id": 2,
            "text": "2 : 아니 우린 연차 월차 없어 대신에 눈치는 보이지만 쉬고 싶음 말하고 쉬는 거야 키키",
            "norm_text": "아니 우린 연차 월차 없어 대신에 눈치는 보이지만 쉬고 싶음 말하고 쉬는 거야 키키",
            "speaker": {
              "id": "2번",
              "sex": "남성",
              "age": "30대"
            },
            "speechAct": "(단언) 진술하기",
            "morpheme": "아니/IC+우린/NP+JX+연차/MAG+월차/NNG+없/VA+어/EC+대신/NNG+에/JKB+눈치/NNG+는/JX+보이/VV+지만/EC+쉬/VV+고/EC+싶/VX+음/ETN+말/NNG+하/XSV+고/EC+쉬/VV+는/ETM+거/NNB+야/VCP+EF+키/NNG+키/XSV+ETN"
          },
          {
            "id": 3,
            "text": "1 : 아 맞나? 연차 자유롭게 못쓰는 회사들이 꽤나 있는 거 같더라고 ㅜㅜ",
            "norm_text": "아 맞나? 연차 자유롭게 못쓰는 회사들이 꽤나 있는 거 같더라고 ㅜㅜ",
            "speaker": {
              "id": "1번",
              "sex": "여성",
              "age": "30대"
            },
            "speechAct": "(단언) 주장하기",
            "morpheme": "아/IC+맞/VV+나/EF+연차자유롭게못쓰는회사들이꽤나있는거같더라고ㅜㅜ/UNKNOWN"
          },
          {
            "id": 4,
            "text": "2 : 연차 월차가 없어 우린 키키 5인 미만 사업장이라서? 키키",
            "norm_text": "연차 월차가 없어 우린 키키 5인 미만 사업장이라서? 키키",
            "speaker": {
              "id": "2번",
              "sex": "남성",
              "age": "30대"
            },
            "speechAct": "(지시) 질문하기",
            "morpheme": "연차/NNG+월차/NNG+가/JKS+없/VA+어/EC+우린/NP+JX+키/NNG+키/XSV+ETN+5/SN+인/NNG+미만/NNG+사업장/NNG+이/VCP+라서/EF+키/NNG+키/XSV+ETN"
          },
          {
            "id": 5,
            "text": "1 : 막 연차 쓰는데 연차 사유 같은 건 안 물어보나?",
            "norm_text": "막 연차 쓰는데 연차 사유 같은 건 안 물어보나?",
            "speaker": {
              "id": "1번",
              "sex": "여성",
              "age": "30대"
            },
            "speechAct": "(지시) 질문하기",
            "morpheme": "막/MAJ+연차/MAG+쓰/VV+는데/EC+연차/NNG+사유/NNG+같/VA+은/ETM+건/NNB+JX+안/MAG+물/VV+어/EC+보/VX+나/EF"
          },
          {
            "id": 6,
            "text": "2 : 음... 연차가 없는데 쉬고 싶거나 쉬어야 하는 반차처럼 어디 다녀와야 되면 말하곤 갔다 오거나 쉬지 키키",
            "norm_text": "음... 연차가 없는데 쉬고 싶거나 쉬어야 하는 반차처럼 어디 다녀와야 되면 말하곤 갔다 오거나 쉬지 키키",
            "speaker": {
              "id": "2번",
              "sex": "남성",
              "age": "30대"
            },
            "speechAct": "(단언) 주장하기",
            "morpheme": "음/IC+./SY+연차가없는데쉬고싶거나쉬어야하는반차처럼어디다녀와야되면말하곤갔다오거나쉬지키키/UNKNOWN"
          },
          {
            "id": 7,
            "text": "1 : 아 그래? 다른 회사들은 막 이것저것 캐묻는 회사들도 많더라고 키키",
            "norm_text": "아 그래? 다른 회사들은 막 이것저것 캐묻는 회사들도 많더라고 키키",
            "speaker": {
              "id": "1번",
              "sex": "여성",
              "age": "30대"
            },
            "speechAct": "(단언) 진술하기",
            "morpheme": "아/IC+그래/IC+다른회사들은막이것저것캐묻는회사들도많더라고키키/UNKNOWN"
          },
          {
            "id": 8,
            "text": "2 : 뭐... 그 정도로 사람들이...나쁜? 이상? 하지는 않아서 하하 내가 눈치가 보이는 거 뿐이야 키키",
            "norm_text": "뭐... 그 정도로 사람들이...나쁜? 이상? 하지는 않아서 하하 내가 눈치가 보이는 거 뿐이야 키키",
            "speaker": {
              "id": "2번",
              "sex": "남성",
              "age": "30대"
            },
            "speechAct": "(단언) 주장하기",
            "morpheme": "뭐/IC+./SY+그/MM+정도/NNG+로/JKB+사람/NNG+들/XSN+이/JKS+./SY+./SY+나쁜/VA+ETM+?/SY+이상/NNG+하/VV+지/EC+는/JX+않/VX+아서/EC+하하/MAG+내/NP+가/JKS+눈치/NNG+가/JKS+보이/VV+는/ETM+거/NNB+뿐/JX+이/VCP+야/EC+키/NNG+키/XSV+ETN"
          },
          {
            "id": 9,
            "text": "1 : 연차는 법적으로 보장되는 건데... 눈치 보면서 사용하는 게 너무 불편해 ㅜ",
            "norm_text": "연차는 법적으로 보장되는 건데... 눈치 보면서 사용하는 게 너무 불편해 ㅜ",
            "speaker": {
              "id": "1번",
              "sex": "여성",
              "age": "30대"
            },
            "speechAct": "(단언) 주장하기",
            "morpheme": "연차/NNG+는/JX+법/NNG+적/XSN+으로/JKB+보장/NNG+되/XSV+는/ETM+건데/NNB+VCP+EF+./SY+눈치보/VV+면서/EC+사용/NNG+하/XSV+는/ETM+게/NNB+JKS+너무/MAG+불편/NNG+해/XSV+EC+ㅜ/UNKNOWN"
          },
          {
            "id": 10,
            "text": "2 : 연차는 그렇지...나는 연차 개념이 없어서 키키 눈치가 보여 키키",
            "norm_text": "연차는 그렇지...나는 연차 개념이 없어서 키키 눈치가 보여 키키",
            "speaker": {
              "id": "2번",
              "sex": "남성",
              "age": "30대"
            },
            "speechAct": "(단언) 주장하기",
            "morpheme": "연차/NNG+는/JX+그렇/VA+지/EF+./SY+나는연차개념이없어서키키눈치가보여키키/UNKNOWN"
          },
          {
            "id": 11,
            "text": "1 : 근로계약서상에도 다 합의된 건데... 아휴...",
            "norm_text": "근로계약서상에도 다 합의된 건데... 아휴...",
            "speaker": {
              "id": "1번",
              "sex": "여성",
              "age": "30대"
            },
            "speechAct": "(단언) 주장하기",
            "morpheme": "근로계약서/NNP+상/XSN+에/JKB+도/JX+다/MAG+합의/NNG+된/XSV+ETM+건데/NNB+VCP+EF+./SY+아휴/IC+./SY"
          },
          {
            "id": 12,
            "text": "1 : 그래도 우리 회사는 사유까진 안 물어봐서 좋다! ㅋ",
            "norm_text": "그래도 우리 회사는 사유까진 안 물어봐서 좋다! ㅋ",
            "speaker": {
              "id": "1번",
              "sex": "여성",
              "age": "30대"
            },
            "speechAct": "(단언) 주장하기",
            "morpheme": "그래도/MAJ+우리/NP+회사/NNG+는/JX+사유/NNG+까진/JX+JX+안/MAG+물어봐서/VV+EC+좋/VA+다/EF+ㅋ/UNKNOWN"
          },
          {
            "id": 13,
            "text": "2 : 5인 미만 사업장이라서 우리는...없어... ㅜㅜ",
            "norm_text": "5인 미만 사업장이라서 우리는...없어... ㅜㅜ",
            "speaker": {
              "id": "2번",
              "sex": "남성",
              "age": "30대"
            },
            "speechAct": "(단언) 주장하기",
            "morpheme": "5/SN+인/NNG+미만/NNG+사업장/NNG+이/VCP+라서/EC+우리/NP+는/JX+./SY+없/VA+어/EF+./SY+ㅜㅜ/UNKNOWN"
          },
          {
            "id": 14,
            "text": "1 : 그렇구만? 병원이라 그런 건가?",
            "norm_text": "그렇구만? 병원이라 그런 건가?",
            "speaker": {
              "id": "1번",
              "sex": "여성",
              "age": "30대"
            },
            "speechAct": "(단언) 주장하기",
            "morpheme": "그렇/VA+구만/EF+병원/NNG+이/VCP+라/EC+그런/MM+건가/NNB+VCP+EF"
          },
          {
            "id": 15,
            "text": "1 : 우리 회사랑은 좀 다른 거 같네!",
            "norm_text": "우리 회사랑은 좀 다른 거 같네!",
            "speaker": {
              "id": "1번",
              "sex": "여성",
              "age": "30대"
            },
            "speechAct": "(단언) 진술하기",
            "morpheme": "우리/NP+회사/NNG+랑/JKB+은/JX+좀/MAG+다른/VA+ETM+거/NNB+같/VA+네/EF"
          },
          {
            "id": 16,
            "text": "2 : 병원이라 그런 거보다 키키 개인사업자고 직원수가 5명 미만이라서 키키",
            "norm_text": "병원이라 그런 거보다 키키 개인사업자고 직원수가 5명 미만이라서 키키",
            "speaker": {
              "id": "2번",
              "sex": "남성",
              "age": "30대"
            },
            "speechAct": "(단언) 진술하기",
            "morpheme": "병원이라그런거보다키키개인사업자고직원수가/UNKNOWN+5/SN+명/NNBC+미만/NNG+이/VCP+라서/EC+키/NNG+키/XSV+ETN"
          },
          {
            "id": 17,
            "text": "1 : 그런가 보네! 뭐 쉬고 싶을 때 쉴 수 있으면 됐다! 키키 그게 연차지 뭐",
            "norm_text": "그런가 보네! 뭐 쉬고 싶을 때 쉴 수 있으면 됐다! 키키 그게 연차지 뭐",
            "speaker": {
              "id": "1번",
              "sex": "여성",
              "age": "30대"
            },
            "speechAct": "(단언) 주장하기",
            "morpheme": "그런가/VA+EC+보/VX+네/EF+뭐/IC+쉬/VV+고/EC+싶/VX+을/ETM+때/NNG+쉴/VV+ETM+수/NNB+있/VV+으면/EC+됐/VV+EP+다/EF+키/NNG+키/XSV+ETN+그게/NP+JKS+연차/NNG+지/VCP+EF+뭐/IC"
          },
          {
            "id": 18,
            "text": "2 : 키키 한 번도 안 쉬어봤다 키키 눈치가 보여서 쉴 일도 없었고 키키",
            "norm_text": "키키 한 번도 안 쉬어봤다 키키 눈치가 보여서 쉴 일도 없었고 키키",
            "speaker": {
              "id": "2번",
              "sex": "남성",
              "age": "30대"
            },
            "speechAct": "(단언) 주장하기",
            "morpheme": "키/NNG+키/XSV+ETN+한/MM+번/NNBC+도/JX+안/MAG+쉬/VV+어/EC+봤/VX+EP+다키키/NNP+눈치/NNG+가/JKS+보여서/VV+EC+쉴/VV+ETM+일/NNG+도/JX+없/VA+었/EP+고/EC+키/NNG+키/XSV+ETN"
          }
        ]
      }
    }
  ]
}