{
  "dataset": {
    "identifier": 58439,
    "name": "KAKAO_995_05_set",
    "src_path": "/data/file/cubeManager/PROJECT001/53/txt20211007112740094657/KAKAO_995_05_set/",
    "label_path": "/data/file/cubeManager/PROJECT001/53/txt20211007112740094657/KAKAO_995_05_set/",
    "category": 2,
    "type": 0
  },
  "licenses": {
    "name": "Apache License 1.0",
    "url": "http://www.apache.org/licenses/LICENSE-1.0"
  },
  "info": [
    {
      "id": 47419,
      "filename": "KAKAO_995_05.txt",
      "title": "KAKAO_995_05",
      "mediatype": "SNS",
      "medianame": "카카오톡",
      "category": "일상대화",
      "date": "2021-10-07",
      "size": 1015,
      "annotations": {
        "subject": "군대",
        "speaker_type": "다자간 대화",
        "size": 1015,
        "word_size": 334,
        "text": "1 : 아니 그건 아닌데... 내가 중요하지는 않으니까...\n1 : 야 ** 동생 목소리 남자더라 완전. 역시 군필자는 달라\n2 : 에엥 아 전화 동생이 받았어?\n3 : 그렇다던데 키키 자기야~ 이랬는데 남자 목소리 들려서 놀랬대\n1 : 내가 자기야 자니? 이랬는데 동생이 저희 누나 씻으러 갔어요... 해서 당황함 키키\n1 : 완전 방금 전역자 목소리였어\n2 : 키키 동생 아무 말도 안 하던데\n2 : 군대 갔다 오더니 말수가 줄었어\n3 : 키키 울 동생은 원체 말수가 없어서 ㅠ\n1 : 키키 군대에서 선임들이 많이 갈군 거 아냐...? 아님 안에서 여친한테 차인 거 아님...?\n2 : 키키 아니 없었어\n2 : 너네는 고무신 신어 봤냐\n3 : 난 공익, 산업체, 육군, 해병대 고무신 4번 신음 이게 맞냐\n1 : 와 넌 뭐 하는 사람이냐?\n1 : 일부러 그런 거야?\n1 : 난 한 번도 안 신어봄\n2 : 역시 **… 장난 없네 어케 그러냐\n3 : 키키 1명은 병말까지 다 기다렸는데,\n1 : 아 그 사람 기억하지\n1 : 군인이 군화 거꾸로 신은 썰 듣고 싶은 사람 내가 대신 얘기해줌\n2 : 뭐야 언제 얘기여\n2 : 20대에 만난 거 맞냐\n3 : 키키 야 조용히 해,\n3 : 나 고딩 때도 곰신이었어\n1 : 키키 너 뭐 하는 애야 ㅠㅠ\n1 : 남들은 군대 한 번 가는데 넌 고무신만 4번 특별하다 얘\n2 : 키키 진짜 대단하다 뭐야 연애 하긴 한 거냐\n3 : 완전 웃겼던 게 공익 간 애인데 공익이랑 산업체는 1달만 훈련소 가고 나머지는 상근이란 말야 ㅠ\n1 : 응응 설마 상근 나가서 차였다고 해라\n2 : 오오 그치 그건 알지 알지\n3 : 아니 육군 간 애는 걍 풀로 2년 군대 갔는데 공익 간 애 훈련소 가서 울면서 전화 옴 ㅠ\n1 : 키키 겁나 웃기넹\n1 : 내 전전 남친도 공익이라 헌혈의 집에서 일했는데 한 달 훈련소 다녀온 거 힘들다고 나한테 우는 소리 할 수는 있는데 육군 만기 전역자들 앞에서 힘들었다고 10번인가 말해서 혼남\n2 : 키키 아 웃겨 죽음 키키\n2 : 울었다는 얘기 처음 들어봄\n3 : 진짜 훌쩍 거리면서 자기야, 난 너무 힘드러 우에에엥 ㅠㅠ",
        "lines": [
          {
            "id": 1,
            "text": "1 : 아니 그건 아닌데... 내가 중요하지는 않으니까...",
            "norm_text": "아니 그건 아닌데... 내가 중요하지는 않으니까...",
            "speaker": {
              "id": "1번",
              "sex": "여성",
              "age": "20대"
            },
            "speechAct": "(단언) 주장하기",
            "morpheme": "아니/IC+그건/NP+JX+아닌데/VCN+EF+./SY+내/NP+가/JKS+중요/NNG+하/XSV+지/EC+는/JX+않/VX+으니까/EC+./SY+./SY"
          },
          {
            "id": 2,
            "text": "1 : 야 ** 동생 목소리 남자더라 완전. 역시 군필자는 달라",
            "norm_text": "야 ** 동생 목소리 남자더라 완전. 역시 군필자는 달라",
            "speaker": {
              "id": "1번",
              "sex": "여성",
              "age": "20대"
            },
            "speechAct": "(단언) 주장하기",
            "morpheme": "야/IC+*/SY+*/SY+동생/NNG+목소리/NNG+남자/NNG+더라/VCP+EF+완전/MAG+역시/MAJ+군/NNG+필자/NNG+는/JX+달라/VA+EC"
          },
          {
            "id": 3,
            "text": "2 : 에엥 아 전화 동생이 받았어?",
            "norm_text": "에엥 아 전화 동생이 받았어?",
            "speaker": {
              "id": "2번",
              "sex": "여성",
              "age": "20대"
            },
            "speechAct": "(지시) 질문하기",
            "morpheme": "에엥/IC+아/IC+전화/NNG+동생/NNG+이/JKS+받/VV+았/EP+어/EF"
          },
          {
            "id": 4,
            "text": "3 : 그렇다던데 키키 자기야~ 이랬는데 남자 목소리 들려서 놀랬대",
            "norm_text": "그렇다던데 키키 자기야~ 이랬는데 남자 목소리 들려서 놀랬대",
            "speaker": {
              "id": "3번",
              "sex": "여성",
              "age": "20대"
            },
            "speechAct": "(단언) 진술하기",
            "morpheme": "그렇/VA+다던데/EC+키/NNG+키/XSV+ETN+자기/NP+야/VCP+EF+~/SY+이랬/VV+EP+는데/EC+남자/NNG+목소리/NNG+들려서/VV+EC+놀랬/VV+EP+대/EC"
          },
          {
            "id": 5,
            "text": "1 : 내가 자기야 자니? 이랬는데 동생이 저희 누나 씻으러 갔어요... 해서 당황함 키키",
            "norm_text": "내가 자기야 자니? 이랬는데 동생이 저희 누나 씻으러 갔어요... 해서 당황함 키키",
            "speaker": {
              "id": "1번",
              "sex": "여성",
              "age": "20대"
            },
            "speechAct": "(단언) 진술하기",
            "morpheme": "내/NP+가/JKS+자기/NP+야/VCP+EF+자니/EF+이랬/VV+EP+는데/EC+동생/NNG+이/JKS+저희/NP+누나/NNG+씻/VV+으러/EC+갔/VV+EP+어요/EF+./SY+해서/VV+EC+당황/NNG+함/XSV+ETN+키/NNG+키/XSV+ETN"
          },
          {
            "id": 6,
            "text": "1 : 완전 방금 전역자 목소리였어",
            "norm_text": "완전 방금 전역자 목소리였어",
            "speaker": {
              "id": "1번",
              "sex": "여성",
              "age": "20대"
            },
            "speechAct": "(단언) 진술하기",
            "morpheme": "완전/MAG+방금/MAG+전역/NNG+자/XSN+목소리/NNG+였/VCP+EP+어/EC"
          },
          {
            "id": 7,
            "text": "2 : 키키 동생 아무 말도 안 하던데",
            "norm_text": "키키 동생 아무 말도 안 하던데",
            "speaker": {
              "id": "2번",
              "sex": "여성",
              "age": "20대"
            },
            "speechAct": "(단언) 진술하기",
            "morpheme": "키/NNG+키/NNG+동생/NNG+아무/MM+말/NNG+도/JX+안/MAG+하/VV+던데/EC"
          },
          {
            "id": 8,
            "text": "2 : 군대 갔다 오더니 말수가 줄었어",
            "norm_text": "군대 갔다 오더니 말수가 줄었어",
            "speaker": {
              "id": "2번",
              "sex": "여성",
              "age": "20대"
            },
            "speechAct": "(단언) 주장하기",
            "morpheme": "군대/NNG+갔다오/VV+더니/EC+말/VX+ETM+수/NNB+가/JKS+줄/VV+었/EP+어/EC"
          },
          {
            "id": 9,
            "text": "3 : 키키 울 동생은 원체 말수가 없어서 ㅠ",
            "norm_text": "키키 울 동생은 원체 말수가 없어서 ㅠ",
            "speaker": {
              "id": "3번",
              "sex": "여성",
              "age": "20대"
            },
            "speechAct": "(단언) 주장하기",
            "morpheme": "키/NNG+키울/VV+ETM+동생/NNG+은/JX+원체/NNG+말수/NNG+가/JKS+없/VA+어서/EC+ㅠ/UNKNOWN"
          },
          {
            "id": 10,
            "text": "1 : 키키 군대에서 선임들이 많이 갈군 거 아냐...? 아님 안에서 여친한테 차인 거 아님...?",
            "norm_text": "키키 군대에서 선임들이 많이 갈군 거 아냐...? 아님 안에서 여친한테 차인 거 아님...?",
            "speaker": {
              "id": "1번",
              "sex": "여성",
              "age": "20대"
            },
            "speechAct": "(지시) 질문하기",
            "morpheme": "키/NNG+키/NNG+군대/NNG+에서/JKB+선임/NNG+들/XSN+이/JKS+많이/MAG+갈/VV+ETM+군거/NNG+아냐/VCN+EF+./SY+./SY+아님/MAJ+안/NNG+에서/JKB+여친/NNG+한테/JKB+차인/VV+ETM+거/NNB+아님/VCN+ETN+./SY+./SY"
          },
          {
            "id": 11,
            "text": "2 : 키키 아니 없었어",
            "norm_text": "키키 아니 없었어",
            "speaker": {
              "id": "2번",
              "sex": "여성",
              "age": "20대"
            },
            "speechAct": "(단언) 주장하기",
            "morpheme": "키/NNG+키/XSV+ETN+아니/VCN+없/VA+었/EP+어/EC"
          },
          {
            "id": 12,
            "text": "2 : 너네는 고무신 신어 봤냐",
            "norm_text": "너네는 고무신 신어 봤냐",
            "speaker": {
              "id": "2번",
              "sex": "여성",
              "age": "20대"
            },
            "speechAct": "(지시) 질문하기",
            "morpheme": "너/NP+네/XSN+는/JX+고무신/NNG+신/VV+어/EC+봤/VX+EP+냐/EC"
          },
          {
            "id": 13,
            "text": "3 : 난 공익, 산업체, 육군, 해병대 고무신 4번 신음 이게 맞냐",
            "norm_text": "난 공익, 산업체, 육군, 해병대 고무신 4번 신음 이게 맞냐",
            "speaker": {
              "id": "3번",
              "sex": "여성",
              "age": "20대"
            },
            "speechAct": "(단언) 진술하기",
            "morpheme": "난/NP+JX+공익/NNG+,/SC+산업체/NNG+,/SC+육군/NNG+,/SC+해병대/NNG+고무신/NNG+4/SN+번/NNBC+신음/NNG+이/VCP+게/EC+맞/VV+냐/EC"
          },
          {
            "id": 14,
            "text": "1 : 와 넌 뭐 하는 사람이냐?",
            "norm_text": "와 넌 뭐 하는 사람이냐?",
            "speaker": {
              "id": "1번",
              "sex": "여성",
              "age": "20대"
            },
            "speechAct": "(지시) 질문하기",
            "morpheme": "와/IC+넌/NP+JX+뭐/NP+하/VV+는/ETM+사람/NNG+이/VCP+냐/EF"
          },
          {
            "id": 15,
            "text": "1 : 일부러 그런 거야?",
            "norm_text": "일부러 그런 거야?",
            "speaker": {
              "id": "1번",
              "sex": "여성",
              "age": "20대"
            },
            "speechAct": "(지시) 질문하기",
            "morpheme": "일부러/MAG+그런/MM+거/NNB+야/VCP+EF"
          },
          {
            "id": 16,
            "text": "1 : 난 한 번도 안 신어봄",
            "norm_text": "난 한 번도 안 신어봄",
            "speaker": {
              "id": "1번",
              "sex": "여성",
              "age": "20대"
            },
            "speechAct": "(단언) 진술하기",
            "morpheme": "난/NP+JX+한/MM+번/NNBC+도/JX+안/MAG+신/VV+어/EC+봄/NNG"
          },
          {
            "id": 17,
            "text": "2 : 역시 **… 장난 없네 어케 그러냐",
            "norm_text": "역시 **… 장난 없네 어케 그러냐",
            "speaker": {
              "id": "2번",
              "sex": "여성",
              "age": "20대"
            },
            "speechAct": "(단언) 주장하기",
            "morpheme": "역시/MAJ+*/SY+*/SY+…/SE+장난/NNG+없/VA+네/EF+어/IC+케/IC+그러/VV+냐/EC"
          },
          {
            "id": 18,
            "text": "3 : 키키 1명은 병말까지 다 기다렸는데,",
            "norm_text": "키키 1명은 병말까지 다 기다렸는데,",
            "speaker": {
              "id": "3번",
              "sex": "여성",
              "age": "20대"
            },
            "speechAct": "(단언) 진술하기",
            "morpheme": "키/NNG+키/XSV+ETN+1/SN+명/NNBC+은/JX+병/NNG+말/NNB+까지/JX+다/MAG+기다렸/VV+EP+는데/EC+,/SC"
          },
          {
            "id": 19,
            "text": "1 : 아 그 사람 기억하지",
            "norm_text": "아 그 사람 기억하지",
            "speaker": {
              "id": "1번",
              "sex": "여성",
              "age": "20대"
            },
            "speechAct": "(단언) 주장하기",
            "morpheme": "아/IC+그/MM+사람/NNG+기억/NNG+하/XSV+지/EC"
          },
          {
            "id": 20,
            "text": "1 : 군인이 군화 거꾸로 신은 썰 듣고 싶은 사람 내가 대신 얘기해줌",
            "norm_text": "군인이 군화 거꾸로 신은 썰 듣고 싶은 사람 내가 대신 얘기해줌",
            "speaker": {
              "id": "1번",
              "sex": "여성",
              "age": "20대"
            },
            "speechAct": "(단언) 주장하기",
            "morpheme": "군인/NNG+이/JKS+군화/NNG+거꾸로/MAG+신/NNG+은/JX+썰/VV+ETM+듣/VV+고/EC+싶/VX+은/ETM+사람/NNG+내/NP+가/JKS+대신/NNG+얘기/NNG+해줌/XSV+EC+VX+ETN"
          },
          {
            "id": 21,
            "text": "2 : 뭐야 언제 얘기여",
            "norm_text": "뭐야 언제 얘기여",
            "speaker": {
              "id": "2번",
              "sex": "여성",
              "age": "20대"
            },
            "speechAct": "(단언) 주장하기",
            "morpheme": "뭐/NP+야/VCP+EF+언제/MAG+얘/IC+기여/NNG"
          },
          {
            "id": 22,
            "text": "2 : 20대에 만난 거 맞냐",
            "norm_text": "20대에 만난 거 맞냐",
            "speaker": {
              "id": "2번",
              "sex": "여성",
              "age": "20대"
            },
            "speechAct": "(지시) 질문하기",
            "morpheme": "20/SN+대/NNBC+에/JKB+만난/VV+ETM+거/NNB+맞/VV+냐/EC"
          },
          {
            "id": 23,
            "text": "3 : 키키 야 조용히 해,",
            "norm_text": "키키 야 조용히 해,",
            "speaker": {
              "id": "3번",
              "sex": "여성",
              "age": "20대"
            },
            "speechAct": "(단언) 주장하기",
            "morpheme": "키/NNG+키/XSV+ETN+야/JX+조용히/MAG+해/VV+EF+,/SC"
          },
          {
            "id": 24,
            "text": "3 : 나 고딩 때도 곰신이었어",
            "norm_text": "나 고딩 때도 곰신이었어",
            "speaker": {
              "id": "3번",
              "sex": "여성",
              "age": "20대"
            },
            "speechAct": "(단언) 진술하기",
            "morpheme": "나/VV+고/EC+딩/NNG+때/NNG+도/JX+곰/NNG+신/NNG+이/VCP+었/EP+어/EC"
          },
          {
            "id": 25,
            "text": "1 : 키키 너 뭐 하는 애야 ㅠㅠ",
            "norm_text": "키키 너 뭐 하는 애야 ㅠㅠ",
            "speaker": {
              "id": "1번",
              "sex": "여성",
              "age": "20대"
            },
            "speechAct": "(단언) 주장하기",
            "morpheme": "키/NNG+키/XSV+ETN+너/NP+뭐/IC+하/VV+는/ETM+애/NNG+야/VCP+EF+ㅠㅠ/UNKNOWN"
          },
          {
            "id": 26,
            "text": "1 : 남들은 군대 한 번 가는데 넌 고무신만 4번 특별하다 얘",
            "norm_text": "남들은 군대 한 번 가는데 넌 고무신만 4번 특별하다 얘",
            "speaker": {
              "id": "1번",
              "sex": "여성",
              "age": "20대"
            },
            "speechAct": "(단언) 주장하기",
            "morpheme": "남/NNG+들/XSN+은/JX+군대/NNG+한/MM+번/NNBC+가/VV+는데/EC+넌/NP+JX+고무신/NNG+만/JX+4/SN+번/NNBC+특별/NNG+하/XSV+다/EC+얘/NP"
          },
          {
            "id": 27,
            "text": "2 : 키키 진짜 대단하다 뭐야 연애 하긴 한 거냐",
            "norm_text": "키키 진짜 대단하다 뭐야 연애 하긴 한 거냐",
            "speaker": {
              "id": "2번",
              "sex": "여성",
              "age": "20대"
            },
            "speechAct": "(단언) 주장하기",
            "morpheme": "키/NNG+키/XSV+ETN+진짜/MAG+대단/XR+하/XSA+다/EF+뭐/IC+야연/NNG+애/NNG+하/XSV+긴/ETN+JX+한/VX+ETM+거/NNB+냐/VCP+EC"
          },
          {
            "id": 28,
            "text": "3 : 완전 웃겼던 게 공익 간 애인데 공익이랑 산업체는 1달만 훈련소 가고 나머지는 상근이란 말야 ㅠ",
            "norm_text": "완전 웃겼던 게 공익 간 애인데 공익이랑 산업체는 1달만 훈련소 가고 나머지는 상근이란 말야 ㅠ",
            "speaker": {
              "id": "3번",
              "sex": "여성",
              "age": "20대"
            },
            "speechAct": "(단언) 주장하기",
            "morpheme": "완전/MAG+웃겼/VV+EP+던/ETM+게/NNB+JKS+공익/NNG+간/NNB+애/NNG+인데/VCP+EC+공익/NNG+이랑/JKB+산업체/NNG+는/JX+1/SN+달/NNG+만/JX+훈련소/NNG+가/VV+고/EC+나머지/NNG+는/JX+상근/NNG+이/VCP+란/ETM+말/NNG+야/VCP+EF+ㅠ/UNKNOWN"
          },
          {
            "id": 29,
            "text": "1 : 응응 설마 상근 나가서 차였다고 해라",
            "norm_text": "응응 설마 상근 나가서 차였다고 해라",
            "speaker": {
              "id": "1번",
              "sex": "여성",
              "age": "20대"
            },
            "speechAct": "(단언) 주장하기",
            "morpheme": "응/IC+응/IC+설마/MAG+상근/NNG+나가/VV+서/EC+차였/VV+EP+다고/EC+해라/VX+EC"
          },
          {
            "id": 30,
            "text": "2 : 오오 그치 그건 알지 알지",
            "norm_text": "오오 그치 그건 알지 알지",
            "speaker": {
              "id": "2번",
              "sex": "여성",
              "age": "20대"
            },
            "speechAct": "(단언) 주장하기",
            "morpheme": "오오/IC+그치/IC+그건/NP+JX+알/VV+지/EC+알/VV+지/EC"
          },
          {
            "id": 31,
            "text": "3 : 아니 육군 간 애는 걍 풀로 2년 군대 갔는데 공익 간 애 훈련소 가서 울면서 전화 옴 ㅠ",
            "norm_text": "아니 육군 간 애는 걍 풀로 2년 군대 갔는데 공익 간 애 훈련소 가서 울면서 전화 옴 ㅠ",
            "speaker": {
              "id": "3번",
              "sex": "여성",
              "age": "20대"
            },
            "speechAct": "(단언) 진술하기",
            "morpheme": "아니/IC+육군/NNG+간/NNB+애/NNG+는/JX+걍풀/UNKNOWN+로/JKB+2/SN+년/NNBC+군대/NNG+갔/VV+EP+는데/EC+공익/NNG+간/NNB+애/NNG+훈련소/NNG+가/VV+서/EC+울/VV+면서/EC+전화/NNG+옴ㅠ/UNKNOWN"
          },
          {
            "id": 32,
            "text": "1 : 키키 겁나 웃기넹",
            "norm_text": "키키 겁나 웃기넹",
            "speaker": {
              "id": "1번",
              "sex": "여성",
              "age": "20대"
            },
            "speechAct": "(단언) 주장하기",
            "morpheme": "키키겁나웃기넹/UNKNOWN"
          },
          {
            "id": 33,
            "text": "1 : 내 전전 남친도 공익이라 헌혈의 집에서 일했는데 한 달 훈련소 다녀온 거 힘들다고 나한테 우는 소리 할 수는 있는데 육군 만기 전역자들 앞에서 힘들었다고 10번인가 말해서 혼남",
            "norm_text": "내 전전 남친도 공익이라 헌혈의 집에서 일했는데 한 달 훈련소 다녀온 거 힘들다고 나한테 우는 소리 할 수는 있는데 육군 만기 전역자들 앞에서 힘들었다고 10번인가 말해서 혼남",
            "speaker": {
              "id": "1번",
              "sex": "여성",
              "age": "20대"
            },
            "speechAct": "(단언) 진술하기",
            "morpheme": "내/NP+JKG+전전/NNG+남친/NNG+도/JX+공익/NNG+이/VCP+라/EC+헌혈/NNG+의/JKG+집/NNG+에서/JKB+일/NNG+했/XSV+EP+는데/EC+한/MM+달/NNBC+훈련소/NNG+다녀온/VV+ETM+거/NNB+힘들/VA+다고/EC+나/NP+한테/JKB+우는소리/NNG+할/XSV+ETM+수/NNB+는/JX+있/VX+는데/EC+육군/NNG+만/JX+기/ETN+전역/NNG+자/XSN+들/XSN+앞/NNG+에서/JKB+힘들/VA+었/EP+다고/EC+10/SN+번/NNBC+인가/VCP+EC+말/NNG+해서/XSV+EC+혼/NNG+남/NNG"
          },
          {
            "id": 34,
            "text": "2 : 키키 아 웃겨 죽음 키키",
            "norm_text": "키키 아 웃겨 죽음 키키",
            "speaker": {
              "id": "2번",
              "sex": "여성",
              "age": "20대"
            },
            "speechAct": "(단언) 주장하기",
            "morpheme": "키/NNG+키/VV+아/EC+웃겨/VV+EC+죽음/NNG+키/NNG+키/XSV+ETN"
          },
          {
            "id": 35,
            "text": "2 : 울었다는 얘기 처음 들어봄",
            "norm_text": "울었다는 얘기 처음 들어봄",
            "speaker": {
              "id": "2번",
              "sex": "여성",
              "age": "20대"
            },
            "speechAct": "(단언) 주장하기",
            "morpheme": "울/VV+었/EP+다는/ETM+얘기/NNG+처음/NNG+들/XSN+어/IC+봄/NNG"
          },
          {
            "id": 36,
            "text": "3 : 진짜 훌쩍 거리면서 자기야, 난 너무 힘드러 우에에엥 ㅠㅠ",
            "norm_text": "진짜 훌쩍 거리면서 자기야, 난 너무 힘드러 우에에엥 ㅠㅠ",
            "speaker": {
              "id": "3번",
              "sex": "여성",
              "age": "20대"
            },
            "speechAct": "(단언) 주장하기",
            "morpheme": "진짜/MAG+훌쩍거리/VV+면서/EC+자기/NP+야/VCP+EF+,/SC+난/NP+JX+너무/MAG+힘드/VA+러/EC+우에/MAG+에엥/IC+ㅠㅠ/UNKNOWN"
          }
        ]
      }
    }
  ]
}