{
  "dataset": {
    "identifier": 69175,
    "name": "KAKAO_919_15_set",
    "src_path": "/data/file/cubeManager/PROJECT001/53/txt20211005155848059191/KAKAO_919_15_set/",
    "label_path": "/data/file/cubeManager/PROJECT001/53/txt20211005155848059191/KAKAO_919_15_set/",
    "category": 2,
    "type": 0
  },
  "licenses": {
    "name": "Apache License 1.0",
    "url": "http://www.apache.org/licenses/LICENSE-1.0"
  },
  "info": [
    {
      "id": 41932,
      "filename": "KAKAO_919_15.txt",
      "title": "KAKAO_919_15",
      "mediatype": "SNS",
      "medianame": "카카오톡",
      "category": "일상대화",
      "date": "2021-10-05",
      "size": 678,
      "annotations": {
        "subject": "타 국가 이슈",
        "speaker_type": "1:1",
        "size": 678,
        "word_size": 189,
        "text": "1 : 이번에 미국이 영국이랑 호주와 새로운 안보 협의체 오커스를 발족한 거 알아?\n2 : 어 뉴스로 봐서 알아 지금 엄청 심각하던데...\n1 : 그니까... 호주의 핵잠수함 보유를 지원하기로 했다는데 지금 중국에서 난리 났더라\n2 : 그럴 만도 하지... 북핵 문제 해결하는데 심각한 악영향을 줄 수 있다고 하니...\n1 : 비핵화로 가야는데 지금 이건 핵 확산 행위긴 해\n2 : 우리나라나 다른 이란 같은 핵 문제 등 핫이슈의 해결에 부정적인 영향을 주기도 해\n1 : 핵을 더 이상 발전하고 만들면 안된다면서 이번 호주에 핵잠수함 건조에 도움을 준다니...\n2 : 나 역시도 이해할 수 없는 상황이다...\n2 : 이런 뉴스 기사 볼 때마다 불안해...\n1 : 그러니까... 아무리 북한이여도 이런 소식을 접할 텐데 북한에서 어떻게 행동할지 아무도 모르니까...\n2 : NPT 조약 맺었음에도 불구하고 이런 행동을 한다는 게 이해가 안된다...\n1 : NPT 조약은 무슨 조약이야?\n2 : 핵 확산 금지 조약 키키 영어 줄임말로 NPT조약 이라고 하더라고 키키\n1 : 아니 무슨 그런 조약까지 맺어놓고 이런 행동을 하는 거지...\n2 : 그러니까... 다른 주변 국가들이 불안에 떨게 만드는 게 더 큰 문제임...\n1 : 아휴... 아무리 국가방위를 위해서라지만... 이건 선 넘었네\n2 : 좀 평화로운 글로벌 시대로 변화하면 안되나...",
        "lines": [
          {
            "id": 1,
            "text": "1 : 이번에 미국이 영국이랑 호주와 새로운 안보 협의체 오커스를 발족한 거 알아?",
            "norm_text": "이번에 미국이 영국이랑 호주와 새로운 안보 협의체 오커스를 발족한 거 알아?",
            "speaker": {
              "id": "1번",
              "sex": "남성",
              "age": "20대"
            },
            "speechAct": "(지시) 질문하기",
            "morpheme": "이번/NNG+에/JKB+미국/NNP+이영국/NNP+이랑/JC+호주/NNP+와/JKB+새로운/VA+ETM+안/NNG+보협/NNP+의체/NNG+오커/NNG+스/XSN+를/JKO+발족/NNG+한/XSA+ETM+거/NNB+알/VV+아/EF"
          },
          {
            "id": 2,
            "text": "2 : 어 뉴스로 봐서 알아 지금 엄청 심각하던데...",
            "norm_text": "어 뉴스로 봐서 알아 지금 엄청 심각하던데...",
            "speaker": {
              "id": "2번",
              "sex": "남성",
              "age": "20대"
            },
            "speechAct": "(단언) 주장하기",
            "morpheme": "어/IC+뉴스/NNG+로/JKB+봐서/VV+EC+알/VV+아/EC+지금/MAG+엄청/MAG+심각/XR+하/XSA+던데/EF+./SY"
          },
          {
            "id": 3,
            "text": "1 : 그니까... 호주의 핵잠수함 보유를 지원하기로 했다는데 지금 중국에서 난리 났더라",
            "norm_text": "그니까... 호주의 핵잠수함 보유를 지원하기로 했다는데 지금 중국에서 난리 났더라",
            "speaker": {
              "id": "1번",
              "sex": "남성",
              "age": "20대"
            },
            "speechAct": "(단언) 진술하기",
            "morpheme": "그니까/MAJ+./SY+./SY+호주/NNP+의/JKG+핵/NNG+잠수함/NNG+보유/NNG+를/JKO+지원/NNG+하/XSV+기/ETN+로/JKB+했/VV+EP+다는데/EC+지금/MAG+중국/NNP+에서/JKB+난리/NNG+났/VV+EP+더라/EC"
          },
          {
            "id": 4,
            "text": "2 : 그럴 만도 하지... 북핵 문제 해결하는데 심각한 악영향을 줄 수 있다고 하니...",
            "norm_text": "그럴 만도 하지... 북핵 문제 해결하는데 심각한 악영향을 줄 수 있다고 하니...",
            "speaker": {
              "id": "2번",
              "sex": "남성",
              "age": "20대"
            },
            "speechAct": "(단언) 주장하기",
            "morpheme": "그럴만도/VA+ETM+JX+JX+하/VV+지/EF+./SY+./SY+북/NNP+핵/NNG+문제/NNG+해결/NNG+하/XSV+는데/EC+심각/XR+한/XSA+ETM+악영향/NNG+을/JKO+줄/VV+ETM+수/NNB+있/VV+다고/EC+하/VX+니/EF+./SY"
          },
          {
            "id": 5,
            "text": "1 : 비핵화로 가야는데 지금 이건 핵 확산 행위긴 해",
            "norm_text": "비핵화로 가야는데 지금 이건 핵 확산 행위긴 해",
            "speaker": {
              "id": "1번",
              "sex": "남성",
              "age": "20대"
            },
            "speechAct": "(단언) 주장하기",
            "morpheme": "비핵화/NNG+로/JKB+가/VV+야/EC+VX+는데/EC+지금/MAG+이건/NP+JX+핵확산/NNP+행위/NNG+긴/VCP+ETN+JX+해/VX+EC"
          },
          {
            "id": 6,
            "text": "2 : 우리나라나 다른 이란 같은 핵 문제 등 핫이슈의 해결에 부정적인 영향을 주기도 해",
            "norm_text": "우리나라나 다른 이란 같은 핵 문제 등 핫이슈의 해결에 부정적인 영향을 주기도 해",
            "speaker": {
              "id": "2번",
              "sex": "남성",
              "age": "20대"
            },
            "speechAct": "(단언) 주장하기",
            "morpheme": "우리/NP+나라/NNG+나/JC+다른/MM+이란/JX+같/VA+은/ETM+핵/NNG+문제/NNG+등/NNB+핫/NNG+이슈/NNG+의/JKG+해결/NNG+에/JKB+부정/NNG+적/XSN+인/VCP+ETM+영향/NNG+을/JKO+주/VV+기/ETN+도/JX+해/VV+EC"
          },
          {
            "id": 7,
            "text": "1 : 핵을 더 이상 발전하고 만들면 안된다면서 이번 호주에 핵잠수함 건조에 도움을 준다니...",
            "norm_text": "핵을 더 이상 발전하고 만들면 안된다면서 이번 호주에 핵잠수함 건조에 도움을 준다니...",
            "speaker": {
              "id": "1번",
              "sex": "남성",
              "age": "20대"
            },
            "speechAct": "(단언) 주장하기",
            "morpheme": "핵을더이상발전하고만들면안된다면서이번호주에핵잠수함건조에도움을준다니/UNKNOWN+./SY"
          },
          {
            "id": 8,
            "text": "2 : 나 역시도 이해할 수 없는 상황이다...",
            "norm_text": "나 역시도 이해할 수 없는 상황이다...",
            "speaker": {
              "id": "2번",
              "sex": "남성",
              "age": "20대"
            },
            "speechAct": "(단언) 주장하기",
            "morpheme": "나/NP+역시/MAJ+도/JX+이해/NNG+할/XSV+ETM+수/NNB+없/VA+는/ETM+상황/NNG+이/VCP+다/EF+./SY"
          },
          {
            "id": 9,
            "text": "2 : 이런 뉴스 기사 볼 때마다 불안해...",
            "norm_text": "이런 뉴스 기사 볼 때마다 불안해...",
            "speaker": {
              "id": "2번",
              "sex": "남성",
              "age": "20대"
            },
            "speechAct": "(단언) 주장하기",
            "morpheme": "이런/MM+뉴스/NNG+기사/NNG+볼/VV+ETM+때/NNG+마다/JX+불안/NNG+해/XSV+EF+./SY"
          },
          {
            "id": 10,
            "text": "1 : 그러니까... 아무리 북한이여도 이런 소식을 접할 텐데 북한에서 어떻게 행동할지 아무도 모르니까...",
            "norm_text": "그러니까... 아무리 북한이여도 이런 소식을 접할 텐데 북한에서 어떻게 행동할지 아무도 모르니까...",
            "speaker": {
              "id": "1번",
              "sex": "남성",
              "age": "20대"
            },
            "speechAct": "(단언) 주장하기",
            "morpheme": "그러니까/MAJ+./SY+아무리/MAG+북한/NNP+이/VCP+여도/EC+이런/MM+소식/NNG+을/JKO+접할/VV+ETM+텐데/NNB+VCP+EC+북한/NNP+에서/JKB+어떻게/MAG+행동/NNG+할지/XSV+EC+아무/NP+도/JX+모르/VV+니까/EC+./SY+./SY"
          },
          {
            "id": 11,
            "text": "2 : NPT 조약 맺었음에도 불구하고 이런 행동을 한다는 게 이해가 안된다...",
            "norm_text": "NPT 조약 맺었음에도 불구하고 이런 행동을 한다는 게 이해가 안된다...",
            "speaker": {
              "id": "2번",
              "sex": "남성",
              "age": "20대"
            },
            "speechAct": "(단언) 주장하기",
            "morpheme": "NPT/SL+조약/NNG+맺/VV+었/EP+음/ETN+에/JKB+도/JX+불구/XR+하/XSA+고/EC+이런/MM+행동/NNG+을/JKO+한다는/VV+ETM+게/NNB+JKS+이해/NNG+가/JKS+안/MAG+된다/VV+EF+./SY"
          },
          {
            "id": 12,
            "text": "1 : NPT 조약은 무슨 조약이야?",
            "norm_text": "NPT 조약은 무슨 조약이야?",
            "speaker": {
              "id": "1번",
              "sex": "남성",
              "age": "20대"
            },
            "speechAct": "(지시) 질문하기",
            "morpheme": "NPT/SL+조약/NNG+은/JX+무슨/MM+조약/NNG+이/VCP+야/EF"
          },
          {
            "id": 13,
            "text": "2 : 핵 확산 금지 조약 키키 영어 줄임말로 NPT조약 이라고 하더라고 키키",
            "norm_text": "핵 확산 금지 조약 키키 영어 줄임말로 NPT조약 이라고 하더라고 키키",
            "speaker": {
              "id": "2번",
              "sex": "남성",
              "age": "20대"
            },
            "speechAct": "(단언) 진술하기",
            "morpheme": "핵확산금지조약키키영어줄임말로/UNKNOWN+NPT/SL+조약/NNG+이/VCP+라고/EC+하/VV+더라고/EC+키/NNG+키/XSV+ETN"
          },
          {
            "id": 14,
            "text": "1 : 아니 무슨 그런 조약까지 맺어놓고 이런 행동을 하는 거지...",
            "norm_text": "아니 무슨 그런 조약까지 맺어놓고 이런 행동을 하는 거지...",
            "speaker": {
              "id": "1번",
              "sex": "남성",
              "age": "20대"
            },
            "speechAct": "(단언) 주장하기",
            "morpheme": "아니/IC+무슨/MM+그런/MM+조약/NNG+까지/JX+맺/VV+어/EC+놓/VX+고/EC+이런/MM+행동/NNG+을/JKO+하/VV+는/ETM+거/NNB+지/VCP+EF+./SY"
          },
          {
            "id": 15,
            "text": "2 : 그러니까... 다른 주변 국가들이 불안에 떨게 만드는 게 더 큰 문제임...",
            "norm_text": "그러니까... 다른 주변 국가들이 불안에 떨게 만드는 게 더 큰 문제임...",
            "speaker": {
              "id": "2번",
              "sex": "남성",
              "age": "20대"
            },
            "speechAct": "(단언) 주장하기",
            "morpheme": "그러니까/MAJ+./SY+다른/MM+주변/NNG+국가/NNG+들/XSN+이/JKS+불안/NNG+에/JKB+떨/VV+게/EC+만드/VV+는/ETM+게/NNB+JKS+더/MAG+큰/VA+ETM+문제/NNG+임/VCP+ETN+./SY"
          },
          {
            "id": 16,
            "text": "1 : 아휴... 아무리 국가방위를 위해서라지만... 이건 선 넘었네",
            "norm_text": "아휴... 아무리 국가방위를 위해서라지만... 이건 선 넘었네",
            "speaker": {
              "id": "1번",
              "sex": "남성",
              "age": "20대"
            },
            "speechAct": "(단언) 주장하기",
            "morpheme": "아휴/IC+./SY+아무리/MAG+국가/NNG+방위/NNG+를/JKO+위해서/VV+EC+VCP+라지만/EF+./SY+./SY+이건선/NNP+넘/VV+었/EP+네/EF"
          },
          {
            "id": 17,
            "text": "2 : 좀 평화로운 글로벌 시대로 변화하면 안되나...",
            "norm_text": "좀 평화로운 글로벌 시대로 변화하면 안되나...",
            "speaker": {
              "id": "2번",
              "sex": "남성",
              "age": "20대"
            },
            "speechAct": "(지시) 질문하기",
            "morpheme": "좀/MAG+평화/NNG+로운/XSA+ETM+글로벌/NNG+시대/NNG+로/JKB+변화/NNG+하/XSV+면/EC+안/MAG+되/VV+나/EF+./SY"
          }
        ]
      }
    }
  ]
}