{
  "dataset": {
    "identifier": 63382,
    "name": "KAKAO_912_13_set",
    "src_path": "/data/file/cubeManager/PROJECT001/53/txt20211005154135016441/KAKAO_912_13_set/",
    "label_path": "/data/file/cubeManager/PROJECT001/53/txt20211005154135016441/KAKAO_912_13_set/",
    "category": 2,
    "type": 0
  },
  "licenses": {
    "name": "Apache License 1.0",
    "url": "http://www.apache.org/licenses/LICENSE-1.0"
  },
  "info": [
    {
      "id": 41630,
      "filename": "KAKAO_912_13.txt",
      "title": "KAKAO_912_13",
      "mediatype": "SNS",
      "medianame": "카카오톡",
      "category": "일상대화",
      "date": "2021-10-05",
      "size": 437,
      "annotations": {
        "subject": "계절/날씨",
        "speaker_type": "1:1",
        "size": 437,
        "word_size": 138,
        "text": "1 : 어느 계절을 제일 좋아해?\n2 : 나는 봄이 좋아.추웠다가 따뜻해지는 그때\n1 : 맞아 봄은 뭔가 마음이 선덕 선덕\n2 : 맞아 핑크핑크하잖아 그때가 젤루 좋아\n1 : 벚꽃 휘날리면 진짜 설레지 벚꽃 엔딩!\n2 : 맞아 맞아 가을의 쓸쓸함과는 다르지 날씨는 비슷해도\n1 : 맞아 좀 달라 키키 따땃 키키 난 봄에 태어나서 그런가 봄도 좋아\n2 : 아 봄에 태어났구나, 나는 겨울에 태어났는데 겨울 너무 싫어\n1 : 겨울 진짜 최악... 아침에 일어나기 힘들어\n2 : 응 너무 어둡고 이불 밖에 못나가겠어\n1 : 전기장판에서 나올 때 도살장 끌려가는 기분이랄까\n2 : 키키 출근길이 너무 힘들지.\n1 : 겨울 레저 같은 거 하면 좀 나으려나...\n2 : 근데 나는 스키나 스노보드도 나랑 안 맞았어\n1 : 맞아 키키 솔직히 눈도 싫다 더 추워 키키\n2 : 그냥 겨울에 따땃하게 누워서 귤 까먹는 게 최고",
        "lines": [
          {
            "id": 1,
            "text": "1 : 어느 계절을 제일 좋아해?",
            "norm_text": "어느 계절을 제일 좋아해?",
            "speaker": {
              "id": "1번",
              "sex": "여성",
              "age": "30대"
            },
            "speechAct": "(지시) 질문하기",
            "morpheme": "어느/MM+계절/NNG+을/JKO+제일/MAG+좋/VA+아/EC+해/VX+EF"
          },
          {
            "id": 2,
            "text": "2 : 나는 봄이 좋아.추웠다가 따뜻해지는 그때",
            "norm_text": "나는 봄이 좋아.추웠다가 따뜻해지는 그때",
            "speaker": {
              "id": "2번",
              "sex": "여성",
              "age": "30대"
            },
            "speechAct": "(단언) 주장하기",
            "morpheme": "나/NP+는/JX+봄/NNG+이/JKS+좋/VA+아/EF+추웠/VA+EP+다가/EC+따뜻/XR+해/XSA+EC+지/VX+는/ETM+그때/NNG"
          },
          {
            "id": 3,
            "text": "1 : 맞아 봄은 뭔가 마음이 선덕 선덕",
            "norm_text": "맞아 봄은 뭔가 마음이 선덕 선덕",
            "speaker": {
              "id": "1번",
              "sex": "여성",
              "age": "30대"
            },
            "speechAct": "(단언) 주장하기",
            "morpheme": "맞/VV+아/EC+봄/NNG+은/JX+뭔가/NP+VCP+EC+마음/NNG+이/JKS+선덕/NNG+선덕/NNG"
          },
          {
            "id": 4,
            "text": "2 : 맞아 핑크핑크하잖아 그때가 젤루 좋아",
            "norm_text": "맞아 핑크핑크하잖아 그때가 젤루 좋아",
            "speaker": {
              "id": "2번",
              "sex": "여성",
              "age": "30대"
            },
            "speechAct": "(단언) 주장하기",
            "morpheme": "맞/VV+아/EC+핑크/NNG+핑크/NNG+하/XSV+잖아/EC+그때/NNG+가/JKS+젤/NNG+루/JKB+좋/VA+아/EC"
          },
          {
            "id": 5,
            "text": "1 : 벚꽃 휘날리면 진짜 설레지 벚꽃 엔딩!",
            "norm_text": "벚꽃 휘날리면 진짜 설레지 벚꽃 엔딩!",
            "speaker": {
              "id": "1번",
              "sex": "여성",
              "age": "30대"
            },
            "speechAct": "(단언) 주장하기",
            "morpheme": "벚꽃/NNG+휘날리/VV+면/EC+진짜/MAG+설레/VV+지/EC+벚꽃/NNG+엔/JKB+JX+딩/MAG"
          },
          {
            "id": 6,
            "text": "2 : 맞아 맞아 가을의 쓸쓸함과는 다르지 날씨는 비슷해도",
            "norm_text": "맞아 맞아 가을의 쓸쓸함과는 다르지 날씨는 비슷해도",
            "speaker": {
              "id": "2번",
              "sex": "여성",
              "age": "30대"
            },
            "speechAct": "(단언) 주장하기",
            "morpheme": "맞/VV+아/EC+맞/VV+아/EC+가을/NNG+의/JKG+쓸쓸/XR+함/XSA+ETN+과/JKB+는/JX+다르/VA+지/EC+날씨/NNG+는/JX+비슷/XR+해도/XSA+EC"
          },
          {
            "id": 7,
            "text": "1 : 맞아 좀 달라 키키 따땃 키키 난 봄에 태어나서 그런가 봄도 좋아",
            "norm_text": "맞아 좀 달라 키키 따땃 키키 난 봄에 태어나서 그런가 봄도 좋아",
            "speaker": {
              "id": "1번",
              "sex": "여성",
              "age": "30대"
            },
            "speechAct": "(단언) 주장하기",
            "morpheme": "맞/VV+아/EC+좀/MAG+달라/VA+EC+키/NNG+키/XSV+ETN+따땃/XR+키/NNG+키/XSV+ETN+난/VV+ETM+봄/NNG+에/JKB+태어나/VV+서/EC+그런가/VA+EC+봄/NNG+도/JX+좋/VA+아/EC"
          },
          {
            "id": 8,
            "text": "2 : 아 봄에 태어났구나, 나는 겨울에 태어났는데 겨울 너무 싫어",
            "norm_text": "아 봄에 태어났구나, 나는 겨울에 태어났는데 겨울 너무 싫어",
            "speaker": {
              "id": "2번",
              "sex": "여성",
              "age": "30대"
            },
            "speechAct": "(단언) 주장하기",
            "morpheme": "아/IC+봄/NNG+에/JKB+태어났/VV+EP+구나/EF+,/SC+나/NP+는/JX+겨울/NNG+에/JKB+태어났/VV+EP+는데/EC+겨울/NNG+너무/MAG+싫/VA+어/EC"
          },
          {
            "id": 9,
            "text": "1 : 겨울 진짜 최악... 아침에 일어나기 힘들어",
            "norm_text": "겨울 진짜 최악... 아침에 일어나기 힘들어",
            "speaker": {
              "id": "1번",
              "sex": "여성",
              "age": "30대"
            },
            "speechAct": "(단언) 주장하기",
            "morpheme": "겨울/NNG+진짜/MAG+최악/NNG+./SY+./SY+아침/NNG+에/JKB+일어나/VV+기/ETN+힘들/VA+어/EC"
          },
          {
            "id": 10,
            "text": "2 : 응 너무 어둡고 이불 밖에 못나가겠어",
            "norm_text": "응 너무 어둡고 이불 밖에 못나가겠어",
            "speaker": {
              "id": "2번",
              "sex": "여성",
              "age": "30대"
            },
            "speechAct": "(단언) 주장하기",
            "morpheme": "응/IC+너무/MAG+어둡/VA+고/EC+이불/NNG+밖에/JX+못/MAG+나가/VV+겠/EP+어/EC"
          },
          {
            "id": 11,
            "text": "1 : 전기장판에서 나올 때 도살장 끌려가는 기분이랄까",
            "norm_text": "전기장판에서 나올 때 도살장 끌려가는 기분이랄까",
            "speaker": {
              "id": "1번",
              "sex": "여성",
              "age": "30대"
            },
            "speechAct": "(단언) 주장하기",
            "morpheme": "전기장판/NNG+에서/JKB+나올/VV+ETM+때/NNG+도살장/NNG+끌려가/VV+는/ETM+기분/NNG+이/VCP+랄까/EC"
          },
          {
            "id": 12,
            "text": "2 : 키키 출근길이 너무 힘들지.",
            "norm_text": "키키 출근길이 너무 힘들지.",
            "speaker": {
              "id": "2번",
              "sex": "여성",
              "age": "30대"
            },
            "speechAct": "(단언) 주장하기",
            "morpheme": "키/NNG+키/NNG+출근길/NNG+이/JKS+너무/MAG+힘들/VA+지/EF"
          },
          {
            "id": 13,
            "text": "1 : 겨울 레저 같은 거 하면 좀 나으려나...",
            "norm_text": "겨울 레저 같은 거 하면 좀 나으려나...",
            "speaker": {
              "id": "1번",
              "sex": "여성",
              "age": "30대"
            },
            "speechAct": "(단언) 주장하기",
            "morpheme": "겨울/NNG+레저/NNG+같/VA+은/ETM+거/NNB+하/VV+면/EC+좀/MAG+나/VV+으려나/EF+./SY"
          },
          {
            "id": 14,
            "text": "2 : 근데 나는 스키나 스노보드도 나랑 안 맞았어",
            "norm_text": "근데 나는 스키나 스노보드도 나랑 안 맞았어",
            "speaker": {
              "id": "2번",
              "sex": "여성",
              "age": "30대"
            },
            "speechAct": "(단언) 주장하기",
            "morpheme": "근데/MAJ+나/NP+는/JX+스키/NNG+나/JC+스노보드/NNG+도/JX+나/NP+랑/JC+안/MAG+맞/VV+았/EP+어/EC"
          },
          {
            "id": 15,
            "text": "1 : 맞아 키키 솔직히 눈도 싫다 더 추워 키키",
            "norm_text": "맞아 키키 솔직히 눈도 싫다 더 추워 키키",
            "speaker": {
              "id": "1번",
              "sex": "여성",
              "age": "30대"
            },
            "speechAct": "(단언) 주장하기",
            "morpheme": "맞/VV+아/EC+키/NNG+키/XSV+ETN+솔직히/MAG+눈/NNG+도/JX+싫/VA+다/EC+더/MAG+추워/VA+EC+키/NNG+키/XSV+ETN"
          },
          {
            "id": 16,
            "text": "2 : 그냥 겨울에 따땃하게 누워서 귤 까먹는 게 최고",
            "norm_text": "그냥 겨울에 따땃하게 누워서 귤 까먹는 게 최고",
            "speaker": {
              "id": "2번",
              "sex": "여성",
              "age": "30대"
            },
            "speechAct": "(단언) 주장하기",
            "morpheme": "그냥/MAG+겨울/NNG+에/JKB+따땃/XR+하/XSA+게/EC+누워서/VV+EC+귤/NNG+까먹/VV+는/ETM+게/NNB+JKS+최고/NNG"
          }
        ]
      }
    }
  ]
}