{
  "dataset": {
    "identifier": 60009,
    "name": "KAKAO_989_10_set",
    "src_path": "/data/file/cubeManager/PROJECT001/53/txt20211006122052080382/KAKAO_989_10_set/",
    "label_path": "/data/file/cubeManager/PROJECT001/53/txt20211006122052080382/KAKAO_989_10_set/",
    "category": 2,
    "type": 0
  },
  "licenses": {
    "name": "Apache License 1.0",
    "url": "http://www.apache.org/licenses/LICENSE-1.0"
  },
  "info": [
    {
      "id": 42890,
      "filename": "KAKAO_989_10.txt",
      "title": "KAKAO_989_10",
      "mediatype": "SNS",
      "medianame": "카카오톡",
      "category": "일상대화",
      "date": "2021-10-06",
      "size": 598,
      "annotations": {
        "subject": "스포츠/레저",
        "speaker_type": "1:1",
        "size": 598,
        "word_size": 200,
        "text": "1 : 이제 날씨 좋아서 사람들 등산 많이 가겠다\n2 : 응 키키 오늘 친구들 갔는데 소나기 와서 다 맞았대 키키\n1 : 아 진짜? ㅜㅜ 비 오는 날 등산은 진짜 위험하다던데 ㅜㅜ\n2 : 엉 키키 나도 오늘 갈까 했는데 안 갔거든 다행 하하\n1 : 큰일 날 뻔했네 ㅜㅜ 아휴...\n1 : 근데 요즘은 진짜 야외 활동하기 딱 좋다\n2 : 어 ㅠㅠ 매일 날씨가 요즘 같으면 좋겠다\n1 : 응응 밖에서 하는 취미 활동하기엔 지금이 최고\n2 : 응 키키 날씨 좋을 떄 자주 나가고 해야지 키키 곧 추워지는데 ㅠ\n1 : 응응 ㅜㅜ 근데 겨울에도 산책이나 운동 나가도 되지?\n2 : 당연하지 키키 따뜻하게 입혀주고!\n2 : 너무 오래 다니진 말구\n1 : 아아 ㅜㅜ 옷을 입혀야 하는구나\n1 : ㅜㅜ 꼭 입혀야 하나?\n2 : 그리고 눈 녹이는 그 뿌리는 거 밟으면 화상 입으니까 조심하구\n1 : 아아 그 염화칼륨인가 그거 말하는 거지? 하얀 거\n2 : 어 그거! 엄청 위험해 옷은 무조건 입혀\n2 : 감기 걸리면 고생한당 ㅠㅠ\n2 : 강아지도 추위 많이 타\n1 : ㅜㅜ 서울은 눈도 많이 오니까... 그거 많이 뿌리긴 한다 ㅜㅜ\n1 : 아휴... 옷 입히기 연습해야겠네\n2 : 응 ㅠㅠ 왜 옷 입는 거 안 좋아하나 보네",
        "lines": [
          {
            "id": 1,
            "text": "1 : 이제 날씨 좋아서 사람들 등산 많이 가겠다",
            "norm_text": "이제 날씨 좋아서 사람들 등산 많이 가겠다",
            "speaker": {
              "id": "1번",
              "sex": "여성",
              "age": "30대"
            },
            "speechAct": "(단언) 주장하기",
            "morpheme": "이제/MAG+날씨/NNG+좋/VA+아서/EC+사람/NNG+들/XSN+등산/NNG+많이/MAG+가/VV+겠/EP+다/EC"
          },
          {
            "id": 2,
            "text": "2 : 응 키키 오늘 친구들 갔는데 소나기 와서 다 맞았대 키키",
            "norm_text": "응 키키 오늘 친구들 갔는데 소나기 와서 다 맞았대 키키",
            "speaker": {
              "id": "2번",
              "sex": "여성",
              "age": "30대"
            },
            "speechAct": "(단언) 진술하기",
            "morpheme": "응/IC+키/NNG+키/NNG+오늘/NNG+친구/NNG+들/XSN+갔/VV+EP+는데/EC+소나기/NNG+와서/VV+EC+다/MAG+맞/VV+았/EP+대/XPN+키/NNG+키/XSV+ETN"
          },
          {
            "id": 3,
            "text": "1 : 아 진짜? ㅜㅜ 비 오는 날 등산은 진짜 위험하다던데 ㅜㅜ",
            "norm_text": "아 진짜? ㅜㅜ 비 오는 날 등산은 진짜 위험하다던데 ㅜㅜ",
            "speaker": {
              "id": "1번",
              "sex": "여성",
              "age": "30대"
            },
            "speechAct": "(단언) 주장하기",
            "morpheme": "아/IC+진짜/MAG+ㅜㅜ/UNKNOWN+비오/VV+는/ETM+날/NNG+등산/NNG+은/JX+진짜/MAG+위험/NNG+하/XSV+다던데/EC+ㅜㅜ/UNKNOWN"
          },
          {
            "id": 4,
            "text": "2 : 엉 키키 나도 오늘 갈까 했는데 안 갔거든 다행 하하",
            "norm_text": "엉 키키 나도 오늘 갈까 했는데 안 갔거든 다행 하하",
            "speaker": {
              "id": "2번",
              "sex": "여성",
              "age": "30대"
            },
            "speechAct": "(단언) 주장하기",
            "morpheme": "엉/IC+키/NNG+키나/XSA+ETN+JX+도/JX+오늘/MAG+갈까/VV+EC+했/VX+EP+는데/EC+안/MAG+갔/VV+EP+거든/EF+다/MAG+행하/NNG+하/XSV"
          },
          {
            "id": 5,
            "text": "1 : 큰일 날 뻔했네 ㅜㅜ 아휴...",
            "norm_text": "큰일 날 뻔했네 ㅜㅜ 아휴...",
            "speaker": {
              "id": "1번",
              "sex": "여성",
              "age": "30대"
            },
            "speechAct": "(단언) 주장하기",
            "morpheme": "큰일날/VV+ETM+뻔/NNB+했/XSA+EP+네/EF+ㅜㅜ/UNKNOWN+아휴/IC+./SY"
          },
          {
            "id": 6,
            "text": "1 : 근데 요즘은 진짜 야외 활동하기 딱 좋다",
            "norm_text": "근데 요즘은 진짜 야외 활동하기 딱 좋다",
            "speaker": {
              "id": "1번",
              "sex": "여성",
              "age": "30대"
            },
            "speechAct": "(단언) 주장하기",
            "morpheme": "근데/MAJ+요즘/NNG+은/JX+진짜/MAG+야외/NNG+활동/NNG+하/XSV+기/ETN+딱/MAG+좋/VA+다/EC"
          },
          {
            "id": 7,
            "text": "2 : 어 ㅠㅠ 매일 날씨가 요즘 같으면 좋겠다",
            "norm_text": "어 ㅠㅠ 매일 날씨가 요즘 같으면 좋겠다",
            "speaker": {
              "id": "2번",
              "sex": "여성",
              "age": "30대"
            },
            "speechAct": "(단언) 주장하기",
            "morpheme": "어/IC+ㅠㅠ/UNKNOWN+매일/MAG+날씨/NNG+가/JKS+요즘/MAG+같/VA+으면/EC+좋/VA+겠/EP+다/EC"
          },
          {
            "id": 8,
            "text": "1 : 응응 밖에서 하는 취미 활동하기엔 지금이 최고",
            "norm_text": "응응 밖에서 하는 취미 활동하기엔 지금이 최고",
            "speaker": {
              "id": "1번",
              "sex": "여성",
              "age": "30대"
            },
            "speechAct": "(단언) 주장하기",
            "morpheme": "응/IC+응/IC+밖/NNG+에서/JKB+하/VV+는/ETM+취미/NNG+활동/NNG+하/XSV+기/ETN+엔/JKB+JX+지금/NNG+이/JKS+최고/NNG"
          },
          {
            "id": 9,
            "text": "2 : 응 키키 날씨 좋을 떄 자주 나가고 해야지 키키 곧 추워지는데 ㅠ",
            "norm_text": "응 키키 날씨 좋을 떄 자주 나가고 해야지 키키 곧 추워지는데 ㅠ",
            "speaker": {
              "id": "2번",
              "sex": "여성",
              "age": "30대"
            },
            "speechAct": "(단언) 주장하기",
            "morpheme": "응/IC+키/NNG+키/NNG+날씨/NNG+좋/VA+을/ETM+떄/UNKNOWN+자주/MAG+나가/VV+고/EC+해야지/VX+EC+키/NNG+키/NNG+곧/MAG+추워/VA+EC+지/VX+는/ETM+데ㅠ/UNKNOWN"
          },
          {
            "id": 10,
            "text": "1 : 응응 ㅜㅜ 근데 겨울에도 산책이나 운동 나가도 되지?",
            "norm_text": "응응 ㅜㅜ 근데 겨울에도 산책이나 운동 나가도 되지?",
            "speaker": {
              "id": "1번",
              "sex": "여성",
              "age": "30대"
            },
            "speechAct": "(단언) 주장하기",
            "morpheme": "응/IC+응/IC+ㅜㅜ/UNKNOWN+근데/MAJ+겨울/NNG+에/JKB+도/JX+산책/NNG+이나/JC+운동/NNG+나가/VV+EC+도/JX+되/VV+지/EF"
          },
          {
            "id": 11,
            "text": "2 : 당연하지 키키 따뜻하게 입혀주고!",
            "norm_text": "당연하지 키키 따뜻하게 입혀주고!",
            "speaker": {
              "id": "2번",
              "sex": "여성",
              "age": "30대"
            },
            "speechAct": "(단언) 주장하기",
            "morpheme": "당연/XR+하/XSA+지/EC+키/NNG+키/XSV+ETN+따뜻/XR+하/XSA+게/EC+입혀/VV+EC+주/VX+고/EC"
          },
          {
            "id": 12,
            "text": "2 : 너무 오래 다니진 말구",
            "norm_text": "너무 오래 다니진 말구",
            "speaker": {
              "id": "2번",
              "sex": "여성",
              "age": "30대"
            },
            "speechAct": "(단언) 주장하기",
            "morpheme": "너무/MAG+오래/MAG+다니/VV+진/EC+JX+말/VX+구/EC"
          },
          {
            "id": 13,
            "text": "1 : 아아 ㅜㅜ 옷을 입혀야 하는구나",
            "norm_text": "아아 ㅜㅜ 옷을 입혀야 하는구나",
            "speaker": {
              "id": "1번",
              "sex": "여성",
              "age": "30대"
            },
            "speechAct": "(단언) 주장하기",
            "morpheme": "아아/IC+ㅜㅜ/UNKNOWN+옷/NNG+을/JKO+입혀야/VV+EC+하/VV+는구나/EC"
          },
          {
            "id": 14,
            "text": "1 : ㅜㅜ 꼭 입혀야 하나?",
            "norm_text": "ㅜㅜ 꼭 입혀야 하나?",
            "speaker": {
              "id": "1번",
              "sex": "여성",
              "age": "30대"
            },
            "speechAct": "(단언) 주장하기",
            "morpheme": "ㅜㅜ꼭입혀야하나/UNKNOWN"
          },
          {
            "id": 15,
            "text": "2 : 그리고 눈 녹이는 그 뿌리는 거 밟으면 화상 입으니까 조심하구",
            "norm_text": "그리고 눈 녹이는 그 뿌리는 거 밟으면 화상 입으니까 조심하구",
            "speaker": {
              "id": "2번",
              "sex": "여성",
              "age": "30대"
            },
            "speechAct": "(단언) 주장하기",
            "morpheme": "그리고/MAJ+눈/NNG+녹이/VV+는/ETM+그/IC+뿌리/VV+는/ETM+거/NNB+밟/VV+으면/EC+화상/NNG+입/VV+으니까/EC+조심/NNG+하/XSV+구/EC"
          },
          {
            "id": 16,
            "text": "1 : 아아 그 염화칼륨인가 그거 말하는 거지? 하얀 거",
            "norm_text": "아아 그 염화칼륨인가 그거 말하는 거지? 하얀 거",
            "speaker": {
              "id": "1번",
              "sex": "여성",
              "age": "30대"
            },
            "speechAct": "(단언) 주장하기",
            "morpheme": "아아/IC+그/MM+염화칼륨/NNG+인가/VCP+EC+그거/NP+말/NNG+하/XSV+는/ETM+거/NNB+지/VCP+EF+하얀/VA+ETM+거/NNB"
          },
          {
            "id": 17,
            "text": "2 : 어 그거! 엄청 위험해 옷은 무조건 입혀",
            "norm_text": "어 그거! 엄청 위험해 옷은 무조건 입혀",
            "speaker": {
              "id": "2번",
              "sex": "여성",
              "age": "30대"
            },
            "speechAct": "(단언) 주장하기",
            "morpheme": "어/IC+그거/NP+엄청/MAG+위험/NNG+해/XSV+EC+옷/NNG+은/JX+무조건/MAG+입혀/VV+EC"
          },
          {
            "id": 18,
            "text": "2 : 감기 걸리면 고생한당 ㅠㅠ",
            "norm_text": "감기 걸리면 고생한당 ㅠㅠ",
            "speaker": {
              "id": "2번",
              "sex": "여성",
              "age": "30대"
            },
            "speechAct": "(단언) 주장하기",
            "morpheme": "감기/NNG+걸리/VV+면/EC+고생/NNG+한당/NNG+ㅠㅠ/UNKNOWN"
          },
          {
            "id": 19,
            "text": "2 : 강아지도 추위 많이 타",
            "norm_text": "강아지도 추위 많이 타",
            "speaker": {
              "id": "2번",
              "sex": "여성",
              "age": "30대"
            },
            "speechAct": "(단언) 주장하기",
            "morpheme": "강아지/NNG+도/JX+추위/NNG+많이/MAG+타/VV+EC"
          },
          {
            "id": 20,
            "text": "1 : ㅜㅜ 서울은 눈도 많이 오니까... 그거 많이 뿌리긴 한다 ㅜㅜ",
            "norm_text": "ㅜㅜ 서울은 눈도 많이 오니까... 그거 많이 뿌리긴 한다 ㅜㅜ",
            "speaker": {
              "id": "1번",
              "sex": "여성",
              "age": "30대"
            },
            "speechAct": "(단언) 주장하기",
            "morpheme": "ㅜㅜ/UNKNOWN+서울/NNP+은/JX+눈/NNG+도/JX+많이/MAG+오/VV+니까/EC+./SY+./SY+그거/NP+많이/MAG+뿌리/VV+긴/ETN+JX+한다/VX+EF+ㅜㅜ/UNKNOWN"
          },
          {
            "id": 21,
            "text": "1 : 아휴... 옷 입히기 연습해야겠네",
            "norm_text": "아휴... 옷 입히기 연습해야겠네",
            "speaker": {
              "id": "1번",
              "sex": "여성",
              "age": "30대"
            },
            "speechAct": "(단언) 주장하기",
            "morpheme": "아휴/IC+./SY+옷/NNG+입히/VV+기/ETN+연습/NNG+해야/XSV+EC+VX+겠/EP+네/EF"
          },
          {
            "id": 22,
            "text": "2 : 응 ㅠㅠ 왜 옷 입는 거 안 좋아하나 보네",
            "norm_text": "응 ㅠㅠ 왜 옷 입는 거 안 좋아하나 보네",
            "speaker": {
              "id": "2번",
              "sex": "여성",
              "age": "30대"
            },
            "speechAct": "(단언) 주장하기",
            "morpheme": "응/IC+ㅠㅠ/UNKNOWN+왜/MAG+옷/NNG+입/VV+는/ETM+거/NNB+안/MAG+좋/VA+아/EC+하나/NR+보네/NNG"
          }
        ]
      }
    }
  ]
}