{
  "dataset": {
    "identifier": 56736,
    "name": "KAKAO_913_13_set",
    "src_path": "/data/file/cubeManager/PROJECT001/53/txt20211005161416016940/KAKAO_913_13_set/",
    "label_path": "/data/file/cubeManager/PROJECT001/53/txt20211005161416016940/KAKAO_913_13_set/",
    "category": 2,
    "type": 0
  },
  "licenses": {
    "name": "Apache License 1.0",
    "url": "http://www.apache.org/licenses/LICENSE-1.0"
  },
  "info": [
    {
      "id": 42010,
      "filename": "KAKAO_913_13.txt",
      "title": "KAKAO_913_13",
      "mediatype": "SNS",
      "medianame": "카카오톡",
      "category": "일상대화",
      "date": "2021-10-05",
      "size": 408,
      "annotations": {
        "subject": "계절/날씨",
        "speaker_type": "1:1",
        "size": 408,
        "word_size": 137,
        "text": "1 : 언니는 무슨 계절에 태어났어?\n2 : 나는 지금 이 시기인 가을에 태어났어 키키\n1 : 어우 혹시 크리스마스 베이비~\n2 : 음... 그건 아닐 거 같은데... 모르겠다 키키\n1 : 아하! 키키 가을이면 곧 언니 생일?\n2 : 맞아 한 달도 안 남은 거 같아 !\n1 : 이야 키키 축하해~\n1 : 날씨 좋은 날 놀러 가면 딱이네\n2 : 친구들이랑 풀빌라 가기로 했어 하하\n1 : 헐 정말~ 풀빌라 가면 좀 춥지 않을까?\n2 : 온수풀이라는 좋은 기능이 있잖니!\n1 : 아하 언니 현질 좀 했구나 키키 부럽다\n2 : 한번 뿐인 인생 즐기며 살아야지 하하\n1 : 그럼~ 풀빌라 가면 좋겠다 따순 물에 ㅠㅠ\n2 : 장 보고 고기도 구워 먹을 거야 하하\n1 : 좋아 키키 가을이라 밖에서 고기 구워 먹으면 존맛이겠다\n2 : 웅 지금 날씨에 딱 좋은 거 같아!",
        "lines": [
          {
            "id": 1,
            "text": "1 : 언니는 무슨 계절에 태어났어?",
            "norm_text": "언니는 무슨 계절에 태어났어?",
            "speaker": {
              "id": "1번",
              "sex": "여성",
              "age": "20대"
            },
            "speechAct": "(지시) 질문하기",
            "morpheme": "언니/NNG+는/JX+무슨/MM+계절/NNG+에/JKB+태어났/VV+EP+어/EF"
          },
          {
            "id": 2,
            "text": "2 : 나는 지금 이 시기인 가을에 태어났어 키키",
            "norm_text": "나는 지금 이 시기인 가을에 태어났어 키키",
            "speaker": {
              "id": "2번",
              "sex": "여성",
              "age": "20대"
            },
            "speechAct": "(단언) 진술하기",
            "morpheme": "나/NP+는/JX+지금/NNG+이/JKS+시기/NNG+인/VCP+ETM+가을/NNG+에/JKB+태어났/VV+EP+어/EC+키/NNG+키/XSV+ETN"
          },
          {
            "id": 3,
            "text": "1 : 어우 혹시 크리스마스 베이비~",
            "norm_text": "어우 혹시 크리스마스 베이비~",
            "speaker": {
              "id": "1번",
              "sex": "여성",
              "age": "20대"
            },
            "speechAct": "(지시) 질문하기",
            "morpheme": "어우/IC+혹시/MAG+크리스마스/NNP+베이비/NNP+~/SY"
          },
          {
            "id": 4,
            "text": "2 : 음... 그건 아닐 거 같은데... 모르겠다 키키",
            "norm_text": "음... 그건 아닐 거 같은데... 모르겠다 키키",
            "speaker": {
              "id": "2번",
              "sex": "여성",
              "age": "20대"
            },
            "speechAct": "(단언) 주장하기",
            "morpheme": "음/IC+./SY+그건/NP+JX+아닐/VCN+ETM+거/NNB+같/VA+은데/EF+./SY+모르/VV+겠/EP+다키키/NNP"
          },
          {
            "id": 5,
            "text": "1 : 아하! 키키 가을이면 곧 언니 생일?",
            "norm_text": "아하! 키키 가을이면 곧 언니 생일?",
            "speaker": {
              "id": "1번",
              "sex": "여성",
              "age": "20대"
            },
            "speechAct": "(지시) 질문하기",
            "morpheme": "아하/IC+키/NNG+키/NNG+가을/NNG+이/VCP+면/EC+곧/MAG+언니/NNG+생일/NNG"
          },
          {
            "id": 6,
            "text": "2 : 맞아 한 달도 안 남은 거 같아 !",
            "norm_text": "맞아 한 달도 안 남은 거 같아 !",
            "speaker": {
              "id": "2번",
              "sex": "여성",
              "age": "20대"
            },
            "speechAct": "(단언) 주장하기",
            "morpheme": "맞/VV+아/EC+한/MM+달/NNG+도/JX+안/MAG+남/VV+은/ETM+거/NNB+같/VA+아/EF"
          },
          {
            "id": 7,
            "text": "1 : 이야 키키 축하해~",
            "norm_text": "이야 키키 축하해~",
            "speaker": {
              "id": "1번",
              "sex": "여성",
              "age": "20대"
            },
            "speechAct": "(단언) 주장하기",
            "morpheme": "이야/IC+키/NNG+키/NNG+축하/NNG+해/XSV+EC+~/SY"
          },
          {
            "id": 8,
            "text": "1 : 날씨 좋은 날 놀러 가면 딱이네",
            "norm_text": "날씨 좋은 날 놀러 가면 딱이네",
            "speaker": {
              "id": "1번",
              "sex": "여성",
              "age": "20대"
            },
            "speechAct": "(단언) 주장하기",
            "morpheme": "날씨/NNG+좋/VA+은/ETM+날/NNG+놀/VV+러/EC+가/VX+면/EC+딱/MAG+이/NP+네/XSN"
          },
          {
            "id": 9,
            "text": "2 : 친구들이랑 풀빌라 가기로 했어 하하",
            "norm_text": "친구들이랑 풀빌라 가기로 했어 하하",
            "speaker": {
              "id": "2번",
              "sex": "여성",
              "age": "20대"
            },
            "speechAct": "(단언) 진술하기",
            "morpheme": "친구/NNG+들/XSN+이랑/JKB+풀/NNG+빌라/NNG+가/JKS+기로/NNG+했/XSV+EP+어/EC+하하/MAG"
          },
          {
            "id": 10,
            "text": "1 : 헐 정말~ 풀빌라 가면 좀 춥지 않을까?",
            "norm_text": "헐 정말~ 풀빌라 가면 좀 춥지 않을까?",
            "speaker": {
              "id": "1번",
              "sex": "여성",
              "age": "20대"
            },
            "speechAct": "(지시) 질문하기",
            "morpheme": "헐/IC+정말/MAG+~/SY+풀/NNG+빌/VV+라/EC+가/VX+면/EC+좀/MAG+춥/VA+지/EC+않/VX+을까/EF"
          },
          {
            "id": 11,
            "text": "2 : 온수풀이라는 좋은 기능이 있잖니!",
            "norm_text": "온수풀이라는 좋은 기능이 있잖니!",
            "speaker": {
              "id": "2번",
              "sex": "여성",
              "age": "20대"
            },
            "speechAct": "(단언) 주장하기",
            "morpheme": "온수풀/NNG+이/VCP+라는/ETM+좋/VA+은/ETM+기능/NNG+이/JKS+있/VA+잖니/EF"
          },
          {
            "id": 12,
            "text": "1 : 아하 언니 현질 좀 했구나 키키 부럽다",
            "norm_text": "아하 언니 현질 좀 했구나 키키 부럽다",
            "speaker": {
              "id": "1번",
              "sex": "여성",
              "age": "20대"
            },
            "speechAct": "(단언) 주장하기",
            "morpheme": "아하/IC+언니/NNG+현질/NNG+좀/MAG+했/VV+EP+구나/EF+키/NNG+키/XSV+ETN+부럽/VA+다/EC"
          },
          {
            "id": 13,
            "text": "2 : 한번 뿐인 인생 즐기며 살아야지 하하",
            "norm_text": "한번 뿐인 인생 즐기며 살아야지 하하",
            "speaker": {
              "id": "2번",
              "sex": "여성",
              "age": "20대"
            },
            "speechAct": "(단언) 주장하기",
            "morpheme": "한/MM+번/NNBC+뿐/JX+인/VCP+ETM+인생/NNG+즐기/VV+며/EC+살/VV+아야/EC+지하/NNG+하/XSV"
          },
          {
            "id": 14,
            "text": "1 : 그럼~ 풀빌라 가면 좋겠다 따순 물에 ㅠㅠ",
            "norm_text": "그럼~ 풀빌라 가면 좋겠다 따순 물에 ㅠㅠ",
            "speaker": {
              "id": "1번",
              "sex": "여성",
              "age": "20대"
            },
            "speechAct": "(단언) 주장하기",
            "morpheme": "그럼/MAJ+~/SY+풀/NNG+빌/VV+라/EC+가/VX+면/EC+좋/VA+겠/EP+다/EF+따순/VA+ETM+물/NNG+에/JKB+ㅠㅠ/UNKNOWN"
          },
          {
            "id": 15,
            "text": "2 : 장 보고 고기도 구워 먹을 거야 하하",
            "norm_text": "장 보고 고기도 구워 먹을 거야 하하",
            "speaker": {
              "id": "2번",
              "sex": "여성",
              "age": "20대"
            },
            "speechAct": "(단언) 주장하기",
            "morpheme": "장보고/NNP+고기/NNG+도/JX+구워/VV+EC+먹/VV+을/ETM+거/NNB+야/VCP+EF+하하/MAG"
          },
          {
            "id": 16,
            "text": "1 : 좋아 키키 가을이라 밖에서 고기 구워 먹으면 존맛이겠다",
            "norm_text": "좋아 키키 가을이라 밖에서 고기 구워 먹으면 존맛이겠다",
            "speaker": {
              "id": "1번",
              "sex": "여성",
              "age": "20대"
            },
            "speechAct": "(단언) 주장하기",
            "morpheme": "좋/VA+아/EC+키/NNG+키/NNG+가을/NNG+이/VCP+라/EC+밖/NNG+에서/JKB+고기/NNG+구워/VV+EC+먹/VV+으면/EC+존/NNP+맛/NNG+이/VCP+겠/EP+다/EC"
          },
          {
            "id": 17,
            "text": "2 : 웅 지금 날씨에 딱 좋은 거 같아!",
            "norm_text": "웅 지금 날씨에 딱 좋은 거 같아!",
            "speaker": {
              "id": "2번",
              "sex": "여성",
              "age": "20대"
            },
            "speechAct": "(단언) 주장하기",
            "morpheme": "웅/IC+지금/MAG+날씨/NNG+에/JKB+딱/MAG+좋/VA+은/ETM+거/NNB+같/VA+아/EF"
          }
        ]
      }
    }
  ]
}