{
  "dataset": {
    "identifier": 60448,
    "name": "KAKAO_980_11_set",
    "src_path": "/data/file/cubeManager/PROJECT001/53/txt20211006122011025589/KAKAO_980_11_set/",
    "label_path": "/data/file/cubeManager/PROJECT001/53/txt20211006122011025589/KAKAO_980_11_set/",
    "category": 2,
    "type": 0
  },
  "licenses": {
    "name": "Apache License 1.0",
    "url": "http://www.apache.org/licenses/LICENSE-1.0"
  },
  "info": [
    {
      "id": 42831,
      "filename": "KAKAO_980_11.txt",
      "title": "KAKAO_980_11",
      "mediatype": "SNS",
      "medianame": "카카오톡",
      "category": "일상대화",
      "date": "2021-10-06",
      "size": 487,
      "annotations": {
        "subject": "게임",
        "speaker_type": "1:1",
        "size": 487,
        "word_size": 157,
        "text": "1 : 추석 잘 보내고 있어?\n2 : 아니~ 너무 심심해 키키\n2 : 언니는 뭐해?\n1 : 나는 사촌 동생들이랑 게임 해\n2 : 키키 무슨 게임? 쿠키런 해?\n1 : 아니 키키 사촌 동생이 노잼이래.\n1 : 같이 마인크래프트? 그거 하는 중\n2 : 마인크래프트 재밌어?\n2 : 난 그게 더 노잼이던데\n1 : 사실 나도 마인크래프트 뭐가 재밌는지 모르겠어;\n2 : 그냥 사촌 동생이 하자고 하니까 하는 거야?\n1 : 응... 근데 난 흥미가 없어서 핸드폰이 없는 사촌 동생이 내 폰으로 게임하고 있어\n2 : 그럼 이 카톡은 뭘로 하는 거야?\n1 : 노트북 키키 나보고 유튜브로 마인크래프트 하는 방법 보라는데 귀찮아\n2 : 그냥 언니는 추석 내내 핸드폰 언니 거 아니라고 생각해\n1 : 그래야겠다 내 폰은 내 것이 아니다\n2 : 근데 마인크래프트는 무슨 재미로 하는 거야?\n1 : 사촌 동생 말 들어보니까 건물 짓고 사냥하고?\n1 : 나도 사실 잘 몰라\n2 : 키키 유튜브에서 건물 짓는 영상은 본 것 같아",
        "lines": [
          {
            "id": 1,
            "text": "1 : 추석 잘 보내고 있어?",
            "norm_text": "추석 잘 보내고 있어?",
            "speaker": {
              "id": "1번",
              "sex": "여성",
              "age": "20대"
            },
            "speechAct": "(지시) 질문하기",
            "morpheme": "추석/NNG+잘/MAG+보내/VV+고/EC+있/VX+어/EF"
          },
          {
            "id": 2,
            "text": "2 : 아니~ 너무 심심해 키키",
            "norm_text": "아니~ 너무 심심해 키키",
            "speaker": {
              "id": "2번",
              "sex": "여성",
              "age": "20대"
            },
            "speechAct": "(단언) 주장하기",
            "morpheme": "아니/IC+~/SY+너무/MAG+심심/XR+해/XSA+EC+키/NNG+키/XSV+ETN"
          },
          {
            "id": 3,
            "text": "2 : 언니는 뭐해?",
            "norm_text": "언니는 뭐해?",
            "speaker": {
              "id": "2번",
              "sex": "여성",
              "age": "20대"
            },
            "speechAct": "(지시) 질문하기",
            "morpheme": "언니/NNG+는/JX+뭐/IC+해/VV+EF"
          },
          {
            "id": 4,
            "text": "1 : 나는 사촌 동생들이랑 게임 해",
            "norm_text": "나는 사촌 동생들이랑 게임 해",
            "speaker": {
              "id": "1번",
              "sex": "여성",
              "age": "20대"
            },
            "speechAct": "(단언) 진술하기",
            "morpheme": "나/NP+는/JX+사촌/NNG+동생/NNG+들/XSN+이랑/JKB+게임/NNG+해/XSV+EC"
          },
          {
            "id": 5,
            "text": "2 : 키키 무슨 게임? 쿠키런 해?",
            "norm_text": "키키 무슨 게임? 쿠키런 해?",
            "speaker": {
              "id": "2번",
              "sex": "여성",
              "age": "20대"
            },
            "speechAct": "(지시) 질문하기",
            "morpheme": "키/NNG+키/XSV+ETN+무슨/MM+게임/NNG+?/SY+쿠키/NNG+런/NNG+해/XSV+EF"
          },
          {
            "id": 6,
            "text": "1 : 아니 키키 사촌 동생이 노잼이래.",
            "norm_text": "아니 키키 사촌 동생이 노잼이래.",
            "speaker": {
              "id": "1번",
              "sex": "여성",
              "age": "20대"
            },
            "speechAct": "(단언) 진술하기",
            "morpheme": "아니키/NNP+키사/NNP+촌동/NNG+생/XSN+이/VCP+노/EC+잼/NNG+이/VCP+래/EF"
          },
          {
            "id": 7,
            "text": "1 : 같이 마인크래프트? 그거 하는 중",
            "norm_text": "같이 마인크래프트? 그거 하는 중",
            "speaker": {
              "id": "1번",
              "sex": "여성",
              "age": "20대"
            },
            "speechAct": "(단언) 진술하기",
            "morpheme": "같이/MAG+마인/NNG+크래프트/NNG+그거/NP+하/VV+는/ETM+중/NNB"
          },
          {
            "id": 8,
            "text": "2 : 마인크래프트 재밌어?",
            "norm_text": "마인크래프트 재밌어?",
            "speaker": {
              "id": "2번",
              "sex": "여성",
              "age": "20대"
            },
            "speechAct": "(지시) 질문하기",
            "morpheme": "마인/NNG+크래프트/NNG+재밌/VA+어/EF"
          },
          {
            "id": 9,
            "text": "2 : 난 그게 더 노잼이던데",
            "norm_text": "난 그게 더 노잼이던데",
            "speaker": {
              "id": "2번",
              "sex": "여성",
              "age": "20대"
            },
            "speechAct": "(단언) 진술하기",
            "morpheme": "난/NP+JX+그게/NP+JKS+더/MAG+노/NNP+잼/NNG+이/JKS+던데/VV+EC"
          },
          {
            "id": 10,
            "text": "1 : 사실 나도 마인크래프트 뭐가 재밌는지 모르겠어;",
            "norm_text": "사실 나도 마인크래프트 뭐가 재밌는지 모르겠어;",
            "speaker": {
              "id": "1번",
              "sex": "여성",
              "age": "20대"
            },
            "speechAct": "(단언) 주장하기",
            "morpheme": "사실/MAG+나/NP+도/JX+마인/NNG+크래프트/NNG+뭐/NP+가/JKS+재밌/VA+는지/EC+모르/VV+겠/EP+어/EC+;/SY"
          },
          {
            "id": 11,
            "text": "2 : 그냥 사촌 동생이 하자고 하니까 하는 거야?",
            "norm_text": "그냥 사촌 동생이 하자고 하니까 하는 거야?",
            "speaker": {
              "id": "2번",
              "sex": "여성",
              "age": "20대"
            },
            "speechAct": "(지시) 질문하기",
            "morpheme": "그냥/MAG+사촌/NNG+동생/NNG+이/JKS+하/VV+자고/EC+하/VV+니까/EC+하/VV+는/ETM+거/NNB+야/VCP+EF"
          },
          {
            "id": 12,
            "text": "1 : 응... 근데 난 흥미가 없어서 핸드폰이 없는 사촌 동생이 내 폰으로 게임하고 있어",
            "norm_text": "응... 근데 난 흥미가 없어서 핸드폰이 없는 사촌 동생이 내 폰으로 게임하고 있어",
            "speaker": {
              "id": "1번",
              "sex": "여성",
              "age": "20대"
            },
            "speechAct": "(단언) 진술하기",
            "morpheme": "응/IC+./SY+근데/MAJ+난/NP+JX+흥미/NNG+가/JKS+없/VA+어서/EC+핸드폰/NNG+이/JKS+없/VA+는/ETM+사촌/NNG+동생/NNG+이/JKS+내/NP+JKG+폰/NNG+으로/JKB+게임/NNG+하/XSV+고/EC+있/VX+어/EC"
          },
          {
            "id": 13,
            "text": "2 : 그럼 이 카톡은 뭘로 하는 거야?",
            "norm_text": "그럼 이 카톡은 뭘로 하는 거야?",
            "speaker": {
              "id": "2번",
              "sex": "여성",
              "age": "20대"
            },
            "speechAct": "(지시) 질문하기",
            "morpheme": "그럼/MAJ+이/MM+카톡/NNP+은/JX+뭘로/NP+JKB+하/VV+는/ETM+거/NNB+야/VCP+EF"
          },
          {
            "id": 14,
            "text": "1 : 노트북 키키 나보고 유튜브로 마인크래프트 하는 방법 보라는데 귀찮아",
            "norm_text": "노트북 키키 나보고 유튜브로 마인크래프트 하는 방법 보라는데 귀찮아",
            "speaker": {
              "id": "1번",
              "sex": "여성",
              "age": "20대"
            },
            "speechAct": "(단언) 주장하기",
            "morpheme": "노트북/NNG+키/NNG+키나/XSA+ETN+JX+보/VV+고/EC+유튜브/NNP+로마인/NNP+크래프트/NNG+하/XSV+는/ETM+방법/NNG+보/VV+라는/ETM+데/NNB+귀찮/VA+아/EC"
          },
          {
            "id": 15,
            "text": "2 : 그냥 언니는 추석 내내 핸드폰 언니 거 아니라고 생각해",
            "norm_text": "그냥 언니는 추석 내내 핸드폰 언니 거 아니라고 생각해",
            "speaker": {
              "id": "2번",
              "sex": "여성",
              "age": "20대"
            },
            "speechAct": "(단언) 주장하기",
            "morpheme": "그냥/MAG+언니/NNG+는/JX+추석/NNG+내내/MAG+핸드폰/NNG+언니/NNG+거/NNB+아니/VCN+라고/EC+생각/NNG+해/XSV+EC"
          },
          {
            "id": 16,
            "text": "1 : 그래야겠다 내 폰은 내 것이 아니다",
            "norm_text": "그래야겠다 내 폰은 내 것이 아니다",
            "speaker": {
              "id": "1번",
              "sex": "여성",
              "age": "20대"
            },
            "speechAct": "(단언) 주장하기",
            "morpheme": "그래야/VA+EC+VX+겠/EP+다/EF+내/NP+JKG+폰/NNG+은/JX+내것이/NP+JKG+NNB+JKC+아니/VCN+다/EC"
          },
          {
            "id": 17,
            "text": "2 : 근데 마인크래프트는 무슨 재미로 하는 거야?",
            "norm_text": "근데 마인크래프트는 무슨 재미로 하는 거야?",
            "speaker": {
              "id": "2번",
              "sex": "여성",
              "age": "20대"
            },
            "speechAct": "(지시) 질문하기",
            "morpheme": "근데/MAJ+마인/NNG+크래프트/NNG+는/JX+무슨/MM+재미/NNG+로/JKB+하/VV+는/ETM+거/NNB+야/VCP+EF"
          },
          {
            "id": 18,
            "text": "1 : 사촌 동생 말 들어보니까 건물 짓고 사냥하고?",
            "norm_text": "사촌 동생 말 들어보니까 건물 짓고 사냥하고?",
            "speaker": {
              "id": "1번",
              "sex": "여성",
              "age": "20대"
            },
            "speechAct": "(단언) 진술하기",
            "morpheme": "사촌/NNG+동생/NNG+말/NNG+들/VV+어/EC+보/VX+니까/EC+건물/NNG+짓/VV+고/EC+사냥/NNG+하/XSV+고/EC"
          },
          {
            "id": 19,
            "text": "1 : 나도 사실 잘 몰라",
            "norm_text": "나도 사실 잘 몰라",
            "speaker": {
              "id": "1번",
              "sex": "여성",
              "age": "20대"
            },
            "speechAct": "(단언) 주장하기",
            "morpheme": "나/NP+도/JX+사실/MAG+잘/MAG+몰라/VV+EC"
          },
          {
            "id": 20,
            "text": "2 : 키키 유튜브에서 건물 짓는 영상은 본 것 같아",
            "norm_text": "키키 유튜브에서 건물 짓는 영상은 본 것 같아",
            "speaker": {
              "id": "2번",
              "sex": "여성",
              "age": "20대"
            },
            "speechAct": "(단언) 진술하기",
            "morpheme": "키키/NNP+유튜브/NNP+에서/JKB+건물/NNG+짓/VV+는/ETM+영상/NNG+은/JX+본/VV+ETM+것/NNB+같/VA+아/EC"
          }
        ]
      }
    }
  ]
}