{
  "dataset": {
    "identifier": 40890,
    "name": "KAKAO_949_16_set",
    "src_path": "/data/file/cubeManager/PROJECT001/53/txt20211005162103064958/KAKAO_949_16_set/",
    "label_path": "/data/file/cubeManager/PROJECT001/53/txt20211005162103064958/KAKAO_949_16_set/",
    "category": 2,
    "type": 0
  },
  "licenses": {
    "name": "Apache License 1.0",
    "url": "http://www.apache.org/licenses/LICENSE-1.0"
  },
  "info": [
    {
      "id": 42153,
      "filename": "KAKAO_949_16.txt",
      "title": "KAKAO_949_16",
      "mediatype": "SNS",
      "medianame": "카카오톡",
      "category": "일상대화",
      "date": "2021-10-05",
      "size": 576,
      "annotations": {
        "subject": "미용",
        "speaker_type": "1:1",
        "size": 576,
        "word_size": 188,
        "text": "1 : 전문적인 게 아니니까 그래봤자 초보지 뭐 키키\n1 : 아 얼굴에 개기름 완전 끼네\n2 : 나도 퇴근하고 오면 얼굴에 기름 좔좔 키키\n1 : 아니 진짜 원래는 안 이랬는데 나이 먹으면 먹을수록 기름 엄청 껴. 예전에는 기름 종이로 얼굴을 쥐어 짜도 한 방울도 안 나와서 진짜 리얼 새 거였는데\n2 : 키키 우리 이제 피부 관리 해야 할 나이 아니니\n1 : 진짜 요즘 피부가 푸석푸석한데 개기름은 엄청 끼고 까끌까끌함\n2 : 인정 기름이 많은데 화장은 또 안 먹어\n1 : 맞아 키키 진짜 피부가 너무 예민하고 더럽게 변했어\n2 : 화장도 안 먹고 피부과나 다녀야 하나 마사지라도 받으면 좀 나아질 수도...\n1 : 아 근데 엄청 비싸잖아 그런 거\n2 : 그렇긴 하지 그래도 돈 값은 하니까...\n1 : 그것도 여러 번 받아야 효과 있는 거 아니야?\n2 : 맞아 자주 가야 해 그래야지 효과 보지\n1 : 진짜 서럽네 피부는 늙어가는데 돈 없어서 해줄 수 있는 게 없어\n2 : 돈 열심히 벌자... 난 피부과도 다니고 싶고 마사지도 받고 싶어 ㅠㅠ\n1 : 나 경락 하고 싶어 그거 효과 좋다던데\n2 : 그니까 얼굴 본 뜬 거 봄?\n2 : 얼굴 절반이 사라지잖아",
        "lines": [
          {
            "id": 1,
            "text": "1 : 전문적인 게 아니니까 그래봤자 초보지 뭐 키키",
            "norm_text": "전문적인 게 아니니까 그래봤자 초보지 뭐 키키",
            "speaker": {
              "id": "1번",
              "sex": "여성",
              "age": "20대"
            },
            "speechAct": "(단언) 주장하기",
            "morpheme": "전문/NNG+적/XSN+인/VCP+ETM+게/NNB+JKC+아니/VCN+니까/EC+그래/VV+EC+봤/VX+EP+자/EC+초보/NNG+지/VCP+EF+뭐/IC+키/NNG+키/XSV+ETN"
          },
          {
            "id": 2,
            "text": "1 : 아 얼굴에 개기름 완전 끼네",
            "norm_text": "아 얼굴에 개기름 완전 끼네",
            "speaker": {
              "id": "1번",
              "sex": "여성",
              "age": "20대"
            },
            "speechAct": "(단언) 주장하기",
            "morpheme": "아/IC+얼굴/NNG+에/JKB+개기름/NNG+완전/MAG+끼/VV+네/EC"
          },
          {
            "id": 3,
            "text": "2 : 나도 퇴근하고 오면 얼굴에 기름 좔좔 키키",
            "norm_text": "나도 퇴근하고 오면 얼굴에 기름 좔좔 키키",
            "speaker": {
              "id": "2번",
              "sex": "여성",
              "age": "20대"
            },
            "speechAct": "(단언) 주장하기",
            "morpheme": "나/NP+도/JX+퇴근/NNG+하/XSV+고/EC+오/VV+면/EC+얼굴/NNG+에/JKB+기름/NNG+좔좔/MAG+키/NNG+키/XSV+ETN"
          },
          {
            "id": 4,
            "text": "1 : 아니 진짜 원래는 안 이랬는데 나이 먹으면 먹을수록 기름 엄청 껴. 예전에는 기름 종이로 얼굴을 쥐어 짜도 한 방울도 안 나와서 진짜 리얼 새 거였는데",
            "norm_text": "아니 진짜 원래는 안 이랬는데 나이 먹으면 먹을수록 기름 엄청 껴. 예전에는 기름 종이로 얼굴을 쥐어 짜도 한 방울도 안 나와서 진짜 리얼 새 거였는데",
            "speaker": {
              "id": "1번",
              "sex": "여성",
              "age": "20대"
            },
            "speechAct": "(단언) 주장하기",
            "morpheme": "아니/IC+진짜/MAG+원래/MAG+는/JX+안/MAG+이랬/VV+EP+는데/EC+나이/NNG+먹/VV+으면/EC+먹/VV+을수록/EC+기름/NNG+엄청/MAG+껴/VV+EF+예전/NNG+에/JKB+는/JX+기름종이/NNG+로/JKB+얼굴/NNG+을/JKO+쥐어짜/VV+EC+도/JX+한/MM+방울/NNG+도/JX+안/MAG+나와서/VV+EC+진짜/MAG+리얼/NNG+새/MM+거/NNB+였/VCP+EP+는데/EC"
          },
          {
            "id": 5,
            "text": "2 : 키키 우리 이제 피부 관리 해야 할 나이 아니니",
            "norm_text": "키키 우리 이제 피부 관리 해야 할 나이 아니니",
            "speaker": {
              "id": "2번",
              "sex": "여성",
              "age": "20대"
            },
            "speechAct": "(단언) 주장하기",
            "morpheme": "키/NNG+키/XSV+ETN+우리/NP+이제/MAG+피부/NNG+관리/NNG+해야/XSV+EC+할/VX+ETM+나이/NNG+아니/VCN+니/EC"
          },
          {
            "id": 6,
            "text": "1 : 진짜 요즘 피부가 푸석푸석한데 개기름은 엄청 끼고 까끌까끌함",
            "norm_text": "진짜 요즘 피부가 푸석푸석한데 개기름은 엄청 끼고 까끌까끌함",
            "speaker": {
              "id": "1번",
              "sex": "여성",
              "age": "20대"
            },
            "speechAct": "(단언) 주장하기",
            "morpheme": "진짜/MAG+요즘/NNG+피부/NNG+가/JKS+푸석푸석/MAG+한데/XSA+EC+개기름/NNG+은/JX+엄청/MAG+끼/VV+고/EC+까끌까끌/MAG+함/XSA+ETN"
          },
          {
            "id": 7,
            "text": "2 : 인정 기름이 많은데 화장은 또 안 먹어",
            "norm_text": "인정 기름이 많은데 화장은 또 안 먹어",
            "speaker": {
              "id": "2번",
              "sex": "여성",
              "age": "20대"
            },
            "speechAct": "(단언) 주장하기",
            "morpheme": "인정/NNG+기름/NNG+이/JKS+많/VA+은데/EC+화장/NNG+은/JX+또/MAG+안/MAG+먹/VV+어/EC"
          },
          {
            "id": 8,
            "text": "1 : 맞아 키키 진짜 피부가 너무 예민하고 더럽게 변했어",
            "norm_text": "맞아 키키 진짜 피부가 너무 예민하고 더럽게 변했어",
            "speaker": {
              "id": "1번",
              "sex": "여성",
              "age": "20대"
            },
            "speechAct": "(단언) 주장하기",
            "morpheme": "맞/VV+아/EC+키/NNG+키/XSV+ETN+진짜/MAG+피부/NNG+가/JKS+너무/MAG+예민/XR+하/XSA+고/EC+더럽/VA+게/EC+변했/VV+EP+어/EC"
          },
          {
            "id": 9,
            "text": "2 : 화장도 안 먹고 피부과나 다녀야 하나 마사지라도 받으면 좀 나아질 수도...",
            "norm_text": "화장도 안 먹고 피부과나 다녀야 하나 마사지라도 받으면 좀 나아질 수도...",
            "speaker": {
              "id": "2번",
              "sex": "여성",
              "age": "20대"
            },
            "speechAct": "(단언) 주장하기",
            "morpheme": "화장/NNG+도/JX+안/MAG+먹/VV+고/EC+피부과/NNG+나/JX+다녀야/VV+IC+하나/NR+마사지/NNG+라도/VCP+EC+받/VV+으면/EC+좀/MAG+나아질/VV+ETM+수/NNB+도/JX+./SY+./SY"
          },
          {
            "id": 10,
            "text": "1 : 아 근데 엄청 비싸잖아 그런 거",
            "norm_text": "아 근데 엄청 비싸잖아 그런 거",
            "speaker": {
              "id": "1번",
              "sex": "여성",
              "age": "20대"
            },
            "speechAct": "(단언) 주장하기",
            "morpheme": "아/IC+근데/MAJ+엄청/MAG+비싸/VA+잖아/EF+그런/MM+거/NNB"
          },
          {
            "id": 11,
            "text": "2 : 그렇긴 하지 그래도 돈 값은 하니까...",
            "norm_text": "그렇긴 하지 그래도 돈 값은 하니까...",
            "speaker": {
              "id": "2번",
              "sex": "여성",
              "age": "20대"
            },
            "speechAct": "(단언) 주장하기",
            "morpheme": "그렇/VA+긴/ETN+JX+하/VX+지/EC+그래도/VV+EC+돈값/NNG+은/JX+하/VV+니까/EC+./SY+./SY"
          },
          {
            "id": 12,
            "text": "1 : 그것도 여러 번 받아야 효과 있는 거 아니야?",
            "norm_text": "그것도 여러 번 받아야 효과 있는 거 아니야?",
            "speaker": {
              "id": "1번",
              "sex": "여성",
              "age": "20대"
            },
            "speechAct": "(지시) 질문하기",
            "morpheme": "그것/NP+도/JX+여러/MM+번/NNBC+받/VV+아야/EC+효과/NNG+있/VA+는/ETM+거/NNB+아니/VCN+야/EF"
          },
          {
            "id": 13,
            "text": "2 : 맞아 자주 가야 해 그래야지 효과 보지",
            "norm_text": "맞아 자주 가야 해 그래야지 효과 보지",
            "speaker": {
              "id": "2번",
              "sex": "여성",
              "age": "20대"
            },
            "speechAct": "(단언) 주장하기",
            "morpheme": "맞/VV+아/EC+자주/NNG+가/JKS+야해/VA+EC+그래야지/VV+EC+효과/NNG+보/VV+지/EC"
          },
          {
            "id": 14,
            "text": "1 : 진짜 서럽네 피부는 늙어가는데 돈 없어서 해줄 수 있는 게 없어",
            "norm_text": "진짜 서럽네 피부는 늙어가는데 돈 없어서 해줄 수 있는 게 없어",
            "speaker": {
              "id": "1번",
              "sex": "여성",
              "age": "20대"
            },
            "speechAct": "(단언) 주장하기",
            "morpheme": "진짜/MAG+서럽/VA+네/EF+피부/NNG+는/JX+늙/VV+어/EC+가/VX+는데/EC+돈/NNG+없/VA+어서/EC+해/VV+EC+줄/VX+ETM+수/NNB+있/VV+는/ETM+게/NNB+JKS+없/VA+어/EC"
          },
          {
            "id": 15,
            "text": "2 : 돈 열심히 벌자... 난 피부과도 다니고 싶고 마사지도 받고 싶어 ㅠㅠ",
            "norm_text": "돈 열심히 벌자... 난 피부과도 다니고 싶고 마사지도 받고 싶어 ㅠㅠ",
            "speaker": {
              "id": "2번",
              "sex": "여성",
              "age": "20대"
            },
            "speechAct": "(지시) 충고/제안하기",
            "morpheme": "돈/NNG+열심히/MAG+벌/VV+자/EF+./SY+난/NP+JX+피부과/NNG+도/JX+다니/VV+고/EC+싶/VX+고/EC+마사지/NNG+도/JX+받/VV+고/EC+싶/VX+어/EC+ㅠㅠ/UNKNOWN"
          },
          {
            "id": 16,
            "text": "1 : 나 경락 하고 싶어 그거 효과 좋다던데",
            "norm_text": "나 경락 하고 싶어 그거 효과 좋다던데",
            "speaker": {
              "id": "1번",
              "sex": "여성",
              "age": "20대"
            },
            "speechAct": "(단언) 주장하기",
            "morpheme": "나/NP+경락/NNG+하/XSV+고/EC+싶/VX+어/EC+그거/NP+효과/NNG+좋/VA+다던데/EC"
          },
          {
            "id": 17,
            "text": "2 : 그니까 얼굴 본 뜬 거 봄?",
            "norm_text": "그니까 얼굴 본 뜬 거 봄?",
            "speaker": {
              "id": "2번",
              "sex": "여성",
              "age": "20대"
            },
            "speechAct": "(지시) 질문하기",
            "morpheme": "그니까/MAJ+얼굴/NNG+본뜬/VV+ETM+거/NNB+봄/NNG"
          },
          {
            "id": 18,
            "text": "2 : 얼굴 절반이 사라지잖아",
            "norm_text": "얼굴 절반이 사라지잖아",
            "speaker": {
              "id": "2번",
              "sex": "여성",
              "age": "20대"
            },
            "speechAct": "(단언) 주장하기",
            "morpheme": "얼굴/NNG+절반/NNG+이/JKS+사라지/VV+잖아/EC"
          }
        ]
      }
    }
  ]
}