{
  "dataset": {
    "identifier": 49708,
    "name": "KAKAO_956_05_set",
    "src_path": "/data/file/cubeManager/PROJECT001/53/txt20211005163702011786/KAKAO_956_05_set/",
    "label_path": "/data/file/cubeManager/PROJECT001/53/txt20211005163702011786/KAKAO_956_05_set/",
    "category": 2,
    "type": 0
  },
  "licenses": {
    "name": "Apache License 1.0",
    "url": "http://www.apache.org/licenses/LICENSE-1.0"
  },
  "info": [
    {
      "id": 42643,
      "filename": "KAKAO_956_05.txt",
      "title": "KAKAO_956_05",
      "mediatype": "SNS",
      "medianame": "카카오톡",
      "category": "일상대화",
      "date": "2021-10-05",
      "size": 406,
      "annotations": {
        "subject": "군대",
        "speaker_type": "1:1",
        "size": 406,
        "word_size": 140,
        "text": "1 : 오빠야는 육군 나왔어?\n2 : 응 육군 키키 군대 ** 한번 풀어줘야 되나 키키\n1 : 키키 군대 ** 듣고 싶지 않다\n2 : 키키 왜 키키 내 얘기는 한 번도 안 들어봤잖아\n1 : 키키 그냥 남자들 군대 얘기는 너무 많이 들어서 지겹다\n2 : 키키 남자들밖에 군대 얘기 안 한다 아님? 키키\n1 : 주위에 여군이 없으니까 키키 그렇겠지?\n2 : 키키 그러고 보니깐 내 주위에도 여군은 없네\n1 : 여군이 흔하지가 않잖아 ㅠㅠ\n2 : 여군 멋있을 거 같다 안 봐서 키키\n1 : 키키 맞아 그리고 뭔가 카리스마 넘칠 것 같아\n2 : 내보다 더 쎌 거 같은데?\n1 : 키키 그럴 수도 있다 오빠야는 약하잖아\n2 : 내가 뭐가 약하노 강한 사나이지\n1 : 키키 아니다 내가 볼 땐 마음도 여리고 그냥 약함\n2 : 휴… 근데 맞다 센 척 좀 해봤다 키키",
        "lines": [
          {
            "id": 1,
            "text": "1 : 오빠야는 육군 나왔어?",
            "norm_text": "오빠야는 육군 나왔어?",
            "speaker": {
              "id": "1번",
              "sex": "여성",
              "age": "20대"
            },
            "speechAct": "(지시) 질문하기",
            "morpheme": "오빠/NNG+야/VCP+EF+는/JX+육군/NNG+나왔/VV+EP+어/EF"
          },
          {
            "id": 2,
            "text": "2 : 응 육군 키키 군대 ** 한번 풀어줘야 되나 키키",
            "norm_text": "응 육군 키키 군대 ** 한번 풀어줘야 되나 키키",
            "speaker": {
              "id": "2번",
              "sex": "남성",
              "age": "20대"
            },
            "speechAct": "(단언) 진술하기",
            "morpheme": "응/IC+육군/NNG+키/NNG+키/NNG+군대/NNG+*/SY+*/SY+한/MM+번/NNBC+풀/VV+어/EC+줘야/VX+EC+되/VV+나/EC+키/NNG+키/XSV+ETN"
          },
          {
            "id": 3,
            "text": "1 : 키키 군대 ** 듣고 싶지 않다",
            "norm_text": "키키 군대 ** 듣고 싶지 않다",
            "speaker": {
              "id": "1번",
              "sex": "여성",
              "age": "20대"
            },
            "speechAct": "(단언) 주장하기",
            "morpheme": "키/NNG+키/NNG+군대/NNG+*/SY+*/SY+듣/VV+고/EC+싶/VX+지/EC+않/VX+다/EC"
          },
          {
            "id": 4,
            "text": "2 : 키키 왜 키키 내 얘기는 한 번도 안 들어봤잖아",
            "norm_text": "키키 왜 키키 내 얘기는 한 번도 안 들어봤잖아",
            "speaker": {
              "id": "2번",
              "sex": "남성",
              "age": "20대"
            },
            "speechAct": "(단언) 주장하기",
            "morpheme": "키/NNG+키/XSV+ETN+왜/MAG+키/NNG+키/XSV+ETN+내/NP+JKG+얘기/NNG+는/JX+한/MM+번/NNBC+도/JX+안/MAG+들/VV+어/EC+봤/VX+EP+잖아/EC"
          },
          {
            "id": 5,
            "text": "1 : 키키 그냥 남자들 군대 얘기는 너무 많이 들어서 지겹다",
            "norm_text": "키키 그냥 남자들 군대 얘기는 너무 많이 들어서 지겹다",
            "speaker": {
              "id": "1번",
              "sex": "여성",
              "age": "20대"
            },
            "speechAct": "(단언) 주장하기",
            "morpheme": "키/NNG+키/NNG+그냥/MAG+남자/NNG+들/XSN+군대/NNG+얘기/NNG+는/JX+너무/MAG+많이/MAG+들/VV+어서/EC+지겹/VA+다/EC"
          },
          {
            "id": 6,
            "text": "2 : 키키 남자들밖에 군대 얘기 안 한다 아님? 키키",
            "norm_text": "키키 남자들밖에 군대 얘기 안 한다 아님? 키키",
            "speaker": {
              "id": "2번",
              "sex": "남성",
              "age": "20대"
            },
            "speechAct": "(지시) 질문하기",
            "morpheme": "키/NNG+키/NNG+남자/NNG+들/XSN+밖에/JX+군대/NNG+얘기/NNG+안/MAG+한다/VV+EC+아님/VCN+ETN+키/NNG+키/XSV+ETN"
          },
          {
            "id": 7,
            "text": "1 : 주위에 여군이 없으니까 키키 그렇겠지?",
            "norm_text": "주위에 여군이 없으니까 키키 그렇겠지?",
            "speaker": {
              "id": "1번",
              "sex": "여성",
              "age": "20대"
            },
            "speechAct": "(단언) 주장하기",
            "morpheme": "주위/NNG+에/JKB+여군/NNG+이/JKS+없/VA+으니까/EC+키/NNG+키/XSV+ETN+그렇/VA+겠/EP+지/EF"
          },
          {
            "id": 8,
            "text": "2 : 키키 그러고 보니깐 내 주위에도 여군은 없네",
            "norm_text": "키키 그러고 보니깐 내 주위에도 여군은 없네",
            "speaker": {
              "id": "2번",
              "sex": "남성",
              "age": "20대"
            },
            "speechAct": "(단언) 진술하기",
            "morpheme": "키/NNG+키/XSV+ETN+그러/VV+고/EC+보/VX+니깐/EC+내/NP+JKG+주위/NNG+에/JKB+도/JX+여군/NNG+은/JX+없/VA+네/EC"
          },
          {
            "id": 9,
            "text": "1 : 여군이 흔하지가 않잖아 ㅠㅠ",
            "norm_text": "여군이 흔하지가 않잖아 ㅠㅠ",
            "speaker": {
              "id": "1번",
              "sex": "여성",
              "age": "20대"
            },
            "speechAct": "(단언) 주장하기",
            "morpheme": "여군/NNG+이/JKS+흔하/VA+지/EC+가/JX+않/VX+잖아/EF+ㅠㅠ/UNKNOWN"
          },
          {
            "id": 10,
            "text": "2 : 여군 멋있을 거 같다 안 봐서 키키",
            "norm_text": "여군 멋있을 거 같다 안 봐서 키키",
            "speaker": {
              "id": "2번",
              "sex": "남성",
              "age": "20대"
            },
            "speechAct": "(단언) 주장하기",
            "morpheme": "여군/NNG+멋있/VA+을/ETM+거/NNB+같/VA+다/EC+안/MAG+봐서/VV+EC+키/NNG+키/XSV+ETN"
          },
          {
            "id": 11,
            "text": "1 : 키키 맞아 그리고 뭔가 카리스마 넘칠 것 같아",
            "norm_text": "키키 맞아 그리고 뭔가 카리스마 넘칠 것 같아",
            "speaker": {
              "id": "1번",
              "sex": "여성",
              "age": "20대"
            },
            "speechAct": "(단언) 주장하기",
            "morpheme": "키/NNG+키/XSV+ETN+맞/VV+아/EC+그리고/MAJ+뭔가/NP+VCP+EC+카리스마/NNG+넘칠/VV+ETM+것/NNB+같/VA+아/EC"
          },
          {
            "id": 12,
            "text": "2 : 내보다 더 쎌 거 같은데?",
            "norm_text": "내보다 더 쎌 거 같은데?",
            "speaker": {
              "id": "2번",
              "sex": "남성",
              "age": "20대"
            },
            "speechAct": "(지시) 질문하기",
            "morpheme": "내/NP+보다/JKB+더/MAG+쎌/VA+ETM+거/NNB+같/VA+은데/EF"
          },
          {
            "id": 13,
            "text": "1 : 키키 그럴 수도 있다 오빠야는 약하잖아",
            "norm_text": "키키 그럴 수도 있다 오빠야는 약하잖아",
            "speaker": {
              "id": "1번",
              "sex": "여성",
              "age": "20대"
            },
            "speechAct": "(단언) 주장하기",
            "morpheme": "키/NNG+키/XSV+ETN+그럴/VV+ETM+수/NNB+도/JX+있/VA+다오/EC+빠/VV+야/EC+는/JX+약하/VA+잖아/EC"
          },
          {
            "id": 14,
            "text": "2 : 내가 뭐가 약하노 강한 사나이지",
            "norm_text": "내가 뭐가 약하노 강한 사나이지",
            "speaker": {
              "id": "2번",
              "sex": "남성",
              "age": "20대"
            },
            "speechAct": "(단언) 주장하기",
            "morpheme": "내/NP+가/JKS+뭐/NP+가/JKS+약하/VA+노/EC+강한/VA+ETM+사나/NNG+이/VCP+지/EC"
          },
          {
            "id": 15,
            "text": "1 : 키키 아니다 내가 볼 땐 마음도 여리고 그냥 약함",
            "norm_text": "키키 아니다 내가 볼 땐 마음도 여리고 그냥 약함",
            "speaker": {
              "id": "1번",
              "sex": "여성",
              "age": "20대"
            },
            "speechAct": "(단언) 주장하기",
            "morpheme": "키/NNG+키/XSV+ETN+아니/VCN+다/EC+내/NP+가/JKS+볼땐/VV+ETM+NNG+JX+마음/NNG+도/JX+여리/VA+고/EC+그냥/MAG+약함/VA+ETN"
          },
          {
            "id": 16,
            "text": "2 : 휴… 근데 맞다 센 척 좀 해봤다 키키",
            "norm_text": "휴… 근데 맞다 센 척 좀 해봤다 키키",
            "speaker": {
              "id": "2번",
              "sex": "남성",
              "age": "20대"
            },
            "speechAct": "(단언) 주장하기",
            "morpheme": "휴/IC+…/SE+근데/MAJ+맞/VV+다/EC+센/VA+ETM+척/NNB+좀/MAG+해/VV+EC+봤/VX+EP+다키키/NNP"
          }
        ]
      }
    }
  ]
}