{
  "dataset": {
    "identifier": 67941,
    "name": "KAKAO_963_02_set",
    "src_path": "/data/file/cubeManager/PROJECT001/53/txt20211005163222045192/KAKAO_963_02_set/",
    "label_path": "/data/file/cubeManager/PROJECT001/53/txt20211005163222045192/KAKAO_963_02_set/",
    "category": 2,
    "type": 0
  },
  "licenses": {
    "name": "Apache License 1.0",
    "url": "http://www.apache.org/licenses/LICENSE-1.0"
  },
  "info": [
    {
      "id": 42520,
      "filename": "KAKAO_963_02.txt",
      "title": "KAKAO_963_02",
      "mediatype": "SNS",
      "medianame": "카카오톡",
      "category": "일상대화",
      "date": "2021-10-05",
      "size": 682,
      "annotations": {
        "subject": "주거와 생활",
        "speaker_type": "1:1",
        "size": 682,
        "word_size": 212,
        "text": "1 : 나 다음에 이사 갈 때 마당이나 테라스 있는 집으로 가려고 ㅜㅜ\n2 : 주택으로 가려고?  키키 버디 있어서 그런 거지?\n1 : 응 맞아 ㅜㅜ 아휴... 흙 밟으러 가려면 10분 넘게 걸어야 하니까 ㅜㅜ\n2 : 키키 주택은 한번 살아보고 싶긴 한데... 주택에 벌레가 많다 해서\n1 : 음 나 주택 살아봤는데, 뭐 비슷한 거 같아! 도시에 주택은 키키\n2 : 키키 주택에 살아봤었어? 키키\n2 : 주택은 분리수거 이런 것도 번거로울 것 같다\n1 : 응응 그냥 진짜 주택이었는데, 분리수거도 그냥 모아서 밖에 놔두면 된다 키키\n2 : 그렇군 키키 나는 지금 오피스텔 사니까 그냥 버리기만 하면 경비 아저씨가 마무리 정리해주니까 편함\n1 : 그래 주택은 아파트나 오피스텔의 분리수거 보다는 힘들겠지 키키\n2 : 어 키키 내가 마무리까지 해야 되니까 힘들 것 같다\n1 : 키키 아니다 그냥 큰 봉지에 다 때려 넣어서 묶어 놓기만 하면 됨!\n2 : 키키 은근히 귀찮은 일이라고 그게 키키\n1 : 키키 맞아... 그냥 한두 개 생겼을 때 바로 버리진 못해\n2 : 그래! 키키 그리고 버려야 하는 요일들이 정해져 있고 키키\n1 : 응 키키 그래서 아파트 사는 게 편리함이 크긴 하지\n2 : 응 키키 이사는 언제쯤 가려고?\n1 : 키키 사실... 내년 12월이야 키키 버디 다 컸겠네...\n2 : 키키 내년 12월이면 버디 성인견 되어 있는 거 아니가 키키",
        "lines": [
          {
            "id": 1,
            "text": "1 : 나 다음에 이사 갈 때 마당이나 테라스 있는 집으로 가려고 ㅜㅜ",
            "norm_text": "나 다음에 이사 갈 때 마당이나 테라스 있는 집으로 가려고 ㅜㅜ",
            "speaker": {
              "id": "1번",
              "sex": "여성",
              "age": "30대"
            },
            "speechAct": "(단언) 진술하기",
            "morpheme": "나/NP+다음/NNG+에/JKB+이/MM+사갈/NNG+때/NNG+마당/NNG+이나/JC+테라스/NNG+있/VA+는/ETM+집/NNG+으로/JKB+가/VV+려고/EC+ㅜㅜ/UNKNOWN"
          },
          {
            "id": 2,
            "text": "2 : 주택으로 가려고?  키키 버디 있어서 그런 거지?",
            "norm_text": "주택으로 가려고?  키키 버디 있어서 그런 거지?",
            "speaker": {
              "id": "2번",
              "sex": "여성",
              "age": "30대"
            },
            "speechAct": "(지시) 질문하기",
            "morpheme": "주택/NNG+으로/JKB+가/VV+려고/EF+키/NNG+키/NNG+버디/NNG+있/VV+어서/EC+그런/MM+거/NNB+지/VCP+EF"
          },
          {
            "id": 3,
            "text": "1 : 응 맞아 ㅜㅜ 아휴... 흙 밟으러 가려면 10분 넘게 걸어야 하니까 ㅜㅜ",
            "norm_text": "응 맞아 ㅜㅜ 아휴... 흙 밟으러 가려면 10분 넘게 걸어야 하니까 ㅜㅜ",
            "speaker": {
              "id": "1번",
              "sex": "여성",
              "age": "30대"
            },
            "speechAct": "(단언) 진술하기",
            "morpheme": "응맞아ㅜㅜ아휴/UNKNOWN+./SY+흙/NNG+밟/VV+으러/EC+가/VX+려면/EC+10/SN+분넘게걸어야하니까ㅜㅜ/UNKNOWN"
          },
          {
            "id": 4,
            "text": "2 : 키키 주택은 한번 살아보고 싶긴 한데... 주택에 벌레가 많다 해서",
            "norm_text": "키키 주택은 한번 살아보고 싶긴 한데... 주택에 벌레가 많다 해서",
            "speaker": {
              "id": "2번",
              "sex": "여성",
              "age": "30대"
            },
            "speechAct": "(단언) 주장하기",
            "morpheme": "키/NNG+키/NNG+주택/NNG+은/JX+한/MM+번/NNBC+살/VV+아/EC+보/VX+고/EC+싶/VX+긴/ETN+JX+한데/VX+EC+./SY+./SY+주택/NNG+에/JKB+벌레/NNG+가/JKS+많/VA+다/EC+해서/VV+EC"
          },
          {
            "id": 5,
            "text": "1 : 음 나 주택 살아봤는데, 뭐 비슷한 거 같아! 도시에 주택은 키키",
            "norm_text": "음 나 주택 살아봤는데, 뭐 비슷한 거 같아! 도시에 주택은 키키",
            "speaker": {
              "id": "1번",
              "sex": "여성",
              "age": "30대"
            },
            "speechAct": "(단언) 주장하기",
            "morpheme": "음/IC+나/NP+주택/NNG+살/VV+아/EC+봤/VX+EP+는데/EC+,/SC+뭐/IC+비슷/XR+한/XSA+ETM+거/NNB+같/VA+아/EF+도시/NNG+에/JKB+주택/NNG+은/JX+키/NNG+키/XSV+ETN"
          },
          {
            "id": 6,
            "text": "2 : 키키 주택에 살아봤었어? 키키",
            "norm_text": "키키 주택에 살아봤었어? 키키",
            "speaker": {
              "id": "2번",
              "sex": "여성",
              "age": "30대"
            },
            "speechAct": "(지시) 질문하기",
            "morpheme": "키/NNG+키/NNG+주택/NNG+에/JKB+살/VV+아/EC+봤었/VX+EP+어/EF+키/NNG+키/XSV+ETN"
          },
          {
            "id": 7,
            "text": "2 : 주택은 분리수거 이런 것도 번거로울 것 같다",
            "norm_text": "주택은 분리수거 이런 것도 번거로울 것 같다",
            "speaker": {
              "id": "2번",
              "sex": "여성",
              "age": "30대"
            },
            "speechAct": "(단언) 주장하기",
            "morpheme": "주택/NNG+은/JX+분리수거/NNG+이런/MM+것/NNB+도/JX+번거/XR+로울/XSA+ETM+것/NNB+같/VA+다/EC"
          },
          {
            "id": 8,
            "text": "1 : 응응 그냥 진짜 주택이었는데, 분리수거도 그냥 모아서 밖에 놔두면 된다 키키",
            "norm_text": "응응 그냥 진짜 주택이었는데, 분리수거도 그냥 모아서 밖에 놔두면 된다 키키",
            "speaker": {
              "id": "1번",
              "sex": "여성",
              "age": "30대"
            },
            "speechAct": "(단언) 진술하기",
            "morpheme": "응/IC+응/IC+그냥/MAG+진짜/MAG+주택/NNG+이/VCP+었/EP+는데/EC+,/SC+분리수거/NNG+도/JX+그냥/MAG+모아서/VV+EC+밖/NNG+에/JKB+놔두/VV+면/EC+된/VV+ETM+다키키/NNP"
          },
          {
            "id": 9,
            "text": "2 : 그렇군 키키 나는 지금 오피스텔 사니까 그냥 버리기만 하면 경비 아저씨가 마무리 정리해주니까 편함",
            "norm_text": "그렇군 키키 나는 지금 오피스텔 사니까 그냥 버리기만 하면 경비 아저씨가 마무리 정리해주니까 편함",
            "speaker": {
              "id": "2번",
              "sex": "여성",
              "age": "30대"
            },
            "speechAct": "(단언) 주장하기",
            "morpheme": "그렇/VA+군/EC+키/NNG+키나/XSA+ETN+JX+는/JX+지금/MAG+오피스텔/NNG+사/VV+니까/EC+그냥/MAG+버리/VV+기/ETN+만/JX+하/VV+면/EC+경비/NNG+아저씨/NNG+가/JKS+마무리/NNG+정리/NNG+해/XSV+EC+주/VX+니까/EC+편함/VA+ETN"
          },
          {
            "id": 10,
            "text": "1 : 그래 주택은 아파트나 오피스텔의 분리수거 보다는 힘들겠지 키키",
            "norm_text": "그래 주택은 아파트나 오피스텔의 분리수거 보다는 힘들겠지 키키",
            "speaker": {
              "id": "1번",
              "sex": "여성",
              "age": "30대"
            },
            "speechAct": "(단언) 주장하기",
            "morpheme": "그래/IC+주택/NNG+은/JX+아파트/NNG+나/JC+오피스텔/NNG+의/JKG+분리수거/NNG+보다/JKB+는/JX+힘들/VA+겠/EP+지/EC+키/NNG+키/XSV+ETN"
          },
          {
            "id": 11,
            "text": "2 : 어 키키 내가 마무리까지 해야 되니까 힘들 것 같다",
            "norm_text": "어 키키 내가 마무리까지 해야 되니까 힘들 것 같다",
            "speaker": {
              "id": "2번",
              "sex": "여성",
              "age": "30대"
            },
            "speechAct": "(단언) 주장하기",
            "morpheme": "어/IC+키/NNG+키/XSV+ETN+내/NP+가/JKS+마무리/NNG+까지/JX+해야/VV+EC+되/VV+니까/EC+힘들/VA+ETM+것/NNB+같/VA+다/EC"
          },
          {
            "id": 12,
            "text": "1 : 키키 아니다 그냥 큰 봉지에 다 때려 넣어서 묶어 놓기만 하면 됨!",
            "norm_text": "키키 아니다 그냥 큰 봉지에 다 때려 넣어서 묶어 놓기만 하면 됨!",
            "speaker": {
              "id": "1번",
              "sex": "여성",
              "age": "30대"
            },
            "speechAct": "(단언) 주장하기",
            "morpheme": "키/NNG+키/XSV+ETN+아니/VCN+다/EC+그냥/MAG+큰/VA+ETM+봉지/NNG+에다/JKB+때려/VV+EC+넣/VV+어서/EC+묶/VV+어/EC+놓/VX+기/ETN+만/JX+하/VV+면/EC+됨/VV+ETN"
          },
          {
            "id": 13,
            "text": "2 : 키키 은근히 귀찮은 일이라고 그게 키키",
            "norm_text": "키키 은근히 귀찮은 일이라고 그게 키키",
            "speaker": {
              "id": "2번",
              "sex": "여성",
              "age": "30대"
            },
            "speechAct": "(단언) 주장하기",
            "morpheme": "키/NNG+키/NNG+은근히/MAG+귀찮/VA+은/ETM+일/NNG+이/VCP+라고/EC+그게/NP+JKS+키/NNG+키/XSV+ETN"
          },
          {
            "id": 14,
            "text": "1 : 키키 맞아... 그냥 한두 개 생겼을 때 바로 버리진 못해",
            "norm_text": "키키 맞아... 그냥 한두 개 생겼을 때 바로 버리진 못해",
            "speaker": {
              "id": "1번",
              "sex": "여성",
              "age": "30대"
            },
            "speechAct": "(단언) 주장하기",
            "morpheme": "키/NNG+키/XSV+ETN+맞/VV+아/EF+./SY+그냥/MAG+한두/MM+개/NNBC+생겼/VV+EP+을/ETM+때/NNG+바로/MAG+버리/VV+진/EC+JX+못해/VX+EC"
          },
          {
            "id": 15,
            "text": "2 : 그래! 키키 그리고 버려야 하는 요일들이 정해져 있고 키키",
            "norm_text": "그래! 키키 그리고 버려야 하는 요일들이 정해져 있고 키키",
            "speaker": {
              "id": "2번",
              "sex": "여성",
              "age": "30대"
            },
            "speechAct": "(단언) 주장하기",
            "morpheme": "그래/IC+키/NNG+키/XSV+ETN+그리고/MAJ+버려야/VV+EC+하/VV+는/ETM+요일/NNG+들/XSN+이/JKS+정해져/VV+EC+VX+EC+있/VX+고/EC+키/NNG+키/XSV+ETN"
          },
          {
            "id": 16,
            "text": "1 : 응 키키 그래서 아파트 사는 게 편리함이 크긴 하지",
            "norm_text": "응 키키 그래서 아파트 사는 게 편리함이 크긴 하지",
            "speaker": {
              "id": "1번",
              "sex": "여성",
              "age": "30대"
            },
            "speechAct": "(단언) 주장하기",
            "morpheme": "응/IC+키/NNG+키/XSV+ETN+그래서/MAJ+아파트/NNG+사/VV+는/ETM+게/NNB+JKS+편리/NNG+함/XSV+ETN+이/JKS+크/VA+긴/ETN+JX+하/VX+지/EC"
          },
          {
            "id": 17,
            "text": "2 : 응 키키 이사는 언제쯤 가려고?",
            "norm_text": "응 키키 이사는 언제쯤 가려고?",
            "speaker": {
              "id": "2번",
              "sex": "여성",
              "age": "30대"
            },
            "speechAct": "(지시) 질문하기",
            "morpheme": "응/IC+키/NNG+키/NNG+이사/NNG+는/JX+언제/NP+쯤/XSN+가/VV+려고/EF"
          },
          {
            "id": 18,
            "text": "1 : 키키 사실... 내년 12월이야 키키 버디 다 컸겠네...",
            "norm_text": "키키 사실... 내년 12월이야 키키 버디 다 컸겠네...",
            "speaker": {
              "id": "1번",
              "sex": "여성",
              "age": "30대"
            },
            "speechAct": "(단언) 주장하기",
            "morpheme": "키/NNG+키/XSV+ETN+사실/MAG+./SY+내년/NNG+12/SN+월/NNBC+이/VCP+야/EC+키/NNG+키/NNG+버디/NNG+다/MAG+컸/VA+EP+겠/EP+네/EF+./SY"
          },
          {
            "id": 19,
            "text": "2 : 키키 내년 12월이면 버디 성인견 되어 있는 거 아니가 키키",
            "norm_text": "키키 내년 12월이면 버디 성인견 되어 있는 거 아니가 키키",
            "speaker": {
              "id": "2번",
              "sex": "여성",
              "age": "30대"
            },
            "speechAct": "(단언) 주장하기",
            "morpheme": "키/NNG+키/NNG+내년/NNG+12/SN+월/NNBC+이/VCP+면/EC+버디/NNG+성/XSN+인견/NNG+되/XSV+어/EC+있/VX+는/ETM+거/NNB+아니/VCN+가/JKS+키/NNG+키/XSV+ETN"
          }
        ]
      }
    }
  ]
}