{
  "dataset": {
    "identifier": 45227,
    "name": "KAKAO_944_14_set",
    "src_path": "/data/file/cubeManager/PROJECT001/53/txt20211005161536072547/KAKAO_944_14_set/",
    "label_path": "/data/file/cubeManager/PROJECT001/53/txt20211005161536072547/KAKAO_944_14_set/",
    "category": 2,
    "type": 0
  },
  "licenses": {
    "name": "Apache License 1.0",
    "url": "http://www.apache.org/licenses/LICENSE-1.0"
  },
  "info": [
    {
      "id": 42111,
      "filename": "KAKAO_944_14.txt",
      "title": "KAKAO_944_14",
      "mediatype": "SNS",
      "medianame": "카카오톡",
      "category": "일상대화",
      "date": "2021-10-05",
      "size": 579,
      "annotations": {
        "subject": "사회이슈",
        "speaker_type": "1:1",
        "size": 579,
        "word_size": 169,
        "text": "1 : 요즘 간호사들이 대거 사퇴하고 있대 ㅜㅜ\n2 : 헐 어쩌다가?\n2 : 왜? 무슨 일이래?\n1 : 아휴... 코로나 때문에 너무 힘들어서 감당이 안된다네\n2 : 아고... 그래도 그만두면 현실인데 뭐 하고 살려고...\n1 : 인력은 한정돼있는데 확진자는 자꾸 늘어나니까\n2 : 뭐... 어느 일이나 힘든 건 맞는데...\n2 : 다른 뜻이 있겠지?\n1 : 막 뉴스 보니까 쉬는 날도 거의 없고 그렇던데...\n2 : 그만큼 돈을 더 준다이강 키키...\n2 : 공장들도 성수기 땐 24시간 일하고 그러더라고\n1 : 키키 아니 그래도... 돈을 많이 벌어도 한 달 동안 29일 일하면 하겠나\n2 : 무조건 다 하는 건 아니지 않나? 키키 돌아가면서 쉴 텐뎅?\n1 : 물론 29일 일하는 건 아니겠지만... 업무가 엄청나지긴 했겠지 ㅜㅜ\n2 : 응 그렇겠지 ㅠㅠ\n2 : 코로나 언제 끝나려나...\n1 : 아휴... WHO에서는 평생 갈 거라고 했다더라...\n2 : 뭐 마스크는 이제 인류에 무조건이 될지도...\n2 : 미세먼지도 글코...\n1 : 그러니까 ㅜㅜ 미세먼지 때도 안 쓰긴 했었는데 이젠 무조건이다\n2 : 그에 맞게 또 진화하겠지? 키키\n2 : 콧구멍에 필터...ㅋ",
        "lines": [
          {
            "id": 1,
            "text": "1 : 요즘 간호사들이 대거 사퇴하고 있대 ㅜㅜ",
            "norm_text": "요즘 간호사들이 대거 사퇴하고 있대 ㅜㅜ",
            "speaker": {
              "id": "1번",
              "sex": "여성",
              "age": "30대"
            },
            "speechAct": "(단언) 진술하기",
            "morpheme": "요즘/NNG+간호사/NNG+들/XSN+이/JKS+대거/MAG+사퇴/NNG+하/XSV+고/EC+있/VX+대/EF+ㅜㅜ/UNKNOWN"
          },
          {
            "id": 2,
            "text": "2 : 헐 어쩌다가?",
            "norm_text": "헐 어쩌다가?",
            "speaker": {
              "id": "2번",
              "sex": "여성",
              "age": "30대"
            },
            "speechAct": "(지시) 질문하기",
            "morpheme": "헐/IC+어쩌다가/MAG"
          },
          {
            "id": 3,
            "text": "2 : 왜? 무슨 일이래?",
            "norm_text": "왜? 무슨 일이래?",
            "speaker": {
              "id": "2번",
              "sex": "여성",
              "age": "30대"
            },
            "speechAct": "(지시) 질문하기",
            "morpheme": "왜/MAG+무슨/MM+일/NNG+이/VCP+래/EF"
          },
          {
            "id": 4,
            "text": "1 : 아휴... 코로나 때문에 너무 힘들어서 감당이 안된다네",
            "norm_text": "아휴... 코로나 때문에 너무 힘들어서 감당이 안된다네",
            "speaker": {
              "id": "1번",
              "sex": "여성",
              "age": "30대"
            },
            "speechAct": "(단언) 진술하기",
            "morpheme": "아휴/IC+./SY+코로나/NNG+때문/NNB+에/JKB+너무/MAG+힘들/VA+어서/EC+감당/NNG+이/JKS+안/MAG+된다/VV+EF+네/IC"
          },
          {
            "id": 5,
            "text": "2 : 아고... 그래도 그만두면 현실인데 뭐 하고 살려고...",
            "norm_text": "아고... 그래도 그만두면 현실인데 뭐 하고 살려고...",
            "speaker": {
              "id": "2번",
              "sex": "여성",
              "age": "30대"
            },
            "speechAct": "(단언) 주장하기",
            "morpheme": "아고/IC+./SY+그래도/VV+EC+그만두/VV+면/EC+현실/NNG+인데/VCP+EC+뭐/NP+하고/JKB+살/VV+려고/EF+./SY"
          },
          {
            "id": 6,
            "text": "1 : 인력은 한정돼있는데 확진자는 자꾸 늘어나니까",
            "norm_text": "인력은 한정돼있는데 확진자는 자꾸 늘어나니까",
            "speaker": {
              "id": "1번",
              "sex": "여성",
              "age": "30대"
            },
            "speechAct": "(단언) 주장하기",
            "morpheme": "인력/NNG+은/JX+한정/NNG+돼/XSV+EC+있/VX+는데/EC+확진/NNG+자/XSN+는/JX+자꾸/MAG+늘어나/VV+니까/EC"
          },
          {
            "id": 7,
            "text": "2 : 뭐... 어느 일이나 힘든 건 맞는데...",
            "norm_text": "뭐... 어느 일이나 힘든 건 맞는데...",
            "speaker": {
              "id": "2번",
              "sex": "여성",
              "age": "30대"
            },
            "speechAct": "(단언) 주장하기",
            "morpheme": "뭐/IC+./SY+어느/MM+일/NNG+이나/JX+힘든/VA+ETM+건/NNB+JX+맞/VV+는데/EC+./SY+./SY"
          },
          {
            "id": 8,
            "text": "2 : 다른 뜻이 있겠지?",
            "norm_text": "다른 뜻이 있겠지?",
            "speaker": {
              "id": "2번",
              "sex": "여성",
              "age": "30대"
            },
            "speechAct": "(지시) 질문하기",
            "morpheme": "다른/MM+뜻/NNG+이/JKS+있/VA+겠/EP+지/EF"
          },
          {
            "id": 9,
            "text": "1 : 막 뉴스 보니까 쉬는 날도 거의 없고 그렇던데...",
            "norm_text": "막 뉴스 보니까 쉬는 날도 거의 없고 그렇던데...",
            "speaker": {
              "id": "1번",
              "sex": "여성",
              "age": "30대"
            },
            "speechAct": "(단언) 진술하기",
            "morpheme": "막/MAJ+뉴스/NNG+보/VV+니까/EC+쉬/VV+는/ETM+날/NNG+도/JX+거의/MAG+없/VA+고/EC+그렇/VA+던데/EF+./SY"
          },
          {
            "id": 10,
            "text": "2 : 그만큼 돈을 더 준다이강 키키...",
            "norm_text": "그만큼 돈을 더 준다이강 키키...",
            "speaker": {
              "id": "2번",
              "sex": "여성",
              "age": "30대"
            },
            "speechAct": "(단언) 주장하기",
            "morpheme": "그만큼/MAG+돈/NNG+을/JKO+더/MAG+준다/VV+EC+이강/NNG+키/NNG+키/XSV+ETN+./SY"
          },
          {
            "id": 11,
            "text": "2 : 공장들도 성수기 땐 24시간 일하고 그러더라고",
            "norm_text": "공장들도 성수기 땐 24시간 일하고 그러더라고",
            "speaker": {
              "id": "2번",
              "sex": "여성",
              "age": "30대"
            },
            "speechAct": "(단언) 진술하기",
            "morpheme": "공장/NNG+들/XSN+도/JX+성수기/NNG+땐/NNG+JX+24/SN+시간/NNBC+일/NNG+하/XSV+고/EC+그러/VV+더라고/EC"
          },
          {
            "id": 12,
            "text": "1 : 키키 아니 그래도... 돈을 많이 벌어도 한 달 동안 29일 일하면 하겠나",
            "norm_text": "키키 아니 그래도... 돈을 많이 벌어도 한 달 동안 29일 일하면 하겠나",
            "speaker": {
              "id": "1번",
              "sex": "여성",
              "age": "30대"
            },
            "speechAct": "(단언) 주장하기",
            "morpheme": "키/NNG+키/XSV+ETN+아니/VCN+그래도/MAG+XSV+EF+./SY+돈/NNG+을/JKO+많이/MAG+벌/VV+어도/EC+한/MM+달/NNBC+동안/NNG+29/SN+일/NNBC+일/NNG+하/XSV+면/EC+하/VX+겠/EP+나/EC"
          },
          {
            "id": 13,
            "text": "2 : 무조건 다 하는 건 아니지 않나? 키키 돌아가면서 쉴 텐뎅?",
            "norm_text": "무조건 다 하는 건 아니지 않나? 키키 돌아가면서 쉴 텐뎅?",
            "speaker": {
              "id": "2번",
              "sex": "여성",
              "age": "30대"
            },
            "speechAct": "(지시) 질문하기",
            "morpheme": "무조건/MAG+다/MAG+하/VV+는/ETM+건/NNB+JX+아니/VCN+지/EC+않/VX+나/EF+키/NNG+키/XSV+ETN+돌아가/VV+면서/EC+쉴/VV+ETM+텐/NNG+뎅/MAG"
          },
          {
            "id": 14,
            "text": "1 : 물론 29일 일하는 건 아니겠지만... 업무가 엄청나지긴 했겠지 ㅜㅜ",
            "norm_text": "물론 29일 일하는 건 아니겠지만... 업무가 엄청나지긴 했겠지 ㅜㅜ",
            "speaker": {
              "id": "1번",
              "sex": "여성",
              "age": "30대"
            },
            "speechAct": "(단언) 주장하기",
            "morpheme": "물론/MAG+29/SN+일/NNBC+일/NNG+하/XSV+는/ETM+건/NNB+JX+아니/VCN+겠/EP+지만/EC+./SY+./SY+업무/NNG+가/JKS+엄청나/VA+EC+지/VX+긴/ETN+JX+했/VX+EP+겠/EP+지/EF+ㅜㅜ/UNKNOWN"
          },
          {
            "id": 15,
            "text": "2 : 응 그렇겠지 ㅠㅠ",
            "norm_text": "응 그렇겠지 ㅠㅠ",
            "speaker": {
              "id": "2번",
              "sex": "여성",
              "age": "30대"
            },
            "speechAct": "(단언) 주장하기",
            "morpheme": "응그렇겠지ㅠㅠ/UNKNOWN"
          },
          {
            "id": 16,
            "text": "2 : 코로나 언제 끝나려나...",
            "norm_text": "코로나 언제 끝나려나...",
            "speaker": {
              "id": "2번",
              "sex": "여성",
              "age": "30대"
            },
            "speechAct": "(지시) 질문하기",
            "morpheme": "코로나/NNG+언제/MAG+끝나/VV+려나/EF+./SY"
          },
          {
            "id": 17,
            "text": "1 : 아휴... WHO에서는 평생 갈 거라고 했다더라...",
            "norm_text": "아휴... WHO에서는 평생 갈 거라고 했다더라...",
            "speaker": {
              "id": "1번",
              "sex": "여성",
              "age": "30대"
            },
            "speechAct": "(단언) 진술하기",
            "morpheme": "아휴/IC+./SY+./SY+WHO/SL+에서/JKB+는/JX+평생/NNG+갈/VV+ETM+거/NNB+라고/VCP+EC+했/VX+EP+다더라/EF+./SY"
          },
          {
            "id": 18,
            "text": "2 : 뭐 마스크는 이제 인류에 무조건이 될지도...",
            "norm_text": "뭐 마스크는 이제 인류에 무조건이 될지도...",
            "speaker": {
              "id": "2번",
              "sex": "여성",
              "age": "30대"
            },
            "speechAct": "(단언) 주장하기",
            "morpheme": "뭐/IC+마스크/NNG+는/JX+이제/MAG+인류/NNG+에/JKB+무조건/NNG+이/JKS+될지/VV+EC+도/JX+./SY+./SY"
          },
          {
            "id": 19,
            "text": "2 : 미세먼지도 글코...",
            "norm_text": "미세먼지도 글코...",
            "speaker": {
              "id": "2번",
              "sex": "여성",
              "age": "30대"
            },
            "speechAct": "(단언) 주장하기",
            "morpheme": "미세먼지/NNP+도/JX+글/NNG+코/XSV+EC+./SY+./SY"
          },
          {
            "id": 20,
            "text": "1 : 그러니까 ㅜㅜ 미세먼지 때도 안 쓰긴 했었는데 이젠 무조건이다",
            "norm_text": "그러니까 ㅜㅜ 미세먼지 때도 안 쓰긴 했었는데 이젠 무조건이다",
            "speaker": {
              "id": "1번",
              "sex": "여성",
              "age": "30대"
            },
            "speechAct": "(단언) 주장하기",
            "morpheme": "그러니까/MAJ+ㅜㅜ/UNKNOWN+미세먼지/NNP+때/NNG+도/JX+안/MAG+쓰/VV+긴/ETN+JX+했었/VX+EP+는데/EC+이젠/NNG+JX+무조건/NNG+이/VCP+다/EC"
          },
          {
            "id": 21,
            "text": "2 : 그에 맞게 또 진화하겠지? 키키",
            "norm_text": "그에 맞게 또 진화하겠지? 키키",
            "speaker": {
              "id": "2번",
              "sex": "여성",
              "age": "30대"
            },
            "speechAct": "(단언) 주장하기",
            "morpheme": "그/NP+에/JKB+맞/VV+게/EC+또/MAG+진화/NNG+하/XSV+겠/EP+지/EF+키/NNG+키/XSV+ETN"
          },
          {
            "id": 22,
            "text": "2 : 콧구멍에 필터...ㅋ",
            "norm_text": "콧구멍에 필터...ㅋ",
            "speaker": {
              "id": "2번",
              "sex": "여성",
              "age": "30대"
            },
            "speechAct": "(단언) 주장하기",
            "morpheme": "콧구멍/NNG+에/JKB+필터/NNG+./SY+./SY+ㅋ/UNKNOWN"
          }
        ]
      }
    }
  ]
}