{
  "dataset": {
    "identifier": 40511,
    "name": "KAKAO_938_06_set",
    "src_path": "/data/file/cubeManager/PROJECT001/53/txt20211005162530008643/KAKAO_938_06_set/",
    "label_path": "/data/file/cubeManager/PROJECT001/53/txt20211005162530008643/KAKAO_938_06_set/",
    "category": 2,
    "type": 0
  },
  "licenses": {
    "name": "Apache License 1.0",
    "url": "http://www.apache.org/licenses/LICENSE-1.0"
  },
  "info": [
    {
      "id": 42323,
      "filename": "KAKAO_938_06.txt",
      "title": "KAKAO_938_06",
      "mediatype": "SNS",
      "medianame": "카카오톡",
      "category": "일상대화",
      "date": "2021-10-05",
      "size": 734,
      "annotations": {
        "subject": "교육",
        "speaker_type": "1:1",
        "size": 734,
        "word_size": 240,
        "text": "1 : 넌 어렸을 때 학원 다닌 거 모 있었엉? \n 키키\n2 : 나는 피아노 학원 잠깐 다녔었어 키키\n2 : 너는?\n1 : 나는 피아노 미술학원 이런데 다니고 싶었는뎅 못 다니게 해서 넘 슬펐엉 ㅜㅜ\n2 : 근데 나 엄청 짧게 다녔어 아주 잠깐 키키\n2 : 너는 사교육이 꼭 필요하다고 생각해?\n1 : 키키 아니 난 공교육만으로 충분하다고 봥 키키\n1 : 근데 예체능 이런 거는 빼고\n2 : 나도 키키 학생 본인이 원하면 시켜주는 정도가 적당하다고 보는데 우리나라는 너무 부모의 강압이 심해\n1 : 맞앙 키키 전부다 공부에 재능이 있는 건 아닌데 말야\n2 : 나는 학생들이 학교에서 마치고 바로 학원 가서 열두시까지 공부하고 집 와서 또 숙제 한다는 기사 봤을 때 너무 안됐더라\n1 : 그러게 ㅜ 그게 우리 세대에 완전히 끊겼으면 좋았을텐데 ㅜ\n2 : 근데 그러지는 못할 거 같아 ㅜ\n2 : 계속 사교육 때문에 문제가 생길 것 같아\n2 : 드라마 스카이캐슬도 그런 문제를 담고 있었잖아\n1 : ㅜㅜ 청소년 자살률도 너무 높고ㅜ\n1 : 걱정 된당\n2 : 학생 때 공부 열심히 해야 되는 건 맞지만 너무 안쓰러워 그게 다가 아닌데\n1 : 그러게 ㅜㅜ 애들이 너무 좁은 세상에서 살게 되는 것 같아\n1 : 난 그 시기에 ㅡ 친구나 더 사귈걸 후회되는뎅 키키\n2 : 나도 키키 만약에 나는 학생 때로 돌아가면 예체능 쪽으로 배워보고 싶어\n1 : 그림그리는거?!\n1 : 뭔가 잘 어울릴 것 같당 키키\n2 : 오 그림 그리는 것도 좋지 키키\n2 : 재밌을거 같아 ㅡ",
        "lines": [
          {
            "id": 1,
            "text": "1 : 넌 어렸을 때 학원 다닌 거 모 있었엉? \n 키키",
            "norm_text": "넌 어렸을 때 학원 다닌 거 모 있었엉? \n 키키",
            "speaker": {
              "id": "1번",
              "sex": "여성",
              "age": "20대"
            },
            "speechAct": "(지시) 질문하기",
            "morpheme": "넌/NP+JX+어렸/VA+EP+을/ETM+때/NNG+학원/NNG+다닌/VV+ETM+거모/NNG+있/VV+었/EP+엉/EF+키/NNG+키/XSV+ETN"
          },
          {
            "id": 2,
            "text": "2 : 나는 피아노 학원 잠깐 다녔었어 키키",
            "norm_text": "나는 피아노 학원 잠깐 다녔었어 키키",
            "speaker": {
              "id": "2번",
              "sex": "여성",
              "age": "20대"
            },
            "speechAct": "(단언) 진술하기",
            "morpheme": "나/NP+는/JX+피아노/NNG+학원/NNG+잠깐/MAG+다녔었/VV+EP+어/EC+키/NNG+키/XSV+ETN"
          },
          {
            "id": 3,
            "text": "2 : 너는?",
            "norm_text": "너는?",
            "speaker": {
              "id": "2번",
              "sex": "여성",
              "age": "20대"
            },
            "speechAct": "(지시) 질문하기",
            "morpheme": "너/NP+는/JX"
          },
          {
            "id": 4,
            "text": "1 : 나는 피아노 미술학원 이런데 다니고 싶었는뎅 못 다니게 해서 넘 슬펐엉 ㅜㅜ",
            "norm_text": "나는 피아노 미술학원 이런데 다니고 싶었는뎅 못 다니게 해서 넘 슬펐엉 ㅜㅜ",
            "speaker": {
              "id": "1번",
              "sex": "여성",
              "age": "20대"
            },
            "speechAct": "(단언) 진술하기",
            "morpheme": "나/NP+는/JX+피아노/NNG+미술/NNG+학원/NNG+이런/MM+데/NNB+다니/VV+고/EC+싶/VX+었/EP+는/ETM+뎅/MAG+못/MAG+다니/VV+게/EC+해서/VV+EC+넘/MAG+슬펐/VA+EP+엉/EC+ㅜㅜ/UNKNOWN"
          },
          {
            "id": 5,
            "text": "2 : 근데 나 엄청 짧게 다녔어 아주 잠깐 키키",
            "norm_text": "근데 나 엄청 짧게 다녔어 아주 잠깐 키키",
            "speaker": {
              "id": "2번",
              "sex": "여성",
              "age": "20대"
            },
            "speechAct": "(단언) 진술하기",
            "morpheme": "근데/MAJ+나/NP+엄청/MAG+짧/VA+게/EC+다녔/VV+EP+어/EC+아주/MAG+잠깐/MAG+키/NNG+키/XSV+ETN"
          },
          {
            "id": 6,
            "text": "2 : 너는 사교육이 꼭 필요하다고 생각해?",
            "norm_text": "너는 사교육이 꼭 필요하다고 생각해?",
            "speaker": {
              "id": "2번",
              "sex": "여성",
              "age": "20대"
            },
            "speechAct": "(지시) 질문하기",
            "morpheme": "너/NP+는/JX+사교육/NNG+이/JKS+꼭/MAG+필요/NNG+하/XSV+다고/EC+생각/NNG+해/XSV+EF"
          },
          {
            "id": 7,
            "text": "1 : 키키 아니 난 공교육만으로 충분하다고 봥 키키",
            "norm_text": "키키 아니 난 공교육만으로 충분하다고 봥 키키",
            "speaker": {
              "id": "1번",
              "sex": "여성",
              "age": "20대"
            },
            "speechAct": "(단언) 주장하기",
            "morpheme": "키/NNG+키/XSV+ETN+아니/VCN+난/NP+JX+공교육/NNG+만/JX+으로/JKB+충분/XR+하/XSA+다고/EC+봥키/UNKNOWN+키/NNG"
          },
          {
            "id": 8,
            "text": "1 : 근데 예체능 이런 거는 빼고",
            "norm_text": "근데 예체능 이런 거는 빼고",
            "speaker": {
              "id": "1번",
              "sex": "여성",
              "age": "20대"
            },
            "speechAct": "(단언) 주장하기",
            "morpheme": "근데/MAJ+예체능/NNG+이런/MM+거/NNB+는/JX+빼/VV+고/EC"
          },
          {
            "id": 9,
            "text": "2 : 나도 키키 학생 본인이 원하면 시켜주는 정도가 적당하다고 보는데 우리나라는 너무 부모의 강압이 심해",
            "norm_text": "나도 키키 학생 본인이 원하면 시켜주는 정도가 적당하다고 보는데 우리나라는 너무 부모의 강압이 심해",
            "speaker": {
              "id": "2번",
              "sex": "여성",
              "age": "20대"
            },
            "speechAct": "(단언) 주장하기",
            "morpheme": "나/NP+도/JX+키/NNG+키/NNG+학생/NNG+본인/NNG+이/JKS+원하/VV+면/EC+시켜/VV+EC+주/VX+는/ETM+정도/NNG+가/JKS+적당/XR+하/XSA+다고/EC+보/VX+는데/EC+우리/NP+나라/NNG+는/JX+너무/MAG+부모/NNG+의/JKG+강압/NNG+이/JKS+심해/VA+EC"
          },
          {
            "id": 10,
            "text": "1 : 맞앙 키키 전부다 공부에 재능이 있는 건 아닌데 말야",
            "norm_text": "맞앙 키키 전부다 공부에 재능이 있는 건 아닌데 말야",
            "speaker": {
              "id": "1번",
              "sex": "여성",
              "age": "20대"
            },
            "speechAct": "(단언) 주장하기",
            "morpheme": "맞/VV+앙/EC+키/NNG+키/NNG+전부/MAG+다/MAG+공부/NNG+에/JKB+재능/NNG+이/JKS+있/VA+는/ETM+건/NNB+JX+아닌데/VCN+EC+말/VX+야/EC"
          },
          {
            "id": 11,
            "text": "2 : 나는 학생들이 학교에서 마치고 바로 학원 가서 열두시까지 공부하고 집 와서 또 숙제 한다는 기사 봤을 때 너무 안됐더라",
            "norm_text": "나는 학생들이 학교에서 마치고 바로 학원 가서 열두시까지 공부하고 집 와서 또 숙제 한다는 기사 봤을 때 너무 안됐더라",
            "speaker": {
              "id": "2번",
              "sex": "여성",
              "age": "20대"
            },
            "speechAct": "(단언) 주장하기",
            "morpheme": "나/NP+는/JX+학생/NNG+들/XSN+이/JKS+학교/NNG+에서/JKB+마치/VV+고/EC+바로/MAG+학원/NNG+가/VV+서/EC+열/NR+두/MM+시/NNBC+까지/JX+공부/NNG+하/XSV+고/EC+집/NNG+와서/VV+EC+또/MAG+숙제/NNG+한다는/XSV+ETM+기사/NNG+봤/VV+EP+을/ETM+때/NNG+너무/MAG+안/MAG+됐/VV+EP+더라/EC"
          },
          {
            "id": 12,
            "text": "1 : 그러게 ㅜ 그게 우리 세대에 완전히 끊겼으면 좋았을텐데 ㅜ",
            "norm_text": "그러게 ㅜ 그게 우리 세대에 완전히 끊겼으면 좋았을텐데 ㅜ",
            "speaker": {
              "id": "1번",
              "sex": "여성",
              "age": "20대"
            },
            "speechAct": "(단언) 주장하기",
            "morpheme": "그러/VV+게/EC+ㅜ/UNKNOWN+그게/NP+JKS+우리/NP+세대/NNG+에/JKB+완전히/MAG+끊겼/VV+EP+으면/EC+좋/VA+았/EP+을/ETM+텐데/NNB+VCP+EC+ㅜ/UNKNOWN"
          },
          {
            "id": 13,
            "text": "2 : 근데 그러지는 못할 거 같아 ㅜ",
            "norm_text": "근데 그러지는 못할 거 같아 ㅜ",
            "speaker": {
              "id": "2번",
              "sex": "여성",
              "age": "20대"
            },
            "speechAct": "(단언) 주장하기",
            "morpheme": "근데/MAJ+그러지/NNP+는/JX+못/MAG+할/VV+ETM+거/NNB+같/VA+아/EC+ㅜ/UNKNOWN"
          },
          {
            "id": 14,
            "text": "2 : 계속 사교육 때문에 문제가 생길 것 같아",
            "norm_text": "계속 사교육 때문에 문제가 생길 것 같아",
            "speaker": {
              "id": "2번",
              "sex": "여성",
              "age": "20대"
            },
            "speechAct": "(단언) 주장하기",
            "morpheme": "계속/MAG+사교육/NNG+때문/NNB+에/JKB+문제/NNG+가/JKS+생길/VV+ETM+것/NNB+같/VA+아/EC"
          },
          {
            "id": 15,
            "text": "2 : 드라마 스카이캐슬도 그런 문제를 담고 있었잖아",
            "norm_text": "드라마 스카이캐슬도 그런 문제를 담고 있었잖아",
            "speaker": {
              "id": "2번",
              "sex": "여성",
              "age": "20대"
            },
            "speechAct": "(단언) 주장하기",
            "morpheme": "드라마/NNG+스카이/NNP+캐슬/NNP+도/JX+그런/MM+문제/NNG+를/JKO+담/VV+고/EC+있/VX+었잖/EC+VX+아/EC"
          },
          {
            "id": 16,
            "text": "1 : ㅜㅜ 청소년 자살률도 너무 높고ㅜ",
            "norm_text": "ㅜㅜ 청소년 자살률도 너무 높고ㅜ",
            "speaker": {
              "id": "1번",
              "sex": "여성",
              "age": "20대"
            },
            "speechAct": "(단언) 주장하기",
            "morpheme": "ㅜㅜ/UNKNOWN+청소년/NNG+자살/NNG+률/XSN+도/JX+너무/MAG+높/VA+고/EC+ㅜ/UNKNOWN"
          },
          {
            "id": 17,
            "text": "1 : 걱정 된당",
            "norm_text": "걱정 된당",
            "speaker": {
              "id": "1번",
              "sex": "여성",
              "age": "20대"
            },
            "speechAct": "(단언) 주장하기",
            "morpheme": "걱정/NNG+된/XSV+ETM+당/NNG"
          },
          {
            "id": 18,
            "text": "2 : 학생 때 공부 열심히 해야 되는 건 맞지만 너무 안쓰러워 그게 다가 아닌데",
            "norm_text": "학생 때 공부 열심히 해야 되는 건 맞지만 너무 안쓰러워 그게 다가 아닌데",
            "speaker": {
              "id": "2번",
              "sex": "여성",
              "age": "20대"
            },
            "speechAct": "(단언) 주장하기",
            "morpheme": "학생/NNG+때/NNG+공부/NNG+열심히/MAG+해야/VV+EC+되/VV+는/ETM+건/NNB+JX+맞/VV+지만/EC+너무/MAG+안쓰러워/VA+EC+그게/NP+다가/JX+아닌데/VCN+EC"
          },
          {
            "id": 19,
            "text": "1 : 그러게 ㅜㅜ 애들이 너무 좁은 세상에서 살게 되는 것 같아",
            "norm_text": "그러게 ㅜㅜ 애들이 너무 좁은 세상에서 살게 되는 것 같아",
            "speaker": {
              "id": "1번",
              "sex": "여성",
              "age": "20대"
            },
            "speechAct": "(단언) 주장하기",
            "morpheme": "그러/VV+게/EC+ㅜㅜ/UNKNOWN+애/NNG+들/XSN+이/JKS+너무/MAG+좁/VA+은/ETM+세상/NNG+에서/JKB+살/VV+게/EC+되/VV+는/ETM+것/NNB+같/VA+아/EC"
          },
          {
            "id": 20,
            "text": "1 : 난 그 시기에 ㅡ 친구나 더 사귈걸 후회되는뎅 키키",
            "norm_text": "난 그 시기에 ㅡ 친구나 더 사귈걸 후회되는뎅 키키",
            "speaker": {
              "id": "1번",
              "sex": "여성",
              "age": "20대"
            },
            "speechAct": "(단언) 주장하기",
            "morpheme": "난/NP+JX+그/MM+시기/NNG+에/JKB+ㅡ/UNKNOWN+친구/NNG+나/JC+더/MAG+사귈/VV+ETM+걸/NNB+JKO+후회/NNG+되/XSV+는/ETM+뎅/NNP+키키/NNP"
          },
          {
            "id": 21,
            "text": "2 : 나도 키키 만약에 나는 학생 때로 돌아가면 예체능 쪽으로 배워보고 싶어",
            "norm_text": "나도 키키 만약에 나는 학생 때로 돌아가면 예체능 쪽으로 배워보고 싶어",
            "speaker": {
              "id": "2번",
              "sex": "여성",
              "age": "20대"
            },
            "speechAct": "(단언) 주장하기",
            "morpheme": "나/NP+도/JX+키/NNG+키/NNG+만약/NNG+에/JKB+나/NP+는/JX+학생/NNG+때로/MAG+돌아가/VV+면/EC+예체능/NNG+쪽/NNB+으로/JKB+배워/VV+EC+보/VX+고/EC+싶/VX+어/EC"
          },
          {
            "id": 22,
            "text": "1 : 그림그리는거?!",
            "norm_text": "그림그리는거?!",
            "speaker": {
              "id": "1번",
              "sex": "여성",
              "age": "20대"
            },
            "speechAct": "(지시) 질문하기",
            "morpheme": "그림/NNG+그리/VV+는/ETM+거/NNB+?/SY"
          },
          {
            "id": 23,
            "text": "1 : 뭔가 잘 어울릴 것 같당 키키",
            "norm_text": "뭔가 잘 어울릴 것 같당 키키",
            "speaker": {
              "id": "1번",
              "sex": "여성",
              "age": "20대"
            },
            "speechAct": "(단언) 주장하기",
            "morpheme": "뭔가/NP+VCP+EC+잘/MAG+어울릴/VV+ETM+것/NNB+같/VA+당/EF+키/NNG+키/XSV+ETN"
          },
          {
            "id": 24,
            "text": "2 : 오 그림 그리는 것도 좋지 키키",
            "norm_text": "오 그림 그리는 것도 좋지 키키",
            "speaker": {
              "id": "2번",
              "sex": "여성",
              "age": "20대"
            },
            "speechAct": "(단언) 주장하기",
            "morpheme": "오/NR+그림/NNG+그리/VV+는/ETM+것/NNB+도/JX+좋/VA+지/EC+키/NNG+키/XSV+ETN"
          },
          {
            "id": 25,
            "text": "2 : 재밌을거 같아 ㅡ",
            "norm_text": "재밌을거 같아 ㅡ",
            "speaker": {
              "id": "2번",
              "sex": "여성",
              "age": "20대"
            },
            "speechAct": "(단언) 주장하기",
            "morpheme": "재밌/VA+을/ETM+거/NNB+같/VA+아/EC+ㅡ/UNKNOWN"
          }
        ]
      }
    }
  ]
}