{
  "dataset": {
    "identifier": 69012,
    "name": "KAKAO_929_10_set",
    "src_path": "/data/file/cubeManager/PROJECT001/53/txt20211005155822001155/KAKAO_929_10_set/",
    "label_path": "/data/file/cubeManager/PROJECT001/53/txt20211005155822001155/KAKAO_929_10_set/",
    "category": 2,
    "type": 0
  },
  "licenses": {
    "name": "Apache License 1.0",
    "url": "http://www.apache.org/licenses/LICENSE-1.0"
  },
  "info": [
    {
      "id": 41887,
      "filename": "KAKAO_929_10.txt",
      "title": "KAKAO_929_10",
      "mediatype": "SNS",
      "medianame": "카카오톡",
      "category": "일상대화",
      "date": "2021-10-05",
      "size": 460,
      "annotations": {
        "subject": "스포츠/레저",
        "speaker_type": "1:1",
        "size": 460,
        "word_size": 146,
        "text": "1 : 평생 할 수 있는 운동을 하나 찾아야 하는디\n2 : 숨쉬기 운동 아니것냐 후아후아\n1 : 키키 요즘 숨쉬기만 해? 아니 체력이 딸려서 ㅠ\n2 : 운동 평생 하면 그건 운동선수제 일반인이 아니여~\n1 : 키키 취미로 하나 가져야겠다 싶더라구...\n2 : 하긴 나도 운동은 하고 싶은데 ㅜㅜ 넘 귀찮\n1 : 마땅한 게 없어 난 요가 스타일은 영 아니더라고\n2 : 암벽등반은 어때?\n2 : 역동적으로 움직이는 거야\n1 : 키키 그거 우리 동네에 있어서 구경 갔는데 ㅠ 사람들이  뒤에서 다 구경을 하더라고...\n2 : 아... 연예인 체험인가 인파 속에서 등반\n1 : 암벽 타는 사람은 하난데 구경꾼 열댓 명 키키 개부담\n2 : 키키 너무 부담스러워 잘해야 될 거 같애\n1 : 내 엉덩짝 넘 부끄럽단 말얏\n2 : 미끄러지면 너무나 창피한 것... ^^\n1 : 키키 그래서 탈락이여 키키 요즘엔 그래서 산보 중\n2 : 산책은 박쥐의 최애 운동 아니겠냐",
        "lines": [
          {
            "id": 1,
            "text": "1 : 평생 할 수 있는 운동을 하나 찾아야 하는디",
            "norm_text": "평생 할 수 있는 운동을 하나 찾아야 하는디",
            "speaker": {
              "id": "1번",
              "sex": "여성",
              "age": "30대"
            },
            "speechAct": "(단언) 주장하기",
            "morpheme": "평생/NNG+할/XSV+ETM+수/NNB+있/VV+는/ETM+운동/NNG+을/JKO+하나/NR+찾/VV+아야/EC+하/VV+는디/EC"
          },
          {
            "id": 2,
            "text": "2 : 숨쉬기 운동 아니것냐 후아후아",
            "norm_text": "숨쉬기 운동 아니것냐 후아후아",
            "speaker": {
              "id": "2번",
              "sex": "여성",
              "age": "20대"
            },
            "speechAct": "(단언) 주장하기",
            "morpheme": "숨쉬기/NNG+운동/NNG+아니/VCN+것/EP+냐/EC+후아/NNG+후아/NNG"
          },
          {
            "id": 3,
            "text": "1 : 키키 요즘 숨쉬기만 해? 아니 체력이 딸려서 ㅠ",
            "norm_text": "키키 요즘 숨쉬기만 해? 아니 체력이 딸려서 ㅠ",
            "speaker": {
              "id": "1번",
              "sex": "여성",
              "age": "30대"
            },
            "speechAct": "(단언) 주장하기",
            "morpheme": "키/NNG+키/NNG+요즘/NNG+숨쉬기/NNG+만/JX+해/VV+EF+아니체력이딸려서ㅠ/UNKNOWN"
          },
          {
            "id": 4,
            "text": "2 : 운동 평생 하면 그건 운동선수제 일반인이 아니여~",
            "norm_text": "운동 평생 하면 그건 운동선수제 일반인이 아니여~",
            "speaker": {
              "id": "2번",
              "sex": "여성",
              "age": "20대"
            },
            "speechAct": "(단언) 주장하기",
            "morpheme": "운동/NNG+평생/NNG+하/XSV+면/EC+그건/NP+JX+운동/NNG+선수/NNG+제/XSN+일반인/NNG+이/JKC+아니/VCN+여/EC+~/SY"
          },
          {
            "id": 5,
            "text": "1 : 키키 취미로 하나 가져야겠다 싶더라구...",
            "norm_text": "키키 취미로 하나 가져야겠다 싶더라구...",
            "speaker": {
              "id": "1번",
              "sex": "여성",
              "age": "30대"
            },
            "speechAct": "(단언) 주장하기",
            "morpheme": "키/NNG+키/NNG+취미/NNG+로/JKB+하나/NR+가져야/VV+EC+VX+겠/EP+다/EC+싶/VX+더라구/EF+./SY"
          },
          {
            "id": 6,
            "text": "2 : 하긴 나도 운동은 하고 싶은데 ㅜㅜ 넘 귀찮",
            "norm_text": "하긴 나도 운동은 하고 싶은데 ㅜㅜ 넘 귀찮",
            "speaker": {
              "id": "2번",
              "sex": "여성",
              "age": "20대"
            },
            "speechAct": "(단언) 주장하기",
            "morpheme": "하긴/MAJ+나/NP+도/JX+운동/NNG+은/JX+하/VV+고/EC+싶/VX+은데/EC+ㅜㅜ/UNKNOWN+넘/MAG+귀찮/VA"
          },
          {
            "id": 7,
            "text": "1 : 마땅한 게 없어 난 요가 스타일은 영 아니더라고",
            "norm_text": "마땅한 게 없어 난 요가 스타일은 영 아니더라고",
            "speaker": {
              "id": "1번",
              "sex": "여성",
              "age": "30대"
            },
            "speechAct": "(단언) 주장하기",
            "morpheme": "마땅/XR+한/XSA+ETM+게/NNB+JKS+없/VA+어/EC+난요/NNP+가/JKS+스타일/NNG+은/JX+영아/NNG+니더/NNG+라고/VCP+EC"
          },
          {
            "id": 8,
            "text": "2 : 암벽등반은 어때?",
            "norm_text": "암벽등반은 어때?",
            "speaker": {
              "id": "2번",
              "sex": "여성",
              "age": "20대"
            },
            "speechAct": "(지시) 질문하기",
            "morpheme": "암벽등반/NNP+은/JX+어때/VA+EF"
          },
          {
            "id": 9,
            "text": "2 : 역동적으로 움직이는 거야",
            "norm_text": "역동적으로 움직이는 거야",
            "speaker": {
              "id": "2번",
              "sex": "여성",
              "age": "20대"
            },
            "speechAct": "(단언) 주장하기",
            "morpheme": "역동/NNG+적/XSN+으로/JKB+움직이/VV+는/ETM+거/NNB+야/VCP+EF"
          },
          {
            "id": 10,
            "text": "1 : 키키 그거 우리 동네에 있어서 구경 갔는데 ㅠ 사람들이  뒤에서 다 구경을 하더라고...",
            "norm_text": "키키 그거 우리 동네에 있어서 구경 갔는데 ㅠ 사람들이  뒤에서 다 구경을 하더라고...",
            "speaker": {
              "id": "1번",
              "sex": "여성",
              "age": "30대"
            },
            "speechAct": "(단언) 주장하기",
            "morpheme": "키/NNG+키/XSV+ETN+그거/NP+우리/NP+동네/NNG+에/JKB+있/VV+어서/EC+구경/NNG+갔/VV+EP+는데/EC+ㅠ/UNKNOWN+사람/NNG+들/XSN+이/JKS+뒤/NNG+에서/JKB+다/MAG+구경/NNG+을/JKO+하/VV+더라고/EF+./SY"
          },
          {
            "id": 11,
            "text": "2 : 아... 연예인 체험인가 인파 속에서 등반",
            "norm_text": "아... 연예인 체험인가 인파 속에서 등반",
            "speaker": {
              "id": "2번",
              "sex": "여성",
              "age": "20대"
            },
            "speechAct": "(단언) 주장하기",
            "morpheme": "아/IC+./SY+연예인/NNG+체험/NNG+인가/VCP+EC+인파/NNG+속/NNG+에서/JKB+등반/NNG"
          },
          {
            "id": 12,
            "text": "1 : 암벽 타는 사람은 하난데 구경꾼 열댓 명 키키 개부담",
            "norm_text": "암벽 타는 사람은 하난데 구경꾼 열댓 명 키키 개부담",
            "speaker": {
              "id": "1번",
              "sex": "여성",
              "age": "30대"
            },
            "speechAct": "(단언) 주장하기",
            "morpheme": "암벽/NNG+타/VV+는/ETM+사람/NNG+은/JX+하난데/NNG+VCP+EC+구경/NNG+꾼/XSN+열댓/NR+명/NNBC+키/NNG+키/XSV+ETN+개/NNBC+부담/NNG"
          },
          {
            "id": 13,
            "text": "2 : 키키 너무 부담스러워 잘해야 될 거 같애",
            "norm_text": "키키 너무 부담스러워 잘해야 될 거 같애",
            "speaker": {
              "id": "2번",
              "sex": "여성",
              "age": "20대"
            },
            "speechAct": "(단언) 주장하기",
            "morpheme": "키/NNG+키/NNG+너무/MAG+부담/NNG+스러워/XSA+EC+잘/MAG+해야/VV+EC+될/VV+ETM+거/NNB+같/VA+애/EC"
          },
          {
            "id": 14,
            "text": "1 : 내 엉덩짝 넘 부끄럽단 말얏",
            "norm_text": "내 엉덩짝 넘 부끄럽단 말얏",
            "speaker": {
              "id": "1번",
              "sex": "여성",
              "age": "30대"
            },
            "speechAct": "(단언) 주장하기",
            "morpheme": "내/NP+JKG+엉덩짝/NNG+넘/MAG+부끄럽/VA+단/EC+말/VX+얏/EC"
          },
          {
            "id": 15,
            "text": "2 : 미끄러지면 너무나 창피한 것... ^^",
            "norm_text": "미끄러지면 너무나 창피한 것... ^^",
            "speaker": {
              "id": "2번",
              "sex": "여성",
              "age": "20대"
            },
            "speechAct": "(단언) 주장하기",
            "morpheme": "미끄러지/VV+면/EC+너무나/MAG+창피/NNG+한/XSA+ETM+것/NNB+./SY+^/SY+^/SY"
          },
          {
            "id": 16,
            "text": "1 : 키키 그래서 탈락이여 키키 요즘엔 그래서 산보 중",
            "norm_text": "키키 그래서 탈락이여 키키 요즘엔 그래서 산보 중",
            "speaker": {
              "id": "1번",
              "sex": "여성",
              "age": "30대"
            },
            "speechAct": "(단언) 주장하기",
            "morpheme": "키/NNG+키/XSV+ETN+그래서/MAJ+탈락/NNG+이/VCP+여/EC+키/NNG+키/NNG+요즘/NNG+엔/JKB+JX+그래서/MAJ+산보/NNG+중/NNB"
          },
          {
            "id": 17,
            "text": "2 : 산책은 박쥐의 최애 운동 아니겠냐",
            "norm_text": "산책은 박쥐의 최애 운동 아니겠냐",
            "speaker": {
              "id": "2번",
              "sex": "여성",
              "age": "20대"
            },
            "speechAct": "(단언) 주장하기",
            "morpheme": "산책/NNG+은/JX+박쥐/NNG+의/JKG+최애/NNG+운동/NNG+아니/VCN+겠/EP+냐/EC"
          }
        ]
      }
    }
  ]
}