{
  "dataset": {
    "identifier": 50802,
    "name": "KAKAO_979_04_set",
    "src_path": "/data/file/cubeManager/PROJECT001/53/txt20211006134426028764/KAKAO_979_04_set/",
    "label_path": "/data/file/cubeManager/PROJECT001/53/txt20211006134426028764/KAKAO_979_04_set/",
    "category": 2,
    "type": 0
  },
  "licenses": {
    "name": "Apache License 1.0",
    "url": "http://www.apache.org/licenses/LICENSE-1.0"
  },
  "info": [
    {
      "id": 43044,
      "filename": "KAKAO_979_04.txt",
      "title": "KAKAO_979_04",
      "mediatype": "SNS",
      "medianame": "카카오톡",
      "category": "일상대화",
      "date": "2021-10-06",
      "size": 538,
      "annotations": {
        "subject": "회사/아르바이트",
        "speaker_type": "1:1",
        "size": 538,
        "word_size": 166,
        "text": "1 : 내 사촌동생도 취업 준비 시작했는데 맨날 서탈이래\n2 : 너네 사촌동생 공부 되게 잘한다고 안 했나?\n1 : 어 키키 SKY출신인데도 대기업은 요새 힘들다고 하더라\n2 : 헐... 걔 뭐 과탑에다가 총대도 하고 했다며\n1 : 그니까... 개천에서 용나기가 이렇게 어렵습니다 ㅠㅠ\n2 : 근데 뭐 때문에 자꾸 떨어지는 거래?\n1 : 면접까지 갔던 데는 사투리 쓴다고 못마땅해 하더래\n2 : 와 너무한 거 아님? 사투리 때문에 떨군다고?\n1 : 응응 근데 걔가 경영 쪽이라서 그쪽은 그런 게 심하대\n2 : 그럼 서탈은 왜임? 너네 동생 정도면 완전 프리패스일 줄 알았는데\n1 : 그러니까 ㅠㅠ 근데 뭐 유학 경험도 없고 딴 애들이랑 차이가 난대\n2 : 유학? 진짜 황당하네 키키\n2 : 유학 안 갔다 온 게 마이너스 요인임?\n1 : 응응 합격한 동생 친구들은 적어도 해외 연수는 다녀왔대\n2 : 야... 세상 진짜 각박해졌네 ㅠㅠ\n2 : 그럼 동생은 어쩔 거래?\n1 : 동생은 그래서 며칠 전에 스타트업 면접 보고 왔대\n2 : 거기는 잘 될 것 같대?\n2 : 스타트업에서는 감지덕지겠지 ㅠㅠ",
        "lines": [
          {
            "id": 1,
            "text": "1 : 내 사촌동생도 취업 준비 시작했는데 맨날 서탈이래",
            "norm_text": "내 사촌동생도 취업 준비 시작했는데 맨날 서탈이래",
            "speaker": {
              "id": "1번",
              "sex": "여성",
              "age": "20대"
            },
            "speechAct": "(단언) 진술하기",
            "morpheme": "내/NP+JKG+사촌/NNG+동생/NNG+도/JX+취업/NNG+준비/NNG+시작/NNG+했/XSV+EP+는데/EC+맨날/MAG+서/VV+EC+탈/XPN+이래/NNG"
          },
          {
            "id": 2,
            "text": "2 : 너네 사촌동생 공부 되게 잘한다고 안 했나?",
            "norm_text": "너네 사촌동생 공부 되게 잘한다고 안 했나?",
            "speaker": {
              "id": "2번",
              "sex": "여성",
              "age": "20대"
            },
            "speechAct": "(지시) 질문하기",
            "morpheme": "너/NP+네/XSN+사촌/NNG+동생/NNG+공부/NNG+되게/MAG+잘/MAG+한다고/VV+EC+안/MAG+했/VV+EP+나/EF"
          },
          {
            "id": 3,
            "text": "1 : 어 키키 SKY출신인데도 대기업은 요새 힘들다고 하더라",
            "norm_text": "어 키키 SKY출신인데도 대기업은 요새 힘들다고 하더라",
            "speaker": {
              "id": "1번",
              "sex": "여성",
              "age": "20대"
            },
            "speechAct": "(단언) 진술하기",
            "morpheme": "어/IC+키/NNG+키/XSV+ETN+SKY/SL+출신/NNG+인데/VCP+EC+도/JX+대/XPN+기업/NNG+은/JX+요새/MAG+힘들/VA+다고/EC+하/VV+더라/EC"
          },
          {
            "id": 4,
            "text": "2 : 헐... 걔 뭐 과탑에다가 총대도 하고 했다며",
            "norm_text": "헐... 걔 뭐 과탑에다가 총대도 하고 했다며",
            "speaker": {
              "id": "2번",
              "sex": "여성",
              "age": "20대"
            },
            "speechAct": "(단언) 진술하기",
            "morpheme": "헐/IC+./SY+걔/NP+뭐/IC+과/JC+탑/NNG+에다가/JKB+총대/NNG+도/JX+하/VV+고/EC+했/VX+EP+다며/EC"
          },
          {
            "id": 5,
            "text": "1 : 그니까... 개천에서 용나기가 이렇게 어렵습니다 ㅠㅠ",
            "norm_text": "그니까... 개천에서 용나기가 이렇게 어렵습니다 ㅠㅠ",
            "speaker": {
              "id": "1번",
              "sex": "여성",
              "age": "20대"
            },
            "speechAct": "(단언) 주장하기",
            "morpheme": "그니까/MAJ+./SY+개천/NNG+에/JKB+서용/NNG+나기/NNG+가/JKS+이렇게/MAG+어렵/VA+습니다/EF+ㅠㅠ/UNKNOWN"
          },
          {
            "id": 6,
            "text": "2 : 근데 뭐 때문에 자꾸 떨어지는 거래?",
            "norm_text": "근데 뭐 때문에 자꾸 떨어지는 거래?",
            "speaker": {
              "id": "2번",
              "sex": "여성",
              "age": "20대"
            },
            "speechAct": "(지시) 질문하기",
            "morpheme": "근데/MAJ+뭐/NP+때문/NNB+에/JKB+자꾸/MAG+떨어지/VV+는/ETM+거/NNB+래/VCP+EF"
          },
          {
            "id": 7,
            "text": "1 : 면접까지 갔던 데는 사투리 쓴다고 못마땅해 하더래",
            "norm_text": "면접까지 갔던 데는 사투리 쓴다고 못마땅해 하더래",
            "speaker": {
              "id": "1번",
              "sex": "여성",
              "age": "20대"
            },
            "speechAct": "(단언) 진술하기",
            "morpheme": "면접/NNG+까지/JX+갔/VV+EP+던/ETM+데/NNB+는/JX+사투리/NNG+쓴다고/VV+EC+못/MAG+마땅/XR+해/XSA+EC+하/VX+더래/EF"
          },
          {
            "id": 8,
            "text": "2 : 와 너무한 거 아님? 사투리 때문에 떨군다고?",
            "norm_text": "와 너무한 거 아님? 사투리 때문에 떨군다고?",
            "speaker": {
              "id": "2번",
              "sex": "여성",
              "age": "20대"
            },
            "speechAct": "(단언) 반박하기",
            "morpheme": "와/IC+너무/MAG+한/XSA+ETM+거/NNB+아님/VCN+ETN+사투리/NNG+때문/NNB+에/JKB+떨군/VV+ETM+다고/EF"
          },
          {
            "id": 9,
            "text": "1 : 응응 근데 걔가 경영 쪽이라서 그쪽은 그런 게 심하대",
            "norm_text": "응응 근데 걔가 경영 쪽이라서 그쪽은 그런 게 심하대",
            "speaker": {
              "id": "1번",
              "sex": "여성",
              "age": "20대"
            },
            "speechAct": "(단언) 진술하기",
            "morpheme": "응/IC+응/IC+근데/MAJ+걔/NP+가/JKS+경영/NNG+쪽/NNB+이/VCP+라서/EC+그쪽/NP+은/JX+그런/MM+게/NNB+JKS+심하/VA+대/EC"
          },
          {
            "id": 10,
            "text": "2 : 그럼 서탈은 왜임? 너네 동생 정도면 완전 프리패스일 줄 알았는데",
            "norm_text": "그럼 서탈은 왜임? 너네 동생 정도면 완전 프리패스일 줄 알았는데",
            "speaker": {
              "id": "2번",
              "sex": "여성",
              "age": "20대"
            },
            "speechAct": "(단언) 주장하기",
            "morpheme": "그럼서/MAJ+탈/NNG+은/JX+왜/MAG+임/VCP+ETN+너/NP+네/XSN+동생/NNG+정도/NNG+면/VCP+EC+완전/NNG+프리/NNG+패스/NNG+일/VCP+ETM+줄/NNB+알/VV+았/EP+는데/EC"
          },
          {
            "id": 11,
            "text": "1 : 그러니까 ㅠㅠ 근데 뭐 유학 경험도 없고 딴 애들이랑 차이가 난대",
            "norm_text": "그러니까 ㅠㅠ 근데 뭐 유학 경험도 없고 딴 애들이랑 차이가 난대",
            "speaker": {
              "id": "1번",
              "sex": "여성",
              "age": "20대"
            },
            "speechAct": "(단언) 진술하기",
            "morpheme": "그러니까/MAJ+ㅠㅠ/UNKNOWN+근데/MAJ+뭐/IC+유학/NNG+경험/NNG+도/JX+없/VA+고/EC+딴/MM+애/NNG+들/XSN+이랑/JKB+차이/NNG+가/JKS+난대/NNG"
          },
          {
            "id": 12,
            "text": "2 : 유학? 진짜 황당하네 키키",
            "norm_text": "유학? 진짜 황당하네 키키",
            "speaker": {
              "id": "2번",
              "sex": "여성",
              "age": "20대"
            },
            "speechAct": "(단언) 진술하기",
            "morpheme": "유학/NNG+진짜/MAG+황당/XR+하/XSA+네/EF+키/NNG+키/XSV+ETN"
          },
          {
            "id": 13,
            "text": "2 : 유학 안 갔다 온 게 마이너스 요인임?",
            "norm_text": "유학 안 갔다 온 게 마이너스 요인임?",
            "speaker": {
              "id": "2번",
              "sex": "여성",
              "age": "20대"
            },
            "speechAct": "(지시) 질문하기",
            "morpheme": "유학/NNG+안/MAG+갔다온/VV+ETM+게/NNB+JKS+마이너스/NNG+요인/NNG+임/VCP+ETN"
          },
          {
            "id": 14,
            "text": "1 : 응응 합격한 동생 친구들은 적어도 해외 연수는 다녀왔대",
            "norm_text": "응응 합격한 동생 친구들은 적어도 해외 연수는 다녀왔대",
            "speaker": {
              "id": "1번",
              "sex": "여성",
              "age": "20대"
            },
            "speechAct": "(단언) 진술하기",
            "morpheme": "응/IC+응/IC+합격/NNG+한/XSA+ETM+동생/NNG+친구/NNG+들/XSN+은/JX+적어도/MAG+해외/NNG+연수/NNG+는/JX+다녀왔/VV+EP+대/EC"
          },
          {
            "id": 15,
            "text": "2 : 야... 세상 진짜 각박해졌네 ㅠㅠ",
            "norm_text": "야... 세상 진짜 각박해졌네 ㅠㅠ",
            "speaker": {
              "id": "2번",
              "sex": "여성",
              "age": "20대"
            },
            "speechAct": "(단언) 진술하기",
            "morpheme": "야/IC+./SY+세상/NNG+진짜/MAG+각박/XR+해졌/XSA+EC+VX+EP+네/EF+ㅠㅠ/UNKNOWN"
          },
          {
            "id": 16,
            "text": "2 : 그럼 동생은 어쩔 거래?",
            "norm_text": "그럼 동생은 어쩔 거래?",
            "speaker": {
              "id": "2번",
              "sex": "여성",
              "age": "20대"
            },
            "speechAct": "(지시) 질문하기",
            "morpheme": "그럼/MAJ+동생/NNG+은/JX+어쩔/VV+ETM+거/NNB+래/VCP+EF"
          },
          {
            "id": 17,
            "text": "1 : 동생은 그래서 며칠 전에 스타트업 면접 보고 왔대",
            "norm_text": "동생은 그래서 며칠 전에 스타트업 면접 보고 왔대",
            "speaker": {
              "id": "1번",
              "sex": "여성",
              "age": "20대"
            },
            "speechAct": "(단언) 진술하기",
            "morpheme": "동생/NNG+은/JX+그래서/MAJ+며칠/NNG+전/NNG+에/JKB+스타트업/NNG+면접/NNG+보/VV+고/EC+왔/VX+EP+대/EC"
          },
          {
            "id": 18,
            "text": "2 : 거기는 잘 될 것 같대?",
            "norm_text": "거기는 잘 될 것 같대?",
            "speaker": {
              "id": "2번",
              "sex": "여성",
              "age": "20대"
            },
            "speechAct": "(지시) 질문하기",
            "morpheme": "거기/NP+는/JX+잘/MAG+될/VV+ETM+것/NNB+같/VA+대/EF"
          },
          {
            "id": 19,
            "text": "2 : 스타트업에서는 감지덕지겠지 ㅠㅠ",
            "norm_text": "스타트업에서는 감지덕지겠지 ㅠㅠ",
            "speaker": {
              "id": "2번",
              "sex": "여성",
              "age": "20대"
            },
            "speechAct": "(단언) 진술하기",
            "morpheme": "스타트업/NNG+에서/JKB+는/JX+감지덕지/MAG+겠/VCP+EP+지/EF+ㅠㅠ/UNKNOWN"
          }
        ]
      }
    }
  ]
}