{
  "dataset": {
    "identifier": 49586,
    "name": "KAKAO_955_02_set",
    "src_path": "/data/file/cubeManager/PROJECT001/53/txt20211005163623068513/KAKAO_955_02_set/",
    "label_path": "/data/file/cubeManager/PROJECT001/53/txt20211005163623068513/KAKAO_955_02_set/",
    "category": 2,
    "type": 0
  },
  "licenses": {
    "name": "Apache License 1.0",
    "url": "http://www.apache.org/licenses/LICENSE-1.0"
  },
  "info": [
    {
      "id": 42600,
      "filename": "KAKAO_955_02.txt",
      "title": "KAKAO_955_02",
      "mediatype": "SNS",
      "medianame": "카카오톡",
      "category": "일상대화",
      "date": "2021-10-05",
      "size": 471,
      "annotations": {
        "subject": "주거와 생활",
        "speaker_type": "1:1",
        "size": 471,
        "word_size": 155,
        "text": "1 : 옛날 아파트에는 집에서 쓰레기를 1층까지 버릴 수 있었대 키키\n2 : ? 어떻게 1층까지 버릴 수 있다는 거지?\n1 : 나도 작은아빠한테 들었는데 집 부엌에 미끄럼틀 같은 걸 설치 해놨었대 키키\n2 : 헐 그런 게 있었나 키키\n1 : 키키 응 그래서 거기 쓰레기 넣으면 밑에까지 내려간다더라\n2 : 편하긴 하겠는데 냄새 날 것 같다 키키\n1 : 근데 그것도 얼마 못 가서 다 막았다 카더라 키키\n2 : 키키 치우는 거 힘들 거 같다 아님?\n1 : 맞다 키키 쓰레기 버리는 사람만 있고 치우는 사람이 없어서 없앤 거래\n2 : 그래 만든 것도 신기하다 키키\n1 : 키키 실패한 아이디어일 듯\n2 : 키키 그거 보수 공사하는 돈 더 쓸 것 같다 키키\n1 : 키키 지금은 그런 아파트 없을껄\n2 : 요즘 아파트에는 음식물 쓰레기통 같은 거 다 설치 해 준다 하더라\n1 : 부엌에? 막 싱크대에 음식물 갈리는 것도 있다더랑\n2 : 어 키키 맞다 세상 많이 좋아졌다 아니가",
        "lines": [
          {
            "id": 1,
            "text": "1 : 옛날 아파트에는 집에서 쓰레기를 1층까지 버릴 수 있었대 키키",
            "norm_text": "옛날 아파트에는 집에서 쓰레기를 1층까지 버릴 수 있었대 키키",
            "speaker": {
              "id": "1번",
              "sex": "여성",
              "age": "20대"
            },
            "speechAct": "(단언) 진술하기",
            "morpheme": "옛날/NNG+아파트/NNG+에/JKB+는/JX+집/NNG+에서/JKB+쓰레기/NNG+를/JKO+1/SN+층/NNG+까지/JX+버릴/VV+ETM+수/NNB+있/VV+었/EP+대/XPN+키/NNG+키/XSV+ETN"
          },
          {
            "id": 2,
            "text": "2 : ? 어떻게 1층까지 버릴 수 있다는 거지?",
            "norm_text": "? 어떻게 1층까지 버릴 수 있다는 거지?",
            "speaker": {
              "id": "2번",
              "sex": "남성",
              "age": "30대"
            },
            "speechAct": "(지시) 질문하기",
            "morpheme": "?/SY+어떻/VA+게/EC+1/SN+층/NNG+까지/JX+버릴/VV+ETM+수/NNB+있/VV+다는/ETM+거/NNB+지/VCP+EF"
          },
          {
            "id": 3,
            "text": "1 : 나도 작은아빠한테 들었는데 집 부엌에 미끄럼틀 같은 걸 설치 해놨었대 키키",
            "norm_text": "나도 작은아빠한테 들었는데 집 부엌에 미끄럼틀 같은 걸 설치 해놨었대 키키",
            "speaker": {
              "id": "1번",
              "sex": "여성",
              "age": "20대"
            },
            "speechAct": "(단언) 진술하기",
            "morpheme": "나/NP+도/JX+작/VA+은/ETM+아빠/NNG+한테/JKB+들/VV+었/EP+는데/EC+집/NNG+부엌/NNG+에/JKB+미끄럼틀/NNG+같/VA+은/ETM+걸/NNB+JKO+설치/NNG+해/XSV+EC+놨었/VX+EP+대/XPN+키/NNG+키/XSV+ETN"
          },
          {
            "id": 4,
            "text": "2 : 헐 그런 게 있었나 키키",
            "norm_text": "헐 그런 게 있었나 키키",
            "speaker": {
              "id": "2번",
              "sex": "남성",
              "age": "30대"
            },
            "speechAct": "(단언) 주장하기",
            "morpheme": "헐/IC+그런/MM+게/NNB+JKS+있/VA+었/EP+나/EC+키/NNG+키/XSV+ETN"
          },
          {
            "id": 5,
            "text": "1 : 키키 응 그래서 거기 쓰레기 넣으면 밑에까지 내려간다더라",
            "norm_text": "키키 응 그래서 거기 쓰레기 넣으면 밑에까지 내려간다더라",
            "speaker": {
              "id": "1번",
              "sex": "여성",
              "age": "20대"
            },
            "speechAct": "(단언) 진술하기",
            "morpheme": "키/NNG+키/XSV+ETN+응/IC+그래서/MAJ+거기/NP+쓰레기/NNG+넣/VV+으면/EC+밑/NNG+에/JKB+까지/JX+내려/VV+EC+간다더라/VX+EC"
          },
          {
            "id": 6,
            "text": "2 : 편하긴 하겠는데 냄새 날 것 같다 키키",
            "norm_text": "편하긴 하겠는데 냄새 날 것 같다 키키",
            "speaker": {
              "id": "2번",
              "sex": "남성",
              "age": "30대"
            },
            "speechAct": "(단언) 주장하기",
            "morpheme": "편하/VA+긴/ETN+JX+하/VX+겠/EP+는데/EC+냄새/NNG+날/VV+ETM+것/NNB+같/VA+다키키/NNP"
          },
          {
            "id": 7,
            "text": "1 : 근데 그것도 얼마 못 가서 다 막았다 카더라 키키",
            "norm_text": "근데 그것도 얼마 못 가서 다 막았다 카더라 키키",
            "speaker": {
              "id": "1번",
              "sex": "여성",
              "age": "20대"
            },
            "speechAct": "(단언) 진술하기",
            "morpheme": "근데/MAJ+그것/NP+도/JX+얼마/NNG+못/MAG+가/VV+서/EC+다/MAG+막/VV+았/EP+다/EF+카더라/NNP+키/NNG+키/XSV+ETN"
          },
          {
            "id": 8,
            "text": "2 : 키키 치우는 거 힘들 거 같다 아님?",
            "norm_text": "키키 치우는 거 힘들 거 같다 아님?",
            "speaker": {
              "id": "2번",
              "sex": "남성",
              "age": "30대"
            },
            "speechAct": "(지시) 질문하기",
            "morpheme": "키/NNG+키/XSV+ETN+치우/VV+는/ETM+거/NNB+힘들/VA+ETM+거/NNB+같/VA+다/EC+아님/VCN+ETN"
          },
          {
            "id": 9,
            "text": "1 : 맞다 키키 쓰레기 버리는 사람만 있고 치우는 사람이 없어서 없앤 거래",
            "norm_text": "맞다 키키 쓰레기 버리는 사람만 있고 치우는 사람이 없어서 없앤 거래",
            "speaker": {
              "id": "1번",
              "sex": "여성",
              "age": "20대"
            },
            "speechAct": "(단언) 진술하기",
            "morpheme": "맞/XPN+다키키/NNP+쓰레기/NNG+버리/VV+는/ETM+사람/NNG+만/JX+있/VX+고/EC+치우/VV+는/ETM+사람/NNG+이/JKS+없/VA+어서/EC+없앤/VV+ETM+거래/NNG"
          },
          {
            "id": 10,
            "text": "2 : 그래 만든 것도 신기하다 키키",
            "norm_text": "그래 만든 것도 신기하다 키키",
            "speaker": {
              "id": "2번",
              "sex": "남성",
              "age": "30대"
            },
            "speechAct": "(단언) 주장하기",
            "morpheme": "그래/VA+EC+만든/VV+ETM+것/NNB+도/JX+신기/XR+하/XSA+다키키/NNP"
          },
          {
            "id": 11,
            "text": "1 : 키키 실패한 아이디어일 듯",
            "norm_text": "키키 실패한 아이디어일 듯",
            "speaker": {
              "id": "1번",
              "sex": "여성",
              "age": "20대"
            },
            "speechAct": "(단언) 주장하기",
            "morpheme": "키/NNG+키/NNG+실패/NNG+한/XSA+ETM+아이디어/NNG+일/VCP+ETM+듯/NNB"
          },
          {
            "id": 12,
            "text": "2 : 키키 그거 보수 공사하는 돈 더 쓸 것 같다 키키",
            "norm_text": "키키 그거 보수 공사하는 돈 더 쓸 것 같다 키키",
            "speaker": {
              "id": "2번",
              "sex": "남성",
              "age": "30대"
            },
            "speechAct": "(단언) 주장하기",
            "morpheme": "키/NNG+키/XSV+ETN+그거/NP+보수/NNG+공사/NNG+하/XSV+는/ETM+돈/NNG+더/MAG+쓸/VV+ETM+것/NNB+같/VA+다키키/NNP"
          },
          {
            "id": 13,
            "text": "1 : 키키 지금은 그런 아파트 없을껄",
            "norm_text": "키키 지금은 그런 아파트 없을껄",
            "speaker": {
              "id": "1번",
              "sex": "여성",
              "age": "20대"
            },
            "speechAct": "(단언) 주장하기",
            "morpheme": "키/NNG+키/NNG+지금/MAG+은/JX+그런/MM+아파트/NNG+없/VA+을껄/EF"
          },
          {
            "id": 14,
            "text": "2 : 요즘 아파트에는 음식물 쓰레기통 같은 거 다 설치 해 준다 하더라",
            "norm_text": "요즘 아파트에는 음식물 쓰레기통 같은 거 다 설치 해 준다 하더라",
            "speaker": {
              "id": "2번",
              "sex": "남성",
              "age": "30대"
            },
            "speechAct": "(단언) 진술하기",
            "morpheme": "요즘/NNG+아파트/NNG+에/JKB+는/JX+음식물/NNG+쓰레기통/NNG+같/VA+은/ETM+거/NNB+다/MAG+설치/NNG+해준다/XSV+EC+VX+EC+하/VV+더라/EC"
          },
          {
            "id": 15,
            "text": "1 : 부엌에? 막 싱크대에 음식물 갈리는 것도 있다더랑",
            "norm_text": "부엌에? 막 싱크대에 음식물 갈리는 것도 있다더랑",
            "speaker": {
              "id": "1번",
              "sex": "여성",
              "age": "20대"
            },
            "speechAct": "(단언) 진술하기",
            "morpheme": "부엌/NNG+에/JKB+막/MAJ+싱크대/NNG+에/JKB+음식물/NNG+갈리/VV+는/ETM+것/NNB+도/JX+있/VA+다/EC+더/MAG+랑/NNG"
          },
          {
            "id": 16,
            "text": "2 : 어 키키 맞다 세상 많이 좋아졌다 아니가",
            "norm_text": "어 키키 맞다 세상 많이 좋아졌다 아니가",
            "speaker": {
              "id": "2번",
              "sex": "남성",
              "age": "30대"
            },
            "speechAct": "(단언) 주장하기",
            "morpheme": "어/IC+키/NNG+키/XSV+ETN+맞/VV+다/EC+세상/NNG+많이/MAG+좋/VA+아/EC+졌/VX+EP+다/EF+아/IC+니/NP+가/JKS"
          }
        ]
      }
    }
  ]
}