{
  "dataset": {
    "identifier": 49446,
    "name": "KAKAO_954_03_set",
    "src_path": "/data/file/cubeManager/PROJECT001/53/txt20211005163648070177/KAKAO_954_03_set/",
    "label_path": "/data/file/cubeManager/PROJECT001/53/txt20211005163648070177/KAKAO_954_03_set/",
    "category": 2,
    "type": 0
  },
  "licenses": {
    "name": "Apache License 1.0",
    "url": "http://www.apache.org/licenses/LICENSE-1.0"
  },
  "info": [
    {
      "id": 42621,
      "filename": "KAKAO_954_03.txt",
      "title": "KAKAO_954_03",
      "mediatype": "SNS",
      "medianame": "카카오톡",
      "category": "일상대화",
      "date": "2021-10-05",
      "size": 481,
      "annotations": {
        "subject": "교통",
        "speaker_type": "1:1",
        "size": 481,
        "word_size": 162,
        "text": "1 : 자동차 종류 중에 제네시스 보니까 요샌 주차된 차도 밖에서 조종해서 빼내더랑 ㅋ\n2 : 어 폰으로도 연동시켜서 하더라\n2 : 나는 테슬라차 그렇게 하는 거 봤는데\n1 : 오 진짜? 키키 나도 얼마 전에 봤는데 진짜 신기했다\n2 : 내 차도 그런 차였으면 좋겠다\n2 : 빨리 차 바꾸고 싶다\n1 : 키키 차 바꾸면 니도 그런 걸로 바꿔랑\n2 : 그렇게 작동 안 돼도 되니까 차라도 바꾸고 싶다 ㅜ\n1 : 키키 지금은 소형차제? 산다면 중형차 살 꺼야?\n2 : 어 좀 큰 차 사고 싶다 ㅜ\n2 : 지금은 작아서 불편하네\n1 : 차는 언제쯤 바꾸려고?\n2 : 내년에 생각하고 있는데 잘 모르겠다\n1 : 차 한번 바꾸는 것도 엄청 신경 쓰이겠다 ㅠㅠ\n2 : 어 글치 신중하게 생각하고 사야지\n1 : 나는 그런 거 몰라서 호갱당할 듯\n2 : 잘 알아보고 가야지 ㅜㅜ\n2 : 나는 유튜브랑 다 공부하고 보러 간다\n1 : 아 진짜? 나도 나중에 다 공부해서 사야겠네 ㅠㅠ\n2 : 어 너도 알아보고 가",
        "lines": [
          {
            "id": 1,
            "text": "1 : 자동차 종류 중에 제네시스 보니까 요샌 주차된 차도 밖에서 조종해서 빼내더랑 ㅋ",
            "norm_text": "자동차 종류 중에 제네시스 보니까 요샌 주차된 차도 밖에서 조종해서 빼내더랑 ㅋ",
            "speaker": {
              "id": "1번",
              "sex": "여성",
              "age": "20대"
            },
            "speechAct": "(단언) 진술하기",
            "morpheme": "자동차/NNG+종류/NNG+중/NNB+에/JKB+제네시스/NNP+보/VV+니까/EC+요샌/MAG+JX+주차/NNG+된/XSV+ETM+차/NNG+도/JX+밖/NNG+에서/JKB+조종/NNG+해서/XSV+EC+빼내/VV+EC+더/MAG+랑ㅋ/UNKNOWN"
          },
          {
            "id": 2,
            "text": "2 : 어 폰으로도 연동시켜서 하더라",
            "norm_text": "어 폰으로도 연동시켜서 하더라",
            "speaker": {
              "id": "2번",
              "sex": "남성",
              "age": "30대"
            },
            "speechAct": "(단언) 진술하기",
            "morpheme": "어/IC+폰/NNG+으로/JKB+도/JX+연동/NNG+시켜서/XSV+EC+하/VV+더라/EC"
          },
          {
            "id": 3,
            "text": "2 : 나는 테슬라차 그렇게 하는 거 봤는데",
            "norm_text": "나는 테슬라차 그렇게 하는 거 봤는데",
            "speaker": {
              "id": "2번",
              "sex": "남성",
              "age": "30대"
            },
            "speechAct": "(단언) 진술하기",
            "morpheme": "나/NP+는/JX+테슬라/NNP+차/NNG+그렇게/MAG+하/VV+는/ETM+거/NNB+봤/VV+EP+는데/EC"
          },
          {
            "id": 4,
            "text": "1 : 오 진짜? 키키 나도 얼마 전에 봤는데 진짜 신기했다",
            "norm_text": "오 진짜? 키키 나도 얼마 전에 봤는데 진짜 신기했다",
            "speaker": {
              "id": "1번",
              "sex": "여성",
              "age": "20대"
            },
            "speechAct": "(단언) 주장하기",
            "morpheme": "오/IC+진짜/MAG+키/NNG+키나/XSA+ETN+JX+도/JX+얼마/NNG+전/NNG+에/JKB+봤/VV+EP+는데/EC+진짜/MAG+신기/XR+했/XSA+EP+다/EC"
          },
          {
            "id": 5,
            "text": "2 : 내 차도 그런 차였으면 좋겠다",
            "norm_text": "내 차도 그런 차였으면 좋겠다",
            "speaker": {
              "id": "2번",
              "sex": "남성",
              "age": "30대"
            },
            "speechAct": "(단언) 주장하기",
            "morpheme": "내/NP+JKG+차/NNG+도/JX+그런/MM+차/NNG+였/VCP+EP+으면/EC+좋/VA+겠/EP+다/EC"
          },
          {
            "id": 6,
            "text": "2 : 빨리 차 바꾸고 싶다",
            "norm_text": "빨리 차 바꾸고 싶다",
            "speaker": {
              "id": "2번",
              "sex": "남성",
              "age": "30대"
            },
            "speechAct": "(단언) 주장하기",
            "morpheme": "빨리/MAG+차/NNG+바꾸/VV+고/EC+싶/VX+다/EC"
          },
          {
            "id": 7,
            "text": "1 : 키키 차 바꾸면 니도 그런 걸로 바꿔랑",
            "norm_text": "키키 차 바꾸면 니도 그런 걸로 바꿔랑",
            "speaker": {
              "id": "1번",
              "sex": "여성",
              "age": "20대"
            },
            "speechAct": "(단언) 주장하기",
            "morpheme": "키/NNG+키/NNG+차/NNG+바꾸/VV+면/EC+니/NP+도/JX+그런/MM+걸로/NNB+JKB+바꿔/VV+EF+랑/JKB"
          },
          {
            "id": 8,
            "text": "2 : 그렇게 작동 안 돼도 되니까 차라도 바꾸고 싶다 ㅜ",
            "norm_text": "그렇게 작동 안 돼도 되니까 차라도 바꾸고 싶다 ㅜ",
            "speaker": {
              "id": "2번",
              "sex": "남성",
              "age": "30대"
            },
            "speechAct": "(단언) 주장하기",
            "morpheme": "그렇게/MAG+작동/NNG+안/MAG+돼도/VV+EC+되/VV+니까/EC+차/NNG+라도/VCP+EC+바꾸/VV+고/EC+싶/VX+다/EF+ㅜ/UNKNOWN"
          },
          {
            "id": 9,
            "text": "1 : 키키 지금은 소형차제? 산다면 중형차 살 꺼야?",
            "norm_text": "키키 지금은 소형차제? 산다면 중형차 살 꺼야?",
            "speaker": {
              "id": "1번",
              "sex": "여성",
              "age": "20대"
            },
            "speechAct": "(지시) 질문하기",
            "morpheme": "키/NNG+키/NNG+지금/MAG+은/JX+소형/NNG+차제/NNG+산다면/VV+EC+중형차/NNG+살/VV+ETM+꺼/NNB+VCP+야/EF"
          },
          {
            "id": 10,
            "text": "2 : 어 좀 큰 차 사고 싶다 ㅜ",
            "norm_text": "어 좀 큰 차 사고 싶다 ㅜ",
            "speaker": {
              "id": "2번",
              "sex": "남성",
              "age": "30대"
            },
            "speechAct": "(단언) 주장하기",
            "morpheme": "어/IC+좀/MAG+큰/VA+ETM+차사/NNG+고/VCP+EC+싶/VX+다/EF+ㅜ/UNKNOWN"
          },
          {
            "id": 11,
            "text": "2 : 지금은 작아서 불편하네",
            "norm_text": "지금은 작아서 불편하네",
            "speaker": {
              "id": "2번",
              "sex": "남성",
              "age": "30대"
            },
            "speechAct": "(단언) 주장하기",
            "morpheme": "지금/MAG+은/JX+작/VA+아서/EC+불편/NNG+하/XSV+네/EC"
          },
          {
            "id": 12,
            "text": "1 : 차는 언제쯤 바꾸려고?",
            "norm_text": "차는 언제쯤 바꾸려고?",
            "speaker": {
              "id": "1번",
              "sex": "여성",
              "age": "20대"
            },
            "speechAct": "(지시) 질문하기",
            "morpheme": "차/NNG+는/JX+언제/NP+쯤/XSN+바꾸/VV+려고/EF"
          },
          {
            "id": 13,
            "text": "2 : 내년에 생각하고 있는데 잘 모르겠다",
            "norm_text": "내년에 생각하고 있는데 잘 모르겠다",
            "speaker": {
              "id": "2번",
              "sex": "남성",
              "age": "30대"
            },
            "speechAct": "(단언) 주장하기",
            "morpheme": "내년/NNG+에/JKB+생각/NNG+하/XSV+고/EC+있/VX+는데/EC+잘/MAG+모르/VV+겠/EP+다/EC"
          },
          {
            "id": 14,
            "text": "1 : 차 한번 바꾸는 것도 엄청 신경 쓰이겠다 ㅠㅠ",
            "norm_text": "차 한번 바꾸는 것도 엄청 신경 쓰이겠다 ㅠㅠ",
            "speaker": {
              "id": "1번",
              "sex": "여성",
              "age": "20대"
            },
            "speechAct": "(단언) 주장하기",
            "morpheme": "차/NNG+한/MM+번/NNBC+바꾸/VV+는/ETM+것/NNB+도/JX+엄청/MAG+신경/NNG+쓰이/VV+겠/EP+다/EF+ㅠㅠ/UNKNOWN"
          },
          {
            "id": 15,
            "text": "2 : 어 글치 신중하게 생각하고 사야지",
            "norm_text": "어 글치 신중하게 생각하고 사야지",
            "speaker": {
              "id": "2번",
              "sex": "남성",
              "age": "30대"
            },
            "speechAct": "(단언) 주장하기",
            "morpheme": "어/IC+글/NNG+치/XSN+신중/NNG+하/XSV+게/EC+생각/NNG+하/XSV+고/EC+사/VV+야지/EC"
          },
          {
            "id": 16,
            "text": "1 : 나는 그런 거 몰라서 호갱당할 듯",
            "norm_text": "나는 그런 거 몰라서 호갱당할 듯",
            "speaker": {
              "id": "1번",
              "sex": "여성",
              "age": "20대"
            },
            "speechAct": "(단언) 주장하기",
            "morpheme": "나/NP+는/JX+그런/MM+거/NNB+몰라서/VV+EC+호/NNBC+갱/NNG+당할/XSV+ETM+듯/NNB"
          },
          {
            "id": 17,
            "text": "2 : 잘 알아보고 가야지 ㅜㅜ",
            "norm_text": "잘 알아보고 가야지 ㅜㅜ",
            "speaker": {
              "id": "2번",
              "sex": "남성",
              "age": "30대"
            },
            "speechAct": "(단언) 주장하기",
            "morpheme": "잘/MAG+알아보/VV+고/EC+가/VX+야지/EF+ㅜㅜ/UNKNOWN"
          },
          {
            "id": 18,
            "text": "2 : 나는 유튜브랑 다 공부하고 보러 간다",
            "norm_text": "나는 유튜브랑 다 공부하고 보러 간다",
            "speaker": {
              "id": "2번",
              "sex": "남성",
              "age": "30대"
            },
            "speechAct": "(단언) 주장하기",
            "morpheme": "나/NP+는/JX+유튜브/NNP+랑/JC+다/MAG+공부/NNG+하/XSV+고/EC+보/VX+러/EC+간다/VX+EC"
          },
          {
            "id": 19,
            "text": "1 : 아 진짜? 나도 나중에 다 공부해서 사야겠네 ㅠㅠ",
            "norm_text": "아 진짜? 나도 나중에 다 공부해서 사야겠네 ㅠㅠ",
            "speaker": {
              "id": "1번",
              "sex": "여성",
              "age": "20대"
            },
            "speechAct": "(단언) 주장하기",
            "morpheme": "아/IC+진짜/MAG+나/NP+도/JX+나중/NNG+에다/JKB+공부/NNG+해서/XSV+EC+사/VV+야/EC+VX+겠/EP+네/EF+ㅠㅠ/UNKNOWN"
          },
          {
            "id": 20,
            "text": "2 : 어 너도 알아보고 가",
            "norm_text": "어 너도 알아보고 가",
            "speaker": {
              "id": "2번",
              "sex": "남성",
              "age": "30대"
            },
            "speechAct": "(지시) 충고/제안하기",
            "morpheme": "어/IC+너/NP+도/JX+알아보/VV+고/EC+가/VX"
          }
        ]
      }
    }
  ]
}