{
  "dataset": {
    "identifier": 34830,
    "name": "KAKAO_934_08_set",
    "src_path": "/data/file/cubeManager/PROJECT001/53/txt20211005162207037499/KAKAO_934_08_set/",
    "label_path": "/data/file/cubeManager/PROJECT001/53/txt20211005162207037499/KAKAO_934_08_set/",
    "category": 2,
    "type": 0
  },
  "licenses": {
    "name": "Apache License 1.0",
    "url": "http://www.apache.org/licenses/LICENSE-1.0"
  },
  "info": [
    {
      "id": 42245,
      "filename": "KAKAO_934_08.txt",
      "title": "KAKAO_934_08",
      "mediatype": "SNS",
      "medianame": "카카오톡",
      "category": "일상대화",
      "date": "2021-10-05",
      "size": 461,
      "annotations": {
        "subject": "연애/결혼",
        "speaker_type": "1:1",
        "size": 461,
        "word_size": 157,
        "text": "1 : **이 연애 하고  그러면 마음이  어떨 것 같아 키키\n2 : 허얼... 도시락 싸고 따라다닐 듯\n1 : 넘 귀여울 듯 키키 완전 도치맘 키키\n2 : 우리 **이한테 무슨 수작을 부릴지 모름\n1 : 키키 개웃겨 키키 극성맘 사춘기에 백타 싸울 듯 ㅠ\n2 : 일단 카드를 쥐어 주면서 이걸로 데이트하라고 할래(추적 가능하게\n1 : 키키 넘 귀여웡 키키 같이  가자 해 계산해  준다고 키키\n2 : 세상 쿨한 엄마인 척 하지만 뒤에서 다 캐고 다닐 거임\n1 : 키키 이미 씨씨티비 맘이군 키키\n2 : 방목하는 척 하면서 다 지켜볼 거야\n1 : 키키 결혼 할 때 되면 우짤라고 ㅠ\n2 : 딸 키우기엔 세상이 넘 험하다규 ㅠㅠ\n1 : 마자 그렇긴 한데 ㅠㅠ 별 탈 없이  잘 클꺼얌\n2 : 우리 남편은 20살까지 등하교 시켜준단디야? 키키\n1 : 키키 완전 도치파파네 키키 왜 회사 댕길 때도 델다 줘야징\n2 : 너무 징그러워 적당히 해야 할 듯 키키",
        "lines": [
          {
            "id": 1,
            "text": "1 : **이 연애 하고  그러면 마음이  어떨 것 같아 키키",
            "norm_text": "**이 연애 하고  그러면 마음이  어떨 것 같아 키키",
            "speaker": {
              "id": "1번",
              "sex": "여성",
              "age": "30대"
            },
            "speechAct": "(지시) 질문하기",
            "morpheme": "*/SY+*/SY+이/JKS+연애/NNG+하/XSV+고/EC+그러/VV+면/EC+마음/NNG+이/JKS+어떨/VA+ETM+것/NNB+같/VA+아/EC+키/NNG+키/XSV+ETN"
          },
          {
            "id": 2,
            "text": "2 : 허얼... 도시락 싸고 따라다닐 듯",
            "norm_text": "허얼... 도시락 싸고 따라다닐 듯",
            "speaker": {
              "id": "2번",
              "sex": "여성",
              "age": "20대"
            },
            "speechAct": "(단언) 주장하기",
            "morpheme": "허/IC+얼/IC+./SY+도시락/NNG+싸/VA+고/EC+따라다닐/VV+ETM+듯/NNB"
          },
          {
            "id": 3,
            "text": "1 : 넘 귀여울 듯 키키 완전 도치맘 키키",
            "norm_text": "넘 귀여울 듯 키키 완전 도치맘 키키",
            "speaker": {
              "id": "1번",
              "sex": "여성",
              "age": "30대"
            },
            "speechAct": "(단언) 주장하기",
            "morpheme": "넘/MAG+귀여울/VA+ETM+듯/NNB+키/NNG+키/NNG+완전/NNG+도치/NNG+맘/NNG+키/NNG+키/XSV+ETN"
          },
          {
            "id": 4,
            "text": "2 : 우리 **이한테 무슨 수작을 부릴지 모름",
            "norm_text": "우리 **이한테 무슨 수작을 부릴지 모름",
            "speaker": {
              "id": "2번",
              "sex": "여성",
              "age": "20대"
            },
            "speechAct": "(단언) 주장하기",
            "morpheme": "우리/NP+*/SY+*/SY+이/NP+한테/JKB+무슨/MM+수작/NNG+을/JKO+부릴지/VV+EC+모름/VV+ETN"
          },
          {
            "id": 5,
            "text": "1 : 키키 개웃겨 키키 극성맘 사춘기에 백타 싸울 듯 ㅠ",
            "norm_text": "키키 개웃겨 키키 극성맘 사춘기에 백타 싸울 듯 ㅠ",
            "speaker": {
              "id": "1번",
              "sex": "여성",
              "age": "30대"
            },
            "speechAct": "(단언) 주장하기",
            "morpheme": "키/NNG+키/XSV+ETN+개/NNBC+웃겨/VV+EC+키/NNG+키/NNG+극성/NNG+맘/NNG+사춘기/NNG+에/JKB+백/NR+타/NNBC+싸울/VV+ETM+듯ㅠ/UNKNOWN"
          },
          {
            "id": 6,
            "text": "2 : 일단 카드를 쥐어 주면서 이걸로 데이트하라고 할래(추적 가능하게",
            "norm_text": "일단 카드를 쥐어 주면서 이걸로 데이트하라고 할래(추적 가능하게",
            "speaker": {
              "id": "2번",
              "sex": "여성",
              "age": "20대"
            },
            "speechAct": "(단언) 주장하기",
            "morpheme": "일단/MAG+카드/NNG+를/JKO+쥐/VV+어/EC+주/VX+면서/EC+이걸로/NP+JKB+데이트/NNG+하/XSV+라고/EC+할래/VV+EC+추적/NNG+가능/NNG+하/XSV+게/EC"
          },
          {
            "id": 7,
            "text": "1 : 키키 넘 귀여웡 키키 같이  가자 해 계산해  준다고 키키",
            "norm_text": "키키 넘 귀여웡 키키 같이  가자 해 계산해  준다고 키키",
            "speaker": {
              "id": "1번",
              "sex": "여성",
              "age": "30대"
            },
            "speechAct": "(지시) 충고/제안하기",
            "morpheme": "키/NNG+키/XSV+ETN+넘/MAG+귀여/NNP+웡/NNP+키/NNG+키/NNG+같이/JKB+가/VV+자/EC+해/VV+EC+계산/NNG+해/XSV+EC+준다고/VX+EC+키/NNG+키/XSV+ETN"
          },
          {
            "id": 8,
            "text": "2 : 세상 쿨한 엄마인 척 하지만 뒤에서 다 캐고 다닐 거임",
            "norm_text": "세상 쿨한 엄마인 척 하지만 뒤에서 다 캐고 다닐 거임",
            "speaker": {
              "id": "2번",
              "sex": "여성",
              "age": "20대"
            },
            "speechAct": "(단언) 주장하기",
            "morpheme": "세상/NNG+쿨/NNG+한/XSA+ETM+엄마/NNG+인척/NNG+하/XSV+지만/EC+뒤/NNG+에서/JKB+다/MAG+캐/VV+고/EC+다닐/VV+ETM+거/NNB+임/VCP+ETN"
          },
          {
            "id": 9,
            "text": "1 : 키키 이미 씨씨티비 맘이군 키키",
            "norm_text": "키키 이미 씨씨티비 맘이군 키키",
            "speaker": {
              "id": "1번",
              "sex": "여성",
              "age": "30대"
            },
            "speechAct": "(단언) 주장하기",
            "morpheme": "키/NNG+키/NNG+이미/MAG+씨씨/IC+티비/NNG+맘/NNG+이/JKS+군/NNG+키/NNG+키/XSV+ETN"
          },
          {
            "id": 10,
            "text": "2 : 방목하는 척 하면서 다 지켜볼 거야",
            "norm_text": "방목하는 척 하면서 다 지켜볼 거야",
            "speaker": {
              "id": "2번",
              "sex": "여성",
              "age": "20대"
            },
            "speechAct": "(단언) 주장하기",
            "morpheme": "방목/NNG+하/XSV+는/ETM+척하/VX+면서/EC+다/MAG+지켜볼/VV+ETM+거/NNB+야/VCP+EF"
          },
          {
            "id": 11,
            "text": "1 : 키키 결혼 할 때 되면 우짤라고 ㅠ",
            "norm_text": "키키 결혼 할 때 되면 우짤라고 ㅠ",
            "speaker": {
              "id": "1번",
              "sex": "여성",
              "age": "30대"
            },
            "speechAct": "(단언) 주장하기",
            "morpheme": "키/NNG+키/NNG+결혼/NNG+할/XSV+ETM+때/NNG+되/XSV+면/EC+우짤라고/VV+EC+ㅠ/UNKNOWN"
          },
          {
            "id": 12,
            "text": "2 : 딸 키우기엔 세상이 넘 험하다규 ㅠㅠ",
            "norm_text": "딸 키우기엔 세상이 넘 험하다규 ㅠㅠ",
            "speaker": {
              "id": "2번",
              "sex": "여성",
              "age": "20대"
            },
            "speechAct": "(단언) 주장하기",
            "morpheme": "딸/NNG+키우/VV+기/ETN+엔/JKB+JX+세상/NNG+이/JKS+넘/MAG+험하/VA+다/EC+규/NNG+ㅠㅠ/UNKNOWN"
          },
          {
            "id": 13,
            "text": "1 : 마자 그렇긴 한데 ㅠㅠ 별 탈 없이  잘 클꺼얌",
            "norm_text": "마자 그렇긴 한데 ㅠㅠ 별 탈 없이  잘 클꺼얌",
            "speaker": {
              "id": "1번",
              "sex": "여성",
              "age": "30대"
            },
            "speechAct": "(단언) 주장하기",
            "morpheme": "마자/NNG+그렇/VA+긴/ETN+JX+한데/VX+EC+ㅠㅠ/UNKNOWN+별탈없이/MAG+잘/MAG+클/VA+ETM+꺼얌/UNKNOWN"
          },
          {
            "id": 14,
            "text": "2 : 우리 남편은 20살까지 등하교 시켜준단디야? 키키",
            "norm_text": "우리 남편은 20살까지 등하교 시켜준단디야? 키키",
            "speaker": {
              "id": "2번",
              "sex": "여성",
              "age": "20대"
            },
            "speechAct": "(단언) 진술하기",
            "morpheme": "우리/NP+남편/NNG+은/JX+20/SN+살/NNBC+까지/JX+등/NNB+하교/NNG+시켜/XSV+EC+준/VX+ETM+단디/NNG+야/VCP+EF+키/NNG+키/XSV+ETN"
          },
          {
            "id": 15,
            "text": "1 : 키키 완전 도치파파네 키키 왜 회사 댕길 때도 델다 줘야징",
            "norm_text": "키키 완전 도치파파네 키키 왜 회사 댕길 때도 델다 줘야징",
            "speaker": {
              "id": "1번",
              "sex": "여성",
              "age": "30대"
            },
            "speechAct": "(단언) 주장하기",
            "morpheme": "키/NNG+키/NNG+완전/NNG+도치/NNG+파파/NNG+네/XSN+키/NNG+키/XSV+ETN+왜/MAG+회사/NNG+댕길/VV+ETM+때/NNG+도/JX+델/VV+다/EC+줘야/VX+EC+징/NNG"
          },
          {
            "id": 16,
            "text": "2 : 너무 징그러워 적당히 해야 할 듯 키키",
            "norm_text": "너무 징그러워 적당히 해야 할 듯 키키",
            "speaker": {
              "id": "2번",
              "sex": "여성",
              "age": "20대"
            },
            "speechAct": "(단언) 주장하기",
            "morpheme": "너무/MAG+징그러워/VA+EC+적당히/MAG+해야/VV+EC+할/VX+ETM+듯/NNB+키/NNG+키/XSV+ETN"
          }
        ]
      }
    }
  ]
}