{
  "dataset": {
    "identifier": 50837,
    "name": "KAKAO_979_08_set",
    "src_path": "/data/file/cubeManager/PROJECT001/53/txt20211006134426031831/KAKAO_979_08_set/",
    "label_path": "/data/file/cubeManager/PROJECT001/53/txt20211006134426031831/KAKAO_979_08_set/",
    "category": 2,
    "type": 0
  },
  "licenses": {
    "name": "Apache License 1.0",
    "url": "http://www.apache.org/licenses/LICENSE-1.0"
  },
  "info": [
    {
      "id": 43048,
      "filename": "KAKAO_979_08.txt",
      "title": "KAKAO_979_08",
      "mediatype": "SNS",
      "medianame": "카카오톡",
      "category": "일상대화",
      "date": "2021-10-06",
      "size": 461,
      "annotations": {
        "subject": "연애/결혼",
        "speaker_type": "1:1",
        "size": 461,
        "word_size": 157,
        "text": "1 : 야 니 그거 봄? 연애의 참견 키키\n2 : 와 그거 진짜 너무 막장이라서 기빨리던데 ㅠㅠ\n1 : 진짜 별의 별 사연이 다 있더라 다들 그렇게 연애하나 봐\n2 : 그래 키키 너도 연애 좀 하라니까\n1 : 나도 요즘엔 좀 결혼생각도 들더라 키키\n2 : 그래 너도 이제 사람 만날 생각 좀 해\n1 : 아니 말만 하지 말고 니가 소개 좀 시켜주던가\n2 : 대박 키키 너 소개시켜주면 만나긴 할 거야?\n1 : 당연하지 키키 나 이제는 피하지 않는다구!\n2 : 와 웬일이지 키키 사람 됐네?\n2 : 나이는 몇 살까지 가능?\n1 : 나 내 나이에 플러스 마이너스 5살까지 가능\n2 : 오 ~ 연하도 괜찮아? 완전 의외네 키키\n1 : 야 나처럼 꼰대 싫어하는 사람한테는 연하가 딱이야\n2 : 그렇기도 하겠다 키키\n2 : 그럼 연하로 소개해줘?\n1 : 니는 말만 하면 다 나오냐 키키\n1 : 그럼 연하에 잘생긴 사람!\n2 : 키키 야 알았어 내 후배 중에 하나 있어",
        "lines": [
          {
            "id": 1,
            "text": "1 : 야 니 그거 봄? 연애의 참견 키키",
            "norm_text": "야 니 그거 봄? 연애의 참견 키키",
            "speaker": {
              "id": "1번",
              "sex": "여성",
              "age": "20대"
            },
            "speechAct": "(지시) 질문하기",
            "morpheme": "야/IC+니/NP+그거/NP+봄/NNG+?/SY+연애/NNG+의/JKG+참견/NNG+키/NNG+키/XSV+ETN"
          },
          {
            "id": 2,
            "text": "2 : 와 그거 진짜 너무 막장이라서 기빨리던데 ㅠㅠ",
            "norm_text": "와 그거 진짜 너무 막장이라서 기빨리던데 ㅠㅠ",
            "speaker": {
              "id": "2번",
              "sex": "여성",
              "age": "20대"
            },
            "speechAct": "(단언) 진술하기",
            "morpheme": "와/IC+그거/NP+진짜/MAG+너무/MAG+막장/NNG+이/VCP+라/EC+서기/NNG+빨리/MAG+던데/VV+EC+ㅠㅠ/UNKNOWN"
          },
          {
            "id": 3,
            "text": "1 : 진짜 별의 별 사연이 다 있더라 다들 그렇게 연애하나 봐",
            "norm_text": "진짜 별의 별 사연이 다 있더라 다들 그렇게 연애하나 봐",
            "speaker": {
              "id": "1번",
              "sex": "여성",
              "age": "20대"
            },
            "speechAct": "(단언) 진술하기",
            "morpheme": "진짜/MAG+별의별/MM+사연/NNG+이/VCP+다/EC+있/VX+더/MAG+라다/NNG+들/XSN+그렇게/MAG+연애/NNG+하/XSV+나/EC+봐/VX+EC"
          },
          {
            "id": 4,
            "text": "2 : 그래 키키 너도 연애 좀 하라니까",
            "norm_text": "그래 키키 너도 연애 좀 하라니까",
            "speaker": {
              "id": "2번",
              "sex": "여성",
              "age": "20대"
            },
            "speechAct": "(지시) 충고/제안하기",
            "morpheme": "그래/IC+키/NNG+키/XSV+ETN+너/NP+도/JX+연애/NNG+좀/MAG+하/VV+라니까/EC"
          },
          {
            "id": 5,
            "text": "1 : 나도 요즘엔 좀 결혼생각도 들더라 키키",
            "norm_text": "나도 요즘엔 좀 결혼생각도 들더라 키키",
            "speaker": {
              "id": "1번",
              "sex": "여성",
              "age": "20대"
            },
            "speechAct": "(단언) 진술하기",
            "morpheme": "나/NP+도/JX+요즘/NNG+엔/JKB+JX+좀/MAG+결혼/NNG+생각/NNG+도/JX+들/VV+더라/EC+키/NNG+키/XSV+ETN"
          },
          {
            "id": 6,
            "text": "2 : 그래 너도 이제 사람 만날 생각 좀 해",
            "norm_text": "그래 너도 이제 사람 만날 생각 좀 해",
            "speaker": {
              "id": "2번",
              "sex": "여성",
              "age": "20대"
            },
            "speechAct": "(지시) 충고/제안하기",
            "morpheme": "그래/IC+너/NP+도/JX+이제/MAG+사람/NNG+만날/VV+ETM+생각/NNG+좀/MAG+해/VV+EC"
          },
          {
            "id": 7,
            "text": "1 : 아니 말만 하지 말고 니가 소개 좀 시켜주던가",
            "norm_text": "아니 말만 하지 말고 니가 소개 좀 시켜주던가",
            "speaker": {
              "id": "1번",
              "sex": "여성",
              "age": "20대"
            },
            "speechAct": "(단언) 진술하기",
            "morpheme": "아니/IC+말/NNG+만/JX+하/VV+지/EC+말/VX+고/EC+니/NP+가/JKS+소개/NNG+좀/MAG+시켜/VV+EC+주/VX+던가/EC"
          },
          {
            "id": 8,
            "text": "2 : 대박 키키 너 소개시켜주면 만나긴 할 거야?",
            "norm_text": "대박 키키 너 소개시켜주면 만나긴 할 거야?",
            "speaker": {
              "id": "2번",
              "sex": "여성",
              "age": "20대"
            },
            "speechAct": "(지시) 질문하기",
            "morpheme": "대박/NNG+키/NNG+키너/NNP+소개/NNG+시켜/XSV+EC+주/VX+면/EC+만나/VV+긴/ETN+JX+할/VX+ETM+거/NNB+야/VCP+EF"
          },
          {
            "id": 9,
            "text": "1 : 당연하지 키키 나 이제는 피하지 않는다구!",
            "norm_text": "당연하지 키키 나 이제는 피하지 않는다구!",
            "speaker": {
              "id": "1번",
              "sex": "여성",
              "age": "20대"
            },
            "speechAct": "(단언) 진술하기",
            "morpheme": "당연/XR+하/XSA+지/EC+키/NNG+키나/XSA+ETN+JX+이제/NNG+는/JX+피하/VV+지/EC+않/VX+는다구/EF"
          },
          {
            "id": 10,
            "text": "2 : 와 웬일이지 키키 사람 됐네?",
            "norm_text": "와 웬일이지 키키 사람 됐네?",
            "speaker": {
              "id": "2번",
              "sex": "여성",
              "age": "20대"
            },
            "speechAct": "(지시) 질문하기",
            "morpheme": "와/IC+웬일/NNG+이/VCP+지/EC+키/NNG+키/NNG+사람/NNG+됐/XSV+EP+네/EF"
          },
          {
            "id": 11,
            "text": "2 : 나이는 몇 살까지 가능?",
            "norm_text": "나이는 몇 살까지 가능?",
            "speaker": {
              "id": "2번",
              "sex": "여성",
              "age": "20대"
            },
            "speechAct": "(지시) 질문하기",
            "morpheme": "나이/NNG+는/JX+몇/MM+살/NNBC+까지/JX+가능/NNG"
          },
          {
            "id": 12,
            "text": "1 : 나 내 나이에 플러스 마이너스 5살까지 가능",
            "norm_text": "나 내 나이에 플러스 마이너스 5살까지 가능",
            "speaker": {
              "id": "1번",
              "sex": "여성",
              "age": "20대"
            },
            "speechAct": "(단언) 진술하기",
            "morpheme": "나/NP+내/NP+JKG+나이/NNG+에/JKB+플러스마이너스/NNG+5/SN+살/NNBC+까지/JX+가능/NNG"
          },
          {
            "id": 13,
            "text": "2 : 오 ~ 연하도 괜찮아? 완전 의외네 키키",
            "norm_text": "오 ~ 연하도 괜찮아? 완전 의외네 키키",
            "speaker": {
              "id": "2번",
              "sex": "여성",
              "age": "20대"
            },
            "speechAct": "(단언) 진술하기",
            "morpheme": "오/NR+~/SY+연하/NNG+도/JX+괜찮/VA+아/EF+완전/MAG+의외/NNG+네/XSN+키/NNG+키/XSV+ETN"
          },
          {
            "id": 14,
            "text": "1 : 야 나처럼 꼰대 싫어하는 사람한테는 연하가 딱이야",
            "norm_text": "야 나처럼 꼰대 싫어하는 사람한테는 연하가 딱이야",
            "speaker": {
              "id": "1번",
              "sex": "여성",
              "age": "20대"
            },
            "speechAct": "(단언) 주장하기",
            "morpheme": "야/IC+나/NP+처럼/JKB+꼰대/NNG+싫/VA+어/EC+하/VV+는/ETM+사람/NNG+한테/JKB+는/JX+연하/NNG+가/JKS+딱/MAG+이/VCP+야/EC"
          },
          {
            "id": 15,
            "text": "2 : 그렇기도 하겠다 키키",
            "norm_text": "그렇기도 하겠다 키키",
            "speaker": {
              "id": "2번",
              "sex": "여성",
              "age": "20대"
            },
            "speechAct": "(단언) 진술하기",
            "morpheme": "그렇/VA+기/ETN+도/JX+하/VV+겠/EP+다키키/NNP"
          },
          {
            "id": 16,
            "text": "2 : 그럼 연하로 소개해줘?",
            "norm_text": "그럼 연하로 소개해줘?",
            "speaker": {
              "id": "2번",
              "sex": "여성",
              "age": "20대"
            },
            "speechAct": "(지시) 질문하기",
            "morpheme": "그럼/MAJ+연하/NNG+로/JKB+소개/NNG+해/XSV+EC+줘/VX+EF"
          },
          {
            "id": 17,
            "text": "1 : 니는 말만 하면 다 나오냐 키키",
            "norm_text": "니는 말만 하면 다 나오냐 키키",
            "speaker": {
              "id": "1번",
              "sex": "여성",
              "age": "20대"
            },
            "speechAct": "(지시) 질문하기",
            "morpheme": "니/NP+는/JX+말/NNG+만/JX+하/VV+면/EC+다/MAG+나오/VV+냐/EC+키/NNG+키/XSV+ETN"
          },
          {
            "id": 18,
            "text": "1 : 그럼 연하에 잘생긴 사람!",
            "norm_text": "그럼 연하에 잘생긴 사람!",
            "speaker": {
              "id": "1번",
              "sex": "여성",
              "age": "20대"
            },
            "speechAct": "(단언) 진술하기",
            "morpheme": "그럼/MAJ+연하/NNG+에/JKB+잘생긴/VA+ETM+사람/NNG"
          },
          {
            "id": 19,
            "text": "2 : 키키 야 알았어 내 후배 중에 하나 있어",
            "norm_text": "키키 야 알았어 내 후배 중에 하나 있어",
            "speaker": {
              "id": "2번",
              "sex": "여성",
              "age": "20대"
            },
            "speechAct": "(단언) 진술하기",
            "morpheme": "키/NNG+키/VV+야/EC+알/VV+았/EP+어/EF+내/NP+JKG+후배/NNG+중/NNB+에/JKB+하/VV+나/EC+있/VX+어/EC"
          }
        ]
      }
    }
  ]
}