{
  "dataset": {
    "identifier": 68225,
    "name": "KAKAO_961_13_set",
    "src_path": "/data/file/cubeManager/PROJECT001/53/txt202110051631560004101/KAKAO_961_13_set/",
    "label_path": "/data/file/cubeManager/PROJECT001/53/txt202110051631560004101/KAKAO_961_13_set/",
    "category": 2,
    "type": 0
  },
  "licenses": {
    "name": "Apache License 1.0",
    "url": "http://www.apache.org/licenses/LICENSE-1.0"
  },
  "info": [
    {
      "id": 42491,
      "filename": "KAKAO_961_13.txt",
      "title": "KAKAO_961_13",
      "mediatype": "SNS",
      "medianame": "카카오톡",
      "category": "일상대화",
      "date": "2021-10-05",
      "size": 443,
      "annotations": {
        "subject": "계절/날씨",
        "speaker_type": "1:1",
        "size": 443,
        "word_size": 142,
        "text": "1 : 가을 장마라더니 이제 끝난 건가\n2 : 글쎄. 그래도 큰 태풍 지나갔으니 좀 괜찮았으면 좋겠다.\n1 : 그러게 ㅠㅠ 나 비 오는 거 너무 싫어 ㅠㅠ\n2 : 그치. 비 오면 너무 꿉꿉하고. 나가기 싫지\n1 : 비 오는 거 좋아하는 사람도 있던데\n2 : 근데 집에 있으면 나는 좋아.\n1 : 난 집에 있어도 싫어 ㅠㅠ 뭔가 쓸쓸 키키\n2 : 그 차분한 분위기랑, 어둑어둑한 느낌 좋아해\n1 : 오 그렇구나! 빗소리 듣는 거도?\n2 : 응 백색소음처럼 뭔가 차분해지고 좋아\n1 : 나는 맑고 바람은 좀 부는 날씨가 최고\n2 : 역시 아외파라서 키키 어디 많이 다니기 좋은 날씨 좋아하지?\n1 : 웅 키키 가을이라서 피크닉 가고 싶당 키키\n2 : 응. 피크닉 좋지... 가까운 곳이라도 요즘 시민공원에도 사람 많아\n1 : 아 부산시민공원 키키 가을이라 사람 더 많겠다\n2 : 응 피크닉 도시락 싸서 다들 재밌게 놀더라고",
        "lines": [
          {
            "id": 1,
            "text": "1 : 가을 장마라더니 이제 끝난 건가",
            "norm_text": "가을 장마라더니 이제 끝난 건가",
            "speaker": {
              "id": "1번",
              "sex": "여성",
              "age": "30대"
            },
            "speechAct": "(지시) 질문하기",
            "morpheme": "가을/NNG+장마/VV+라더니/EC+이제/MAG+끝난/VV+ETM+건가/NNB+VCP+EC"
          },
          {
            "id": 2,
            "text": "2 : 글쎄. 그래도 큰 태풍 지나갔으니 좀 괜찮았으면 좋겠다.",
            "norm_text": "글쎄. 그래도 큰 태풍 지나갔으니 좀 괜찮았으면 좋겠다.",
            "speaker": {
              "id": "2번",
              "sex": "여성",
              "age": "30대"
            },
            "speechAct": "(단언) 주장하기",
            "morpheme": "글쎄/IC+그래도/MAJ+큰/VA+ETM+태풍/NNG+지나/VV+갔으니/EC+VV+EP+EC+좀/MAG+괜찮/VA+았/EP+으면/EC+좋/VA+겠/EP+다/EF"
          },
          {
            "id": 3,
            "text": "1 : 그러게 ㅠㅠ 나 비 오는 거 너무 싫어 ㅠㅠ",
            "norm_text": "그러게 ㅠㅠ 나 비 오는 거 너무 싫어 ㅠㅠ",
            "speaker": {
              "id": "1번",
              "sex": "여성",
              "age": "30대"
            },
            "speechAct": "(단언) 주장하기",
            "morpheme": "그러/VV+게/EC+ㅠㅠ/UNKNOWN+나비/NNG+오/VV+는/ETM+거/NNB+너무/MAG+싫/VA+어/EC+ㅠㅠ/UNKNOWN"
          },
          {
            "id": 4,
            "text": "2 : 그치. 비 오면 너무 꿉꿉하고. 나가기 싫지",
            "norm_text": "그치. 비 오면 너무 꿉꿉하고. 나가기 싫지",
            "speaker": {
              "id": "2번",
              "sex": "여성",
              "age": "30대"
            },
            "speechAct": "(단언) 주장하기",
            "morpheme": "그치/IC+비오/VV+면/EC+너무/MAG+꿉꿉/XR+하/XSA+고/EC+나가/VV+기/ETN+싫/VA+지/EC"
          },
          {
            "id": 5,
            "text": "1 : 비 오는 거 좋아하는 사람도 있던데",
            "norm_text": "비 오는 거 좋아하는 사람도 있던데",
            "speaker": {
              "id": "1번",
              "sex": "여성",
              "age": "30대"
            },
            "speechAct": "(단언) 진술하기",
            "morpheme": "비오/VV+는/ETM+거/NNB+좋/VA+아/EC+하/VV+는/ETM+사람/NNG+도/JX+있/VA+던데/EC"
          },
          {
            "id": 6,
            "text": "2 : 근데 집에 있으면 나는 좋아.",
            "norm_text": "근데 집에 있으면 나는 좋아.",
            "speaker": {
              "id": "2번",
              "sex": "여성",
              "age": "30대"
            },
            "speechAct": "(단언) 주장하기",
            "morpheme": "근데/MAJ+집/NNG+에/JKB+있/VV+으면/EC+나/NP+는/JX+좋/VA+아/EF"
          },
          {
            "id": 7,
            "text": "1 : 난 집에 있어도 싫어 ㅠㅠ 뭔가 쓸쓸 키키",
            "norm_text": "난 집에 있어도 싫어 ㅠㅠ 뭔가 쓸쓸 키키",
            "speaker": {
              "id": "1번",
              "sex": "여성",
              "age": "30대"
            },
            "speechAct": "(단언) 주장하기",
            "morpheme": "난/NP+JX+집/NNG+에/JKB+있/VV+어도/EC+싫/VA+어/EC+ㅠㅠ/UNKNOWN+뭔가/NP+VCP+EC+쓸쓸/MAG+키/NNG+키/XSV+ETN"
          },
          {
            "id": 8,
            "text": "2 : 그 차분한 분위기랑, 어둑어둑한 느낌 좋아해",
            "norm_text": "그 차분한 분위기랑, 어둑어둑한 느낌 좋아해",
            "speaker": {
              "id": "2번",
              "sex": "여성",
              "age": "30대"
            },
            "speechAct": "(단언) 주장하기",
            "morpheme": "그/MM+차분/XR+한/XSA+ETM+분위기/NNG+랑/JC+,/SC+어둑어둑/XR+한/XSA+ETM+느낌/NNG+좋/VA+아/EC+해/VV+EC"
          },
          {
            "id": 9,
            "text": "1 : 오 그렇구나! 빗소리 듣는 거도?",
            "norm_text": "오 그렇구나! 빗소리 듣는 거도?",
            "speaker": {
              "id": "1번",
              "sex": "여성",
              "age": "30대"
            },
            "speechAct": "(지시) 부탁하기",
            "morpheme": "오/NR+그렇/VA+구나/EF+빗소리/NNG+듣/VV+는/ETM+거/NNB+도/JX"
          },
          {
            "id": 10,
            "text": "2 : 응 백색소음처럼 뭔가 차분해지고 좋아",
            "norm_text": "응 백색소음처럼 뭔가 차분해지고 좋아",
            "speaker": {
              "id": "2번",
              "sex": "여성",
              "age": "30대"
            },
            "speechAct": "(단언) 주장하기",
            "morpheme": "응/IC+백색/NNG+소음/NNG+처럼/JKB+뭔가/NP+VCP+EC+차분/XR+해/XSA+EC+지/VX+고/EC+좋/VA+아/EC"
          },
          {
            "id": 11,
            "text": "1 : 나는 맑고 바람은 좀 부는 날씨가 최고",
            "norm_text": "나는 맑고 바람은 좀 부는 날씨가 최고",
            "speaker": {
              "id": "1번",
              "sex": "여성",
              "age": "30대"
            },
            "speechAct": "(단언) 진술하기",
            "morpheme": "나/NP+는/JX+맑/VA+고/EC+바람/NNG+은/JX+좀/MAG+부/NNG+는/JX+날씨/NNG+가/JKS+최고/NNG"
          },
          {
            "id": 12,
            "text": "2 : 역시 아외파라서 키키 어디 많이 다니기 좋은 날씨 좋아하지?",
            "norm_text": "역시 아외파라서 키키 어디 많이 다니기 좋은 날씨 좋아하지?",
            "speaker": {
              "id": "2번",
              "sex": "여성",
              "age": "30대"
            },
            "speechAct": "(지시) 질문하기",
            "morpheme": "역시/MAJ+아/IC+외파/NNG+라서/VCP+EC+키/NNG+키/XSV+ETN+어디/NP+많이/MAG+다니/VV+기/ETN+좋/VA+은/ETM+날씨/NNG+좋/VA+아/EC+하/VX+지/EF"
          },
          {
            "id": 13,
            "text": "1 : 웅 키키 가을이라서 피크닉 가고 싶당 키키",
            "norm_text": "웅 키키 가을이라서 피크닉 가고 싶당 키키",
            "speaker": {
              "id": "1번",
              "sex": "여성",
              "age": "30대"
            },
            "speechAct": "(단언) 주장하기",
            "morpheme": "웅/IC+키/NNG+키/NNG+가을/NNG+이/VCP+라서/EC+피크닉/NNP+가/VV+고/EC+싶/VX+당/EF+키/NNG+키/XSV+ETN"
          },
          {
            "id": 14,
            "text": "2 : 응. 피크닉 좋지... 가까운 곳이라도 요즘 시민공원에도 사람 많아",
            "norm_text": "응. 피크닉 좋지... 가까운 곳이라도 요즘 시민공원에도 사람 많아",
            "speaker": {
              "id": "2번",
              "sex": "여성",
              "age": "30대"
            },
            "speechAct": "(단언) 진술하기",
            "morpheme": "응/IC+피크닉/NNP+좋/VA+지/EF+./SY+가까운/VA+ETM+곳/NNG+이/VCP+라도/EC+요즘/NNG+시민/NNG+공원/NNG+에/JKB+도/JX+사람/NNG+많/VA+아/EC"
          },
          {
            "id": 15,
            "text": "1 : 아 부산시민공원 키키 가을이라 사람 더 많겠다",
            "norm_text": "아 부산시민공원 키키 가을이라 사람 더 많겠다",
            "speaker": {
              "id": "1번",
              "sex": "여성",
              "age": "30대"
            },
            "speechAct": "(단언) 진술하기",
            "morpheme": "아/IC+부산/NNP+시민/NNG+공원/NNG+키/NNG+키/NNG+가을/NNG+이/VCP+라/EC+사람/NNG+더/MAG+많/VA+겠/EP+다/EC"
          },
          {
            "id": 16,
            "text": "2 : 응 피크닉 도시락 싸서 다들 재밌게 놀더라고",
            "norm_text": "응 피크닉 도시락 싸서 다들 재밌게 놀더라고",
            "speaker": {
              "id": "2번",
              "sex": "여성",
              "age": "30대"
            },
            "speechAct": "(단언) 진술하기",
            "morpheme": "응/IC+피크닉/NNP+도시락/NNG+싸/VV+EC+서다/NNG+들/XSN+재밌/VA+게/EC+놀/VV+더라고/EC"
          }
        ]
      }
    }
  ]
}