{
  "dataset": {
    "identifier": 49897,
    "name": "KAKAO_975_11_set",
    "src_path": "/data/file/cubeManager/PROJECT001/53/txt20211006134517086152/KAKAO_975_11_set/",
    "label_path": "/data/file/cubeManager/PROJECT001/53/txt20211006134517086152/KAKAO_975_11_set/",
    "category": 2,
    "type": 0
  },
  "licenses": {
    "name": "Apache License 1.0",
    "url": "http://www.apache.org/licenses/LICENSE-1.0"
  },
  "info": [
    {
      "id": 43131,
      "filename": "KAKAO_975_11.txt",
      "title": "KAKAO_975_11",
      "mediatype": "SNS",
      "medianame": "카카오톡",
      "category": "일상대화",
      "date": "2021-10-06",
      "size": 418,
      "annotations": {
        "subject": "게임",
        "speaker_type": "1:1",
        "size": 418,
        "word_size": 136,
        "text": "1 : 기억나는 게임 캐릭터 있어?\n2 : 슈퍼마리오 키키 알제 키키 많이 했었는데\n1 : 아 그거 완전 오랜만이다 키키\n2 : 키키 맞제 겁나 재미있었는데\n1 : 키키 그거 게임기 있어서 아빠랑 밤새 했었는데 키키\n2 : 키키 나도 게임기로 많이 했었다 키키\n2 : 최근에 모바일 게임도 있어서 한번 깔고 지웠음 키키\n1 : 키키 왜 모바일은 재미없더낭?\n2 : 어 키키 옛날 그런 느낌이 안 나더라\n1 : 키키 나도 한번 해볼까 궁금한데\n2 : 키키 니도 한 번하고 지울걸 키키\n1 : 키키 근데 뭔가 그립감이 없어서 아쉬울 듯\n2 : 키키 그것도 맞다\n2 : 뭐 재미있는 모바일 게임 없나\n1 : 음... 찾아보면 많은데? 키키\n2 : 재미없던데 ㅠㅠ 니 모바일 게임하는 거 있나?\n1 : 내가 저번에 아스팔트 재밌다 했는데 안 한다며...\n2 : 에이 그건 별로더라 키키",
        "lines": [
          {
            "id": 1,
            "text": "1 : 기억나는 게임 캐릭터 있어?",
            "norm_text": "기억나는 게임 캐릭터 있어?",
            "speaker": {
              "id": "1번",
              "sex": "여성",
              "age": "20대"
            },
            "speechAct": "(지시) 질문하기",
            "morpheme": "기억/NNG+나/NP+는/JX+게임/NNG+캐릭터/NNG+있/VA+어/EF"
          },
          {
            "id": 2,
            "text": "2 : 슈퍼마리오 키키 알제 키키 많이 했었는데",
            "norm_text": "슈퍼마리오 키키 알제 키키 많이 했었는데",
            "speaker": {
              "id": "2번",
              "sex": "남성",
              "age": "20대"
            },
            "speechAct": "(지시) 질문하기",
            "morpheme": "슈퍼/NNG+마리오/NNP+키키/NNP+알제/NNP+키/NNG+키/NNG+많이/MAG+했었/VV+EP+는데/EC"
          },
          {
            "id": 3,
            "text": "1 : 아 그거 완전 오랜만이다 키키",
            "norm_text": "아 그거 완전 오랜만이다 키키",
            "speaker": {
              "id": "1번",
              "sex": "여성",
              "age": "20대"
            },
            "speechAct": "(단언) 주장하기",
            "morpheme": "아/IC+그거/NP+완전/MAG+오랜만/NNG+이/JKS+다키키/NNP"
          },
          {
            "id": 4,
            "text": "2 : 키키 맞제 겁나 재미있었는데",
            "norm_text": "키키 맞제 겁나 재미있었는데",
            "speaker": {
              "id": "2번",
              "sex": "남성",
              "age": "20대"
            },
            "speechAct": "(단언) 주장하기",
            "morpheme": "키/NNG+키/XSV+ETN+맞/VV+제/EC+겁나/VV+EC+재미있/VA+었/EP+는데/EC"
          },
          {
            "id": 5,
            "text": "1 : 키키 그거 게임기 있어서 아빠랑 밤새 했었는데 키키",
            "norm_text": "키키 그거 게임기 있어서 아빠랑 밤새 했었는데 키키",
            "speaker": {
              "id": "1번",
              "sex": "여성",
              "age": "20대"
            },
            "speechAct": "(단언) 진술하기",
            "morpheme": "키/NNG+키/XSV+ETN+그거/NP+게/JKB+임기/NNG+있/VV+어서/EC+아빠/NNG+랑/JKB+밤새/NNG+했었/XSV+EP+는데/EC+키/NNG+키/XSV+ETN"
          },
          {
            "id": 6,
            "text": "2 : 키키 나도 게임기로 많이 했었다 키키",
            "norm_text": "키키 나도 게임기로 많이 했었다 키키",
            "speaker": {
              "id": "2번",
              "sex": "남성",
              "age": "20대"
            },
            "speechAct": "(단언) 진술하기",
            "morpheme": "키/NNG+키나/XSA+ETN+JX+도/JX+게임기/NNG+로/JKB+많이/MAG+했었/VV+EP+다키키/NNP"
          },
          {
            "id": 7,
            "text": "2 : 최근에 모바일 게임도 있어서 한번 깔고 지웠음 키키",
            "norm_text": "최근에 모바일 게임도 있어서 한번 깔고 지웠음 키키",
            "speaker": {
              "id": "2번",
              "sex": "남성",
              "age": "20대"
            },
            "speechAct": "(단언) 진술하기",
            "morpheme": "최근/NNG+에/JKB+모바일게임/NNP+도/JX+있/VA+어서/EC+한/MM+번/NNBC+깔/VV+고/EC+지웠/VV+EP+음/ETN+키/NNG+키/XSV+ETN"
          },
          {
            "id": 8,
            "text": "1 : 키키 왜 모바일은 재미없더낭?",
            "norm_text": "키키 왜 모바일은 재미없더낭?",
            "speaker": {
              "id": "1번",
              "sex": "여성",
              "age": "20대"
            },
            "speechAct": "(지시) 질문하기",
            "morpheme": "키/NNG+키/XSV+ETN+왜/MAG+모바일/NNP+은/JX+재미없/VA+더/MAG+낭/NNG"
          },
          {
            "id": 9,
            "text": "2 : 어 키키 옛날 그런 느낌이 안 나더라",
            "norm_text": "어 키키 옛날 그런 느낌이 안 나더라",
            "speaker": {
              "id": "2번",
              "sex": "남성",
              "age": "20대"
            },
            "speechAct": "(단언) 진술하기",
            "morpheme": "어/IC+키/NNG+키/NNG+옛날/NNG+그런/MM+느낌/NNG+이/JKS+안/MAG+나/VV+더라/EC"
          },
          {
            "id": 10,
            "text": "1 : 키키 나도 한번 해볼까 궁금한데",
            "norm_text": "키키 나도 한번 해볼까 궁금한데",
            "speaker": {
              "id": "1번",
              "sex": "여성",
              "age": "20대"
            },
            "speechAct": "(단언) 주장하기",
            "morpheme": "키/NNG+키나/XSA+ETN+JX+도/JX+한/MM+번/NNBC+해볼까/VV+EC+VX+EC+궁금/XR+한데/XSA+EC"
          },
          {
            "id": 11,
            "text": "2 : 키키 니도 한 번하고 지울걸 키키",
            "norm_text": "키키 니도 한 번하고 지울걸 키키",
            "speaker": {
              "id": "2번",
              "sex": "남성",
              "age": "20대"
            },
            "speechAct": "(단언) 주장하기",
            "morpheme": "키/NNG+키/VV+니/EC+도/JX+한/MM+번/NNBC+하/VV+고/EC+지울/VV+ETM+걸/NNB+JKO+키/NNG+키/XSV+ETN"
          },
          {
            "id": 12,
            "text": "1 : 키키 근데 뭔가 그립감이 없어서 아쉬울 듯",
            "norm_text": "키키 근데 뭔가 그립감이 없어서 아쉬울 듯",
            "speaker": {
              "id": "1번",
              "sex": "여성",
              "age": "20대"
            },
            "speechAct": "(단언) 주장하기",
            "morpheme": "키/NNG+키/XSV+ETN+근데/MAJ+뭔가/NP+VCP+EC+그립/NNG+감/XSN+이/JKS+없/VA+어서/EC+아쉬울/VA+ETM+듯/NNB"
          },
          {
            "id": 13,
            "text": "2 : 키키 그것도 맞다",
            "norm_text": "키키 그것도 맞다",
            "speaker": {
              "id": "2번",
              "sex": "남성",
              "age": "20대"
            },
            "speechAct": "(단언) 주장하기",
            "morpheme": "키/NNG+키/XSV+ETN+그것/NP+도/JX+맞/VV+다/EC"
          },
          {
            "id": 14,
            "text": "2 : 뭐 재미있는 모바일 게임 없나",
            "norm_text": "뭐 재미있는 모바일 게임 없나",
            "speaker": {
              "id": "2번",
              "sex": "남성",
              "age": "20대"
            },
            "speechAct": "(지시) 질문하기",
            "morpheme": "뭐/IC+재미있/VA+는/ETM+모바일게임/NNP+없/VA+나/EC"
          },
          {
            "id": 15,
            "text": "1 : 음... 찾아보면 많은데? 키키",
            "norm_text": "음... 찾아보면 많은데? 키키",
            "speaker": {
              "id": "1번",
              "sex": "여성",
              "age": "20대"
            },
            "speechAct": "(단언) 주장하기",
            "morpheme": "음/IC+./SY+찾아보/VV+면/EC+많/VA+은데/EF+키/NNG+키/XSV+ETN"
          },
          {
            "id": 16,
            "text": "2 : 재미없던데 ㅠㅠ 니 모바일 게임하는 거 있나?",
            "norm_text": "재미없던데 ㅠㅠ 니 모바일 게임하는 거 있나?",
            "speaker": {
              "id": "2번",
              "sex": "남성",
              "age": "20대"
            },
            "speechAct": "(지시) 질문하기",
            "morpheme": "재미없/VA+던데/EC+ㅠㅠ/UNKNOWN+니/EC+모바일/NNP+게임/NNG+하/XSV+는/ETM+거/NNB+있/VA+나/EF"
          },
          {
            "id": 17,
            "text": "1 : 내가 저번에 아스팔트 재밌다 했는데 안 한다며...",
            "norm_text": "내가 저번에 아스팔트 재밌다 했는데 안 한다며...",
            "speaker": {
              "id": "1번",
              "sex": "여성",
              "age": "20대"
            },
            "speechAct": "(단언) 진술하기",
            "morpheme": "내/NP+가/JKS+저번/NNG+에/JKB+아스팔트/NNG+재밌/VA+다/EC+했/VX+EP+는데/EC+안/MAG+한다며/VV+EF+./SY"
          },
          {
            "id": 18,
            "text": "2 : 에이 그건 별로더라 키키",
            "norm_text": "에이 그건 별로더라 키키",
            "speaker": {
              "id": "2번",
              "sex": "남성",
              "age": "20대"
            },
            "speechAct": "(단언) 진술하기",
            "morpheme": "에이/IC+그건/NP+JX+별로/MAG+더/MAG+라키/NNP+키/NNG"
          }
        ]
      }
    }
  ]
}