{
  "dataset": {
    "identifier": 60436,
    "name": "KAKAO_980_06_set",
    "src_path": "/data/file/cubeManager/PROJECT001/53/txt20211006122011022482/KAKAO_980_06_set/",
    "label_path": "/data/file/cubeManager/PROJECT001/53/txt20211006122011022482/KAKAO_980_06_set/",
    "category": 2,
    "type": 0
  },
  "licenses": {
    "name": "Apache License 1.0",
    "url": "http://www.apache.org/licenses/LICENSE-1.0"
  },
  "info": [
    {
      "id": 42826,
      "filename": "KAKAO_980_06.txt",
      "title": "KAKAO_980_06",
      "mediatype": "SNS",
      "medianame": "카카오톡",
      "category": "일상대화",
      "date": "2021-10-06",
      "size": 729,
      "annotations": {
        "subject": "교육",
        "speaker_type": "1:1",
        "size": 729,
        "word_size": 222,
        "text": "1 : 중3인 사촌 동생이 진로를 나한테 물어본다...\n1 : 뭐라고 대답해주지\n2 : 헉... 그 중요한 문제를...?\n1 : 사촌 동생은 미술로 예고를 가고 싶은데 작은 엄마, 아빠는 그냥 일반고를 가서 공부해서 미대를 가라고 하나 봐\n2 : 음... 만약 내 사촌 동생이었으면 나는 일단은 일반고 가라고 할 것 같아\n1 : 아 그래? 나는 그냥 사촌 동생이 하고 싶은 걸 하라고 하면서 예고 지원해보라 했거든\n2 : 언니 사촌 동생에 대해서는 모르지만 정말 취미로만 미술을 즐기는 거일 수도 있잖아.\n2 : 근데 예고에 가게 되면 현실에 부딪치지 않을까?\n1 : 예고 나와서 성악 하고 있는 다른 사촌 동생이 딱 너처럼 말했어\n2 : 앗 그래? 그리고 예고는 정말 힘들잖아\n1 : 그치 ㅠㅠ 안 그래도 성악 하는 애가 예고에 대해서 말을 해주니까 중3이 망설이더라고\n2 : 근데 그런 걸 말해줬는데도 감안하겠다고 하면 예고로 가고 싶다고 하면 가야지!\n1 : 응응 일단 선택은 동생 몫이라고 옆에서 조언은 해줄 수 있다고 했는데 내가 별로 도움이 안 된 것 같아서 ㅠㅠ\n2 : 에이 언니는 들어준 것 만으로도 사촌 동생한테 도움이 됐을 거야!\n1 : 그랬으면 좋겠다 ㅠ\n1 : 추석 내내 한쪽에서 그림 그리는데 정말 잘 그리더라고\n2 : 사촌 동생 미술 학원 다녀?\n1 : 아니 아니 그냥 독학으로 그린 거래.\n1 : 좋아하는 웹툰 캐릭터 그리면서 실력이 늘었다는데 정말 잘 그리더라고\n2 : 그럼 어느 정도 타고 났을 수도 있겠네",
        "lines": [
          {
            "id": 1,
            "text": "1 : 중3인 사촌 동생이 진로를 나한테 물어본다...",
            "norm_text": "중3인 사촌 동생이 진로를 나한테 물어본다...",
            "speaker": {
              "id": "1번",
              "sex": "여성",
              "age": "20대"
            },
            "speechAct": "(단언) 진술하기",
            "morpheme": "중/NNG+3/SN+인사/NNG+촌동/NNG+생/XSN+이/JKS+진로/NNG+를/JKO+나/NP+한테/JKB+물어본다/VV+EF+./SY"
          },
          {
            "id": 2,
            "text": "1 : 뭐라고 대답해주지",
            "norm_text": "뭐라고 대답해주지",
            "speaker": {
              "id": "1번",
              "sex": "여성",
              "age": "20대"
            },
            "speechAct": "(지시) 질문하기",
            "morpheme": "뭐/NP+라고/VCP+EC+대답/NNG+해/XSV+EC+주/VX+지/EC"
          },
          {
            "id": 3,
            "text": "2 : 헉... 그 중요한 문제를...?",
            "norm_text": "헉... 그 중요한 문제를...?",
            "speaker": {
              "id": "2번",
              "sex": "여성",
              "age": "20대"
            },
            "speechAct": "(지시) 질문하기",
            "morpheme": "헉/IC+./SY+그/MM+중요/NNG+한/XSA+ETM+문제/NNG+를/JKO+./SY+./SY"
          },
          {
            "id": 4,
            "text": "1 : 사촌 동생은 미술로 예고를 가고 싶은데 작은 엄마, 아빠는 그냥 일반고를 가서 공부해서 미대를 가라고 하나 봐",
            "norm_text": "사촌 동생은 미술로 예고를 가고 싶은데 작은 엄마, 아빠는 그냥 일반고를 가서 공부해서 미대를 가라고 하나 봐",
            "speaker": {
              "id": "1번",
              "sex": "여성",
              "age": "20대"
            },
            "speechAct": "(단언) 진술하기",
            "morpheme": "사촌/NNG+동생/NNG+은/JX+미술/NNG+로/JKB+예고/NNG+를/JKO+가/VV+고/EC+싶/VX+은데/EC+작/VA+은/ETM+엄마/NNG+,/SC+아빠/NNG+는/JX+그냥/MAG+일/NNG+반고/NNG+를/JKO+가/VV+서/EC+공부/NNG+해서/XSV+EC+미대/NNG+를/JKO+가/VV+라고/EC+하나/NR+봐/VV+EC"
          },
          {
            "id": 5,
            "text": "2 : 음... 만약 내 사촌 동생이었으면 나는 일단은 일반고 가라고 할 것 같아",
            "norm_text": "음... 만약 내 사촌 동생이었으면 나는 일단은 일반고 가라고 할 것 같아",
            "speaker": {
              "id": "2번",
              "sex": "여성",
              "age": "20대"
            },
            "speechAct": "(단언) 주장하기",
            "morpheme": "음/IC+./SY+만약/MAG+내사/NNP+촌동/NNG+생/XSN+이/VCP+었/EP+으면/EC+나/NP+는/JX+일단/MAG+은/JX+일반/NNG+고가/NNG+라고/VCP+EC+할/VX+ETM+것/NNB+같/VA+아/EC"
          },
          {
            "id": 6,
            "text": "1 : 아 그래? 나는 그냥 사촌 동생이 하고 싶은 걸 하라고 하면서 예고 지원해보라 했거든",
            "norm_text": "아 그래? 나는 그냥 사촌 동생이 하고 싶은 걸 하라고 하면서 예고 지원해보라 했거든",
            "speaker": {
              "id": "1번",
              "sex": "여성",
              "age": "20대"
            },
            "speechAct": "(단언) 진술하기",
            "morpheme": "아/IC+그래/IC+나/NP+는/JX+그냥/MAG+사촌/NNG+동생/NNG+이/JKS+하/VV+고/EC+싶/VX+은/ETM+걸/NNB+JKO+하/VV+라고/EC+하/VV+면서/EC+예고/NNG+지원/NNG+해/XSV+EC+보/VX+라/EC+했/VX+EP+거든/EC"
          },
          {
            "id": 7,
            "text": "2 : 언니 사촌 동생에 대해서는 모르지만 정말 취미로만 미술을 즐기는 거일 수도 있잖아.",
            "norm_text": "언니 사촌 동생에 대해서는 모르지만 정말 취미로만 미술을 즐기는 거일 수도 있잖아.",
            "speaker": {
              "id": "2번",
              "sex": "여성",
              "age": "20대"
            },
            "speechAct": "(단언) 주장하기",
            "morpheme": "언니/NNG+사촌/NNG+동생/NNG+에/JKB+대해서/VV+EC+는/JX+모르/VV+지만/EC+정말/MAG+취미/NNG+로/JKB+만/JX+미술/NNG+을/JKO+즐기/VV+는/ETM+거/NNB+일/VCP+ETM+수/NNB+도/JX+있/VA+잖아/EF"
          },
          {
            "id": 8,
            "text": "2 : 근데 예고에 가게 되면 현실에 부딪치지 않을까?",
            "norm_text": "근데 예고에 가게 되면 현실에 부딪치지 않을까?",
            "speaker": {
              "id": "2번",
              "sex": "여성",
              "age": "20대"
            },
            "speechAct": "(지시) 질문하기",
            "morpheme": "근데/MAJ+예고/NNG+에/JKB+가/VV+게/EC+되/VV+면/EC+현실/NNG+에/JKB+부딪치/VV+지/EC+않/VX+을까/EF"
          },
          {
            "id": 9,
            "text": "1 : 예고 나와서 성악 하고 있는 다른 사촌 동생이 딱 너처럼 말했어",
            "norm_text": "예고 나와서 성악 하고 있는 다른 사촌 동생이 딱 너처럼 말했어",
            "speaker": {
              "id": "1번",
              "sex": "여성",
              "age": "20대"
            },
            "speechAct": "(단언) 진술하기",
            "morpheme": "예고/NNG+나와서/VV+EC+성악/NNG+하/XSV+고/EC+있/VX+는/ETM+다른/MM+사촌/NNG+동생/NNG+이/JKS+딱/MAG+너/NP+처럼/JKB+말/NNG+했/XSV+EP+어/EC"
          },
          {
            "id": 10,
            "text": "2 : 앗 그래? 그리고 예고는 정말 힘들잖아",
            "norm_text": "앗 그래? 그리고 예고는 정말 힘들잖아",
            "speaker": {
              "id": "2번",
              "sex": "여성",
              "age": "20대"
            },
            "speechAct": "(단언) 주장하기",
            "morpheme": "앗/IC+그래/IC+그리고/MAJ+예고/NNG+는/JX+정말/MAG+힘들/VA+잖아/EC"
          },
          {
            "id": 11,
            "text": "1 : 그치 ㅠㅠ 안 그래도 성악 하는 애가 예고에 대해서 말을 해주니까 중3이 망설이더라고",
            "norm_text": "그치 ㅠㅠ 안 그래도 성악 하는 애가 예고에 대해서 말을 해주니까 중3이 망설이더라고",
            "speaker": {
              "id": "1번",
              "sex": "여성",
              "age": "20대"
            },
            "speechAct": "(단언) 진술하기",
            "morpheme": "그치/IC+ㅠㅠ/UNKNOWN+안/MAG+그래도/VV+EC+성악/NNG+하/XSV+는/ETM+애/NNG+가/JKS+예고/NNG+에/JKB+대해서/VV+EC+말/NNG+을/JKO+해/VV+EC+주/VX+니까/EC+중/NNB+3/SN+이/NR+망설/NNG+이/VCP+더라고/EC"
          },
          {
            "id": 12,
            "text": "2 : 근데 그런 걸 말해줬는데도 감안하겠다고 하면 예고로 가고 싶다고 하면 가야지!",
            "norm_text": "근데 그런 걸 말해줬는데도 감안하겠다고 하면 예고로 가고 싶다고 하면 가야지!",
            "speaker": {
              "id": "2번",
              "sex": "여성",
              "age": "20대"
            },
            "speechAct": "(단언) 주장하기",
            "morpheme": "근데/MAJ+그런/MM+걸/NNB+JKO+말/NNG+해/XSV+EC+줬/VX+EP+는데/EC+도/JX+감안/NNG+하/XSV+겠/EP+다고/EC+하/VV+면/EC+예고/NNG+로/JKB+가/VV+고/EC+싶/VX+다고/EC+하/VV+면/EC+가/VX+야지/EF"
          },
          {
            "id": 13,
            "text": "1 : 응응 일단 선택은 동생 몫이라고 옆에서 조언은 해줄 수 있다고 했는데 내가 별로 도움이 안 된 것 같아서 ㅠㅠ",
            "norm_text": "응응 일단 선택은 동생 몫이라고 옆에서 조언은 해줄 수 있다고 했는데 내가 별로 도움이 안 된 것 같아서 ㅠㅠ",
            "speaker": {
              "id": "1번",
              "sex": "여성",
              "age": "20대"
            },
            "speechAct": "(단언) 주장하기",
            "morpheme": "응/IC+응/IC+일단/MAG+선택/NNG+은/JX+동생/NNG+몫/NNG+이/VCP+라고/EC+옆/NNG+에서/JKB+조언/NNG+은/JX+해/VV+EC+줄/VX+ETM+수/NNB+있/VV+다고/EC+했/VX+EP+는데/EC+내/NP+가/JKS+별로/MAG+도움/NNG+이/JKS+안/MAG+된/VV+ETM+것/NNB+같/VA+아서/EC+ㅠㅠ/UNKNOWN"
          },
          {
            "id": 14,
            "text": "2 : 에이 언니는 들어준 것 만으로도 사촌 동생한테 도움이 됐을 거야!",
            "norm_text": "에이 언니는 들어준 것 만으로도 사촌 동생한테 도움이 됐을 거야!",
            "speaker": {
              "id": "2번",
              "sex": "여성",
              "age": "20대"
            },
            "speechAct": "(단언) 주장하기",
            "morpheme": "에이/NNG+언니/NNG+는/JX+들어준/VV+ETM+것/NNB+만/JX+으로/JKB+도/JX+사촌/NNG+동생/NNG+한테/JKB+도움/NNG+이/JKS+됐/VV+EP+을/ETM+거/NNB+야/VCP+EF"
          },
          {
            "id": 15,
            "text": "1 : 그랬으면 좋겠다 ㅠ",
            "norm_text": "그랬으면 좋겠다 ㅠ",
            "speaker": {
              "id": "1번",
              "sex": "여성",
              "age": "20대"
            },
            "speechAct": "(단언) 주장하기",
            "morpheme": "그랬/VV+EP+으면/EC+좋/VA+겠/EP+다ㅠ/UNKNOWN"
          },
          {
            "id": 16,
            "text": "1 : 추석 내내 한쪽에서 그림 그리는데 정말 잘 그리더라고",
            "norm_text": "추석 내내 한쪽에서 그림 그리는데 정말 잘 그리더라고",
            "speaker": {
              "id": "1번",
              "sex": "여성",
              "age": "20대"
            },
            "speechAct": "(단언) 진술하기",
            "morpheme": "추석/NNG+내내/MAG+한쪽/NNG+에서/JKB+그림/NNG+그리/VV+는데/EC+정말/MAG+잘/MAG+그/MM+리더/NNG+라고/VCP+EC"
          },
          {
            "id": 17,
            "text": "2 : 사촌 동생 미술 학원 다녀?",
            "norm_text": "사촌 동생 미술 학원 다녀?",
            "speaker": {
              "id": "2번",
              "sex": "여성",
              "age": "20대"
            },
            "speechAct": "(지시) 질문하기",
            "morpheme": "사촌/NNG+동생/NNG+미술/NNG+학원/NNG+다녀/VV+EF"
          },
          {
            "id": 18,
            "text": "1 : 아니 아니 그냥 독학으로 그린 거래.",
            "norm_text": "아니 아니 그냥 독학으로 그린 거래.",
            "speaker": {
              "id": "1번",
              "sex": "여성",
              "age": "20대"
            },
            "speechAct": "(단언) 진술하기",
            "morpheme": "아니/IC+아니/IC+그냥/MAG+독학/NNG+으로/JKB+그린/VV+ETM+거/NNB+래/VCP+EF"
          },
          {
            "id": 19,
            "text": "1 : 좋아하는 웹툰 캐릭터 그리면서 실력이 늘었다는데 정말 잘 그리더라고",
            "norm_text": "좋아하는 웹툰 캐릭터 그리면서 실력이 늘었다는데 정말 잘 그리더라고",
            "speaker": {
              "id": "1번",
              "sex": "여성",
              "age": "20대"
            },
            "speechAct": "(단언) 진술하기",
            "morpheme": "좋/VA+아/EC+하/VV+는/ETM+웹툰/NNP+캐릭터/NNG+그리/VV+면서/EC+실력/NNG+이/JKS+늘/VV+었/EP+다는데/EC+정말/MAG+잘/MAG+그/MM+리더/NNG+라고/VCP+EC"
          },
          {
            "id": 20,
            "text": "2 : 그럼 어느 정도 타고 났을 수도 있겠네",
            "norm_text": "그럼 어느 정도 타고 났을 수도 있겠네",
            "speaker": {
              "id": "2번",
              "sex": "여성",
              "age": "20대"
            },
            "speechAct": "(단언) 주장하기",
            "morpheme": "그럼/MAJ+어느/MM+정도/NNG+타고났/VV+EP+을/ETM+수/NNB+도/JX+있/VA+겠/EP+네/EF"
          }
        ]
      }
    }
  ]
}