{
  "dataset": {
    "identifier": 32778,
    "name": "KAKAO_934_09_set",
    "src_path": "/data/file/cubeManager/PROJECT001/53/txt202110051622070384103/KAKAO_934_09_set/",
    "label_path": "/data/file/cubeManager/PROJECT001/53/txt202110051622070384103/KAKAO_934_09_set/",
    "category": 2,
    "type": 0
  },
  "licenses": {
    "name": "Apache License 1.0",
    "url": "http://www.apache.org/licenses/LICENSE-1.0"
  },
  "info": [
    {
      "id": 42246,
      "filename": "KAKAO_934_09.txt",
      "title": "KAKAO_934_09",
      "mediatype": "SNS",
      "medianame": "카카오톡",
      "category": "일상대화",
      "date": "2021-10-05",
      "size": 433,
      "annotations": {
        "subject": "반려동물",
        "speaker_type": "1:1",
        "size": 433,
        "word_size": 144,
        "text": "1 : 얌 **이는 동물 좋아행?\n2 : 어 장난 아님 감자 보고 엄청 웃어\n1 : 동물을 만난 적이 있어?\n2 : 너무 좋아해 이번에도 상하 농장 갔다 왔는데 꺄르르 난리\n1 : 아 감자랑 만난 적 있구나 키키 감자 못생겨서  웃었나...\n2 : 뱃속에서부터 감자빵이랑 교감 해서 그런가\n1 : 키키 넘 귀엽네 난 애기랑 강아지 조합이  세상에서 젤 귀엽드라 키키\n2 : 빵이 장난감 같이 물어 뜯고 놈 ^^\n1 : 키키 장난감 삶아서 줘야 되겠네 키키\n2 : 키키 엉 자칫한 눈 팔면 빨고 있음\n1 : 다행이야 동물 좋아하는 애기라서  키키\n2 : 맞아 정말 다행이야 좀 더 크면 산책 좀 시키라 해야지\n1 : 오 키키 애기들 정서에 강아지 가 그렇게 좋다잖아\n2 : 아직은 어려서 강아지를 막 쥐어뜯어\n1 : 나도 벅수한테 얼마나 위로를 많이 받는다구\n2 : ㅠㅠ 우리 감자빵이 보고 싶네 갑자기",
        "lines": [
          {
            "id": 1,
            "text": "1 : 얌 **이는 동물 좋아행?",
            "norm_text": "얌 **이는 동물 좋아행?",
            "speaker": {
              "id": "1번",
              "sex": "여성",
              "age": "30대"
            },
            "speechAct": "(지시) 질문하기",
            "morpheme": "얌/NNP+*/SY+*/SY+이/NP+는/JX+동물/NNG+좋/VA+ETM+아행/NNG"
          },
          {
            "id": 2,
            "text": "2 : 어 장난 아님 감자 보고 엄청 웃어",
            "norm_text": "어 장난 아님 감자 보고 엄청 웃어",
            "speaker": {
              "id": "2번",
              "sex": "여성",
              "age": "20대"
            },
            "speechAct": "(단언) 주장하기",
            "morpheme": "어/IC+장난아/NNP+님/XSN+감자/NNG+보/VV+고/EC+엄청/MAG+웃/VV+어/EC"
          },
          {
            "id": 3,
            "text": "1 : 동물을 만난 적이 있어?",
            "norm_text": "동물을 만난 적이 있어?",
            "speaker": {
              "id": "1번",
              "sex": "여성",
              "age": "30대"
            },
            "speechAct": "(지시) 질문하기",
            "morpheme": "동물/NNG+을/JKO+만난/VV+ETM+적/NNB+이/JKS+있/VA+어/EF"
          },
          {
            "id": 4,
            "text": "2 : 너무 좋아해 이번에도 상하 농장 갔다 왔는데 꺄르르 난리",
            "norm_text": "너무 좋아해 이번에도 상하 농장 갔다 왔는데 꺄르르 난리",
            "speaker": {
              "id": "2번",
              "sex": "여성",
              "age": "20대"
            },
            "speechAct": "(단언) 주장하기",
            "morpheme": "너무/MAG+좋/VA+아/EC+해/VV+EC+이번/NNG+에/JKB+도/JX+상하/NNG+농장/NNG+갔다왔/VV+EP+는데/EC+꺄르르/IC+난리/NNG"
          },
          {
            "id": 5,
            "text": "1 : 아 감자랑 만난 적 있구나 키키 감자 못생겨서  웃었나...",
            "norm_text": "아 감자랑 만난 적 있구나 키키 감자 못생겨서  웃었나...",
            "speaker": {
              "id": "1번",
              "sex": "여성",
              "age": "30대"
            },
            "speechAct": "(단언) 주장하기",
            "morpheme": "아/IC+감자/NNG+랑/JKB+만난/VV+ETM+적/NNB+있/VA+구나/EF+키/NNG+키/NNG+감/XSN+자못/MAG+생겨서/VV+EC+웃/VV+었/EP+나/EF+./SY"
          },
          {
            "id": 6,
            "text": "2 : 뱃속에서부터 감자빵이랑 교감 해서 그런가",
            "norm_text": "뱃속에서부터 감자빵이랑 교감 해서 그런가",
            "speaker": {
              "id": "2번",
              "sex": "여성",
              "age": "20대"
            },
            "speechAct": "(단언) 주장하기",
            "morpheme": "뱃속/NNG+에서부터/JKB+감자/NNG+빵/NNG+이랑/JKB+교감/NNG+해서/XSV+EC+그런가/VA+EC"
          },
          {
            "id": 7,
            "text": "1 : 키키 넘 귀엽네 난 애기랑 강아지 조합이  세상에서 젤 귀엽드라 키키",
            "norm_text": "키키 넘 귀엽네 난 애기랑 강아지 조합이  세상에서 젤 귀엽드라 키키",
            "speaker": {
              "id": "1번",
              "sex": "여성",
              "age": "30대"
            },
            "speechAct": "(단언) 주장하기",
            "morpheme": "키/NNG+키/XSV+ETN+넘/MAG+귀엽/VA+네/EF+난/NP+JX+애기/NNG+랑/JKB+강아지/NNG+조합/NNG+이/JKS+세상/NNG+에서/JKB+젤/MAG+귀엽/VA+드라/EF+키/NNG+키/XSV+ETN"
          },
          {
            "id": 8,
            "text": "2 : 빵이 장난감 같이 물어 뜯고 놈 ^^",
            "norm_text": "빵이 장난감 같이 물어 뜯고 놈 ^^",
            "speaker": {
              "id": "2번",
              "sex": "여성",
              "age": "20대"
            },
            "speechAct": "(단언) 주장하기",
            "morpheme": "빵/NNG+이/JKS+장난감/NNG+같이/JKB+물어뜯/VV+고/EC+놈/NNB+^/SY+^/SY"
          },
          {
            "id": 9,
            "text": "1 : 키키 장난감 삶아서 줘야 되겠네 키키",
            "norm_text": "키키 장난감 삶아서 줘야 되겠네 키키",
            "speaker": {
              "id": "1번",
              "sex": "여성",
              "age": "30대"
            },
            "speechAct": "(단언) 주장하기",
            "morpheme": "키/NNG+키/NNG+장난감/NNG+삶/VV+아서/EC+줘야/VX+EC+되/VV+겠/EP+네/EF+키/NNG+키/XSV+ETN"
          },
          {
            "id": 10,
            "text": "2 : 키키 엉 자칫한 눈 팔면 빨고 있음",
            "norm_text": "키키 엉 자칫한 눈 팔면 빨고 있음",
            "speaker": {
              "id": "2번",
              "sex": "여성",
              "age": "20대"
            },
            "speechAct": "(단언) 주장하기",
            "morpheme": "키/NNG+키/VV+엉/EC+자칫/MAG+한눈팔/VV+면/EC+빨/VV+고/EC+있/VX+음/ETN"
          },
          {
            "id": 11,
            "text": "1 : 다행이야 동물 좋아하는 애기라서  키키",
            "norm_text": "다행이야 동물 좋아하는 애기라서  키키",
            "speaker": {
              "id": "1번",
              "sex": "여성",
              "age": "30대"
            },
            "speechAct": "(단언) 주장하기",
            "morpheme": "다행/NNG+이/VCP+야/EC+동물/NNG+좋/VA+아/EC+하/VV+는/ETM+애기/NNG+라서/VCP+EC+키/NNG+키/XSV+ETN"
          },
          {
            "id": 12,
            "text": "2 : 맞아 정말 다행이야 좀 더 크면 산책 좀 시키라 해야지",
            "norm_text": "맞아 정말 다행이야 좀 더 크면 산책 좀 시키라 해야지",
            "speaker": {
              "id": "2번",
              "sex": "여성",
              "age": "20대"
            },
            "speechAct": "(단언) 주장하기",
            "morpheme": "맞/VV+아/EC+정말/MAG+다행/NNG+이야/JX+좀/MAG+더/MAG+크/VA+면/EC+산책/NNG+좀/MAG+시키/VV+라/EC+해야지/VX+EC"
          },
          {
            "id": 13,
            "text": "1 : 오 키키 애기들 정서에 강아지 가 그렇게 좋다잖아",
            "norm_text": "오 키키 애기들 정서에 강아지 가 그렇게 좋다잖아",
            "speaker": {
              "id": "1번",
              "sex": "여성",
              "age": "30대"
            },
            "speechAct": "(단언) 주장하기",
            "morpheme": "오키/NNP+키/NNG+애기/NNG+들/XSN+정서/NNG+에/JKB+강아지/NNG+가/JKS+그렇게/MAG+좋/VA+다/EF+잖아/VCP+EC+VX+EC"
          },
          {
            "id": 14,
            "text": "2 : 아직은 어려서 강아지를 막 쥐어뜯어",
            "norm_text": "아직은 어려서 강아지를 막 쥐어뜯어",
            "speaker": {
              "id": "2번",
              "sex": "여성",
              "age": "20대"
            },
            "speechAct": "(단언) 주장하기",
            "morpheme": "아직/MAG+은/JX+어려서/VA+EC+강아지/NNG+를/JKO+막/NNG+쥐어뜯/VV+어/EC"
          },
          {
            "id": 15,
            "text": "1 : 나도 벅수한테 얼마나 위로를 많이 받는다구",
            "norm_text": "나도 벅수한테 얼마나 위로를 많이 받는다구",
            "speaker": {
              "id": "1번",
              "sex": "여성",
              "age": "30대"
            },
            "speechAct": "(단언) 주장하기",
            "morpheme": "나/NP+도/JX+벅수/NNG+한테/JKB+얼마나/MAG+위로/NNG+를/JKO+많이/MAG+받/VV+는다구/EC"
          },
          {
            "id": 16,
            "text": "2 : ㅠㅠ 우리 감자빵이 보고 싶네 갑자기",
            "norm_text": "ㅠㅠ 우리 감자빵이 보고 싶네 갑자기",
            "speaker": {
              "id": "2번",
              "sex": "여성",
              "age": "20대"
            },
            "speechAct": "(단언) 주장하기",
            "morpheme": "ㅠㅠ/UNKNOWN+우리/NP+감자/NNG+빵/NNG+이/JKS+보/VV+고/EC+싶/VX+네/EF+갑자기/MAG"
          }
        ]
      }
    }
  ]
}