{
  "dataset": {
    "identifier": 49952,
    "name": "KAKAO_978_08_set",
    "src_path": "/data/file/cubeManager/PROJECT001/53/txt20211006134438072813/KAKAO_978_08_set/",
    "label_path": "/data/file/cubeManager/PROJECT001/53/txt20211006134438072813/KAKAO_978_08_set/",
    "category": 2,
    "type": 0
  },
  "licenses": {
    "name": "Apache License 1.0",
    "url": "http://www.apache.org/licenses/LICENSE-1.0"
  },
  "info": [
    {
      "id": 43068,
      "filename": "KAKAO_978_08.txt",
      "title": "KAKAO_978_08",
      "mediatype": "SNS",
      "medianame": "카카오톡",
      "category": "일상대화",
      "date": "2021-10-06",
      "size": 570,
      "annotations": {
        "subject": "연애/결혼",
        "speaker_type": "1:1",
        "size": 570,
        "word_size": 186,
        "text": "1 : 요새 남자친구랑 너무 분위기 안 좋아서 힘들어…\n2 : 헐 왜? ㅠㅠ 남자친구랑 롱디라 그랬지?\n2 : 요새 잘 못 봐?\n1 : 응응… 아무래도 남자친구가 공무원이다 보니까 쉽지 않아 ㅠ\n2 : 아 맞다… 공무원은 걸리면 좀… 눈치 엄청 보이겠네\n1 : 응응 공무원이 안 조심하고 코로나 걸리냐 이러는가 보더라고 ㅠ\n2 : 헐… 진짜 좀 그렇겠네 충분히 그러고도 남을 듯 ㅠ\n1 : 이 시국 연애 쉽지 않네 ㅠ\n1 : 넌 요새 어때?\n1 : 남친 생겼어?\n2 : 하… 말도 마 ㅠㅠ 살을 더 빼야 뭐 소개팅을 받던지 하지 ㅠ\n1 : 새로 간 회사에는 좀 괜찮은 남자 없어? ㅠ\n2 : 다른 건물에는 좀 많은데 내가 가는 건물은 전멸 같아\n1 : 키키 전멸 아님 소개팅을 좀 받아보지?\n1 : 해주는 사람 없어?\n2 : 뭐 찾으면 없지야 않겠지만… 다이어트도 그렇고 나도 이 시국이 좀…\n1 : 그러니까 코로나 때문에 소개팅도 힘들더라… 동선이 파악이 안 되니\n2 : 그러게 ㅠㅠ 확실히 완전 모르는 사람 만나는 건 부담돼\n1 : 그래도 이 시국에 잘 만나는 사람은 만나던데 그치?\n2 : 아 그래서 더 열받아 키키 나만 남자친구 없어~ 큰일임 ㅠ",
        "lines": [
          {
            "id": 1,
            "text": "1 : 요새 남자친구랑 너무 분위기 안 좋아서 힘들어…",
            "norm_text": "요새 남자친구랑 너무 분위기 안 좋아서 힘들어…",
            "speaker": {
              "id": "1번",
              "sex": "여성",
              "age": "20대"
            },
            "speechAct": "(단언) 진술하기",
            "morpheme": "요새/NNG+남자/NNG+친구/NNG+랑/JKB+너무/MAG+분위기/NNG+안/MAG+좋/VA+아서/EC+힘들/VA+어/EC+…/SE"
          },
          {
            "id": 2,
            "text": "2 : 헐 왜? ㅠㅠ 남자친구랑 롱디라 그랬지?",
            "norm_text": "헐 왜? ㅠㅠ 남자친구랑 롱디라 그랬지?",
            "speaker": {
              "id": "2번",
              "sex": "여성",
              "age": "20대"
            },
            "speechAct": "(지시) 질문하기",
            "morpheme": "헐/IC+왜/MAG+ㅠㅠ/UNKNOWN+남자/NNG+친구/NNG+랑/JKB+롱/NNG+디/NNG+라/VCP+EC+그랬/VV+EP+지/EF"
          },
          {
            "id": 3,
            "text": "2 : 요새 잘 못 봐?",
            "norm_text": "요새 잘 못 봐?",
            "speaker": {
              "id": "2번",
              "sex": "여성",
              "age": "20대"
            },
            "speechAct": "(지시) 질문하기",
            "morpheme": "요새/MAG+잘못/MAG+봐/VV+EF"
          },
          {
            "id": 4,
            "text": "1 : 응응… 아무래도 남자친구가 공무원이다 보니까 쉽지 않아 ㅠ",
            "norm_text": "응응… 아무래도 남자친구가 공무원이다 보니까 쉽지 않아 ㅠ",
            "speaker": {
              "id": "1번",
              "sex": "여성",
              "age": "20대"
            },
            "speechAct": "(단언) 진술하기",
            "morpheme": "응/IC+응/IC+…/SE+아무래도/MAG+남자/NNG+친구/NNG+가/JKS+공무원/NNG+이/VCP+다/EC+보/VX+니까/EC+쉽/VA+지/EC+않/VX+아/EC+ㅠ/UNKNOWN"
          },
          {
            "id": 5,
            "text": "2 : 아 맞다… 공무원은 걸리면 좀… 눈치 엄청 보이겠네",
            "norm_text": "아 맞다… 공무원은 걸리면 좀… 눈치 엄청 보이겠네",
            "speaker": {
              "id": "2번",
              "sex": "여성",
              "age": "20대"
            },
            "speechAct": "(단언) 주장하기",
            "morpheme": "아/IC+맞/VV+다/EC+…/SE+공무원/NNG+은/JX+걸리/VV+면/EC+좀/MAG+…/SE+눈치/NNG+엄청/MAG+보이/VV+겠/EP+네/EF"
          },
          {
            "id": 6,
            "text": "1 : 응응 공무원이 안 조심하고 코로나 걸리냐 이러는가 보더라고 ㅠ",
            "norm_text": "응응 공무원이 안 조심하고 코로나 걸리냐 이러는가 보더라고 ㅠ",
            "speaker": {
              "id": "1번",
              "sex": "여성",
              "age": "20대"
            },
            "speechAct": "(단언) 진술하기",
            "morpheme": "응/IC+응/IC+공무원/NNG+이/JKS+안/MAG+조심/NNG+하/XSV+고/EC+코로나/NNG+걸리/VV+냐/EC+이러/VV+는가/EC+보/VX+더라고/EF+ㅠ/UNKNOWN"
          },
          {
            "id": 7,
            "text": "2 : 헐… 진짜 좀 그렇겠네 충분히 그러고도 남을 듯 ㅠ",
            "norm_text": "헐… 진짜 좀 그렇겠네 충분히 그러고도 남을 듯 ㅠ",
            "speaker": {
              "id": "2번",
              "sex": "여성",
              "age": "20대"
            },
            "speechAct": "(단언) 주장하기",
            "morpheme": "헐/IC+…/SE+진짜/MAG+좀/MAG+그렇/VA+겠/EP+네/EF+충분히/MAG+그러/VV+고/EC+도/JX+남/VV+을/ETM+듯ㅠ/UNKNOWN"
          },
          {
            "id": 8,
            "text": "1 : 이 시국 연애 쉽지 않네 ㅠ",
            "norm_text": "이 시국 연애 쉽지 않네 ㅠ",
            "speaker": {
              "id": "1번",
              "sex": "여성",
              "age": "20대"
            },
            "speechAct": "(단언) 진술하기",
            "morpheme": "이/MM+시국/NNG+연애/NNG+쉽/VA+지/EC+않/VX+네/EF+ㅠ/UNKNOWN"
          },
          {
            "id": 9,
            "text": "1 : 넌 요새 어때?",
            "norm_text": "넌 요새 어때?",
            "speaker": {
              "id": "1번",
              "sex": "여성",
              "age": "20대"
            },
            "speechAct": "(지시) 질문하기",
            "morpheme": "넌/NP+JX+요새/NNG+어때/VA+EF"
          },
          {
            "id": 10,
            "text": "1 : 남친 생겼어?",
            "norm_text": "남친 생겼어?",
            "speaker": {
              "id": "1번",
              "sex": "여성",
              "age": "20대"
            },
            "speechAct": "(지시) 질문하기",
            "morpheme": "남친/NNG+생겼/VV+EP+어/EF"
          },
          {
            "id": 11,
            "text": "2 : 하… 말도 마 ㅠㅠ 살을 더 빼야 뭐 소개팅을 받던지 하지 ㅠ",
            "norm_text": "하… 말도 마 ㅠㅠ 살을 더 빼야 뭐 소개팅을 받던지 하지 ㅠ",
            "speaker": {
              "id": "2번",
              "sex": "여성",
              "age": "20대"
            },
            "speechAct": "(단언) 진술하기",
            "morpheme": "하/IC+…/SE+말/NNG+도마/NNG+ㅠㅠ/UNKNOWN+살/NNG+을/JKO+더/MAG+빼/VV+야/EF+뭐/IC+소개팅/NNG+을/JKO+받/VV+던지/EC+하/VV+지/EC+ㅠ/UNKNOWN"
          },
          {
            "id": 12,
            "text": "1 : 새로 간 회사에는 좀 괜찮은 남자 없어? ㅠ",
            "norm_text": "새로 간 회사에는 좀 괜찮은 남자 없어? ㅠ",
            "speaker": {
              "id": "1번",
              "sex": "여성",
              "age": "20대"
            },
            "speechAct": "(지시) 질문하기",
            "morpheme": "새로/MAG+간/VV+ETM+회사/NNG+에/JKB+는/JX+좀/MAG+괜찮/VA+은/ETM+남자/NNG+없/VA+어/EF+ㅠ/UNKNOWN"
          },
          {
            "id": 13,
            "text": "2 : 다른 건물에는 좀 많은데 내가 가는 건물은 전멸 같아",
            "norm_text": "다른 건물에는 좀 많은데 내가 가는 건물은 전멸 같아",
            "speaker": {
              "id": "2번",
              "sex": "여성",
              "age": "20대"
            },
            "speechAct": "(단언) 진술하기",
            "morpheme": "다른/MM+건물/NNG+에/JKB+는/JX+좀/MAG+많/VA+은데/EC+내/NP+가/JKS+가/VV+는/ETM+건물/NNG+은/JX+전멸/NNG+같/VA+아/EC"
          },
          {
            "id": 14,
            "text": "1 : 키키 전멸 아님 소개팅을 좀 받아보지?",
            "norm_text": "키키 전멸 아님 소개팅을 좀 받아보지?",
            "speaker": {
              "id": "1번",
              "sex": "여성",
              "age": "20대"
            },
            "speechAct": "(지시) 충고/제안하기",
            "morpheme": "키/NNG+키/NNG+전멸/NNG+아님/VCN+ETN+소개팅/NNG+을/JKO+좀/MAG+받/VV+아/EC+보/VX+지/EF"
          },
          {
            "id": 15,
            "text": "1 : 해주는 사람 없어?",
            "norm_text": "해주는 사람 없어?",
            "speaker": {
              "id": "1번",
              "sex": "여성",
              "age": "20대"
            },
            "speechAct": "(지시) 질문하기",
            "morpheme": "해/VV+EC+주/VX+는/ETM+사람/NNG+없/VA+어/EF"
          },
          {
            "id": 16,
            "text": "2 : 뭐 찾으면 없지야 않겠지만… 다이어트도 그렇고 나도 이 시국이 좀…",
            "norm_text": "뭐 찾으면 없지야 않겠지만… 다이어트도 그렇고 나도 이 시국이 좀…",
            "speaker": {
              "id": "2번",
              "sex": "여성",
              "age": "20대"
            },
            "speechAct": "(단언) 진술하기",
            "morpheme": "뭐/IC+찾/VV+으면/EC+없/VA+지/EC+야/JX+않/VX+겠/EP+지만/EC+…/SE+다이어트/NNG+도/JX+그렇/VA+고/EC+나/NP+도/JX+이/MM+시국/NNG+이/JKS+좀/MAG+…/SE"
          },
          {
            "id": 17,
            "text": "1 : 그러니까 코로나 때문에 소개팅도 힘들더라… 동선이 파악이 안 되니",
            "norm_text": "그러니까 코로나 때문에 소개팅도 힘들더라… 동선이 파악이 안 되니",
            "speaker": {
              "id": "1번",
              "sex": "여성",
              "age": "20대"
            },
            "speechAct": "(지시) 질문하기",
            "morpheme": "그러니까/MAJ+코로나/NNG+때문/NNB+에/JKB+소개팅/NNG+도/JX+힘들/VA+더라/EC+…/SE+동선/NNG+이/JKS+파악/NNG+이/JKS+안/MAG+되/VV+니/EC"
          },
          {
            "id": 18,
            "text": "2 : 그러게 ㅠㅠ 확실히 완전 모르는 사람 만나는 건 부담돼",
            "norm_text": "그러게 ㅠㅠ 확실히 완전 모르는 사람 만나는 건 부담돼",
            "speaker": {
              "id": "2번",
              "sex": "여성",
              "age": "20대"
            },
            "speechAct": "(단언) 진술하기",
            "morpheme": "그러/VV+게/EC+ㅠㅠ/UNKNOWN+확실히/MAG+완전/MAG+모르/VV+는/ETM+사람/NNG+만나/VV+는/ETM+건/NNB+JX+부담/NNG+돼/XSV+EC"
          },
          {
            "id": 19,
            "text": "1 : 그래도 이 시국에 잘 만나는 사람은 만나던데 그치?",
            "norm_text": "그래도 이 시국에 잘 만나는 사람은 만나던데 그치?",
            "speaker": {
              "id": "1번",
              "sex": "여성",
              "age": "20대"
            },
            "speechAct": "(단언) 진술하기",
            "morpheme": "그래도/MAJ+이/MM+시국/NNG+에/JKB+잘/MAG+만나/VV+는/ETM+사람/NNG+은/JX+만나/VV+던데/EC+그치/IC"
          },
          {
            "id": 20,
            "text": "2 : 아 그래서 더 열받아 키키 나만 남자친구 없어~ 큰일임 ㅠ",
            "norm_text": "아 그래서 더 열받아 키키 나만 남자친구 없어~ 큰일임 ㅠ",
            "speaker": {
              "id": "2번",
              "sex": "여성",
              "age": "20대"
            },
            "speechAct": "(단언) 진술하기",
            "morpheme": "아/IC+그래서/MAJ+더/MAG+열받/VV+아/EC+키/NNG+키나/XSA+ETN+JX+만/JX+남자/NNG+친구/NNG+없/VA+어/EC+~/SY+큰일임ㅠ/UNKNOWN"
          }
        ]
      }
    }
  ]
}