{
  "dataset": {
    "identifier": 45770,
    "name": "KAKAO_935_09_set",
    "src_path": "/data/file/cubeManager/PROJECT001/53/txt20211006121811013026/KAKAO_935_09_set/",
    "label_path": "/data/file/cubeManager/PROJECT001/53/txt20211006121811013026/KAKAO_935_09_set/",
    "category": 2,
    "type": 0
  },
  "licenses": {
    "name": "Apache License 1.0",
    "url": "http://www.apache.org/licenses/LICENSE-1.0"
  },
  "info": [
    {
      "id": 42789,
      "filename": "KAKAO_935_09.txt",
      "title": "KAKAO_935_09",
      "mediatype": "SNS",
      "medianame": "카카오톡",
      "category": "일상대화",
      "date": "2021-10-06",
      "size": 811,
      "annotations": {
        "subject": "반려동물",
        "speaker_type": "다자간 대화",
        "size": 811,
        "word_size": 259,
        "text": "1 : 사료 기호성 테스트 다들 해보셨어요?\n2 : 음 저는 막 인터넷에 나온 것처럼 해보진 않았어요\n3 : 구름이는 워낙 잘 먹어서요 히히\n1 : 저는 사월이가 입이 워낙 짧고 잘 안 먹어서 해보려는데 쉽지가 않아요\n2 : 왜요 왜요? 저 이것저것 샘플 사료 많은데 좀 드릴까요?\n3 : 앗 저도 여러 개 있는데 드릴까요?\n1 : 아 그런 게 아니라 당장은 잘 먹어도 한 이틀 정도 먹고 나면 다시 잘 안 먹어요\n2 : 아 맞다 코코도 가끔 그래요 ㅠ\n3 : 구름이는 뭘 줘도 다 잘 먹어서 다행히 사료 걱정은 안 해도 돼요\n1 : 그나마 다행스러운 건 알러지는 없다는 거?\n2 : 오오 그건 진짜 복 받은 거예요\n3 : 구름이는 연어에 좀 알러지가 있는 것 같아요\n1 : 아 맞다 지난 번에 연어 100%인 거는 안 된다고 했었죠?\n2 : 아 구름이가 연어에 알러지가 있구나\n3 : 네 그리고 그 플라그오프 거기에도 눈물이 좀 나는 거 봐선 아무래도 해조류나 이런 데 알러지가 있는 게 아닐까 싶어요\n1 : 사월이는 닭고기 사료를 별로 안 좋아하는 거 같아요\n2 : 코코는 나우 먹다가 지위픽도 좀 먹다가 지금은 파미나 청어 먹어요\n3 : 아 맞아요 청어 우리 지난 번에 사기로 했는데\n1 : 그러니까요 급 수급에 문제가 생길 게 뭐예요...\n2 : 이제 청어 얼마 안 남아서 진짜로 다른 거 시켜야 되는데 멧돼지는 잘 먹어주면 좋겠어요\n3 : 저도 구름이가 돼지는 조금 알러지 있는 거 같아서 멧돼지는 괜찮을지 모르겠어요\n1 : 사월이는 청어, 연어, 오리 이런 거 좋아하는 거 같아요\n2 : 지난 번에 말고기도 잘 먹는다지 않았어요?\n3 : 아아! 맞아요 말 육포 엄청 잘 먹었잖아요",
        "lines": [
          {
            "id": 1,
            "text": "1 : 사료 기호성 테스트 다들 해보셨어요?",
            "norm_text": "사료 기호성 테스트 다들 해보셨어요?",
            "speaker": {
              "id": "1번",
              "sex": "여성",
              "age": "30대"
            },
            "speechAct": "(지시) 질문하기",
            "morpheme": "사료/NNG+기호/NNG+성/XSN+테스트/NNG+다/NNG+들/XSN+해/VV+EC+보/VX+셨/EP+EP+어요/EF"
          },
          {
            "id": 2,
            "text": "2 : 음 저는 막 인터넷에 나온 것처럼 해보진 않았어요",
            "norm_text": "음 저는 막 인터넷에 나온 것처럼 해보진 않았어요",
            "speaker": {
              "id": "2번",
              "sex": "여성",
              "age": "40대"
            },
            "speechAct": "(단언) 주장하기",
            "morpheme": "음/IC+저/NP+는/JX+막/MAJ+인터넷/NNG+에/JKB+나온/VV+ETM+것/NNB+처럼/JKB+해/VV+EC+보/VX+진/EC+JX+않/VX+았/EP+어요/EF"
          },
          {
            "id": 3,
            "text": "3 : 구름이는 워낙 잘 먹어서요 히히",
            "norm_text": "구름이는 워낙 잘 먹어서요 히히",
            "speaker": {
              "id": "3번",
              "sex": "여성",
              "age": "10대"
            },
            "speechAct": "(단언) 주장하기",
            "morpheme": "구름/NNP+이/XSN+는/JX+워낙/MAG+잘/MAG+먹/VV+어서요/EC+히히/MAG"
          },
          {
            "id": 4,
            "text": "1 : 저는 사월이가 입이 워낙 짧고 잘 안 먹어서 해보려는데 쉽지가 않아요",
            "norm_text": "저는 사월이가 입이 워낙 짧고 잘 안 먹어서 해보려는데 쉽지가 않아요",
            "speaker": {
              "id": "1번",
              "sex": "여성",
              "age": "30대"
            },
            "speechAct": "(단언) 주장하기",
            "morpheme": "저/NP+는/JX+사월/NNG+이/JKS+가입/NNG+이/JKS+워낙/MAG+짧/VA+고/EC+잘/MAG+안/MAG+먹/VV+어서/EC+해/VV+EC+보/VX+려는/ETM+데/NNB+쉽/VA+지/EC+가/JX+않/VX+아요/EC"
          },
          {
            "id": 5,
            "text": "2 : 왜요 왜요? 저 이것저것 샘플 사료 많은데 좀 드릴까요?",
            "norm_text": "왜요 왜요? 저 이것저것 샘플 사료 많은데 좀 드릴까요?",
            "speaker": {
              "id": "2번",
              "sex": "여성",
              "age": "40대"
            },
            "speechAct": "(지시) 충고/제안하기",
            "morpheme": "왜/MAG+요/JX+왜/MAG+요/JX+저/MM+이것저것/NNG+샘플/NNG+사료/NNG+많/VA+은데/EC+좀/MAG+드릴까요/VV+EF"
          },
          {
            "id": 6,
            "text": "3 : 앗 저도 여러 개 있는데 드릴까요?",
            "norm_text": "앗 저도 여러 개 있는데 드릴까요?",
            "speaker": {
              "id": "3번",
              "sex": "여성",
              "age": "10대"
            },
            "speechAct": "(지시) 충고/제안하기",
            "morpheme": "앗/IC+저/NP+도/JX+여러/MM+개/NNBC+있/VA+는데/EC+드릴까요/VX+EF"
          },
          {
            "id": 7,
            "text": "1 : 아 그런 게 아니라 당장은 잘 먹어도 한 이틀 정도 먹고 나면 다시 잘 안 먹어요",
            "norm_text": "아 그런 게 아니라 당장은 잘 먹어도 한 이틀 정도 먹고 나면 다시 잘 안 먹어요",
            "speaker": {
              "id": "1번",
              "sex": "여성",
              "age": "30대"
            },
            "speechAct": "(단언) 주장하기",
            "morpheme": "아/IC+그런/MM+게/NNB+JKC+아니/VCN+라/EC+당장/NNG+은/JX+잘/MAG+먹/VV+어도/EC+한/MM+이틀/NNG+정도/NNG+먹/VV+고/EC+나/VX+면/EC+다시/MAG+잘/MAG+안/MAG+먹/VV+어요/EF"
          },
          {
            "id": 8,
            "text": "2 : 아 맞다 코코도 가끔 그래요 ㅠ",
            "norm_text": "아 맞다 코코도 가끔 그래요 ㅠ",
            "speaker": {
              "id": "2번",
              "sex": "여성",
              "age": "40대"
            },
            "speechAct": "(단언) 주장하기",
            "morpheme": "아/IC+맞/VV+다/EC+코코/NNG+도/JX+가끔/MAG+그래요/VV+EF+ㅠ/UNKNOWN"
          },
          {
            "id": 9,
            "text": "3 : 구름이는 뭘 줘도 다 잘 먹어서 다행히 사료 걱정은 안 해도 돼요",
            "norm_text": "구름이는 뭘 줘도 다 잘 먹어서 다행히 사료 걱정은 안 해도 돼요",
            "speaker": {
              "id": "3번",
              "sex": "여성",
              "age": "10대"
            },
            "speechAct": "(단언) 진술하기",
            "morpheme": "구름/NNP+이/XSN+는/JX+뭘/NP+JKO+줘도/VV+EC+다/MAG+잘/MAG+먹/VV+어서/EC+다행히/MAG+사료/NNG+걱정/NNG+은/JX+안/MAG+해도/VV+EC+돼요/VV+EC"
          },
          {
            "id": 10,
            "text": "1 : 그나마 다행스러운 건 알러지는 없다는 거?",
            "norm_text": "그나마 다행스러운 건 알러지는 없다는 거?",
            "speaker": {
              "id": "1번",
              "sex": "여성",
              "age": "30대"
            },
            "speechAct": "(단언) 주장하기",
            "morpheme": "그나마/MAG+다행/NNG+스러운/XSA+ETM+건/NNB+JX+알/VV+러/EC+지/VX+는/ETM+없/VA+다는/ETM+거/NNB"
          },
          {
            "id": 11,
            "text": "2 : 오오 그건 진짜 복 받은 거예요",
            "norm_text": "오오 그건 진짜 복 받은 거예요",
            "speaker": {
              "id": "2번",
              "sex": "여성",
              "age": "40대"
            },
            "speechAct": "(단언) 주장하기",
            "morpheme": "오오/IC+그건/NP+JX+진짜/MAG+복/MAG+받/VV+은/ETM+거/NNB+예요/VCP+EF"
          },
          {
            "id": 12,
            "text": "3 : 구름이는 연어에 좀 알러지가 있는 것 같아요",
            "norm_text": "구름이는 연어에 좀 알러지가 있는 것 같아요",
            "speaker": {
              "id": "3번",
              "sex": "여성",
              "age": "10대"
            },
            "speechAct": "(단언) 주장하기",
            "morpheme": "구름/NNP+이/XSN+는/JX+연어/NNG+에/JKB+좀/MAG+알/VV+러지/EF+가/JKS+있/VA+는/ETM+것/NNB+같/VA+아요/EC"
          },
          {
            "id": 13,
            "text": "1 : 아 맞다 지난 번에 연어 100%인 거는 안 된다고 했었죠?",
            "norm_text": "아 맞다 지난 번에 연어 100%인 거는 안 된다고 했었죠?",
            "speaker": {
              "id": "1번",
              "sex": "여성",
              "age": "30대"
            },
            "speechAct": "(단언) 주장하기",
            "morpheme": "아/IC+맞/VV+다/EC+지난번/NNG+에/JKB+연어/NNG+100/SN+%/SY+인/VCP+ETM+거/NNB+는/JX+안/MAG+된다고/VV+EC+했었/VX+EP+죠/EF"
          },
          {
            "id": 14,
            "text": "2 : 아 구름이가 연어에 알러지가 있구나",
            "norm_text": "아 구름이가 연어에 알러지가 있구나",
            "speaker": {
              "id": "2번",
              "sex": "여성",
              "age": "40대"
            },
            "speechAct": "(단언) 주장하기",
            "morpheme": "아/IC+구름/NNP+이/XSN+가/JKS+연어/NNG+에/JKB+알/VV+러지/EF+가/JKS+있/VA+구나/EC"
          },
          {
            "id": 15,
            "text": "3 : 네 그리고 그 플라그오프 거기에도 눈물이 좀 나는 거 봐선 아무래도 해조류나 이런 데 알러지가 있는 게 아닐까 싶어요",
            "norm_text": "네 그리고 그 플라그오프 거기에도 눈물이 좀 나는 거 봐선 아무래도 해조류나 이런 데 알러지가 있는 게 아닐까 싶어요",
            "speaker": {
              "id": "3번",
              "sex": "여성",
              "age": "10대"
            },
            "speechAct": "(단언) 주장하기",
            "morpheme": "네/IC+그리고/MAJ+그/MM+플라/NNP+그/MM+오프/NNG+거기/NP+에/JKB+도/JX+눈물/NNG+이/JKS+좀/MAG+나/VV+는/ETM+거/NNB+봐선/VV+EC+JX+아무래도/MAG+해조류/NNG+나/JC+이런/MM+데/NNB+알/VV+러지/EF+가/JKS+있/VA+는/ETM+게/NNB+JKC+아닐까/VCN+EC+싶/VX+어요/EF"
          },
          {
            "id": 16,
            "text": "1 : 사월이는 닭고기 사료를 별로 안 좋아하는 거 같아요",
            "norm_text": "사월이는 닭고기 사료를 별로 안 좋아하는 거 같아요",
            "speaker": {
              "id": "1번",
              "sex": "여성",
              "age": "30대"
            },
            "speechAct": "(단언) 주장하기",
            "morpheme": "사월/NNP+이/XSN+는/JX+닭고기/NNG+사료/NNG+를/JKO+별로/MAG+안/MAG+좋아하/VV+는/ETM+거/NNB+같/VA+아요/EC"
          },
          {
            "id": 17,
            "text": "2 : 코코는 나우 먹다가 지위픽도 좀 먹다가 지금은 파미나 청어 먹어요",
            "norm_text": "코코는 나우 먹다가 지위픽도 좀 먹다가 지금은 파미나 청어 먹어요",
            "speaker": {
              "id": "2번",
              "sex": "여성",
              "age": "40대"
            },
            "speechAct": "(단언) 주장하기",
            "morpheme": "코코/NNG+는/JX+나우/MAG+먹/VV+다가/EC+지위/NNG+픽/NNG+도/JX+좀/MAG+먹/VV+다가/EC+지금/MAG+은/JX+파미/NNG+나/JC+청어/NNG+먹/VV+어요/EF"
          },
          {
            "id": 18,
            "text": "3 : 아 맞아요 청어 우리 지난 번에 사기로 했는데",
            "norm_text": "아 맞아요 청어 우리 지난 번에 사기로 했는데",
            "speaker": {
              "id": "3번",
              "sex": "여성",
              "age": "10대"
            },
            "speechAct": "(단언) 주장하기",
            "morpheme": "아/IC+맞/VV+아/EC+요청/NNG+어/IC+우리/NP+지난번/NNG+에/JKB+사/VV+기/ETN+로/JKB+했/VV+EP+는데/EC"
          },
          {
            "id": 19,
            "text": "1 : 그러니까요 급 수급에 문제가 생길 게 뭐예요...",
            "norm_text": "그러니까요 급 수급에 문제가 생길 게 뭐예요...",
            "speaker": {
              "id": "1번",
              "sex": "여성",
              "age": "30대"
            },
            "speechAct": "(단언) 주장하기",
            "morpheme": "그러니까/MAJ+요급/NNG+수급/NNG+에/JKB+문제/NNG+가/JKS+생길/VV+ETM+게/NNB+JKS+뭐/NP+예요/VCP+EF+./SY"
          },
          {
            "id": 20,
            "text": "2 : 이제 청어 얼마 안 남아서 진짜로 다른 거 시켜야 되는데 멧돼지는 잘 먹어주면 좋겠어요",
            "norm_text": "이제 청어 얼마 안 남아서 진짜로 다른 거 시켜야 되는데 멧돼지는 잘 먹어주면 좋겠어요",
            "speaker": {
              "id": "2번",
              "sex": "여성",
              "age": "40대"
            },
            "speechAct": "(단언) 주장하기",
            "morpheme": "이제/MAG+청어/NNG+얼마/NNG+안/MAG+남/VV+아서/EC+진짜/NNG+로/JKB+다른/VA+ETM+거/NNB+시켜야/VV+EC+되/VV+는데/EC+멧돼지/NNG+는/JX+잘/MAG+먹/VV+어/EC+주/VX+면/EC+좋/VA+겠/EP+어요/EF"
          },
          {
            "id": 21,
            "text": "3 : 저도 구름이가 돼지는 조금 알러지 있는 거 같아서 멧돼지는 괜찮을지 모르겠어요",
            "norm_text": "저도 구름이가 돼지는 조금 알러지 있는 거 같아서 멧돼지는 괜찮을지 모르겠어요",
            "speaker": {
              "id": "3번",
              "sex": "여성",
              "age": "10대"
            },
            "speechAct": "(단언) 주장하기",
            "morpheme": "저/NP+도/JX+구름/NNP+이/XSN+가/JKS+돼지/NNG+는/JX+조금/MAG+알/VV+러지/EF+있/VA+는/ETM+거/NNB+같/VA+아서/EC+멧돼지/NNG+는/JX+괜찮/VA+을지/EC+모르/VV+겠/EP+어요/EF"
          },
          {
            "id": 22,
            "text": "1 : 사월이는 청어, 연어, 오리 이런 거 좋아하는 거 같아요",
            "norm_text": "사월이는 청어, 연어, 오리 이런 거 좋아하는 거 같아요",
            "speaker": {
              "id": "1번",
              "sex": "여성",
              "age": "30대"
            },
            "speechAct": "(단언) 주장하기",
            "morpheme": "사월/NNP+이/XSN+는/JX+청어/NNG+,/SC+연어/NNG+,/SC+오리/NNG+이런/MM+거/NNB+좋/VA+아/EC+하/VV+는/ETM+거/NNB+같/VA+아요/EC"
          },
          {
            "id": 23,
            "text": "2 : 지난 번에 말고기도 잘 먹는다지 않았어요?",
            "norm_text": "지난 번에 말고기도 잘 먹는다지 않았어요?",
            "speaker": {
              "id": "2번",
              "sex": "여성",
              "age": "40대"
            },
            "speechAct": "(지시) 질문하기",
            "morpheme": "지난번/NNG+에/JKB+말고기/NNG+도/JX+잘/MAG+먹/VV+는다지/EC+않/VX+았/EP+어요/EF"
          },
          {
            "id": 24,
            "text": "3 : 아아! 맞아요 말 육포 엄청 잘 먹었잖아요",
            "norm_text": "아아! 맞아요 말 육포 엄청 잘 먹었잖아요",
            "speaker": {
              "id": "3번",
              "sex": "여성",
              "age": "10대"
            },
            "speechAct": "(단언) 주장하기",
            "morpheme": "아아/IC+맞/VV+아요/EF+말/NNG+육포/NNG+엄청/MAG+잘/MAG+먹/VV+었/EP+잖아요/EC"
          }
        ]
      }
    }
  ]
}