{
  "dataset": {
    "identifier": 68935,
    "name": "KAKAO_950_20_set",
    "src_path": "/data/file/cubeManager/PROJECT001/53/txt20211005163249098350/KAKAO_950_20_set/",
    "label_path": "/data/file/cubeManager/PROJECT001/53/txt20211005163249098350/KAKAO_950_20_set/",
    "category": 2,
    "type": 0
  },
  "licenses": {
    "name": "Apache License 1.0",
    "url": "http://www.apache.org/licenses/LICENSE-1.0"
  },
  "info": [
    {
      "id": 42578,
      "filename": "KAKAO_950_20.txt",
      "title": "KAKAO_950_20",
      "mediatype": "SNS",
      "medianame": "카카오톡",
      "category": "일상대화",
      "date": "2021-10-05",
      "size": 469,
      "annotations": {
        "subject": "영화/만화",
        "speaker_type": "1:1",
        "size": 469,
        "word_size": 157,
        "text": "1 : 이번 주말에는 영화 뭐 보지?\n2 : 니가 영화를 보나? 니 마블 아니면 안 보잖아\n1 : 야 뭔 소리야 키키 마블을 좋아하긴 해도 그것만 보는 건 아님\n2 : 니 맨날 영화 보러 가자고 하면 싫다하더니만\n1 : 아니 그건 니랑 가기 싫은 거임 키키\n2 : 역시 사회성 떨어지는 거 보소 키키\n1 : 나는 영화관은 주로 혼자 감 그게 편하던데\n2 : 심각하네 영화는 같이 보고 떠드는 재미로 보는 건데?\n1 : 사람마다 다른 거지 키키 나는 소개팅 때 영화 본 거 넘 싫었음\n2 : 야 누가 생각 없이 소개팅에서 영화를 봐\n1 : 나는 두 번이나 그랬음 키키 진짜 어색하고 싫더라\n2 : 헐 진짜?  대박 키키 뭐 봤는데? 궁금하다\n1 : 처음에는 광해 봤고 두 번째에는 검은 사제들 봤음\n2 : 이병헌이랑 강동원 나오는 거 봤으면 소개팅남 오징어로 보였을 듯\n1 : 키키 아 그래서 잘 안됐나 봄 키키\n2 : 검은 사제들 보면서 꺄악! 하면서 안기지 그랬노",
        "lines": [
          {
            "id": 1,
            "text": "1 : 이번 주말에는 영화 뭐 보지?",
            "norm_text": "이번 주말에는 영화 뭐 보지?",
            "speaker": {
              "id": "1번",
              "sex": "여성",
              "age": "20대"
            },
            "speechAct": "(지시) 질문하기",
            "morpheme": "이번/NNG+주말/NNG+에/JKB+는/JX+영화/NNG+뭐/IC+보/VV+지/EF"
          },
          {
            "id": 2,
            "text": "2 : 니가 영화를 보나? 니 마블 아니면 안 보잖아",
            "norm_text": "니가 영화를 보나? 니 마블 아니면 안 보잖아",
            "speaker": {
              "id": "2번",
              "sex": "여성",
              "age": "20대"
            },
            "speechAct": "(단언) 주장하기",
            "morpheme": "니/NP+가/JKS+영화/NNG+를/JKO+보/VV+나/EF+니/MM+마블/NNG+아니/VCN+면/EC+안/MAG+보/VV+잖아/EC"
          },
          {
            "id": 3,
            "text": "1 : 야 뭔 소리야 키키 마블을 좋아하긴 해도 그것만 보는 건 아님",
            "norm_text": "야 뭔 소리야 키키 마블을 좋아하긴 해도 그것만 보는 건 아님",
            "speaker": {
              "id": "1번",
              "sex": "여성",
              "age": "20대"
            },
            "speechAct": "(단언) 주장하기",
            "morpheme": "야/IC+뭔/MM+소리야/NNG+키/NNG+키/NNG+마블/NNG+을/JKO+좋아하/VV+긴/ETN+JX+해도/VX+EC+그것/NP+만/JX+보/VV+는/ETM+건/NNB+JX+아님/VCN+ETN"
          },
          {
            "id": 4,
            "text": "2 : 니 맨날 영화 보러 가자고 하면 싫다하더니만",
            "norm_text": "니 맨날 영화 보러 가자고 하면 싫다하더니만",
            "speaker": {
              "id": "2번",
              "sex": "여성",
              "age": "20대"
            },
            "speechAct": "(단언) 진술하기",
            "morpheme": "니/NP+맨날/MAG+영화/NNG+보/VV+러/EC+가/VX+자고/EC+하/VV+면/EC+싫/VA+다/EC+하/VV+더니만/EC"
          },
          {
            "id": 5,
            "text": "1 : 아니 그건 니랑 가기 싫은 거임 키키",
            "norm_text": "아니 그건 니랑 가기 싫은 거임 키키",
            "speaker": {
              "id": "1번",
              "sex": "여성",
              "age": "20대"
            },
            "speechAct": "(단언) 주장하기",
            "morpheme": "아니/IC+그건/NP+JX+니/NP+랑/JKB+가/VV+기/ETN+싫/VA+은/ETM+거/NNB+임/VCP+ETN+키/NNG+키/XSV+ETN"
          },
          {
            "id": 6,
            "text": "2 : 역시 사회성 떨어지는 거 보소 키키",
            "norm_text": "역시 사회성 떨어지는 거 보소 키키",
            "speaker": {
              "id": "2번",
              "sex": "여성",
              "age": "20대"
            },
            "speechAct": "(단언) 주장하기",
            "morpheme": "역시/MAJ+사회/NNG+성/XSN+떨어지/VV+는/ETM+거/NNB+보소/NNG+키/NNG+키/XSV+ETN"
          },
          {
            "id": 7,
            "text": "1 : 나는 영화관은 주로 혼자 감 그게 편하던데",
            "norm_text": "나는 영화관은 주로 혼자 감 그게 편하던데",
            "speaker": {
              "id": "1번",
              "sex": "여성",
              "age": "20대"
            },
            "speechAct": "(단언) 진술하기",
            "morpheme": "나/NP+는/JX+영화관/NNG+은/JX+주로/MAG+혼자/NNG+감/XSN+그게/NP+JKS+편하/VA+던데/EC"
          },
          {
            "id": 8,
            "text": "2 : 심각하네 영화는 같이 보고 떠드는 재미로 보는 건데?",
            "norm_text": "심각하네 영화는 같이 보고 떠드는 재미로 보는 건데?",
            "speaker": {
              "id": "2번",
              "sex": "여성",
              "age": "20대"
            },
            "speechAct": "(단언) 주장하기",
            "morpheme": "심각/XR+하/XSA+네/EF+영화/NNG+는/JX+같이/MAG+보/VV+고/EC+떠드/VV+는/ETM+재미/NNG+로/JKB+보/VV+는/ETM+건데/NNB+VCP+EF"
          },
          {
            "id": 9,
            "text": "1 : 사람마다 다른 거지 키키 나는 소개팅 때 영화 본 거 넘 싫었음",
            "norm_text": "사람마다 다른 거지 키키 나는 소개팅 때 영화 본 거 넘 싫었음",
            "speaker": {
              "id": "1번",
              "sex": "여성",
              "age": "20대"
            },
            "speechAct": "(단언) 진술하기",
            "morpheme": "사람/NNG+마다/JX+다른/VA+ETM+거/NNB+지/VCP+EC+키/NNG+키나/XSA+ETN+JX+는/JX+소개팅/NNG+때/NNG+영화/NNG+본/VV+ETM+거/NNB+넘/MAG+싫/VA+었/EP+음/ETN"
          },
          {
            "id": 10,
            "text": "2 : 야 누가 생각 없이 소개팅에서 영화를 봐",
            "norm_text": "야 누가 생각 없이 소개팅에서 영화를 봐",
            "speaker": {
              "id": "2번",
              "sex": "여성",
              "age": "20대"
            },
            "speechAct": "(단언) 주장하기",
            "morpheme": "야/IC+누가/NP+JKS+생각/NNG+없이/MAG+소개팅/NNG+에서/JKB+영화/NNG+를/JKO+봐/VV+EC"
          },
          {
            "id": 11,
            "text": "1 : 나는 두 번이나 그랬음 키키 진짜 어색하고 싫더라",
            "norm_text": "나는 두 번이나 그랬음 키키 진짜 어색하고 싫더라",
            "speaker": {
              "id": "1번",
              "sex": "여성",
              "age": "20대"
            },
            "speechAct": "(단언) 진술하기",
            "morpheme": "나/NP+는/JX+두/MM+번/NNBC+이나/JX+그랬음/VA+EP+EC+키/NNG+키/XSV+ETN+진짜/MAG+어색/XR+하/XSA+고/EC+싫/VA+더라/EC"
          },
          {
            "id": 12,
            "text": "2 : 헐 진짜?  대박 키키 뭐 봤는데? 궁금하다",
            "norm_text": "헐 진짜?  대박 키키 뭐 봤는데? 궁금하다",
            "speaker": {
              "id": "2번",
              "sex": "여성",
              "age": "20대"
            },
            "speechAct": "(지시) 질문하기",
            "morpheme": "헐/IC+진짜/MAG+대박/NNG+키/NNG+키/XSV+ETN+뭐/IC+봤/VV+EP+는데/EF+궁금/XR+하/XSA+다/EC"
          },
          {
            "id": 13,
            "text": "1 : 처음에는 광해 봤고 두 번째에는 검은 사제들 봤음",
            "norm_text": "처음에는 광해 봤고 두 번째에는 검은 사제들 봤음",
            "speaker": {
              "id": "1번",
              "sex": "여성",
              "age": "20대"
            },
            "speechAct": "(단언) 진술하기",
            "morpheme": "처음/NNG+에/JKB+는/JX+광/NNG+해/XSV+EC+봤/VX+EP+고/EC+두/MM+번/NNBC+째/XSN+에/JKB+는/JX+검/VA+은/ETM+사제/NNG+들/XSN+봤/VV+EP+음/ETN"
          },
          {
            "id": 14,
            "text": "2 : 이병헌이랑 강동원 나오는 거 봤으면 소개팅남 오징어로 보였을 듯",
            "norm_text": "이병헌이랑 강동원 나오는 거 봤으면 소개팅남 오징어로 보였을 듯",
            "speaker": {
              "id": "2번",
              "sex": "여성",
              "age": "20대"
            },
            "speechAct": "(단언) 주장하기",
            "morpheme": "이병헌/NNP+이랑/JC+강동원/NNP+나오/VV+는/ETM+거/NNB+봤/VV+EP+으면/EC+소개팅/NNG+남/NNG+오징어/NNG+로/JKB+보였/VV+EP+을/ETM+듯/NNB"
          },
          {
            "id": 15,
            "text": "1 : 키키 아 그래서 잘 안됐나 봄 키키",
            "norm_text": "키키 아 그래서 잘 안됐나 봄 키키",
            "speaker": {
              "id": "1번",
              "sex": "여성",
              "age": "20대"
            },
            "speechAct": "(단언) 주장하기",
            "morpheme": "키/NNG+키/XSV+ETN+아/IC+그래서/MAJ+잘/MAG+안/MAG+됐/VV+EP+나/EC+봄/NNG+키/NNG+키/XSV+ETN"
          },
          {
            "id": 16,
            "text": "2 : 검은 사제들 보면서 꺄악! 하면서 안기지 그랬노",
            "norm_text": "검은 사제들 보면서 꺄악! 하면서 안기지 그랬노",
            "speaker": {
              "id": "2번",
              "sex": "여성",
              "age": "20대"
            },
            "speechAct": "(단언) 주장하기",
            "morpheme": "검/VA+은/ETM+사제/NNG+들/XSN+보/VV+면서/EC+꺄악/IC+하/VV+면서/EC+안기/VV+지/EC+그랬/VV+EP+노/EC"
          }
        ]
      }
    }
  ]
}