{
  "dataset": {
    "identifier": 67855,
    "name": "KAKAO_993_17_set",
    "src_path": "/data/file/cubeManager/PROJECT001/53/txt20211006122603013298/KAKAO_993_17_set/",
    "label_path": "/data/file/cubeManager/PROJECT001/53/txt20211006122603013298/KAKAO_993_17_set/",
    "category": 2,
    "type": 0
  },
  "licenses": {
    "name": "Apache License 1.0",
    "url": "http://www.apache.org/licenses/LICENSE-1.0"
  },
  "info": [
    {
      "id": 43037,
      "filename": "KAKAO_993_17.txt",
      "title": "KAKAO_993_17",
      "mediatype": "SNS",
      "medianame": "카카오톡",
      "category": "일상대화",
      "date": "2021-10-06",
      "size": 663,
      "annotations": {
        "subject": "건강",
        "speaker_type": "1:1",
        "size": 663,
        "word_size": 203,
        "text": "1 : 아 난 천만원이면 진짜 행복할 듯 스트레스 그것이 만병의 근원이거늘 만수무강 할 수 있겠어\n2 : 천만원 언제모아... 1억은 또 언제모으니 ㅠㅠ\n2 : 건강 팔아서 버는 돈이다 진짜 언제까지 일할 수 있으려나\n1 : 1억이요? 진짜 그게 내 수중에 들어올 수 있는 돈이가 싶은데 심지어 1억 모아도 할 수 있는 거 없음 키키\n2 : 왜 못해 집은 살수 있어 너가 원하던 내 집마련 가능임\n1 : 천안 원룸 복층 오피스텔 8천인가 한다\n2 : ㄴㄴ 거긴 번화가이라 그러겠지 우리동네  24평 1억 3천인가 그러고 우리아파트도 경매로 1억1천에 나옴\n1 : 아 진짜? 동네마다 많이 다른가봐 그 정도면 애써 모으면 모을 수 있겠는데?\n1 : 내 집 마련 이번생에 가능하겠는데? 갑자기 스트레스지수가 낮아지고 있어\n2 : 응응 가능함 1억만 모아서 몇 천은 대출 받으면 내집마련 쌉가능\n1 : 아 근데 그전에 피곤해서 죽을 듯 입병 오져버렸넹 겁나 아파\n2 : 그게 다 피곤해서 그런거야 너 진짜 건강 조심해라\n2 : 돈이고 나발이고 건강 잃으면 다 끝이니까\n1 : 역시 내 걱정 해주는건 너 뿐이다...\n1 : 요즘 건강은 좀 잃었지만 우정을 얻었어\n2 : 개웃기네 ㄹㅇ 나중에 포도당이라도 놔줄게\n1 : 엥 그로면 나 진짜 가도 되는 거야 ? 흐익\n2 : 어딜 내가 가지고 가야지 웬만해서는 입원도 안 시켜줘",
        "lines": [
          {
            "id": 1,
            "text": "1 : 아 난 천만원이면 진짜 행복할 듯 스트레스 그것이 만병의 근원이거늘 만수무강 할 수 있겠어",
            "norm_text": "아 난 천만원이면 진짜 행복할 듯 스트레스 그것이 만병의 근원이거늘 만수무강 할 수 있겠어",
            "speaker": {
              "id": "1번",
              "sex": "여성",
              "age": "20대"
            },
            "speechAct": "(단언) 주장하기",
            "morpheme": "아/IC+난/NP+JX+천만/NR+원/NNBC+이/VCP+면/EC+진짜/MAG+행복/NNG+할/XSV+ETM+듯/NNB+스트레스/NNG+그것/NP+이/JKS+만병/NNG+의/JKG+근원/NNG+이/VCP+거늘/EC+만수무강/NNG+할/XSV+ETM+수/NNB+있/VV+겠/EP+어/EC"
          },
          {
            "id": 2,
            "text": "2 : 천만원 언제모아... 1억은 또 언제모으니 ㅠㅠ",
            "norm_text": "천만원 언제모아... 1억은 또 언제모으니 ㅠㅠ",
            "speaker": {
              "id": "2번",
              "sex": "여성",
              "age": "20대"
            },
            "speechAct": "(단언) 주장하기",
            "morpheme": "천만/NR+원/NNBC+언제/MAG+모아/VV+EF+./SY+./SY+1/SN+억은또언제모으니ㅠㅠ/UNKNOWN"
          },
          {
            "id": 3,
            "text": "2 : 건강 팔아서 버는 돈이다 진짜 언제까지 일할 수 있으려나",
            "norm_text": "건강 팔아서 버는 돈이다 진짜 언제까지 일할 수 있으려나",
            "speaker": {
              "id": "2번",
              "sex": "여성",
              "age": "20대"
            },
            "speechAct": "(단언) 주장하기",
            "morpheme": "건강/NNG+팔/VV+아서/EC+버/VV+는/ETM+돈/NNG+이/JKS+다/MAG+진짜/MAG+언제/NP+까지/JX+일/NNG+할/XSV+ETM+수/NNB+있/VV+으려나/EC"
          },
          {
            "id": 4,
            "text": "1 : 1억이요? 진짜 그게 내 수중에 들어올 수 있는 돈이가 싶은데 심지어 1억 모아도 할 수 있는 거 없음 키키",
            "norm_text": "1억이요? 진짜 그게 내 수중에 들어올 수 있는 돈이가 싶은데 심지어 1억 모아도 할 수 있는 거 없음 키키",
            "speaker": {
              "id": "1번",
              "sex": "여성",
              "age": "20대"
            },
            "speechAct": "(단언) 주장하기",
            "morpheme": "1/SN+억/NR+이/JKS+요/JX+진짜/MAG+그게/NP+JKS+내수/NNG+중/NNB+에/JKB+들어올/VV+ETM+수/NNB+있/VV+는/ETM+돈/NNG+이/JKS+가/VV+EC+싶/VX+은데/EC+심지어/MAG+1/SN+억/NR+모아도/VV+EC+할/VX+ETM+수/NNB+있/VV+는/ETM+거/NNB+없/VA+음/ETN+키/NNG+키/XSV+ETN"
          },
          {
            "id": 5,
            "text": "2 : 왜 못해 집은 살수 있어 너가 원하던 내 집마련 가능임",
            "norm_text": "왜 못해 집은 살수 있어 너가 원하던 내 집마련 가능임",
            "speaker": {
              "id": "2번",
              "sex": "여성",
              "age": "20대"
            },
            "speechAct": "(단언) 주장하기",
            "morpheme": "왜/MAG+못/MAG+해/VV+EC+집/NNG+은/JX+살/VV+ETM+수/NNB+있/VV+어/EC+너/NP+가/JKS+원/NNG+하/XSV+던/ETM+내/NP+JKG+집/NNG+마련/NNG+가능/NNG+임/VCP+ETN"
          },
          {
            "id": 6,
            "text": "1 : 천안 원룸 복층 오피스텔 8천인가 한다",
            "norm_text": "천안 원룸 복층 오피스텔 8천인가 한다",
            "speaker": {
              "id": "1번",
              "sex": "여성",
              "age": "20대"
            },
            "speechAct": "(단언) 진술하기",
            "morpheme": "천안원룸복층오피스텔/UNKNOWN+8/SN+천/NR+인가/VCP+EC+한다/VX+EC"
          },
          {
            "id": 7,
            "text": "2 : ㄴㄴ 거긴 번화가이라 그러겠지 우리동네  24평 1억 3천인가 그러고 우리아파트도 경매로 1억1천에 나옴",
            "norm_text": "ㄴㄴ 거긴 번화가이라 그러겠지 우리동네  24평 1억 3천인가 그러고 우리아파트도 경매로 1억1천에 나옴",
            "speaker": {
              "id": "2번",
              "sex": "여성",
              "age": "20대"
            },
            "speechAct": "(단언) 진술하기",
            "morpheme": "ㄴㄴ거긴번화가이라그러겠지우리동네/UNKNOWN+24/SN+평/NNBC+1/SN+억/NR+3/SN+천/NR+인가/VCP+EC+그러/VV+고/EC+우리/NP+아파트/NNG+도/JX+경매/NNG+로/JKB+1/SN+억/NR+1/SN+천/NR+에/JKB+나옴/VV+EC"
          },
          {
            "id": 8,
            "text": "1 : 아 진짜? 동네마다 많이 다른가봐 그 정도면 애써 모으면 모을 수 있겠는데?",
            "norm_text": "아 진짜? 동네마다 많이 다른가봐 그 정도면 애써 모으면 모을 수 있겠는데?",
            "speaker": {
              "id": "1번",
              "sex": "여성",
              "age": "20대"
            },
            "speechAct": "(단언) 주장하기",
            "morpheme": "아/IC+진짜/MAG+동네/NNG+마다/JX+많이/MAG+다른가/VA+EC+봐/VX+EF+그/MM+정도/NNG+면/VCP+EC+애써/VV+EC+모으/VV+면/EC+모을/VV+ETM+수/NNB+있/VV+겠/EP+는데/EF"
          },
          {
            "id": 9,
            "text": "1 : 내 집 마련 이번생에 가능하겠는데? 갑자기 스트레스지수가 낮아지고 있어",
            "norm_text": "내 집 마련 이번생에 가능하겠는데? 갑자기 스트레스지수가 낮아지고 있어",
            "speaker": {
              "id": "1번",
              "sex": "여성",
              "age": "20대"
            },
            "speechAct": "(단언) 주장하기",
            "morpheme": "내/NP+JKG+집/NNG+마련/NNG+이번/NNG+생/XSN+에/JKB+가능/NNG+하/XSV+겠/EP+는데/EF+갑자기/MAG+스트레스/NNG+지수/NNG+가/JKS+낮/VA+아/EC+지/VX+고/EC+있/VX+어/EC"
          },
          {
            "id": 10,
            "text": "2 : 응응 가능함 1억만 모아서 몇 천은 대출 받으면 내집마련 쌉가능",
            "norm_text": "응응 가능함 1억만 모아서 몇 천은 대출 받으면 내집마련 쌉가능",
            "speaker": {
              "id": "2번",
              "sex": "여성",
              "age": "20대"
            },
            "speechAct": "(단언) 주장하기",
            "morpheme": "응/IC+응/IC+가능/NNG+함/XSV+ETN+1/SN+억만모아서몇천은대출받으면내집마련쌉가능/UNKNOWN"
          },
          {
            "id": 11,
            "text": "1 : 아 근데 그전에 피곤해서 죽을 듯 입병 오져버렸넹 겁나 아파",
            "norm_text": "아 근데 그전에 피곤해서 죽을 듯 입병 오져버렸넹 겁나 아파",
            "speaker": {
              "id": "1번",
              "sex": "여성",
              "age": "20대"
            },
            "speechAct": "(단언) 주장하기",
            "morpheme": "아/IC+근데/MAJ+그/MM+전/NNG+에/JKB+피곤/NNG+해서/XSV+EC+죽/VV+을/ETM+듯/NNB+입병/NNG+오져/VV+EC+버렸/VX+EP+넹/NNP+겁나/VV+EC+아파/VA+EC"
          },
          {
            "id": 12,
            "text": "2 : 그게 다 피곤해서 그런거야 너 진짜 건강 조심해라",
            "norm_text": "그게 다 피곤해서 그런거야 너 진짜 건강 조심해라",
            "speaker": {
              "id": "2번",
              "sex": "여성",
              "age": "20대"
            },
            "speechAct": "(지시) 충고/제안하기",
            "morpheme": "그게/NP+JKS+다/MAG+피곤/NNG+해서/XSV+EC+그런/MM+거/NNB+야/VCP+EF+너/NP+진짜/MAG+건강/NNG+조심/NNG+해라/XSV+EC"
          },
          {
            "id": 13,
            "text": "2 : 돈이고 나발이고 건강 잃으면 다 끝이니까",
            "norm_text": "돈이고 나발이고 건강 잃으면 다 끝이니까",
            "speaker": {
              "id": "2번",
              "sex": "여성",
              "age": "20대"
            },
            "speechAct": "(단언) 주장하기",
            "morpheme": "돈/NNG+이/VCP+고/EC+나발/NNG+이/VCP+고/EC+건강/NNG+잃/VV+으면/EC+다/MAG+끝/NNG+이/VCP+니까/EC"
          },
          {
            "id": 14,
            "text": "1 : 역시 내 걱정 해주는건 너 뿐이다...",
            "norm_text": "역시 내 걱정 해주는건 너 뿐이다...",
            "speaker": {
              "id": "1번",
              "sex": "여성",
              "age": "20대"
            },
            "speechAct": "(단언) 주장하기",
            "morpheme": "역시/MAJ+내/MM+걱정/NNG+해/XSV+EC+주/VX+는/ETM+건/NNB+JX+너/NP+뿐/JX+이/VCP+다/EF+./SY"
          },
          {
            "id": 15,
            "text": "1 : 요즘 건강은 좀 잃었지만 우정을 얻었어",
            "norm_text": "요즘 건강은 좀 잃었지만 우정을 얻었어",
            "speaker": {
              "id": "1번",
              "sex": "여성",
              "age": "20대"
            },
            "speechAct": "(단언) 주장하기",
            "morpheme": "요즘/NNG+건강/NNG+은/JX+좀/MAG+잃/VV+었/EP+지만/EC+우정/NNG+을/JKO+얻/VV+었/EP+어/EC"
          },
          {
            "id": 16,
            "text": "2 : 개웃기네 ㄹㅇ 나중에 포도당이라도 놔줄게",
            "norm_text": "개웃기네 ㄹㅇ 나중에 포도당이라도 놔줄게",
            "speaker": {
              "id": "2번",
              "sex": "여성",
              "age": "20대"
            },
            "speechAct": "(언약) 약속하기(제3자와)/(개인적 수준)",
            "morpheme": "개/NNG+웃기/VV+네/EF+ㄹㅇ/UNKNOWN+나중/NNG+에/JKB+포도당/NNG+이/VCP+라도/EC+놔/VX+EC+줄/VX+ETM+게/NNB+JKS"
          },
          {
            "id": 17,
            "text": "1 : 엥 그로면 나 진짜 가도 되는 거야 ? 흐익",
            "norm_text": "엥 그로면 나 진짜 가도 되는 거야 ? 흐익",
            "speaker": {
              "id": "1번",
              "sex": "여성",
              "age": "20대"
            },
            "speechAct": "(지시) 질문하기",
            "morpheme": "엥/IC+그/NP+로/JKB+면/EC+나/NP+진짜/MAG+가도/NNG+되/XSV+는/ETM+거/NNB+야/VCP+EF+흐/IC+익/NNG"
          },
          {
            "id": 18,
            "text": "2 : 어딜 내가 가지고 가야지 웬만해서는 입원도 안 시켜줘",
            "norm_text": "어딜 내가 가지고 가야지 웬만해서는 입원도 안 시켜줘",
            "speaker": {
              "id": "2번",
              "sex": "여성",
              "age": "20대"
            },
            "speechAct": "(단언) 주장하기",
            "morpheme": "어딜/NP+JKO+내/NP+가/JKS+가지/VV+고/EC+가/VX+야지/EC+웬만/XR+해서/XSA+EC+는/JX+입원/NNG+도/JX+안/MAG+시켜/VV+EC+줘/VX+EC"
          }
        ]
      }
    }
  ]
}