{
  "dataset": {
    "identifier": 33993,
    "name": "KAKAO_956_12_set",
    "src_path": "/data/file/cubeManager/PROJECT001/53/txt20211005163702017194/KAKAO_956_12_set/",
    "label_path": "/data/file/cubeManager/PROJECT001/53/txt20211005163702017194/KAKAO_956_12_set/",
    "category": 2,
    "type": 0
  },
  "licenses": {
    "name": "Apache License 1.0",
    "url": "http://www.apache.org/licenses/LICENSE-1.0"
  },
  "info": [
    {
      "id": 42650,
      "filename": "KAKAO_956_12.txt",
      "title": "KAKAO_956_12",
      "mediatype": "SNS",
      "medianame": "카카오톡",
      "category": "일상대화",
      "date": "2021-10-05",
      "size": 459,
      "annotations": {
        "subject": "여행",
        "speaker_type": "1:1",
        "size": 459,
        "word_size": 154,
        "text": "1 : 코로나 때문에 해외여행지를 못 가는 게 너무 슬프다 ㅠㅠ\n2 : 맞제 ㅠㅠㅜ 나도 가까운 일본이라도 가고 싶다\n1 : 그러니까 ㅠㅠ 국내 여행지는 다 갔다 와본 듯\n2 : 국내도 가는 곳만 간다 아니가?\n1 : 근데 최대한 안 가본 곳으로 가려고 해서 키키\n2 : 키키 나는 포항이랑 경주 젤 많이 간 거 같음\n1 : 키키 다 경상도만 갔다 오노 경상도를 벗어나자\n2 : 다음에 강원도 한번 갔다 와볼라고\n1 : 아 ㅠㅠ 나도 강원도 가고 싶다 남이섬 가고 싶음\n2 : ㅠㅠ 근데 너무 멀어서 문제다 ㅠㅠ\n1 : 그러니까 ㅠㅠ 강원도는 기차 있나?\n2 : 응 기차 있음 키키 근데 차 타고 가야 하지 않겠나?\n1 : 기차를 타고 가서 차라리 거기서 렌트를 하는 게 정신 건강에 좋을 것 같아 키키\n2 : 올 똑똑하노? 그거 괜찮네\n1 : 키키 맞제 어차피 차는 있어야 되고 기름값 대신 렌트를 하는 거지\n2 : 키키 맞다 그게 덜 피곤하겠네",
        "lines": [
          {
            "id": 1,
            "text": "1 : 코로나 때문에 해외여행지를 못 가는 게 너무 슬프다 ㅠㅠ",
            "norm_text": "코로나 때문에 해외여행지를 못 가는 게 너무 슬프다 ㅠㅠ",
            "speaker": {
              "id": "1번",
              "sex": "여성",
              "age": "20대"
            },
            "speechAct": "(단언) 주장하기",
            "morpheme": "코로나/NNG+때문/NNB+에/JKB+해외/NNG+여행지/NNG+를/JKO+못/MAG+가/VV+는/ETM+게/NNB+JKS+너무/MAG+슬프/VA+다/EF+ㅠㅠ/UNKNOWN"
          },
          {
            "id": 2,
            "text": "2 : 맞제 ㅠㅠㅜ 나도 가까운 일본이라도 가고 싶다",
            "norm_text": "맞제 ㅠㅠㅜ 나도 가까운 일본이라도 가고 싶다",
            "speaker": {
              "id": "2번",
              "sex": "남성",
              "age": "20대"
            },
            "speechAct": "(단언) 주장하기",
            "morpheme": "맞/VV+제ㅠ/UNKNOWN+ㅠㅜ/UNKNOWN+나/NP+도/JX+가까운/VA+ETM+일본/NNP+이/VCP+라도/EC+가/VX+고/EC+싶/VX+다/EC"
          },
          {
            "id": 3,
            "text": "1 : 그러니까 ㅠㅠ 국내 여행지는 다 갔다 와본 듯",
            "norm_text": "그러니까 ㅠㅠ 국내 여행지는 다 갔다 와본 듯",
            "speaker": {
              "id": "1번",
              "sex": "여성",
              "age": "20대"
            },
            "speechAct": "(단언) 주장하기",
            "morpheme": "그러니까/MAJ+ㅠㅠ/UNKNOWN+국내/NNG+여행지/NNG+는/JX+다/MAG+갔다와/VV+EC+본/VX+ETM+듯/NNB"
          },
          {
            "id": 4,
            "text": "2 : 국내도 가는 곳만 간다 아니가?",
            "norm_text": "국내도 가는 곳만 간다 아니가?",
            "speaker": {
              "id": "2번",
              "sex": "남성",
              "age": "20대"
            },
            "speechAct": "(지시) 질문하기",
            "morpheme": "국내/NNG+도/JX+가/VV+는/ETM+곳/NNG+만/JX+간다/VV+EC+아니/VCN+가/EF"
          },
          {
            "id": 5,
            "text": "1 : 근데 최대한 안 가본 곳으로 가려고 해서 키키",
            "norm_text": "근데 최대한 안 가본 곳으로 가려고 해서 키키",
            "speaker": {
              "id": "1번",
              "sex": "여성",
              "age": "20대"
            },
            "speechAct": "(단언) 주장하기",
            "morpheme": "근데/MAJ+최대한/MAG+안/MAG+가/VV+EC+본곳/NNG+으로/JKB+가/VV+려고/EC+해서/VV+EC+키/NNG+키/XSV+ETN"
          },
          {
            "id": 6,
            "text": "2 : 키키 나는 포항이랑 경주 젤 많이 간 거 같음",
            "norm_text": "키키 나는 포항이랑 경주 젤 많이 간 거 같음",
            "speaker": {
              "id": "2번",
              "sex": "남성",
              "age": "20대"
            },
            "speechAct": "(단언) 주장하기",
            "morpheme": "키/NNG+키나/XSA+ETN+JX+는/JX+포항/NNP+이랑/JC+경주/NNP+젤/MAG+많이/MAG+간/VV+ETM+거/NNB+같/VA+음/ETN"
          },
          {
            "id": 7,
            "text": "1 : 키키 다 경상도만 갔다 오노 경상도를 벗어나자",
            "norm_text": "키키 다 경상도만 갔다 오노 경상도를 벗어나자",
            "speaker": {
              "id": "1번",
              "sex": "여성",
              "age": "20대"
            },
            "speechAct": "(단언) 주장하기",
            "morpheme": "키/NNG+키/VV+다/EC+경상도/NNP+만/JX+갔다오/VV+노/EC+경상도/NNP+를/JKO+벗어나/VV+자/EC"
          },
          {
            "id": 8,
            "text": "2 : 다음에 강원도 한번 갔다 와볼라고",
            "norm_text": "다음에 강원도 한번 갔다 와볼라고",
            "speaker": {
              "id": "2번",
              "sex": "남성",
              "age": "20대"
            },
            "speechAct": "(단언) 주장하기",
            "morpheme": "다음/NNG+에/JKB+강원도/NNP+한/MM+번/NNBC+갔다와/VV+EC+볼/VX+라고/EC"
          },
          {
            "id": 9,
            "text": "1 : 아 ㅠㅠ 나도 강원도 가고 싶다 남이섬 가고 싶음",
            "norm_text": "아 ㅠㅠ 나도 강원도 가고 싶다 남이섬 가고 싶음",
            "speaker": {
              "id": "1번",
              "sex": "여성",
              "age": "20대"
            },
            "speechAct": "(단언) 주장하기",
            "morpheme": "아/IC+ㅠㅠ/UNKNOWN+나/NP+도/JX+강원/NNG+도/JX+가/VV+고/EC+싶/VX+다/EC+남이섬/NNP+가/VV+고/EC+싶/VX+음/ETN"
          },
          {
            "id": 10,
            "text": "2 : ㅠㅠ 근데 너무 멀어서 문제다 ㅠㅠ",
            "norm_text": "ㅠㅠ 근데 너무 멀어서 문제다 ㅠㅠ",
            "speaker": {
              "id": "2번",
              "sex": "남성",
              "age": "20대"
            },
            "speechAct": "(단언) 주장하기",
            "morpheme": "ㅠㅠ/UNKNOWN+근데/MAJ+너무/MAG+멀/VA+어서/EC+문제/NNG+다/VCP+EF+ㅠㅠ/UNKNOWN"
          },
          {
            "id": 11,
            "text": "1 : 그러니까 ㅠㅠ 강원도는 기차 있나?",
            "norm_text": "그러니까 ㅠㅠ 강원도는 기차 있나?",
            "speaker": {
              "id": "1번",
              "sex": "여성",
              "age": "20대"
            },
            "speechAct": "(지시) 질문하기",
            "morpheme": "그러니까/MAJ+ㅠㅠ/UNKNOWN+강원도/NNP+는/JX+기차/NNG+있/VA+나/EF"
          },
          {
            "id": 12,
            "text": "2 : 응 기차 있음 키키 근데 차 타고 가야 하지 않겠나?",
            "norm_text": "응 기차 있음 키키 근데 차 타고 가야 하지 않겠나?",
            "speaker": {
              "id": "2번",
              "sex": "남성",
              "age": "20대"
            },
            "speechAct": "(지시) 질문하기",
            "morpheme": "응/IC+기차/NNG+있/VV+음/ETN+키/NNG+키/XSV+ETN+근데/MAJ+차/NNG+타/VV+고/EC+가/VX+야/EC+하/VV+지/EC+않/VX+겠/EP+나/EF"
          },
          {
            "id": 13,
            "text": "1 : 기차를 타고 가서 차라리 거기서 렌트를 하는 게 정신 건강에 좋을 것 같아 키키",
            "norm_text": "기차를 타고 가서 차라리 거기서 렌트를 하는 게 정신 건강에 좋을 것 같아 키키",
            "speaker": {
              "id": "1번",
              "sex": "여성",
              "age": "20대"
            },
            "speechAct": "(단언) 주장하기",
            "morpheme": "기차/NNG+를/JKO+타/VV+고/EC+가/VX+서/EC+차라리/MAG+거기/NP+서/JKB+렌트/NNG+를/JKO+하/VV+는/ETM+게/NNB+JKS+정신/NNG+건강/NNG+에/JKB+좋/VA+을/ETM+것/NNB+같/VA+아/EC+키/NNG+키/XSV+ETN"
          },
          {
            "id": 14,
            "text": "2 : 올 똑똑하노? 그거 괜찮네",
            "norm_text": "올 똑똑하노? 그거 괜찮네",
            "speaker": {
              "id": "2번",
              "sex": "남성",
              "age": "20대"
            },
            "speechAct": "(단언) 주장하기",
            "morpheme": "올/MM+똑똑/XR+하/XSA+노/EF+그거/NP+괜찮/VA+네/EC"
          },
          {
            "id": 15,
            "text": "1 : 키키 맞제 어차피 차는 있어야 되고 기름값 대신 렌트를 하는 거지",
            "norm_text": "키키 맞제 어차피 차는 있어야 되고 기름값 대신 렌트를 하는 거지",
            "speaker": {
              "id": "1번",
              "sex": "여성",
              "age": "20대"
            },
            "speechAct": "(단언) 주장하기",
            "morpheme": "키/NNG+키/XSV+ETN+맞/VV+제/EC+어차피/MAG+차/NNG+는/JX+있/VX+어야/EC+되/VV+고/EC+기름/NNG+값/NNG+대신/NNG+렌트/NNG+를/JKO+하/VV+는/ETM+거/NNB+지/VCP+EC"
          },
          {
            "id": 16,
            "text": "2 : 키키 맞다 그게 덜 피곤하겠네",
            "norm_text": "키키 맞다 그게 덜 피곤하겠네",
            "speaker": {
              "id": "2번",
              "sex": "남성",
              "age": "20대"
            },
            "speechAct": "(단언) 주장하기",
            "morpheme": "키/NNG+키/XSV+ETN+맞/VV+다/EF+그게/NP+JKS+덜/MAG+피곤/NNG+하/XSV+겠/EP+네/EF"
          }
        ]
      }
    }
  ]
}