{
  "dataset": {
    "identifier": 51067,
    "name": "KAKAO_987_19_set",
    "src_path": "/data/file/cubeManager/PROJECT001/53/txt20211006134546097240/KAKAO_987_19_set/",
    "label_path": "/data/file/cubeManager/PROJECT001/53/txt20211006134546097240/KAKAO_987_19_set/",
    "category": 2,
    "type": 0
  },
  "licenses": {
    "name": "Apache License 1.0",
    "url": "http://www.apache.org/licenses/LICENSE-1.0"
  },
  "info": [
    {
      "id": 43179,
      "filename": "KAKAO_987_19.txt",
      "title": "KAKAO_987_19",
      "mediatype": "SNS",
      "medianame": "카카오톡",
      "category": "일상대화",
      "date": "2021-10-06",
      "size": 318,
      "annotations": {
        "subject": "방송/연예",
        "speaker_type": "1:1",
        "size": 318,
        "word_size": 110,
        "text": "1 : 아니 오징어 게임 언제 봄\n2 : 볼 시간이 없음 하하 잼겠던디 하하\n1 : 난 그거 진짜 재밌던데 1화...\n2 : 좀 평이 호불호가 갈리더라구\n1 : 너가 보다가 자버려서 껐어\n2 : 이상하다는 사람도 많던디 하하\n1 : 난 내 스타일이었어 엄청 신박\n2 : 나는 영화 기적 빨리 ㄱㄱ\n1 : 아 그래? 왜? 기적 별루...\n2 : 평점이 구점이 넘는다구 하하\n1 : 너 그냥 윤아 나와서 그러지?\n2 : 아님 가을에 잔잔하게 딱 보기 좋을 듯\n1 : 헐랭 방탱 그게 왜 9점? 알바당\n2 : 내가 추천해서 재미없었던 거 있냐\n1 : 평점 알바가 한 거얌\n2 : 완젼 재밌을 거야 하하",
        "lines": [
          {
            "id": 1,
            "text": "1 : 아니 오징어 게임 언제 봄",
            "norm_text": "아니 오징어 게임 언제 봄",
            "speaker": {
              "id": "1번",
              "sex": "여성",
              "age": "30대"
            },
            "speechAct": "(단언) 주장하기",
            "morpheme": "아니/IC+오징어/NNG+게임/NNG+언제/MAG+봄/NNG"
          },
          {
            "id": 2,
            "text": "2 : 볼 시간이 없음 하하 잼겠던디 하하",
            "norm_text": "볼 시간이 없음 하하 잼겠던디 하하",
            "speaker": {
              "id": "2번",
              "sex": "남성",
              "age": "30대"
            },
            "speechAct": "(단언) 진술하기",
            "morpheme": "볼/VV+ETM+시간/NNG+이/JKS+없/VA+음/EC+하하/MAG+잼/VV+ETN+겠/EP+던/ETM+디하/NNG+하/XSV"
          },
          {
            "id": 3,
            "text": "1 : 난 그거 진짜 재밌던데 1화...",
            "norm_text": "난 그거 진짜 재밌던데 1화...",
            "speaker": {
              "id": "1번",
              "sex": "여성",
              "age": "30대"
            },
            "speechAct": "(단언) 진술하기",
            "morpheme": "난/NP+JX+그거/NP+진짜/MAG+재밌/VA+던데/EC+1/SN+화/XSN+./SY"
          },
          {
            "id": 4,
            "text": "2 : 좀 평이 호불호가 갈리더라구",
            "norm_text": "좀 평이 호불호가 갈리더라구",
            "speaker": {
              "id": "2번",
              "sex": "남성",
              "age": "30대"
            },
            "speechAct": "(단언) 진술하기",
            "morpheme": "좀/MAG+평이/NNG+호불호/NNG+가/JKS+갈리/VV+더라구/EC"
          },
          {
            "id": 5,
            "text": "1 : 너가 보다가 자버려서 껐어",
            "norm_text": "너가 보다가 자버려서 껐어",
            "speaker": {
              "id": "1번",
              "sex": "여성",
              "age": "30대"
            },
            "speechAct": "(단언) 진술하기",
            "morpheme": "너/NP+가/JKS+보다/MAG+가/VV+자/EC+버려서/VX+EC+껐/VV+EP+어/EC"
          },
          {
            "id": 6,
            "text": "2 : 이상하다는 사람도 많던디 하하",
            "norm_text": "이상하다는 사람도 많던디 하하",
            "speaker": {
              "id": "2번",
              "sex": "남성",
              "age": "30대"
            },
            "speechAct": "(단언) 진술하기",
            "morpheme": "이상/NNG+하/XSA+다는/ETM+사람/NNG+도/JX+많/VA+던/ETM+디하/NNG+하/XSV"
          },
          {
            "id": 7,
            "text": "1 : 난 내 스타일이었어 엄청 신박",
            "norm_text": "난 내 스타일이었어 엄청 신박",
            "speaker": {
              "id": "1번",
              "sex": "여성",
              "age": "30대"
            },
            "speechAct": "(단언) 진술하기",
            "morpheme": "난/NP+JX+내/NP+JKG+스타일/NNG+이/VCP+었/EP+어/EC+엄청/MAG+신박/NNG"
          },
          {
            "id": 8,
            "text": "2 : 나는 영화 기적 빨리 ㄱㄱ",
            "norm_text": "나는 영화 기적 빨리 ㄱㄱ",
            "speaker": {
              "id": "2번",
              "sex": "남성",
              "age": "30대"
            },
            "speechAct": "(단언) 주장하기",
            "morpheme": "나/NP+는/JX+영화/NNG+기적/NNG+빨리/MAG+ㄱ/NNG+ㄱ/NNG"
          },
          {
            "id": 9,
            "text": "1 : 아 그래? 왜? 기적 별루...",
            "norm_text": "아 그래? 왜? 기적 별루...",
            "speaker": {
              "id": "1번",
              "sex": "여성",
              "age": "30대"
            },
            "speechAct": "(단언) 주장하기",
            "morpheme": "아/IC+그래/IC+왜/MAG+기적/NNG+별루/MAG+./SY"
          },
          {
            "id": 10,
            "text": "2 : 평점이 구점이 넘는다구 하하",
            "norm_text": "평점이 구점이 넘는다구 하하",
            "speaker": {
              "id": "2번",
              "sex": "남성",
              "age": "30대"
            },
            "speechAct": "(단언) 진술하기",
            "morpheme": "평점/NNG+이/JKS+구점/NNG+이/JKS+넘/VV+는다구/EC+하하/MAG"
          },
          {
            "id": 11,
            "text": "1 : 너 그냥 윤아 나와서 그러지?",
            "norm_text": "너 그냥 윤아 나와서 그러지?",
            "speaker": {
              "id": "1번",
              "sex": "여성",
              "age": "30대"
            },
            "speechAct": "(지시) 질문하기",
            "morpheme": "너/NP+그냥/MAG+윤아/NNP+나와서/VV+EC+그러/VV+지/EF"
          },
          {
            "id": 12,
            "text": "2 : 아님 가을에 잔잔하게 딱 보기 좋을 듯",
            "norm_text": "아님 가을에 잔잔하게 딱 보기 좋을 듯",
            "speaker": {
              "id": "2번",
              "sex": "남성",
              "age": "30대"
            },
            "speechAct": "(단언) 주장하기",
            "morpheme": "아님/MAJ+가을/NNG+에/JKB+잔잔/XR+하/XSA+게/EC+딱/MAG+보/VV+기/ETN+좋/VA+을/ETM+듯/NNB"
          },
          {
            "id": 13,
            "text": "1 : 헐랭 방탱 그게 왜 9점? 알바당",
            "norm_text": "헐랭 방탱 그게 왜 9점? 알바당",
            "speaker": {
              "id": "1번",
              "sex": "여성",
              "age": "30대"
            },
            "speechAct": "(단언) 주장하기",
            "morpheme": "헐랭/NNP+방/NNG+탱/MAG+그게/NP+JKS+왜/MAG+9/SN+점/NNBC+알/VV+ETM+바당/NNG"
          },
          {
            "id": 14,
            "text": "2 : 내가 추천해서 재미없었던 거 있냐",
            "norm_text": "내가 추천해서 재미없었던 거 있냐",
            "speaker": {
              "id": "2번",
              "sex": "남성",
              "age": "30대"
            },
            "speechAct": "(단언) 주장하기",
            "morpheme": "내/NP+가/JKS+추천/NNG+해서/XSV+EC+재미없/VA+었/EP+던/ETM+거/NNB+있/VA+냐/EC"
          },
          {
            "id": 15,
            "text": "1 : 평점 알바가 한 거얌",
            "norm_text": "평점 알바가 한 거얌",
            "speaker": {
              "id": "1번",
              "sex": "여성",
              "age": "30대"
            },
            "speechAct": "(단언) 주장하기",
            "morpheme": "평점알바가한거얌/UNKNOWN"
          },
          {
            "id": 16,
            "text": "2 : 완젼 재밌을 거야 하하",
            "norm_text": "완젼 재밌을 거야 하하",
            "speaker": {
              "id": "2번",
              "sex": "남성",
              "age": "30대"
            },
            "speechAct": "(단언) 주장하기",
            "morpheme": "완/NR+젼/NNG+재밌/VA+을/ETM+거/NNB+야/VCP+EF+하하/MAG"
          }
        ]
      }
    }
  ]
}