{
  "dataset": {
    "identifier": 34381,
    "name": "KAKAO_949_20_set",
    "src_path": "/data/file/cubeManager/PROJECT001/53/txt202110051621030684109/KAKAO_949_20_set/",
    "label_path": "/data/file/cubeManager/PROJECT001/53/txt202110051621030684109/KAKAO_949_20_set/",
    "category": 2,
    "type": 0
  },
  "licenses": {
    "name": "Apache License 1.0",
    "url": "http://www.apache.org/licenses/LICENSE-1.0"
  },
  "info": [
    {
      "id": 42157,
      "filename": "KAKAO_949_20.txt",
      "title": "KAKAO_949_20",
      "mediatype": "SNS",
      "medianame": "카카오톡",
      "category": "일상대화",
      "date": "2021-10-05",
      "size": 449,
      "annotations": {
        "subject": "영화/만화",
        "speaker_type": "1:1",
        "size": 449,
        "word_size": 146,
        "text": "1 : 키키 진짜 나는 그때 배우보다 빅뱅이었어\n2 : 인정 그땐 다 그랬지 근데 지금은 배우가 좋아\n1 : 아 인정함. 배우들 생김새 진짜 다른 차원\n2 : 인정 확실히 배우가 달라\n1 : 진짜 이목구비가 차원이 다르더라...\n2 : ㅇㅈ 그리고 다 개성이 달라\n1 : 맞아 요즘 배우 중에 구교환 알아?\n2 : 알지 알지 그 사람 아니야 디피 나오는 사람\n1 : 맞아 ㅠㅠ 아 진짜 너무 귀여워 햄스터 같아\n2 : 근데 그 사람 나이 좀 있지 않아?\n1 : 40이래 미쳤어 나랑 동안인 것도 똑같은 거 보면 천생연분\n2 : 나이에 비해 생긴 게 너무 어리게 생겼어 너무 동안이야\n1 : 강동원이 내 첫사랑인데 1살 차이래 난 40을 좋아하는 듯\n2 : 근데 그분 임자 있으니까 그만 접어 8년 동안 사귄 여친 있대...^^\n1 : 결혼은 안 했잖아 그럼 된 거지\n2 : 빠른 포기 추천드립니다^^ 현 남친에 집중하시길 화이팅!",
        "lines": [
          {
            "id": 1,
            "text": "1 : 키키 진짜 나는 그때 배우보다 빅뱅이었어",
            "norm_text": "키키 진짜 나는 그때 배우보다 빅뱅이었어",
            "speaker": {
              "id": "1번",
              "sex": "여성",
              "age": "20대"
            },
            "speechAct": "(단언) 진술하기",
            "morpheme": "키/NNG+키/XSV+ETN+진짜/MAG+나/NP+는/JX+그때/NNG+배우/NNG+보다/JKB+빅뱅/NNG+이/VCP+었/EP+어/EC"
          },
          {
            "id": 2,
            "text": "2 : 인정 그땐 다 그랬지 근데 지금은 배우가 좋아",
            "norm_text": "인정 그땐 다 그랬지 근데 지금은 배우가 좋아",
            "speaker": {
              "id": "2번",
              "sex": "여성",
              "age": "20대"
            },
            "speechAct": "(단언) 진술하기",
            "morpheme": "인정/NNG+그땐/NNG+JX+다/MAG+그랬/VV+EP+지/EF+근데/MAJ+지금/MAG+은/JX+배우/NNG+가/JKS+좋/VA+아/EC"
          },
          {
            "id": 3,
            "text": "1 : 아 인정함. 배우들 생김새 진짜 다른 차원",
            "norm_text": "아 인정함. 배우들 생김새 진짜 다른 차원",
            "speaker": {
              "id": "1번",
              "sex": "여성",
              "age": "20대"
            },
            "speechAct": "(단언) 주장하기",
            "morpheme": "아/IC+인정/NNG+함/XSV+ETN+배우/NNG+들/XSN+생김새/NNG+진짜/MAG+다른/MM+차원/NNG"
          },
          {
            "id": 4,
            "text": "2 : 인정 확실히 배우가 달라",
            "norm_text": "인정 확실히 배우가 달라",
            "speaker": {
              "id": "2번",
              "sex": "여성",
              "age": "20대"
            },
            "speechAct": "(단언) 주장하기",
            "morpheme": "인정/NNG+확실히/MAG+배우/NNG+가/JKS+달라/VA+EC"
          },
          {
            "id": 5,
            "text": "1 : 진짜 이목구비가 차원이 다르더라...",
            "norm_text": "진짜 이목구비가 차원이 다르더라...",
            "speaker": {
              "id": "1번",
              "sex": "여성",
              "age": "20대"
            },
            "speechAct": "(단언) 주장하기",
            "morpheme": "진짜/MAG+이목구비/NNG+가/JKS+차원/NNG+이/JKS+다르/VA+더라/EF+./SY"
          },
          {
            "id": 6,
            "text": "2 : ㅇㅈ 그리고 다 개성이 달라",
            "norm_text": "ㅇㅈ 그리고 다 개성이 달라",
            "speaker": {
              "id": "2번",
              "sex": "여성",
              "age": "20대"
            },
            "speechAct": "(단언) 주장하기",
            "morpheme": "ㅇㅈ/UNKNOWN+그리고/MAJ+다/MAG+개성/NNG+이/JKS+달라/VA+EC"
          },
          {
            "id": 7,
            "text": "1 : 맞아 요즘 배우 중에 구교환 알아?",
            "norm_text": "맞아 요즘 배우 중에 구교환 알아?",
            "speaker": {
              "id": "1번",
              "sex": "여성",
              "age": "20대"
            },
            "speechAct": "(지시) 질문하기",
            "morpheme": "맞/VV+아/EC+요즘/NNG+배우/NNG+중/NNB+에/JKB+구교환/NNP+알/VV+아/EF"
          },
          {
            "id": 8,
            "text": "2 : 알지 알지 그 사람 아니야 디피 나오는 사람",
            "norm_text": "알지 알지 그 사람 아니야 디피 나오는 사람",
            "speaker": {
              "id": "2번",
              "sex": "여성",
              "age": "20대"
            },
            "speechAct": "(단언) 진술하기",
            "morpheme": "알/VV+지/EC+알/VV+지/EC+그/MM+사람/NNG+아니/VCN+야/EC+디피/NNG+나오/VV+는/ETM+사람/NNG"
          },
          {
            "id": 9,
            "text": "1 : 맞아 ㅠㅠ 아 진짜 너무 귀여워 햄스터 같아",
            "norm_text": "맞아 ㅠㅠ 아 진짜 너무 귀여워 햄스터 같아",
            "speaker": {
              "id": "1번",
              "sex": "여성",
              "age": "20대"
            },
            "speechAct": "(단언) 주장하기",
            "morpheme": "맞/VV+아/EC+ㅠㅠ/UNKNOWN+아/IC+진짜/MAG+너무/MAG+귀여워/VA+EC+햄스터/NNG+같/VA+아/EC"
          },
          {
            "id": 10,
            "text": "2 : 근데 그 사람 나이 좀 있지 않아?",
            "norm_text": "근데 그 사람 나이 좀 있지 않아?",
            "speaker": {
              "id": "2번",
              "sex": "여성",
              "age": "20대"
            },
            "speechAct": "(지시) 질문하기",
            "morpheme": "근데/MAJ+그/MM+사람/NNG+나이/NNG+좀/MAG+있/VA+지/EC+않/VX+아/EF"
          },
          {
            "id": 11,
            "text": "1 : 40이래 미쳤어 나랑 동안인 것도 똑같은 거 보면 천생연분",
            "norm_text": "40이래 미쳤어 나랑 동안인 것도 똑같은 거 보면 천생연분",
            "speaker": {
              "id": "1번",
              "sex": "여성",
              "age": "20대"
            },
            "speechAct": "(단언) 주장하기",
            "morpheme": "40/SN+이래/NNG+미쳤/VV+EP+어/EF+나/NP+랑/JKB+동안/NNG+인/VCP+ETM+것/NNB+도/JX+똑같/VA+은/ETM+거/NNB+보/VV+면/EC+천생연분/NNG"
          },
          {
            "id": 12,
            "text": "2 : 나이에 비해 생긴 게 너무 어리게 생겼어 너무 동안이야",
            "norm_text": "나이에 비해 생긴 게 너무 어리게 생겼어 너무 동안이야",
            "speaker": {
              "id": "2번",
              "sex": "여성",
              "age": "20대"
            },
            "speechAct": "(단언) 주장하기",
            "morpheme": "나이/NNG+에/JKB+비해/VV+EC+생긴/VV+ETM+게/NNB+JKS+너무/MAG+어리/VA+게/EC+생겼/VV+EP+어/EC+너무/MAG+동안/NNG+이/VCP+야/EC"
          },
          {
            "id": 13,
            "text": "1 : 강동원이 내 첫사랑인데 1살 차이래 난 40을 좋아하는 듯",
            "norm_text": "강동원이 내 첫사랑인데 1살 차이래 난 40을 좋아하는 듯",
            "speaker": {
              "id": "1번",
              "sex": "여성",
              "age": "20대"
            },
            "speechAct": "(단언) 주장하기",
            "morpheme": "강동원/NNP+이/JKS+내/NP+JKG+첫사랑/NNG+인데/VCP+EC+1/SN+살/NNBC+차이/NNG+래/VCP+EF+난/NP+JX+40/SN+을/JKO+좋아하/VV+는/ETM+듯/NNB"
          },
          {
            "id": 14,
            "text": "2 : 근데 그분 임자 있으니까 그만 접어 8년 동안 사귄 여친 있대...^^",
            "norm_text": "근데 그분 임자 있으니까 그만 접어 8년 동안 사귄 여친 있대...^^",
            "speaker": {
              "id": "2번",
              "sex": "여성",
              "age": "20대"
            },
            "speechAct": "(단언) 진술하기",
            "morpheme": "근데/MAJ+그분/NP+임자/NP+있/VA+으니까/EC+그만/MAG+접/VV+어/EC+8/SN+년/NNBC+동안/NNG+사귄/VV+ETM+여친/NNG+있/VA+대/EF+./SY+^/SY+^/SY"
          },
          {
            "id": 15,
            "text": "1 : 결혼은 안 했잖아 그럼 된 거지",
            "norm_text": "결혼은 안 했잖아 그럼 된 거지",
            "speaker": {
              "id": "1번",
              "sex": "여성",
              "age": "20대"
            },
            "speechAct": "(단언) 주장하기",
            "morpheme": "결혼/NNG+은/JX+안/MAG+했/VV+EP+잖아/EF+그럼/MAJ+된/VV+ETM+거/NNB+지/VCP+EC"
          },
          {
            "id": 16,
            "text": "2 : 빠른 포기 추천드립니다^^ 현 남친에 집중하시길 화이팅!",
            "norm_text": "빠른 포기 추천드립니다^^ 현 남친에 집중하시길 화이팅!",
            "speaker": {
              "id": "2번",
              "sex": "여성",
              "age": "20대"
            },
            "speechAct": "(단언) 주장하기",
            "morpheme": "빠른/VA+ETM+포기/NNG+추천/NNG+드립니다/VV+EC+^/SY+^/SY+현/MM+남친/NNG+에/JKB+집중/NNG+하/XSV+시/EP+길/ETN+JKO+화이팅/IC"
          }
        ]
      }
    }
  ]
}