{
  "dataset": {
    "identifier": 68931,
    "name": "KAKAO_950_16_set",
    "src_path": "/data/file/cubeManager/PROJECT001/53/txt20211005163249094738/KAKAO_950_16_set/",
    "label_path": "/data/file/cubeManager/PROJECT001/53/txt20211005163249094738/KAKAO_950_16_set/",
    "category": 2,
    "type": 0
  },
  "licenses": {
    "name": "Apache License 1.0",
    "url": "http://www.apache.org/licenses/LICENSE-1.0"
  },
  "info": [
    {
      "id": 42574,
      "filename": "KAKAO_950_16.txt",
      "title": "KAKAO_950_16",
      "mediatype": "SNS",
      "medianame": "카카오톡",
      "category": "일상대화",
      "date": "2021-10-05",
      "size": 461,
      "annotations": {
        "subject": "미용",
        "speaker_type": "1:1",
        "size": 461,
        "word_size": 152,
        "text": "1 : 나 월급 받으면 피부 관리 받으러 가려고\n2 : 왜? 니 피부 문제 있음? 갑자기?\n1 : 아 요새 마스크 쓰고 있어서 얼굴 다 뒤집어짐\n2 : 니가? 니 생전 얼굴에 뭐 안 나더니만 갑자기 왜?\n1 : 아 내가 완전 초초초 민감성 피부잖아 마스크 쓰면 바로 뒤집어져\n2 : 아 진짜? 마스크 속은 볼 수가 없으니 몰랐네\n1 : 어어 맞제? 사람들은 모른다니까 안보이니까\n2 : 신기하네 니 그럼 피부과 가나? 뭐 관리 받으려고?\n1 : 아 키키 피부과 말고 관리실 가려고\n2 : 왜 피부과가 더 효과 좋지 않나?\n1 : 내 전에  피부과 갔다가 얼굴에  상처 생겼거든\n2 : 헐 대박 피부과에서 그렇게 했다고? 보상 받았나?\n1 : 그게 의사가 하는 게 아니라 조무사인지 누가 해 가지고 그랬음\n2 : 미쳤네... 관리실은 좀 좋은 데 알아봤나?\n1 : 어어 집 앞에 엄마 다니는 데 가려고\n2 : 니 가보고 좋으면 나도 갈래 나중에 후기 쫌",
        "lines": [
          {
            "id": 1,
            "text": "1 : 나 월급 받으면 피부 관리 받으러 가려고",
            "norm_text": "나 월급 받으면 피부 관리 받으러 가려고",
            "speaker": {
              "id": "1번",
              "sex": "여성",
              "age": "20대"
            },
            "speechAct": "(언약) 약속하기(제3자와)/(개인적 수준)",
            "morpheme": "나/NP+월급/NNG+받/VV+으면/EC+피부/NNG+관리/NNG+받/VV+으러/EC+가/VX+려고/EC"
          },
          {
            "id": 2,
            "text": "2 : 왜? 니 피부 문제 있음? 갑자기?",
            "norm_text": "왜? 니 피부 문제 있음? 갑자기?",
            "speaker": {
              "id": "2번",
              "sex": "여성",
              "age": "20대"
            },
            "speechAct": "(지시) 질문하기",
            "morpheme": "왜/MAG+니/MM+피부/NNG+문제/NNG+있/VV+음/ETN+갑자기/MAG"
          },
          {
            "id": 3,
            "text": "1 : 아 요새 마스크 쓰고 있어서 얼굴 다 뒤집어짐",
            "norm_text": "아 요새 마스크 쓰고 있어서 얼굴 다 뒤집어짐",
            "speaker": {
              "id": "1번",
              "sex": "여성",
              "age": "20대"
            },
            "speechAct": "(단언) 진술하기",
            "morpheme": "아/IC+요새/MAG+마스크/NNG+쓰/VV+고/EC+있/VX+어서/EC+얼굴/NNG+다/MAG+뒤집/VV+어/EC+짐/NNG"
          },
          {
            "id": 4,
            "text": "2 : 니가? 니 생전 얼굴에 뭐 안 나더니만 갑자기 왜?",
            "norm_text": "니가? 니 생전 얼굴에 뭐 안 나더니만 갑자기 왜?",
            "speaker": {
              "id": "2번",
              "sex": "여성",
              "age": "20대"
            },
            "speechAct": "(지시) 질문하기",
            "morpheme": "니/NP+가/JKS+니/MM+생전/NNG+얼굴/NNG+에/JKB+뭐/IC+안/MAG+나/VV+더니/EC+만/JX+갑자기/MAG+왜/MAG"
          },
          {
            "id": 5,
            "text": "1 : 아 내가 완전 초초초 민감성 피부잖아 마스크 쓰면 바로 뒤집어져",
            "norm_text": "아 내가 완전 초초초 민감성 피부잖아 마스크 쓰면 바로 뒤집어져",
            "speaker": {
              "id": "1번",
              "sex": "여성",
              "age": "20대"
            },
            "speechAct": "(단언) 주장하기",
            "morpheme": "아내/NNG+가/JKS+완전/MAG+초초/MAG+초/XPN+민감/XR+성/XSN+피부/NNG+잖아/VCP+EC+VX+EC+마스크/NNG+쓰/VV+면/EC+바로/MAG+뒤집/VV+어/EC+져/VX+EC"
          },
          {
            "id": 6,
            "text": "2 : 아 진짜? 마스크 속은 볼 수가 없으니 몰랐네",
            "norm_text": "아 진짜? 마스크 속은 볼 수가 없으니 몰랐네",
            "speaker": {
              "id": "2번",
              "sex": "여성",
              "age": "20대"
            },
            "speechAct": "(단언) 주장하기",
            "morpheme": "아/IC+진짜/MAG+마스크/IC+속/NNG+은/JX+볼/VV+ETM+수/NNB+가/JKS+없/VA+으니/EC+몰랐/VV+EP+네/EF"
          },
          {
            "id": 7,
            "text": "1 : 어어 맞제? 사람들은 모른다니까 안보이니까",
            "norm_text": "어어 맞제? 사람들은 모른다니까 안보이니까",
            "speaker": {
              "id": "1번",
              "sex": "여성",
              "age": "20대"
            },
            "speechAct": "(단언) 주장하기",
            "morpheme": "어/IC+어/IC+맞/VV+제/EF+사람/NNG+들/XSN+은/JX+모른다니까/VV+EC+안/MAG+보이/VV+니까/EC"
          },
          {
            "id": 8,
            "text": "2 : 신기하네 니 그럼 피부과 가나? 뭐 관리 받으려고?",
            "norm_text": "신기하네 니 그럼 피부과 가나? 뭐 관리 받으려고?",
            "speaker": {
              "id": "2번",
              "sex": "여성",
              "age": "20대"
            },
            "speechAct": "(지시) 질문하기",
            "morpheme": "신기/XR+하/XSA+네/EF+니/NP+그럼/MAJ+피부과/NNG+가/JKS+나/NP+뭐/IC+관리/NNG+받/VV+으려고/EF"
          },
          {
            "id": 9,
            "text": "1 : 아 키키 피부과 말고 관리실 가려고",
            "norm_text": "아 키키 피부과 말고 관리실 가려고",
            "speaker": {
              "id": "1번",
              "sex": "여성",
              "age": "20대"
            },
            "speechAct": "(언약) 약속하기(제3자와)/(개인적 수준)",
            "morpheme": "아키/NNP+키/NNG+피부과/NNG+말/VV+고/EC+관리/NNG+실가/NNG+려고/VCP+EC"
          },
          {
            "id": 10,
            "text": "2 : 왜 피부과가 더 효과 좋지 않나?",
            "norm_text": "왜 피부과가 더 효과 좋지 않나?",
            "speaker": {
              "id": "2번",
              "sex": "여성",
              "age": "20대"
            },
            "speechAct": "(단언) 주장하기",
            "morpheme": "왜/MAG+피부과/NNG+가/JKS+더/MAG+효과/NNG+좋/VA+지/EC+않/VX+나/EF"
          },
          {
            "id": 11,
            "text": "1 : 내 전에  피부과 갔다가 얼굴에  상처 생겼거든",
            "norm_text": "내 전에  피부과 갔다가 얼굴에  상처 생겼거든",
            "speaker": {
              "id": "1번",
              "sex": "여성",
              "age": "20대"
            },
            "speechAct": "(단언) 진술하기",
            "morpheme": "내전/NNG+에/JKB+피부과/NNG+갔/VV+EP+다가/EC+얼굴/NNG+에/JKB+상처/NNG+생겼/VV+EP+거든/EC"
          },
          {
            "id": 12,
            "text": "2 : 헐 대박 피부과에서 그렇게 했다고? 보상 받았나?",
            "norm_text": "헐 대박 피부과에서 그렇게 했다고? 보상 받았나?",
            "speaker": {
              "id": "2번",
              "sex": "여성",
              "age": "20대"
            },
            "speechAct": "(지시) 질문하기",
            "morpheme": "헐/IC+대박/NNG+피부과/NNG+에서/JKB+그렇/VA+게/EC+했/VX+EP+다고/EF+보상/NNG+받/VV+았/EP+나/EF"
          },
          {
            "id": 13,
            "text": "1 : 그게 의사가 하는 게 아니라 조무사인지 누가 해 가지고 그랬음",
            "norm_text": "그게 의사가 하는 게 아니라 조무사인지 누가 해 가지고 그랬음",
            "speaker": {
              "id": "1번",
              "sex": "여성",
              "age": "20대"
            },
            "speechAct": "(단언) 진술하기",
            "morpheme": "그게/NP+JKS+의사/NNG+가/JKS+하/VV+는/ETM+게/NNB+JKC+아니/VCN+라/EC+조무/NNG+사인지/NNG+VCP+EC+누가/NP+JKS+해/VV+EC+가지/VX+고/EC+그랬음/VA+EP+EC"
          },
          {
            "id": 14,
            "text": "2 : 미쳤네... 관리실은 좀 좋은 데 알아봤나?",
            "norm_text": "미쳤네... 관리실은 좀 좋은 데 알아봤나?",
            "speaker": {
              "id": "2번",
              "sex": "여성",
              "age": "20대"
            },
            "speechAct": "(지시) 질문하기",
            "morpheme": "미쳤/VV+EP+네/EF+./SY+관리/NNG+실은/MAG+좀/MAG+좋/VA+은/ETM+데/NNB+알/VV+아/EC+봤/VX+EP+나/EF"
          },
          {
            "id": 15,
            "text": "1 : 어어 집 앞에 엄마 다니는 데 가려고",
            "norm_text": "어어 집 앞에 엄마 다니는 데 가려고",
            "speaker": {
              "id": "1번",
              "sex": "여성",
              "age": "20대"
            },
            "speechAct": "(언약) 약속하기(제3자와)/(개인적 수준)",
            "morpheme": "어/IC+어/IC+집/NNG+앞/NNG+에/JKB+엄마/NNG+다니/VV+는데/EC+가/VX+려고/EC"
          },
          {
            "id": 16,
            "text": "2 : 니 가보고 좋으면 나도 갈래 나중에 후기 쫌",
            "norm_text": "니 가보고 좋으면 나도 갈래 나중에 후기 쫌",
            "speaker": {
              "id": "2번",
              "sex": "여성",
              "age": "20대"
            },
            "speechAct": "(지시) 부탁하기",
            "morpheme": "니/NP+가/JKS+보/VV+고/EC+좋/VA+으면/EC+나/NP+도/JX+갈래/VV+EC+나중/NNG+에/JKB+후기/NNG+쫌/XSN"
          }
        ]
      }
    }
  ]
}