{
  "dataset": {
    "identifier": 68943,
    "name": "KAKAO_946_08_set",
    "src_path": "/data/file/cubeManager/PROJECT001/53/txt20211005162503029320/KAKAO_946_08_set/",
    "label_path": "/data/file/cubeManager/PROJECT001/53/txt20211005162503029320/KAKAO_946_08_set/",
    "category": 2,
    "type": 0
  },
  "licenses": {
    "name": "Apache License 1.0",
    "url": "http://www.apache.org/licenses/LICENSE-1.0"
  },
  "info": [
    {
      "id": 42285,
      "filename": "KAKAO_946_08.txt",
      "title": "KAKAO_946_08",
      "mediatype": "SNS",
      "medianame": "카카오톡",
      "category": "일상대화",
      "date": "2021-10-05",
      "size": 633,
      "annotations": {
        "subject": "연애/결혼",
        "speaker_type": "1:1",
        "size": 633,
        "word_size": 204,
        "text": "1 : 남자친구분도 가족이랑 같이 갔었던 거야?\n2 : 저번 주 우리 집에? 키키\n2 : 오빠가 우리 가족에게 첫 인사했었징\n1 : 진짜로? 오오 잘했어? 하하\n1 : 많이 어색하고 불편하진 않았고?\n2 : 나는 아무래도 편했지 키키\n2 : 오빠가 어색하고 그랬겠지만? 하하\n1 : 아 그럼 부모님은 남자친구 분 맘에 드신다고 해?\n2 : 내가 처음 데리고 왔으니 믿고 보는 거징? 키키\n2 : 선물들도 진짜 준비 많이 했더라 키키\n2 : 돈 많이 썼을 듯\n1 : 아휴 ㅜㅜ 그래도 첫 인상이 제일 중요하긴 하니까\n2 : 한우, 꽃다발, 사과 한 박스, 배 한 박스, 커피, 와인 키키 역대급일 듯\n1 : 와... 거의 50만원 넘게 썼을 거 같은데?\n2 : 한우 값만 25만원에 과일 10만원 키키\n2 : 나머지들도 다 비싼,?\n1 : 남자친구 분이 엄청 플렉스 한 거네 하하\n2 : 엉 키키 아무래도 처음이니까 이것저것 막 다 산 듯 키키\n2 : 미용실 가서 머리까지 하고 왔더라고\n1 : 우와... 키키 대박이다 키키\n1 : 정장도 딱 입고 그랬겠네!\n2 : 응 키키 비비까지 바르고 키키\n2 : 오빠랑 내랑 둘이 들 수 없어서 동생들 소환했지 키키\n1 : 엄청난데 키키 너도 남자친구 분 부모님께 인사드린 적 있어?\n2 : 아닝, 이번 주 토요일이 디데이다 ㅠㅠ 큰일",
        "lines": [
          {
            "id": 1,
            "text": "1 : 남자친구분도 가족이랑 같이 갔었던 거야?",
            "norm_text": "남자친구분도 가족이랑 같이 갔었던 거야?",
            "speaker": {
              "id": "1번",
              "sex": "여성",
              "age": "30대"
            },
            "speechAct": "(지시) 질문하기",
            "morpheme": "남자/NNG+친구/NNG+분/NNB+도/JX+가족/NNG+이랑/JKB+같이/MAG+갔었/VV+EP+던/ETM+거/NNB+야/VCP+EF"
          },
          {
            "id": 2,
            "text": "2 : 저번 주 우리 집에? 키키",
            "norm_text": "저번 주 우리 집에? 키키",
            "speaker": {
              "id": "2번",
              "sex": "여성",
              "age": "30대"
            },
            "speechAct": "(단언) 진술하기",
            "morpheme": "저번/NNG+주/NNG+우리/NP+집/NNG+에/JKB+키/NNG+키/XSV+ETN"
          },
          {
            "id": 3,
            "text": "2 : 오빠가 우리 가족에게 첫 인사했었징",
            "norm_text": "오빠가 우리 가족에게 첫 인사했었징",
            "speaker": {
              "id": "2번",
              "sex": "여성",
              "age": "30대"
            },
            "speechAct": "(단언) 진술하기",
            "morpheme": "오빠/NNG+가/JKS+우리/NP+가족/NNG+에게/JKB+첫/MM+인사/NNG+했었/XSV+EP+징/EF"
          },
          {
            "id": 4,
            "text": "1 : 진짜로? 오오 잘했어? 하하",
            "norm_text": "진짜로? 오오 잘했어? 하하",
            "speaker": {
              "id": "1번",
              "sex": "여성",
              "age": "30대"
            },
            "speechAct": "(지시) 질문하기",
            "morpheme": "진짜로/MAG+오오/IC+잘/MAG+했/VV+EP+어/EF+하하/MAG"
          },
          {
            "id": 5,
            "text": "1 : 많이 어색하고 불편하진 않았고?",
            "norm_text": "많이 어색하고 불편하진 않았고?",
            "speaker": {
              "id": "1번",
              "sex": "여성",
              "age": "30대"
            },
            "speechAct": "(지시) 질문하기",
            "morpheme": "많이/MAG+어색/XR+하/XSA+고/EC+불편/NNG+하/XSV+진/EC+JX+않/VX+았/EP+고/EC"
          },
          {
            "id": 6,
            "text": "2 : 나는 아무래도 편했지 키키",
            "norm_text": "나는 아무래도 편했지 키키",
            "speaker": {
              "id": "2번",
              "sex": "여성",
              "age": "30대"
            },
            "speechAct": "(단언) 진술하기",
            "morpheme": "나/NP+는/JX+아무래도/MAG+편했/VA+EP+지/EC+키/NNG+키/XSV+ETN"
          },
          {
            "id": 7,
            "text": "2 : 오빠가 어색하고 그랬겠지만? 하하",
            "norm_text": "오빠가 어색하고 그랬겠지만? 하하",
            "speaker": {
              "id": "2번",
              "sex": "여성",
              "age": "30대"
            },
            "speechAct": "(단언) 주장하기",
            "morpheme": "오빠/NNG+가/JKS+어색/XR+하/XSA+고/EC+그랬/VV+EP+겠/EP+지만/EC+하하/MAG"
          },
          {
            "id": 8,
            "text": "1 : 아 그럼 부모님은 남자친구 분 맘에 드신다고 해?",
            "norm_text": "아 그럼 부모님은 남자친구 분 맘에 드신다고 해?",
            "speaker": {
              "id": "1번",
              "sex": "여성",
              "age": "30대"
            },
            "speechAct": "(지시) 질문하기",
            "morpheme": "아/IC+그럼/MAJ+부모/NNG+님/XSN+은/JX+남자/NNG+친구/NNG+분/NNB+맘/NNG+에/JKB+드/VV+신다고/EP+EC+해/VX+EF"
          },
          {
            "id": 9,
            "text": "2 : 내가 처음 데리고 왔으니 믿고 보는 거징? 키키",
            "norm_text": "내가 처음 데리고 왔으니 믿고 보는 거징? 키키",
            "speaker": {
              "id": "2번",
              "sex": "여성",
              "age": "30대"
            },
            "speechAct": "(단언) 주장하기",
            "morpheme": "내/NP+가/JKS+처음/MAG+데리/VV+고/EC+왔으니/VX+EP+EC+믿/VV+고/EC+보/VX+는/ETM+거/NNB+VCP+징/EF+키/NNG+키/XSV+ETN"
          },
          {
            "id": 10,
            "text": "2 : 선물들도 진짜 준비 많이 했더라 키키",
            "norm_text": "선물들도 진짜 준비 많이 했더라 키키",
            "speaker": {
              "id": "2번",
              "sex": "여성",
              "age": "30대"
            },
            "speechAct": "(단언) 주장하기",
            "morpheme": "선물/NNG+들/XSN+도/JX+진짜/MAG+준비/NNG+많이/MAG+했/VV+EP+더라/EF+키/NNG+키/XSV+ETN"
          },
          {
            "id": 11,
            "text": "2 : 돈 많이 썼을 듯",
            "norm_text": "돈 많이 썼을 듯",
            "speaker": {
              "id": "2번",
              "sex": "여성",
              "age": "30대"
            },
            "speechAct": "(단언) 주장하기",
            "morpheme": "돈/NNG+많이/MAG+썼/VV+EP+을/ETM+듯/NNB"
          },
          {
            "id": 12,
            "text": "1 : 아휴 ㅜㅜ 그래도 첫 인상이 제일 중요하긴 하니까",
            "norm_text": "아휴 ㅜㅜ 그래도 첫 인상이 제일 중요하긴 하니까",
            "speaker": {
              "id": "1번",
              "sex": "여성",
              "age": "30대"
            },
            "speechAct": "(단언) 주장하기",
            "morpheme": "아휴/IC+ㅜㅜ/UNKNOWN+그래도/MAJ+첫/MM+인상/NNG+이/JKS+제일/MAG+중요/NNG+하/XSV+긴/ETN+JX+하/VX+니까/EC"
          },
          {
            "id": 13,
            "text": "2 : 한우, 꽃다발, 사과 한 박스, 배 한 박스, 커피, 와인 키키 역대급일 듯",
            "norm_text": "한우, 꽃다발, 사과 한 박스, 배 한 박스, 커피, 와인 키키 역대급일 듯",
            "speaker": {
              "id": "2번",
              "sex": "여성",
              "age": "30대"
            },
            "speechAct": "(단언) 주장하기",
            "morpheme": "한우/NNG+,/SC+꽃다발/NNG+,/SC+사과/NNG+한/XSA+ETM+박스/NNG+,/SC+배/NNG+한/XSA+ETM+박스/NNG+,/SC+커피/NNG+,/SC+와인키키역대급일듯/UNKNOWN"
          },
          {
            "id": 14,
            "text": "1 : 와... 거의 50만원 넘게 썼을 거 같은데?",
            "norm_text": "와... 거의 50만원 넘게 썼을 거 같은데?",
            "speaker": {
              "id": "1번",
              "sex": "여성",
              "age": "30대"
            },
            "speechAct": "(단언) 주장하기",
            "morpheme": "와/IC+./SY+거의/MAG+50/SN+만/NR+원/NNBC+넘/VV+게/EC+썼/VV+EP+을/ETM+거/NNB+같/VA+은데/EF"
          },
          {
            "id": 15,
            "text": "2 : 한우 값만 25만원에 과일 10만원 키키",
            "norm_text": "한우 값만 25만원에 과일 10만원 키키",
            "speaker": {
              "id": "2번",
              "sex": "여성",
              "age": "30대"
            },
            "speechAct": "(단언) 진술하기",
            "morpheme": "한우/NNG+값/NNG+만/JX+25/SN+만/NR+원/NNBC+에/JKB+과일/NNG+10/SN+만/NR+원/NNBC+키/NNG+키/XSV+ETN"
          },
          {
            "id": 16,
            "text": "2 : 나머지들도 다 비싼,?",
            "norm_text": "나머지들도 다 비싼,?",
            "speaker": {
              "id": "2번",
              "sex": "여성",
              "age": "30대"
            },
            "speechAct": "(단언) 주장하기",
            "morpheme": "나머지/NNG+들/XSN+도/JX+다/MAG+비싼/VA+ETM+,/SY"
          },
          {
            "id": 17,
            "text": "1 : 남자친구 분이 엄청 플렉스 한 거네 하하",
            "norm_text": "남자친구 분이 엄청 플렉스 한 거네 하하",
            "speaker": {
              "id": "1번",
              "sex": "여성",
              "age": "30대"
            },
            "speechAct": "(단언) 주장하기",
            "morpheme": "남자/NNG+친구/NNG+분/NNB+이/JKS+엄청/MAG+플/NNG+렉스/NNG+한/XSA+ETM+거/NNB+네/XSN+하하/MAG"
          },
          {
            "id": 18,
            "text": "2 : 엉 키키 아무래도 처음이니까 이것저것 막 다 산 듯 키키",
            "norm_text": "엉 키키 아무래도 처음이니까 이것저것 막 다 산 듯 키키",
            "speaker": {
              "id": "2번",
              "sex": "여성",
              "age": "30대"
            },
            "speechAct": "(단언) 주장하기",
            "morpheme": "엉/IC+키/NNG+키/XSV+ETN+아무래도/MAG+처음/NNG+이/VCP+니까/EC+이것저것/NNG+막/VV+다/EC+산/VV+ETM+듯/NNB+키/NNG+키/XSV+ETN"
          },
          {
            "id": 19,
            "text": "2 : 미용실 가서 머리까지 하고 왔더라고",
            "norm_text": "미용실 가서 머리까지 하고 왔더라고",
            "speaker": {
              "id": "2번",
              "sex": "여성",
              "age": "30대"
            },
            "speechAct": "(단언) 진술하기",
            "morpheme": "미용실/NNG+가/VV+서/EC+머리/NNG+까지/JX+하/VV+고/EC+왔/VX+EP+더라고/EC"
          },
          {
            "id": 20,
            "text": "1 : 우와... 키키 대박이다 키키",
            "norm_text": "우와... 키키 대박이다 키키",
            "speaker": {
              "id": "1번",
              "sex": "여성",
              "age": "30대"
            },
            "speechAct": "(단언) 주장하기",
            "morpheme": "우와/IC+./SY+키/NNG+키/NNG+대박/NNG+이/JKS+다키키/NNP"
          },
          {
            "id": 21,
            "text": "1 : 정장도 딱 입고 그랬겠네!",
            "norm_text": "정장도 딱 입고 그랬겠네!",
            "speaker": {
              "id": "1번",
              "sex": "여성",
              "age": "30대"
            },
            "speechAct": "(단언) 주장하기",
            "morpheme": "정장/NNG+도/JX+딱/MAG+입/VV+고/EC+그랬/VV+EP+겠/EP+네/EF"
          },
          {
            "id": 22,
            "text": "2 : 응 키키 비비까지 바르고 키키",
            "norm_text": "응 키키 비비까지 바르고 키키",
            "speaker": {
              "id": "2번",
              "sex": "여성",
              "age": "30대"
            },
            "speechAct": "(단언) 진술하기",
            "morpheme": "응/IC+키/NNG+키/NNG+비비/NNG+까지/JX+바르/VV+고/EC+키/NNG+키/XSV+ETN"
          },
          {
            "id": 23,
            "text": "2 : 오빠랑 내랑 둘이 들 수 없어서 동생들 소환했지 키키",
            "norm_text": "오빠랑 내랑 둘이 들 수 없어서 동생들 소환했지 키키",
            "speaker": {
              "id": "2번",
              "sex": "여성",
              "age": "30대"
            },
            "speechAct": "(단언) 진술하기",
            "morpheme": "오빠/NNG+랑/JC+내/NP+랑/JC+둘/NR+이/JKS+들/VV+ETM+수/NNB+없/VA+어서/EC+동생/NNG+들/XSN+소환/NNG+했/XSV+EP+지/EC+키/NNG+키/XSV+ETN"
          },
          {
            "id": 24,
            "text": "1 : 엄청난데 키키 너도 남자친구 분 부모님께 인사드린 적 있어?",
            "norm_text": "엄청난데 키키 너도 남자친구 분 부모님께 인사드린 적 있어?",
            "speaker": {
              "id": "1번",
              "sex": "여성",
              "age": "30대"
            },
            "speechAct": "(지시) 질문하기",
            "morpheme": "엄청난/VA+ETM+데/NNB+키/NNG+키/XSV+ETN+너/NP+도/JX+남자/NNG+친구/NNG+분/NNB+부모/NNG+님/XSN+께/JKB+인사/NNG+드린/VV+ETM+적/NNB+있/VA+어/EF"
          },
          {
            "id": 25,
            "text": "2 : 아닝, 이번 주 토요일이 디데이다 ㅠㅠ 큰일",
            "norm_text": "아닝, 이번 주 토요일이 디데이다 ㅠㅠ 큰일",
            "speaker": {
              "id": "2번",
              "sex": "여성",
              "age": "30대"
            },
            "speechAct": "(표현) 부정감정 표현하기",
            "morpheme": "아닝/NNP+,/SC+이번주토요일이디데이다ㅠㅠ큰일/UNKNOWN"
          }
        ]
      }
    }
  ]
}