{
  "dataset": {
    "identifier": 45552,
    "name": "KAKAO_987_15_set",
    "src_path": "/data/file/cubeManager/PROJECT001/53/txt202110061345460935106/KAKAO_987_15_set/",
    "label_path": "/data/file/cubeManager/PROJECT001/53/txt202110061345460935106/KAKAO_987_15_set/",
    "category": 2,
    "type": 0
  },
  "licenses": {
    "name": "Apache License 1.0",
    "url": "http://www.apache.org/licenses/LICENSE-1.0"
  },
  "info": [
    {
      "id": 43175,
      "filename": "KAKAO_987_15.txt",
      "title": "KAKAO_987_15",
      "mediatype": "SNS",
      "medianame": "카카오톡",
      "category": "일상대화",
      "date": "2021-10-06",
      "size": 351,
      "annotations": {
        "subject": "타 국가 이슈",
        "speaker_type": "1:1",
        "size": 351,
        "word_size": 115,
        "text": "1 : 북한이  미사일 쏜 거 우찌댐...?\n2 : 북한 미사일 졸랭 허접하던디 하하\n1 : 그냥 또 그렇게 끝인가?\n2 : 열차위에서 쐈다며 하하 오완젼\n1 : 걔넨 추석 없나...?\n2 : 이제 별로 무섭지도 않음 하하\n1 : 추석 전에 미사일 쏘고 난리...\n2 : 사회악이야 북한은 정말 하하\n2 : 북한 동포들이 불쌍하당 ㅠㅠ\n1 : 아 그래...?  너 전쟁 날까 봐 무서워 하잖아\n2 : 북한 동포들이 너무 불쌍해 ㅠㅠ\n1 : 아냐 북한 사람들은 악 아냐...\n2 : 구니까 ㅠㅠ 통일이 되었으면 해\n1 : 마자 동포들은 안쓰럽쥐...\n2 : 구해주고 싶어 불쌍한 동포들 ㅠㅠ\n1 : 나두 우리의 소원은 통일\n2 : 구니까 얼른 그런 날이 오길",
        "lines": [
          {
            "id": 1,
            "text": "1 : 북한이  미사일 쏜 거 우찌댐...?",
            "norm_text": "북한이  미사일 쏜 거 우찌댐...?",
            "speaker": {
              "id": "1번",
              "sex": "여성",
              "age": "30대"
            },
            "speechAct": "(지시) 질문하기",
            "morpheme": "북한/NNP+이/JKS+미사일/NNG+쏜/VV+ETM+거/NNB+우찌/MAG+댐/NNG+./SY+./SY"
          },
          {
            "id": 2,
            "text": "2 : 북한 미사일 졸랭 허접하던디 하하",
            "norm_text": "북한 미사일 졸랭 허접하던디 하하",
            "speaker": {
              "id": "2번",
              "sex": "남성",
              "age": "30대"
            },
            "speechAct": "(단언) 주장하기",
            "morpheme": "북한/NNP+미사일/NNG+졸/VA+ETM+랭/NNG+허접/NNG+하/XSV+던/ETM+디하/NNG+하/XSV"
          },
          {
            "id": 3,
            "text": "1 : 그냥 또 그렇게 끝인가?",
            "norm_text": "그냥 또 그렇게 끝인가?",
            "speaker": {
              "id": "1번",
              "sex": "여성",
              "age": "30대"
            },
            "speechAct": "(지시) 질문하기",
            "morpheme": "그냥/MAG+또/MAG+그렇게/MAG+끝/NNG+인가/VCP+EF"
          },
          {
            "id": 4,
            "text": "2 : 열차위에서 쐈다며 하하 오완젼",
            "norm_text": "열차위에서 쐈다며 하하 오완젼",
            "speaker": {
              "id": "2번",
              "sex": "남성",
              "age": "30대"
            },
            "speechAct": "(단언) 주장하기",
            "morpheme": "열/NR+차위/NNG+에서/JKB+쐈/VV+EP+다며/EC+하하/MAG+오/NR+완/NR+젼/NNG"
          },
          {
            "id": 5,
            "text": "1 : 걔넨 추석 없나...?",
            "norm_text": "걔넨 추석 없나...?",
            "speaker": {
              "id": "1번",
              "sex": "여성",
              "age": "30대"
            },
            "speechAct": "(지시) 질문하기",
            "morpheme": "걔/NP+넨/XPN+JX+추석/NNG+없/VA+나/EF+./SY+./SY"
          },
          {
            "id": 6,
            "text": "2 : 이제 별로 무섭지도 않음 하하",
            "norm_text": "이제 별로 무섭지도 않음 하하",
            "speaker": {
              "id": "2번",
              "sex": "남성",
              "age": "30대"
            },
            "speechAct": "(단언) 주장하기",
            "morpheme": "이제/MAG+별로/MAG+무섭/VA+지/EC+도/JX+않/VX+음/ETN+하하/MAG"
          },
          {
            "id": 7,
            "text": "1 : 추석 전에 미사일 쏘고 난리...",
            "norm_text": "추석 전에 미사일 쏘고 난리...",
            "speaker": {
              "id": "1번",
              "sex": "여성",
              "age": "30대"
            },
            "speechAct": "(단언) 주장하기",
            "morpheme": "추석/NNG+전/NNG+에/JKB+미사일/NNG+쏘/VV+고/EC+난리/NNG+./SY+./SY"
          },
          {
            "id": 8,
            "text": "2 : 사회악이야 북한은 정말 하하",
            "norm_text": "사회악이야 북한은 정말 하하",
            "speaker": {
              "id": "2번",
              "sex": "남성",
              "age": "30대"
            },
            "speechAct": "(단언) 주장하기",
            "morpheme": "사회악/NNG+이/VCP+야/EC+북한/NNP+은/JX+정말/MAG+하하/MAG"
          },
          {
            "id": 9,
            "text": "2 : 북한 동포들이 불쌍하당 ㅠㅠ",
            "norm_text": "북한 동포들이 불쌍하당 ㅠㅠ",
            "speaker": {
              "id": "2번",
              "sex": "남성",
              "age": "30대"
            },
            "speechAct": "(단언) 주장하기",
            "morpheme": "북한/NNP+동포/NNG+들/XSN+이/JKS+불쌍/XR+하/XSA+당/EF+ㅠㅠ/UNKNOWN"
          },
          {
            "id": 10,
            "text": "1 : 아 그래...?  너 전쟁 날까 봐 무서워 하잖아",
            "norm_text": "아 그래...?  너 전쟁 날까 봐 무서워 하잖아",
            "speaker": {
              "id": "1번",
              "sex": "여성",
              "age": "30대"
            },
            "speechAct": "(단언) 주장하기",
            "morpheme": "아/IC+그래/IC+./SY+./SY+너/NP+전쟁/NNG+날까봐/VV+EC+VX+EC+무서워하/VV+잖아/EC"
          },
          {
            "id": 11,
            "text": "2 : 북한 동포들이 너무 불쌍해 ㅠㅠ",
            "norm_text": "북한 동포들이 너무 불쌍해 ㅠㅠ",
            "speaker": {
              "id": "2번",
              "sex": "남성",
              "age": "30대"
            },
            "speechAct": "(단언) 주장하기",
            "morpheme": "북한/NNP+동포/NNG+들/XSN+이/JKS+너무/MAG+불쌍/XR+해/XSA+EC+ㅠㅠ/UNKNOWN"
          },
          {
            "id": 12,
            "text": "1 : 아냐 북한 사람들은 악 아냐...",
            "norm_text": "아냐 북한 사람들은 악 아냐...",
            "speaker": {
              "id": "1번",
              "sex": "여성",
              "age": "30대"
            },
            "speechAct": "(단언) 주장하기",
            "morpheme": "아냐/IC+북한/NNP+사람/NNG+들/XSN+은/JX+악/NNG+아냐/VCN+EF+./SY"
          },
          {
            "id": 13,
            "text": "2 : 구니까 ㅠㅠ 통일이 되었으면 해",
            "norm_text": "구니까 ㅠㅠ 통일이 되었으면 해",
            "speaker": {
              "id": "2번",
              "sex": "남성",
              "age": "30대"
            },
            "speechAct": "(단언) 주장하기",
            "morpheme": "구/VA+니까/EC+ㅠㅠ/UNKNOWN+통일/NNG+이/JKS+되/VV+었/EP+으면/EC+해/VV+EC"
          },
          {
            "id": 14,
            "text": "1 : 마자 동포들은 안쓰럽쥐...",
            "norm_text": "마자 동포들은 안쓰럽쥐...",
            "speaker": {
              "id": "1번",
              "sex": "여성",
              "age": "30대"
            },
            "speechAct": "(단언) 주장하기",
            "morpheme": "마자/NNG+동포/NNG+들/XSN+은/JX+안쓰럽/VA+쥐/NNG+./SY+./SY"
          },
          {
            "id": 15,
            "text": "2 : 구해주고 싶어 불쌍한 동포들 ㅠㅠ",
            "norm_text": "구해주고 싶어 불쌍한 동포들 ㅠㅠ",
            "speaker": {
              "id": "2번",
              "sex": "남성",
              "age": "30대"
            },
            "speechAct": "(단언) 주장하기",
            "morpheme": "구해/VV+EC+주/VX+고/EC+싶/VX+어/EC+불쌍/XR+한/XSA+ETM+동포/NNG+들/XSN+ㅠㅠ/UNKNOWN"
          },
          {
            "id": 16,
            "text": "1 : 나두 우리의 소원은 통일",
            "norm_text": "나두 우리의 소원은 통일",
            "speaker": {
              "id": "1번",
              "sex": "여성",
              "age": "30대"
            },
            "speechAct": "(단언) 주장하기",
            "morpheme": "나/NP+두/JX+우리/NP+의/JKG+소원/NNG+은/JX+통일/NNG"
          },
          {
            "id": 17,
            "text": "2 : 구니까 얼른 그런 날이 오길",
            "norm_text": "구니까 얼른 그런 날이 오길",
            "speaker": {
              "id": "2번",
              "sex": "남성",
              "age": "30대"
            },
            "speechAct": "(단언) 주장하기",
            "morpheme": "구/VA+니까/EC+얼른/MAG+그런/MM+날/NNG+이/JKS+오/VV+길/ETN+JKO"
          }
        ]
      }
    }
  ]
}