{
  "dataset": {
    "identifier": 31762,
    "name": "KAKAO_938_10_set",
    "src_path": "/data/file/cubeManager/PROJECT001/53/txt20211005162530012065/KAKAO_938_10_set/",
    "label_path": "/data/file/cubeManager/PROJECT001/53/txt20211005162530012065/KAKAO_938_10_set/",
    "category": 2,
    "type": 0
  },
  "licenses": {
    "name": "Apache License 1.0",
    "url": "http://www.apache.org/licenses/LICENSE-1.0"
  },
  "info": [
    {
      "id": 42327,
      "filename": "KAKAO_938_10.txt",
      "title": "KAKAO_938_10",
      "mediatype": "SNS",
      "medianame": "카카오톡",
      "category": "일상대화",
      "date": "2021-10-05",
      "size": 682,
      "annotations": {
        "subject": "스포츠/레저",
        "speaker_type": "1:1",
        "size": 682,
        "word_size": 222,
        "text": "1 : 취미로 서핑 이런 거 하는 사람들 좀 멋있더라 키키\n2 : 응 그러니까 ㅜ\n2 : 나는 물 무서워서 그런 거 꿈도 못 꾸겠어\n1 : 키키 나도 그렇긴 한데 수영 배우면서 물 익숙해지면 그런 것도 해보고 싶더라구 키키\n2 : 나는 테니스 배워서 해보고 싶어 키키\n1 : 테니스 좋지!\n1 : 그거 진짜 칼로리 소모 많이 된대\n2 : 응 요즘에 테니스 배우는 사람들 많더라구 키키\n2 : 아 그리고 테니스복도 이쁘잖아\n1 : 맞아 키키\n1 : 난 골프복도 너무 예뻐 보여서 골프하고 싶어지더라 키키\n2 : 아 응 골프도 생각 보다 운동이 된다고 하더라구 키키\n2 : 골프로 운동 하는 사람들 많더라\n1 : 키키 맞앙 난 최근에 이성경이 골프 한다고 사진 올리는 거 보니까 예뻐 보여서 ㅜㅜ\n2 : 아 키키 맞아 골프복도 이뻐 키키\n2 : 아 근데 진짜 체력 좀 길러야되는데...\n2 : 체력이 너무 거지야\n1 : 체력 기르려면 유산소를 해야하나 ㅜㅜ\n2 : 그런거보다 테니스나 탁구?! 이런거 해보고싶당\n2 : 탁구도 재밌을거같아\n1 : 탁구도 재밌징 키키\n1 : 탁구는 우리 둘이 종종 만나서 가볍게 해도 재밌겠당 키키\n2 : 탁구 쳐본적 있어?\n2 : 칠 줄 알아?\n1 : 응 예전에 회사다닐 때 많이 쳐봤었어 키키\n1 : 은근 되게 재밌어\n2 : 나는 탁구는 한번도 안쳐봤는데 티비에 탁구 치는거 보면 은근히 운동도 되고 재밌을거 같더라구\n2 : 담에 해보자",
        "lines": [
          {
            "id": 1,
            "text": "1 : 취미로 서핑 이런 거 하는 사람들 좀 멋있더라 키키",
            "norm_text": "취미로 서핑 이런 거 하는 사람들 좀 멋있더라 키키",
            "speaker": {
              "id": "1번",
              "sex": "여성",
              "age": "20대"
            },
            "speechAct": "(단언) 주장하기",
            "morpheme": "취미/NNG+로서/JKB+핑/MAG+이런/MM+거/NNB+하/VV+는/ETM+사람/NNG+들/XSN+좀/MAG+멋있/VA+더라/EC+키/NNG+키/XSV+ETN"
          },
          {
            "id": 2,
            "text": "2 : 응 그러니까 ㅜ",
            "norm_text": "응 그러니까 ㅜ",
            "speaker": {
              "id": "2번",
              "sex": "여성",
              "age": "20대"
            },
            "speechAct": "(단언) 주장하기",
            "morpheme": "응/IC+그러니까/MAJ+ㅜ/UNKNOWN"
          },
          {
            "id": 3,
            "text": "2 : 나는 물 무서워서 그런 거 꿈도 못 꾸겠어",
            "norm_text": "나는 물 무서워서 그런 거 꿈도 못 꾸겠어",
            "speaker": {
              "id": "2번",
              "sex": "여성",
              "age": "20대"
            },
            "speechAct": "(단언) 주장하기",
            "morpheme": "나/NP+는/JX+물/NNG+무서워서/VA+EC+그런/MM+거/NNB+꿈/NNG+도/JX+못/MAG+꾸/VV+겠/EP+어/EC"
          },
          {
            "id": 4,
            "text": "1 : 키키 나도 그렇긴 한데 수영 배우면서 물 익숙해지면 그런 것도 해보고 싶더라구 키키",
            "norm_text": "키키 나도 그렇긴 한데 수영 배우면서 물 익숙해지면 그런 것도 해보고 싶더라구 키키",
            "speaker": {
              "id": "1번",
              "sex": "여성",
              "age": "20대"
            },
            "speechAct": "(단언) 주장하기",
            "morpheme": "키/NNG+키나/XSA+ETN+JX+도/JX+그렇/VA+긴/ETN+JX+한데/VX+EC+수영/NNG+배우/VV+면서/EC+물/NNG+익숙/XR+해/XSA+EC+지/VX+면/EC+그런/MM+것/NNB+도/JX+해/VV+EC+보/VX+고/EC+싶/VX+더라구/EC+키/NNG+키/XSV+ETN"
          },
          {
            "id": 5,
            "text": "2 : 나는 테니스 배워서 해보고 싶어 키키",
            "norm_text": "나는 테니스 배워서 해보고 싶어 키키",
            "speaker": {
              "id": "2번",
              "sex": "여성",
              "age": "20대"
            },
            "speechAct": "(단언) 주장하기",
            "morpheme": "나/NP+는/JX+테니스/NNG+배워서/VV+EC+해/VV+EC+보/VX+고/EC+싶/VX+어/EC+키/NNG+키/XSV+ETN"
          },
          {
            "id": 6,
            "text": "1 : 테니스 좋지!",
            "norm_text": "테니스 좋지!",
            "speaker": {
              "id": "1번",
              "sex": "여성",
              "age": "20대"
            },
            "speechAct": "(단언) 주장하기",
            "morpheme": "테니스/NNG+좋/VA+지/EF"
          },
          {
            "id": 7,
            "text": "1 : 그거 진짜 칼로리 소모 많이 된대",
            "norm_text": "그거 진짜 칼로리 소모 많이 된대",
            "speaker": {
              "id": "1번",
              "sex": "여성",
              "age": "20대"
            },
            "speechAct": "(단언) 진술하기",
            "morpheme": "그거/NP+진짜/MAG+칼로리/NNG+소모/NNG+많이/MAG+된대/VV+EF"
          },
          {
            "id": 8,
            "text": "2 : 응 요즘에 테니스 배우는 사람들 많더라구 키키",
            "norm_text": "응 요즘에 테니스 배우는 사람들 많더라구 키키",
            "speaker": {
              "id": "2번",
              "sex": "여성",
              "age": "20대"
            },
            "speechAct": "(단언) 주장하기",
            "morpheme": "응/IC+요즘/NNG+에/JKB+테니스/NNG+배우/VV+는/ETM+사람/NNG+들/XSN+많/VA+더라구/EC+키/NNG+키/XSV+ETN"
          },
          {
            "id": 9,
            "text": "2 : 아 그리고 테니스복도 이쁘잖아",
            "norm_text": "아 그리고 테니스복도 이쁘잖아",
            "speaker": {
              "id": "2번",
              "sex": "여성",
              "age": "20대"
            },
            "speechAct": "(단언) 주장하기",
            "morpheme": "아/IC+그리고/MAJ+테니스/NNG+복/NNG+도/JX+이쁘/VA+잖아/EC"
          },
          {
            "id": 10,
            "text": "1 : 맞아 키키",
            "norm_text": "맞아 키키",
            "speaker": {
              "id": "1번",
              "sex": "여성",
              "age": "20대"
            },
            "speechAct": "(단언) 주장하기",
            "morpheme": "맞/VV+아/EC+키/NNG+키/XSV+ETN"
          },
          {
            "id": 11,
            "text": "1 : 난 골프복도 너무 예뻐 보여서 골프하고 싶어지더라 키키",
            "norm_text": "난 골프복도 너무 예뻐 보여서 골프하고 싶어지더라 키키",
            "speaker": {
              "id": "1번",
              "sex": "여성",
              "age": "20대"
            },
            "speechAct": "(단언) 주장하기",
            "morpheme": "난/NP+JX+골프/NNG+복/NNG+도/JX+너무/MAG+예뻐/VA+EC+보여서/VV+EC+골프/NNG+하/XSV+고/EC+싶/VX+어/EC+지/VX+더라/EC+키/NNG+키/XSV+ETN"
          },
          {
            "id": 12,
            "text": "2 : 아 응 골프도 생각 보다 운동이 된다고 하더라구 키키",
            "norm_text": "아 응 골프도 생각 보다 운동이 된다고 하더라구 키키",
            "speaker": {
              "id": "2번",
              "sex": "여성",
              "age": "20대"
            },
            "speechAct": "(단언) 진술하기",
            "morpheme": "아응/IC+골프/NNG+도/JX+생각/NNG+보다/JKB+운동/NNG+이/JKS+된다고/VV+EC+하/VV+더라구/EC+키/NNG+키/XSV+ETN"
          },
          {
            "id": 13,
            "text": "2 : 골프로 운동 하는 사람들 많더라",
            "norm_text": "골프로 운동 하는 사람들 많더라",
            "speaker": {
              "id": "2번",
              "sex": "여성",
              "age": "20대"
            },
            "speechAct": "(단언) 주장하기",
            "morpheme": "골프/NNG+로/JKB+운동/NNG+하/XSV+는/ETM+사람/NNG+들/XSN+많/VA+더라/EC"
          },
          {
            "id": 14,
            "text": "1 : 키키 맞앙 난 최근에 이성경이 골프 한다고 사진 올리는 거 보니까 예뻐 보여서 ㅜㅜ",
            "norm_text": "키키 맞앙 난 최근에 이성경이 골프 한다고 사진 올리는 거 보니까 예뻐 보여서 ㅜㅜ",
            "speaker": {
              "id": "1번",
              "sex": "여성",
              "age": "20대"
            },
            "speechAct": "(단언) 진술하기",
            "morpheme": "키/NNG+키/XSV+ETN+맞/VV+앙/EC+난/VX+ETM+최근/NNG+에/JKB+이성경/NNP+이/JKS+골프/NNG+한다고/XSV+EC+사진/NNG+올리/VV+는/ETM+거/NNB+보/VV+니까/EC+예뻐/VA+EC+보여서/VV+EC+ㅜㅜ/UNKNOWN"
          },
          {
            "id": 15,
            "text": "2 : 아 키키 맞아 골프복도 이뻐 키키",
            "norm_text": "아 키키 맞아 골프복도 이뻐 키키",
            "speaker": {
              "id": "2번",
              "sex": "여성",
              "age": "20대"
            },
            "speechAct": "(단언) 주장하기",
            "morpheme": "아키/NNP+키/NNG+맞/VV+아/EC+골프/NNG+복/NNG+도/JX+이뻐/VA+EC+키/NNG+키/XSV+ETN"
          },
          {
            "id": 16,
            "text": "2 : 아 근데 진짜 체력 좀 길러야되는데...",
            "norm_text": "아 근데 진짜 체력 좀 길러야되는데...",
            "speaker": {
              "id": "2번",
              "sex": "여성",
              "age": "20대"
            },
            "speechAct": "(단언) 주장하기",
            "morpheme": "아/IC+근데/MAJ+진짜/MAG+체력/NNG+좀/MAG+길러야/VV+EC+되/VV+는데/EC+./SY+./SY"
          },
          {
            "id": 17,
            "text": "2 : 체력이 너무 거지야",
            "norm_text": "체력이 너무 거지야",
            "speaker": {
              "id": "2번",
              "sex": "여성",
              "age": "20대"
            },
            "speechAct": "(단언) 주장하기",
            "morpheme": "체력/NNG+이/JKS+너무/MAG+거지/VV+야/EC"
          },
          {
            "id": 18,
            "text": "1 : 체력 기르려면 유산소를 해야하나 ㅜㅜ",
            "norm_text": "체력 기르려면 유산소를 해야하나 ㅜㅜ",
            "speaker": {
              "id": "1번",
              "sex": "여성",
              "age": "20대"
            },
            "speechAct": "(단언) 주장하기",
            "morpheme": "체력/NNG+기르/VV+려면/EC+유산소/NNP+를/JKO+해야/VV+EC+하나/NR+ㅜㅜ/UNKNOWN"
          },
          {
            "id": 19,
            "text": "2 : 그런거보다 테니스나 탁구?! 이런거 해보고싶당",
            "norm_text": "그런거보다 테니스나 탁구?! 이런거 해보고싶당",
            "speaker": {
              "id": "2번",
              "sex": "여성",
              "age": "20대"
            },
            "speechAct": "(단언) 주장하기",
            "morpheme": "그런/MM+거/NNB+보다/JKB+테니스/NNG+나/JC+탁구/NNG+?/SY+이런/MM+거/NNB+해/VV+EC+보/VX+고/EC+싶/VX+당/EF"
          },
          {
            "id": 20,
            "text": "2 : 탁구도 재밌을거같아",
            "norm_text": "탁구도 재밌을거같아",
            "speaker": {
              "id": "2번",
              "sex": "여성",
              "age": "20대"
            },
            "speechAct": "(단언) 주장하기",
            "morpheme": "탁구/NNG+도/JX+재밌/VA+을/ETM+거/NNB+같/VA+아/EC"
          },
          {
            "id": 21,
            "text": "1 : 탁구도 재밌징 키키",
            "norm_text": "탁구도 재밌징 키키",
            "speaker": {
              "id": "1번",
              "sex": "여성",
              "age": "20대"
            },
            "speechAct": "(단언) 주장하기",
            "morpheme": "탁구/NNG+도/JX+재밌/VA+징/EF+키/NNG+키/XSV+ETN"
          },
          {
            "id": 22,
            "text": "1 : 탁구는 우리 둘이 종종 만나서 가볍게 해도 재밌겠당 키키",
            "norm_text": "탁구는 우리 둘이 종종 만나서 가볍게 해도 재밌겠당 키키",
            "speaker": {
              "id": "1번",
              "sex": "여성",
              "age": "20대"
            },
            "speechAct": "(단언) 주장하기",
            "morpheme": "탁구/NNG+는/JX+우리/NP+둘/NR+이/JKS+종종/MAG+만나/VV+서/EC+가볍/VA+게/EC+해도/VV+EC+재밌/VA+겠/EP+당/XSN+키/NNG+키/XSV+ETN"
          },
          {
            "id": 23,
            "text": "2 : 탁구 쳐본적 있어?",
            "norm_text": "탁구 쳐본적 있어?",
            "speaker": {
              "id": "2번",
              "sex": "여성",
              "age": "20대"
            },
            "speechAct": "(지시) 질문하기",
            "morpheme": "탁구/NNG+쳐/VV+EC+본/VX+ETM+적/NNB+있/VA+어/EF"
          },
          {
            "id": 24,
            "text": "2 : 칠 줄 알아?",
            "norm_text": "칠 줄 알아?",
            "speaker": {
              "id": "2번",
              "sex": "여성",
              "age": "20대"
            },
            "speechAct": "(지시) 질문하기",
            "morpheme": "칠/VV+ETM+줄/NNB+알/VV+아/EF"
          },
          {
            "id": 25,
            "text": "1 : 응 예전에 회사다닐 때 많이 쳐봤었어 키키",
            "norm_text": "응 예전에 회사다닐 때 많이 쳐봤었어 키키",
            "speaker": {
              "id": "1번",
              "sex": "여성",
              "age": "20대"
            },
            "speechAct": "(단언) 진술하기",
            "morpheme": "응/IC+예전/NNG+에/JKB+회사/NNG+다닐/VV+ETM+때/NNG+많이/MAG+쳐/VV+EC+봤었/VX+EP+어/EC+키/NNG+키/XSV+ETN"
          },
          {
            "id": 26,
            "text": "1 : 은근 되게 재밌어",
            "norm_text": "은근 되게 재밌어",
            "speaker": {
              "id": "1번",
              "sex": "여성",
              "age": "20대"
            },
            "speechAct": "(단언) 주장하기",
            "morpheme": "은근/NNG+되게/MAG+재밌/VA+어/EC"
          },
          {
            "id": 27,
            "text": "2 : 나는 탁구는 한번도 안쳐봤는데 티비에 탁구 치는거 보면 은근히 운동도 되고 재밌을거 같더라구",
            "norm_text": "나는 탁구는 한번도 안쳐봤는데 티비에 탁구 치는거 보면 은근히 운동도 되고 재밌을거 같더라구",
            "speaker": {
              "id": "2번",
              "sex": "여성",
              "age": "20대"
            },
            "speechAct": "(단언) 주장하기",
            "morpheme": "나/NP+는/JX+탁구/NNG+는/JX+한/MM+번/NNBC+도/JX+안/MAG+쳐/VV+EC+봤/VX+EP+는데/EC+티비/NNG+에/JKB+탁구/NNG+치/VV+는/ETM+거/NNB+보/VV+면/EC+은근히/MAG+운동/NNG+도/JX+되/VV+고/EC+재밌/VA+을/ETM+거/NNB+같/VA+더라구/EC"
          },
          {
            "id": 28,
            "text": "2 : 담에 해보자",
            "norm_text": "담에 해보자",
            "speaker": {
              "id": "2번",
              "sex": "여성",
              "age": "20대"
            },
            "speechAct": "(언약) 약속하기(제3자와)/(개인적 수준)",
            "morpheme": "담/NNG+에/JKB+해/VV+EC+보/VX+자/EC"
          }
        ]
      }
    }
  ]
}