{
  "dataset": {
    "identifier": 45571,
    "name": "KAKAO_948_17_set",
    "src_path": "/data/file/cubeManager/PROJECT001/53/txt20211005162048067980/KAKAO_948_17_set/",
    "label_path": "/data/file/cubeManager/PROJECT001/53/txt20211005162048067980/KAKAO_948_17_set/",
    "category": 2,
    "type": 0
  },
  "licenses": {
    "name": "Apache License 1.0",
    "url": "http://www.apache.org/licenses/LICENSE-1.0"
  },
  "info": [
    {
      "id": 42134,
      "filename": "KAKAO_948_17.txt",
      "title": "KAKAO_948_17",
      "mediatype": "SNS",
      "medianame": "카카오톡",
      "category": "일상대화",
      "date": "2021-10-05",
      "size": 526,
      "annotations": {
        "subject": "건강",
        "speaker_type": "1:1",
        "size": 526,
        "word_size": 179,
        "text": "1 : 넌 대장이나 위 내시경 해본 적 있어?\n2 : 나 작년에 위 내시경 받아봤어 ㅠㅠ\n1 : 아 그래? ㅜㅜ 어때?\n1 : 수면 내시경으로 한 거지?\n2 : 응 수면 내시경으로 했고. 마취 들어가는 순간 바로 잠들어 버림 키키\n1 : 오 진짜? 키키\n1 : 나도 올해 해볼까 싶은데 무서워\n2 : 너 한번도 안 해봤어?\n2 : 이제 해볼 나이야\n1 : 응응 그러니까 ㅜㅜ 대장도 같이 해버릴까 싶어\n2 : 할 때 한 번에 다 받아보면 좋지.\n2 : 대장은 그 물 마시는 게 너무 곤욕이라더라\n1 : 아 ㅜㅜ 그래 밤새도록 뭐 마셔서 빼내야 한다며\n2 : 응 키키 요즘엔 약으로도 나왔는데 약을 한번에 20개씩 2번 먹어야 된대\n1 : 응? 키키 나 알약 못 먹는데?\n1 : 진짜 못 삼켜\n2 : 그럼 너는 물로 마셔야겠네 키키\n2 : 뭘로 하든 힘들다\n1 : 키키 너무 걱정이야...\n1 : 이러다 또 내년으로 미루겠지\n2 : 아니. 이런 거 미루면 안되겠더라.\n2 : 나처럼 된다\n1 : ㅜㅜ 알겠다 ㅜㅜ 올해는 정밀 검진으로 해볼게\n2 : 꼭 해. 나는 위염도 있다고 그랬어",
        "lines": [
          {
            "id": 1,
            "text": "1 : 넌 대장이나 위 내시경 해본 적 있어?",
            "norm_text": "넌 대장이나 위 내시경 해본 적 있어?",
            "speaker": {
              "id": "1번",
              "sex": "여성",
              "age": "30대"
            },
            "speechAct": "(지시) 질문하기",
            "morpheme": "넌/NP+JX+대장/NNG+이나/JC+위내시경/NNG+해/XSV+EC+본/VX+ETM+적/NNB+있/VA+어/EF"
          },
          {
            "id": 2,
            "text": "2 : 나 작년에 위 내시경 받아봤어 ㅠㅠ",
            "norm_text": "나 작년에 위 내시경 받아봤어 ㅠㅠ",
            "speaker": {
              "id": "2번",
              "sex": "여성",
              "age": "30대"
            },
            "speechAct": "(단언) 진술하기",
            "morpheme": "나/NP+작년/NNG+에/JKB+위내시경/NNG+받/VV+아/EC+봤/VX+EP+어/EF+ㅠㅠ/UNKNOWN"
          },
          {
            "id": 3,
            "text": "1 : 아 그래? ㅜㅜ 어때?",
            "norm_text": "아 그래? ㅜㅜ 어때?",
            "speaker": {
              "id": "1번",
              "sex": "여성",
              "age": "30대"
            },
            "speechAct": "(지시) 질문하기",
            "morpheme": "아/IC+그래/IC+ㅜㅜ/UNKNOWN+어때/VA+EF"
          },
          {
            "id": 4,
            "text": "1 : 수면 내시경으로 한 거지?",
            "norm_text": "수면 내시경으로 한 거지?",
            "speaker": {
              "id": "1번",
              "sex": "여성",
              "age": "30대"
            },
            "speechAct": "(지시) 질문하기",
            "morpheme": "수면/NNG+내시경/NNG+으로/JKB+한/VV+ETM+거/NNB+지/VCP+EF"
          },
          {
            "id": 5,
            "text": "2 : 응 수면 내시경으로 했고. 마취 들어가는 순간 바로 잠들어 버림 키키",
            "norm_text": "응 수면 내시경으로 했고. 마취 들어가는 순간 바로 잠들어 버림 키키",
            "speaker": {
              "id": "2번",
              "sex": "여성",
              "age": "30대"
            },
            "speechAct": "(단언) 진술하기",
            "morpheme": "응/IC+수면/NNG+내시경/NNG+으로/JKB+했/VV+EP+고/EC+./SY+마취/NNG+들어가/VV+는/ETM+순간/NNG+바로/MAG+잠들/VV+어/EC+버림/VX+ETN+키/NNG+키/XSV+ETN"
          },
          {
            "id": 6,
            "text": "1 : 오 진짜? 키키",
            "norm_text": "오 진짜? 키키",
            "speaker": {
              "id": "1번",
              "sex": "여성",
              "age": "30대"
            },
            "speechAct": "(지시) 질문하기",
            "morpheme": "오/IC+진짜/MAG+키/NNG+키/XSV+ETN"
          },
          {
            "id": 7,
            "text": "1 : 나도 올해 해볼까 싶은데 무서워",
            "norm_text": "나도 올해 해볼까 싶은데 무서워",
            "speaker": {
              "id": "1번",
              "sex": "여성",
              "age": "30대"
            },
            "speechAct": "(단언) 진술하기",
            "morpheme": "나/NP+도/JX+올해/NNG+해/XSV+EC+볼까/VX+EC+싶/VX+은데/EC+무서워/VA+EC"
          },
          {
            "id": 8,
            "text": "2 : 너 한번도 안 해봤어?",
            "norm_text": "너 한번도 안 해봤어?",
            "speaker": {
              "id": "2번",
              "sex": "여성",
              "age": "30대"
            },
            "speechAct": "(지시) 질문하기",
            "morpheme": "너/NP+한/MM+번/NNBC+도/JX+안/MAG+해/VV+EC+봤/VX+EP+어/EF"
          },
          {
            "id": 9,
            "text": "2 : 이제 해볼 나이야",
            "norm_text": "이제 해볼 나이야",
            "speaker": {
              "id": "2번",
              "sex": "여성",
              "age": "30대"
            },
            "speechAct": "(단언) 진술하기",
            "morpheme": "이제/MAG+해/VV+EC+볼/VX+ETM+나/NP+이야/JX"
          },
          {
            "id": 10,
            "text": "1 : 응응 그러니까 ㅜㅜ 대장도 같이 해버릴까 싶어",
            "norm_text": "응응 그러니까 ㅜㅜ 대장도 같이 해버릴까 싶어",
            "speaker": {
              "id": "1번",
              "sex": "여성",
              "age": "30대"
            },
            "speechAct": "(지시) 질문하기",
            "morpheme": "응/IC+응/IC+그러니까/MAJ+ㅜㅜ/UNKNOWN+대장/NNG+도/JX+같이/MAG+해버릴까/VV+EC+VX+EC+싶/VX+어/EC"
          },
          {
            "id": 11,
            "text": "2 : 할 때 한 번에 다 받아보면 좋지.",
            "norm_text": "할 때 한 번에 다 받아보면 좋지.",
            "speaker": {
              "id": "2번",
              "sex": "여성",
              "age": "30대"
            },
            "speechAct": "(단언) 진술하기",
            "morpheme": "할/VV+ETM+때/NNG+한번/NNG+에다/JKB+받/VV+아/EC+보/VX+면/EC+좋/VA+지/EF"
          },
          {
            "id": 12,
            "text": "2 : 대장은 그 물 마시는 게 너무 곤욕이라더라",
            "norm_text": "대장은 그 물 마시는 게 너무 곤욕이라더라",
            "speaker": {
              "id": "2번",
              "sex": "여성",
              "age": "30대"
            },
            "speechAct": "(단언) 진술하기",
            "morpheme": "대장/NNG+은/JX+그물/NNG+마시/VV+는/ETM+게/NNB+JKS+너무/MAG+곤욕/NNG+이/VCP+라더라/EC"
          },
          {
            "id": 13,
            "text": "1 : 아 ㅜㅜ 그래 밤새도록 뭐 마셔서 빼내야 한다며",
            "norm_text": "아 ㅜㅜ 그래 밤새도록 뭐 마셔서 빼내야 한다며",
            "speaker": {
              "id": "1번",
              "sex": "여성",
              "age": "30대"
            },
            "speechAct": "(단언) 진술하기",
            "morpheme": "아/IC+ㅜㅜ/UNKNOWN+그래/VA+EC+밤새/VV+도록/EC+뭐/IC+마셔서/VV+EC+빼내/VV+야/EC+한다며/VX+EC"
          },
          {
            "id": 14,
            "text": "2 : 응 키키 요즘엔 약으로도 나왔는데 약을 한번에 20개씩 2번 먹어야 된대",
            "norm_text": "응 키키 요즘엔 약으로도 나왔는데 약을 한번에 20개씩 2번 먹어야 된대",
            "speaker": {
              "id": "2번",
              "sex": "여성",
              "age": "30대"
            },
            "speechAct": "(단언) 진술하기",
            "morpheme": "응/IC+키/NNG+키/NNG+요즘/NNG+엔/JKB+JX+약/NNG+으로/JKB+도/JX+나왔/VV+EP+는데/EC+약/NNG+을/JKO+한/MM+번/NNBC+에/JKB+20/SN+개/NNBC+씩/XSN+2/SN+번/NNBC+먹/VV+어야/EC+된대/VV+EF"
          },
          {
            "id": 15,
            "text": "1 : 응? 키키 나 알약 못 먹는데?",
            "norm_text": "응? 키키 나 알약 못 먹는데?",
            "speaker": {
              "id": "1번",
              "sex": "여성",
              "age": "30대"
            },
            "speechAct": "(단언) 진술하기",
            "morpheme": "응/IC+키/NNG+키나/XSA+ETN+JX+알약/NNG+못/MAG+먹/VV+는데/EC"
          },
          {
            "id": 16,
            "text": "1 : 진짜 못 삼켜",
            "norm_text": "진짜 못 삼켜",
            "speaker": {
              "id": "1번",
              "sex": "여성",
              "age": "30대"
            },
            "speechAct": "(단언) 진술하기",
            "morpheme": "진짜/MAG+못/MAG+삼켜/VV+EC"
          },
          {
            "id": 17,
            "text": "2 : 그럼 너는 물로 마셔야겠네 키키",
            "norm_text": "그럼 너는 물로 마셔야겠네 키키",
            "speaker": {
              "id": "2번",
              "sex": "여성",
              "age": "30대"
            },
            "speechAct": "(단언) 진술하기",
            "morpheme": "그럼/MAJ+너/NP+는/JX+물/NNG+로/JKB+마셔야/VV+EC+VX+겠/EP+네/EF+키/NNG+키/XSV+ETN"
          },
          {
            "id": 18,
            "text": "2 : 뭘로 하든 힘들다",
            "norm_text": "뭘로 하든 힘들다",
            "speaker": {
              "id": "2번",
              "sex": "여성",
              "age": "30대"
            },
            "speechAct": "(단언) 진술하기",
            "morpheme": "뭘로/NP+JKB+하/VV+든/EC+힘들/VA+다/EC"
          },
          {
            "id": 19,
            "text": "1 : 키키 너무 걱정이야...",
            "norm_text": "키키 너무 걱정이야...",
            "speaker": {
              "id": "1번",
              "sex": "여성",
              "age": "30대"
            },
            "speechAct": "(단언) 진술하기",
            "morpheme": "키/NNG+키/NNG+너무/MAG+걱정/NNG+이/VCP+야/EF+./SY"
          },
          {
            "id": 20,
            "text": "1 : 이러다 또 내년으로 미루겠지",
            "norm_text": "이러다 또 내년으로 미루겠지",
            "speaker": {
              "id": "1번",
              "sex": "여성",
              "age": "30대"
            },
            "speechAct": "(단언) 진술하기",
            "morpheme": "이러다/MAJ+또/MAG+내년/NNG+으로/JKB+미루/VV+겠/EP+지/EC"
          },
          {
            "id": 21,
            "text": "2 : 아니. 이런 거 미루면 안되겠더라.",
            "norm_text": "아니. 이런 거 미루면 안되겠더라.",
            "speaker": {
              "id": "2번",
              "sex": "여성",
              "age": "30대"
            },
            "speechAct": "(단언) 반박하기",
            "morpheme": "아니/IC+이런/MM+거/NNB+미루/VV+면/EC+안/MAG+되/VV+겠/EP+더라/EF"
          },
          {
            "id": 22,
            "text": "2 : 나처럼 된다",
            "norm_text": "나처럼 된다",
            "speaker": {
              "id": "2번",
              "sex": "여성",
              "age": "30대"
            },
            "speechAct": "(단언) 진술하기",
            "morpheme": "나/NP+처럼/JKB+된다/VV+EC"
          },
          {
            "id": 23,
            "text": "1 : ㅜㅜ 알겠다 ㅜㅜ 올해는 정밀 검진으로 해볼게",
            "norm_text": "ㅜㅜ 알겠다 ㅜㅜ 올해는 정밀 검진으로 해볼게",
            "speaker": {
              "id": "1번",
              "sex": "여성",
              "age": "30대"
            },
            "speechAct": "(단언) 진술하기",
            "morpheme": "ㅜㅜ/UNKNOWN+알/VV+겠/EP+다/EF+ㅜㅜ/UNKNOWN+올해/NNG+는/JX+정밀/NNG+검진/NNG+으로/JKB+해/VV+EC+볼/VX+게/EC"
          },
          {
            "id": 24,
            "text": "2 : 꼭 해. 나는 위염도 있다고 그랬어",
            "norm_text": "꼭 해. 나는 위염도 있다고 그랬어",
            "speaker": {
              "id": "2번",
              "sex": "여성",
              "age": "30대"
            },
            "speechAct": "(단언) 진술하기",
            "morpheme": "꼭/MAG+해/VV+EF+나/NP+는/JX+위염/NNG+도/JX+있/VA+다고/EC+그랬/VV+EP+어/EC"
          }
        ]
      }
    }
  ]
}