{
  "dataset": {
    "identifier": 60145,
    "name": "KAKAO_984_05_set",
    "src_path": "/data/file/cubeManager/PROJECT001/53/txt20211006122038081164/KAKAO_984_05_set/",
    "label_path": "/data/file/cubeManager/PROJECT001/53/txt20211006122038081164/KAKAO_984_05_set/",
    "category": 2,
    "type": 0
  },
  "licenses": {
    "name": "Apache License 1.0",
    "url": "http://www.apache.org/licenses/LICENSE-1.0"
  },
  "info": [
    {
      "id": 42865,
      "filename": "KAKAO_984_05.txt",
      "title": "KAKAO_984_05",
      "mediatype": "SNS",
      "medianame": "카카오톡",
      "category": "일상대화",
      "date": "2021-10-06",
      "size": 458,
      "annotations": {
        "subject": "군대",
        "speaker_type": "1:1",
        "size": 458,
        "word_size": 148,
        "text": "1 : 공군은 비행기 모는 줄 알았는데 아니래\n2 : 그럴 것 같아 키키 그걸 어떻게 금방 배우겠어\n1 : 비행기 정비만 하나 했더니 그것도 아니래\n2 : 아 그래? 그럼 뭐 하는 거야?\n1 : 걍 육군이랑 거의 똑같이 훈련 받는대 키키\n2 : 키키 옷만 다르구만. 하하 신기하다\n1 : 외국어 잘해서 카투사 가는 것도 간지야\n2 : 아 맞아. 그건 좀 멋있지.\n2 : 우리 회사 동료가 카투사 출신이래서 좀 달라 보였어\n1 : 진짜 괜히 달라 보이는 느낌이겠다 키키\n2 : 응 막 꿈도 영어로 꾸고 그랬다고 하더라\n1 : 내 친구는 특전사 지원했다가 떨어졌었다던데\n2 : 키키 특전사는 뭐 보는 게 따로 있나?\n1 : 뭐 조건이 많은데 그중에 떨어진 이유는 시력 때문이었대\n2 : 아... 시력! 중요하지.\n2 : 공군도 시력 본다고 하더라\n1 : 그렇겠지 아무래도?\n1 : 나는 못 갔겠네 어차피 ㅠㅠ\n2 : 키키 나도. 할 생각도 없지만 떨어짐.",
        "lines": [
          {
            "id": 1,
            "text": "1 : 공군은 비행기 모는 줄 알았는데 아니래",
            "norm_text": "공군은 비행기 모는 줄 알았는데 아니래",
            "speaker": {
              "id": "1번",
              "sex": "여성",
              "age": "30대"
            },
            "speechAct": "(단언) 진술하기",
            "morpheme": "공군/NNG+은/JX+비행기/NNG+모는/VV+ETM+줄/NNB+알/VV+았/EP+는데/EC+아니/VCN+래/EC"
          },
          {
            "id": 2,
            "text": "2 : 그럴 것 같아 키키 그걸 어떻게 금방 배우겠어",
            "norm_text": "그럴 것 같아 키키 그걸 어떻게 금방 배우겠어",
            "speaker": {
              "id": "2번",
              "sex": "여성",
              "age": "30대"
            },
            "speechAct": "(단언) 주장하기",
            "morpheme": "그럴/VA+ETM+것/NNB+같/VA+아/EC+키/NNG+키/XSV+ETN+그걸/NP+JKO+어떻게/MAG+금방/MAG+배우/VV+겠/EP+어/EC"
          },
          {
            "id": 3,
            "text": "1 : 비행기 정비만 하나 했더니 그것도 아니래",
            "norm_text": "비행기 정비만 하나 했더니 그것도 아니래",
            "speaker": {
              "id": "1번",
              "sex": "여성",
              "age": "30대"
            },
            "speechAct": "(단언) 진술하기",
            "morpheme": "비행기/NNG+정비/NNG+만/JX+하나/NR+했/VV+EP+더니/EC+그것/NP+도/JX+아니/VCN+래/EC"
          },
          {
            "id": 4,
            "text": "2 : 아 그래? 그럼 뭐 하는 거야?",
            "norm_text": "아 그래? 그럼 뭐 하는 거야?",
            "speaker": {
              "id": "2번",
              "sex": "여성",
              "age": "30대"
            },
            "speechAct": "(지시) 질문하기",
            "morpheme": "아/IC+그래/IC+그럼/MAJ+뭐/IC+하/VV+는/ETM+거/NNB+야/VCP+EF"
          },
          {
            "id": 5,
            "text": "1 : 걍 육군이랑 거의 똑같이 훈련 받는대 키키",
            "norm_text": "걍 육군이랑 거의 똑같이 훈련 받는대 키키",
            "speaker": {
              "id": "1번",
              "sex": "여성",
              "age": "30대"
            },
            "speechAct": "(단언) 진술하기",
            "morpheme": "걍/UNKNOWN+육군/NNG+이랑/JKB+거의/MAG+똑같이/MAG+훈련/NNG+받/VV+는/ETM+대/XPN+키/NNG+키/XSV+ETN"
          },
          {
            "id": 6,
            "text": "2 : 키키 옷만 다르구만. 하하 신기하다",
            "norm_text": "키키 옷만 다르구만. 하하 신기하다",
            "speaker": {
              "id": "2번",
              "sex": "여성",
              "age": "30대"
            },
            "speechAct": "(단언) 주장하기",
            "morpheme": "키/NNG+키/NNG+옷/NNG+만/JX+다르/VA+구만/EF+하하/MAG+신기/XR+하/XSA+다/EC"
          },
          {
            "id": 7,
            "text": "1 : 외국어 잘해서 카투사 가는 것도 간지야",
            "norm_text": "외국어 잘해서 카투사 가는 것도 간지야",
            "speaker": {
              "id": "1번",
              "sex": "여성",
              "age": "30대"
            },
            "speechAct": "(단언) 주장하기",
            "morpheme": "외국어/NNG+잘/MAG+해서/VV+EC+카투사/NNG+가/VV+는/ETM+것/NNB+도/JX+간지야/NNP"
          },
          {
            "id": 8,
            "text": "2 : 아 맞아. 그건 좀 멋있지.",
            "norm_text": "아 맞아. 그건 좀 멋있지.",
            "speaker": {
              "id": "2번",
              "sex": "여성",
              "age": "30대"
            },
            "speechAct": "(단언) 주장하기",
            "morpheme": "아/IC+맞/VV+아/EF+그건/NP+JX+좀/MAG+멋있/VA+지/EF"
          },
          {
            "id": 9,
            "text": "2 : 우리 회사 동료가 카투사 출신이래서 좀 달라 보였어",
            "norm_text": "우리 회사 동료가 카투사 출신이래서 좀 달라 보였어",
            "speaker": {
              "id": "2번",
              "sex": "여성",
              "age": "30대"
            },
            "speechAct": "(단언) 주장하기",
            "morpheme": "우리/NP+회사/NNG+동료/NNG+가/JKS+카투사/NNG+출신/NNG+이래서/VV+EC+좀/MAG+달라보였/VA+EC+VV+EP+어/EC"
          },
          {
            "id": 10,
            "text": "1 : 진짜 괜히 달라 보이는 느낌이겠다 키키",
            "norm_text": "진짜 괜히 달라 보이는 느낌이겠다 키키",
            "speaker": {
              "id": "1번",
              "sex": "여성",
              "age": "30대"
            },
            "speechAct": "(표현) 긍정감정 표현하기",
            "morpheme": "진짜/MAG+괜히/MAG+달/VV+라/EC+보이/VV+는/ETM+느낌/NNG+이/VCP+겠/EP+다키키/NNP"
          },
          {
            "id": 11,
            "text": "2 : 응 막 꿈도 영어로 꾸고 그랬다고 하더라",
            "norm_text": "응 막 꿈도 영어로 꾸고 그랬다고 하더라",
            "speaker": {
              "id": "2번",
              "sex": "여성",
              "age": "30대"
            },
            "speechAct": "(단언) 진술하기",
            "morpheme": "응/IC+막/MAJ+꿈/NNG+도/JX+영어/NNG+로/JKB+꾸/VV+고/EC+그랬/VV+EP+다고/EC+하/VV+더라/EC"
          },
          {
            "id": 12,
            "text": "1 : 내 친구는 특전사 지원했다가 떨어졌었다던데",
            "norm_text": "내 친구는 특전사 지원했다가 떨어졌었다던데",
            "speaker": {
              "id": "1번",
              "sex": "여성",
              "age": "30대"
            },
            "speechAct": "(단언) 진술하기",
            "morpheme": "내/NP+JKG+친구/NNG+는/JX+특전/NNG+사/NR+지원/NNG+했/XSV+EP+다가/EC+떨어졌었/VV+EP+다던데/EC"
          },
          {
            "id": 13,
            "text": "2 : 키키 특전사는 뭐 보는 게 따로 있나?",
            "norm_text": "키키 특전사는 뭐 보는 게 따로 있나?",
            "speaker": {
              "id": "2번",
              "sex": "여성",
              "age": "30대"
            },
            "speechAct": "(지시) 질문하기",
            "morpheme": "키/NNG+키/NNG+특전/NNG+사/VV+는/ETM+뭐/IC+보/VV+는/ETM+게/NNB+JKS+따로/MAG+있/VV+나/EF"
          },
          {
            "id": 14,
            "text": "1 : 뭐 조건이 많은데 그중에 떨어진 이유는 시력 때문이었대",
            "norm_text": "뭐 조건이 많은데 그중에 떨어진 이유는 시력 때문이었대",
            "speaker": {
              "id": "1번",
              "sex": "여성",
              "age": "30대"
            },
            "speechAct": "(단언) 진술하기",
            "morpheme": "뭐/IC+조건/NNG+이/JKS+많/VA+은데/EC+그/MM+중/NNB+에/JKB+떨어진/VV+ETM+이유/NNG+는/JX+시력/NNG+때문/NNB+이/VCP+었/EP+대/EC"
          },
          {
            "id": 15,
            "text": "2 : 아... 시력! 중요하지.",
            "norm_text": "아... 시력! 중요하지.",
            "speaker": {
              "id": "2번",
              "sex": "여성",
              "age": "30대"
            },
            "speechAct": "(단언) 주장하기",
            "morpheme": "아/IC+./SY+시력/NNG+!/SY+중요/NNG+하/XSA+지/EF"
          },
          {
            "id": 16,
            "text": "2 : 공군도 시력 본다고 하더라",
            "norm_text": "공군도 시력 본다고 하더라",
            "speaker": {
              "id": "2번",
              "sex": "여성",
              "age": "30대"
            },
            "speechAct": "(단언) 진술하기",
            "morpheme": "공군/NNG+도/JX+시력/NNG+본다고/VV+EC+하/VV+더라/EC"
          },
          {
            "id": 17,
            "text": "1 : 그렇겠지 아무래도?",
            "norm_text": "그렇겠지 아무래도?",
            "speaker": {
              "id": "1번",
              "sex": "여성",
              "age": "30대"
            },
            "speechAct": "(지시) 질문하기",
            "morpheme": "그렇/VA+겠/EP+지/EF+아무래도/MAG"
          },
          {
            "id": 18,
            "text": "1 : 나는 못 갔겠네 어차피 ㅠㅠ",
            "norm_text": "나는 못 갔겠네 어차피 ㅠㅠ",
            "speaker": {
              "id": "1번",
              "sex": "여성",
              "age": "30대"
            },
            "speechAct": "(단언) 주장하기",
            "morpheme": "나/NP+는/JX+못/MAG+갔/VV+EP+겠/EP+네/EF+어차피/MAG+ㅠㅠ/UNKNOWN"
          },
          {
            "id": 19,
            "text": "2 : 키키 나도. 할 생각도 없지만 떨어짐.",
            "norm_text": "키키 나도. 할 생각도 없지만 떨어짐.",
            "speaker": {
              "id": "2번",
              "sex": "여성",
              "age": "30대"
            },
            "speechAct": "(단언) 주장하기",
            "morpheme": "키/NNG+키나/XSA+ETN+JX+도/JX+할/VV+ETM+생각/NNG+도/JX+없/VA+지만/EC+떨어짐/VV+ETN"
          }
        ]
      }
    }
  ]
}