{
  "dataset": {
    "identifier": 68985,
    "name": "KAKAO_930_10_set",
    "src_path": "/data/file/cubeManager/PROJECT001/53/txt20211005155835074325/KAKAO_930_10_set/",
    "label_path": "/data/file/cubeManager/PROJECT001/53/txt20211005155835074325/KAKAO_930_10_set/",
    "category": 2,
    "type": 0
  },
  "licenses": {
    "name": "Apache License 1.0",
    "url": "http://www.apache.org/licenses/LICENSE-1.0"
  },
  "info": [
    {
      "id": 41907,
      "filename": "KAKAO_930_10.txt",
      "title": "KAKAO_930_10",
      "mediatype": "SNS",
      "medianame": "카카오톡",
      "category": "일상대화",
      "date": "2021-10-05",
      "size": 591,
      "annotations": {
        "subject": "스포츠/레저",
        "speaker_type": "1:1",
        "size": 591,
        "word_size": 192,
        "text": "1 : 요즘 pt 잘 하고 있나 키키\n2 : 키키 어어 나가긴 하지 안 할 때는 등산 가고 키키 요즘 등산에 빠짐\n1 : 오 진짜? 키키 나도 등산 가려고 하는데 계속 비 와서 못 가고 있는 중\n2 : 키키 맞제 요즘 날씨가 오락가락 운동은 등산이랑 피티하는데 살은 안 빠진다\n1 : 그게 무슨 일인데? 키키\n2 : 운동도 열심히 하고 먹는 것 좀 신경 안 썼더니 키키 다시 찌더라 하\n1 : 하긴 먹는 게 제일 중요하긴 하다... 키키\n1 : 나도 하고 싶은 운동은 많은데 몸이 안 따라주네\n2 : 키키 이제 피티 두 달차인데 한심스럽다…기부를 또 하네\n1 : 키키 휴 먹는 거를 줄이자 다이어트의 적은 야식! 술! 고기!\n2 : 키키 고기는 단백질 아닌가요?\n2 : 키키 날도 시원해지고 캠핑 각인데\n1 : 키키 수육 먹으면 된다 키키\n1 : 그러게 캠핑 다니면 또... 먹는 재미 아닌교...\n2 : 수육이 족발보다 찌는 거 알구 있니…1위야 보쌈이\n1 : 진짜가? 키키 캠핑 갈 때 족발 싸가야 되나...\n2 : 족발보다 보쌈이 더 크더라 키키 충격이더라 나도\n1 : 키키 와씨... 캄 다음에 족발 싸들고 산격동 캠핑장에 가서 놀아보쟈\n2 : 키키 좋지 시간 맞춰서 논너 가자 꺄",
        "lines": [
          {
            "id": 1,
            "text": "1 : 요즘 pt 잘 하고 있나 키키",
            "norm_text": "요즘 pt 잘 하고 있나 키키",
            "speaker": {
              "id": "1번",
              "sex": "여성",
              "age": "30대"
            },
            "speechAct": "(단언) 진술하기",
            "morpheme": "요즘/NNG+pt/SL+잘/MAG+하/VV+고/EC+있/VX+나/EC+키/NNG+키/XSV+ETN"
          },
          {
            "id": 2,
            "text": "2 : 키키 어어 나가긴 하지 안 할 때는 등산 가고 키키 요즘 등산에 빠짐",
            "norm_text": "키키 어어 나가긴 하지 안 할 때는 등산 가고 키키 요즘 등산에 빠짐",
            "speaker": {
              "id": "2번",
              "sex": "여성",
              "age": "30대"
            },
            "speechAct": "(단언) 진술하기",
            "morpheme": "키/NNG+키/XSV+ETN+어/IC+어/IC+나가/VV+긴/ETN+JX+하/VX+지/EC+안/MAG+할/VV+ETM+때/NNG+는/JX+등산/NNG+가/VV+고/EC+키/NNG+키/NNG+요즘/NNG+등산/NNG+에/JKB+빠짐/VV+ETN"
          },
          {
            "id": 3,
            "text": "1 : 오 진짜? 키키 나도 등산 가려고 하는데 계속 비 와서 못 가고 있는 중",
            "norm_text": "오 진짜? 키키 나도 등산 가려고 하는데 계속 비 와서 못 가고 있는 중",
            "speaker": {
              "id": "1번",
              "sex": "여성",
              "age": "30대"
            },
            "speechAct": "(단언) 진술하기",
            "morpheme": "오/IC+진짜/MAG+키키나도등산가려고하는데계속비와서못가고있는중/UNKNOWN"
          },
          {
            "id": 4,
            "text": "2 : 키키 맞제 요즘 날씨가 오락가락 운동은 등산이랑 피티하는데 살은 안 빠진다",
            "norm_text": "키키 맞제 요즘 날씨가 오락가락 운동은 등산이랑 피티하는데 살은 안 빠진다",
            "speaker": {
              "id": "2번",
              "sex": "여성",
              "age": "30대"
            },
            "speechAct": "(단언) 진술하기",
            "morpheme": "키/NNG+키/XSV+ETN+맞/VV+제/EC+요즘/NNG+날씨/NNG+가/JKS+오락가락/MAG+운동/NNG+은/JX+등산/NNG+이랑/JKB+피티/NNG+하/XSV+는/ETM+데/NNB+살/VV+은/ETM+안/MAG+빠진다/VV+EC"
          },
          {
            "id": 5,
            "text": "1 : 그게 무슨 일인데? 키키",
            "norm_text": "그게 무슨 일인데? 키키",
            "speaker": {
              "id": "1번",
              "sex": "여성",
              "age": "30대"
            },
            "speechAct": "(지시) 질문하기",
            "morpheme": "그게/NP+JKS+무슨/MM+일/NNG+인데/VCP+EC+?/SY+키/NNG+키/XSV+ETN"
          },
          {
            "id": 6,
            "text": "2 : 운동도 열심히 하고 먹는 것 좀 신경 안 썼더니 키키 다시 찌더라 하",
            "norm_text": "운동도 열심히 하고 먹는 것 좀 신경 안 썼더니 키키 다시 찌더라 하",
            "speaker": {
              "id": "2번",
              "sex": "여성",
              "age": "30대"
            },
            "speechAct": "(단언) 진술하기",
            "morpheme": "운동/NNG+도/JX+열심히/MAG+하/VV+고/EC+먹/VV+는/ETM+것/NNB+좀/MAG+신경/NNG+안/MAG+썼/VV+EP+더니/EC+키/NNG+키/NNG+다시/MAG+찌/VV+더라/EC+하/VX"
          },
          {
            "id": 7,
            "text": "1 : 하긴 먹는 게 제일 중요하긴 하다... 키키",
            "norm_text": "하긴 먹는 게 제일 중요하긴 하다... 키키",
            "speaker": {
              "id": "1번",
              "sex": "여성",
              "age": "30대"
            },
            "speechAct": "(단언) 진술하기",
            "morpheme": "하긴/MAJ+먹/VV+는/ETM+게/NNB+JKS+제일/MAG+중요/NNG+하/XSV+긴/ETN+JX+하/VX+다/EF+./SY+키/NNG+키/XSV+ETN"
          },
          {
            "id": 8,
            "text": "1 : 나도 하고 싶은 운동은 많은데 몸이 안 따라주네",
            "norm_text": "나도 하고 싶은 운동은 많은데 몸이 안 따라주네",
            "speaker": {
              "id": "1번",
              "sex": "여성",
              "age": "30대"
            },
            "speechAct": "(단언) 진술하기",
            "morpheme": "나/NP+도/JX+하/VV+고/EC+싶/VX+은/ETM+운동/NNG+은/JX+많/VA+은데/EC+몸/NNG+이/JKS+안/MAG+따라/VV+EC+주/VX+네/EC"
          },
          {
            "id": 9,
            "text": "2 : 키키 이제 피티 두 달차인데 한심스럽다…기부를 또 하네",
            "norm_text": "키키 이제 피티 두 달차인데 한심스럽다…기부를 또 하네",
            "speaker": {
              "id": "2번",
              "sex": "여성",
              "age": "30대"
            },
            "speechAct": "(단언) 진술하기",
            "morpheme": "키키이제피티두달차인데한심스럽다/UNKNOWN+…/SE+기부/NNG+를/JKO+또/MAG+하네/NNG"
          },
          {
            "id": 10,
            "text": "1 : 키키 휴 먹는 거를 줄이자 다이어트의 적은 야식! 술! 고기!",
            "norm_text": "키키 휴 먹는 거를 줄이자 다이어트의 적은 야식! 술! 고기!",
            "speaker": {
              "id": "1번",
              "sex": "여성",
              "age": "30대"
            },
            "speechAct": "(단언) 진술하기",
            "morpheme": "키키휴먹는거를줄이자다이어트의적은야식/UNKNOWN+술/NNG+!/SY+고/JKQ+기/ETN"
          },
          {
            "id": 11,
            "text": "2 : 키키 고기는 단백질 아닌가요?",
            "norm_text": "키키 고기는 단백질 아닌가요?",
            "speaker": {
              "id": "2번",
              "sex": "여성",
              "age": "30대"
            },
            "speechAct": "(지시) 질문하기",
            "morpheme": "키/NNG+키/NNG+고기/NNG+는/JX+단백질/NNG+아닌가요/VCN+EF"
          },
          {
            "id": 12,
            "text": "2 : 키키 날도 시원해지고 캠핑 각인데",
            "norm_text": "키키 날도 시원해지고 캠핑 각인데",
            "speaker": {
              "id": "2번",
              "sex": "여성",
              "age": "30대"
            },
            "speechAct": "(단언) 진술하기",
            "morpheme": "키/NNG+키/NNG+날/NNG+도/JX+시원/XR+해/XSA+EC+지/VX+고/EC+캠핑/NNG+각/NNG+인데/VCP+EC"
          },
          {
            "id": 13,
            "text": "1 : 키키 수육 먹으면 된다 키키",
            "norm_text": "키키 수육 먹으면 된다 키키",
            "speaker": {
              "id": "1번",
              "sex": "여성",
              "age": "30대"
            },
            "speechAct": "(단언) 진술하기",
            "morpheme": "키/NNG+키/NNG+수육/NNG+먹/VV+으면/EC+된/VV+ETM+다키키/NNP"
          },
          {
            "id": 14,
            "text": "1 : 그러게 캠핑 다니면 또... 먹는 재미 아닌교...",
            "norm_text": "그러게 캠핑 다니면 또... 먹는 재미 아닌교...",
            "speaker": {
              "id": "1번",
              "sex": "여성",
              "age": "30대"
            },
            "speechAct": "(단언) 진술하기",
            "morpheme": "그러/VV+게/EC+캠핑/NNG+다니/VV+면/EC+또/MAG+./SY+먹/VV+는/ETM+재미/NNG+아닌/VCN+교/EF+./SY"
          },
          {
            "id": 15,
            "text": "2 : 수육이 족발보다 찌는 거 알구 있니…1위야 보쌈이",
            "norm_text": "수육이 족발보다 찌는 거 알구 있니…1위야 보쌈이",
            "speaker": {
              "id": "2번",
              "sex": "여성",
              "age": "30대"
            },
            "speechAct": "(단언) 진술하기",
            "morpheme": "수육/NNG+이/JKS+족발/NNG+보다/JKB+찌/VV+는/ETM+거/NNB+알/VV+구/EC+있/VX+니/EC+…/SE+1/SN+위/NNBC+야/VCP+EF+보쌈/NNG+이/JKS"
          },
          {
            "id": 16,
            "text": "1 : 진짜가? 키키 캠핑 갈 때 족발 싸가야 되나...",
            "norm_text": "진짜가? 키키 캠핑 갈 때 족발 싸가야 되나...",
            "speaker": {
              "id": "1번",
              "sex": "여성",
              "age": "30대"
            },
            "speechAct": "(단언) 진술하기",
            "morpheme": "진짜/NNG+가/JKS+키키캠핑갈때족발싸가야되나/UNKNOWN+./SY"
          },
          {
            "id": 17,
            "text": "2 : 족발보다 보쌈이 더 크더라 키키 충격이더라 나도",
            "norm_text": "족발보다 보쌈이 더 크더라 키키 충격이더라 나도",
            "speaker": {
              "id": "2번",
              "sex": "여성",
              "age": "30대"
            },
            "speechAct": "(단언) 진술하기",
            "morpheme": "족발/NNG+보다/JKB+보쌈/NNG+이/JKS+더/MAG+크/VA+더라/EC+키/NNG+키/NNG+충격/NNG+이/VCP+더라/EF+나/NP+도/JX"
          },
          {
            "id": 18,
            "text": "1 : 키키 와씨... 캄 다음에 족발 싸들고 산격동 캠핑장에 가서 놀아보쟈",
            "norm_text": "키키 와씨... 캄 다음에 족발 싸들고 산격동 캠핑장에 가서 놀아보쟈",
            "speaker": {
              "id": "1번",
              "sex": "여성",
              "age": "30대"
            },
            "speechAct": "(지시) 충고/제안하기",
            "morpheme": "키/NNG+키/XSV+ETN+와/JC+씨/IC+./SY+캄다음에족발싸들고산격동캠핑장에가서놀아보쟈/UNKNOWN"
          },
          {
            "id": 19,
            "text": "2 : 키키 좋지 시간 맞춰서 논너 가자 꺄",
            "norm_text": "키키 좋지 시간 맞춰서 논너 가자 꺄",
            "speaker": {
              "id": "2번",
              "sex": "여성",
              "age": "30대"
            },
            "speechAct": "(단언) 진술하기",
            "morpheme": "키/NNG+키/XSV+ETN+좋/VA+지/EC+시간/NNG+맞춰서/VV+EC+논/VX+ETM+너/NP+가/JKS+자꺄/UNKNOWN"
          }
        ]
      }
    }
  ]
}