{
  "dataset": {
    "identifier": 58207,
    "name": "KAKAO_990_06_set",
    "src_path": "/data/file/cubeManager/PROJECT001/53/txt20211006134916016278/KAKAO_990_06_set/",
    "label_path": "/data/file/cubeManager/PROJECT001/53/txt20211006134916016278/KAKAO_990_06_set/",
    "category": 2,
    "type": 0
  },
  "licenses": {
    "name": "Apache License 1.0",
    "url": "http://www.apache.org/licenses/LICENSE-1.0"
  },
  "info": [
    {
      "id": 43520,
      "filename": "KAKAO_990_06.txt",
      "title": "KAKAO_990_06",
      "mediatype": "SNS",
      "medianame": "카카오톡",
      "category": "일상대화",
      "date": "2021-10-06",
      "size": 505,
      "annotations": {
        "subject": "교육",
        "speaker_type": "1:1",
        "size": 505,
        "word_size": 158,
        "text": "1 : 니 외국어 공부 하고 있는 거 있나?\n2 : 한국어 공부는 열심히 하고 있는 중? 하하\n1 : 아? 키키 그래 언어는 하나만 잘해도 되지 키키\n2 : 키키 한국어도 또 다른 관점에서는 외국어니까!\n1 : 근데 외국어 하나씩 잘 하는 사람들 보면 멋있더라 키키\n2 : 여행 가서 쓰기도 좋고 ㅠㅠ 멋있지...\n1 : 그니까... 여행 가서 의사소통 되는 게 얼마나 편하겠노!\n2 : 응 키키 그러면 더 재밌게 잘 보낼 수도 있고!\n1 : 그렇지 키키 영어도 좋지만 영어 말고도 배우고 싶은 언어들이 많아!\n2 : 난 영어라도 잘했으면 좋겠당 키키\n2 : 다른 것도 잘하면 금상첨화겠지만\n1 : 난 요즘 스페인어 배워보고 싶어! 키키\n2 : 오, 나 고딩 때 스페인어과였잖아 키키\n1 : 그 데스파시또가 사람 여럿 스페인어로 빠지게 했다 안카나 키키\n2 : 딱 하나 아는 거 올라, 안녕\n1 : 오...! 스페인어과도 있었나? ㅜ\n1 : 우리는 일본어랑 독일어밖에 없었음 ㅜ\n2 : 그래? 키키 우린 스페인어랑 일본어 있었는 듯!",
        "lines": [
          {
            "id": 1,
            "text": "1 : 니 외국어 공부 하고 있는 거 있나?",
            "norm_text": "니 외국어 공부 하고 있는 거 있나?",
            "speaker": {
              "id": "1번",
              "sex": "여성",
              "age": "30대"
            },
            "speechAct": "(지시) 질문하기",
            "morpheme": "니/MM+외국어/NNG+공부/NNG+하/XSV+고/EC+있/VX+는/ETM+거/NNB+있/VA+나/EF"
          },
          {
            "id": 2,
            "text": "2 : 한국어 공부는 열심히 하고 있는 중? 하하",
            "norm_text": "한국어 공부는 열심히 하고 있는 중? 하하",
            "speaker": {
              "id": "2번",
              "sex": "여성",
              "age": "30대"
            },
            "speechAct": "(단언) 주장하기",
            "morpheme": "한국어/NNG+공부/NNG+는/JX+열심히/MAG+하/VV+고/EC+있/VX+는/ETM+중/NNB+하하/MAG"
          },
          {
            "id": 3,
            "text": "1 : 아? 키키 그래 언어는 하나만 잘해도 되지 키키",
            "norm_text": "아? 키키 그래 언어는 하나만 잘해도 되지 키키",
            "speaker": {
              "id": "1번",
              "sex": "여성",
              "age": "30대"
            },
            "speechAct": "(단언) 주장하기",
            "morpheme": "아/IC+키/NNG+키/XSV+ETN+그래/VA+EC+언어/NNG+는/JX+하나/NR+만/JX+잘/MAG+해도/VV+EC+되/VV+지/EC+키/NNG+키/XSV+ETN"
          },
          {
            "id": 4,
            "text": "2 : 키키 한국어도 또 다른 관점에서는 외국어니까!",
            "norm_text": "키키 한국어도 또 다른 관점에서는 외국어니까!",
            "speaker": {
              "id": "2번",
              "sex": "여성",
              "age": "30대"
            },
            "speechAct": "(단언) 주장하기",
            "morpheme": "키/NNG+키/NNG+한국어/NNG+도/JX+또/MAG+다른/MM+관점/NNG+에서/JKB+는/JX+외국어/NNG+니까/VCP+EF"
          },
          {
            "id": 5,
            "text": "1 : 근데 외국어 하나씩 잘 하는 사람들 보면 멋있더라 키키",
            "norm_text": "근데 외국어 하나씩 잘 하는 사람들 보면 멋있더라 키키",
            "speaker": {
              "id": "1번",
              "sex": "여성",
              "age": "30대"
            },
            "speechAct": "(단언) 주장하기",
            "morpheme": "근데/MAJ+외국어/NNG+하나/NR+씩/XSN+잘/MAG+하/VV+는/ETM+사람/NNG+들/XSN+보/VV+면/EC+멋있/VA+더라/EC+키/NNG+키/XSV+ETN"
          },
          {
            "id": 6,
            "text": "2 : 여행 가서 쓰기도 좋고 ㅠㅠ 멋있지...",
            "norm_text": "여행 가서 쓰기도 좋고 ㅠㅠ 멋있지...",
            "speaker": {
              "id": "2번",
              "sex": "여성",
              "age": "30대"
            },
            "speechAct": "(단언) 주장하기",
            "morpheme": "여행/NNG+가/VV+서/EC+쓰/VV+기/ETN+도/JX+좋/VA+고/EC+ㅠㅠ/UNKNOWN+멋있/VA+지/EF+./SY"
          },
          {
            "id": 7,
            "text": "1 : 그니까... 여행 가서 의사소통 되는 게 얼마나 편하겠노!",
            "norm_text": "그니까... 여행 가서 의사소통 되는 게 얼마나 편하겠노!",
            "speaker": {
              "id": "1번",
              "sex": "여성",
              "age": "30대"
            },
            "speechAct": "(단언) 주장하기",
            "morpheme": "그니까/MAJ+./SY+여행/NNG+가/VV+서/EC+의사소통/NNG+되/XSV+는/ETM+게/NNB+JKS+얼마나/MAG+편하/VA+겠/EP+노/EF"
          },
          {
            "id": 8,
            "text": "2 : 응 키키 그러면 더 재밌게 잘 보낼 수도 있고!",
            "norm_text": "응 키키 그러면 더 재밌게 잘 보낼 수도 있고!",
            "speaker": {
              "id": "2번",
              "sex": "여성",
              "age": "30대"
            },
            "speechAct": "(단언) 주장하기",
            "morpheme": "응/IC+키/NNG+키/XSV+ETN+그러면/MAJ+더/MAG+재밌/VA+게/EC+잘/MAG+보낼/VV+ETM+수/NNB+도/JX+있/VA+고/EC"
          },
          {
            "id": 9,
            "text": "1 : 그렇지 키키 영어도 좋지만 영어 말고도 배우고 싶은 언어들이 많아!",
            "norm_text": "그렇지 키키 영어도 좋지만 영어 말고도 배우고 싶은 언어들이 많아!",
            "speaker": {
              "id": "1번",
              "sex": "여성",
              "age": "30대"
            },
            "speechAct": "(단언) 주장하기",
            "morpheme": "그렇/VA+지/EC+키/NNG+키/NNG+영어/NNG+도/JX+좋/VA+지만/EC+영어/NNG+말/VV+고/EC+도/JX+배우/VV+고/EC+싶/VX+은/ETM+언어/NNG+들/XSN+이/JKS+많/VA+아/EF"
          },
          {
            "id": 10,
            "text": "2 : 난 영어라도 잘했으면 좋겠당 키키",
            "norm_text": "난 영어라도 잘했으면 좋겠당 키키",
            "speaker": {
              "id": "2번",
              "sex": "여성",
              "age": "30대"
            },
            "speechAct": "(단언) 주장하기",
            "morpheme": "난/NP+JX+영어/NNG+라도/VCP+EC+잘/MAG+했/VV+EP+으면/EC+좋/VA+겠/EP+당/XSN+키/NNG+키/XSV+ETN"
          },
          {
            "id": 11,
            "text": "2 : 다른 것도 잘하면 금상첨화겠지만",
            "norm_text": "다른 것도 잘하면 금상첨화겠지만",
            "speaker": {
              "id": "2번",
              "sex": "여성",
              "age": "30대"
            },
            "speechAct": "(단언) 주장하기",
            "morpheme": "다른/MM+것/NNB+도/JX+잘/MAG+하/VV+면/EC+금상첨화/NNG+겠/VCP+EP+지만/EC"
          },
          {
            "id": 12,
            "text": "1 : 난 요즘 스페인어 배워보고 싶어! 키키",
            "norm_text": "난 요즘 스페인어 배워보고 싶어! 키키",
            "speaker": {
              "id": "1번",
              "sex": "여성",
              "age": "30대"
            },
            "speechAct": "(단언) 주장하기",
            "morpheme": "난/NP+JX+요즘/MAG+스페인어/NNP+배워/VV+EC+보/VX+고/EC+싶/VX+어/EF+키/NNG+키/XSV+ETN"
          },
          {
            "id": 13,
            "text": "2 : 오, 나 고딩 때 스페인어과였잖아 키키",
            "norm_text": "오, 나 고딩 때 스페인어과였잖아 키키",
            "speaker": {
              "id": "2번",
              "sex": "여성",
              "age": "30대"
            },
            "speechAct": "(단언) 주장하기",
            "morpheme": "오/IC+,/SC+나/VV+고/EC+딩/NNG+때/NNG+스페인어/NNP+과/NNG+였잖/VCP+EP+EC+VX+아/EC+키/NNG+키/XSV+ETN"
          },
          {
            "id": 14,
            "text": "1 : 그 데스파시또가 사람 여럿 스페인어로 빠지게 했다 안카나 키키",
            "norm_text": "그 데스파시또가 사람 여럿 스페인어로 빠지게 했다 안카나 키키",
            "speaker": {
              "id": "1번",
              "sex": "여성",
              "age": "30대"
            },
            "speechAct": "(단언) 주장하기",
            "morpheme": "그/MM+데스/NNG+파시/NNG+또/MAG+가/VV+EC+사람/NNG+여럿/NNG+스페인어/NNP+로/JKB+빠지/VV+게/EC+했/VX+EP+다/EF+안카/NNP+나/JC+키/NNG+키/XSV+ETN"
          },
          {
            "id": 15,
            "text": "2 : 딱 하나 아는 거 올라, 안녕",
            "norm_text": "딱 하나 아는 거 올라, 안녕",
            "speaker": {
              "id": "2번",
              "sex": "여성",
              "age": "30대"
            },
            "speechAct": "(단언) 주장하기",
            "morpheme": "딱/MAG+하나/NR+아/VV+는/ETM+거/NNB+올라/VV+EC+,/SC+안녕/NNG"
          },
          {
            "id": 16,
            "text": "1 : 오...! 스페인어과도 있었나? ㅜ",
            "norm_text": "오...! 스페인어과도 있었나? ㅜ",
            "speaker": {
              "id": "1번",
              "sex": "여성",
              "age": "30대"
            },
            "speechAct": "(지시) 질문하기",
            "morpheme": "오/IC+./SY+!/SY+스페인어/NNP+과/JKB+도/JX+있/VA+었/EP+나/EF+ㅜ/UNKNOWN"
          },
          {
            "id": 17,
            "text": "1 : 우리는 일본어랑 독일어밖에 없었음 ㅜ",
            "norm_text": "우리는 일본어랑 독일어밖에 없었음 ㅜ",
            "speaker": {
              "id": "1번",
              "sex": "여성",
              "age": "30대"
            },
            "speechAct": "(단언) 주장하기",
            "morpheme": "우리/NP+는/JX+일본어/NNG+랑/JKB+독일어/NNG+밖에/JX+없/VA+었/EP+음ㅜ/UNKNOWN"
          },
          {
            "id": 18,
            "text": "2 : 그래? 키키 우린 스페인어랑 일본어 있었는 듯!",
            "norm_text": "그래? 키키 우린 스페인어랑 일본어 있었는 듯!",
            "speaker": {
              "id": "2번",
              "sex": "여성",
              "age": "30대"
            },
            "speechAct": "(단언) 주장하기",
            "morpheme": "그래/IC+키/NNG+키/XSV+ETN+우린/NP+JX+스페인어/NNP+랑/JC+일본어/NNG+있/VV+었/EP+는/ETM+듯/NNB"
          }
        ]
      }
    }
  ]
}