{
  "dataset": {
    "identifier": 68063,
    "name": "KAKAO_969_12_set",
    "src_path": "/data/file/cubeManager/PROJECT001/53/txt20211006122423015914/KAKAO_969_12_set/",
    "label_path": "/data/file/cubeManager/PROJECT001/53/txt20211006122423015914/KAKAO_969_12_set/",
    "category": 2,
    "type": 0
  },
  "licenses": {
    "name": "Apache License 1.0",
    "url": "http://www.apache.org/licenses/LICENSE-1.0"
  },
  "info": [
    {
      "id": 42952,
      "filename": "KAKAO_969_12.txt",
      "title": "KAKAO_969_12",
      "mediatype": "SNS",
      "medianame": "카카오톡",
      "category": "일상대화",
      "date": "2021-10-06",
      "size": 498,
      "annotations": {
        "subject": "여행",
        "speaker_type": "1:1",
        "size": 498,
        "word_size": 165,
        "text": "1 : 자 이제 가을이 왔으니 여행 계획을 세워볼까? 키키\n2 : 어우 좋아요 키키 어디 계획 중입니까 키키\n1 : 키키 아니 아직 계획 없음 키키 다음 달에 울산 갔다 오고\n2 : 오호 키키 울산 여행 가는 거?\n1 : 어 거기 워홀 같이 갔다 온 동생 있어서 얼굴 볼겸 겸사겸사 키키\n2 : 오호 키키 좋다 좋다 키키 울산이면 또 가깝잖아\n1 : 맞아 기차 타면 30분? 키키\n2 : 키키 문제는 울산역에서 울산 시내까지 1시간 넘음 키키\n1 : 그러니까 키키 거서 또 바다 가려면 또 1시간이던데?\n2 : 키키 맞아 키키 울산 좀 이동경로 시간이 거지같아\n1 : 그렇더라... 키키 그래서 십리대숲? 거기 보고 오려고\n2 : 오 나 거기 가봤었는데 괜찮았어 키키\n1 : 오 거기 이에 갈대밭 있다고 해서 다음 달에 키키\n2 : 오호 키키 갈대밭 좋지 키키 가을 느낌 물씬나겠다\n1 : 어 그럴 듯 키키 **이가 또 어디서 봤나 봐 가자고 캐가 키키\n2 : 키키 좋지 좋지 키키 거기 뭐 지정되어 있는 걸로 아는데",
        "lines": [
          {
            "id": 1,
            "text": "1 : 자 이제 가을이 왔으니 여행 계획을 세워볼까? 키키",
            "norm_text": "자 이제 가을이 왔으니 여행 계획을 세워볼까? 키키",
            "speaker": {
              "id": "1번",
              "sex": "남성",
              "age": "20대"
            },
            "speechAct": "(지시) 충고/제안하기",
            "morpheme": "자/IC+이제/MAG+가을/NNG+이/JKS+왔으니/VV+EP+EC+여행/NNG+계획/NNG+을/JKO+세워/VV+EC+볼까/VX+EF+키/NNG+키/XSV+ETN"
          },
          {
            "id": 2,
            "text": "2 : 어우 좋아요 키키 어디 계획 중입니까 키키",
            "norm_text": "어우 좋아요 키키 어디 계획 중입니까 키키",
            "speaker": {
              "id": "2번",
              "sex": "여성",
              "age": "20대"
            },
            "speechAct": "(지시) 질문하기",
            "morpheme": "어우/IC+좋/VA+아요/EF+키/NNG+키/XSV+ETN+어디/NP+계획/NNG+중/NNB+입니까/VCP+EC+키/NNG+키/XSV+ETN"
          },
          {
            "id": 3,
            "text": "1 : 키키 아니 아직 계획 없음 키키 다음 달에 울산 갔다 오고",
            "norm_text": "키키 아니 아직 계획 없음 키키 다음 달에 울산 갔다 오고",
            "speaker": {
              "id": "1번",
              "sex": "남성",
              "age": "20대"
            },
            "speechAct": "(단언) 진술하기",
            "morpheme": "키/NNG+키/XSV+ETN+아니/VCN+아직/MAG+계획/NNG+없/VA+음/ETN+키/NNG+키/NNG+다음/NNG+달/NNG+에/JKB+울산/NNP+갔다오/VV+고/EC"
          },
          {
            "id": 4,
            "text": "2 : 오호 키키 울산 여행 가는 거?",
            "norm_text": "오호 키키 울산 여행 가는 거?",
            "speaker": {
              "id": "2번",
              "sex": "여성",
              "age": "20대"
            },
            "speechAct": "(지시) 질문하기",
            "morpheme": "오호/IC+키키/NNP+울산/NNP+여행/NNG+가/VV+는/ETM+거/NNB"
          },
          {
            "id": 5,
            "text": "1 : 어 거기 워홀 같이 갔다 온 동생 있어서 얼굴 볼겸 겸사겸사 키키",
            "norm_text": "어 거기 워홀 같이 갔다 온 동생 있어서 얼굴 볼겸 겸사겸사 키키",
            "speaker": {
              "id": "1번",
              "sex": "남성",
              "age": "20대"
            },
            "speechAct": "(단언) 진술하기",
            "morpheme": "어/IC+거기/NP+워홀/NNP+같이/MAG+갔다온/VV+ETM+동생/NNG+있/VV+어서/EC+얼굴/NNG+볼/VV+ETM+겸/NNB+겸사겸사/MAG+키/NNG+키/XSV+ETN"
          },
          {
            "id": 6,
            "text": "2 : 오호 키키 좋다 좋다 키키 울산이면 또 가깝잖아",
            "norm_text": "오호 키키 좋다 좋다 키키 울산이면 또 가깝잖아",
            "speaker": {
              "id": "2번",
              "sex": "여성",
              "age": "20대"
            },
            "speechAct": "(단언) 주장하기",
            "morpheme": "오호/IC+키/NNG+키/XSV+ETN+좋/VA+다/EC+좋/VA+다키키/NNP+울산/NNP+이/VCP+면/EC+또/MAG+가깝/VA+잖아/EC"
          },
          {
            "id": 7,
            "text": "1 : 맞아 기차 타면 30분? 키키",
            "norm_text": "맞아 기차 타면 30분? 키키",
            "speaker": {
              "id": "1번",
              "sex": "남성",
              "age": "20대"
            },
            "speechAct": "(단언) 진술하기",
            "morpheme": "맞/VV+아/EC+기차/NNG+타/VV+면/EC+30/SN+분/NNBC+키/NNG+키/XSV+ETN"
          },
          {
            "id": 8,
            "text": "2 : 키키 문제는 울산역에서 울산 시내까지 1시간 넘음 키키",
            "norm_text": "키키 문제는 울산역에서 울산 시내까지 1시간 넘음 키키",
            "speaker": {
              "id": "2번",
              "sex": "여성",
              "age": "20대"
            },
            "speechAct": "(단언) 주장하기",
            "morpheme": "키/NNG+키/NNG+문제/NNG+는/JX+울산역/NNP+에서/JKB+울산/NNP+시내/NNG+까지/JX+1/SN+시간/NNBC+넘/VV+음/ETN+키/NNG+키/XSV+ETN"
          },
          {
            "id": 9,
            "text": "1 : 그러니까 키키 거서 또 바다 가려면 또 1시간이던데?",
            "norm_text": "그러니까 키키 거서 또 바다 가려면 또 1시간이던데?",
            "speaker": {
              "id": "1번",
              "sex": "남성",
              "age": "20대"
            },
            "speechAct": "(단언) 진술하기",
            "morpheme": "그러니까키키거서또바다가려면또/UNKNOWN+1/SN+시간/NNG+이/VCP+던데/EF"
          },
          {
            "id": 10,
            "text": "2 : 키키 맞아 키키 울산 좀 이동경로 시간이 거지같아",
            "norm_text": "키키 맞아 키키 울산 좀 이동경로 시간이 거지같아",
            "speaker": {
              "id": "2번",
              "sex": "여성",
              "age": "20대"
            },
            "speechAct": "(단언) 주장하기",
            "morpheme": "키/NNG+키/XSV+ETN+맞/VV+아/EC+키키/NNP+울산/NNP+좀/MAG+이동경/NNP+로/JKB+시간/NNG+이/JKS+거지/NNG+같/VA+아/EC"
          },
          {
            "id": 11,
            "text": "1 : 그렇더라... 키키 그래서 십리대숲? 거기 보고 오려고",
            "norm_text": "그렇더라... 키키 그래서 십리대숲? 거기 보고 오려고",
            "speaker": {
              "id": "1번",
              "sex": "남성",
              "age": "20대"
            },
            "speechAct": "(단언) 주장하기",
            "morpheme": "그렇/VA+더라/EF+./SY+키/NNG+키/XSV+ETN+그래서/MAJ+십/NR+리/NNBC+대숲/NNG+거기/NP+보고/JKB+오/VV+려고/EC"
          },
          {
            "id": 12,
            "text": "2 : 오 나 거기 가봤었는데 괜찮았어 키키",
            "norm_text": "오 나 거기 가봤었는데 괜찮았어 키키",
            "speaker": {
              "id": "2번",
              "sex": "여성",
              "age": "20대"
            },
            "speechAct": "(단언) 주장하기",
            "morpheme": "오/VV+나/EC+거기/NP+가/JKS+봤었/VV+EP+는데/EC+괜찮/VA+았/EP+어/EC+키/NNG+키/XSV+ETN"
          },
          {
            "id": 13,
            "text": "1 : 오 거기 이에 갈대밭 있다고 해서 다음 달에 키키",
            "norm_text": "오 거기 이에 갈대밭 있다고 해서 다음 달에 키키",
            "speaker": {
              "id": "1번",
              "sex": "남성",
              "age": "20대"
            },
            "speechAct": "(단언) 주장하기",
            "morpheme": "오/IC+거기/NP+이/NP+에/JKB+갈대밭/NNG+있/VV+다고/EC+해서/VV+EC+다음/NNG+달/NNG+에/JKB+키/NNG+키/XSV+ETN"
          },
          {
            "id": 14,
            "text": "2 : 오호 키키 갈대밭 좋지 키키 가을 느낌 물씬나겠다",
            "norm_text": "오호 키키 갈대밭 좋지 키키 가을 느낌 물씬나겠다",
            "speaker": {
              "id": "2번",
              "sex": "여성",
              "age": "20대"
            },
            "speechAct": "(단언) 주장하기",
            "morpheme": "오호/IC+키/NNG+키/NNG+갈대밭/NNG+좋/VA+지/EC+키/NNG+키가/XSV+ETN+JKS+을/JKO+느낌/MAG+물씬/MAG+나/VV+겠/EP+다/EC"
          },
          {
            "id": 15,
            "text": "1 : 어 그럴 듯 키키 **이가 또 어디서 봤나 봐 가자고 캐가 키키",
            "norm_text": "어 그럴 듯 키키 **이가 또 어디서 봤나 봐 가자고 캐가 키키",
            "speaker": {
              "id": "1번",
              "sex": "남성",
              "age": "20대"
            },
            "speechAct": "(단언) 진술하기",
            "morpheme": "어/IC+그럴듯/VA+ETM+NNB+키/NNG+키/XSV+ETN+*/SY+*/SY+이가또어디서봤나봐가자고캐가키키/UNKNOWN"
          },
          {
            "id": 16,
            "text": "2 : 키키 좋지 좋지 키키 거기 뭐 지정되어 있는 걸로 아는데",
            "norm_text": "키키 좋지 좋지 키키 거기 뭐 지정되어 있는 걸로 아는데",
            "speaker": {
              "id": "2번",
              "sex": "여성",
              "age": "20대"
            },
            "speechAct": "(단언) 주장하기",
            "morpheme": "키/NNG+키/XSV+ETN+좋/VA+지/EC+좋/VA+지/EC+키/NNG+키/XSV+ETN+거기/NP+뭐/IC+지정/NNG+되/XSV+어/EC+있/VX+는/ETM+걸로/NNB+JKB+아/VV+는데/EC"
          }
        ]
      }
    }
  ]
}