{
  "dataset": {
    "identifier": 69148,
    "name": "KAKAO_924_08_set",
    "src_path": "/data/file/cubeManager/PROJECT001/53/txt20211005155901057863/KAKAO_924_08_set/",
    "label_path": "/data/file/cubeManager/PROJECT001/53/txt20211005155901057863/KAKAO_924_08_set/",
    "category": 2,
    "type": 0
  },
  "licenses": {
    "name": "Apache License 1.0",
    "url": "http://www.apache.org/licenses/LICENSE-1.0"
  },
  "info": [
    {
      "id": 41945,
      "filename": "KAKAO_924_08.txt",
      "title": "KAKAO_924_08",
      "mediatype": "SNS",
      "medianame": "카카오톡",
      "category": "일상대화",
      "date": "2021-10-05",
      "size": 625,
      "annotations": {
        "subject": "연애/결혼",
        "speaker_type": "1:1",
        "size": 625,
        "word_size": 191,
        "text": "1 : 최근에 결혼식 가본 적 있나?\n2 : 아니아니 키키 코로나 때매 결혼들을 하나? 키키\n2 : 넌 갔다 온 적 있어?\n1 : 나도 코로나 터진 후에는 돌잔치는 가봤어도 결혼식장은 못 가봤넹!\n2 : 하하 요즘은 결혼하는 사람들도 드물고 거의 비혼주의?인 거 같아 키키\n1 : 내년에 친구 결혼식 한다고 해서 요즘 결혼식 어떤가 궁금해서 물어봤어 키키\n2 : 와~ 결혼 키키 나도 요즘 들어서 하고 싶어 키키 결혼하고 싶다 생각해 본 적은 없었는데 키키\n1 : 요즘 거의 결혼식장 내에서 식사는 다들 안 한다고 하더라고?\n2 : 응응 도시락 준다고 한 건 들어봤어 키키 답례만 하는 건 봤는데 키키\n1 : 결혼식은 거의 뷔페 먹으러 가는 느낌이였는데 키키 이번엔 어떨지 궁금하네! 키키\n2 : 키키 뷔페 먹으러 가는 거지 솔직히 키키\n1 : 친한 친구가 결혼하면 거의 선물 해주지?\n2 : 그렇지? 신혼여행 다녀와서 키키 선물 주던데 하하\n1 : 축의금도 내고 선물도 해주고 그러는가? 키키 잘 모르겠넹 키키\n2 : 아아~ 우린 축의금만 냈었는데 선물은 따로 안 했고? 하하\n1 : 아 그래? 하하 친구한테 물어보고 선물해주던지 해야겠다! 키키\n2 : 근데 축의금 하는 게 제일 마음 편하고 키키\n2 : 선물이라고 할만한 게 마땅치도 않고 하하",
        "lines": [
          {
            "id": 1,
            "text": "1 : 최근에 결혼식 가본 적 있나?",
            "norm_text": "최근에 결혼식 가본 적 있나?",
            "speaker": {
              "id": "1번",
              "sex": "여성",
              "age": "30대"
            },
            "speechAct": "(지시) 질문하기",
            "morpheme": "최근/NNG+에/JKB+결혼식/NNG+가본/NNG+적/XSN+있/VA+나/EF"
          },
          {
            "id": 2,
            "text": "2 : 아니아니 키키 코로나 때매 결혼들을 하나? 키키",
            "norm_text": "아니아니 키키 코로나 때매 결혼들을 하나? 키키",
            "speaker": {
              "id": "2번",
              "sex": "남성",
              "age": "30대"
            },
            "speechAct": "(지시) 질문하기",
            "morpheme": "아니아니키키코로나때매결혼들을하나/UNKNOWN+키/NNG+키/XSV+ETN"
          },
          {
            "id": 3,
            "text": "2 : 넌 갔다 온 적 있어?",
            "norm_text": "넌 갔다 온 적 있어?",
            "speaker": {
              "id": "2번",
              "sex": "남성",
              "age": "30대"
            },
            "speechAct": "(지시) 질문하기",
            "morpheme": "넌/NP+JX+갔다온/VV+ETM+적/NNB+있/VA+어/EF"
          },
          {
            "id": 4,
            "text": "1 : 나도 코로나 터진 후에는 돌잔치는 가봤어도 결혼식장은 못 가봤넹!",
            "norm_text": "나도 코로나 터진 후에는 돌잔치는 가봤어도 결혼식장은 못 가봤넹!",
            "speaker": {
              "id": "1번",
              "sex": "여성",
              "age": "30대"
            },
            "speechAct": "(단언) 진술하기",
            "morpheme": "나/NP+도/JX+코로나/NNG+터진/VV+ETM+후/NNG+에/JKB+는/JX+돌잔치/NNG+는/JX+가/VV+EC+봤/VX+EP+어도/EC+결혼식장/NNG+은/JX+못/MAG+가/VV+EC+봤/VX+EP+넹/NNP"
          },
          {
            "id": 5,
            "text": "2 : 하하 요즘은 결혼하는 사람들도 드물고 거의 비혼주의?인 거 같아 키키",
            "norm_text": "하하 요즘은 결혼하는 사람들도 드물고 거의 비혼주의?인 거 같아 키키",
            "speaker": {
              "id": "2번",
              "sex": "남성",
              "age": "30대"
            },
            "speechAct": "(단언) 주장하기",
            "morpheme": "하하/MAG+요즘/NNG+은/JX+결혼/NNG+하/XSV+는/ETM+사람/NNG+들/XSN+도/JX+드물/VA+고/EC+거의/MAG+비/XPN+혼주/NNG+의/JKG+?/SY+인/VCP+ETM+거/NNB+같/VA+아/EC+키/NNG+키/XSV+ETN"
          },
          {
            "id": 6,
            "text": "1 : 내년에 친구 결혼식 한다고 해서 요즘 결혼식 어떤가 궁금해서 물어봤어 키키",
            "norm_text": "내년에 친구 결혼식 한다고 해서 요즘 결혼식 어떤가 궁금해서 물어봤어 키키",
            "speaker": {
              "id": "1번",
              "sex": "여성",
              "age": "30대"
            },
            "speechAct": "(단언) 진술하기",
            "morpheme": "내년/NNG+에/JKB+친구/NNG+결혼식/NNG+한다고/XSV+EC+해서/VV+EC+요즘/NNG+결혼식/NNG+어떤가/MM+EC+궁금/XR+해서/XSA+EC+물/VV+어/EC+봤/VX+EP+어/EC+키/NNG+키/XSV+ETN"
          },
          {
            "id": 7,
            "text": "2 : 와~ 결혼 키키 나도 요즘 들어서 하고 싶어 키키 결혼하고 싶다 생각해 본 적은 없었는데 키키",
            "norm_text": "와~ 결혼 키키 나도 요즘 들어서 하고 싶어 키키 결혼하고 싶다 생각해 본 적은 없었는데 키키",
            "speaker": {
              "id": "2번",
              "sex": "남성",
              "age": "30대"
            },
            "speechAct": "(단언) 주장하기",
            "morpheme": "와/VV+EC+~/SY+결혼키키나도요즘들어서하고싶어키키결혼하고싶다생각해본적은없었는데키키/UNKNOWN"
          },
          {
            "id": 8,
            "text": "1 : 요즘 거의 결혼식장 내에서 식사는 다들 안 한다고 하더라고?",
            "norm_text": "요즘 거의 결혼식장 내에서 식사는 다들 안 한다고 하더라고?",
            "speaker": {
              "id": "1번",
              "sex": "여성",
              "age": "30대"
            },
            "speechAct": "(단언) 진술하기",
            "morpheme": "요즘/MAG+거의/MAG+결혼식장/NNG+내/NNB+에서/JKB+식사/NNG+는/JX+다/MAG+들안/NNG+한다고/XSV+EC+하/VX+더라고/EF"
          },
          {
            "id": 9,
            "text": "2 : 응응 도시락 준다고 한 건 들어봤어 키키 답례만 하는 건 봤는데 키키",
            "norm_text": "응응 도시락 준다고 한 건 들어봤어 키키 답례만 하는 건 봤는데 키키",
            "speaker": {
              "id": "2번",
              "sex": "남성",
              "age": "30대"
            },
            "speechAct": "(단언) 진술하기",
            "morpheme": "응/IC+응/IC+도시/NNG+락/VCP+EC+준다고/VX+EC+한건/VX+ETM+NNB+JX+들/VV+어/EC+봤/VX+EP+어/EC+키/NNG+키/NNG+답례/NNG+만/JX+하/VV+는/ETM+건/NNB+JX+봤/VV+EP+는데/EC+키/NNG+키/XSV+ETN"
          },
          {
            "id": 10,
            "text": "1 : 결혼식은 거의 뷔페 먹으러 가는 느낌이였는데 키키 이번엔 어떨지 궁금하네! 키키",
            "norm_text": "결혼식은 거의 뷔페 먹으러 가는 느낌이였는데 키키 이번엔 어떨지 궁금하네! 키키",
            "speaker": {
              "id": "1번",
              "sex": "여성",
              "age": "30대"
            },
            "speechAct": "(단언) 주장하기",
            "morpheme": "결혼식은거의뷔페먹으러가는느낌이였는데키키이번엔어떨지궁금하네/UNKNOWN+키/NNG+키/XSV+ETN"
          },
          {
            "id": 11,
            "text": "2 : 키키 뷔페 먹으러 가는 거지 솔직히 키키",
            "norm_text": "키키 뷔페 먹으러 가는 거지 솔직히 키키",
            "speaker": {
              "id": "2번",
              "sex": "남성",
              "age": "30대"
            },
            "speechAct": "(단언) 주장하기",
            "morpheme": "키/NNG+키/NNG+뷔페/NNG+먹/VV+으러/EC+가/VX+는/ETM+거/NNB+지/VCP+EF+솔직히/MAG+키/NNG+키/XSV+ETN"
          },
          {
            "id": 12,
            "text": "1 : 친한 친구가 결혼하면 거의 선물 해주지?",
            "norm_text": "친한 친구가 결혼하면 거의 선물 해주지?",
            "speaker": {
              "id": "1번",
              "sex": "여성",
              "age": "30대"
            },
            "speechAct": "(지시) 질문하기",
            "morpheme": "친한/VA+ETM+친구/NNG+가/JKS+결혼/NNG+하/XSV+면/EC+거의/MAG+선물/NNG+해/XSV+EC+주/VX+지/EF"
          },
          {
            "id": 13,
            "text": "2 : 그렇지? 신혼여행 다녀와서 키키 선물 주던데 하하",
            "norm_text": "그렇지? 신혼여행 다녀와서 키키 선물 주던데 하하",
            "speaker": {
              "id": "2번",
              "sex": "남성",
              "age": "30대"
            },
            "speechAct": "(단언) 진술하기",
            "morpheme": "그렇/VA+지/EF+신혼여행다녀와서키키선물주던데하하/UNKNOWN"
          },
          {
            "id": 14,
            "text": "1 : 축의금도 내고 선물도 해주고 그러는가? 키키 잘 모르겠넹 키키",
            "norm_text": "축의금도 내고 선물도 해주고 그러는가? 키키 잘 모르겠넹 키키",
            "speaker": {
              "id": "1번",
              "sex": "여성",
              "age": "30대"
            },
            "speechAct": "(단언) 주장하기",
            "morpheme": "축의금/NNG+도/JX+내/VX+고/EC+선물/NNG+도/JX+해/VV+EC+주/VX+고/EC+그러/VV+는가/EF+키키잘모르겠넹키키/UNKNOWN"
          },
          {
            "id": 15,
            "text": "2 : 아아~ 우린 축의금만 냈었는데 선물은 따로 안 했고? 하하",
            "norm_text": "아아~ 우린 축의금만 냈었는데 선물은 따로 안 했고? 하하",
            "speaker": {
              "id": "2번",
              "sex": "남성",
              "age": "30대"
            },
            "speechAct": "(단언) 진술하기",
            "morpheme": "아아/NNG+~/SY+우린/NP+JX+축의금/NNG+만/JX+냈었/VV+EP+는데/EC+선물/NNG+은/JX+따로/MAG+안/MAG+했/VV+EP+고/EC+하하/MAG"
          },
          {
            "id": 16,
            "text": "1 : 아 그래? 하하 친구한테 물어보고 선물해주던지 해야겠다! 키키",
            "norm_text": "아 그래? 하하 친구한테 물어보고 선물해주던지 해야겠다! 키키",
            "speaker": {
              "id": "1번",
              "sex": "여성",
              "age": "30대"
            },
            "speechAct": "(단언) 주장하기",
            "morpheme": "아/IC+그래/IC+하하/MAG+친구/NNG+한테/JKB+물/VV+어/EC+보/VX+고/EC+선물/NNG+해/XSV+EC+주/VX+던지/EC+해야/VX+EC+VX+겠/EP+다/EF+키/NNG+키/XSV+ETN"
          },
          {
            "id": 17,
            "text": "2 : 근데 축의금 하는 게 제일 마음 편하고 키키",
            "norm_text": "근데 축의금 하는 게 제일 마음 편하고 키키",
            "speaker": {
              "id": "2번",
              "sex": "남성",
              "age": "30대"
            },
            "speechAct": "(단언) 주장하기",
            "morpheme": "근데/MAJ+축의금/NNG+하/XSV+는/ETM+게/NNB+JKS+제일/MAG+마음/NNG+편하/VA+고/EC+키/NNG+키/XSV+ETN"
          },
          {
            "id": 18,
            "text": "2 : 선물이라고 할만한 게 마땅치도 않고 하하",
            "norm_text": "선물이라고 할만한 게 마땅치도 않고 하하",
            "speaker": {
              "id": "2번",
              "sex": "남성",
              "age": "30대"
            },
            "speechAct": "(단언) 주장하기",
            "morpheme": "선물/NNG+이/VCP+라고/EC+할/VX+ETM+만/NNB+한/XSA+ETM+게/NNB+JKS+마땅/XR+치도/XSA+EC+JX+않/VX+고/EC+하하/MAG"
          }
        ]
      }
    }
  ]
}