{
  "dataset": {
    "identifier": 58514,
    "name": "KAKAO_994_05_set",
    "src_path": "/data/file/cubeManager/PROJECT001/53/txt20211007112754087957/KAKAO_994_05_set/",
    "label_path": "/data/file/cubeManager/PROJECT001/53/txt20211007112754087957/KAKAO_994_05_set/",
    "category": 2,
    "type": 0
  },
  "licenses": {
    "name": "Apache License 1.0",
    "url": "http://www.apache.org/licenses/LICENSE-1.0"
  },
  "info": [
    {
      "id": 47439,
      "filename": "KAKAO_994_05.txt",
      "title": "KAKAO_994_05",
      "mediatype": "SNS",
      "medianame": "카카오톡",
      "category": "일상대화",
      "date": "2021-10-07",
      "size": 905,
      "annotations": {
        "subject": "군대",
        "speaker_type": "다자간 대화",
        "size": 905,
        "word_size": 285,
        "text": "1 : 오빠들 갑자기 제가 궁금한 게 있는데요...\n1 : 군대에서 짬밥이라고 하나? 맛있는 거 뭐 있음?\n2 : 우리 부대는 ㄹㅇ 돼김볶이 진짜 상상을 초월했지\n3 : 쏘야볶에 미역국에 흰 우유가 진리임\n1 : 아 진짜? 내 생각 군대 특식은 그 군데리아 그거일 줄\n2 : 그거 어머니 부대에서 점검 나와서 먹었었는데 우리 아들내미 왜 이런 거 먹이냐고 울고 그러던데 인터뷰에서\n3 : 군대리아 사람들이 생각하는 것만큼 별로였음\n1 : 아 진짜? 키키 나는 아까 햄버거 얘기하길래 아직 그 맛을 잊지 못해서 그런 줄\n2 : 절대 아니고 군대 햄버거는 걍 빵에 우유 말아서 먹는 거야 딸기잼 넣고\n3 : 야야 그럼 사람들이 왜 교회 가서 햄버거 먹겠냐 ㅎ\n1 : 맞아 나 그 딸기잼 넣은 햄버거 좀 먹어보고 싶어\n1 : 뭔가 특별해 보이잖아\n2 : 군대 들어가 있는 애기들 연락해볼게...\n2 : 육군 훈련소 종교 행사 싸이버거가 ㄹㅇ 진리\n3 : 집에서 맹글어 먹어, 아님 입대 ㄱㄱ\n1 : 아냐 나 햄버거 싫어해.\n1 : 그냥 그 군데리아가 먹어보고 싶었던 거야\n2 : 다음에 해줄게 닭고기 패티에 양상추 샐러드에 잼 발라서 한번 먹여줘야겠구만\n3 : 햄버거도 너 싫어해\n3 : 군대도 너 싫어해\n1 : 좋겠다야 군대가 날 싫어해서 난 안 갔는데 오빠들은 가셨잖아요!\n2 : 난 아직도 군대가 왜 날 원했는지 이유를 모르겠어\n3 : 엥, 너 왜 안 가 남자 아니었음?\n3 : 언제까지 미룰려고;\n1 : 옵하들... 저한테 왜 그러세요...\n1 : **는 완전 남자잖아\n1 : 나라가 원하는 상이지\n2 : 맞아 **도 그래서 날 원하는 거지 지킴 받는 남자!\n3 : ; 좋겠다 **는, 난 혼자 스스로 지켜볼게\n1 : 어어 너가 지켜지는 그런 남자긴 해\n2 : 왜 그래 나도 지키고 나라도 지키고 하는 거지\n3 : 키키 다시 보니까 지킴 받는 이네 국가에서 지켜주는 남자",
        "lines": [
          {
            "id": 1,
            "text": "1 : 오빠들 갑자기 제가 궁금한 게 있는데요...",
            "norm_text": "오빠들 갑자기 제가 궁금한 게 있는데요...",
            "speaker": {
              "id": "1번",
              "sex": "여성",
              "age": "20대"
            },
            "speechAct": "(단언) 주장하기",
            "morpheme": "오빠/NNG+들/XSN+갑자기/MAG+제/NP+가/JKS+궁금/XR+한/XSA+ETM+게/NNB+JKS+있/VA+는데요/EF+./SY"
          },
          {
            "id": 2,
            "text": "1 : 군대에서 짬밥이라고 하나? 맛있는 거 뭐 있음?",
            "norm_text": "군대에서 짬밥이라고 하나? 맛있는 거 뭐 있음?",
            "speaker": {
              "id": "1번",
              "sex": "여성",
              "age": "20대"
            },
            "speechAct": "(지시) 질문하기",
            "morpheme": "군대/NNG+에서/JKB+짬밥/NNG+이/VCP+라고/EC+하나/NR+맛있/VA+는/ETM+거/NNB+뭐/IC+있/VV+음/ETN"
          },
          {
            "id": 3,
            "text": "2 : 우리 부대는 ㄹㅇ 돼김볶이 진짜 상상을 초월했지",
            "norm_text": "우리 부대는 ㄹㅇ 돼김볶이 진짜 상상을 초월했지",
            "speaker": {
              "id": "2번",
              "sex": "남성",
              "age": "20대"
            },
            "speechAct": "(단언) 주장하기",
            "morpheme": "우리/NP+부대/NNG+는/JX+ㄹㅇ/UNKNOWN+돼/VV+EF+김볶/UNKNOWN+이/JKS+진짜/MAG+상상/NNG+을/JKO+초월/NNG+했/XSV+EP+지/EC"
          },
          {
            "id": 4,
            "text": "3 : 쏘야볶에 미역국에 흰 우유가 진리임",
            "norm_text": "쏘야볶에 미역국에 흰 우유가 진리임",
            "speaker": {
              "id": "3번",
              "sex": "남성",
              "age": "20대"
            },
            "speechAct": "(단언) 주장하기",
            "morpheme": "쏘/VV+야/EC+볶/VV+에/JKB+미역국/NNG+에/JKB+흰/VA+ETM+우유/NNG+가/JKS+진리/NNG+임/VCP+ETN"
          },
          {
            "id": 5,
            "text": "1 : 아 진짜? 내 생각 군대 특식은 그 군데리아 그거일 줄",
            "norm_text": "아 진짜? 내 생각 군대 특식은 그 군데리아 그거일 줄",
            "speaker": {
              "id": "1번",
              "sex": "여성",
              "age": "20대"
            },
            "speechAct": "(단언) 주장하기",
            "morpheme": "아/IC+진짜/MAG+내/NP+JKG+생각/NNG+군대/NNG+특식/NNG+은/JX+그/MM+군데/NNBC+리/VCP+EP+아/EC+그거/NP+일/VCP+ETM+줄/NNB"
          },
          {
            "id": 6,
            "text": "2 : 그거 어머니 부대에서 점검 나와서 먹었었는데 우리 아들내미 왜 이런 거 먹이냐고 울고 그러던데 인터뷰에서",
            "norm_text": "그거 어머니 부대에서 점검 나와서 먹었었는데 우리 아들내미 왜 이런 거 먹이냐고 울고 그러던데 인터뷰에서",
            "speaker": {
              "id": "2번",
              "sex": "남성",
              "age": "20대"
            },
            "speechAct": "(단언) 진술하기",
            "morpheme": "그거/NP+어머니/NNG+부대/NNG+에서/JKB+점검/NNG+나와서/VV+EC+먹/VV+었었/EP+는데/EC+우리/NP+아들내미/NNG+왜/MAG+이런/MM+거먹/NNG+이/VCP+냐고/EC+울/VV+고/EC+그러/VV+던데/EC+인터뷰/NNG+에서/JKB"
          },
          {
            "id": 7,
            "text": "3 : 군대리아 사람들이 생각하는 것만큼 별로였음",
            "norm_text": "군대리아 사람들이 생각하는 것만큼 별로였음",
            "speaker": {
              "id": "3번",
              "sex": "남성",
              "age": "20대"
            },
            "speechAct": "(단언) 주장하기",
            "morpheme": "군대/NNG+리아/NNP+사람/NNG+들/XSN+이/JKS+생각/NNG+하/XSV+는/ETM+것/NNB+만큼/JKB+별로/MAG+였/VCP+EP+음/ETN"
          },
          {
            "id": 8,
            "text": "1 : 아 진짜? 키키 나는 아까 햄버거 얘기하길래 아직 그 맛을 잊지 못해서 그런 줄",
            "norm_text": "아 진짜? 키키 나는 아까 햄버거 얘기하길래 아직 그 맛을 잊지 못해서 그런 줄",
            "speaker": {
              "id": "1번",
              "sex": "여성",
              "age": "20대"
            },
            "speechAct": "(단언) 주장하기",
            "morpheme": "아/IC+진짜/MAG+키/NNG+키나/XSA+ETN+JX+는/JX+아까/MAG+햄버거/NNG+얘기/NNG+하/XSV+길래/EC+아직/MAG+그/MM+맛/NNG+을/JKO+잊/VV+지/EC+못해서/VX+EC+그런/MM+줄/NNG"
          },
          {
            "id": 9,
            "text": "2 : 절대 아니고 군대 햄버거는 걍 빵에 우유 말아서 먹는 거야 딸기잼 넣고",
            "norm_text": "절대 아니고 군대 햄버거는 걍 빵에 우유 말아서 먹는 거야 딸기잼 넣고",
            "speaker": {
              "id": "2번",
              "sex": "남성",
              "age": "20대"
            },
            "speechAct": "(단언) 주장하기",
            "morpheme": "절대/MAG+아니/VCN+고/EC+군대/NNG+햄버거/NNG+는/JX+걍/UNKNOWN+빵/NNG+에/JKB+우유/NNG+말/VV+아서/EC+먹/VV+는/ETM+거/NNB+야/VCP+EF+딸기/NNG+잼/NNG+넣/VV+고/EC"
          },
          {
            "id": 10,
            "text": "3 : 야야 그럼 사람들이 왜 교회 가서 햄버거 먹겠냐 ㅎ",
            "norm_text": "야야 그럼 사람들이 왜 교회 가서 햄버거 먹겠냐 ㅎ",
            "speaker": {
              "id": "3번",
              "sex": "남성",
              "age": "20대"
            },
            "speechAct": "(단언) 주장하기",
            "morpheme": "야야/IC+그럼/MAJ+사람/NNG+들/XSN+이/JKS+왜/MAG+교회/NNG+가/VV+서/EC+햄버거/NNG+먹/VV+겠/EP+냐/EF+ㅎ/XSA"
          },
          {
            "id": 11,
            "text": "1 : 맞아 나 그 딸기잼 넣은 햄버거 좀 먹어보고 싶어",
            "norm_text": "맞아 나 그 딸기잼 넣은 햄버거 좀 먹어보고 싶어",
            "speaker": {
              "id": "1번",
              "sex": "여성",
              "age": "20대"
            },
            "speechAct": "(단언) 주장하기",
            "morpheme": "맞/VV+아나/EC+그/MM+딸기/NNG+잼/NNG+넣/VV+은/ETM+햄버거/NNG+좀/MAG+먹/VV+어/EC+보/VX+고/EC+싶/VX+어/EC"
          },
          {
            "id": 12,
            "text": "1 : 뭔가 특별해 보이잖아",
            "norm_text": "뭔가 특별해 보이잖아",
            "speaker": {
              "id": "1번",
              "sex": "여성",
              "age": "20대"
            },
            "speechAct": "(단언) 주장하기",
            "morpheme": "뭔가/NP+VCP+EC+특별/NNG+해/XSV+EC+보이/VV+잖아/EC"
          },
          {
            "id": 13,
            "text": "2 : 군대 들어가 있는 애기들 연락해볼게...",
            "norm_text": "군대 들어가 있는 애기들 연락해볼게...",
            "speaker": {
              "id": "2번",
              "sex": "남성",
              "age": "20대"
            },
            "speechAct": "(단언) 주장하기",
            "morpheme": "군대/NNG+들어가/VV+EC+있/VX+는/ETM+애기/NNG+들/XSN+연락/NNG+해/XSV+EC+볼게/VX+EF+./SY"
          },
          {
            "id": 14,
            "text": "2 : 육군 훈련소 종교 행사 싸이버거가 ㄹㅇ 진리",
            "norm_text": "육군 훈련소 종교 행사 싸이버거가 ㄹㅇ 진리",
            "speaker": {
              "id": "2번",
              "sex": "남성",
              "age": "20대"
            },
            "speechAct": "(단언) 주장하기",
            "morpheme": "육군훈련소/NNP+종교/NNG+행사/NNG+싸이/NNP+버거/NNG+가/JKS+ㄹㅇ/UNKNOWN+진리/NNG"
          },
          {
            "id": 15,
            "text": "3 : 집에서 맹글어 먹어, 아님 입대 ㄱㄱ",
            "norm_text": "집에서 맹글어 먹어, 아님 입대 ㄱㄱ",
            "speaker": {
              "id": "3번",
              "sex": "남성",
              "age": "20대"
            },
            "speechAct": "(지시) 충고/제안하기",
            "morpheme": "집/NNG+에서/JKB+맹글/VV+어/EC+먹/VV+어/EF+,/SC+아님/MAJ+입대/NNG+ㄱ/NNG+ㄱ/NNG"
          },
          {
            "id": 16,
            "text": "1 : 아냐 나 햄버거 싫어해.",
            "norm_text": "아냐 나 햄버거 싫어해.",
            "speaker": {
              "id": "1번",
              "sex": "여성",
              "age": "20대"
            },
            "speechAct": "(단언) 주장하기",
            "morpheme": "아냐/IC+나/NP+햄버거/NNG+싫/VA+어/EC+해/VX+EF"
          },
          {
            "id": 17,
            "text": "1 : 그냥 그 군데리아가 먹어보고 싶었던 거야",
            "norm_text": "그냥 그 군데리아가 먹어보고 싶었던 거야",
            "speaker": {
              "id": "1번",
              "sex": "여성",
              "age": "20대"
            },
            "speechAct": "(단언) 주장하기",
            "morpheme": "그냥/MAG+그/MM+군데/NNG+VCP+EC+리아/NNP+가/JKS+먹/VV+어/EC+보/VX+고/EC+싶/VX+었/EP+던/ETM+거/NNB+야/VCP+EF"
          },
          {
            "id": 18,
            "text": "2 : 다음에 해줄게 닭고기 패티에 양상추 샐러드에 잼 발라서 한번 먹여줘야겠구만",
            "norm_text": "다음에 해줄게 닭고기 패티에 양상추 샐러드에 잼 발라서 한번 먹여줘야겠구만",
            "speaker": {
              "id": "2번",
              "sex": "남성",
              "age": "20대"
            },
            "speechAct": "(단언) 주장하기",
            "morpheme": "다음/NNG+에/JKB+해/VV+EC+줄/VX+ETM+게/NNB+JKS+닭고기/NNG+패티/NNP+에/JKB+양상추/NNG+샐러드/NNG+에/JKB+잼/VV+ETN+발라서/VV+EC+한/MM+번/NNBC+먹여/VV+EC+줘야/VX+EC+VX+겠/EP+구만/EC"
          },
          {
            "id": 19,
            "text": "3 : 햄버거도 너 싫어해",
            "norm_text": "햄버거도 너 싫어해",
            "speaker": {
              "id": "3번",
              "sex": "남성",
              "age": "20대"
            },
            "speechAct": "(단언) 주장하기",
            "morpheme": "햄버거/NNG+도/JX+너/NP+싫/VA+어/EC+해/VV+EC"
          },
          {
            "id": 20,
            "text": "3 : 군대도 너 싫어해",
            "norm_text": "군대도 너 싫어해",
            "speaker": {
              "id": "3번",
              "sex": "남성",
              "age": "20대"
            },
            "speechAct": "(단언) 주장하기",
            "morpheme": "군대/NNG+도/JX+너/NP+싫/VA+어/EC+해/VV+EC"
          },
          {
            "id": 21,
            "text": "1 : 좋겠다야 군대가 날 싫어해서 난 안 갔는데 오빠들은 가셨잖아요!",
            "norm_text": "좋겠다야 군대가 날 싫어해서 난 안 갔는데 오빠들은 가셨잖아요!",
            "speaker": {
              "id": "1번",
              "sex": "여성",
              "age": "20대"
            },
            "speechAct": "(단언) 주장하기",
            "morpheme": "좋/VA+겠/EP+다/EF+야/IC+군대/NNG+가/JKS+날/NNG+싫/VA+어/EC+해서/VV+EC+난/NP+JX+안/MAG+갔/VV+EP+는데/EC+오빠/NNG+들/XSN+은/JX+가/VV+셨잖아요/EP+EP+EC+VX+EF"
          },
          {
            "id": 22,
            "text": "2 : 난 아직도 군대가 왜 날 원했는지 이유를 모르겠어",
            "norm_text": "난 아직도 군대가 왜 날 원했는지 이유를 모르겠어",
            "speaker": {
              "id": "2번",
              "sex": "남성",
              "age": "20대"
            },
            "speechAct": "(단언) 주장하기",
            "morpheme": "난/NP+JX+아직/MAG+도/JX+군대/NNG+가/JKS+왜/MAG+날/NNG+원했/VV+EP+는지/EC+이유/NNG+를/JKO+모르/VV+겠/EP+어/EC"
          },
          {
            "id": 23,
            "text": "3 : 엥, 너 왜 안 가 남자 아니었음?",
            "norm_text": "엥, 너 왜 안 가 남자 아니었음?",
            "speaker": {
              "id": "3번",
              "sex": "남성",
              "age": "20대"
            },
            "speechAct": "(지시) 질문하기",
            "morpheme": "엥/IC+,/SC+너/NP+왜/MAG+안/MAG+가/VV+EC+남자/NNG+아니/VCN+었/EP+음/ETN"
          },
          {
            "id": 24,
            "text": "3 : 언제까지 미룰려고;",
            "norm_text": "언제까지 미룰려고;",
            "speaker": {
              "id": "3번",
              "sex": "남성",
              "age": "20대"
            },
            "speechAct": "(지시) 질문하기",
            "morpheme": "언제/NP+까지/JX+미룰/VV+ETM+려고/NNG+;/SY"
          },
          {
            "id": 25,
            "text": "1 : 옵하들... 저한테 왜 그러세요...",
            "norm_text": "옵하들... 저한테 왜 그러세요...",
            "speaker": {
              "id": "1번",
              "sex": "여성",
              "age": "20대"
            },
            "speechAct": "(단언) 주장하기",
            "morpheme": "옵/EP+하/XSA+들/XSN+./SY+저/NP+한테/JKB+왜/MAG+그러/VV+세요/EP+EF+./SY"
          },
          {
            "id": 26,
            "text": "1 : **는 완전 남자잖아",
            "norm_text": "**는 완전 남자잖아",
            "speaker": {
              "id": "1번",
              "sex": "여성",
              "age": "20대"
            },
            "speechAct": "(단언) 주장하기",
            "morpheme": "*/SY+*/SY+는/JX+완전/NNG+남자/NNG+잖아/VCP+EC+VX+EC"
          },
          {
            "id": 27,
            "text": "1 : 나라가 원하는 상이지",
            "norm_text": "나라가 원하는 상이지",
            "speaker": {
              "id": "1번",
              "sex": "여성",
              "age": "20대"
            },
            "speechAct": "(단언) 주장하기",
            "morpheme": "나라/NNG+가/JKS+원/NNG+하/XSV+는/ETM+상/NNG+이/VCP+지/EC"
          },
          {
            "id": 28,
            "text": "2 : 맞아 **도 그래서 날 원하는 거지 지킴 받는 남자!",
            "norm_text": "맞아 **도 그래서 날 원하는 거지 지킴 받는 남자!",
            "speaker": {
              "id": "2번",
              "sex": "남성",
              "age": "20대"
            },
            "speechAct": "(단언) 주장하기",
            "morpheme": "맞/VV+아/EC+*/SY+*/SY+도/JX+그래서/MAJ+날/NNG+원/NNG+하/XSV+는/ETM+거/NNB+지/VCP+EC+지킴/VV+ETN+받/VV+는/ETM+남자/NNG"
          },
          {
            "id": 29,
            "text": "3 : ; 좋겠다 **는, 난 혼자 스스로 지켜볼게",
            "norm_text": "; 좋겠다 **는, 난 혼자 스스로 지켜볼게",
            "speaker": {
              "id": "3번",
              "sex": "남성",
              "age": "20대"
            },
            "speechAct": "(단언) 주장하기",
            "morpheme": ";/SY+좋/VA+겠/EP+다/EC+*/SY+*/SY+는/JX+,/SC+난/NP+JX+혼자/MAG+스스로/MAG+지켜볼/VV+ETM+게/NNB+JKS"
          },
          {
            "id": 30,
            "text": "1 : 어어 너가 지켜지는 그런 남자긴 해",
            "norm_text": "어어 너가 지켜지는 그런 남자긴 해",
            "speaker": {
              "id": "1번",
              "sex": "여성",
              "age": "20대"
            },
            "speechAct": "(단언) 주장하기",
            "morpheme": "어/IC+어/IC+너/NP+가/JKS+지켜/VV+EC+지/VX+는/ETM+그런/MM+남자/NNG+긴/VCP+ETN+JX+해/VX+EC"
          },
          {
            "id": 31,
            "text": "2 : 왜 그래 나도 지키고 나라도 지키고 하는 거지",
            "norm_text": "왜 그래 나도 지키고 나라도 지키고 하는 거지",
            "speaker": {
              "id": "2번",
              "sex": "남성",
              "age": "20대"
            },
            "speechAct": "(단언) 주장하기",
            "morpheme": "왜/MAG+그래/IC+나/NP+도/JX+지키/VV+고/EC+나라/NNG+도/JX+지키/VV+고/EC+하/VV+는/ETM+거/NNB+지/VCP+EC"
          },
          {
            "id": 32,
            "text": "3 : 키키 다시 보니까 지킴 받는 이네 국가에서 지켜주는 남자",
            "norm_text": "키키 다시 보니까 지킴 받는 이네 국가에서 지켜주는 남자",
            "speaker": {
              "id": "3번",
              "sex": "남성",
              "age": "20대"
            },
            "speechAct": "(단언) 주장하기",
            "morpheme": "키/NNG+키/NNG+다시/MAG+보/VV+니까/EC+지킴/VV+ETN+받/VV+는/ETM+이/NP+네/XSN+국가/NNG+에서/JKB+지켜/VV+EC+주/VX+는/ETM+남자/NNG"
          }
        ]
      }
    }
  ]
}