{
  "dataset": {
    "identifier": 68848,
    "name": "KAKAO_960_12_set",
    "src_path": "/data/file/cubeManager/PROJECT001/53/txt20211006122344047790/KAKAO_960_12_set/",
    "label_path": "/data/file/cubeManager/PROJECT001/53/txt20211006122344047790/KAKAO_960_12_set/",
    "category": 2,
    "type": 0
  },
  "licenses": {
    "name": "Apache License 1.0",
    "url": "http://www.apache.org/licenses/LICENSE-1.0"
  },
  "info": [
    {
      "id": 42912,
      "filename": "KAKAO_960_12.txt",
      "title": "KAKAO_960_12",
      "mediatype": "SNS",
      "medianame": "카카오톡",
      "category": "일상대화",
      "date": "2021-10-06",
      "size": 794,
      "annotations": {
        "subject": "여행",
        "speaker_type": "다자간 대화",
        "size": 794,
        "word_size": 232,
        "text": "1 : 이번에 코로나로 인해서 대부분의 여행사가 망했대요\n2 : ㅠㅠ 안타까워요...\n3 : 엇 근데 백신 접종률 높아지면서 여행 시장이 조금 열리고는 있더라고요\n1 : 오오 정말요? 조금 빠른 것 같은데...\n2 : 아 아마 사이판으로 많이 가는 것 같던데...\n3 : 사이판이요? 거기 좋아요?\n1 : 아 사이판이 한국이 트래블 버블을 체결한 유일한 나라여서 그럴 거에요\n2 : 맞아요 근데 갔다 오고 자가격리까지 해서 거의 한 달 정도가 걸려서 많이 신청 안 했을 줄 알았는데 통계 보니까 코로나 이후 최고치던데요?\n3 : 근데 정말 좀 유명한 여행사들은 조금씩 일어나고 있는 것 같긴 해요\n1 : 아 그래서 주가가 조금 상승하고 있었구나...\n2 : 정상 근무 체계 시작되니까 바로 오르네요\n3 : 저 아는 분이 코로나 전에 여행사에 취직하셔서 제발 잘 이겨내고 일어섰으면 좋겠어요\n1 : 우리 나중에 여행사 통해서 해외여행 갈래요?\n2 : 좋아요! 여행사 실적도 올려주고 저희도 즐겁고 재밌을 것 같아요\n3 : 전 그럼 너무 좋죠!\n1 : 전 세부나 괌 같은 휴양지로 가고 싶어요\n2 : 휴양지 너무 좋아요\n3 : 전 아무 곳이나 괜찮으니 좋은 여행사와 가고 싶어요\n1 : 이번 코로나 사태를 이겨낸 여행사라면 대부분 이전보다 더 좋게 변화한 여행사일 거에요\n2 : 여행사도 그렇지만 항공사들도 많이 변화하겠죠?\n3 : 그러고 보니 저희 학교 항공과 친구들은 이번 코로나 사태를 통한 서비스마인드라는 교양 프로그램도 있더라고요\n1 : 참 코로나가 많은 변화를 가져오네요\n2 : 그게 더 좋고 편리한 방향으로 왔으면 좋겠어요\n3 : 저도 그렇게 생각해요",
        "lines": [
          {
            "id": 1,
            "text": "1 : 이번에 코로나로 인해서 대부분의 여행사가 망했대요",
            "norm_text": "이번에 코로나로 인해서 대부분의 여행사가 망했대요",
            "speaker": {
              "id": "1번",
              "sex": "여성",
              "age": "30대"
            },
            "speechAct": "(단언) 진술하기",
            "morpheme": "이번/NNG+에/JKB+코로나/NNG+로/JKB+인해서/VV+EC+대부분/NNG+의/JKG+여행사/NNG+가/JKS+망했/VV+EP+대요/EC"
          },
          {
            "id": 2,
            "text": "2 : ㅠㅠ 안타까워요...",
            "norm_text": "ㅠㅠ 안타까워요...",
            "speaker": {
              "id": "2번",
              "sex": "여성",
              "age": "40대"
            },
            "speechAct": "(단언) 주장하기",
            "morpheme": "ㅠㅠ안타까워요/UNKNOWN+./SY"
          },
          {
            "id": 3,
            "text": "3 : 엇 근데 백신 접종률 높아지면서 여행 시장이 조금 열리고는 있더라고요",
            "norm_text": "엇 근데 백신 접종률 높아지면서 여행 시장이 조금 열리고는 있더라고요",
            "speaker": {
              "id": "3번",
              "sex": "여성",
              "age": "10대"
            },
            "speechAct": "(단언) 진술하기",
            "morpheme": "엇/IC+근데/MAJ+백신/NNG+접종/NNG+률/XSN+높/VA+아/EC+지/VX+면서/EC+여행/NNG+시장/NNG+이/JKS+조금/MAG+열리/VV+고는/EC+있/VX+더라고요/EC"
          },
          {
            "id": 4,
            "text": "1 : 오오 정말요? 조금 빠른 것 같은데...",
            "norm_text": "오오 정말요? 조금 빠른 것 같은데...",
            "speaker": {
              "id": "1번",
              "sex": "여성",
              "age": "30대"
            },
            "speechAct": "(단언) 주장하기",
            "morpheme": "오오/IC+정말/MAG+요/JX+조금/MAG+빠른/VA+ETM+것/NNB+같/VA+은데/EF+./SY"
          },
          {
            "id": 5,
            "text": "2 : 아 아마 사이판으로 많이 가는 것 같던데...",
            "norm_text": "아 아마 사이판으로 많이 가는 것 같던데...",
            "speaker": {
              "id": "2번",
              "sex": "여성",
              "age": "40대"
            },
            "speechAct": "(단언) 주장하기",
            "morpheme": "아/IC+아마/MAG+사이판/NNG+으로/JKB+많이/MAG+가/VV+는/ETM+것/NNB+같/VA+던데/EF+./SY"
          },
          {
            "id": 6,
            "text": "3 : 사이판이요? 거기 좋아요?",
            "norm_text": "사이판이요? 거기 좋아요?",
            "speaker": {
              "id": "3번",
              "sex": "여성",
              "age": "10대"
            },
            "speechAct": "(지시) 질문하기",
            "morpheme": "사이판/NNG+이/VCP+요/EF+거기/NP+좋/VA+아요/EF"
          },
          {
            "id": 7,
            "text": "1 : 아 사이판이 한국이 트래블 버블을 체결한 유일한 나라여서 그럴 거에요",
            "norm_text": "아 사이판이 한국이 트래블 버블을 체결한 유일한 나라여서 그럴 거에요",
            "speaker": {
              "id": "1번",
              "sex": "여성",
              "age": "30대"
            },
            "speechAct": "(단언) 주장하기",
            "morpheme": "아/IC+사이판/NNG+이/JKS+한국/NNP+이/JKS+트래블/NNG+버블/NNG+을/JKO+체결/NNG+한/XSA+ETM+유일/NNG+한/XSA+ETM+나라/NNG+여서/VCP+EC+그럴/VV+ETM+거/NNB+에요/VCP+EF"
          },
          {
            "id": 8,
            "text": "2 : 맞아요 근데 갔다 오고 자가격리까지 해서 거의 한 달 정도가 걸려서 많이 신청 안 했을 줄 알았는데 통계 보니까 코로나 이후 최고치던데요?",
            "norm_text": "맞아요 근데 갔다 오고 자가격리까지 해서 거의 한 달 정도가 걸려서 많이 신청 안 했을 줄 알았는데 통계 보니까 코로나 이후 최고치던데요?",
            "speaker": {
              "id": "2번",
              "sex": "여성",
              "age": "40대"
            },
            "speechAct": "(단언) 주장하기",
            "morpheme": "맞/VV+아요/EF+근데/MAJ+갔다오/VV+고자/EC+가/JKS+격리/NNG+까지/JX+해서/VV+EC+거의/MAG+한/MM+달/NNBC+정도/NNG+가/JKS+걸려서/VV+EC+많이/MAG+신청/NNG+안/MAG+했/VV+EP+을/ETM+줄/NNB+알/VV+았/EP+는데/EC+통계/NNG+보/VV+니까/EC+코로나/NNG+이후/NNG+최고/NNG+치/VV+던데요/EF"
          },
          {
            "id": 9,
            "text": "3 : 근데 정말 좀 유명한 여행사들은 조금씩 일어나고 있는 것 같긴 해요",
            "norm_text": "근데 정말 좀 유명한 여행사들은 조금씩 일어나고 있는 것 같긴 해요",
            "speaker": {
              "id": "3번",
              "sex": "여성",
              "age": "10대"
            },
            "speechAct": "(단언) 주장하기",
            "morpheme": "근데/MAJ+정말/MAG+좀/MAG+유명/NNG+한/XSA+ETM+여행사/NNG+들/XSN+은/JX+조금/NNG+씩/XSN+일어나/VV+고/EC+있/VX+는/ETM+것/NNB+같/VA+긴/ETN+JX+해요/VX+EC"
          },
          {
            "id": 10,
            "text": "1 : 아 그래서 주가가 조금 상승하고 있었구나...",
            "norm_text": "아 그래서 주가가 조금 상승하고 있었구나...",
            "speaker": {
              "id": "1번",
              "sex": "여성",
              "age": "30대"
            },
            "speechAct": "턴토크 사인(관습적 반응)",
            "morpheme": "아/IC+그래서/MAJ+주가/NNG+가/JKS+조금/MAG+상승/NNG+하/XSV+고/EC+있/VX+었/EP+구나/EF+./SY"
          },
          {
            "id": 11,
            "text": "2 : 정상 근무 체계 시작되니까 바로 오르네요",
            "norm_text": "정상 근무 체계 시작되니까 바로 오르네요",
            "speaker": {
              "id": "2번",
              "sex": "여성",
              "age": "40대"
            },
            "speechAct": "(단언) 진술하기",
            "morpheme": "정상/NNG+근무/NNG+체계/NNG+시작/NNG+되/XSV+니까/EC+바로/MAG+오르/VV+네요/EC"
          },
          {
            "id": 12,
            "text": "3 : 저 아는 분이 코로나 전에 여행사에 취직하셔서 제발 잘 이겨내고 일어섰으면 좋겠어요",
            "norm_text": "저 아는 분이 코로나 전에 여행사에 취직하셔서 제발 잘 이겨내고 일어섰으면 좋겠어요",
            "speaker": {
              "id": "3번",
              "sex": "여성",
              "age": "10대"
            },
            "speechAct": "(단언) 주장하기",
            "morpheme": "저/NP+아/VV+는/ETM+분/NNB+이/JKS+코/NNG+로/JKB+나전/NNG+에/JKB+여행사/NNG+에/JKB+취직/NNG+하/XSV+셔서/EP+EC+제발/MAG+잘/MAG+이겨/VV+EC+내/VX+고/EC+일어섰/VV+EP+으면/EC+좋/VA+겠/EP+어요/EF"
          },
          {
            "id": 13,
            "text": "1 : 우리 나중에 여행사 통해서 해외여행 갈래요?",
            "norm_text": "우리 나중에 여행사 통해서 해외여행 갈래요?",
            "speaker": {
              "id": "1번",
              "sex": "여성",
              "age": "30대"
            },
            "speechAct": "(지시) 질문하기",
            "morpheme": "우리/NP+나중/NNG+에/JKB+여행사/NNG+통해서/VV+EC+해외여행/NNG+갈래요/VV+EF"
          },
          {
            "id": 14,
            "text": "2 : 좋아요! 여행사 실적도 올려주고 저희도 즐겁고 재밌을 것 같아요",
            "norm_text": "좋아요! 여행사 실적도 올려주고 저희도 즐겁고 재밌을 것 같아요",
            "speaker": {
              "id": "2번",
              "sex": "여성",
              "age": "40대"
            },
            "speechAct": "(단언) 주장하기",
            "morpheme": "좋/VA+아요/EF+여행/NNG+사실/NNG+적/XSN+도/JX+올려/VV+EC+주/VX+고/EC+저희/NP+도/JX+즐겁/VA+고/EC+재밌/VA+을/ETM+것/NNB+같/VA+아요/EC"
          },
          {
            "id": 15,
            "text": "3 : 전 그럼 너무 좋죠!",
            "norm_text": "전 그럼 너무 좋죠!",
            "speaker": {
              "id": "3번",
              "sex": "여성",
              "age": "10대"
            },
            "speechAct": "(단언) 주장하기",
            "morpheme": "전/MM+그럼/MAJ+너무/MAG+좋/VA+죠/EF"
          },
          {
            "id": 16,
            "text": "1 : 전 세부나 괌 같은 휴양지로 가고 싶어요",
            "norm_text": "전 세부나 괌 같은 휴양지로 가고 싶어요",
            "speaker": {
              "id": "1번",
              "sex": "여성",
              "age": "30대"
            },
            "speechAct": "(단언) 주장하기",
            "morpheme": "전/MM+세부/NNG+나/JC+괌/NNG+같/VA+은/ETM+휴양지/NNG+로/JKB+가/VV+고/EC+싶/VX+어요/EF"
          },
          {
            "id": 17,
            "text": "2 : 휴양지 너무 좋아요",
            "norm_text": "휴양지 너무 좋아요",
            "speaker": {
              "id": "2번",
              "sex": "여성",
              "age": "40대"
            },
            "speechAct": "(단언) 주장하기",
            "morpheme": "휴양지/NNG+너무/MAG+좋/VA+아요/EC"
          },
          {
            "id": 18,
            "text": "3 : 전 아무 곳이나 괜찮으니 좋은 여행사와 가고 싶어요",
            "norm_text": "전 아무 곳이나 괜찮으니 좋은 여행사와 가고 싶어요",
            "speaker": {
              "id": "3번",
              "sex": "여성",
              "age": "10대"
            },
            "speechAct": "(단언) 주장하기",
            "morpheme": "전/MM+아무/MM+곳/NNG+이나/JX+괜찮/VA+으니/EC+좋/VA+은/ETM+여행사/NNG+와/JKB+가/VV+고/EC+싶/VX+어요/EF"
          },
          {
            "id": 19,
            "text": "1 : 이번 코로나 사태를 이겨낸 여행사라면 대부분 이전보다 더 좋게 변화한 여행사일 거에요",
            "norm_text": "이번 코로나 사태를 이겨낸 여행사라면 대부분 이전보다 더 좋게 변화한 여행사일 거에요",
            "speaker": {
              "id": "1번",
              "sex": "여성",
              "age": "30대"
            },
            "speechAct": "(단언) 주장하기",
            "morpheme": "이번/NNG+코로나/NNG+사태/NNG+를/JKO+이겨/VV+EC+낸/VX+ETM+여행사/NNG+라면/VCP+EC+대부분/NNG+이전/NNG+보다/JKB+더/MAG+좋/VA+게/EC+변화/NNG+한/XSA+ETM+여행사/NNG+일/VCP+ETM+거/NNB+에요/VCP+EF"
          },
          {
            "id": 20,
            "text": "2 : 여행사도 그렇지만 항공사들도 많이 변화하겠죠?",
            "norm_text": "여행사도 그렇지만 항공사들도 많이 변화하겠죠?",
            "speaker": {
              "id": "2번",
              "sex": "여성",
              "age": "40대"
            },
            "speechAct": "(단언) 주장하기",
            "morpheme": "여행사/NNG+도/JX+그렇/VA+지만/EC+항공사/NNG+들/XSN+도/JX+많이/MAG+변화/NNG+하/XSV+겠/EP+죠/EF"
          },
          {
            "id": 21,
            "text": "3 : 그러고 보니 저희 학교 항공과 친구들은 이번 코로나 사태를 통한 서비스마인드라는 교양 프로그램도 있더라고요",
            "norm_text": "그러고 보니 저희 학교 항공과 친구들은 이번 코로나 사태를 통한 서비스마인드라는 교양 프로그램도 있더라고요",
            "speaker": {
              "id": "3번",
              "sex": "여성",
              "age": "10대"
            },
            "speechAct": "(단언) 진술하기",
            "morpheme": "그러/VV+고/EC+보/VX+니/EC+저희/NP+학교/NNG+항공/NNG+과/JC+친구/NNG+들/XSN+은/JX+이번/NNG+코로나/NNG+사태/NNG+를/JKO+통한/VV+ETM+서비스/NNG+마인드/NNG+라는/VCP+ETM+교양/NNG+프로그램/NNG+도/JX+있/VA+더라고요/EC"
          },
          {
            "id": 22,
            "text": "1 : 참 코로나가 많은 변화를 가져오네요",
            "norm_text": "참 코로나가 많은 변화를 가져오네요",
            "speaker": {
              "id": "1번",
              "sex": "여성",
              "age": "30대"
            },
            "speechAct": "(단언) 주장하기",
            "morpheme": "참/MAG+코로나/NNG+가/JKS+많/VA+은/ETM+변화/NNG+를/JKO+가져오/VV+네요/EC"
          },
          {
            "id": 23,
            "text": "2 : 그게 더 좋고 편리한 방향으로 왔으면 좋겠어요",
            "norm_text": "그게 더 좋고 편리한 방향으로 왔으면 좋겠어요",
            "speaker": {
              "id": "2번",
              "sex": "여성",
              "age": "40대"
            },
            "speechAct": "(단언) 주장하기",
            "morpheme": "그게/NP+JKS+더/MAG+좋/VA+고/EC+편리/NNG+한/XSA+ETM+방향/NNG+으로/JKB+왔/VV+EP+으면/EC+좋/VA+겠/EP+어요/EF"
          },
          {
            "id": 24,
            "text": "3 : 저도 그렇게 생각해요",
            "norm_text": "저도 그렇게 생각해요",
            "speaker": {
              "id": "3번",
              "sex": "여성",
              "age": "10대"
            },
            "speechAct": "(단언) 주장하기",
            "morpheme": "저/NP+도/JX+그렇/VA+게/EC+생각/NNG+해요/XSV+EC"
          }
        ]
      }
    }
  ]
}