{
  "dataset": {
    "identifier": 35895,
    "name": "KAKAO_947_12_set",
    "src_path": "/data/file/cubeManager/PROJECT001/53/txt20211005162220091527/KAKAO_947_12_set/",
    "label_path": "/data/file/cubeManager/PROJECT001/53/txt20211005162220091527/KAKAO_947_12_set/",
    "category": 2,
    "type": 0
  },
  "licenses": {
    "name": "Apache License 1.0",
    "url": "http://www.apache.org/licenses/LICENSE-1.0"
  },
  "info": [
    {
      "id": 42269,
      "filename": "KAKAO_947_12.txt",
      "title": "KAKAO_947_12",
      "mediatype": "SNS",
      "medianame": "카카오톡",
      "category": "일상대화",
      "date": "2021-10-05",
      "size": 706,
      "annotations": {
        "subject": "여행",
        "speaker_type": "1:1",
        "size": 706,
        "word_size": 235,
        "text": "1 : 아... 떠나고 싶다... 제발\n2 : ㅠㅠ 미투... 우리 언제 여행 갈 수 있을까\n1 : 국내 여행은 그렇다 치고 우리끼리 해외 여행 가는 날 오겠나... 키키\n2 : 음... 그건 한... 60대쯤 가능하지 않을깤 키키 올해 안에는 꼭 가자 ㅠㅠ 나 남해 가고 싶은뎅\n1 : 그때 걸을 수나 있으려나 키키\n1 : 남해? 남해에 뭐 있지...?\n2 : 키키 남해는 뭐 되게 특별한 건 없는데\n2 : 그냥 드라이브하고 한적한 휴양지 그런 느낌?\n2 : 가족 여행 많이 가더라\n1 : 키키 좋다... 나도 요즘 조용한 곳이 좋더라 온천도 좋을 거 같다 뜨끈하이 몸 지지고\n2 : 어 완전 좋지 키키 호캉스가 최고임 ㅠㅠ\n2 : 요즘 코로나 때문에 호텔 패키지도 많던데\n1 : 키키 하 키키 그런 거도 좋지 키키\n1 : 한번 계획을 같이 짜 봐야겠는데?\n2 : 조아 키키 우리 여행 잘 못 가니까 2박 3일 코스로 짜자 키키\n1 : 키키 괜찮겠나 키키 1박은 술을 먹고 1박은 힐링하자\n2 : 최고지 키키 생각만 해도 좋네\n2 : 우리 가야 할 곳이 많다 키키\n2 : 남해도 가야 하고 제주도랑 통영도 가야 됨\n1 : 키키 아씨... 60세에 해외가 아니라 키키\n1 : 60전까지 저기 다 갈 수 있나 키키\n2 : 키키 일 년에 두 번씩 가는 거얔 키키\n2 : 일단 남해부터 시작하자\n1 : 키키 아라따 키키 진짜 일단 간 다음에 생각 해 보잨 키키\n2 : 좋아 좋아 코스는 내가 대충 짜 볼게 키키",
        "lines": [
          {
            "id": 1,
            "text": "1 : 아... 떠나고 싶다... 제발",
            "norm_text": "아... 떠나고 싶다... 제발",
            "speaker": {
              "id": "1번",
              "sex": "여성",
              "age": "30대"
            },
            "speechAct": "(단언) 주장하기",
            "morpheme": "아/IC+./SY+떠나/VV+고/EC+싶/VX+다/EF+./SY+제발/MAG"
          },
          {
            "id": 2,
            "text": "2 : ㅠㅠ 미투... 우리 언제 여행 갈 수 있을까",
            "norm_text": "ㅠㅠ 미투... 우리 언제 여행 갈 수 있을까",
            "speaker": {
              "id": "2번",
              "sex": "여성",
              "age": "30대"
            },
            "speechAct": "(지시) 질문하기",
            "morpheme": "ㅠㅠ미투/UNKNOWN+./SY+우리/NP+언제/MAG+여행/NNG+갈/VV+ETM+수/NNB+있/VV+을까/EC"
          },
          {
            "id": 3,
            "text": "1 : 국내 여행은 그렇다 치고 우리끼리 해외 여행 가는 날 오겠나... 키키",
            "norm_text": "국내 여행은 그렇다 치고 우리끼리 해외 여행 가는 날 오겠나... 키키",
            "speaker": {
              "id": "1번",
              "sex": "여성",
              "age": "30대"
            },
            "speechAct": "(단언) 주장하기",
            "morpheme": "국내/NNG+여행/NNG+은/JX+그렇/VA+다/EC+치/VV+고/EC+우리/NP+끼리/XSN+해외여행/NNG+가/VV+는/ETM+날/NNG+오/VV+겠/EP+나/EF+./SY+키/NNG+키/XSV+ETN"
          },
          {
            "id": 4,
            "text": "2 : 음... 그건 한... 60대쯤 가능하지 않을깤 키키 올해 안에는 꼭 가자 ㅠㅠ 나 남해 가고 싶은뎅",
            "norm_text": "음... 그건 한... 60대쯤 가능하지 않을깤 키키 올해 안에는 꼭 가자 ㅠㅠ 나 남해 가고 싶은뎅",
            "speaker": {
              "id": "2번",
              "sex": "여성",
              "age": "30대"
            },
            "speechAct": "(지시) 충고/제안하기",
            "morpheme": "음/IC+./SY+그건/NP+JX+한/NNP+./SY+./SY+60/SN+대/NNBC+쯤/XSN+가능/NNG+하/XSV+지/EC+않/VX+을/ETM+깤키/UNKNOWN+키/NNG+올해/NNG+안/NNG+에/JKB+는/JX+꼭/MAG+가/VV+자/EC+ㅠㅠ/UNKNOWN+나/NP+남/NNG+해/XSV+EC+가/VX+고/EC+싶/VX+은/ETM+뎅/NNP"
          },
          {
            "id": 5,
            "text": "1 : 그때 걸을 수나 있으려나 키키",
            "norm_text": "그때 걸을 수나 있으려나 키키",
            "speaker": {
              "id": "1번",
              "sex": "여성",
              "age": "30대"
            },
            "speechAct": "(단언) 주장하기",
            "morpheme": "그때/NNG+걸/VV+을/ETM+수/NNB+나/VV+EC+있/VX+으려나/EC+키/NNG+키/XSV+ETN"
          },
          {
            "id": 6,
            "text": "1 : 남해? 남해에 뭐 있지...?",
            "norm_text": "남해? 남해에 뭐 있지...?",
            "speaker": {
              "id": "1번",
              "sex": "여성",
              "age": "30대"
            },
            "speechAct": "(지시) 질문하기",
            "morpheme": "남/NNG+해/XSV+EF+남해/NNP+에/JKB+뭐/IC+있/VA+지/EF+./SY+./SY"
          },
          {
            "id": 7,
            "text": "2 : 키키 남해는 뭐 되게 특별한 건 없는데",
            "norm_text": "키키 남해는 뭐 되게 특별한 건 없는데",
            "speaker": {
              "id": "2번",
              "sex": "여성",
              "age": "30대"
            },
            "speechAct": "(단언) 주장하기",
            "morpheme": "키키/NNP+남해/NNP+는/JX+뭐/IC+되게/MAG+특별/NNG+한/XSA+ETM+건/NNB+JX+없/VA+는데/EC"
          },
          {
            "id": 8,
            "text": "2 : 그냥 드라이브하고 한적한 휴양지 그런 느낌?",
            "norm_text": "그냥 드라이브하고 한적한 휴양지 그런 느낌?",
            "speaker": {
              "id": "2번",
              "sex": "여성",
              "age": "30대"
            },
            "speechAct": "(단언) 주장하기",
            "morpheme": "그냥/MAG+드라이브/NNG+하/XSV+고/EC+한적/XR+한/XSA+ETM+휴양지/NNG+그런/MM+느낌/NNG"
          },
          {
            "id": 9,
            "text": "2 : 가족 여행 많이 가더라",
            "norm_text": "가족 여행 많이 가더라",
            "speaker": {
              "id": "2번",
              "sex": "여성",
              "age": "30대"
            },
            "speechAct": "(단언) 진술하기",
            "morpheme": "가족/NNG+여행/NNG+많이/MAG+가/VV+더라/EC"
          },
          {
            "id": 10,
            "text": "1 : 키키 좋다... 나도 요즘 조용한 곳이 좋더라 온천도 좋을 거 같다 뜨끈하이 몸 지지고",
            "norm_text": "키키 좋다... 나도 요즘 조용한 곳이 좋더라 온천도 좋을 거 같다 뜨끈하이 몸 지지고",
            "speaker": {
              "id": "1번",
              "sex": "여성",
              "age": "30대"
            },
            "speechAct": "(단언) 주장하기",
            "morpheme": "키/NNG+키/XSV+ETN+좋/VA+다/EF+./SY+나/NP+도/JX+요즘/MAG+조용/XR+한/XSA+ETM+곳/NNG+이/JKS+좋/VA+더라/EC+온천/NNG+도/JX+좋/VA+을/ETM+거/NNB+같/VA+다/EC+뜨끈/XR+하/XSA+이/MM+몸/NNG+지지/VV+고/EC"
          },
          {
            "id": 11,
            "text": "2 : 어 완전 좋지 키키 호캉스가 최고임 ㅠㅠ",
            "norm_text": "어 완전 좋지 키키 호캉스가 최고임 ㅠㅠ",
            "speaker": {
              "id": "2번",
              "sex": "여성",
              "age": "30대"
            },
            "speechAct": "(단언) 주장하기",
            "morpheme": "어/IC+완전/MAG+좋/VA+지/EC+키/NNG+키호/NNP+캉/NNP+스가/NNP+최고/NNG+임/VCP+ETN+ㅠㅠ/UNKNOWN"
          },
          {
            "id": 12,
            "text": "2 : 요즘 코로나 때문에 호텔 패키지도 많던데",
            "norm_text": "요즘 코로나 때문에 호텔 패키지도 많던데",
            "speaker": {
              "id": "2번",
              "sex": "여성",
              "age": "30대"
            },
            "speechAct": "(단언) 주장하기",
            "morpheme": "요즘/NNG+코로나/NNG+때문/NNB+에/JKB+호텔/NNG+패키지/NNG+도/JX+많/VA+던데/EC"
          },
          {
            "id": 13,
            "text": "1 : 키키 하 키키 그런 거도 좋지 키키",
            "norm_text": "키키 하 키키 그런 거도 좋지 키키",
            "speaker": {
              "id": "1번",
              "sex": "여성",
              "age": "30대"
            },
            "speechAct": "(단언) 주장하기",
            "morpheme": "키/NNG+키/NNG+하키/NNG+키/XSV+ETN+그런/MM+거/NNB+도/JX+좋/VA+지/EC+키/NNG+키/XSV+ETN"
          },
          {
            "id": 14,
            "text": "1 : 한번 계획을 같이 짜 봐야겠는데?",
            "norm_text": "한번 계획을 같이 짜 봐야겠는데?",
            "speaker": {
              "id": "1번",
              "sex": "여성",
              "age": "30대"
            },
            "speechAct": "(단언) 주장하기",
            "morpheme": "한/MM+번/NNBC+계획/NNG+을/JKO+같이/MAG+짜/VV+EC+봐야/VX+EC+VV+겠/EP+는데/EF"
          },
          {
            "id": 15,
            "text": "2 : 조아 키키 우리 여행 잘 못 가니까 2박 3일 코스로 짜자 키키",
            "norm_text": "조아 키키 우리 여행 잘 못 가니까 2박 3일 코스로 짜자 키키",
            "speaker": {
              "id": "2번",
              "sex": "여성",
              "age": "30대"
            },
            "speechAct": "(단언) 주장하기",
            "morpheme": "조아/NNG+키/NNG+키/XSV+ETN+우리/NP+여행/NNG+잘못/MAG+가/VV+니까/EC+2/SN+박/NNBC+3/SN+일/NNBC+코스/NNG+로/JKB+짜/VV+EC+자키/NNG+키/XSV+ETN"
          },
          {
            "id": 16,
            "text": "1 : 키키 괜찮겠나 키키 1박은 술을 먹고 1박은 힐링하자",
            "norm_text": "키키 괜찮겠나 키키 1박은 술을 먹고 1박은 힐링하자",
            "speaker": {
              "id": "1번",
              "sex": "여성",
              "age": "30대"
            },
            "speechAct": "(지시) 충고/제안하기",
            "morpheme": "키/NNG+키/XSV+ETN+괜찮/VA+겠/EP+나/EC+키/NNG+키/XSV+ETN+1/SN+박/NNBC+은/JX+술/NNG+을/JKO+먹/VV+고/EC+1/SN+박/NNBC+은/JX+힐링/NNG+하/XSV+자/EC"
          },
          {
            "id": 17,
            "text": "2 : 최고지 키키 생각만 해도 좋네",
            "norm_text": "최고지 키키 생각만 해도 좋네",
            "speaker": {
              "id": "2번",
              "sex": "여성",
              "age": "30대"
            },
            "speechAct": "(단언) 주장하기",
            "morpheme": "최고/NNG+지키/NNP+키/NNG+생각/NNG+만/JX+해도/VV+EC+좋/VA+네/EC"
          },
          {
            "id": 18,
            "text": "2 : 우리 가야 할 곳이 많다 키키",
            "norm_text": "우리 가야 할 곳이 많다 키키",
            "speaker": {
              "id": "2번",
              "sex": "여성",
              "age": "30대"
            },
            "speechAct": "(단언) 주장하기",
            "morpheme": "우리/NP+가/JKS+야할/VA+ETM+곳/NNG+이/JKS+많/VA+다키키/NNP"
          },
          {
            "id": 19,
            "text": "2 : 남해도 가야 하고 제주도랑 통영도 가야 됨",
            "norm_text": "남해도 가야 하고 제주도랑 통영도 가야 됨",
            "speaker": {
              "id": "2번",
              "sex": "여성",
              "age": "30대"
            },
            "speechAct": "(단언) 주장하기",
            "morpheme": "남/NNG+해도/XSV+EC+가/VX+야/EC+하/VV+고/EC+제주도/NNP+랑/JC+통영/NNG+도/JX+가/VV+야/EC+됨/VV+ETN"
          },
          {
            "id": 20,
            "text": "1 : 키키 아씨... 60세에 해외가 아니라 키키",
            "norm_text": "키키 아씨... 60세에 해외가 아니라 키키",
            "speaker": {
              "id": "1번",
              "sex": "여성",
              "age": "30대"
            },
            "speechAct": "(지시) 질문하기",
            "morpheme": "키/NNG+키아/NNP+씨/NNB+./SY+./SY+60/SN+세/NNBC+에/JKB+해외/NNG+가/JKC+아니/VCN+라/EC+키/NNG+키/XSV+ETN"
          },
          {
            "id": 21,
            "text": "1 : 60전까지 저기 다 갈 수 있나 키키",
            "norm_text": "60전까지 저기 다 갈 수 있나 키키",
            "speaker": {
              "id": "1번",
              "sex": "여성",
              "age": "30대"
            },
            "speechAct": "(지시) 질문하기",
            "morpheme": "60/SN+전/NNG+까지/JX+저기/NP+다/JX+갈/VV+ETM+수/NNB+있/VV+나/EC+키/NNG+키/XSV+ETN"
          },
          {
            "id": 22,
            "text": "2 : 키키 일 년에 두 번씩 가는 거얔 키키",
            "norm_text": "키키 일 년에 두 번씩 가는 거얔 키키",
            "speaker": {
              "id": "2번",
              "sex": "여성",
              "age": "30대"
            },
            "speechAct": "(단언) 주장하기",
            "morpheme": "키/NNG+키/XSV+ETN+일/NR+년/NNBC+에/JKB+두/MM+번/NNBC+씩/XSN+가/VV+는/ETM+거/NNB+얔키/UNKNOWN+키/NNG"
          },
          {
            "id": 23,
            "text": "2 : 일단 남해부터 시작하자",
            "norm_text": "일단 남해부터 시작하자",
            "speaker": {
              "id": "2번",
              "sex": "여성",
              "age": "30대"
            },
            "speechAct": "(단언) 주장하기",
            "morpheme": "일단/MAG+남해/NNP+부터/JX+시작/NNG+하/XSV+자/EC"
          },
          {
            "id": 24,
            "text": "1 : 키키 아라따 키키 진짜 일단 간 다음에 생각 해 보잨 키키",
            "norm_text": "키키 아라따 키키 진짜 일단 간 다음에 생각 해 보잨 키키",
            "speaker": {
              "id": "1번",
              "sex": "여성",
              "age": "30대"
            },
            "speechAct": "(단언) 주장하기",
            "morpheme": "키/NNG+키/VV+아/EC+라따/MAG+키/NNG+키/XSV+ETN+진짜/MAG+일단/MAG+간/NNB+다음/NNG+에/JKB+생각/NNG+해/XSV+EC+보/VX+잨키/UNKNOWN+키/NNG"
          },
          {
            "id": 25,
            "text": "2 : 좋아 좋아 코스는 내가 대충 짜 볼게 키키",
            "norm_text": "좋아 좋아 코스는 내가 대충 짜 볼게 키키",
            "speaker": {
              "id": "2번",
              "sex": "여성",
              "age": "30대"
            },
            "speechAct": "(단언) 주장하기",
            "morpheme": "좋/VA+아/EC+좋/VA+아/EC+코스/NNG+는/JX+내/NP+가/JKS+대충/MAG+짜/VV+EC+볼/VX+ETM+게/NNB+JKS+키/NNG+키/XSV+ETN"
          }
        ]
      }
    }
  ]
}