{
  "dataset": {
    "identifier": 63899,
    "name": "KAKAO_900_15_set",
    "src_path": "/data/file/cubeManager/PROJECT001/53/txt20211005153423014584/KAKAO_900_15_set/",
    "label_path": "/data/file/cubeManager/PROJECT001/53/txt20211005153423014584/KAKAO_900_15_set/",
    "category": 2,
    "type": 0
  },
  "licenses": {
    "name": "Apache License 1.0",
    "url": "http://www.apache.org/licenses/LICENSE-1.0"
  },
  "info": [
    {
      "id": 41472,
      "filename": "KAKAO_900_15.txt",
      "title": "KAKAO_900_15",
      "mediatype": "SNS",
      "medianame": "카카오톡",
      "category": "일상대화",
      "date": "2021-10-05",
      "size": 505,
      "annotations": {
        "subject": "타 국가 이슈",
        "speaker_type": "1:1",
        "size": 505,
        "word_size": 161,
        "text": "1 : 고령이랑 취약 직군한테 부스터샷 접종 하려나 봐\n2 : 오호? 부스터샷 접종은 뭐야? 처음 들어봐\n1 : 지금 2번 맞고 있는데 한번 더 맞는 건가 봐 키키\n2 : 아 키키 한번 더... 한번 더 맞으면 더 아프겠네?\n1 : 키키 그러니까 화이자 접종 하고 6개월 뒤에 또 맞는 걸로 생각하고 있나 봐\n2 : 키키... 목숨이 중하긴 한디... 귀찮네\n1 : 그러니까 키키  2차 아프다던데 3차는 미치는 거 아니야?\n2 : 백신 맞고 나면 아프잖아 근데 그때 스케쥴 있으면 어떡하냐고 ㅠㅠ\n1 : 그러니까 진짜 그런데 난 이번에 1차는 안 아프더라\n2 : 키키 다행이네 1차 괜찮았다니까 2차가 걱정이야 키키\n1 : 그러니까 키키 나 2차 맞고 사과 따로 가야 하는데\n2 : 키키 무리하면 안되는데 우짬 키키\n1 : 그러니까 키키 가서 도움 못 되고 누워 있는 거 아닌가 몰라\n2 : 키키 어쩔 수 없지 뭐 ㅠㅠ 키키\n1 : 키키 그건 그래... 아들이니까 봐주겠지\n2 : 키키 너가 아주 큰 인력이긴 하지만 말이야 키키",
        "lines": [
          {
            "id": 1,
            "text": "1 : 고령이랑 취약 직군한테 부스터샷 접종 하려나 봐",
            "norm_text": "고령이랑 취약 직군한테 부스터샷 접종 하려나 봐",
            "speaker": {
              "id": "1번",
              "sex": "남성",
              "age": "20대"
            },
            "speechAct": "(단언) 진술하기",
            "morpheme": "고령/NNG+이랑/JKB+취약/NNG+직군/NNG+한테/JKB+부스터/NNG+샷/NNG+접종/NNG+하/XSV+려나/EC+봐/VX+EC"
          },
          {
            "id": 2,
            "text": "2 : 오호? 부스터샷 접종은 뭐야? 처음 들어봐",
            "norm_text": "오호? 부스터샷 접종은 뭐야? 처음 들어봐",
            "speaker": {
              "id": "2번",
              "sex": "여성",
              "age": "20대"
            },
            "speechAct": "(지시) 질문하기",
            "morpheme": "오호/IC+부스터/NNG+샷/NNG+접종/NNG+은/JX+뭐/NP+야/VCP+EF+처음/MAG+들/VV+어/EC+봐/VX+EC"
          },
          {
            "id": 3,
            "text": "1 : 지금 2번 맞고 있는데 한번 더 맞는 건가 봐 키키",
            "norm_text": "지금 2번 맞고 있는데 한번 더 맞는 건가 봐 키키",
            "speaker": {
              "id": "1번",
              "sex": "남성",
              "age": "20대"
            },
            "speechAct": "(단언) 진술하기",
            "morpheme": "지금/MAG+2/SN+번/NNBC+맞/VV+고/EC+있/VX+는데/EC+한/MM+번/NNBC+더/MAG+맞/VV+는/ETM+건가/NNB+VCP+EC+봐/VX+EF+키/NNG+키/XSV+ETN"
          },
          {
            "id": 4,
            "text": "2 : 아 키키 한번 더... 한번 더 맞으면 더 아프겠네?",
            "norm_text": "아 키키 한번 더... 한번 더 맞으면 더 아프겠네?",
            "speaker": {
              "id": "2번",
              "sex": "여성",
              "age": "20대"
            },
            "speechAct": "(지시) 질문하기",
            "morpheme": "아키/NNP+키/NNG+한/MM+번/NNBC+더/MAG+./SY+한번/MAG+더/MAG+맞/VV+으면/EC+더/MAG+아프/VA+겠/EP+네/EF"
          },
          {
            "id": 5,
            "text": "1 : 키키 그러니까 화이자 접종 하고 6개월 뒤에 또 맞는 걸로 생각하고 있나 봐",
            "norm_text": "키키 그러니까 화이자 접종 하고 6개월 뒤에 또 맞는 걸로 생각하고 있나 봐",
            "speaker": {
              "id": "1번",
              "sex": "남성",
              "age": "20대"
            },
            "speechAct": "(단언) 진술하기",
            "morpheme": "키/NNG+키/XSV+ETN+그러니까/MAJ+화이자/NNP+접종/NNG+하/XSV+고/EC+6/SN+개월/NNBC+뒤/NNG+에/JKB+또/MAG+맞/VV+는/ETM+걸로/NNB+JKB+생각/NNG+하/XSV+고/EC+있/VX+나/EC+봐/VX+EC"
          },
          {
            "id": 6,
            "text": "2 : 키키... 목숨이 중하긴 한디... 귀찮네",
            "norm_text": "키키... 목숨이 중하긴 한디... 귀찮네",
            "speaker": {
              "id": "2번",
              "sex": "여성",
              "age": "20대"
            },
            "speechAct": "(단언) 주장하기",
            "morpheme": "키/NNG+키/XSV+ETN+./SY+목숨/NNG+이중/NNG+하/XSV+긴/ETN+JX+한/MM+디/NNG+./SY+./SY+귀찮/VA+네/EC"
          },
          {
            "id": 7,
            "text": "1 : 그러니까 키키  2차 아프다던데 3차는 미치는 거 아니야?",
            "norm_text": "그러니까 키키  2차 아프다던데 3차는 미치는 거 아니야?",
            "speaker": {
              "id": "1번",
              "sex": "남성",
              "age": "20대"
            },
            "speechAct": "(지시) 질문하기",
            "morpheme": "그러니까/MAJ+키/NNG+키/XSV+ETN+2/SN+차/NNBC+아프/VA+다던데/EC+3/SN+차/NNBC+는/JX+미치/VV+는/ETM+거/NNB+아니/VCN+야/EF"
          },
          {
            "id": 8,
            "text": "2 : 백신 맞고 나면 아프잖아 근데 그때 스케쥴 있으면 어떡하냐고 ㅠㅠ",
            "norm_text": "백신 맞고 나면 아프잖아 근데 그때 스케쥴 있으면 어떡하냐고 ㅠㅠ",
            "speaker": {
              "id": "2번",
              "sex": "여성",
              "age": "20대"
            },
            "speechAct": "(단언) 주장하기",
            "morpheme": "백신/NNG+맞/VV+고/EC+나/VX+면/EC+아프/VA+잖아/EF+근데/MAJ+그때/NNG+스/XSN+케쥴/UNKNOWN+있/VA+으면/EC+어떡/XR+하/XSA+냐고/EC+ㅠㅠ/UNKNOWN"
          },
          {
            "id": 9,
            "text": "1 : 그러니까 진짜 그런데 난 이번에 1차는 안 아프더라",
            "norm_text": "그러니까 진짜 그런데 난 이번에 1차는 안 아프더라",
            "speaker": {
              "id": "1번",
              "sex": "남성",
              "age": "20대"
            },
            "speechAct": "(단언) 주장하기",
            "morpheme": "그러니까/MAJ+진짜/MAG+그런데/MAJ+난/NP+JX+이번/NNG+에/JKB+1/SN+차/NNBC+는/JX+안/MAG+아프/VA+더라/EC"
          },
          {
            "id": 10,
            "text": "2 : 키키 다행이네 1차 괜찮았다니까 2차가 걱정이야 키키",
            "norm_text": "키키 다행이네 1차 괜찮았다니까 2차가 걱정이야 키키",
            "speaker": {
              "id": "2번",
              "sex": "여성",
              "age": "20대"
            },
            "speechAct": "(단언) 주장하기",
            "morpheme": "키/NNG+키/NNG+다행/NNG+이/JKS+네/MM+1/SN+차/NNBC+괜찮/VA+았/EP+다니까/EC+2/SN+차/NNBC+가/JKS+걱정/NNG+이/VCP+야/EC+키/NNG+키/XSV+ETN"
          },
          {
            "id": 11,
            "text": "1 : 그러니까 키키 나 2차 맞고 사과 따로 가야 하는데",
            "norm_text": "그러니까 키키 나 2차 맞고 사과 따로 가야 하는데",
            "speaker": {
              "id": "1번",
              "sex": "남성",
              "age": "20대"
            },
            "speechAct": "(단언) 주장하기",
            "morpheme": "그러니까/MAJ+키/NNG+키나/XSA+ETN+JX+2/SN+차/NNBC+맞/VV+고/EC+사과/NNG+따로/MAG+가/VV+야/EC+하/VV+는데/EC"
          },
          {
            "id": 12,
            "text": "2 : 키키 무리하면 안되는데 우짬 키키",
            "norm_text": "키키 무리하면 안되는데 우짬 키키",
            "speaker": {
              "id": "2번",
              "sex": "여성",
              "age": "20대"
            },
            "speechAct": "(단언) 주장하기",
            "morpheme": "키/NNG+키/NNG+무리/NNG+하/XSV+면/EC+안/MAG+되/VV+는/ETM+데우/NNP+짬/NNG+키/NNG+키/XSV+ETN"
          },
          {
            "id": 13,
            "text": "1 : 그러니까 키키 가서 도움 못 되고 누워 있는 거 아닌가 몰라",
            "norm_text": "그러니까 키키 가서 도움 못 되고 누워 있는 거 아닌가 몰라",
            "speaker": {
              "id": "1번",
              "sex": "남성",
              "age": "20대"
            },
            "speechAct": "(단언) 주장하기",
            "morpheme": "그러니까/MAJ+키/NNG+키/XSV+ETN+가/VV+서/EC+도움/NNG+못/MAG+되/VV+고/EC+누워/VV+EC+있/VX+는/ETM+거/NNB+아닌가/VCN+EC+몰라/VV+EC"
          },
          {
            "id": 14,
            "text": "2 : 키키 어쩔 수 없지 뭐 ㅠㅠ 키키",
            "norm_text": "키키 어쩔 수 없지 뭐 ㅠㅠ 키키",
            "speaker": {
              "id": "2번",
              "sex": "여성",
              "age": "20대"
            },
            "speechAct": "(단언) 주장하기",
            "morpheme": "키/NNG+키/XSV+ETN+어쩔/VV+ETM+수/NNB+없/VA+지/EF+뭐/IC+ㅠㅠ/UNKNOWN+키/NNG+키/XSV+ETN"
          },
          {
            "id": 15,
            "text": "1 : 키키 그건 그래... 아들이니까 봐주겠지",
            "norm_text": "키키 그건 그래... 아들이니까 봐주겠지",
            "speaker": {
              "id": "1번",
              "sex": "남성",
              "age": "20대"
            },
            "speechAct": "(단언) 진술하기",
            "morpheme": "키/NNG+키/XSV+ETN+그건/NP+JX+그래/VA+EF+./SY+아들/NNG+이/VCP+니까/EC+봐/VX+EC+주/VX+겠/EP+지/EC"
          },
          {
            "id": 16,
            "text": "2 : 키키 너가 아주 큰 인력이긴 하지만 말이야 키키",
            "norm_text": "키키 너가 아주 큰 인력이긴 하지만 말이야 키키",
            "speaker": {
              "id": "2번",
              "sex": "여성",
              "age": "20대"
            },
            "speechAct": "(단언) 주장하기",
            "morpheme": "키/NNG+키/XSV+ETN+너/NP+가/JKS+아주/MAG+큰/VA+ETM+인력/NNG+이/VCP+긴/ETN+JX+하/VX+지만/EC+말/NNG+이/VCP+야/EC+키/NNG+키/XSV+ETN"
          }
        ]
      }
    }
  ]
}