{
  "dataset": {
    "identifier": 68058,
    "name": "KAKAO_969_09_set",
    "src_path": "/data/file/cubeManager/PROJECT001/53/txt202110061224230131104/KAKAO_969_09_set/",
    "label_path": "/data/file/cubeManager/PROJECT001/53/txt202110061224230131104/KAKAO_969_09_set/",
    "category": 2,
    "type": 0
  },
  "licenses": {
    "name": "Apache License 1.0",
    "url": "http://www.apache.org/licenses/LICENSE-1.0"
  },
  "info": [
    {
      "id": 42949,
      "filename": "KAKAO_969_09.txt",
      "title": "KAKAO_969_09",
      "mediatype": "SNS",
      "medianame": "카카오톡",
      "category": "일상대화",
      "date": "2021-10-06",
      "size": 392,
      "annotations": {
        "subject": "반려동물",
        "speaker_type": "1:1",
        "size": 392,
        "word_size": 130,
        "text": "1 : 고양이 알러지는 없나? 키키\n2 : 웅 키키 다행히 없는 거 같아 키키\n1 : 오 다행이네 키키 나 요새 뭐 알러지가 자꾸 생겨\n2 : 헐? 고양이 알러지 생긴 거?\n1 : 노노 고양이는 아닌데 어제도 뭘 들이켰는지 콧물... 휴\n2 : 알러지가 없다가도 후천적으로 많이 생긴다 하더라\n1 : 그런가 봐 카고 내가 콧털이 많이 없거든?\n2 : 헐 콧털 중요한데 ㅠ\n1 : 그래서 먼지를 잘 거르지를 못해 ㅜㅜ\n2 : ㅠㅠ 알러지 검사 한 번 해봐야겠네\n1 : 어 찾아보니까 6만 원이면 하더라?\n2 : 오 생각보다 할 만 하네?\n1 : 어 나도 비싼지 알았는데 찾아보니 뭐 저 정도면\n2 : 키키 병원 어디가서 해보려고?\n1 : 몰라 이제 찾아봐야지 키키 진짜 다 늙었나 몸뚱이\n2 : 키키 돈 들어갈데가 많아 지죠 키키",
        "lines": [
          {
            "id": 1,
            "text": "1 : 고양이 알러지는 없나? 키키",
            "norm_text": "고양이 알러지는 없나? 키키",
            "speaker": {
              "id": "1번",
              "sex": "남성",
              "age": "20대"
            },
            "speechAct": "(지시) 질문하기",
            "morpheme": "고양이/NNG+알/VV+러/EC+지/VX+는/ETM+없/VA+나/EF+키/NNG+키/XSV+ETN"
          },
          {
            "id": 2,
            "text": "2 : 웅 키키 다행히 없는 거 같아 키키",
            "norm_text": "웅 키키 다행히 없는 거 같아 키키",
            "speaker": {
              "id": "2번",
              "sex": "여성",
              "age": "20대"
            },
            "speechAct": "(단언) 주장하기",
            "morpheme": "웅/IC+키/NNG+키/XSV+ETN+다행히/MAG+없/VA+는/ETM+거/NNB+같/VA+아/EC+키/NNG+키/XSV+ETN"
          },
          {
            "id": 3,
            "text": "1 : 오 다행이네 키키 나 요새 뭐 알러지가 자꾸 생겨",
            "norm_text": "오 다행이네 키키 나 요새 뭐 알러지가 자꾸 생겨",
            "speaker": {
              "id": "1번",
              "sex": "남성",
              "age": "20대"
            },
            "speechAct": "(단언) 진술하기",
            "morpheme": "오/NR+다행/NNG+이/JKS+네/MM+키/NNG+키나/XSA+ETN+JX+요새/MAG+뭐/IC+알/VV+러지/EF+가/JKS+자꾸/MAG+생겨/VV+EC"
          },
          {
            "id": 4,
            "text": "2 : 헐? 고양이 알러지 생긴 거?",
            "norm_text": "헐? 고양이 알러지 생긴 거?",
            "speaker": {
              "id": "2번",
              "sex": "여성",
              "age": "20대"
            },
            "speechAct": "(지시) 질문하기",
            "morpheme": "헐/IC+고양이/NNG+알/VV+러지/EF+생긴/VV+ETM+거/NNB"
          },
          {
            "id": 5,
            "text": "1 : 노노 고양이는 아닌데 어제도 뭘 들이켰는지 콧물... 휴",
            "norm_text": "노노 고양이는 아닌데 어제도 뭘 들이켰는지 콧물... 휴",
            "speaker": {
              "id": "1번",
              "sex": "남성",
              "age": "20대"
            },
            "speechAct": "(단언) 진술하기",
            "morpheme": "노노/IC+고양이/NNG+는/JX+아닌데/VCN+EC+어제/NNG+도/JX+뭘/NP+JKO+들이켰/VV+EP+는지/EC+콧물/NNG+./SY+./SY+휴/IC"
          },
          {
            "id": 6,
            "text": "2 : 알러지가 없다가도 후천적으로 많이 생긴다 하더라",
            "norm_text": "알러지가 없다가도 후천적으로 많이 생긴다 하더라",
            "speaker": {
              "id": "2번",
              "sex": "여성",
              "age": "20대"
            },
            "speechAct": "(단언) 진술하기",
            "morpheme": "알/VV+러지/EF+가/JKS+없/VA+다가/EC+도/JX+후천/NNG+적/XSN+으로/JKB+많이/MAG+생긴다/VV+EC+하/VV+더라/EC"
          },
          {
            "id": 7,
            "text": "1 : 그런가 봐 카고 내가 콧털이 많이 없거든?",
            "norm_text": "그런가 봐 카고 내가 콧털이 많이 없거든?",
            "speaker": {
              "id": "1번",
              "sex": "남성",
              "age": "20대"
            },
            "speechAct": "(단언) 주장하기",
            "morpheme": "그런가/VA+EC+봐/VX+EC+카/VX+고/EC+내/NP+가/JKS+콧털/UNKNOWN+이/JKS+많이/MAG+없/VA+거든/EF"
          },
          {
            "id": 8,
            "text": "2 : 헐 콧털 중요한데 ㅠ",
            "norm_text": "헐 콧털 중요한데 ㅠ",
            "speaker": {
              "id": "2번",
              "sex": "여성",
              "age": "20대"
            },
            "speechAct": "(단언) 주장하기",
            "morpheme": "헐콧털중요한데ㅠ/UNKNOWN"
          },
          {
            "id": 9,
            "text": "1 : 그래서 먼지를 잘 거르지를 못해 ㅜㅜ",
            "norm_text": "그래서 먼지를 잘 거르지를 못해 ㅜㅜ",
            "speaker": {
              "id": "1번",
              "sex": "남성",
              "age": "20대"
            },
            "speechAct": "(단언) 주장하기",
            "morpheme": "그래서/MAJ+먼지/NNG+를/JKO+잘/MAG+거르/VV+지/EC+를/JX+못해/VX+EC+ㅜㅜ/UNKNOWN"
          },
          {
            "id": 10,
            "text": "2 : ㅠㅠ 알러지 검사 한 번 해봐야겠네",
            "norm_text": "ㅠㅠ 알러지 검사 한 번 해봐야겠네",
            "speaker": {
              "id": "2번",
              "sex": "여성",
              "age": "20대"
            },
            "speechAct": "(단언) 주장하기",
            "morpheme": "ㅠㅠ/UNKNOWN+알/VV+러지/EF+검사/NNG+한번/NNG+해봐야/XSV+EC+VX+EC+VX+겠/EP+네/EF"
          },
          {
            "id": 11,
            "text": "1 : 어 찾아보니까 6만 원이면 하더라?",
            "norm_text": "어 찾아보니까 6만 원이면 하더라?",
            "speaker": {
              "id": "1번",
              "sex": "남성",
              "age": "20대"
            },
            "speechAct": "(단언) 진술하기",
            "morpheme": "어/IC+찾아보/VV+니까/EC+6/SN+만/NR+원/NNBC+이/VCP+면/EC+하/VX+더라/EF"
          },
          {
            "id": 12,
            "text": "2 : 오 생각보다 할 만 하네?",
            "norm_text": "오 생각보다 할 만 하네?",
            "speaker": {
              "id": "2번",
              "sex": "여성",
              "age": "20대"
            },
            "speechAct": "(단언) 주장하기",
            "morpheme": "오/NR+생각/NNG+보다/JKB+할/VV+ETM+만/NNB+하/XSA+네/EF"
          },
          {
            "id": 13,
            "text": "1 : 어 나도 비싼지 알았는데 찾아보니 뭐 저 정도면",
            "norm_text": "어 나도 비싼지 알았는데 찾아보니 뭐 저 정도면",
            "speaker": {
              "id": "1번",
              "sex": "남성",
              "age": "20대"
            },
            "speechAct": "(단언) 주장하기",
            "morpheme": "어/IC+나/NP+도/JX+비싼지/VA+EC+알/VV+았/EP+는데/EC+찾아보/VV+니/EC+뭐/IC+저/MM+정도/NNG+면/VCP+EC"
          },
          {
            "id": 14,
            "text": "2 : 키키 병원 어디가서 해보려고?",
            "norm_text": "키키 병원 어디가서 해보려고?",
            "speaker": {
              "id": "2번",
              "sex": "여성",
              "age": "20대"
            },
            "speechAct": "(지시) 질문하기",
            "morpheme": "키/NNG+키/NNG+병원/NNG+어디/NP+가/JKS+서해/NNP+보/VV+려고/EF"
          },
          {
            "id": 15,
            "text": "1 : 몰라 이제 찾아봐야지 키키 진짜 다 늙었나 몸뚱이",
            "norm_text": "몰라 이제 찾아봐야지 키키 진짜 다 늙었나 몸뚱이",
            "speaker": {
              "id": "1번",
              "sex": "남성",
              "age": "20대"
            },
            "speechAct": "(단언) 주장하기",
            "morpheme": "몰라/VV+EF+이제/MAG+찾/VV+아/EC+봐야/VX+EC+VV+지/EC+키/NNG+키/XSV+ETN+진짜/MAG+다/MAG+늙/VV+었/EP+나/EC+몸뚱이/NNG"
          },
          {
            "id": 16,
            "text": "2 : 키키 돈 들어갈데가 많아 지죠 키키",
            "norm_text": "키키 돈 들어갈데가 많아 지죠 키키",
            "speaker": {
              "id": "2번",
              "sex": "여성",
              "age": "20대"
            },
            "speechAct": "(단언) 주장하기",
            "morpheme": "키/NNG+키/NNG+돈/NNG+들어갈/VV+ETM+데/NNB+가/JKS+많/VA+아/EC+지/VX+죠/EF+키/NNG+키/XSV+ETN"
          }
        ]
      }
    }
  ]
}