{
  "dataset": {
    "identifier": 63392,
    "name": "KAKAO_911_02_set",
    "src_path": "/data/file/cubeManager/PROJECT001/53/txt20211005154123061681/KAKAO_911_02_set/",
    "label_path": "/data/file/cubeManager/PROJECT001/53/txt20211005154123061681/KAKAO_911_02_set/",
    "category": 2,
    "type": 0
  },
  "licenses": {
    "name": "Apache License 1.0",
    "url": "http://www.apache.org/licenses/LICENSE-1.0"
  },
  "info": [
    {
      "id": 41599,
      "filename": "KAKAO_911_02.txt",
      "title": "KAKAO_911_02",
      "mediatype": "SNS",
      "medianame": "카카오톡",
      "category": "일상대화",
      "date": "2021-10-05",
      "size": 497,
      "annotations": {
        "subject": "주거와 생활",
        "speaker_type": "1:1",
        "size": 497,
        "word_size": 156,
        "text": "1 : 울 동네 살 때 월세 얼마였지?\n2 : 얼마였지... 40내외였나? 기억도 안 난다...\n1 : 보증금은 얼마나 냈었지?\n2 : 보증금도 기억 전혀 안 난다 키키 늙었나 보다 키키\n1 : 집도 쪼매 났었는데 월세 셌었네 ㅠㅠ\n2 : 그 후에 1년 정도 지나고 걍 심심해서 방 구경하다가 내 살던데 봤는데 엄청 싸졌던데\n1 : 엄마랑 싸워서 경성대랑 수영 쪽에 원룸 알아보고 있거덩\n2 : 헐... 나오면 돈 많이 든다 ㅜㅜ\n1 : 맞다 보증금은 문제가 아닌데 월세가 부담돼서...\n2 : 월세도 월세지만 생활비 다하면 돈도 잘 안 모임 ㅜㅜ\n1 : 완전 구린 데는 보증금 100에 30짜리도 있긴 하더라 키키 고시원 수준\n2 : 헐... 난 시골에 살아보니까 이제 도시에서 생활 못하겠다 ㅋ 시골이 싸고 넓음 ㅋ\n1 : 시골 ㅠㅠ 난 이 동네에서 전세로 하기엔 또 돈이 없어...\n2 : 전세금 대출 그런 거 안됨?\n1 : 되긴 하는데 알아보기 귀찮네 키키\n2 : 알아 보고 서류 준비하고 그런 거 귀찮지 ㅎ",
        "lines": [
          {
            "id": 1,
            "text": "1 : 울 동네 살 때 월세 얼마였지?",
            "norm_text": "울 동네 살 때 월세 얼마였지?",
            "speaker": {
              "id": "1번",
              "sex": "여성",
              "age": "30대"
            },
            "speechAct": "(지시) 질문하기",
            "morpheme": "울/MM+동네/NNG+살/VV+ETM+때/NNG+월세/NNG+얼마/NNG+였/VCP+EP+지/EF"
          },
          {
            "id": 2,
            "text": "2 : 얼마였지... 40내외였나? 기억도 안 난다...",
            "norm_text": "얼마였지... 40내외였나? 기억도 안 난다...",
            "speaker": {
              "id": "2번",
              "sex": "여성",
              "age": "30대"
            },
            "speechAct": "(단언) 주장하기",
            "morpheme": "얼마/NNG+였/VCP+EP+지/EF+./SY+./SY+40/SN+내외/NNG+였/VCP+EP+나/EF+기억/NNG+도/JX+안/MAG+난다/VV+EF+./SY"
          },
          {
            "id": 3,
            "text": "1 : 보증금은 얼마나 냈었지?",
            "norm_text": "보증금은 얼마나 냈었지?",
            "speaker": {
              "id": "1번",
              "sex": "여성",
              "age": "30대"
            },
            "speechAct": "(지시) 질문하기",
            "morpheme": "보증금/NNG+은/JX+얼마나/MAG+냈었/VV+EP+지/EF"
          },
          {
            "id": 4,
            "text": "2 : 보증금도 기억 전혀 안 난다 키키 늙었나 보다 키키",
            "norm_text": "보증금도 기억 전혀 안 난다 키키 늙었나 보다 키키",
            "speaker": {
              "id": "2번",
              "sex": "여성",
              "age": "30대"
            },
            "speechAct": "(단언) 진술하기",
            "morpheme": "보증금/NNG+도/JX+기억/NNG+전혀/MAG+안/MAG+난/VV+ETM+다키키/NNP+늙/VV+었/EP+나/NP+보다/JKB+키/NNG+키/XSV+ETN"
          },
          {
            "id": 5,
            "text": "1 : 집도 쪼매 났었는데 월세 셌었네 ㅠㅠ",
            "norm_text": "집도 쪼매 났었는데 월세 셌었네 ㅠㅠ",
            "speaker": {
              "id": "1번",
              "sex": "여성",
              "age": "30대"
            },
            "speechAct": "(단언) 진술하기",
            "morpheme": "집/NNG+도/JX+쪼매/MAG+났었/VV+EP+는데/EC+월세/NNG+셌/VV+EP+었/EP+네/EF+ㅠㅠ/UNKNOWN"
          },
          {
            "id": 6,
            "text": "2 : 그 후에 1년 정도 지나고 걍 심심해서 방 구경하다가 내 살던데 봤는데 엄청 싸졌던데",
            "norm_text": "그 후에 1년 정도 지나고 걍 심심해서 방 구경하다가 내 살던데 봤는데 엄청 싸졌던데",
            "speaker": {
              "id": "2번",
              "sex": "여성",
              "age": "30대"
            },
            "speechAct": "(단언) 진술하기",
            "morpheme": "그/MM+후/NNG+에/JKB+1/SN+년/NNBC+정도/NNG+지나/VV+고/EC+걍/UNKNOWN+심심/XR+해서/XSA+EC+방/NNG+구경/NNG+하/XSV+다가/EC+내/VX+EC+살/VV+던데/EC+봤/VX+EP+는데/EC+엄청/MAG+싸/VV+EC+졌/VX+EP+던데/EC"
          },
          {
            "id": 7,
            "text": "1 : 엄마랑 싸워서 경성대랑 수영 쪽에 원룸 알아보고 있거덩",
            "norm_text": "엄마랑 싸워서 경성대랑 수영 쪽에 원룸 알아보고 있거덩",
            "speaker": {
              "id": "1번",
              "sex": "여성",
              "age": "30대"
            },
            "speechAct": "(단언) 주장하기",
            "morpheme": "엄마/NNG+랑/JKB+싸워서/VV+EC+경성/NNP+대랑/NNP+수영/NNG+쪽/NNB+에/JKB+원룸/NNG+알아보/VV+고/EC+있/VX+거덩/EC"
          },
          {
            "id": 8,
            "text": "2 : 헐... 나오면 돈 많이 든다 ㅜㅜ",
            "norm_text": "헐... 나오면 돈 많이 든다 ㅜㅜ",
            "speaker": {
              "id": "2번",
              "sex": "여성",
              "age": "30대"
            },
            "speechAct": "(단언) 주장하기",
            "morpheme": "헐/IC+./SY+나오/VV+면/EC+돈/NNG+많이/MAG+든다/VV+EC+ㅜㅜ/UNKNOWN"
          },
          {
            "id": 9,
            "text": "1 : 맞다 보증금은 문제가 아닌데 월세가 부담돼서...",
            "norm_text": "맞다 보증금은 문제가 아닌데 월세가 부담돼서...",
            "speaker": {
              "id": "1번",
              "sex": "여성",
              "age": "30대"
            },
            "speechAct": "(단언) 진술하기",
            "morpheme": "맞/VV+다/EC+보증금/NNG+은/JX+문제/NNG+가/JKC+아닌데/VCN+EC+월세/NNG+가/JKS+부담/NNG+돼서/XSV+EF+./SY"
          },
          {
            "id": 10,
            "text": "2 : 월세도 월세지만 생활비 다하면 돈도 잘 안 모임 ㅜㅜ",
            "norm_text": "월세도 월세지만 생활비 다하면 돈도 잘 안 모임 ㅜㅜ",
            "speaker": {
              "id": "2번",
              "sex": "여성",
              "age": "30대"
            },
            "speechAct": "(단언) 주장하기",
            "morpheme": "월세/NNG+도/JX+월세/NNG+지만/VCP+EC+생활비/NNG+다/MAG+하/VV+면/EC+돈/NNG+도/JX+잘/MAG+안/MAG+모임/NNG+ㅜㅜ/UNKNOWN"
          },
          {
            "id": 11,
            "text": "1 : 완전 구린 데는 보증금 100에 30짜리도 있긴 하더라 키키 고시원 수준",
            "norm_text": "완전 구린 데는 보증금 100에 30짜리도 있긴 하더라 키키 고시원 수준",
            "speaker": {
              "id": "1번",
              "sex": "여성",
              "age": "30대"
            },
            "speechAct": "(단언) 진술하기",
            "morpheme": "완전/MAG+구린/VA+ETM+데/NNB+는/JX+보증금/NNG+100/SN+에/JKB+30/SN+짜리/XSN+도/JX+있/VX+긴/ETN+JX+하/VX+더라/EF+키키/NNP+고시원/NNP+수준/NNG"
          },
          {
            "id": 12,
            "text": "2 : 헐... 난 시골에 살아보니까 이제 도시에서 생활 못하겠다 ㅋ 시골이 싸고 넓음 ㅋ",
            "norm_text": "헐... 난 시골에 살아보니까 이제 도시에서 생활 못하겠다 ㅋ 시골이 싸고 넓음 ㅋ",
            "speaker": {
              "id": "2번",
              "sex": "여성",
              "age": "30대"
            },
            "speechAct": "(단언) 진술하기",
            "morpheme": "헐/IC+./SY+난/NP+JX+시골/NNG+에/JKB+살/VV+아/EC+보/VX+니까/EC+이제/MAG+도시/NNG+에서/JKB+생활/NNG+못/MAG+하/VV+겠/EP+다ㅋ/UNKNOWN+시골/NNG+이/JKS+싸/VA+고/EC+넓/VA+음ㅋ/UNKNOWN"
          },
          {
            "id": 13,
            "text": "1 : 시골 ㅠㅠ 난 이 동네에서 전세로 하기엔 또 돈이 없어...",
            "norm_text": "시골 ㅠㅠ 난 이 동네에서 전세로 하기엔 또 돈이 없어...",
            "speaker": {
              "id": "1번",
              "sex": "여성",
              "age": "30대"
            },
            "speechAct": "(단언) 진술하기",
            "morpheme": "시골/NNG+ㅠㅠ/UNKNOWN+난/NP+JX+이/MM+동네/NNG+에서/JKB+전세/NNG+로/JKB+하/VV+기/ETN+엔/JKB+JX+또/MAG+돈/NNG+이/JKS+없/VA+어/EF+./SY"
          },
          {
            "id": 14,
            "text": "2 : 전세금 대출 그런 거 안됨?",
            "norm_text": "전세금 대출 그런 거 안됨?",
            "speaker": {
              "id": "2번",
              "sex": "여성",
              "age": "30대"
            },
            "speechAct": "(지시) 질문하기",
            "morpheme": "전세금/NNG+대출/NNG+그런/MM+거/NNB+안/MAG+됨/VV+ETN"
          },
          {
            "id": 15,
            "text": "1 : 되긴 하는데 알아보기 귀찮네 키키",
            "norm_text": "되긴 하는데 알아보기 귀찮네 키키",
            "speaker": {
              "id": "1번",
              "sex": "여성",
              "age": "30대"
            },
            "speechAct": "(단언) 주장하기",
            "morpheme": "되/VV+긴/ETN+JX+하/VX+는/ETM+데/NNB+알아보/VV+기/ETN+귀찮/VA+네/EF+키/NNG+키/XSV+ETN"
          },
          {
            "id": 16,
            "text": "2 : 알아 보고 서류 준비하고 그런 거 귀찮지 ㅎ",
            "norm_text": "알아 보고 서류 준비하고 그런 거 귀찮지 ㅎ",
            "speaker": {
              "id": "2번",
              "sex": "여성",
              "age": "30대"
            },
            "speechAct": "(단언) 주장하기",
            "morpheme": "알아보/VV+고/EC+서류/NNG+준비/NNG+하/XSV+고/EC+그런/MM+거/NNB+귀찮/VA+지/EF+ㅎ/XSA"
          }
        ]
      }
    }
  ]
}