{
  "dataset": {
    "identifier": 45542,
    "name": "KAKAO_948_16_set",
    "src_path": "/data/file/cubeManager/PROJECT001/53/txt20211005162048067111/KAKAO_948_16_set/",
    "label_path": "/data/file/cubeManager/PROJECT001/53/txt20211005162048067111/KAKAO_948_16_set/",
    "category": 2,
    "type": 0
  },
  "licenses": {
    "name": "Apache License 1.0",
    "url": "http://www.apache.org/licenses/LICENSE-1.0"
  },
  "info": [
    {
      "id": 42133,
      "filename": "KAKAO_948_16.txt",
      "title": "KAKAO_948_16",
      "mediatype": "SNS",
      "medianame": "카카오톡",
      "category": "일상대화",
      "date": "2021-10-05",
      "size": 537,
      "annotations": {
        "subject": "미용",
        "speaker_type": "1:1",
        "size": 537,
        "word_size": 188,
        "text": "1 : 너 영구 레이저 제모 받아본 적 있나\n2 : 겨드랑이 레이저 제모 받아 본 적 있어 키키 너는?\n1 : 오오 나도 키키 나는 팔다리도 같이 했어\n2 : 키키 너 몸에 털이 많았어?\n1 : 음... 응 키키 그래서 엄청 스트레스였지 ㅜㅜ\n2 : 엥? 나는 너 몸에 털이 많은지 전혀 몰랐네 키키\n2 : 효과 크지?\n1 : 응응 키키 지금 10년 지났는데도 털 어쩌다 하나 난다 키키\n2 : 엄청 오래전에 받았네?\n2 : 나는 한 4년 정도 됐는데 나도 그리 많이 나지 않더라고 이제는 키키\n1 : 아아 그치 키키 새로운 인생을 찾은 듯 키키\n1 : 너 그럼 왁싱은 해봤어?\n2 : 왁싱은 안 해봤어 키키 혹시\n2 : 너는 해봤어?\n1 : 키키 응 난 진짜 내 몸에 털이 없길 바라나 봐 키키\n2 : 웃겨 키키 왁싱은 어느 부위 해봤는데?\n1 : 키키 니가 상상할 법한 거기도 해봤지\n2 : 진짜? 키키\n2 : 나중에 거기 날 때 괴롭다던데?\n1 : 난 그래서 꾸준히 하는 편이야 키키\n1 : 편해 엄청 키키\n2 : 아 현재도 하고 있구나 키키\n2 : 나도 요즘 한 번 해보고 싶다는 생각 들더라",
        "lines": [
          {
            "id": 1,
            "text": "1 : 너 영구 레이저 제모 받아본 적 있나",
            "norm_text": "너 영구 레이저 제모 받아본 적 있나",
            "speaker": {
              "id": "1번",
              "sex": "여성",
              "age": "30대"
            },
            "speechAct": "(지시) 질문하기",
            "morpheme": "너/NP+영구/NNG+레이저/NNG+제모/NNG+받/VV+아/EC+본/VX+ETM+적/NNB+있/VA+나/EC"
          },
          {
            "id": 2,
            "text": "2 : 겨드랑이 레이저 제모 받아 본 적 있어 키키 너는?",
            "norm_text": "겨드랑이 레이저 제모 받아 본 적 있어 키키 너는?",
            "speaker": {
              "id": "2번",
              "sex": "여성",
              "age": "30대"
            },
            "speechAct": "(지시) 질문하기",
            "morpheme": "겨드랑/NNG+이/JKS+레이저/NNG+제모/NNG+받/VV+아/EC+본/VX+ETM+적/NNB+있/VA+어/EC+키/NNG+키/XSV+ETN+너/NP+는/JX"
          },
          {
            "id": 3,
            "text": "1 : 오오 나도 키키 나는 팔다리도 같이 했어",
            "norm_text": "오오 나도 키키 나는 팔다리도 같이 했어",
            "speaker": {
              "id": "1번",
              "sex": "여성",
              "age": "30대"
            },
            "speechAct": "(단언) 주장하기",
            "morpheme": "오오/IC+나/NP+도/JX+키/NNG+키나/XSA+ETN+JX+는/JX+팔다리/NNG+도/JX+같이/MAG+했/VV+EP+어/EC"
          },
          {
            "id": 4,
            "text": "2 : 키키 너 몸에 털이 많았어?",
            "norm_text": "키키 너 몸에 털이 많았어?",
            "speaker": {
              "id": "2번",
              "sex": "여성",
              "age": "30대"
            },
            "speechAct": "(지시) 질문하기",
            "morpheme": "키/NNG+키너/NNP+몸/NNG+에/JKB+털/NNG+이/JKS+많/VA+았/EP+어/EF"
          },
          {
            "id": 5,
            "text": "1 : 음... 응 키키 그래서 엄청 스트레스였지 ㅜㅜ",
            "norm_text": "음... 응 키키 그래서 엄청 스트레스였지 ㅜㅜ",
            "speaker": {
              "id": "1번",
              "sex": "여성",
              "age": "30대"
            },
            "speechAct": "(단언) 주장하기",
            "morpheme": "음/IC+./SY+응/IC+키/NNG+키/XSV+ETN+그래서/MAJ+엄청/MAG+스트레스/NNG+였/VCP+EP+지/EF+ㅜㅜ/UNKNOWN"
          },
          {
            "id": 6,
            "text": "2 : 엥? 나는 너 몸에 털이 많은지 전혀 몰랐네 키키",
            "norm_text": "엥? 나는 너 몸에 털이 많은지 전혀 몰랐네 키키",
            "speaker": {
              "id": "2번",
              "sex": "여성",
              "age": "30대"
            },
            "speechAct": "(단언) 주장하기",
            "morpheme": "엥/IC+나/NP+는/JX+너/NP+몸/NNG+에/JKB+털/NNG+이/JKS+많/VA+은지/EC+전혀/MAG+몰랐/VV+EP+네/EF+키/NNG+키/XSV+ETN"
          },
          {
            "id": 7,
            "text": "2 : 효과 크지?",
            "norm_text": "효과 크지?",
            "speaker": {
              "id": "2번",
              "sex": "여성",
              "age": "30대"
            },
            "speechAct": "(지시) 질문하기",
            "morpheme": "효과/NNG+크/VA+지/EF"
          },
          {
            "id": 8,
            "text": "1 : 응응 키키 지금 10년 지났는데도 털 어쩌다 하나 난다 키키",
            "norm_text": "응응 키키 지금 10년 지났는데도 털 어쩌다 하나 난다 키키",
            "speaker": {
              "id": "1번",
              "sex": "여성",
              "age": "30대"
            },
            "speechAct": "(단언) 주장하기",
            "morpheme": "응/IC+응/IC+키/NNG+키/NNG+지금/MAG+10/SN+년/NNBC+지났/VV+EP+는데도/EC+털/VV+ETM+어쩌다/MAJ+하나/NR+난/NP+JX+다키키/NNP"
          },
          {
            "id": 9,
            "text": "2 : 엄청 오래전에 받았네?",
            "norm_text": "엄청 오래전에 받았네?",
            "speaker": {
              "id": "2번",
              "sex": "여성",
              "age": "30대"
            },
            "speechAct": "(지시) 질문하기",
            "morpheme": "엄청/MAG+오래/MAG+전/NNG+에/JKB+받/VV+았/EP+네/EF"
          },
          {
            "id": 10,
            "text": "2 : 나는 한 4년 정도 됐는데 나도 그리 많이 나지 않더라고 이제는 키키",
            "norm_text": "나는 한 4년 정도 됐는데 나도 그리 많이 나지 않더라고 이제는 키키",
            "speaker": {
              "id": "2번",
              "sex": "여성",
              "age": "30대"
            },
            "speechAct": "(단언) 주장하기",
            "morpheme": "나/NP+는/JX+한/MM+4/SN+년/NNBC+정도/NNG+됐/XSV+EP+는데/EC+나/NP+도/JX+그리/MAG+많이/MAG+나/VV+지/EC+않/VX+더라고/EC+이제/NNG+는/JX+키/NNG+키/XSV+ETN"
          },
          {
            "id": 11,
            "text": "1 : 아아 그치 키키 새로운 인생을 찾은 듯 키키",
            "norm_text": "아아 그치 키키 새로운 인생을 찾은 듯 키키",
            "speaker": {
              "id": "1번",
              "sex": "여성",
              "age": "30대"
            },
            "speechAct": "(단언) 주장하기",
            "morpheme": "아아/IC+그치/IC+키/NNG+키/XSV+ETN+새로운/VA+ETM+인생/NNG+을/JKO+찾/VV+은/ETM+듯/NNB+키/NNG+키/XSV+ETN"
          },
          {
            "id": 12,
            "text": "1 : 너 그럼 왁싱은 해봤어?",
            "norm_text": "너 그럼 왁싱은 해봤어?",
            "speaker": {
              "id": "1번",
              "sex": "여성",
              "age": "30대"
            },
            "speechAct": "(지시) 질문하기",
            "morpheme": "너/NP+그럼/MAJ+왁/MAG+싱/NNP+은/JX+해/VV+EC+봤/VX+EP+어/EF"
          },
          {
            "id": 13,
            "text": "2 : 왁싱은 안 해봤어 키키 혹시",
            "norm_text": "왁싱은 안 해봤어 키키 혹시",
            "speaker": {
              "id": "2번",
              "sex": "여성",
              "age": "30대"
            },
            "speechAct": "(단언) 주장하기",
            "morpheme": "왁/MAG+싱/NNP+은/JX+안/MAG+해/VV+EC+봤/VX+EP+어/EC+키/NNG+키/XSV+ETN+혹시/MAG"
          },
          {
            "id": 14,
            "text": "2 : 너는 해봤어?",
            "norm_text": "너는 해봤어?",
            "speaker": {
              "id": "2번",
              "sex": "여성",
              "age": "30대"
            },
            "speechAct": "(지시) 질문하기",
            "morpheme": "너/NP+는/JX+해/VV+EC+봤/VX+EP+어/EF"
          },
          {
            "id": 15,
            "text": "1 : 키키 응 난 진짜 내 몸에 털이 없길 바라나 봐 키키",
            "norm_text": "키키 응 난 진짜 내 몸에 털이 없길 바라나 봐 키키",
            "speaker": {
              "id": "1번",
              "sex": "여성",
              "age": "30대"
            },
            "speechAct": "(단언) 주장하기",
            "morpheme": "키/NNG+키/XSV+ETN+응/IC+난/NP+JX+진짜/MAG+내/NP+JKG+몸/NNG+에/JKB+털/NNG+이/JKS+없/VA+길/ETN+JKO+바라/VV+나/EC+봐/VX+EF+키/NNG+키/XSV+ETN"
          },
          {
            "id": 16,
            "text": "2 : 웃겨 키키 왁싱은 어느 부위 해봤는데?",
            "norm_text": "웃겨 키키 왁싱은 어느 부위 해봤는데?",
            "speaker": {
              "id": "2번",
              "sex": "여성",
              "age": "30대"
            },
            "speechAct": "(지시) 질문하기",
            "morpheme": "웃겨/VV+EC+키/NNG+키/NNG+왁/MAG+싱/NNP+은/JX+어느/MM+부위/NNG+해/XSV+EC+봤/VX+EP+는데/EF"
          },
          {
            "id": 17,
            "text": "1 : 키키 니가 상상할 법한 거기도 해봤지",
            "norm_text": "키키 니가 상상할 법한 거기도 해봤지",
            "speaker": {
              "id": "1번",
              "sex": "여성",
              "age": "30대"
            },
            "speechAct": "(단언) 주장하기",
            "morpheme": "키/NNG+키/XSV+ETN+니/NP+가/JKS+상상/NNG+할/XSV+ETM+법/NNG+한/XSA+ETM+거기/NP+도/JX+해/VV+EC+봤/VX+EP+지/EC"
          },
          {
            "id": 18,
            "text": "2 : 진짜? 키키",
            "norm_text": "진짜? 키키",
            "speaker": {
              "id": "2번",
              "sex": "여성",
              "age": "30대"
            },
            "speechAct": "(지시) 질문하기",
            "morpheme": "진짜/MAG+키/NNG+키/XSV+ETN"
          },
          {
            "id": 19,
            "text": "2 : 나중에 거기 날 때 괴롭다던데?",
            "norm_text": "나중에 거기 날 때 괴롭다던데?",
            "speaker": {
              "id": "2번",
              "sex": "여성",
              "age": "30대"
            },
            "speechAct": "(단언) 주장하기",
            "morpheme": "나중/NNG+에/JKB+거기/NP+날/NNG+때/NNG+괴롭/VA+다던데/EF"
          },
          {
            "id": 20,
            "text": "1 : 난 그래서 꾸준히 하는 편이야 키키",
            "norm_text": "난 그래서 꾸준히 하는 편이야 키키",
            "speaker": {
              "id": "1번",
              "sex": "여성",
              "age": "30대"
            },
            "speechAct": "(단언) 주장하기",
            "morpheme": "난/NP+JX+그래서/MAJ+꾸준히/MAG+하/VV+는/ETM+편/NNB+이/VCP+야/EC+키/NNG+키/XSV+ETN"
          },
          {
            "id": 21,
            "text": "1 : 편해 엄청 키키",
            "norm_text": "편해 엄청 키키",
            "speaker": {
              "id": "1번",
              "sex": "여성",
              "age": "30대"
            },
            "speechAct": "(단언) 주장하기",
            "morpheme": "편해/VA+EC+엄청/MAG+키/NNG+키/XSV+ETN"
          },
          {
            "id": 22,
            "text": "2 : 아 현재도 하고 있구나 키키",
            "norm_text": "아 현재도 하고 있구나 키키",
            "speaker": {
              "id": "2번",
              "sex": "여성",
              "age": "30대"
            },
            "speechAct": "(단언) 주장하기",
            "morpheme": "아/IC+현재/NNG+도/JX+하/VV+고/EC+있/VX+구나/EF+키/NNG+키/XSV+ETN"
          },
          {
            "id": 23,
            "text": "2 : 나도 요즘 한 번 해보고 싶다는 생각 들더라",
            "norm_text": "나도 요즘 한 번 해보고 싶다는 생각 들더라",
            "speaker": {
              "id": "2번",
              "sex": "여성",
              "age": "30대"
            },
            "speechAct": "(단언) 주장하기",
            "morpheme": "나/NP+도/JX+요즘/MAG+한/MM+번/NNBC+해/VV+EC+보/VX+고/EC+싶/VX+다는/ETM+생각/NNG+들/XSN+더라/VCP+EC"
          }
        ]
      }
    }
  ]
}