{
  "dataset": {
    "identifier": 58295,
    "name": "KAKAO_997_03_set",
    "src_path": "/data/file/cubeManager/PROJECT001/53/txt20211006140435071253/KAKAO_997_03_set/",
    "label_path": "/data/file/cubeManager/PROJECT001/53/txt20211006140435071253/KAKAO_997_03_set/",
    "category": 2,
    "type": 0
  },
  "licenses": {
    "name": "Apache License 1.0",
    "url": "http://www.apache.org/licenses/LICENSE-1.0"
  },
  "info": [
    {
      "id": 45334,
      "filename": "KAKAO_997_03.txt",
      "title": "KAKAO_997_03",
      "mediatype": "SNS",
      "medianame": "카카오톡",
      "category": "일상대화",
      "date": "2021-10-06",
      "size": 508,
      "annotations": {
        "subject": "교통",
        "speaker_type": "1:1",
        "size": 508,
        "word_size": 161,
        "text": "1 : 니는 국내서 비행기 자주 타는 편이가?\n2 : 아닝 키키 국내에서는 제주도 갈 때 빼고 한 번도 안 타봤네\n1 : 나는 제주도 가는 거 말고 국내선은 타본 적이 없네 ㅜㅜ\n2 : 응 거리도 그렇고 굳이 탈 일이 없는 것 같아\n1 : 키키 서울에서 부산까지는 비행기가 더 싸다는 말도 있던데? 키키\n2 : 비행기 타면 가깝다고 하는데... 아무래도 멀리서 내리니까 ㅠㅠ\n1 : KTX 서울서 부산까지 타면 비싸잖아 ㅜㅜ\n2 : 창원까지 5만 초반 정도 하지? 키키\n1 : 그래... 공항에서 시내까지는 접근성도 떨어지긴 해 ㅜ\n2 : 응... 서울 가서도 공항에서 내가 볼일 볼 곳은 주로 강남인데\n1 : 아... ㅜㅜ 멀지... 공항버스 있다고 해도... 불편해 ㅜ\n2 : 거기까지 시간이 더 오래 걸릴 듯 ㅠㅠ\n1 : 그니까 키키 딱 공항까지만 가까움 키키\n2 : 응 키키 결국 그 시간 하면 ktx랑 똑같은 듯\n1 : 그래도 담에 부산 갈 일 있으면 뱅기 타고 가보고 싶긴 하네 키키\n2 : 괜히 이리저리 귀찮기만 하지 키키",
        "lines": [
          {
            "id": 1,
            "text": "1 : 니는 국내서 비행기 자주 타는 편이가?",
            "norm_text": "니는 국내서 비행기 자주 타는 편이가?",
            "speaker": {
              "id": "1번",
              "sex": "여성",
              "age": "30대"
            },
            "speechAct": "(지시) 질문하기",
            "morpheme": "니/NP+는/JX+국내/NNG+서/JKB+비행기/NNG+자주/MAG+타/VV+는/ETM+편이/NNG+가/JKS"
          },
          {
            "id": 2,
            "text": "2 : 아닝 키키 국내에서는 제주도 갈 때 빼고 한 번도 안 타봤네",
            "norm_text": "아닝 키키 국내에서는 제주도 갈 때 빼고 한 번도 안 타봤네",
            "speaker": {
              "id": "2번",
              "sex": "여성",
              "age": "30대"
            },
            "speechAct": "(단언) 진술하기",
            "morpheme": "아닝/NNP+키키/NNP+국내/NNG+에서/JKB+는/JX+제주/NNP+도/JX+갈/VV+ETM+때/NNG+빼/VV+고/EC+한/MM+번/NNBC+도/JX+안/MAG+타/VV+EC+봤/VX+EP+네/EF"
          },
          {
            "id": 3,
            "text": "1 : 나는 제주도 가는 거 말고 국내선은 타본 적이 없네 ㅜㅜ",
            "norm_text": "나는 제주도 가는 거 말고 국내선은 타본 적이 없네 ㅜㅜ",
            "speaker": {
              "id": "1번",
              "sex": "여성",
              "age": "30대"
            },
            "speechAct": "(단언) 진술하기",
            "morpheme": "나/NP+는/JX+제주/NNP+도/JX+가/VV+는/ETM+거/NNB+말/VV+고/EC+국내선/NNG+은/JX+타/VV+본/EC+VX+ETM+적/NNB+이/JKS+없/VA+네/EF+ㅜㅜ/UNKNOWN"
          },
          {
            "id": 4,
            "text": "2 : 응 거리도 그렇고 굳이 탈 일이 없는 것 같아",
            "norm_text": "응 거리도 그렇고 굳이 탈 일이 없는 것 같아",
            "speaker": {
              "id": "2번",
              "sex": "여성",
              "age": "30대"
            },
            "speechAct": "(단언) 진술하기",
            "morpheme": "응/IC+거리/NNG+도/JX+그렇/VA+고/EC+굳이/MAG+탈일/NNG+이/JKS+없/VA+는/ETM+것/NNB+같/VA+아/EC"
          },
          {
            "id": 5,
            "text": "1 : 키키 서울에서 부산까지는 비행기가 더 싸다는 말도 있던데? 키키",
            "norm_text": "키키 서울에서 부산까지는 비행기가 더 싸다는 말도 있던데? 키키",
            "speaker": {
              "id": "1번",
              "sex": "여성",
              "age": "30대"
            },
            "speechAct": "(단언) 진술하기",
            "morpheme": "키키/NNP+서울/NNP+에서/JKB+부산/NNP+까지/JX+는/JX+비행기/NNG+가/JKS+더/MAG+싸/VA+다는/ETM+말/NNG+도/JX+있/VA+던데/EF+키/NNG+키/XSV+ETN"
          },
          {
            "id": 6,
            "text": "2 : 비행기 타면 가깝다고 하는데... 아무래도 멀리서 내리니까 ㅠㅠ",
            "norm_text": "비행기 타면 가깝다고 하는데... 아무래도 멀리서 내리니까 ㅠㅠ",
            "speaker": {
              "id": "2번",
              "sex": "여성",
              "age": "30대"
            },
            "speechAct": "(단언) 진술하기",
            "morpheme": "비행기/NNG+타/VV+면/EC+가깝/VA+다고/EC+하/VV+는데/EC+./SY+./SY+아무래도/MAG+멀리서/MAG+내리/VV+니까/EC+ㅠㅠ/UNKNOWN"
          },
          {
            "id": 7,
            "text": "1 : KTX 서울서 부산까지 타면 비싸잖아 ㅜㅜ",
            "norm_text": "KTX 서울서 부산까지 타면 비싸잖아 ㅜㅜ",
            "speaker": {
              "id": "1번",
              "sex": "여성",
              "age": "30대"
            },
            "speechAct": "(단언) 진술하기",
            "morpheme": "KTX/SL+서울/NNP+서/JKB+부산/NNP+까지/JX+타/VV+면/EC+비싸/VA+잖아/EF+ㅜㅜ/UNKNOWN"
          },
          {
            "id": 8,
            "text": "2 : 창원까지 5만 초반 정도 하지? 키키",
            "norm_text": "창원까지 5만 초반 정도 하지? 키키",
            "speaker": {
              "id": "2번",
              "sex": "여성",
              "age": "30대"
            },
            "speechAct": "(단언) 진술하기",
            "morpheme": "창원/NNP+까지/JX+5/SN+만/NR+초반/NNG+정도/NNG+하/XSA+지/EF+키/NNG+키/XSV+ETN"
          },
          {
            "id": 9,
            "text": "1 : 그래... 공항에서 시내까지는 접근성도 떨어지긴 해 ㅜ",
            "norm_text": "그래... 공항에서 시내까지는 접근성도 떨어지긴 해 ㅜ",
            "speaker": {
              "id": "1번",
              "sex": "여성",
              "age": "30대"
            },
            "speechAct": "(단언) 진술하기",
            "morpheme": "그래/IC+./SY+공항/NNG+에서/JKB+시내/NNG+까지/JX+는/JX+접근/NNG+성/XSN+도/JX+떨어지/VV+긴/ETN+JX+해ㅜ/UNKNOWN"
          },
          {
            "id": 10,
            "text": "2 : 응... 서울 가서도 공항에서 내가 볼일 볼 곳은 주로 강남인데",
            "norm_text": "응... 서울 가서도 공항에서 내가 볼일 볼 곳은 주로 강남인데",
            "speaker": {
              "id": "2번",
              "sex": "여성",
              "age": "30대"
            },
            "speechAct": "(단언) 진술하기",
            "morpheme": "응/IC+./SY+./SY+서울/NNP+가서도/NNP+공항/NNG+에서/JKB+내/NP+가/JKS+볼일/NNG+볼/VV+ETM+곳/NNG+은/JX+주로/MAG+강/NNG+남인데/VV+ETN+VCP+EC"
          },
          {
            "id": 11,
            "text": "1 : 아... ㅜㅜ 멀지... 공항버스 있다고 해도... 불편해 ㅜ",
            "norm_text": "아... ㅜㅜ 멀지... 공항버스 있다고 해도... 불편해 ㅜ",
            "speaker": {
              "id": "1번",
              "sex": "여성",
              "age": "30대"
            },
            "speechAct": "(단언) 주장하기",
            "morpheme": "아/IC+./SY+ㅜㅜ/UNKNOWN+멀/VA+지/EF+./SY+공항버스/NNG+있/VV+다고/EC+해도/VX+EF+./SY+불편해ㅜ/UNKNOWN"
          },
          {
            "id": 12,
            "text": "2 : 거기까지 시간이 더 오래 걸릴 듯 ㅠㅠ",
            "norm_text": "거기까지 시간이 더 오래 걸릴 듯 ㅠㅠ",
            "speaker": {
              "id": "2번",
              "sex": "여성",
              "age": "30대"
            },
            "speechAct": "(단언) 진술하기",
            "morpheme": "거기/NP+까지/JX+시간/NNG+이/JKS+더/MAG+오래/MAG+걸릴/VV+ETM+듯/NNB+ㅠㅠ/UNKNOWN"
          },
          {
            "id": 13,
            "text": "1 : 그니까 키키 딱 공항까지만 가까움 키키",
            "norm_text": "그니까 키키 딱 공항까지만 가까움 키키",
            "speaker": {
              "id": "1번",
              "sex": "여성",
              "age": "30대"
            },
            "speechAct": "(단언) 진술하기",
            "morpheme": "그니까/MAJ+키/NNG+키/XSV+ETN+딱/MAG+공항/NNG+까지/JX+만/JX+가까움/VA+ETN+키/NNG+키/XSV+ETN"
          },
          {
            "id": 14,
            "text": "2 : 응 키키 결국 그 시간 하면 ktx랑 똑같은 듯",
            "norm_text": "응 키키 결국 그 시간 하면 ktx랑 똑같은 듯",
            "speaker": {
              "id": "2번",
              "sex": "여성",
              "age": "30대"
            },
            "speechAct": "(단언) 주장하기",
            "morpheme": "응/IC+키/NNG+키/XSV+ETN+결국/MAG+그/MM+시간/NNG+하/XSV+면/EC+ktx/SL+랑/JKB+똑같/VA+은/ETM+듯/NNB"
          },
          {
            "id": 15,
            "text": "1 : 그래도 담에 부산 갈 일 있으면 뱅기 타고 가보고 싶긴 하네 키키",
            "norm_text": "그래도 담에 부산 갈 일 있으면 뱅기 타고 가보고 싶긴 하네 키키",
            "speaker": {
              "id": "1번",
              "sex": "여성",
              "age": "30대"
            },
            "speechAct": "(단언) 주장하기",
            "morpheme": "그래도/MAJ+담/NNG+에/JKB+부산/NNP+갈일/NNG+있/VV+으면/EC+뱅/MAG+기타고/NNP+가/JKS+보/VV+고/EC+싶/VX+긴/ETN+JX+하/VX+네/EF+키/NNG+키/XSV+ETN"
          },
          {
            "id": 16,
            "text": "2 : 괜히 이리저리 귀찮기만 하지 키키",
            "norm_text": "괜히 이리저리 귀찮기만 하지 키키",
            "speaker": {
              "id": "2번",
              "sex": "여성",
              "age": "30대"
            },
            "speechAct": "(단언) 주장하기",
            "morpheme": "괜히/MAG+이리저리/MAG+귀찮/VA+기/ETN+만/JX+하/VV+지/EC+키/NNG+키/XSV+ETN"
          }
        ]
      }
    }
  ]
}