{
  "dataset": {
    "identifier": 49674,
    "name": "KAKAO_955_14_set",
    "src_path": "/data/file/cubeManager/PROJECT001/53/txt20211005163623078337/KAKAO_955_14_set/",
    "label_path": "/data/file/cubeManager/PROJECT001/53/txt20211005163623078337/KAKAO_955_14_set/",
    "category": 2,
    "type": 0
  },
  "licenses": {
    "name": "Apache License 1.0",
    "url": "http://www.apache.org/licenses/LICENSE-1.0"
  },
  "info": [
    {
      "id": 42612,
      "filename": "KAKAO_955_14.txt",
      "title": "KAKAO_955_14",
      "mediatype": "SNS",
      "medianame": "카카오톡",
      "category": "일상대화",
      "date": "2021-10-05",
      "size": 470,
      "annotations": {
        "subject": "사회이슈",
        "speaker_type": "1:1",
        "size": 470,
        "word_size": 146,
        "text": "1 : 경제뉴스 보니까 그린플레이션 투자시장에 관심이 쏠리고 있대 키키\n2 : 투자시장에? 우리도 해야 되나 키키\n1 : 그린플레이션이 뭐냐면 산업금속 수요가 늘면서 해당 원자재가가 상승하는 거라고 하더라 키키\n2 : 그쪽으로 투자하면 돈 좀 버는가?\n1 : 글쎄 또 잘 알아보고 해야겠지 ㅠㅠ\n2 : ㅜㅜ 니 주변에 주식이나 코인 쪽으로 아는 사람 없나?\n1 : 엉 ㅠㅠ 다 그냥 개미들밖에 없다\n2 : ㅠㅠ 나도 돈 좀 벌고 싶은데 아는 사람이 없노\n1 : 지금 코로나도 다 연관이 있는 것 같다 ㅠㅠ\n2 : ㅠㅠ 코로나 때문에 피해가 너무 많타\n1 : 그러니까 빨리 다시 경제가 일어서야 개미들이 일어선다 키키\n2 : 키키 개미들 키키 맞다 빨리 경제가 살아야 하는데\n1 : 키키 모두가 잘사는 날이 왔으면 좋겠다\n2 : 카이 ㅜ 언제 성공하고 편하게 살겠노\n1 : 키키 노력하는 개미가 되자 아까 말한 거 그것쫌 알아봐야겠다\n2 : 키키 개미는 열심히 일해야지",
        "lines": [
          {
            "id": 1,
            "text": "1 : 경제뉴스 보니까 그린플레이션 투자시장에 관심이 쏠리고 있대 키키",
            "norm_text": "경제뉴스 보니까 그린플레이션 투자시장에 관심이 쏠리고 있대 키키",
            "speaker": {
              "id": "1번",
              "sex": "여성",
              "age": "20대"
            },
            "speechAct": "(단언) 진술하기",
            "morpheme": "경제/NNG+뉴스/NNG+보/VV+니까/EC+그린/VV+ETM+플레이/NNG+션/NNG+투자/NNG+시장/NNG+에/JKB+관심/NNG+이/JKS+쏠리/VV+고/EC+있/VX+대/EF+키/NNG+키/XSV+ETN"
          },
          {
            "id": 2,
            "text": "2 : 투자시장에? 우리도 해야 되나 키키",
            "norm_text": "투자시장에? 우리도 해야 되나 키키",
            "speaker": {
              "id": "2번",
              "sex": "남성",
              "age": "30대"
            },
            "speechAct": "(단언) 주장하기",
            "morpheme": "투자/NNG+시장/NNG+에/JKB+우리/NP+도/JX+해야/VV+EC+되/VV+나/EC+키/NNG+키/XSV+ETN"
          },
          {
            "id": 3,
            "text": "1 : 그린플레이션이 뭐냐면 산업금속 수요가 늘면서 해당 원자재가가 상승하는 거라고 하더라 키키",
            "norm_text": "그린플레이션이 뭐냐면 산업금속 수요가 늘면서 해당 원자재가가 상승하는 거라고 하더라 키키",
            "speaker": {
              "id": "1번",
              "sex": "여성",
              "age": "20대"
            },
            "speechAct": "(단언) 진술하기",
            "morpheme": "그린/VV+ETM+플레이/NNG+션/NNG+이/JKS+뭐/NP+냐면/VCP+EC+산업/NNG+금속/NNG+수요/NNG+가/JKS+늘/VV+면서/EC+해당/NNG+원자재/NNG+가/JKS+가/VV+EC+상승/NNG+하/XSV+는/ETM+거/NNB+라고/VCP+EC+하/VV+더라/EC+키/NNG+키/XSV+ETN"
          },
          {
            "id": 4,
            "text": "2 : 그쪽으로 투자하면 돈 좀 버는가?",
            "norm_text": "그쪽으로 투자하면 돈 좀 버는가?",
            "speaker": {
              "id": "2번",
              "sex": "남성",
              "age": "30대"
            },
            "speechAct": "(지시) 질문하기",
            "morpheme": "그쪽/NP+으로/JKB+투자/NNG+하/XSV+면/EC+돈/NNG+좀/MAG+버/VV+는가/EF"
          },
          {
            "id": 5,
            "text": "1 : 글쎄 또 잘 알아보고 해야겠지 ㅠㅠ",
            "norm_text": "글쎄 또 잘 알아보고 해야겠지 ㅠㅠ",
            "speaker": {
              "id": "1번",
              "sex": "여성",
              "age": "20대"
            },
            "speechAct": "(단언) 주장하기",
            "morpheme": "글쎄/IC+또/MAG+잘/MAG+알아보/VV+고/EC+해야/VX+EC+VX+겠/EP+지/EF+ㅠㅠ/UNKNOWN"
          },
          {
            "id": 6,
            "text": "2 : ㅜㅜ 니 주변에 주식이나 코인 쪽으로 아는 사람 없나?",
            "norm_text": "ㅜㅜ 니 주변에 주식이나 코인 쪽으로 아는 사람 없나?",
            "speaker": {
              "id": "2번",
              "sex": "남성",
              "age": "30대"
            },
            "speechAct": "(지시) 질문하기",
            "morpheme": "ㅜㅜ/UNKNOWN+니/EC+주변/NNG+에/JKB+주식/NNG+이나/JC+코인/NNG+쪽/NNB+으로/JKB+아/VV+는/ETM+사람/NNG+없/VA+나/EF"
          },
          {
            "id": 7,
            "text": "1 : 엉 ㅠㅠ 다 그냥 개미들밖에 없다",
            "norm_text": "엉 ㅠㅠ 다 그냥 개미들밖에 없다",
            "speaker": {
              "id": "1번",
              "sex": "여성",
              "age": "20대"
            },
            "speechAct": "(단언) 주장하기",
            "morpheme": "엉/IC+ㅠㅠ/UNKNOWN+다/MAG+그냥/MAG+개미/NNG+들/XSN+밖에/JX+없/VA+다/EC"
          },
          {
            "id": 8,
            "text": "2 : ㅠㅠ 나도 돈 좀 벌고 싶은데 아는 사람이 없노",
            "norm_text": "ㅠㅠ 나도 돈 좀 벌고 싶은데 아는 사람이 없노",
            "speaker": {
              "id": "2번",
              "sex": "남성",
              "age": "30대"
            },
            "speechAct": "(단언) 주장하기",
            "morpheme": "ㅠㅠ/UNKNOWN+나/NP+도/JX+돈/NNG+좀/MAG+벌/VV+고/EC+싶/VX+은데/EC+아/VV+는/ETM+사람/NNG+이/JKS+없/VA+노/EC"
          },
          {
            "id": 9,
            "text": "1 : 지금 코로나도 다 연관이 있는 것 같다 ㅠㅠ",
            "norm_text": "지금 코로나도 다 연관이 있는 것 같다 ㅠㅠ",
            "speaker": {
              "id": "1번",
              "sex": "여성",
              "age": "20대"
            },
            "speechAct": "(단언) 주장하기",
            "morpheme": "지금/MAG+코로나/NNG+도/JX+다/MAG+연관/NNG+이/JKS+있/VA+는/ETM+것/NNB+같/VA+다/EF+ㅠㅠ/UNKNOWN"
          },
          {
            "id": 10,
            "text": "2 : ㅠㅠ 코로나 때문에 피해가 너무 많타",
            "norm_text": "ㅠㅠ 코로나 때문에 피해가 너무 많타",
            "speaker": {
              "id": "2번",
              "sex": "남성",
              "age": "30대"
            },
            "speechAct": "(단언) 주장하기",
            "morpheme": "ㅠㅠ/UNKNOWN+코로나/NNG+때문/NNB+에/JKB+피해/NNG+가/JKS+너무/MAG+많/VA+타/VV+EC"
          },
          {
            "id": 11,
            "text": "1 : 그러니까 빨리 다시 경제가 일어서야 개미들이 일어선다 키키",
            "norm_text": "그러니까 빨리 다시 경제가 일어서야 개미들이 일어선다 키키",
            "speaker": {
              "id": "1번",
              "sex": "여성",
              "age": "20대"
            },
            "speechAct": "(단언) 주장하기",
            "morpheme": "그러니까/MAJ+빨리/MAG+다시/MAG+경제/NNG+가/JKS+일어서/VV+야/EC+개미/NNG+들/XSN+이/JKS+일어선/VV+ETM+다키키/NNP"
          },
          {
            "id": 12,
            "text": "2 : 키키 개미들 키키 맞다 빨리 경제가 살아야 하는데",
            "norm_text": "키키 개미들 키키 맞다 빨리 경제가 살아야 하는데",
            "speaker": {
              "id": "2번",
              "sex": "남성",
              "age": "30대"
            },
            "speechAct": "(단언) 주장하기",
            "morpheme": "키/NNG+키/NNG+개미/NNG+들/XSN+키/NNG+키/XSV+ETN+맞/VV+다/EF+빨리/MAG+경제/NNG+가/JKS+살/VV+아야/EC+하/VV+는데/EC"
          },
          {
            "id": 13,
            "text": "1 : 키키 모두가 잘사는 날이 왔으면 좋겠다",
            "norm_text": "키키 모두가 잘사는 날이 왔으면 좋겠다",
            "speaker": {
              "id": "1번",
              "sex": "여성",
              "age": "20대"
            },
            "speechAct": "(단언) 주장하기",
            "morpheme": "키/NNG+키/NNG+모두/NNG+가/JKS+잘/MAG+사/VV+는/ETM+날/NNG+이/JKS+왔/VV+EP+으면/EC+좋/VA+겠/EP+다/EC"
          },
          {
            "id": 14,
            "text": "2 : 카이 ㅜ 언제 성공하고 편하게 살겠노",
            "norm_text": "카이 ㅜ 언제 성공하고 편하게 살겠노",
            "speaker": {
              "id": "2번",
              "sex": "남성",
              "age": "30대"
            },
            "speechAct": "(단언) 주장하기",
            "morpheme": "카이/NNP+ㅜ/UNKNOWN+언제/MAG+성공/NNG+하/XSV+고/EC+편하/VA+게/EC+살/VV+겠/EP+노/EC"
          },
          {
            "id": 15,
            "text": "1 : 키키 노력하는 개미가 되자 아까 말한 거 그것쫌 알아봐야겠다",
            "norm_text": "키키 노력하는 개미가 되자 아까 말한 거 그것쫌 알아봐야겠다",
            "speaker": {
              "id": "1번",
              "sex": "여성",
              "age": "20대"
            },
            "speechAct": "(언약) 약속하기(제3자와)/(개인적 수준)",
            "morpheme": "키/NNG+키/NNG+노력/NNG+하/XSV+는/ETM+개미/NNG+가/JKS+되/VV+자/EC+아까/MAG+말/NNG+한/XSA+ETM+거/NNB+그것/NP+쫌/MAG+알/VV+아/EC+봐야/VX+EC+VV+겠/EP+다/EC"
          },
          {
            "id": 16,
            "text": "2 : 키키 개미는 열심히 일해야지",
            "norm_text": "키키 개미는 열심히 일해야지",
            "speaker": {
              "id": "2번",
              "sex": "남성",
              "age": "30대"
            },
            "speechAct": "(단언) 주장하기",
            "morpheme": "키/NNG+키/NNG+개미/NNG+는/JX+열심히/MAG+일/NNG+해야지/XSV+EC"
          }
        ]
      }
    }
  ]
}