{
  "dataset": {
    "identifier": 58382,
    "name": "KAKAO_995_13_set",
    "src_path": "/data/file/cubeManager/PROJECT001/53/txt20211007112741010454/KAKAO_995_13_set/",
    "label_path": "/data/file/cubeManager/PROJECT001/53/txt20211007112741010454/KAKAO_995_13_set/",
    "category": 2,
    "type": 0
  },
  "licenses": {
    "name": "Apache License 1.0",
    "url": "http://www.apache.org/licenses/LICENSE-1.0"
  },
  "info": [
    {
      "id": 47427,
      "filename": "KAKAO_995_13.txt",
      "title": "KAKAO_995_13",
      "mediatype": "SNS",
      "medianame": "카카오톡",
      "category": "일상대화",
      "date": "2021-10-07",
      "size": 753,
      "annotations": {
        "subject": "계절/날씨",
        "speaker_type": "다자간 대화",
        "size": 753,
        "word_size": 252,
        "text": "1 : 아 진짜? 근데 지금은 날씨가 좋아서 못하겠어.\n1 : 밖에 나가야 해\n2 : 뭐래 추워지기 전에 맞아 날씨 좋은 거 인정\n3 : 지금 시기는 안 좋음 환절기라\n1 : 지금 백신 맞고 묻고 더블로 감기까지 걸리면 어떡해 ㅠ\n2 : **는 환절기 싫어하는구나\n2 : 환절기 날씨는 좋음 그냥 맞아 백신\n3 : 죽진 않을걸 하하\n3 : 생각보다 안 아픔\n1 : 그냥 무조건 맞아라 이거구나?\n1 : 근데 이렇게 날씨 좋은 날은 백신 맞으면 안 돼. 귀찮거든\n2 : 나 10월 12일 화요일에 맞으니까 같이 가자 날도 좋은데\n3 : 이 좋은 날씨에 코로나 걸리기 싫으면 맞아라\n1 : 아 놀러 가고 싶은데... 백신 맞으면 못 가잖아... 이 좋은 날...\n2 : 아니 어차피 못 놀러 가 그냥 맞자\n3 : 맞는 말이지 코시국에 가긴 어딜 가\n1 : 그렁가...? 그럼 나 드라이브는 어떻게 가? 가을 공기 쐬고 싶은데\n2 : 키키 나도 데려가 드라이브... 깨\n3 : 너 쏘카 탔다매 난 그것도 불안해\n3 : 어떤 놈이 탔는지 어케 알앗~!\n1 : 하지만 차가 없는 걸? 그래도 행복했어.\n1 : 드라이브하기 딱 좋은 날씨\n2 : 드라이브 너무 좋아 차는 없지만\n3 : 가을에 아산에 은행나무길 갈래? 거기 진짜 이쁨\n1 : 미안한데 나 옺 올라.\n1 : 은행 즙 조금이라도 튀면 즉사 직전임\n2 : 헐 가자 지금 은행 떨어지더라\n3 : 키키 ** 죽기 딱 좋은 날씨네\n1 : 나 안 된다고 ㅠ ㅠ\n1 : 거 죽기 딱 좋은 날씨 아니요\n2 : 그냥 가서 죽자 괜찮아\n3 : 나쁘지 않은, 날씨구만,",
        "lines": [
          {
            "id": 1,
            "text": "1 : 아 진짜? 근데 지금은 날씨가 좋아서 못하겠어.",
            "norm_text": "아 진짜? 근데 지금은 날씨가 좋아서 못하겠어.",
            "speaker": {
              "id": "1번",
              "sex": "여성",
              "age": "20대"
            },
            "speechAct": "(단언) 주장하기",
            "morpheme": "아/IC+진짜/MAG+근데/MAJ+지금/MAG+은/JX+날씨/NNG+가/JKS+좋/VA+아서/EC+못하/VX+겠/EP+어/EF"
          },
          {
            "id": 2,
            "text": "1 : 밖에 나가야 해",
            "norm_text": "밖에 나가야 해",
            "speaker": {
              "id": "1번",
              "sex": "여성",
              "age": "20대"
            },
            "speechAct": "(단언) 주장하기",
            "morpheme": "밖/NNG+에/JKB+나가/VV+야/EC+해/VV+EC"
          },
          {
            "id": 3,
            "text": "2 : 뭐래 추워지기 전에 맞아 날씨 좋은 거 인정",
            "norm_text": "뭐래 추워지기 전에 맞아 날씨 좋은 거 인정",
            "speaker": {
              "id": "2번",
              "sex": "여성",
              "age": "20대"
            },
            "speechAct": "(단언) 주장하기",
            "morpheme": "뭐/NP+래/VCP+EF+추워/VA+EC+지/VX+기/ETN+전/NNG+에/JKB+맞/VV+아/EC+날씨/NNG+좋/VA+은/ETM+거/NNB+인정/NNG"
          },
          {
            "id": 4,
            "text": "3 : 지금 시기는 안 좋음 환절기라",
            "norm_text": "지금 시기는 안 좋음 환절기라",
            "speaker": {
              "id": "3번",
              "sex": "여성",
              "age": "20대"
            },
            "speechAct": "(단언) 주장하기",
            "morpheme": "지금/MAG+시기/NNG+는/JX+안/MAG+좋/VA+음/ETN+환절기/NNG+라/VCP+EC"
          },
          {
            "id": 5,
            "text": "1 : 지금 백신 맞고 묻고 더블로 감기까지 걸리면 어떡해 ㅠ",
            "norm_text": "지금 백신 맞고 묻고 더블로 감기까지 걸리면 어떡해 ㅠ",
            "speaker": {
              "id": "1번",
              "sex": "여성",
              "age": "20대"
            },
            "speechAct": "(단언) 주장하기",
            "morpheme": "지금/MAG+백신/NNG+맞/VV+고/EC+묻/VV+고/EC+더블/NNG+로/JKB+감기/NNG+까지/JX+걸리/VV+면/EC+어떡/XR+해/XSA+EC+ㅠ/UNKNOWN"
          },
          {
            "id": 6,
            "text": "2 : **는 환절기 싫어하는구나",
            "norm_text": "**는 환절기 싫어하는구나",
            "speaker": {
              "id": "2번",
              "sex": "여성",
              "age": "20대"
            },
            "speechAct": "(단언) 주장하기",
            "morpheme": "*/SY+*/SY+는/JX+환절기/NNG+싫/VA+어/EC+하/VV+는구나/EC"
          },
          {
            "id": 7,
            "text": "2 : 환절기 날씨는 좋음 그냥 맞아 백신",
            "norm_text": "환절기 날씨는 좋음 그냥 맞아 백신",
            "speaker": {
              "id": "2번",
              "sex": "여성",
              "age": "20대"
            },
            "speechAct": "(단언) 주장하기",
            "morpheme": "환절기/NNG+날씨/NNG+는/JX+좋/VA+음/EC+그냥/MAG+맞/VV+아/EC+백신/NNG"
          },
          {
            "id": 8,
            "text": "3 : 죽진 않을걸 하하",
            "norm_text": "죽진 않을걸 하하",
            "speaker": {
              "id": "3번",
              "sex": "여성",
              "age": "20대"
            },
            "speechAct": "(단언) 주장하기",
            "morpheme": "죽/VV+진/EC+JX+않/VX+을/ETM+걸/NNB+JKO+하하/MAG"
          },
          {
            "id": 9,
            "text": "3 : 생각보다 안 아픔",
            "norm_text": "생각보다 안 아픔",
            "speaker": {
              "id": "3번",
              "sex": "여성",
              "age": "20대"
            },
            "speechAct": "(단언) 진술하기",
            "morpheme": "생각/NNG+보다/JKB+안/MAG+아픔/VA+ETN"
          },
          {
            "id": 10,
            "text": "1 : 그냥 무조건 맞아라 이거구나?",
            "norm_text": "그냥 무조건 맞아라 이거구나?",
            "speaker": {
              "id": "1번",
              "sex": "여성",
              "age": "20대"
            },
            "speechAct": "(지시) 질문하기",
            "morpheme": "그냥/MAG+무조건/MAG+맞/VV+아라/EC+이거/NP+구나/VCP+EF"
          },
          {
            "id": 11,
            "text": "1 : 근데 이렇게 날씨 좋은 날은 백신 맞으면 안 돼. 귀찮거든",
            "norm_text": "근데 이렇게 날씨 좋은 날은 백신 맞으면 안 돼. 귀찮거든",
            "speaker": {
              "id": "1번",
              "sex": "여성",
              "age": "20대"
            },
            "speechAct": "(단언) 주장하기",
            "morpheme": "근데/MAJ+이렇게/MAG+날씨/NNG+좋/VA+은/ETM+날/NNG+은/JX+백신/NNG+맞/VV+으면/EC+안/MAG+돼/VV+EF+귀찮/VA+거든/EC"
          },
          {
            "id": 12,
            "text": "2 : 나 10월 12일 화요일에 맞으니까 같이 가자 날도 좋은데",
            "norm_text": "나 10월 12일 화요일에 맞으니까 같이 가자 날도 좋은데",
            "speaker": {
              "id": "2번",
              "sex": "여성",
              "age": "20대"
            },
            "speechAct": "(지시) 충고/제안하기",
            "morpheme": "나/NP+10/SN+월/NNBC+12/SN+일/NNBC+화요일/NNG+에/JKB+맞/VV+으니까/EC+같이/MAG+가/VV+자/EC+날/NNG+도/JX+좋/VA+은데/EC"
          },
          {
            "id": 13,
            "text": "3 : 이 좋은 날씨에 코로나 걸리기 싫으면 맞아라",
            "norm_text": "이 좋은 날씨에 코로나 걸리기 싫으면 맞아라",
            "speaker": {
              "id": "3번",
              "sex": "여성",
              "age": "20대"
            },
            "speechAct": "(지시) 충고/제안하기",
            "morpheme": "이/MM+좋/VA+은/ETM+날씨/NNG+에/JKB+코로나/NNG+걸리/VV+기/ETN+싫/VA+으면/EC+맞/VV+아라/EC"
          },
          {
            "id": 14,
            "text": "1 : 아 놀러 가고 싶은데... 백신 맞으면 못 가잖아... 이 좋은 날...",
            "norm_text": "아 놀러 가고 싶은데... 백신 맞으면 못 가잖아... 이 좋은 날...",
            "speaker": {
              "id": "1번",
              "sex": "여성",
              "age": "20대"
            },
            "speechAct": "(단언) 주장하기",
            "morpheme": "아/IC+놀/VV+러/EC+가/VX+고/EC+싶/VX+은데/EF+./SY+백신/NNG+맞/VV+으면/EC+못/MAG+가/VV+잖아/EF+./SY+./SY+이/JKS+좋/VA+은/ETM+날/NNG+./SY+./SY"
          },
          {
            "id": 15,
            "text": "2 : 아니 어차피 못 놀러 가 그냥 맞자",
            "norm_text": "아니 어차피 못 놀러 가 그냥 맞자",
            "speaker": {
              "id": "2번",
              "sex": "여성",
              "age": "20대"
            },
            "speechAct": "(지시) 충고/제안하기",
            "morpheme": "아니/IC+어차피/MAG+못/MAG+놀/VV+러/EC+가/JKS+그냥/MAG+맞/VV+자/EC"
          },
          {
            "id": 16,
            "text": "3 : 맞는 말이지 코시국에 가긴 어딜 가",
            "norm_text": "맞는 말이지 코시국에 가긴 어딜 가",
            "speaker": {
              "id": "3번",
              "sex": "여성",
              "age": "20대"
            },
            "speechAct": "(단언) 주장하기",
            "morpheme": "맞/VV+는/ETM+말/NNG+이/JKS+지코/NNP+시국/NNG+에/JKB+가/VV+긴/ETN+JX+어딜/NP+JKO+가/VV+EC"
          },
          {
            "id": 17,
            "text": "1 : 그렁가...? 그럼 나 드라이브는 어떻게 가? 가을 공기 쐬고 싶은데",
            "norm_text": "그렁가...? 그럼 나 드라이브는 어떻게 가? 가을 공기 쐬고 싶은데",
            "speaker": {
              "id": "1번",
              "sex": "여성",
              "age": "20대"
            },
            "speechAct": "(단언) 주장하기",
            "morpheme": "그렁/VA+가/EF+./SY+./SY+그럼/MAJ+나/NP+드라이브/NNG+는/JX+어떻/VA+게/EC+가/VX+EF+가을/NNG+공기/NNG+쐬/VV+고/EC+싶/VX+은데/EC"
          },
          {
            "id": 18,
            "text": "2 : 키키 나도 데려가 드라이브... 깨",
            "norm_text": "키키 나도 데려가 드라이브... 깨",
            "speaker": {
              "id": "2번",
              "sex": "여성",
              "age": "20대"
            },
            "speechAct": "(지시) 명령/요구하기",
            "morpheme": "키/NNG+키나/XSA+ETN+JX+도/JX+데려가/VV+EC+드라이브/NNG+./SY+./SY+깨/VV+EC"
          },
          {
            "id": 19,
            "text": "3 : 너 쏘카 탔다매 난 그것도 불안해",
            "norm_text": "너 쏘카 탔다매 난 그것도 불안해",
            "speaker": {
              "id": "3번",
              "sex": "여성",
              "age": "20대"
            },
            "speechAct": "(단언) 주장하기",
            "morpheme": "너/NP+쏘카/UNKNOWN+탔/VV+EP+다매/EF+난/NP+JX+그것/NP+도/JX+불안/NNG+해/XSV+EC"
          },
          {
            "id": 20,
            "text": "3 : 어떤 놈이 탔는지 어케 알앗~!",
            "norm_text": "어떤 놈이 탔는지 어케 알앗~!",
            "speaker": {
              "id": "3번",
              "sex": "여성",
              "age": "20대"
            },
            "speechAct": "(지시) 질문하기",
            "morpheme": "어떤/MM+놈/NNB+이/JKS+탔/VV+EP+는지/EC+어/IC+케/IC+알/VV+앗/EC+~/SY"
          },
          {
            "id": 21,
            "text": "1 : 하지만 차가 없는 걸? 그래도 행복했어.",
            "norm_text": "하지만 차가 없는 걸? 그래도 행복했어.",
            "speaker": {
              "id": "1번",
              "sex": "여성",
              "age": "20대"
            },
            "speechAct": "(단언) 진술하기",
            "morpheme": "하지만/MAJ+차/NNG+가/JKS+없/VA+는걸/EF+그래도/MAJ+행복/NNG+했/XSV+EP+어/EF"
          },
          {
            "id": 22,
            "text": "1 : 드라이브하기 딱 좋은 날씨",
            "norm_text": "드라이브하기 딱 좋은 날씨",
            "speaker": {
              "id": "1번",
              "sex": "여성",
              "age": "20대"
            },
            "speechAct": "(단언) 주장하기",
            "morpheme": "드라이브/NNG+하/XSV+기/ETN+딱/MAG+좋/VA+은/ETM+날씨/NNG"
          },
          {
            "id": 23,
            "text": "2 : 드라이브 너무 좋아 차는 없지만",
            "norm_text": "드라이브 너무 좋아 차는 없지만",
            "speaker": {
              "id": "2번",
              "sex": "여성",
              "age": "20대"
            },
            "speechAct": "(단언) 주장하기",
            "morpheme": "드라이브/NNG+너무/MAG+좋/VA+아/EC+차/NNG+는/JX+없/VA+지만/EC"
          },
          {
            "id": 24,
            "text": "3 : 가을에 아산에 은행나무길 갈래? 거기 진짜 이쁨",
            "norm_text": "가을에 아산에 은행나무길 갈래? 거기 진짜 이쁨",
            "speaker": {
              "id": "3번",
              "sex": "여성",
              "age": "20대"
            },
            "speechAct": "(지시) 질문하기",
            "morpheme": "가을/NNG+에/JKB+아산/NNP+에/JKB+은행나무/NNG+길/NNG+갈래/VV+EF+거기/NP+진짜/MAG+이쁨/VA+ETN"
          },
          {
            "id": 25,
            "text": "1 : 미안한데 나 옺 올라.",
            "norm_text": "미안한데 나 옺 올라.",
            "speaker": {
              "id": "1번",
              "sex": "여성",
              "age": "20대"
            },
            "speechAct": "(단언) 주장하기",
            "morpheme": "미안한데나옺올라/UNKNOWN"
          },
          {
            "id": 26,
            "text": "1 : 은행 즙 조금이라도 튀면 즉사 직전임",
            "norm_text": "은행 즙 조금이라도 튀면 즉사 직전임",
            "speaker": {
              "id": "1번",
              "sex": "여성",
              "age": "20대"
            },
            "speechAct": "(단언) 주장하기",
            "morpheme": "은행/NNG+즙/NNG+조금/NNG+이/VCP+라도/EC+튀/VV+면/EC+즉사/NNG+직전/NNG+임/VCP+ETN"
          },
          {
            "id": 27,
            "text": "2 : 헐 가자 지금 은행 떨어지더라",
            "norm_text": "헐 가자 지금 은행 떨어지더라",
            "speaker": {
              "id": "2번",
              "sex": "여성",
              "age": "20대"
            },
            "speechAct": "(지시) 충고/제안하기",
            "morpheme": "헐가/NNG+자/XSN+지금/MAG+은행/NNG+떨어지/VV+더라/EC"
          },
          {
            "id": 28,
            "text": "3 : 키키 ** 죽기 딱 좋은 날씨네",
            "norm_text": "키키 ** 죽기 딱 좋은 날씨네",
            "speaker": {
              "id": "3번",
              "sex": "여성",
              "age": "20대"
            },
            "speechAct": "(단언) 주장하기",
            "morpheme": "키/NNG+키/XSV+ETN+*/SY+*/SY+죽/VV+기/ETN+딱/MAG+좋/VA+은/ETM+날씨/NNG+네/XSN"
          },
          {
            "id": 29,
            "text": "1 : 나 안 된다고 ㅠ ㅠ",
            "norm_text": "나 안 된다고 ㅠ ㅠ",
            "speaker": {
              "id": "1번",
              "sex": "여성",
              "age": "20대"
            },
            "speechAct": "(단언) 주장하기",
            "morpheme": "나/NP+안/MAG+된다고/VV+EC+ㅠㅠ/UNKNOWN"
          },
          {
            "id": 30,
            "text": "1 : 거 죽기 딱 좋은 날씨 아니요",
            "norm_text": "거 죽기 딱 좋은 날씨 아니요",
            "speaker": {
              "id": "1번",
              "sex": "여성",
              "age": "20대"
            },
            "speechAct": "(단언) 주장하기",
            "morpheme": "거/NP+죽/VV+기/ETN+딱/MAG+좋/VA+은/ETM+날씨/NNG+아니/VCN+요/EC"
          },
          {
            "id": 31,
            "text": "2 : 그냥 가서 죽자 괜찮아",
            "norm_text": "그냥 가서 죽자 괜찮아",
            "speaker": {
              "id": "2번",
              "sex": "여성",
              "age": "20대"
            },
            "speechAct": "(지시) 충고/제안하기",
            "morpheme": "그냥/MAG+가/VV+서/EC+죽/VV+자/EC+괜찮/VA+아/EC"
          },
          {
            "id": 32,
            "text": "3 : 나쁘지 않은, 날씨구만,",
            "norm_text": "나쁘지 않은, 날씨구만,",
            "speaker": {
              "id": "3번",
              "sex": "여성",
              "age": "20대"
            },
            "speechAct": "(단언) 주장하기",
            "morpheme": "나쁘/VA+지/EC+않/VX+은/ETM+,/SC+날씨/NNG+구만/VCP+EF+,/SC"
          }
        ]
      }
    }
  ]
}