{
  "dataset": {
    "identifier": 45044,
    "name": "KAKAO_943_11_set",
    "src_path": "/data/file/cubeManager/PROJECT001/53/txt20211005161508064882/KAKAO_943_11_set/",
    "label_path": "/data/file/cubeManager/PROJECT001/53/txt20211005161508064882/KAKAO_943_11_set/",
    "category": 2,
    "type": 0
  },
  "licenses": {
    "name": "Apache License 1.0",
    "url": "http://www.apache.org/licenses/LICENSE-1.0"
  },
  "info": [
    {
      "id": 42068,
      "filename": "KAKAO_943_11.txt",
      "title": "KAKAO_943_11",
      "mediatype": "SNS",
      "medianame": "카카오톡",
      "category": "일상대화",
      "date": "2021-10-05",
      "size": 575,
      "annotations": {
        "subject": "게임",
        "speaker_type": "1:1",
        "size": 575,
        "word_size": 181,
        "text": "1 : 오늘 카트라이더 레벨 75 찍음\n2 : 카트라이터 아직 서비스하나? 키키\n1 : 응 키키 모바일 카트라이더 엄청 인기거든\n2 : 모바일? 모바일 버전도 있었나?\n2 : 처음 들어보네\n1 : 응 키키 모바일 버전 출시해서 거의 1년째 하는 중\n2 : 난 모바일 게임은 화면도 작고 뭔가 불편해서 못하겠던데\n1 : 아냐 키키 컴퓨터로 하는 거보다 더 재밌는 느낌 키키\n2 : 그래? 난 요즘 스위치만 하느라 모바일 게임은 하던 거도 다 지웠다\n1 : 아항 키키 카트라이더는 캐릭터 귀여워 키키\n1 : 그래도 뭐니뭐니해도 캐릭터는 역시 배찌지\n2 : 배찌 키키 그 이름은 아직도 기억난다 키키 졸려보이는 뚱보 캐릭터 키키\n1 : 맞아 키키 너무 귀엽게 생겼어 키키\n2 : 배찌 말고는 캐릭터 이름 하나도 모르겠다 키키\n1 : 그거 말고도 다오 디지니 우니 케피 많다 키키 우주인 캐릭도 있고\n2 : 다오 디지니는 들으니까 기억나네 키키\n2 : 디지니 디지니? 키키 디즈니? 키키\n1 : 우주인 캐릭터 이름 생각났다 키키\n1 : 타키랑 예리니 키키\n2 : 타키 이름 너무 대충 지은 거 아니가 키키\n2 : 외계인 우주인 그러면 다들 그런 이름이었던 거 같은데 키키",
        "lines": [
          {
            "id": 1,
            "text": "1 : 오늘 카트라이더 레벨 75 찍음",
            "norm_text": "오늘 카트라이더 레벨 75 찍음",
            "speaker": {
              "id": "1번",
              "sex": "여성",
              "age": "30대"
            },
            "speechAct": "(단언) 진술하기",
            "morpheme": "오늘/MAG+카트라이더/NNP+레벨/NNG+75/SN+찍/VV+음/ETN"
          },
          {
            "id": 2,
            "text": "2 : 카트라이터 아직 서비스하나? 키키",
            "norm_text": "카트라이터 아직 서비스하나? 키키",
            "speaker": {
              "id": "2번",
              "sex": "남성",
              "age": "30대"
            },
            "speechAct": "(지시) 질문하기",
            "morpheme": "카트/NNG+라이터/NNG+아직/MAG+서비스/NNG+하나/NR+키/NNG+키/XSV+ETN"
          },
          {
            "id": 3,
            "text": "1 : 응 키키 모바일 카트라이더 엄청 인기거든",
            "norm_text": "응 키키 모바일 카트라이더 엄청 인기거든",
            "speaker": {
              "id": "1번",
              "sex": "여성",
              "age": "30대"
            },
            "speechAct": "(단언) 주장하기",
            "morpheme": "응/IC+키키/NNP+모바일/NNP+카트라이더/NNP+엄청/MAG+인기/NNG+거든/VCP+EC"
          },
          {
            "id": 4,
            "text": "2 : 모바일? 모바일 버전도 있었나?",
            "norm_text": "모바일? 모바일 버전도 있었나?",
            "speaker": {
              "id": "2번",
              "sex": "남성",
              "age": "30대"
            },
            "speechAct": "(지시) 질문하기",
            "morpheme": "모바일/NNP+?/SY+모바일/NNP+버전/NNG+도/JX+있/VA+었/EP+나/EF"
          },
          {
            "id": 5,
            "text": "2 : 처음 들어보네",
            "norm_text": "처음 들어보네",
            "speaker": {
              "id": "2번",
              "sex": "남성",
              "age": "30대"
            },
            "speechAct": "(단언) 주장하기",
            "morpheme": "처음/MAG+들/VV+어/EC+보/VX+네/EC"
          },
          {
            "id": 6,
            "text": "1 : 응 키키 모바일 버전 출시해서 거의 1년째 하는 중",
            "norm_text": "응 키키 모바일 버전 출시해서 거의 1년째 하는 중",
            "speaker": {
              "id": "1번",
              "sex": "여성",
              "age": "30대"
            },
            "speechAct": "(단언) 진술하기",
            "morpheme": "응/IC+키키/NNP+모바일/NNP+버전/NNG+출시/NNG+해서/XSV+EC+거의/MAG+1/SN+년/NNBC+째/XSN+하/VV+는/ETM+중/NNB"
          },
          {
            "id": 7,
            "text": "2 : 난 모바일 게임은 화면도 작고 뭔가 불편해서 못하겠던데",
            "norm_text": "난 모바일 게임은 화면도 작고 뭔가 불편해서 못하겠던데",
            "speaker": {
              "id": "2번",
              "sex": "남성",
              "age": "30대"
            },
            "speechAct": "(단언) 주장하기",
            "morpheme": "난/NP+JX+모바일게임/NNP+은/JX+화면/NNG+도/JX+작/VA+고/EC+뭔가/NP+VCP+EC+불편/NNG+해서/XSV+EC+못하/VX+겠/EP+던데/EC"
          },
          {
            "id": 8,
            "text": "1 : 아냐 키키 컴퓨터로 하는 거보다 더 재밌는 느낌 키키",
            "norm_text": "아냐 키키 컴퓨터로 하는 거보다 더 재밌는 느낌 키키",
            "speaker": {
              "id": "1번",
              "sex": "여성",
              "age": "30대"
            },
            "speechAct": "(단언) 주장하기",
            "morpheme": "아냐/IC+키/NNG+키/NNG+컴퓨터/NNG+로/JKB+하/VV+는/ETM+거/NNB+보다/JKB+더/MAG+재밌/VA+는/ETM+느낌/NNG+키/NNG+키/XSV+ETN"
          },
          {
            "id": 9,
            "text": "2 : 그래? 난 요즘 스위치만 하느라 모바일 게임은 하던 거도 다 지웠다",
            "norm_text": "그래? 난 요즘 스위치만 하느라 모바일 게임은 하던 거도 다 지웠다",
            "speaker": {
              "id": "2번",
              "sex": "남성",
              "age": "30대"
            },
            "speechAct": "(단언) 주장하기",
            "morpheme": "그래/IC+난/NP+JX+요즘/MAG+스위치/NNG+만/JX+하/VV+느라/EC+모바일게임/NNP+은/JX+하/VV+던/ETM+거/NNB+도/JX+다/MAG+지웠/VV+EP+다/EC"
          },
          {
            "id": 10,
            "text": "1 : 아항 키키 카트라이더는 캐릭터 귀여워 키키",
            "norm_text": "아항 키키 카트라이더는 캐릭터 귀여워 키키",
            "speaker": {
              "id": "1번",
              "sex": "여성",
              "age": "30대"
            },
            "speechAct": "(단언) 주장하기",
            "morpheme": "아항/IC+키키/NNP+카트라이더/NNP+는/JX+캐릭터/NNG+귀여워/VA+EC+키/NNG+키/XSV+ETN"
          },
          {
            "id": 11,
            "text": "1 : 그래도 뭐니뭐니해도 캐릭터는 역시 배찌지",
            "norm_text": "그래도 뭐니뭐니해도 캐릭터는 역시 배찌지",
            "speaker": {
              "id": "1번",
              "sex": "여성",
              "age": "30대"
            },
            "speechAct": "(단언) 주장하기",
            "morpheme": "그래도/MAJ+뭐니뭐니/MAG+해도/VV+EC+캐릭터/NNG+는/JX+역시/MAJ+배/NNG+찌지/NNG"
          },
          {
            "id": 12,
            "text": "2 : 배찌 키키 그 이름은 아직도 기억난다 키키 졸려보이는 뚱보 캐릭터 키키",
            "norm_text": "배찌 키키 그 이름은 아직도 기억난다 키키 졸려보이는 뚱보 캐릭터 키키",
            "speaker": {
              "id": "2번",
              "sex": "남성",
              "age": "30대"
            },
            "speechAct": "(단언) 주장하기",
            "morpheme": "배/NNG+찌/NNG+키/NNG+키/XSV+ETN+그/MM+이름/NNG+은/JX+아직/MAG+도/JX+기억/NNG+난/NP+JX+다키키/NNP+졸려/VV+EC+보이/VV+는/ETM+뚱보/NNG+캐릭터/NNG+키/NNG+키/XSV+ETN"
          },
          {
            "id": 13,
            "text": "1 : 맞아 키키 너무 귀엽게 생겼어 키키",
            "norm_text": "맞아 키키 너무 귀엽게 생겼어 키키",
            "speaker": {
              "id": "1번",
              "sex": "여성",
              "age": "30대"
            },
            "speechAct": "(단언) 주장하기",
            "morpheme": "맞/VV+아/EC+키/NNG+키/NNG+너무/MAG+귀엽/VA+게/EC+생겼/VV+EP+어/EC+키/NNG+키/XSV+ETN"
          },
          {
            "id": 14,
            "text": "2 : 배찌 말고는 캐릭터 이름 하나도 모르겠다 키키",
            "norm_text": "배찌 말고는 캐릭터 이름 하나도 모르겠다 키키",
            "speaker": {
              "id": "2번",
              "sex": "남성",
              "age": "30대"
            },
            "speechAct": "(단언) 진술하기",
            "morpheme": "배/NNG+찌/MAG+말/VV+고/EC+는/JX+캐릭터/NNG+이름/NNG+하나/NR+도/JX+모르/VV+겠/EP+다키키/NNP"
          },
          {
            "id": 15,
            "text": "1 : 그거 말고도 다오 디지니 우니 케피 많다 키키 우주인 캐릭도 있고",
            "norm_text": "그거 말고도 다오 디지니 우니 케피 많다 키키 우주인 캐릭도 있고",
            "speaker": {
              "id": "1번",
              "sex": "여성",
              "age": "30대"
            },
            "speechAct": "(단언) 주장하기",
            "morpheme": "그거/NP+말/VV+고/EC+도/JX+다/MAG+오/VV+디/EC+지/VX+니/EC+우니/VV+케/EC+피많/UNKNOWN+다키키/NNP+우주/NNG+인/VCP+ETM+캐릭/NNG+도/JX+있/VA+고/EC"
          },
          {
            "id": 16,
            "text": "2 : 다오 디지니는 들으니까 기억나네 키키",
            "norm_text": "다오 디지니는 들으니까 기억나네 키키",
            "speaker": {
              "id": "2번",
              "sex": "남성",
              "age": "30대"
            },
            "speechAct": "(단언) 주장하기",
            "morpheme": "다/MAG+오디/IC+지니/NNP+는/JX+들으니까/VV+EC+기억/NNG+나/NP+네/XSN+키/NNG+키/XSV+ETN"
          },
          {
            "id": 17,
            "text": "2 : 디지니 디지니? 키키 디즈니? 키키",
            "norm_text": "디지니 디지니? 키키 디즈니? 키키",
            "speaker": {
              "id": "2번",
              "sex": "남성",
              "age": "30대"
            },
            "speechAct": "(지시) 질문하기",
            "morpheme": "디지/VV+니/EC+디지/VV+니/EF+키키/NNP+디즈니/NNP+?/SY+키/NNG+키/XSV+ETN"
          },
          {
            "id": 18,
            "text": "1 : 우주인 캐릭터 이름 생각났다 키키",
            "norm_text": "우주인 캐릭터 이름 생각났다 키키",
            "speaker": {
              "id": "1번",
              "sex": "여성",
              "age": "30대"
            },
            "speechAct": "(단언) 진술하기",
            "morpheme": "우주/NNG+인/VCP+ETM+캐릭터/NNG+이름/NNG+생각/NNG+났/VV+EP+다키키/NNP"
          },
          {
            "id": 19,
            "text": "1 : 타키랑 예리니 키키",
            "norm_text": "타키랑 예리니 키키",
            "speaker": {
              "id": "1번",
              "sex": "여성",
              "age": "30대"
            },
            "speechAct": "(단언) 진술하기",
            "morpheme": "타키랑예리니키키/UNKNOWN"
          },
          {
            "id": 20,
            "text": "2 : 타키 이름 너무 대충 지은 거 아니가 키키",
            "norm_text": "타키 이름 너무 대충 지은 거 아니가 키키",
            "speaker": {
              "id": "2번",
              "sex": "남성",
              "age": "30대"
            },
            "speechAct": "(단언) 주장하기",
            "morpheme": "타키/NNP+이름/NNG+너무/MAG+대충/MAG+지/VV+은/ETM+거/NNB+아니/VCN+가/JKS+키/NNG+키/XSV+ETN"
          },
          {
            "id": 21,
            "text": "2 : 외계인 우주인 그러면 다들 그런 이름이었던 거 같은데 키키",
            "norm_text": "외계인 우주인 그러면 다들 그런 이름이었던 거 같은데 키키",
            "speaker": {
              "id": "2번",
              "sex": "남성",
              "age": "30대"
            },
            "speechAct": "(단언) 주장하기",
            "morpheme": "외계인/NNG+우주인/NNG+그러/VV+면/EC+다/MAG+들/XSN+그런/MM+이름/NNG+이/VCP+었/EP+던/ETM+거/NNB+같/VA+은데/EC+키/NNG+키/XSV+ETN"
          }
        ]
      }
    }
  ]
}