{
  "dataset": {
    "identifier": 67927,
    "name": "KAKAO_970_08_set",
    "src_path": "/data/file/cubeManager/PROJECT001/53/txt20211005163235030447/KAKAO_970_08_set/",
    "label_path": "/data/file/cubeManager/PROJECT001/53/txt20211005163235030447/KAKAO_970_08_set/",
    "category": 2,
    "type": 0
  },
  "licenses": {
    "name": "Apache License 1.0",
    "url": "http://www.apache.org/licenses/LICENSE-1.0"
  },
  "info": [
    {
      "id": 42546,
      "filename": "KAKAO_970_08.txt",
      "title": "KAKAO_970_08",
      "mediatype": "SNS",
      "medianame": "카카오톡",
      "category": "일상대화",
      "date": "2021-10-05",
      "size": 511,
      "annotations": {
        "subject": "연애/결혼",
        "speaker_type": "1:1",
        "size": 511,
        "word_size": 162,
        "text": "1 : 남자친구한테 치킨 튀겨 달라고 해\n2 : 남친은 치킨을 사주는 역할이지 튀기는 역할은 아니야...\n1 : 튀긴다는 핑계로 집에 같이 가고 뭐 이거하고 저거하고 그러는 거지\n2 : 이거 저거가 뭔데 나도 알려주라 ^^\n1 : 뭐 성인들이 한 집에서 뭐... 있잖아 그런 거\n2 : 모르겠어 나도 알려줘 뭔지 감도 안 오네?\n1 : 뭐래 거짓말쟁이... 너가 나한테 알려줬잖아 성인들의 연애\n2 : 연애를 해본 적이 있어야 알려주던가 하지 ㅠ\n1 : 아 지금 남친은 연애도 아니다? 장난이다?\n2 : 키키 난 지금의 남친을 만나고 나서 너한테 뭘 알려준 기억이 없는데...?\n1 : 왜? 난 너한테 너무 많은 걸 배웠는데?\n2 : 착각 아닐까 내가 아니라 다른 사람인 거 같은데?\n1 : 아니양! 내가 널 이모로 만들지 않기 위해 너한테 많은 걸 배우고 느꼈어\n2 : 키키 난 이모 되는 거 좋아 좀 더 분발하길 바래 ^^\n1 : 키키 아니 너가 나 일하는 동안 애기 봐줄 거냐고 ㅠㅠ\n2 : 아이 돌봄 서비스 신청해 요즘 그런 거 많아",
        "lines": [
          {
            "id": 1,
            "text": "1 : 남자친구한테 치킨 튀겨 달라고 해",
            "norm_text": "남자친구한테 치킨 튀겨 달라고 해",
            "speaker": {
              "id": "1번",
              "sex": "여성",
              "age": "20대"
            },
            "speechAct": "(단언) 주장하기",
            "morpheme": "남자/NNG+친구/NNG+한테/JKB+치킨/NNG+튀겨/VV+EC+달/VX+라고/EC+해/VV+EC"
          },
          {
            "id": 2,
            "text": "2 : 남친은 치킨을 사주는 역할이지 튀기는 역할은 아니야...",
            "norm_text": "남친은 치킨을 사주는 역할이지 튀기는 역할은 아니야...",
            "speaker": {
              "id": "2번",
              "sex": "여성",
              "age": "20대"
            },
            "speechAct": "(단언) 진술하기",
            "morpheme": "남친/NNG+은/JX+치킨/NNG+을/JKO+사/VV+EC+주/VX+는/ETM+역할/NNG+이/VCP+지/EC+튀기/VV+는/ETM+역할/NNG+은/JX+아니/VCN+야/EF+./SY"
          },
          {
            "id": 3,
            "text": "1 : 튀긴다는 핑계로 집에 같이 가고 뭐 이거하고 저거하고 그러는 거지",
            "norm_text": "튀긴다는 핑계로 집에 같이 가고 뭐 이거하고 저거하고 그러는 거지",
            "speaker": {
              "id": "1번",
              "sex": "여성",
              "age": "20대"
            },
            "speechAct": "(단언) 주장하기",
            "morpheme": "튀긴다/VV+EF+는/JX+핑계/NNG+로/JKB+집/NNG+에/JKB+같이/MAG+가/VV+고/EC+뭐/IC+이거/NP+하고/JC+저거/NP+하고/JKB+그러/VV+는/ETM+거/NNB+지/VCP+EC"
          },
          {
            "id": 4,
            "text": "2 : 이거 저거가 뭔데 나도 알려주라 ^^",
            "norm_text": "이거 저거가 뭔데 나도 알려주라 ^^",
            "speaker": {
              "id": "2번",
              "sex": "여성",
              "age": "20대"
            },
            "speechAct": "(지시) 부탁하기",
            "morpheme": "이거/NP+저거/NP+가/JKS+뭔데/NP+VCP+EC+나/NP+도/JX+알려/VV+EC+주/VX+라/EC+^/SY+^/SY"
          },
          {
            "id": 5,
            "text": "1 : 뭐 성인들이 한 집에서 뭐... 있잖아 그런 거",
            "norm_text": "뭐 성인들이 한 집에서 뭐... 있잖아 그런 거",
            "speaker": {
              "id": "1번",
              "sex": "여성",
              "age": "20대"
            },
            "speechAct": "(단언) 진술하기",
            "morpheme": "뭐/IC+성인/NNG+들/XSN+이/JKS+한/MM+집/NNG+에서/JKB+뭐/IC+./SY+있/VA+잖아/EF+그런/MM+거/NNB"
          },
          {
            "id": 6,
            "text": "2 : 모르겠어 나도 알려줘 뭔지 감도 안 오네?",
            "norm_text": "모르겠어 나도 알려줘 뭔지 감도 안 오네?",
            "speaker": {
              "id": "2번",
              "sex": "여성",
              "age": "20대"
            },
            "speechAct": "(단언) 주장하기",
            "morpheme": "모르/VV+겠/EP+어/EF+나/NP+도/JX+알려줘/VV+EC+VX+EC+뭔지/NP+VCP+EC+감/VX+ETN+도/JX+안/MAG+오/VV+네/EF"
          },
          {
            "id": 7,
            "text": "1 : 뭐래 거짓말쟁이... 너가 나한테 알려줬잖아 성인들의 연애",
            "norm_text": "뭐래 거짓말쟁이... 너가 나한테 알려줬잖아 성인들의 연애",
            "speaker": {
              "id": "1번",
              "sex": "여성",
              "age": "20대"
            },
            "speechAct": "(단언) 주장하기",
            "morpheme": "뭐/NP+래/VCP+EF+거짓말/NNG+쟁이/XSN+./SY+너/NP+가/JKS+나/NP+한테/JKB+알려/VV+EC+줬/VX+EP+잖아/EF+성인/NNG+들/XSN+의/JKG+연애/NNG"
          },
          {
            "id": 8,
            "text": "2 : 연애를 해본 적이 있어야 알려주던가 하지 ㅠ",
            "norm_text": "연애를 해본 적이 있어야 알려주던가 하지 ㅠ",
            "speaker": {
              "id": "2번",
              "sex": "여성",
              "age": "20대"
            },
            "speechAct": "(단언) 진술하기",
            "morpheme": "연애/NNG+를/JKO+해/VV+EC+본/VX+ETM+적/NNB+이/JKS+있/VV+어야/EC+알려/VV+EC+주/VX+던가/EC+하/VV+지/EC+ㅠ/UNKNOWN"
          },
          {
            "id": 9,
            "text": "1 : 아 지금 남친은 연애도 아니다? 장난이다?",
            "norm_text": "아 지금 남친은 연애도 아니다? 장난이다?",
            "speaker": {
              "id": "1번",
              "sex": "여성",
              "age": "20대"
            },
            "speechAct": "(지시) 질문하기",
            "morpheme": "아/IC+지금/MAG+남친/NNG+은/JX+연애/NNG+도/JX+아니/VCN+다/EF+장난/NNG+이/VCP+다/EF"
          },
          {
            "id": 10,
            "text": "2 : 키키 난 지금의 남친을 만나고 나서 너한테 뭘 알려준 기억이 없는데...?",
            "norm_text": "키키 난 지금의 남친을 만나고 나서 너한테 뭘 알려준 기억이 없는데...?",
            "speaker": {
              "id": "2번",
              "sex": "여성",
              "age": "20대"
            },
            "speechAct": "(지시) 질문하기",
            "morpheme": "키/NNG+키/XSV+ETN+난/VV+ETM+지금/NNG+의/JKG+남친/NNG+을/JKO+만나/VV+고/EC+나/VX+서/EC+너/NP+한테/JKB+뭘/NP+JKO+알려/VV+EC+준/VX+ETM+기억/NNG+이/JKS+없/VA+는데/EC+./SY+./SY"
          },
          {
            "id": 11,
            "text": "1 : 왜? 난 너한테 너무 많은 걸 배웠는데?",
            "norm_text": "왜? 난 너한테 너무 많은 걸 배웠는데?",
            "speaker": {
              "id": "1번",
              "sex": "여성",
              "age": "20대"
            },
            "speechAct": "(단언) 주장하기",
            "morpheme": "왜/MAG+난/NP+JX+너/NP+한테/JKB+너무/MAG+많/VA+은/ETM+걸/NNB+JKO+배웠/VV+EP+는데/EF"
          },
          {
            "id": 12,
            "text": "2 : 착각 아닐까 내가 아니라 다른 사람인 거 같은데?",
            "norm_text": "착각 아닐까 내가 아니라 다른 사람인 거 같은데?",
            "speaker": {
              "id": "2번",
              "sex": "여성",
              "age": "20대"
            },
            "speechAct": "(단언) 주장하기",
            "morpheme": "착각/NNG+아닐까/VCN+EF+내/NP+가/JKS+아니/VCN+라/EC+다른/MM+사람/NNG+인/VCP+ETM+거/NNB+같/VA+은데/EF"
          },
          {
            "id": 13,
            "text": "1 : 아니양! 내가 널 이모로 만들지 않기 위해 너한테 많은 걸 배우고 느꼈어",
            "norm_text": "아니양! 내가 널 이모로 만들지 않기 위해 너한테 많은 걸 배우고 느꼈어",
            "speaker": {
              "id": "1번",
              "sex": "여성",
              "age": "20대"
            },
            "speechAct": "(단언) 주장하기",
            "morpheme": "아니/IC+양/NNG+내/NP+가/JKS+널/VV+ETM+이모/NNG+로/JKB+만들/VV+지/EC+않/VX+기/ETN+위해/VV+EC+너/NP+한테/JKB+많/VA+은/ETM+걸/NNB+JKO+배우/VV+고/EC+느꼈/VV+EP+어/EC"
          },
          {
            "id": 14,
            "text": "2 : 키키 난 이모 되는 거 좋아 좀 더 분발하길 바래 ^^",
            "norm_text": "키키 난 이모 되는 거 좋아 좀 더 분발하길 바래 ^^",
            "speaker": {
              "id": "2번",
              "sex": "여성",
              "age": "20대"
            },
            "speechAct": "(단언) 주장하기",
            "morpheme": "키/NNG+키/XSV+ETN+난/VV+ETM+이모/NNG+되/XSV+는/ETM+거/NNB+좋/VA+아/EC+좀/MAG+더/MAG+분발/NNG+하/XSV+길/ETN+JKO+바래/VV+EC+^/SY+^/SY"
          },
          {
            "id": 15,
            "text": "1 : 키키 아니 너가 나 일하는 동안 애기 봐줄 거냐고 ㅠㅠ",
            "norm_text": "키키 아니 너가 나 일하는 동안 애기 봐줄 거냐고 ㅠㅠ",
            "speaker": {
              "id": "1번",
              "sex": "여성",
              "age": "20대"
            },
            "speechAct": "(단언) 주장하기",
            "morpheme": "키/NNG+키/XSV+ETN+아니/VCN+너/NP+가/JKS+나/NP+일/NNG+하/XSV+는/ETM+동안/NNG+애기/NNG+봐줄/VV+EC+VX+ETM+거/NNB+냐고/VCP+EC+ㅠㅠ/UNKNOWN"
          },
          {
            "id": 16,
            "text": "2 : 아이 돌봄 서비스 신청해 요즘 그런 거 많아",
            "norm_text": "아이 돌봄 서비스 신청해 요즘 그런 거 많아",
            "speaker": {
              "id": "2번",
              "sex": "여성",
              "age": "20대"
            },
            "speechAct": "(단언) 진술하기",
            "morpheme": "아이/NNG+돌봄/VV+ETN+서비스/NNG+신청/NNG+해/XSV+EC+요즘/MAG+그런/MM+거/NNB+많/VA+아/EC"
          }
        ]
      }
    }
  ]
}