{
  "dataset": {
    "identifier": 50943,
    "name": "KAKAO_985_13_set",
    "src_path": "/data/file/cubeManager/PROJECT001/53/txt20211006140111084326/KAKAO_985_13_set/",
    "label_path": "/data/file/cubeManager/PROJECT001/53/txt20211006140111084326/KAKAO_985_13_set/",
    "category": 2,
    "type": 0
  },
  "licenses": {
    "name": "Apache License 1.0",
    "url": "http://www.apache.org/licenses/LICENSE-1.0"
  },
  "info": [
    {
      "id": 45204,
      "filename": "KAKAO_985_13.txt",
      "title": "KAKAO_985_13",
      "mediatype": "SNS",
      "medianame": "카카오톡",
      "category": "일상대화",
      "date": "2021-10-06",
      "size": 415,
      "annotations": {
        "subject": "계절/날씨",
        "speaker_type": "1:1",
        "size": 415,
        "word_size": 148,
        "text": "1 : 이제 더 이상 태풍은 안 오겠지 오려나 키키\n2 : 글쎄 이제 안 왔으면 좋겠다 키키\n1 : 키키 그치 키키 이제 가을 날씨 계속 즐기고 싶어 키키\n2 : 아직 가을이 안 온 거 같아 아직 반팔 입고 있어\n1 : 키키 맞아 키키 아직 여름 끝물이랄까 키키\n2 : 너도 반팔 입고 있어?\n2 : 긴팔 입고 싶은데\n1 : 키키 저녁엔 확실히 쌀쌀함 키키\n2 : 가디건이랑 남방도 얼른 입고 싶음\n1 : 키키 나 그건 늘 챙겨 다님 키키\n2 : 여름이 아직 안 간 거 같아 ㅠㅠ 키키\n1 : 키키 가디건 사고 싶어 종류 별로 키키\n2 : 가디건 이쁜 거 너무 많음 키키 얼른 여름 갔으면\n1 : 외투용으로 말고 가디건 단독으로 키키\n2 : 요즘 가디건 단독으로 많이 입더라 키키\n1 : 맞제 키키  단독으로 입는 거 이쁨 키키\n2 : 저녁에는 그렇게 입기 딱 좋은 듯!",
        "lines": [
          {
            "id": 1,
            "text": "1 : 이제 더 이상 태풍은 안 오겠지 오려나 키키",
            "norm_text": "이제 더 이상 태풍은 안 오겠지 오려나 키키",
            "speaker": {
              "id": "1번",
              "sex": "여성",
              "age": "20대"
            },
            "speechAct": "(지시) 질문하기",
            "morpheme": "이제/MAG+더/MAG+이상/NNG+태풍/NNG+은/JX+안/MAG+오/VV+겠/EP+지/EC+오/VV+려나/EC+키/NNG+키/XSV+ETN"
          },
          {
            "id": 2,
            "text": "2 : 글쎄 이제 안 왔으면 좋겠다 키키",
            "norm_text": "글쎄 이제 안 왔으면 좋겠다 키키",
            "speaker": {
              "id": "2번",
              "sex": "여성",
              "age": "30대"
            },
            "speechAct": "(단언) 주장하기",
            "morpheme": "글쎄/IC+이제/MAG+안/MAG+왔/VV+EP+으면/EC+좋/VA+겠/EP+다키키/NNP"
          },
          {
            "id": 3,
            "text": "1 : 키키 그치 키키 이제 가을 날씨 계속 즐기고 싶어 키키",
            "norm_text": "키키 그치 키키 이제 가을 날씨 계속 즐기고 싶어 키키",
            "speaker": {
              "id": "1번",
              "sex": "여성",
              "age": "20대"
            },
            "speechAct": "(단언) 주장하기",
            "morpheme": "키/NNG+키/XSV+ETN+그치/IC+키/NNG+키/NNG+이제/MAG+가을/NNG+날씨/NNG+계속/MAG+즐기/VV+고/EC+싶/VX+어/EC+키/NNG+키/XSV+ETN"
          },
          {
            "id": 4,
            "text": "2 : 아직 가을이 안 온 거 같아 아직 반팔 입고 있어",
            "norm_text": "아직 가을이 안 온 거 같아 아직 반팔 입고 있어",
            "speaker": {
              "id": "2번",
              "sex": "여성",
              "age": "30대"
            },
            "speechAct": "(단언) 주장하기",
            "morpheme": "아직/MAG+가을/NNG+이/JKS+안/MAG+온/VV+ETM+거/NNB+같/VA+아/EC+아직/MAG+반팔/NNG+입/VV+고/EC+있/VX+어/EC"
          },
          {
            "id": 5,
            "text": "1 : 키키 맞아 키키 아직 여름 끝물이랄까 키키",
            "norm_text": "키키 맞아 키키 아직 여름 끝물이랄까 키키",
            "speaker": {
              "id": "1번",
              "sex": "여성",
              "age": "20대"
            },
            "speechAct": "(단언) 주장하기",
            "morpheme": "키/NNG+키/XSV+ETN+맞/VV+아/EC+키/NNG+키/NNG+아직/MAG+여름/NNG+끝물/NNG+이/VCP+랄까/EC+키/NNG+키/XSV+ETN"
          },
          {
            "id": 6,
            "text": "2 : 너도 반팔 입고 있어?",
            "norm_text": "너도 반팔 입고 있어?",
            "speaker": {
              "id": "2번",
              "sex": "여성",
              "age": "30대"
            },
            "speechAct": "(지시) 질문하기",
            "morpheme": "너/NP+도/JX+반팔/NNG+입/VV+고/EC+있/VX+어/EF"
          },
          {
            "id": 7,
            "text": "2 : 긴팔 입고 싶은데",
            "norm_text": "긴팔 입고 싶은데",
            "speaker": {
              "id": "2번",
              "sex": "여성",
              "age": "30대"
            },
            "speechAct": "(단언) 주장하기",
            "morpheme": "긴팔/NNG+입/VV+고/EC+싶/VX+은데/EC"
          },
          {
            "id": 8,
            "text": "1 : 키키 저녁엔 확실히 쌀쌀함 키키",
            "norm_text": "키키 저녁엔 확실히 쌀쌀함 키키",
            "speaker": {
              "id": "1번",
              "sex": "여성",
              "age": "20대"
            },
            "speechAct": "(단언) 주장하기",
            "morpheme": "키/NNG+키/NNG+저녁/NNG+엔/JKB+JX+확실히/MAG+쌀쌀/XR+함/XSA+ETN+키/NNG+키/XSV+ETN"
          },
          {
            "id": 9,
            "text": "2 : 가디건이랑 남방도 얼른 입고 싶음",
            "norm_text": "가디건이랑 남방도 얼른 입고 싶음",
            "speaker": {
              "id": "2번",
              "sex": "여성",
              "age": "30대"
            },
            "speechAct": "(단언) 주장하기",
            "morpheme": "가디건/NNG+이랑/JKB+남방/NNG+도/JX+얼른/MAG+입/VV+고/EC+싶/VX+음/ETN"
          },
          {
            "id": 10,
            "text": "1 : 키키 나 그건 늘 챙겨 다님 키키",
            "norm_text": "키키 나 그건 늘 챙겨 다님 키키",
            "speaker": {
              "id": "1번",
              "sex": "여성",
              "age": "20대"
            },
            "speechAct": "(단언) 주장하기",
            "morpheme": "키/NNG+키나/XSA+ETN+JX+그건/NP+JX+늘/MAG+챙겨/VV+EC+다님/NNG+키/NNG+키/XSV+ETN"
          },
          {
            "id": 11,
            "text": "2 : 여름이 아직 안 간 거 같아 ㅠㅠ 키키",
            "norm_text": "여름이 아직 안 간 거 같아 ㅠㅠ 키키",
            "speaker": {
              "id": "2번",
              "sex": "여성",
              "age": "30대"
            },
            "speechAct": "(단언) 주장하기",
            "morpheme": "여름/NNG+이/JKS+아직/MAG+안/MAG+간/VV+ETM+거/NNB+같/VA+아/EC+ㅠㅠ/UNKNOWN+키/NNG+키/XSV+ETN"
          },
          {
            "id": 12,
            "text": "1 : 키키 가디건 사고 싶어 종류 별로 키키",
            "norm_text": "키키 가디건 사고 싶어 종류 별로 키키",
            "speaker": {
              "id": "1번",
              "sex": "여성",
              "age": "20대"
            },
            "speechAct": "(단언) 주장하기",
            "morpheme": "키/NNG+키/NNG+가디건/NNG+사/VV+고/EC+싶/VX+어/EC+종류/NNG+별/XSN+로/JKB+키/NNG+키/XSV+ETN"
          },
          {
            "id": 13,
            "text": "2 : 가디건 이쁜 거 너무 많음 키키 얼른 여름 갔으면",
            "norm_text": "가디건 이쁜 거 너무 많음 키키 얼른 여름 갔으면",
            "speaker": {
              "id": "2번",
              "sex": "여성",
              "age": "30대"
            },
            "speechAct": "(단언) 주장하기",
            "morpheme": "가디건/NNG+이쁜/VA+ETM+거/NNB+너무/MAG+많/VA+음/ETN+키/NNG+키/NNG+얼른/MAG+여름/NNG+갔/VV+EP+으면/EC"
          },
          {
            "id": 14,
            "text": "1 : 외투용으로 말고 가디건 단독으로 키키",
            "norm_text": "외투용으로 말고 가디건 단독으로 키키",
            "speaker": {
              "id": "1번",
              "sex": "여성",
              "age": "20대"
            },
            "speechAct": "(단언) 주장하기",
            "morpheme": "외투/NNG+용/XSN+으로/JKB+말/VV+고/EC+가디건/NNG+단독/NNG+으로/JKB+키/NNG+키/XSV+ETN"
          },
          {
            "id": 15,
            "text": "2 : 요즘 가디건 단독으로 많이 입더라 키키",
            "norm_text": "요즘 가디건 단독으로 많이 입더라 키키",
            "speaker": {
              "id": "2번",
              "sex": "여성",
              "age": "30대"
            },
            "speechAct": "(단언) 진술하기",
            "morpheme": "요즘/NNG+가디건/NNG+단독/NNG+으로/JKB+많이/MAG+입/VV+더라/EC+키/NNG+키/XSV+ETN"
          },
          {
            "id": 16,
            "text": "1 : 맞제 키키  단독으로 입는 거 이쁨 키키",
            "norm_text": "맞제 키키  단독으로 입는 거 이쁨 키키",
            "speaker": {
              "id": "1번",
              "sex": "여성",
              "age": "20대"
            },
            "speechAct": "(단언) 주장하기",
            "morpheme": "맞/VV+제/EC+키/NNG+키/NNG+단독/NNG+으로/JKB+입/VV+는/ETM+거/NNB+이쁨/VA+ETN+키/NNG+키/XSV+ETN"
          },
          {
            "id": 17,
            "text": "2 : 저녁에는 그렇게 입기 딱 좋은 듯!",
            "norm_text": "저녁에는 그렇게 입기 딱 좋은 듯!",
            "speaker": {
              "id": "2번",
              "sex": "여성",
              "age": "30대"
            },
            "speechAct": "(단언) 주장하기",
            "morpheme": "저녁/NNG+에/JKB+는/JX+그렇게/MAG+입/VV+기/ETN+딱/MAG+좋/VA+은/ETM+듯/NNB"
          }
        ]
      }
    }
  ]
}