{
  "dataset": {
    "identifier": 45276,
    "name": "KAKAO_944_18_set",
    "src_path": "/data/file/cubeManager/PROJECT001/53/txt20211005161536076391/KAKAO_944_18_set/",
    "label_path": "/data/file/cubeManager/PROJECT001/53/txt20211005161536076391/KAKAO_944_18_set/",
    "category": 2,
    "type": 0
  },
  "licenses": {
    "name": "Apache License 1.0",
    "url": "http://www.apache.org/licenses/LICENSE-1.0"
  },
  "info": [
    {
      "id": 42115,
      "filename": "KAKAO_944_18.txt",
      "title": "KAKAO_944_18",
      "mediatype": "SNS",
      "medianame": "카카오톡",
      "category": "일상대화",
      "date": "2021-10-05",
      "size": 580,
      "annotations": {
        "subject": "상거래 전반",
        "speaker_type": "1:1",
        "size": 580,
        "word_size": 194,
        "text": "1 : 너는 쇼핑몰에서 뭐 잘못 사면 반품하나?\n2 : 예전엔 귀찮아서 안 했는데 요즘은 하는 편!\n1 : 아 진짜? 키키 근데 그거 할 때마다 배송비 내야 하는 게 좀 아깝더라 난\n2 : 왕복 배송비가 5천 원이니까... 부담스럽긴 하더라 ㅠㅠ\n1 : ㅜㅜ 맞재... 물론 환불 받아서 안 버리는 돈이 많긴 한데... 키키\n2 : 요즘 살 쪄서 옷을 잘 안 사가지고 ^^ 쿠팡/네이버로밖에 안 사니 반품할 일이 잘 없넹 키키\n1 : 키키 아 그래? 키키\n1 : 나는 원래 쇼핑을 잘 안 하긴 하니까...\n2 : 나도 키키 생필품 말고는 최근에 뭐 산 게 없는 것 같당 키키\n1 : 키키 그러네... 키키 나도 그냥 강아지 꺼 물건 사는 거 말곤...\n2 : 키키 그리고 코로나 땜에 안 나가니까 지출도 많이 줄고\n1 : 키키 맞다 그건 키키 밖에서 돈 쓸게 별로 없네\n2 : 응 키키 밖에 나가면 아무래도 지출도 같이 커지잖아\n1 : 응 키키 진짜 뭐 숨만 쉬어도 10만원은 쓰는 거 같군\n2 : 안 나가는 게 돈 모으는 길인 듯 키키 에유\n1 : 코로나의 장점이 있네 키키\n1 : 근데 왜 돈은 안 모이지?\n2 : 내 말이 키키 분명히 안 쓰는데 왜 똑같지? 키키",
        "lines": [
          {
            "id": 1,
            "text": "1 : 너는 쇼핑몰에서 뭐 잘못 사면 반품하나?",
            "norm_text": "너는 쇼핑몰에서 뭐 잘못 사면 반품하나?",
            "speaker": {
              "id": "1번",
              "sex": "여성",
              "age": "30대"
            },
            "speechAct": "(지시) 질문하기",
            "morpheme": "너/NP+는/JX+쇼핑몰/NNG+에서/JKB+뭐/IC+잘못/MAG+사/VV+면/EC+반품/NNG+하나/NR"
          },
          {
            "id": 2,
            "text": "2 : 예전엔 귀찮아서 안 했는데 요즘은 하는 편!",
            "norm_text": "예전엔 귀찮아서 안 했는데 요즘은 하는 편!",
            "speaker": {
              "id": "2번",
              "sex": "여성",
              "age": "30대"
            },
            "speechAct": "(단언) 진술하기",
            "morpheme": "예전/NNG+엔/JKB+JX+귀찮/VA+아서/EC+안/MAG+했/VV+EP+는데/EC+요즘/NNG+은/JX+하/VV+는/ETM+편/NNB"
          },
          {
            "id": 3,
            "text": "1 : 아 진짜? 키키 근데 그거 할 때마다 배송비 내야 하는 게 좀 아깝더라 난",
            "norm_text": "아 진짜? 키키 근데 그거 할 때마다 배송비 내야 하는 게 좀 아깝더라 난",
            "speaker": {
              "id": "1번",
              "sex": "여성",
              "age": "30대"
            },
            "speechAct": "(단언) 주장하기",
            "morpheme": "아/IC+진짜/MAG+키/NNG+키/XSV+ETN+근데/MAJ+그거/NP+할/VV+ETM+때/NNG+마다/JX+배송/NNG+비내야/NNG+하/XSV+는/ETM+게/NNB+JKS+좀/MAG+아깝/VA+더라/EF+난/NP+JX"
          },
          {
            "id": 4,
            "text": "2 : 왕복 배송비가 5천 원이니까... 부담스럽긴 하더라 ㅠㅠ",
            "norm_text": "왕복 배송비가 5천 원이니까... 부담스럽긴 하더라 ㅠㅠ",
            "speaker": {
              "id": "2번",
              "sex": "여성",
              "age": "30대"
            },
            "speechAct": "(단언) 주장하기",
            "morpheme": "왕복/NNG+배송/NNG+비/NNG+가/JKS+5/SN+천/NR+원/NNBC+이/VCP+니까/EC+./SY+./SY+부담/NNG+스럽/XSA+긴/ETN+JX+하/VX+더라/EF+ㅠㅠ/UNKNOWN"
          },
          {
            "id": 5,
            "text": "1 : ㅜㅜ 맞재... 물론 환불 받아서 안 버리는 돈이 많긴 한데... 키키",
            "norm_text": "ㅜㅜ 맞재... 물론 환불 받아서 안 버리는 돈이 많긴 한데... 키키",
            "speaker": {
              "id": "1번",
              "sex": "여성",
              "age": "30대"
            },
            "speechAct": "(단언) 주장하기",
            "morpheme": "ㅜㅜ맞재/UNKNOWN+./SY+물론/MAG+환불/NNG+받/VV+아서/EC+안/MAG+버리/VV+는/ETM+돈/NNG+이/JKS+많/VA+긴/ETN+JX+한데/VX+EC+./SY+./SY+키/NNG+키/XSV+ETN"
          },
          {
            "id": 6,
            "text": "2 : 요즘 살 쪄서 옷을 잘 안 사가지고 ^^ 쿠팡/네이버로밖에 안 사니 반품할 일이 잘 없넹 키키",
            "norm_text": "요즘 살 쪄서 옷을 잘 안 사가지고 ^^ 쿠팡/네이버로밖에 안 사니 반품할 일이 잘 없넹 키키",
            "speaker": {
              "id": "2번",
              "sex": "여성",
              "age": "30대"
            },
            "speechAct": "(단언) 진술하기",
            "morpheme": "요즘/NNG+살/NNG+쪄서/VV+EC+옷/NNG+을/JKO+잘/MAG+안/MAG+사/VV+EC+가지/VX+고/EC+^/SY+^/SY+쿠팡/NNP+//SC+네이버/NNP+로/JKB+밖에/JX+안/MAG+사/VV+니/EC+반품/NNG+할/XSV+ETM+일/NNG+이/JKS+잘/MAG+없/VA+넹/NNP+키키/NNP"
          },
          {
            "id": 7,
            "text": "1 : 키키 아 그래? 키키",
            "norm_text": "키키 아 그래? 키키",
            "speaker": {
              "id": "1번",
              "sex": "여성",
              "age": "30대"
            },
            "speechAct": "(단언) 주장하기",
            "morpheme": "키/NNG+키/VV+아/EC+그래/VV+EF+키/NNG+키/XSV+ETN"
          },
          {
            "id": 8,
            "text": "1 : 나는 원래 쇼핑을 잘 안 하긴 하니까...",
            "norm_text": "나는 원래 쇼핑을 잘 안 하긴 하니까...",
            "speaker": {
              "id": "1번",
              "sex": "여성",
              "age": "30대"
            },
            "speechAct": "(단언) 진술하기",
            "morpheme": "나/NP+는/JX+원래/MAG+쇼핑/NNG+을/JKO+잘/MAG+안/MAG+하/VV+긴/ETN+JX+하/VX+니까/EC+./SY+./SY"
          },
          {
            "id": 9,
            "text": "2 : 나도 키키 생필품 말고는 최근에 뭐 산 게 없는 것 같당 키키",
            "norm_text": "나도 키키 생필품 말고는 최근에 뭐 산 게 없는 것 같당 키키",
            "speaker": {
              "id": "2번",
              "sex": "여성",
              "age": "30대"
            },
            "speechAct": "(단언) 주장하기",
            "morpheme": "나/NP+도/JX+키/NNG+키/NNG+생필품/NNG+말/VV+고/EC+는/JX+최근/NNG+에/JKB+뭐/IC+산/VV+ETM+게/NNB+JKS+없/VA+는/ETM+것/NNB+같/VA+당/EF+키/NNG+키/XSV+ETN"
          },
          {
            "id": 10,
            "text": "1 : 키키 그러네... 키키 나도 그냥 강아지 꺼 물건 사는 거 말곤...",
            "norm_text": "키키 그러네... 키키 나도 그냥 강아지 꺼 물건 사는 거 말곤...",
            "speaker": {
              "id": "1번",
              "sex": "여성",
              "age": "30대"
            },
            "speechAct": "(단언) 진술하기",
            "morpheme": "키/NNG+키/XSV+ETN+그러/VV+네/EF+./SY+키/NNG+키나/XSA+ETN+JX+도/JX+그냥/MAG+강아지/NNG+꺼/VV+EC+물건/NNG+사/VV+는/ETM+거/NNB+말/NNG+곤/VV+EF+./SY"
          },
          {
            "id": 11,
            "text": "2 : 키키 그리고 코로나 땜에 안 나가니까 지출도 많이 줄고",
            "norm_text": "키키 그리고 코로나 땜에 안 나가니까 지출도 많이 줄고",
            "speaker": {
              "id": "2번",
              "sex": "여성",
              "age": "30대"
            },
            "speechAct": "(단언) 진술하기",
            "morpheme": "키/NNG+키/XSV+ETN+그리고/MAJ+코로나/NNG+땜/NNB+에/JKB+안/MAG+나가/VV+니까/EC+지출/NNG+도/JX+많이/MAG+줄/VV+고/EC"
          },
          {
            "id": 12,
            "text": "1 : 키키 맞다 그건 키키 밖에서 돈 쓸게 별로 없네",
            "norm_text": "키키 맞다 그건 키키 밖에서 돈 쓸게 별로 없네",
            "speaker": {
              "id": "1번",
              "sex": "여성",
              "age": "30대"
            },
            "speechAct": "(단언) 주장하기",
            "morpheme": "키/NNG+키/XSV+ETN+맞/VV+다/EF+그건/NP+JX+키/NNG+키/NNG+밖/NNG+에서/JKB+돈/NNG+쓸/VV+ETM+게/NNB+JKS+별로/MAG+없/VA+네/EC"
          },
          {
            "id": 13,
            "text": "2 : 응 키키 밖에 나가면 아무래도 지출도 같이 커지잖아",
            "norm_text": "응 키키 밖에 나가면 아무래도 지출도 같이 커지잖아",
            "speaker": {
              "id": "2번",
              "sex": "여성",
              "age": "30대"
            },
            "speechAct": "(단언) 주장하기",
            "morpheme": "응/IC+키/NNG+키/XSV+ETN+밖에/JX+나가/VV+면/EC+아무래도/MAG+지출/NNG+도/JX+같이/MAG+커지/VV+잖아/EC"
          },
          {
            "id": 14,
            "text": "1 : 응 키키 진짜 뭐 숨만 쉬어도 10만원은 쓰는 거 같군",
            "norm_text": "응 키키 진짜 뭐 숨만 쉬어도 10만원은 쓰는 거 같군",
            "speaker": {
              "id": "1번",
              "sex": "여성",
              "age": "30대"
            },
            "speechAct": "(단언) 주장하기",
            "morpheme": "응/IC+키/NNG+키/XSV+ETN+진짜/MAG+뭐/IC+숨/NNG+만/JX+쉬/VV+어도/EC+10/SN+만/NR+원/NNBC+은/JX+쓰/VV+는/ETM+거/NNB+같/VA+군/EC"
          },
          {
            "id": 15,
            "text": "2 : 안 나가는 게 돈 모으는 길인 듯 키키 에유",
            "norm_text": "안 나가는 게 돈 모으는 길인 듯 키키 에유",
            "speaker": {
              "id": "2번",
              "sex": "여성",
              "age": "30대"
            },
            "speechAct": "(단언) 주장하기",
            "morpheme": "안/MAG+나가/VV+는/ETM+게/NNB+JKS+돈/NNG+모으/VV+는/ETM+길/NNG+인/VCP+ETM+듯/NNB+키/NNG+키/NNG+에/JKB+유/NNG"
          },
          {
            "id": 16,
            "text": "1 : 코로나의 장점이 있네 키키",
            "norm_text": "코로나의 장점이 있네 키키",
            "speaker": {
              "id": "1번",
              "sex": "여성",
              "age": "30대"
            },
            "speechAct": "(단언) 주장하기",
            "morpheme": "코로나/NNG+의/JKG+장점/NNG+이/JKS+있/VA+네/EF+키/NNG+키/XSV+ETN"
          },
          {
            "id": 17,
            "text": "1 : 근데 왜 돈은 안 모이지?",
            "norm_text": "근데 왜 돈은 안 모이지?",
            "speaker": {
              "id": "1번",
              "sex": "여성",
              "age": "30대"
            },
            "speechAct": "(지시) 질문하기",
            "morpheme": "근데/MAJ+왜/MAG+돈/NNG+은/JX+안/MAG+모이/VV+지/EF"
          },
          {
            "id": 18,
            "text": "2 : 내 말이 키키 분명히 안 쓰는데 왜 똑같지? 키키",
            "norm_text": "내 말이 키키 분명히 안 쓰는데 왜 똑같지? 키키",
            "speaker": {
              "id": "2번",
              "sex": "여성",
              "age": "30대"
            },
            "speechAct": "(단언) 주장하기",
            "morpheme": "내말이/NP+JKG+NNG+JKS+키/NNG+키/XSV+ETN+분명히/MAG+안/MAG+쓰/VV+는데/EC+왜/MAG+똑같/VA+지/EF+키/NNG+키/XSV+ETN"
          }
        ]
      }
    }
  ]
}