{
  "dataset": {
    "identifier": 63723,
    "name": "KAKAO_902_05_set",
    "src_path": "/data/file/cubeManager/PROJECT001/53/txt20211005153950063617/KAKAO_902_05_set/",
    "label_path": "/data/file/cubeManager/PROJECT001/53/txt20211005153950063617/KAKAO_902_05_set/",
    "category": 2,
    "type": 0
  },
  "licenses": {
    "name": "Apache License 1.0",
    "url": "http://www.apache.org/licenses/LICENSE-1.0"
  },
  "info": [
    {
      "id": 41542,
      "filename": "KAKAO_902_05.txt",
      "title": "KAKAO_902_05",
      "mediatype": "SNS",
      "medianame": "카카오톡",
      "category": "일상대화",
      "date": "2021-10-05",
      "size": 790,
      "annotations": {
        "subject": "군대",
        "speaker_type": "다자간 대화",
        "size": 790,
        "word_size": 244,
        "text": "1 : 우선 나는 못하겠네...\n1 : 너네 이제 전역하고 복학들 했지?\n2 : 난 벌써 예비군 1년 차라구 후훗!\n3 : 난 2년 차야 나보다 후임이네 키키\n1 : 키키 겁나 웃기네 저는 안 가는 입장이라 존경합니다 행님더ㅕㄹ\n2 : 다른 중대도 아저씨라 하는 마당에 후임이라니 너무한 거 아니냐 키키\n3 : 키키 야야 너 육군이야 공군이야 해병이야\n1 : 저는 민간인인데 꼽사리 가능한가요\n2 : 승진 5군단 통신병입니다 잘 부탁 드립니다\n3 : 키키 난 운전병이었는데 베스트 드라이버\n1 : 키키 우리 오빠도 운전병이었는데 ! 일반 차보다 훨씬 무겁다던데 운전하기\n2 : 맞아 나 장비 점검하다 차량 시동 걸어봤는데 핸들 엄청 묵직함 대단하다 ㄷㄷ\n3 : 통신병은 뭐하냐 보통 난 운전한다 치고\n1 : 키키 아니 나도 껴 달라고 ㅠㅠ 우리 오빠도 운전병이었다니까 ? 나도 이것저것 들어봤어\n2 : 통신병 그냥 행군 할 때 더듬이 달린 철 가방 들고 하염 없이 걷기...?\n3 : 더듬이는 왜 달려 있냐\n1 : 통신하려면 안테나 달려 있어야지 ㅠㅠ\n2 : 키키 아마 ** 오빠보다 나이 더 많을걸? 80년생이었던 거 같다\n3 : 키키 야 근데 더듬이 가방 무겁나\n1 : 무겁겠지 키키 군대 물건들 다 엄청 오래 쓰지 않아?\n2 : 그치 수통에 물 채워 놨는데 안에 곰팡이 피어있고 그랬어 ㅠ\n3 : 윽, 먹으면 병 걸릴 거 같아서 안마셔\n1 : 맞아 나도 그거 봤어. 수통에서 오줌 냄새 같은 거 난다며 ... 으\n2 : 그렇기도 하고... 나 저번에 군대에서 족구 하다가 고라니 발견해서 잡으러 뛰어다니고 그랬어 키키\n3 : 잡아서 뭐하게 구워 먹냐",
        "lines": [
          {
            "id": 1,
            "text": "1 : 우선 나는 못하겠네...",
            "norm_text": "우선 나는 못하겠네...",
            "speaker": {
              "id": "1번",
              "sex": "여성",
              "age": "20대"
            },
            "speechAct": "(단언) 주장하기",
            "morpheme": "우선/MAG+나/NP+는/JX+못하/VX+겠/EP+네/EF+./SY"
          },
          {
            "id": 2,
            "text": "1 : 너네 이제 전역하고 복학들 했지?",
            "norm_text": "너네 이제 전역하고 복학들 했지?",
            "speaker": {
              "id": "1번",
              "sex": "여성",
              "age": "20대"
            },
            "speechAct": "(지시) 질문하기",
            "morpheme": "너/NP+네/XSN+이제/MAG+전역/NNG+하/XSV+고/EC+복학/NNG+들/XSN+했/VV+EP+지/EF"
          },
          {
            "id": 3,
            "text": "2 : 난 벌써 예비군 1년 차라구 후훗!",
            "norm_text": "난 벌써 예비군 1년 차라구 후훗!",
            "speaker": {
              "id": "2번",
              "sex": "남성",
              "age": "20대"
            },
            "speechAct": "(단언) 진술하기",
            "morpheme": "난/NP+JX+벌써/MAG+예비군/NNG+1/SN+년/NNBC+차/NNG+라구/VCP+EC+후훗/IC"
          },
          {
            "id": 4,
            "text": "3 : 난 2년 차야 나보다 후임이네 키키",
            "norm_text": "난 2년 차야 나보다 후임이네 키키",
            "speaker": {
              "id": "3번",
              "sex": "남성",
              "age": "20대"
            },
            "speechAct": "(단언) 진술하기",
            "morpheme": "난/NP+JX+2/SN+년/NNBC+차/NNG+야/VCP+EF+나/NP+보다/JKB+후임/NNG+이/JKS+네/MM+키/NNG+키/XSV+ETN"
          },
          {
            "id": 5,
            "text": "1 : 키키 겁나 웃기네 저는 안 가는 입장이라 존경합니다 행님더ㅕㄹ",
            "norm_text": "키키 겁나 웃기네 저는 안 가는 입장이라 존경합니다 행님더ㅕㄹ",
            "speaker": {
              "id": "1번",
              "sex": "여성",
              "age": "20대"
            },
            "speechAct": "(단언) 주장하기",
            "morpheme": "키/NNG+키/XSV+ETN+겁나/VV+EC+웃기/VV+네/EF+저/NP+는/JX+안/MAG+가/VV+는/ETM+입장/NNG+이/VCP+라/EC+존경/NNG+합니다/XSV+EF+행/NNG+님/XSN+더ㅕ/UNKNOWN+ㄹ/JKQ"
          },
          {
            "id": 6,
            "text": "2 : 다른 중대도 아저씨라 하는 마당에 후임이라니 너무한 거 아니냐 키키",
            "norm_text": "다른 중대도 아저씨라 하는 마당에 후임이라니 너무한 거 아니냐 키키",
            "speaker": {
              "id": "2번",
              "sex": "남성",
              "age": "20대"
            },
            "speechAct": "(단언) 주장하기",
            "morpheme": "다른/MM+중대/NNG+도/JX+아저씨/NNG+라/VCP+EC+하/VV+는/ETM+마당/NNG+에/JKB+후임/NNG+이/VCP+라니/EC+너무/MAG+한/XSA+ETM+거/NNB+아니/VCN+냐/EC+키/NNG+키/XSV+ETN"
          },
          {
            "id": 7,
            "text": "3 : 키키 야야 너 육군이야 공군이야 해병이야",
            "norm_text": "키키 야야 너 육군이야 공군이야 해병이야",
            "speaker": {
              "id": "3번",
              "sex": "남성",
              "age": "20대"
            },
            "speechAct": "(지시) 질문하기",
            "morpheme": "키/NNG+키야/NNP+야/JKV+너/NP+육군/NNG+이/VCP+야/EC+공군/NNG+이/VCP+야/EC+해병/NNG+이/VCP+야/EC"
          },
          {
            "id": 8,
            "text": "1 : 저는 민간인인데 꼽사리 가능한가요",
            "norm_text": "저는 민간인인데 꼽사리 가능한가요",
            "speaker": {
              "id": "1번",
              "sex": "여성",
              "age": "20대"
            },
            "speechAct": "(지시) 질문하기",
            "morpheme": "저/NP+는/JX+민간인/NNG+인데/VCP+EC+꼽사리/NNG+가능/NNG+한/XSA+ETM+가요/NNG"
          },
          {
            "id": 9,
            "text": "2 : 승진 5군단 통신병입니다 잘 부탁 드립니다",
            "norm_text": "승진 5군단 통신병입니다 잘 부탁 드립니다",
            "speaker": {
              "id": "2번",
              "sex": "남성",
              "age": "20대"
            },
            "speechAct": "(단언) 진술하기",
            "morpheme": "승진/NNG+5/SN+군단/NNBC+통신병/NNG+입니다/VCP+EF+잘/MAG+부탁드립니다/VV+EC"
          },
          {
            "id": 10,
            "text": "3 : 키키 난 운전병이었는데 베스트 드라이버",
            "norm_text": "키키 난 운전병이었는데 베스트 드라이버",
            "speaker": {
              "id": "3번",
              "sex": "남성",
              "age": "20대"
            },
            "speechAct": "(단언) 진술하기",
            "morpheme": "키/NNG+키/XSV+ETN+난/VV+ETM+운전병/NNG+이/VCP+었/EP+는데/EC+베스트/NNG+드라이버/NNG"
          },
          {
            "id": 11,
            "text": "1 : 키키 우리 오빠도 운전병이었는데 ! 일반 차보다 훨씬 무겁다던데 운전하기",
            "norm_text": "키키 우리 오빠도 운전병이었는데 ! 일반 차보다 훨씬 무겁다던데 운전하기",
            "speaker": {
              "id": "1번",
              "sex": "여성",
              "age": "20대"
            },
            "speechAct": "(단언) 진술하기",
            "morpheme": "키/NNG+키/XSV+ETN+우리/NP+오빠/NNG+도/JX+운전병/NNG+이/VCP+었/EP+는데/EC+!/SY+일반/NNG+차/NNG+보다/JKB+훨씬/MAG+무겁/VA+다던데/EC+운전/NNG+하/XSV+기/ETN"
          },
          {
            "id": 12,
            "text": "2 : 맞아 나 장비 점검하다 차량 시동 걸어봤는데 핸들 엄청 묵직함 대단하다 ㄷㄷ",
            "norm_text": "맞아 나 장비 점검하다 차량 시동 걸어봤는데 핸들 엄청 묵직함 대단하다 ㄷㄷ",
            "speaker": {
              "id": "2번",
              "sex": "남성",
              "age": "20대"
            },
            "speechAct": "(단언) 주장하기",
            "morpheme": "맞/VV+아나/EC+장비/NNG+점검/NNG+하/XSV+다/EC+차량/NNG+시동/NNG+걸/VV+어/EC+봤/VX+EP+는데/EC+핸들/NNG+엄청/MAG+묵직/XR+함/XSA+ETN+대단/XR+하/XSA+다/EC+ㄷ/NNG+ㄷ/NNG"
          },
          {
            "id": 13,
            "text": "3 : 통신병은 뭐하냐 보통 난 운전한다 치고",
            "norm_text": "통신병은 뭐하냐 보통 난 운전한다 치고",
            "speaker": {
              "id": "3번",
              "sex": "남성",
              "age": "20대"
            },
            "speechAct": "(지시) 질문하기",
            "morpheme": "통신병/NNG+은/JX+뭐/IC+하/VV+냐/EC+보통/NNG+난/VV+ETM+운전/NNG+한다/XSV+EC+치/VV+고/EC"
          },
          {
            "id": 14,
            "text": "1 : 키키 아니 나도 껴 달라고 ㅠㅠ 우리 오빠도 운전병이었다니까 ? 나도 이것저것 들어봤어",
            "norm_text": "키키 아니 나도 껴 달라고 ㅠㅠ 우리 오빠도 운전병이었다니까 ? 나도 이것저것 들어봤어",
            "speaker": {
              "id": "1번",
              "sex": "여성",
              "age": "20대"
            },
            "speechAct": "(지시) 부탁하기",
            "morpheme": "키/NNG+키/XSV+ETN+아니/VCN+나/NP+도/JX+껴/VV+EC+달/VX+라고/EC+ㅠㅠ/UNKNOWN+우리/NP+오빠/NNG+도/JX+운전병/NNG+이/VCP+었/EP+다니까/EF+나/NP+도/JX+이것저것/NNG+들/VV+어/EC+봤/VX+EP+어/EC"
          },
          {
            "id": 15,
            "text": "2 : 통신병 그냥 행군 할 때 더듬이 달린 철 가방 들고 하염 없이 걷기...?",
            "norm_text": "통신병 그냥 행군 할 때 더듬이 달린 철 가방 들고 하염 없이 걷기...?",
            "speaker": {
              "id": "2번",
              "sex": "남성",
              "age": "20대"
            },
            "speechAct": "(단언) 진술하기",
            "morpheme": "통신병/NNG+그냥/MAG+행군/NNG+할/XSV+ETM+때/NNG+더듬이/NNG+달린/VV+ETM+철가방/NNG+들/VV+고/EC+하염없이/MAG+걷/VV+기/ETN+./SY+./SY"
          },
          {
            "id": 16,
            "text": "3 : 더듬이는 왜 달려 있냐",
            "norm_text": "더듬이는 왜 달려 있냐",
            "speaker": {
              "id": "3번",
              "sex": "남성",
              "age": "20대"
            },
            "speechAct": "(지시) 질문하기",
            "morpheme": "더듬이/NNG+는/JX+왜/MAG+달려/VV+EC+있/VX+냐/EC"
          },
          {
            "id": 17,
            "text": "1 : 통신하려면 안테나 달려 있어야지 ㅠㅠ",
            "norm_text": "통신하려면 안테나 달려 있어야지 ㅠㅠ",
            "speaker": {
              "id": "1번",
              "sex": "여성",
              "age": "20대"
            },
            "speechAct": "(단언) 진술하기",
            "morpheme": "통신/NNG+하/XSV+려면/EC+안테나/NNG+달려/VV+EC+있/VX+어야지/EF+ㅠㅠ/UNKNOWN"
          },
          {
            "id": 18,
            "text": "2 : 키키 아마 ** 오빠보다 나이 더 많을걸? 80년생이었던 거 같다",
            "norm_text": "키키 아마 ** 오빠보다 나이 더 많을걸? 80년생이었던 거 같다",
            "speaker": {
              "id": "2번",
              "sex": "남성",
              "age": "20대"
            },
            "speechAct": "(단언) 진술하기",
            "morpheme": "키/NNG+키/XSV+ETN+아마/MAG+*/SY+*/SY+오빠/NNG+보다/JKB+나이/NNG+더/MAG+많/VA+을/ETM+걸/NNB+JKO+?/SY+80/SN+년/NNBC+생/XSN+이/VCP+었/EP+던/ETM+거/NNB+같/VA+다/EC"
          },
          {
            "id": 19,
            "text": "3 : 키키 야 근데 더듬이 가방 무겁나",
            "norm_text": "키키 야 근데 더듬이 가방 무겁나",
            "speaker": {
              "id": "3번",
              "sex": "남성",
              "age": "20대"
            },
            "speechAct": "(지시) 질문하기",
            "morpheme": "키/NNG+키/NNG+야/VCP+EF+근데/MAJ+더듬이/NNG+가/JKS+방/NNG+무겁/VA+나/EC"
          },
          {
            "id": 20,
            "text": "1 : 무겁겠지 키키 군대 물건들 다 엄청 오래 쓰지 않아?",
            "norm_text": "무겁겠지 키키 군대 물건들 다 엄청 오래 쓰지 않아?",
            "speaker": {
              "id": "1번",
              "sex": "여성",
              "age": "20대"
            },
            "speechAct": "(지시) 질문하기",
            "morpheme": "무겁/VA+겠/EP+지/EC+키/NNG+키/NNG+군대/NNG+물건/NNG+들/XSN+다/MAG+엄청/MAG+오래/MAG+쓰/VV+지/EC+않/VX+아/EF"
          },
          {
            "id": 21,
            "text": "2 : 그치 수통에 물 채워 놨는데 안에 곰팡이 피어있고 그랬어 ㅠ",
            "norm_text": "그치 수통에 물 채워 놨는데 안에 곰팡이 피어있고 그랬어 ㅠ",
            "speaker": {
              "id": "2번",
              "sex": "남성",
              "age": "20대"
            },
            "speechAct": "(단언) 진술하기",
            "morpheme": "그치/IC+수통/NNG+에/JKB+물/NNG+채워/VV+EC+놨는데/VX+EP+EC+안/NNG+에/JKB+곰팡/NNG+이/JKS+피/VV+어/EC+있/VX+고/EC+그랬/VV+EP+어ㅠ/UNKNOWN"
          },
          {
            "id": 22,
            "text": "3 : 윽, 먹으면 병 걸릴 거 같아서 안마셔",
            "norm_text": "윽, 먹으면 병 걸릴 거 같아서 안마셔",
            "speaker": {
              "id": "3번",
              "sex": "남성",
              "age": "20대"
            },
            "speechAct": "(단언) 주장하기",
            "morpheme": "윽/IC+,/SC+먹/VV+으면/EC+병/NNG+걸릴/VV+ETM+거/NNB+같/VA+아서/EC+안/MAG+마셔/VV+EC"
          },
          {
            "id": 23,
            "text": "1 : 맞아 나도 그거 봤어. 수통에서 오줌 냄새 같은 거 난다며 ... 으",
            "norm_text": "맞아 나도 그거 봤어. 수통에서 오줌 냄새 같은 거 난다며 ... 으",
            "speaker": {
              "id": "1번",
              "sex": "여성",
              "age": "20대"
            },
            "speechAct": "(단언) 진술하기",
            "morpheme": "맞/VV+아/EC+나/NP+도/JX+그거/NP+봤/VV+EP+어/EF+수통/NNG+에서/JKB+오줌/NNG+냄새/NNG+같/VA+은/ETM+거/NNB+난다며/VV+EC+./SY+./SY+으/IC"
          },
          {
            "id": 24,
            "text": "2 : 그렇기도 하고... 나 저번에 군대에서 족구 하다가 고라니 발견해서 잡으러 뛰어다니고 그랬어 키키",
            "norm_text": "그렇기도 하고... 나 저번에 군대에서 족구 하다가 고라니 발견해서 잡으러 뛰어다니고 그랬어 키키",
            "speaker": {
              "id": "2번",
              "sex": "남성",
              "age": "20대"
            },
            "speechAct": "(단언) 진술하기",
            "morpheme": "그렇/VA+기/ETN+도/JX+하/VV+고/EC+./SY+./SY+나/NP+저번/NNG+에/JKB+군대/NNG+에서/JKB+족구/NNG+하/XSV+다가/EC+고라니/NNG+발견/NNG+해서/XSV+EC+잡/VV+으러/EC+뛰어다니/VV+고/EC+그랬/VV+EP+어/EC+키/NNG+키/XSV+ETN"
          },
          {
            "id": 25,
            "text": "3 : 잡아서 뭐하게 구워 먹냐",
            "norm_text": "잡아서 뭐하게 구워 먹냐",
            "speaker": {
              "id": "3번",
              "sex": "남성",
              "age": "20대"
            },
            "speechAct": "(지시) 질문하기",
            "morpheme": "잡/VV+아서/EC+뭐/IC+하/VV+게/EC+구워/VV+EC+먹/VV+냐/EC"
          }
        ]
      }
    }
  ]
}