{
  "dataset": {
    "identifier": 67878,
    "name": "KAKAO_981_07_set",
    "src_path": "/data/file/cubeManager/PROJECT001/53/txt20211006122540080183/KAKAO_981_07_set/",
    "label_path": "/data/file/cubeManager/PROJECT001/53/txt20211006122540080183/KAKAO_981_07_set/",
    "category": 2,
    "type": 0
  },
  "licenses": {
    "name": "Apache License 1.0",
    "url": "http://www.apache.org/licenses/LICENSE-1.0"
  },
  "info": [
    {
      "id": 43007,
      "filename": "KAKAO_981_07.txt",
      "title": "KAKAO_981_07",
      "mediatype": "SNS",
      "medianame": "카카오톡",
      "category": "일상대화",
      "date": "2021-10-06",
      "size": 775,
      "annotations": {
        "subject": "가족",
        "speaker_type": "다자간 대화",
        "size": 775,
        "word_size": 244,
        "text": "1 : 옥동자 아들 티비에서 보신 적 있어요?\n2 : 네네 완전 똑같이 생겼죠? 키키\n3 : 옥동자가 누군지 잘 모르겠어요 ㅠ\n1 : 헐... 그럴 수 있겠네요 한 30대부터 알려나? 엄청 못 생긴 걸로 유명했던 개그맨이요\n2 : 근데 진짜 아들이 아빠랑 똑같이 생겼어요!\n3 : 와 저도 찾아봤는데 진짜 똑같네요\n1 : 저는 어릴 때는 아빠 닮았다는 소리 들었는데 이제는 엄마 닮았다는 사람이 많은 거 같아요\n2 : 맞아요! 지난번에 어머니 산책할 때 만났었잖아요 진짜 닮았어요!\n3 : 막 눈코입 이런 데가 닮았다기 보다 분위기나 이런 게 비슷해요\n1 : 오호... 진짜요? 저희 언니가 엄마랑 닮았거든요\n2 : 아 맞아요! 언니는 어머니랑 더 닮은 거 같아요\n3 : 저는 언니 분은 못 뵈어서 ㅠ\n1 : 두 분은 부모님 중에 어느 분을 닮았어요?\n2 : 저는 엄마를 좀 닮은 것 같아요\n3 : 저는 아빠? 아빠를 좀 더 많이 닮았어요\n1 : 그런데 이게 닮지 말아야 할 것도 많이 닮았어요 아빠의 약한 치아, 엄마의 약한 피부 키키키\n2 : 저도 그래요 엄마랑 체질까지 닮았어요\n3 : 저도 약간 그런 거 같기도 해요\n1 : 그러고 보니 언니만 맏이고 저희 둘은 동생이자 막내네요?\n2 : 오? 그러고 보니 그렇네요?\n3 : 저는 근데 오빠랑 정신연령이 비슷한 거 같아요 흠 어쩌면 제가 더 위인지도?\n1 : 아 근데 오빠 있는 집 진짜 궁금해요 막 비 올 때 우산 가지고 나온다 던지\n2 : 예전 만화책에서 많이 나오던 오빠 느낌이죠? 하하\n3 : 네에에에? 오빠가 그런 걸 한다고요?\n3 : 비를 그냥 맞고 가고 말죠!",
        "lines": [
          {
            "id": 1,
            "text": "1 : 옥동자 아들 티비에서 보신 적 있어요?",
            "norm_text": "옥동자 아들 티비에서 보신 적 있어요?",
            "speaker": {
              "id": "1번",
              "sex": "여성",
              "age": "30대"
            },
            "speechAct": "(지시) 질문하기",
            "morpheme": "옥동자/NNG+아들/NNG+티비/NNG+에서/JKB+보/VV+신/EP+ETM+적/NNB+있/VA+어요/EF"
          },
          {
            "id": 2,
            "text": "2 : 네네 완전 똑같이 생겼죠? 키키",
            "norm_text": "네네 완전 똑같이 생겼죠? 키키",
            "speaker": {
              "id": "2번",
              "sex": "여성",
              "age": "40대"
            },
            "speechAct": "(단언) 주장하기",
            "morpheme": "네네/IC+완전/MAG+똑같이/MAG+생겼/VV+EP+죠/EF+키/NNG+키/XSV+ETN"
          },
          {
            "id": 3,
            "text": "3 : 옥동자가 누군지 잘 모르겠어요 ㅠ",
            "norm_text": "옥동자가 누군지 잘 모르겠어요 ㅠ",
            "speaker": {
              "id": "3번",
              "sex": "여성",
              "age": "10대"
            },
            "speechAct": "(단언) 주장하기",
            "morpheme": "옥동자/NNG+가/JKS+누군지/NP+VCP+EC+잘/MAG+모르/VV+겠/EP+어요/EF+ㅠ/UNKNOWN"
          },
          {
            "id": 4,
            "text": "1 : 헐... 그럴 수 있겠네요 한 30대부터 알려나? 엄청 못 생긴 걸로 유명했던 개그맨이요",
            "norm_text": "헐... 그럴 수 있겠네요 한 30대부터 알려나? 엄청 못 생긴 걸로 유명했던 개그맨이요",
            "speaker": {
              "id": "1번",
              "sex": "여성",
              "age": "30대"
            },
            "speechAct": "(단언) 진술하기",
            "morpheme": "헐/IC+./SY+그럴/VV+ETM+수/NNB+있/VV+겠/EP+네요/EF+한/MM+30/SN+대/NNBC+부터/JX+알/VV+려나/EF+엄청/MAG+못생긴/VA+ETM+걸로/NNB+JKB+유명/NNG+했/XSV+EP+던/ETM+개그맨/NNG+이/VCP+요/EC"
          },
          {
            "id": 5,
            "text": "2 : 근데 진짜 아들이 아빠랑 똑같이 생겼어요!",
            "norm_text": "근데 진짜 아들이 아빠랑 똑같이 생겼어요!",
            "speaker": {
              "id": "2번",
              "sex": "여성",
              "age": "40대"
            },
            "speechAct": "(단언) 주장하기",
            "morpheme": "근데/MAJ+진짜/MAG+아들/NNG+이/JKS+아빠/NNG+랑/JKB+똑같이/MAG+생겼/VV+EP+어요/EF"
          },
          {
            "id": 6,
            "text": "3 : 와 저도 찾아봤는데 진짜 똑같네요",
            "norm_text": "와 저도 찾아봤는데 진짜 똑같네요",
            "speaker": {
              "id": "3번",
              "sex": "여성",
              "age": "10대"
            },
            "speechAct": "(단언) 주장하기",
            "morpheme": "와/IC+저/NP+도/JX+찾/VV+아/EC+봤/VX+EP+는데/EC+진짜/MAG+똑같/VA+네요/EC"
          },
          {
            "id": 7,
            "text": "1 : 저는 어릴 때는 아빠 닮았다는 소리 들었는데 이제는 엄마 닮았다는 사람이 많은 거 같아요",
            "norm_text": "저는 어릴 때는 아빠 닮았다는 소리 들었는데 이제는 엄마 닮았다는 사람이 많은 거 같아요",
            "speaker": {
              "id": "1번",
              "sex": "여성",
              "age": "30대"
            },
            "speechAct": "(단언) 주장하기",
            "morpheme": "저/NP+는/JX+어릴/VA+ETM+때/NNG+는/JX+아빠/NNG+닮/VV+았/EP+다는/ETM+소리/NNG+들/VV+었/EP+는데/EC+이제/NNG+는/JX+엄마/NNG+닮/VV+았/EP+다는/ETM+사람/NNG+이/JKS+많/VA+은/ETM+거/NNB+같/VA+아요/EC"
          },
          {
            "id": 8,
            "text": "2 : 맞아요! 지난번에 어머니 산책할 때 만났었잖아요 진짜 닮았어요!",
            "norm_text": "맞아요! 지난번에 어머니 산책할 때 만났었잖아요 진짜 닮았어요!",
            "speaker": {
              "id": "2번",
              "sex": "여성",
              "age": "40대"
            },
            "speechAct": "(단언) 주장하기",
            "morpheme": "맞/VV+아요/EF+지난번/NNG+에/JKB+어머니/NNG+산책/NNG+할/XSV+ETM+때/NNG+만났/VV+EP+었잖/EC+VX+아요/EF+진짜/MAG+닮/VV+았/EP+어요/EF"
          },
          {
            "id": 9,
            "text": "3 : 막 눈코입 이런 데가 닮았다기 보다 분위기나 이런 게 비슷해요",
            "norm_text": "막 눈코입 이런 데가 닮았다기 보다 분위기나 이런 게 비슷해요",
            "speaker": {
              "id": "3번",
              "sex": "여성",
              "age": "10대"
            },
            "speechAct": "(단언) 주장하기",
            "morpheme": "막눈/NNG+코/XSV+EC+입/NNG+이런/MM+데/NNB+가/JKS+닮/VV+았/EP+다기/ETN+보다/JKB+분위기/NNG+나/JC+이런/MM+게/NNB+JKS+비슷/XR+해요/XSA+EC"
          },
          {
            "id": 10,
            "text": "1 : 오호... 진짜요? 저희 언니가 엄마랑 닮았거든요",
            "norm_text": "오호... 진짜요? 저희 언니가 엄마랑 닮았거든요",
            "speaker": {
              "id": "1번",
              "sex": "여성",
              "age": "30대"
            },
            "speechAct": "(단언) 주장하기",
            "morpheme": "오호/IC+./SY+진짜/MAG+요/JX+저희/NP+언니/NNG+가/JKS+엄마/NNG+랑/JKB+닮/VV+았/EP+거든요/EF"
          },
          {
            "id": 11,
            "text": "2 : 아 맞아요! 언니는 어머니랑 더 닮은 거 같아요",
            "norm_text": "아 맞아요! 언니는 어머니랑 더 닮은 거 같아요",
            "speaker": {
              "id": "2번",
              "sex": "여성",
              "age": "40대"
            },
            "speechAct": "(단언) 주장하기",
            "morpheme": "아/IC+맞/VV+아요/EF+언니/NNG+는/JX+어머니/NNG+랑/JKB+더/MAG+닮/VV+은/ETM+거/NNB+같/VA+아요/EC"
          },
          {
            "id": 12,
            "text": "3 : 저는 언니 분은 못 뵈어서 ㅠ",
            "norm_text": "저는 언니 분은 못 뵈어서 ㅠ",
            "speaker": {
              "id": "3번",
              "sex": "여성",
              "age": "10대"
            },
            "speechAct": "(단언) 진술하기",
            "morpheme": "저/NP+는/JX+언니/NNG+분/NNB+은/JX+못/MAG+뵈/VV+어서/EC+ㅠ/UNKNOWN"
          },
          {
            "id": 13,
            "text": "1 : 두 분은 부모님 중에 어느 분을 닮았어요?",
            "norm_text": "두 분은 부모님 중에 어느 분을 닮았어요?",
            "speaker": {
              "id": "1번",
              "sex": "여성",
              "age": "30대"
            },
            "speechAct": "(지시) 질문하기",
            "morpheme": "두/MM+분/NNBC+은/JX+부모/NNG+님/XSN+중/NNB+에/JKB+어느/MM+분/NNB+을/JKO+닮/VV+았/EP+어요/EF"
          },
          {
            "id": 14,
            "text": "2 : 저는 엄마를 좀 닮은 것 같아요",
            "norm_text": "저는 엄마를 좀 닮은 것 같아요",
            "speaker": {
              "id": "2번",
              "sex": "여성",
              "age": "40대"
            },
            "speechAct": "(단언) 주장하기",
            "morpheme": "저/NP+는/JX+엄마/NNG+를/JKO+좀/MAG+닮/VV+은/ETM+것/NNB+같/VA+아요/EC"
          },
          {
            "id": 15,
            "text": "3 : 저는 아빠? 아빠를 좀 더 많이 닮았어요",
            "norm_text": "저는 아빠? 아빠를 좀 더 많이 닮았어요",
            "speaker": {
              "id": "3번",
              "sex": "여성",
              "age": "10대"
            },
            "speechAct": "(단언) 주장하기",
            "morpheme": "저/NP+는/JX+아빠/NNG+?/SY+아빠/NNG+를/JKO+좀/MAG+더/MAG+많이/MAG+닮/VV+았/EP+어요/EF"
          },
          {
            "id": 16,
            "text": "1 : 그런데 이게 닮지 말아야 할 것도 많이 닮았어요 아빠의 약한 치아, 엄마의 약한 피부 키키키",
            "norm_text": "그런데 이게 닮지 말아야 할 것도 많이 닮았어요 아빠의 약한 치아, 엄마의 약한 피부 키키키",
            "speaker": {
              "id": "1번",
              "sex": "여성",
              "age": "30대"
            },
            "speechAct": "(단언) 주장하기",
            "morpheme": "그런데/MAJ+이게/NP+JKS+닮/VV+지/EC+말/VX+아야/EC+할/VX+ETM+것/NNB+도/JX+많이/MAG+닮/VV+았/EP+어요/EF+아빠/NNG+의/JKG+약한/VA+ETM+치아/NNG+,/SC+엄마/NNG+의/JKG+약한/VA+ETM+피부/NNG+키/NNG+키/NNG+키/XSV+ETN"
          },
          {
            "id": 17,
            "text": "2 : 저도 그래요 엄마랑 체질까지 닮았어요",
            "norm_text": "저도 그래요 엄마랑 체질까지 닮았어요",
            "speaker": {
              "id": "2번",
              "sex": "여성",
              "age": "40대"
            },
            "speechAct": "(단언) 주장하기",
            "morpheme": "저/NP+도/JX+그래요/VA+EC+엄마/NNG+랑/JKB+체질/NNG+까지/JX+닮/VV+았/EP+어요/EF"
          },
          {
            "id": 18,
            "text": "3 : 저도 약간 그런 거 같기도 해요",
            "norm_text": "저도 약간 그런 거 같기도 해요",
            "speaker": {
              "id": "3번",
              "sex": "여성",
              "age": "10대"
            },
            "speechAct": "(단언) 주장하기",
            "morpheme": "저/NP+도/JX+약간/MAG+그런/VA+ETM+거/NNB+같/VA+기/ETN+도/JX+해요/VV+EC"
          },
          {
            "id": 19,
            "text": "1 : 그러고 보니 언니만 맏이고 저희 둘은 동생이자 막내네요?",
            "norm_text": "그러고 보니 언니만 맏이고 저희 둘은 동생이자 막내네요?",
            "speaker": {
              "id": "1번",
              "sex": "여성",
              "age": "30대"
            },
            "speechAct": "(단언) 진술하기",
            "morpheme": "그러/VV+고/EC+보/VX+니/EC+언니/NNG+만/JX+맏/XPN+이/VCP+고/EC+저희/NP+둘/NR+은/JX+동생/NNG+이/JKS+자막/NNG+내/VV+네요/EF"
          },
          {
            "id": 20,
            "text": "2 : 오? 그러고 보니 그렇네요?",
            "norm_text": "오? 그러고 보니 그렇네요?",
            "speaker": {
              "id": "2번",
              "sex": "여성",
              "age": "40대"
            },
            "speechAct": "턴토크 사인(관습적 반응)",
            "morpheme": "오/IC+그러/VV+고/EC+보/VX+니/EC+그렇/VA+네요/EF"
          },
          {
            "id": 21,
            "text": "3 : 저는 근데 오빠랑 정신연령이 비슷한 거 같아요 흠 어쩌면 제가 더 위인지도?",
            "norm_text": "저는 근데 오빠랑 정신연령이 비슷한 거 같아요 흠 어쩌면 제가 더 위인지도?",
            "speaker": {
              "id": "3번",
              "sex": "여성",
              "age": "10대"
            },
            "speechAct": "(단언) 주장하기",
            "morpheme": "저/NP+는/JX+근데/MAJ+오빠/NNG+랑/JKB+정신/NNG+연령/NNG+이/JKS+비슷/XR+한/XSA+ETM+거/NNB+같/VA+아요/EF+흠/IC+어쩌면/MAG+제/NP+가/JKS+더위/NNG+인지/VCP+EC+도/JX"
          },
          {
            "id": 22,
            "text": "1 : 아 근데 오빠 있는 집 진짜 궁금해요 막 비 올 때 우산 가지고 나온다 던지",
            "norm_text": "아 근데 오빠 있는 집 진짜 궁금해요 막 비 올 때 우산 가지고 나온다 던지",
            "speaker": {
              "id": "1번",
              "sex": "여성",
              "age": "30대"
            },
            "speechAct": "(단언) 주장하기",
            "morpheme": "아/IC+근데/MAJ+오빠/NNG+있/VA+는/ETM+집/NNG+진짜/MAG+궁금/XR+해요/XSA+EF+막비/MAG+올/MM+때/NNG+우산/NNG+가지/VV+고/EC+나온다/VV+EF+던지/VCP+EC"
          },
          {
            "id": 23,
            "text": "2 : 예전 만화책에서 많이 나오던 오빠 느낌이죠? 하하",
            "norm_text": "예전 만화책에서 많이 나오던 오빠 느낌이죠? 하하",
            "speaker": {
              "id": "2번",
              "sex": "여성",
              "age": "40대"
            },
            "speechAct": "(단언) 주장하기",
            "morpheme": "예전/NNG+만화책/NNG+에서/JKB+많이/MAG+나오/VV+던/ETM+오빠/NNG+느낌/NNG+이/VCP+죠/EF+하하/MAG"
          },
          {
            "id": 24,
            "text": "3 : 네에에에? 오빠가 그런 걸 한다고요?",
            "norm_text": "네에에에? 오빠가 그런 걸 한다고요?",
            "speaker": {
              "id": "3번",
              "sex": "여성",
              "age": "10대"
            },
            "speechAct": "(지시) 질문하기",
            "morpheme": "네/IC+에에에/IC+오빠/NNG+가/JKS+그런/MM+걸/NNB+JKO+한다고요/VV+EF"
          },
          {
            "id": 25,
            "text": "3 : 비를 그냥 맞고 가고 말죠!",
            "norm_text": "비를 그냥 맞고 가고 말죠!",
            "speaker": {
              "id": "3번",
              "sex": "여성",
              "age": "10대"
            },
            "speechAct": "(단언) 주장하기",
            "morpheme": "비/NNG+를/JKO+그냥/MAG+맞/VV+고/EC+가/VX+고/EC+말/VX+죠/EF"
          }
        ]
      }
    }
  ]
}