{
  "dataset": {
    "identifier": 32292,
    "name": "KAKAO_936_19_set",
    "src_path": "/data/file/cubeManager/PROJECT001/53/txt20211005162622013716/KAKAO_936_19_set/",
    "label_path": "/data/file/cubeManager/PROJECT001/53/txt20211005162622013716/KAKAO_936_19_set/",
    "category": 2,
    "type": 0
  },
  "licenses": {
    "name": "Apache License 1.0",
    "url": "http://www.apache.org/licenses/LICENSE-1.0"
  },
  "info": [
    {
      "id": 42416,
      "filename": "KAKAO_936_19.txt",
      "title": "KAKAO_936_19",
      "mediatype": "SNS",
      "medianame": "카카오톡",
      "category": "일상대화",
      "date": "2021-10-05",
      "size": 535,
      "annotations": {
        "subject": "방송/연예",
        "speaker_type": "1:1",
        "size": 535,
        "word_size": 183,
        "text": "1 : 키키 어제 un 총회 탄이들 연설 부분 전 세계에서 99만 명 봤대 키키\n2 : 대박 키키 맞네 전 세계에서 다 보겠네\n1 : 진심 너무 자랑스러운 가수이긴 한데 키키\n1 : 콘서트 못 갈까 봐 조마조마 ㅠㅠ\n1 : 경쟁률 어쩔 거야\n2 : 키키 어떡해 콘서트 티켓팅 장난 아닐 듯\n1 : 애들 라이브 진짜 미쳤다 하더라고 키키\n1 : 진짜 라이브로 듣고 싶은데\n2 : 미쳤다 그럼 고척돔에서 콘서트 하려나?\n1 : 그러지 않을까?\n1 : 젤 넓은 데서 해도 다 수용 못할걸 키키\n2 : 그다음 넓은 곳이 잠실인가...\n2 : 진짜 다 수용 못할 듯\n1 : 일단 올콘이 진리잖아 키키\n1 : 올콘을 원하는데 실상은 하루라도 가면 다행\n2 : 올콘 뛰는 사람들이 진짜 대단한 거 같애\n1 : 키키 올콘을 위해 체력도 미리 키워 놔야 키키\n2 : 맞아 키키 게다가 스탠딩이면 더\n1 : 아 근데 올콘 가면 돈 얼마나 깨질까 키키\n2 : 몇 달 굶어야 될 듯 ㅠㅠ 키키\n2 : 적금 들어야겠다\n1 : 키키 맞아 적금을 미리 들어 놔야 함 키키 그거밖엔...\n2 : 실제로 듣고 보면 진짜 좋겠다",
        "lines": [
          {
            "id": 1,
            "text": "1 : 키키 어제 un 총회 탄이들 연설 부분 전 세계에서 99만 명 봤대 키키",
            "norm_text": "키키 어제 un 총회 탄이들 연설 부분 전 세계에서 99만 명 봤대 키키",
            "speaker": {
              "id": "1번",
              "sex": "여성",
              "age": "20대"
            },
            "speechAct": "(단언) 주장하기",
            "morpheme": "키/NNG+키/NNG+어제/NNG+un/SL+총/MM+회탄/NNG+이/JKS+들연/NNG+설부/NNG+분전/NNG+세계/NNG+에서/JKB+99/SN+만/NR+명/NNBC+봤/VV+EP+대/XPN+키/NNG+키/XSV+ETN"
          },
          {
            "id": 2,
            "text": "2 : 대박 키키 맞네 전 세계에서 다 보겠네",
            "norm_text": "대박 키키 맞네 전 세계에서 다 보겠네",
            "speaker": {
              "id": "2번",
              "sex": "여성",
              "age": "30대"
            },
            "speechAct": "(단언) 주장하기",
            "morpheme": "대박/NNG+키/NNG+키/XSV+ETN+맞/VV+네/EF+전/MM+세계/NNG+에서/JKB+다/MAG+보/VV+겠/EP+네/EF"
          },
          {
            "id": 3,
            "text": "1 : 진심 너무 자랑스러운 가수이긴 한데 키키",
            "norm_text": "진심 너무 자랑스러운 가수이긴 한데 키키",
            "speaker": {
              "id": "1번",
              "sex": "여성",
              "age": "20대"
            },
            "speechAct": "(단언) 주장하기",
            "morpheme": "진심/NNG+너무/MAG+자랑/NNG+스러운/XSA+ETM+가수/NNG+이/VCP+긴/ETN+JX+한데/VX+EC+키/NNG+키/XSV+ETN"
          },
          {
            "id": 4,
            "text": "1 : 콘서트 못 갈까 봐 조마조마 ㅠㅠ",
            "norm_text": "콘서트 못 갈까 봐 조마조마 ㅠㅠ",
            "speaker": {
              "id": "1번",
              "sex": "여성",
              "age": "20대"
            },
            "speechAct": "(단언) 주장하기",
            "morpheme": "콘서트/NNG+못/MAG+갈까/VV+EC+봐/VX+EF+조마조마/MAG+ㅠㅠ/UNKNOWN"
          },
          {
            "id": 5,
            "text": "1 : 경쟁률 어쩔 거야",
            "norm_text": "경쟁률 어쩔 거야",
            "speaker": {
              "id": "1번",
              "sex": "여성",
              "age": "20대"
            },
            "speechAct": "(단언) 주장하기",
            "morpheme": "경쟁/NNG+률/XSN+어쩔/VV+ETM+거/NNB+야/VCP+EF"
          },
          {
            "id": 6,
            "text": "2 : 키키 어떡해 콘서트 티켓팅 장난 아닐 듯",
            "norm_text": "키키 어떡해 콘서트 티켓팅 장난 아닐 듯",
            "speaker": {
              "id": "2번",
              "sex": "여성",
              "age": "30대"
            },
            "speechAct": "(단언) 주장하기",
            "morpheme": "키/NNG+키/XSV+ETN+어떡/XR+해/XSA+EC+콘서트/NNG+티켓/NNG+팅/MAG+장난/NNG+아닐/VCN+ETM+듯/NNB"
          },
          {
            "id": 7,
            "text": "1 : 애들 라이브 진짜 미쳤다 하더라고 키키",
            "norm_text": "애들 라이브 진짜 미쳤다 하더라고 키키",
            "speaker": {
              "id": "1번",
              "sex": "여성",
              "age": "20대"
            },
            "speechAct": "(단언) 주장하기",
            "morpheme": "애/NNG+들/XSN+라이브/NNG+진짜/MAG+미쳤/VV+EP+다/EC+하/VV+더라고/EC+키/NNG+키/XSV+ETN"
          },
          {
            "id": 8,
            "text": "1 : 진짜 라이브로 듣고 싶은데",
            "norm_text": "진짜 라이브로 듣고 싶은데",
            "speaker": {
              "id": "1번",
              "sex": "여성",
              "age": "20대"
            },
            "speechAct": "(단언) 주장하기",
            "morpheme": "진짜/MAG+라이브/NNG+로/JKB+듣/VV+고/EC+싶/VX+은데/EC"
          },
          {
            "id": 9,
            "text": "2 : 미쳤다 그럼 고척돔에서 콘서트 하려나?",
            "norm_text": "미쳤다 그럼 고척돔에서 콘서트 하려나?",
            "speaker": {
              "id": "2번",
              "sex": "여성",
              "age": "30대"
            },
            "speechAct": "(단언) 주장하기",
            "morpheme": "미쳤/VV+EP+다/EF+그럼/MAJ+고척/NNP+돔/NNG+에서/JKB+콘서트/NNG+하/XSA+려나/EF"
          },
          {
            "id": 10,
            "text": "1 : 그러지 않을까?",
            "norm_text": "그러지 않을까?",
            "speaker": {
              "id": "1번",
              "sex": "여성",
              "age": "20대"
            },
            "speechAct": "(단언) 주장하기",
            "morpheme": "그러/VV+지/EC+않/VX+을까/EF"
          },
          {
            "id": 11,
            "text": "1 : 젤 넓은 데서 해도 다 수용 못할걸 키키",
            "norm_text": "젤 넓은 데서 해도 다 수용 못할걸 키키",
            "speaker": {
              "id": "1번",
              "sex": "여성",
              "age": "20대"
            },
            "speechAct": "(단언) 주장하기",
            "morpheme": "젤/MAG+넓/VA+은/ETM+데/NNB+서/JKB+해도/VV+EC+다수/NNG+용못/NNG+할/XSV+ETM+걸/NNB+JKO+키/NNG+키/XSV+ETN"
          },
          {
            "id": 12,
            "text": "2 : 그다음 넓은 곳이 잠실인가...",
            "norm_text": "그다음 넓은 곳이 잠실인가...",
            "speaker": {
              "id": "2번",
              "sex": "여성",
              "age": "30대"
            },
            "speechAct": "(단언) 주장하기",
            "morpheme": "그/MM+다음/NNG+넓/VA+은/ETM+곳/NNG+이/JKS+잠실/NNP+인가/VCP+EF+./SY"
          },
          {
            "id": 13,
            "text": "2 : 진짜 다 수용 못할 듯",
            "norm_text": "진짜 다 수용 못할 듯",
            "speaker": {
              "id": "2번",
              "sex": "여성",
              "age": "30대"
            },
            "speechAct": "(단언) 주장하기",
            "morpheme": "진짜/MAG+다수/NNG+용못/NNG+할/XSV+ETM+듯/NNB"
          },
          {
            "id": 14,
            "text": "1 : 일단 올콘이 진리잖아 키키",
            "norm_text": "일단 올콘이 진리잖아 키키",
            "speaker": {
              "id": "1번",
              "sex": "여성",
              "age": "20대"
            },
            "speechAct": "(단언) 주장하기",
            "morpheme": "일단/MAG+올/MM+콘/NNG+이/JKS+진리/NNG+잖아/VCP+EC+VX+EC+키/NNG+키/XSV+ETN"
          },
          {
            "id": 15,
            "text": "1 : 올콘을 원하는데 실상은 하루라도 가면 다행",
            "norm_text": "올콘을 원하는데 실상은 하루라도 가면 다행",
            "speaker": {
              "id": "1번",
              "sex": "여성",
              "age": "20대"
            },
            "speechAct": "(단언) 주장하기",
            "morpheme": "올/MM+콘/NNG+을/JKO+원하/VV+는데/EC+실상/NNG+은/JX+하루/NNG+라도/VCP+EC+가/VX+면/EC+다행/NNG"
          },
          {
            "id": 16,
            "text": "2 : 올콘 뛰는 사람들이 진짜 대단한 거 같애",
            "norm_text": "올콘 뛰는 사람들이 진짜 대단한 거 같애",
            "speaker": {
              "id": "2번",
              "sex": "여성",
              "age": "30대"
            },
            "speechAct": "(단언) 주장하기",
            "morpheme": "올/MM+콘/NNG+뛰/VV+는/ETM+사람/NNG+들/XSN+이/JKS+진짜/MAG+대단/XR+한/XSA+ETM+거/NNB+같/VA+애/EC"
          },
          {
            "id": 17,
            "text": "1 : 키키 올콘을 위해 체력도 미리 키워 놔야 키키",
            "norm_text": "키키 올콘을 위해 체력도 미리 키워 놔야 키키",
            "speaker": {
              "id": "1번",
              "sex": "여성",
              "age": "20대"
            },
            "speechAct": "(단언) 주장하기",
            "morpheme": "키/NNG+키/XSV+ETN+올/MM+콘/NNG+을/JKO+위해/VV+EC+체력/NNG+도/JX+미리/MAG+키워/VV+EC+놔야/VX+EC+키/NNG+키/XSV+ETN"
          },
          {
            "id": 18,
            "text": "2 : 맞아 키키 게다가 스탠딩이면 더",
            "norm_text": "맞아 키키 게다가 스탠딩이면 더",
            "speaker": {
              "id": "2번",
              "sex": "여성",
              "age": "30대"
            },
            "speechAct": "(단언) 주장하기",
            "morpheme": "맞/VV+아/EC+키/NNG+키/XSV+ETN+게다가/MAG+스탠딩/NNG+이/VCP+면/EC+더/MAG"
          },
          {
            "id": 19,
            "text": "1 : 아 근데 올콘 가면 돈 얼마나 깨질까 키키",
            "norm_text": "아 근데 올콘 가면 돈 얼마나 깨질까 키키",
            "speaker": {
              "id": "1번",
              "sex": "여성",
              "age": "20대"
            },
            "speechAct": "(단언) 주장하기",
            "morpheme": "아/IC+근데/MAJ+올/MM+콘/NNG+가/VV+면/EC+돈/NNG+얼마나/MAG+깨/VV+질까/EC+VX+EC+키/NNG+키/XSV+ETN"
          },
          {
            "id": 20,
            "text": "2 : 몇 달 굶어야 될 듯 ㅠㅠ 키키",
            "norm_text": "몇 달 굶어야 될 듯 ㅠㅠ 키키",
            "speaker": {
              "id": "2번",
              "sex": "여성",
              "age": "30대"
            },
            "speechAct": "(단언) 주장하기",
            "morpheme": "몇/MM+달/NNBC+굶/VV+어야/EC+될/VV+ETM+듯/NNB+ㅠㅠ/UNKNOWN+키/NNG+키/XSV+ETN"
          },
          {
            "id": 21,
            "text": "2 : 적금 들어야겠다",
            "norm_text": "적금 들어야겠다",
            "speaker": {
              "id": "2번",
              "sex": "여성",
              "age": "30대"
            },
            "speechAct": "(단언) 주장하기",
            "morpheme": "적금/NNG+들어야/VV+EC+VX+겠/EP+다/EC"
          },
          {
            "id": 22,
            "text": "1 : 키키 맞아 적금을 미리 들어 놔야 함 키키 그거밖엔...",
            "norm_text": "키키 맞아 적금을 미리 들어 놔야 함 키키 그거밖엔...",
            "speaker": {
              "id": "1번",
              "sex": "여성",
              "age": "20대"
            },
            "speechAct": "(단언) 주장하기",
            "morpheme": "키/NNG+키/XSV+ETN+맞/VV+아/EC+적금/NNG+을/JKO+미리/MAG+들/VV+어/EC+놔야/VX+EC+함/VX+ETN+키/NNG+키/XSV+ETN+그거/NP+밖엔/JX+JX+./SY"
          },
          {
            "id": 23,
            "text": "2 : 실제로 듣고 보면 진짜 좋겠다",
            "norm_text": "실제로 듣고 보면 진짜 좋겠다",
            "speaker": {
              "id": "2번",
              "sex": "여성",
              "age": "30대"
            },
            "speechAct": "(단언) 주장하기",
            "morpheme": "실제로/MAG+듣/VV+고/EC+보/VX+면/EC+진짜/MAG+좋/VA+겠/EP+다/EC"
          }
        ]
      }
    }
  ]
}