{
  "dataset": {
    "identifier": 68844,
    "name": "KAKAO_960_08_set",
    "src_path": "/data/file/cubeManager/PROJECT001/53/txt20211006122344043763/KAKAO_960_08_set/",
    "label_path": "/data/file/cubeManager/PROJECT001/53/txt20211006122344043763/KAKAO_960_08_set/",
    "category": 2,
    "type": 0
  },
  "licenses": {
    "name": "Apache License 1.0",
    "url": "http://www.apache.org/licenses/LICENSE-1.0"
  },
  "info": [
    {
      "id": 42908,
      "filename": "KAKAO_960_08.txt",
      "title": "KAKAO_960_08",
      "mediatype": "SNS",
      "medianame": "카카오톡",
      "category": "일상대화",
      "date": "2021-10-06",
      "size": 956,
      "annotations": {
        "subject": "연애/결혼",
        "speaker_type": "다자간 대화",
        "size": 956,
        "word_size": 292,
        "text": "1 : 요즘은 스몰웨딩이 유행이네요\n2 : 스몰 웨딩이요? 그렇구나...\n3 : 이게 몇몇 연예인들이 하고 나서 더 유행 타기 시작한 것 같아요\n1 : 네 근데 또 코로나 때문에 인원 제한이 생겨서 더 그런 것도 같아요\n2 : 오오 그렇네요 소규모 웨딩이 정말 많아졌어요\n3 : 아 또 코로나... 정말 지긋지긋해요 ㅜㅜ\n1 : 근데 스몰 웨딩 나름 괜찮은 것 같아요 돈도 절약하고\n2 : 그래도 대부분 한 번 뿐인 결혼식인데 화려하게 하고 싶을 것 같아요\n3 : 음~ 맞아요! 드레스도 예쁜 거 입고 그날 최고로 예쁜 사람이 되고 싶을 것 같아요\n1 : 근데 사실 제가 결혼식을 올리게 되면 사월이도 챙겨야 돼서 정원에서 하는 스몰 웨딩이 딱 좋을 것 같아요\n2 : 그렇구나... 하긴 사월이도 계속 보고 있을 수 있고 마음 껏 뛰어 놀 수도 있는 곳이면 더 좋긴 하겠어요\n3 : 오오! 맞아요! 요새는 스몰웨딩 하면 야외 정원 같은 곳에서 많이 하던데 딱 좋겠어요\n1 : 제 남자친구도 그렇고 저도 그렇고 뭘 막 화려하게 하는 것도 별로 안 좋아하고 그래서 스몰웨딩도 생각 중이거든요\n2 : 하하 서로에게 참 좋은 여자친구 남자친구를 만났네요\n3 : 그러게요! 전 사실 결혼 생각이 없어서 잘 몰랐는데 스몰웨딩도 괜찮을 것 같네요!\n1 : 아직 남자친구가 없어서 그런 거에요~\n1 : 생기면 또 달라질 수도 있어요\n2 : 전 지금이 너무 행복하고 좋아서 저도 결혼 생각은 아직 없어요\n3 : 하하 맞아요 남자친구가 없어서 더 그런 걸 수도 있는데 저도 있다고 해도 결혼은 잘 모르겠어요\n1 : 음음~ 그럴 수 있죠 연애는 필수 결혼은 선택이란 노래 가사도 있잖아요 키키\n2 : 나중에 결혼 날짜 잡히면 저희도 알려주세요\n3 : 꺄아아아 결혼이라니! 미리 너무 축하 드려요!\n1 : 키키 아직 날짜 안 잡혔어요 키키 그래도 감사해요\n2 : 하하 다음에 남자친구가 남편이 되면 저희가 밥 한 번 쏠게요\n3 : 오오 좋은 생각이에요! 맛있는 거 쏠게요!",
        "lines": [
          {
            "id": 1,
            "text": "1 : 요즘은 스몰웨딩이 유행이네요",
            "norm_text": "요즘은 스몰웨딩이 유행이네요",
            "speaker": {
              "id": "1번",
              "sex": "여성",
              "age": "30대"
            },
            "speechAct": "(단언) 진술하기",
            "morpheme": "요즘/NNG+은/JX+스몰/NNP+웨딩/NNP+이/JKS+유행/NNG+이/VCP+네요/EC"
          },
          {
            "id": 2,
            "text": "2 : 스몰 웨딩이요? 그렇구나...",
            "norm_text": "스몰 웨딩이요? 그렇구나...",
            "speaker": {
              "id": "2번",
              "sex": "여성",
              "age": "40대"
            },
            "speechAct": "턴토크 사인(관습적 반응)",
            "morpheme": "스몰/NNP+웨딩/NNP+이요/JX+그렇/VA+구나/EF+./SY"
          },
          {
            "id": 3,
            "text": "3 : 이게 몇몇 연예인들이 하고 나서 더 유행 타기 시작한 것 같아요",
            "norm_text": "이게 몇몇 연예인들이 하고 나서 더 유행 타기 시작한 것 같아요",
            "speaker": {
              "id": "3번",
              "sex": "여성",
              "age": "10대"
            },
            "speechAct": "(단언) 주장하기",
            "morpheme": "이게/NP+JKS+몇몇/MM+연예인/NNG+들/XSN+이/JKS+하/VV+고/EC+나/VX+서/EC+더/MAG+유행/NNG+타/VV+기/ETN+시작/NNG+한/XSA+ETM+것/NNB+같/VA+아요/EC"
          },
          {
            "id": 4,
            "text": "1 : 네 근데 또 코로나 때문에 인원 제한이 생겨서 더 그런 것도 같아요",
            "norm_text": "네 근데 또 코로나 때문에 인원 제한이 생겨서 더 그런 것도 같아요",
            "speaker": {
              "id": "1번",
              "sex": "여성",
              "age": "30대"
            },
            "speechAct": "(단언) 주장하기",
            "morpheme": "네/IC+근데/MAJ+또/MAG+코로나/NNG+때문/NNB+에/JKB+인원/NNG+제한/NNG+이/JKS+생겨서/VV+EC+더/MAG+그런/MM+것/NNB+도/JX+같/VA+아요/EC"
          },
          {
            "id": 5,
            "text": "2 : 오오 그렇네요 소규모 웨딩이 정말 많아졌어요",
            "norm_text": "오오 그렇네요 소규모 웨딩이 정말 많아졌어요",
            "speaker": {
              "id": "2번",
              "sex": "여성",
              "age": "40대"
            },
            "speechAct": "(단언) 진술하기",
            "morpheme": "오오/IC+그렇/VA+네요/EF+소규모/NNP+웨딩/NNP+이/JKS+정말/MAG+많/VA+아/EC+졌어요/VX+EP+EC"
          },
          {
            "id": 6,
            "text": "3 : 아 또 코로나... 정말 지긋지긋해요 ㅜㅜ",
            "norm_text": "아 또 코로나... 정말 지긋지긋해요 ㅜㅜ",
            "speaker": {
              "id": "3번",
              "sex": "여성",
              "age": "10대"
            },
            "speechAct": "(단언) 주장하기",
            "morpheme": "아/IC+또/MAG+코로나/NNG+./SY+./SY+정말지긋지긋해요ㅜㅜ/UNKNOWN"
          },
          {
            "id": 7,
            "text": "1 : 근데 스몰 웨딩 나름 괜찮은 것 같아요 돈도 절약하고",
            "norm_text": "근데 스몰 웨딩 나름 괜찮은 것 같아요 돈도 절약하고",
            "speaker": {
              "id": "1번",
              "sex": "여성",
              "age": "30대"
            },
            "speechAct": "(단언) 주장하기",
            "morpheme": "근데/MAJ+스몰/NNP+웨딩/NNP+나름/NNB+괜찮/VA+은/ETM+것/NNB+같/VA+아요/EF+돈/NNG+도/JX+절약/NNG+하/XSV+고/EC"
          },
          {
            "id": 8,
            "text": "2 : 그래도 대부분 한 번 뿐인 결혼식인데 화려하게 하고 싶을 것 같아요",
            "norm_text": "그래도 대부분 한 번 뿐인 결혼식인데 화려하게 하고 싶을 것 같아요",
            "speaker": {
              "id": "2번",
              "sex": "여성",
              "age": "40대"
            },
            "speechAct": "(단언) 주장하기",
            "morpheme": "그래도/MAJ+대부분/NNG+한/MM+번/NNBC+뿐/JX+인/VCP+ETM+결혼식/NNG+인데/VCP+EC+화려/XR+하/XSA+게/EC+하/VV+고/EC+싶/VX+을/ETM+것/NNB+같/VA+아요/EC"
          },
          {
            "id": 9,
            "text": "3 : 음~ 맞아요! 드레스도 예쁜 거 입고 그날 최고로 예쁜 사람이 되고 싶을 것 같아요",
            "norm_text": "음~ 맞아요! 드레스도 예쁜 거 입고 그날 최고로 예쁜 사람이 되고 싶을 것 같아요",
            "speaker": {
              "id": "3번",
              "sex": "여성",
              "age": "10대"
            },
            "speechAct": "(단언) 주장하기",
            "morpheme": "음/IC+~/SY+맞/VV+아요/EF+드레스/NNG+도/JX+예쁜/VA+ETM+거/NNB+입/VV+고/EC+그날/NNG+최고/NNG+로/JKB+예쁜/VA+ETM+사람/NNG+이/JKS+되/VV+고/EC+싶/VX+을/ETM+것/NNB+같/VA+아요/EC"
          },
          {
            "id": 10,
            "text": "1 : 근데 사실 제가 결혼식을 올리게 되면 사월이도 챙겨야 돼서 정원에서 하는 스몰 웨딩이 딱 좋을 것 같아요",
            "norm_text": "근데 사실 제가 결혼식을 올리게 되면 사월이도 챙겨야 돼서 정원에서 하는 스몰 웨딩이 딱 좋을 것 같아요",
            "speaker": {
              "id": "1번",
              "sex": "여성",
              "age": "30대"
            },
            "speechAct": "(단언) 주장하기",
            "morpheme": "근데/MAJ+사실/MAG+제/NP+가/JKS+결혼식/NNG+을/JKO+올리/VV+게/EC+되/VV+면/EC+사월/NNG+이/VCP+도/EC+챙겨야/VV+EC+돼서/VV+EC+정원/NNG+에서/JKB+하/VV+는/ETM+스몰/NNP+웨딩/NNP+이/JKS+딱/MAG+좋/VA+을/ETM+것/NNB+같/VA+아요/EC"
          },
          {
            "id": 11,
            "text": "2 : 그렇구나... 하긴 사월이도 계속 보고 있을 수 있고 마음 껏 뛰어 놀 수도 있는 곳이면 더 좋긴 하겠어요",
            "norm_text": "그렇구나... 하긴 사월이도 계속 보고 있을 수 있고 마음 껏 뛰어 놀 수도 있는 곳이면 더 좋긴 하겠어요",
            "speaker": {
              "id": "2번",
              "sex": "여성",
              "age": "40대"
            },
            "speechAct": "(단언) 주장하기",
            "morpheme": "그렇/VA+구나/EF+./SY+하긴/MAJ+사월/NNG+이/VCP+도/EC+계속/MAG+보/VV+고/EC+있/VX+을/ETM+수/NNB+있/VV+고/EC+마음껏/MAG+뛰어놀/VV+ETM+수/NNB+도/JX+있/VX+는/ETM+곳/NNG+이/VCP+면/EC+더/MAG+좋/VA+긴/ETN+JX+하/VX+겠/EP+어요/EF"
          },
          {
            "id": 12,
            "text": "3 : 오오! 맞아요! 요새는 스몰웨딩 하면 야외 정원 같은 곳에서 많이 하던데 딱 좋겠어요",
            "norm_text": "오오! 맞아요! 요새는 스몰웨딩 하면 야외 정원 같은 곳에서 많이 하던데 딱 좋겠어요",
            "speaker": {
              "id": "3번",
              "sex": "여성",
              "age": "10대"
            },
            "speechAct": "(단언) 주장하기",
            "morpheme": "오오/IC+맞/VV+아요/EF+요새는스몰웨딩하면야외정원같은곳에서많이하던데딱좋겠어요/UNKNOWN"
          },
          {
            "id": 13,
            "text": "1 : 제 남자친구도 그렇고 저도 그렇고 뭘 막 화려하게 하는 것도 별로 안 좋아하고 그래서 스몰웨딩도 생각 중이거든요",
            "norm_text": "제 남자친구도 그렇고 저도 그렇고 뭘 막 화려하게 하는 것도 별로 안 좋아하고 그래서 스몰웨딩도 생각 중이거든요",
            "speaker": {
              "id": "1번",
              "sex": "여성",
              "age": "30대"
            },
            "speechAct": "(단언) 주장하기",
            "morpheme": "제/NP+JKG+남자/NNG+친구/NNG+도/JX+그렇/VA+고/EC+저/NP+도/JX+그렇/VA+고/EC+뭘/NP+JKO+막/MAJ+화려/XR+하/XSA+게/EC+하/VV+는/ETM+것/NNB+도/JX+별로/MAG+안/MAG+좋아하/VV+고/EC+그래서/MAJ+스몰/NNP+웨딩/NNP+도/JX+생각/NNG+중/NNB+이/VCP+거든요/EF"
          },
          {
            "id": 14,
            "text": "2 : 하하 서로에게 참 좋은 여자친구 남자친구를 만났네요",
            "norm_text": "하하 서로에게 참 좋은 여자친구 남자친구를 만났네요",
            "speaker": {
              "id": "2번",
              "sex": "여성",
              "age": "40대"
            },
            "speechAct": "(단언) 주장하기",
            "morpheme": "하하/MAG+서로/NNG+에게/JKB+참/MAG+좋/VA+은/ETM+여자/NNG+친구/NNG+남자/NNG+친구/NNG+를/JKO+만났/VV+EP+네요/EC"
          },
          {
            "id": 15,
            "text": "3 : 그러게요! 전 사실 결혼 생각이 없어서 잘 몰랐는데 스몰웨딩도 괜찮을 것 같네요!",
            "norm_text": "그러게요! 전 사실 결혼 생각이 없어서 잘 몰랐는데 스몰웨딩도 괜찮을 것 같네요!",
            "speaker": {
              "id": "3번",
              "sex": "여성",
              "age": "10대"
            },
            "speechAct": "(단언) 주장하기",
            "morpheme": "그러게/IC+요/JX+전/NP+JX+사실/MAG+결혼/NNG+생각/NNG+이/JKS+없/VA+어서/EC+잘/MAG+몰랐/VV+EP+는데/EC+스몰/NNP+웨딩/NNP+도/JX+괜찮/VA+을/ETM+것/NNB+같/VA+네요/EF"
          },
          {
            "id": 16,
            "text": "1 : 아직 남자친구가 없어서 그런 거에요~",
            "norm_text": "아직 남자친구가 없어서 그런 거에요~",
            "speaker": {
              "id": "1번",
              "sex": "여성",
              "age": "30대"
            },
            "speechAct": "(단언) 주장하기",
            "morpheme": "아직/MAG+남자/NNG+친구/NNG+가/JKS+없/VA+어서/EC+그런/MM+거/NNB+에요/VCP+EF+~/SY"
          },
          {
            "id": 17,
            "text": "1 : 생기면 또 달라질 수도 있어요",
            "norm_text": "생기면 또 달라질 수도 있어요",
            "speaker": {
              "id": "1번",
              "sex": "여성",
              "age": "30대"
            },
            "speechAct": "(단언) 주장하기",
            "morpheme": "생기/VV+면/EC+또/MAG+달라질/VV+ETM+수/NNB+도/JX+있/VA+어요/EF"
          },
          {
            "id": 18,
            "text": "2 : 전 지금이 너무 행복하고 좋아서 저도 결혼 생각은 아직 없어요",
            "norm_text": "전 지금이 너무 행복하고 좋아서 저도 결혼 생각은 아직 없어요",
            "speaker": {
              "id": "2번",
              "sex": "여성",
              "age": "40대"
            },
            "speechAct": "(단언) 주장하기",
            "morpheme": "전/MM+지금/NNG+이/JKS+너무/MAG+행복/NNG+하/XSV+고/EC+좋/VA+아서/EC+저/NP+도/JX+결혼/NNG+생각/NNG+은/JX+아직/MAG+없/VA+어요/EF"
          },
          {
            "id": 19,
            "text": "3 : 하하 맞아요 남자친구가 없어서 더 그런 걸 수도 있는데 저도 있다고 해도 결혼은 잘 모르겠어요",
            "norm_text": "하하 맞아요 남자친구가 없어서 더 그런 걸 수도 있는데 저도 있다고 해도 결혼은 잘 모르겠어요",
            "speaker": {
              "id": "3번",
              "sex": "여성",
              "age": "10대"
            },
            "speechAct": "(단언) 주장하기",
            "morpheme": "하하/MAG+맞/VV+아요/EF+남자/NNG+친구/NNG+가/JKS+없/VA+어서/EC+더/MAG+그런/MM+걸/NNB+JKO+수/NNB+도/JX+있/VA+는데/EC+저/NP+도/JX+있/VA+다고/EC+해도/VV+EC+결혼/NNG+은/JX+잘/MAG+모르/VV+겠/EP+어요/EF"
          },
          {
            "id": 20,
            "text": "1 : 음음~ 그럴 수 있죠 연애는 필수 결혼은 선택이란 노래 가사도 있잖아요 키키",
            "norm_text": "음음~ 그럴 수 있죠 연애는 필수 결혼은 선택이란 노래 가사도 있잖아요 키키",
            "speaker": {
              "id": "1번",
              "sex": "여성",
              "age": "30대"
            },
            "speechAct": "(단언) 진술하기",
            "morpheme": "음/IC+음/IC+~/SY+그럴수있죠연애는필수결혼은선택이란노래가사도있잖아요키키/UNKNOWN"
          },
          {
            "id": 21,
            "text": "2 : 나중에 결혼 날짜 잡히면 저희도 알려주세요",
            "norm_text": "나중에 결혼 날짜 잡히면 저희도 알려주세요",
            "speaker": {
              "id": "2번",
              "sex": "여성",
              "age": "40대"
            },
            "speechAct": "(지시) 명령/요구하기",
            "morpheme": "나중/NNG+에/JKB+결혼/NNG+날짜/NNG+잡히/VV+면/EC+저희/NP+도/JX+알려/VV+EC+주/VX+세요/EP+EF"
          },
          {
            "id": 22,
            "text": "3 : 꺄아아아 결혼이라니! 미리 너무 축하 드려요!",
            "norm_text": "꺄아아아 결혼이라니! 미리 너무 축하 드려요!",
            "speaker": {
              "id": "3번",
              "sex": "여성",
              "age": "10대"
            },
            "speechAct": "(단언) 주장하기",
            "morpheme": "꺄아/IC+아아/IC+결혼/NNG+이/VCP+라니/EF+미리/MAG+너무/MAG+축하/NNG+드려요/VV+EF"
          },
          {
            "id": 23,
            "text": "1 : 키키 아직 날짜 안 잡혔어요 키키 그래도 감사해요",
            "norm_text": "키키 아직 날짜 안 잡혔어요 키키 그래도 감사해요",
            "speaker": {
              "id": "1번",
              "sex": "여성",
              "age": "30대"
            },
            "speechAct": "(표현) 감사하기",
            "morpheme": "키/NNG+키/NNG+아직/MAG+날짜/NNG+안/MAG+잡혔/VV+EP+어요/EF+키/NNG+키/XSV+ETN+그래도/MAJ+감사/NNG+해요/XSV+EC"
          },
          {
            "id": 24,
            "text": "2 : 하하 다음에 남자친구가 남편이 되면 저희가 밥 한 번 쏠게요",
            "norm_text": "하하 다음에 남자친구가 남편이 되면 저희가 밥 한 번 쏠게요",
            "speaker": {
              "id": "2번",
              "sex": "여성",
              "age": "40대"
            },
            "speechAct": "(언약) 약속하기(제3자와)/(개인적 수준)",
            "morpheme": "하하/MAG+다음/NNG+에/JKB+남자/NNG+친구/NNG+가/JKS+남편/NNG+이/JKS+되/VV+면/EC+저희/NP+가/JKS+밥/NNG+한/MM+번/NNBC+쏠/VV+ETM+게요/NNB+VCP+EC"
          },
          {
            "id": 25,
            "text": "3 : 오오 좋은 생각이에요! 맛있는 거 쏠게요!",
            "norm_text": "오오 좋은 생각이에요! 맛있는 거 쏠게요!",
            "speaker": {
              "id": "3번",
              "sex": "여성",
              "age": "10대"
            },
            "speechAct": "(언약) 약속하기(제3자와)/(개인적 수준)",
            "morpheme": "오오/IC+좋/VA+은/ETM+생각/NNG+이/VCP+에요/EF+맛있/VA+는/ETM+거/NNB+쏠/VV+ETM+게/NNB+JKS+요/JX"
          }
        ]
      }
    }
  ]
}