{
  "dataset": {
    "identifier": 68053,
    "name": "KAKAO_969_05_set",
    "src_path": "/data/file/cubeManager/PROJECT001/53/txt20211006122423009329/KAKAO_969_05_set/",
    "label_path": "/data/file/cubeManager/PROJECT001/53/txt20211006122423009329/KAKAO_969_05_set/",
    "category": 2,
    "type": 0
  },
  "licenses": {
    "name": "Apache License 1.0",
    "url": "http://www.apache.org/licenses/LICENSE-1.0"
  },
  "info": [
    {
      "id": 42945,
      "filename": "KAKAO_969_05.txt",
      "title": "KAKAO_969_05",
      "mediatype": "SNS",
      "medianame": "카카오톡",
      "category": "일상대화",
      "date": "2021-10-06",
      "size": 470,
      "annotations": {
        "subject": "군대",
        "speaker_type": "1:1",
        "size": 470,
        "word_size": 149,
        "text": "1 : 나도 특전사 잘 몰랐는데 강철부대 보면서 오 저런 것도 있네 함 키키\n2 : 키키 강철부대 봐야지 봐야지 하면서 아직 안봄 키키 신기?\n1 : 키키 나도 챙겨본 건 아니고 틀다 보니까 하더라\n2 : 오호 키키 특전사들 재밌엉? 키키\n1 : 어 보니까 재밌던데? 이제는 끝났나?\n2 : 키키 오호 반응 좋아서 시즌2 나올 수도 있겠네\n1 : 그럴 수도 키키 또 거기 나온 사람들도 인기도 끌고\n2 : 키키 다들 특전사 제대하고 출연하는거라 했나?\n1 : 어 그런 것 같더라? 키키 다른 예능에도 나오더라\n2 : 키키 그렇게 방송인이 되는 것인가 보오 키키\n1 : 그런가 봄 키키 뭐 그러면 나올 만하지 키키\n2 : 키키 재밌는 경험이겠다 키키\n1 : 그럴 듯 진짜 키키 그래도 나가기 싫지만 돈 많이 받나 몰라 키키\n2 : 환승연애는 출연자들 몇 천 받는다던뎅?\n1 : 오? 진짜 어마어마하네 연예인들은 키키\n2 : 일반인들이 몇 천이니 연예인들은 얼마일지 키키",
        "lines": [
          {
            "id": 1,
            "text": "1 : 나도 특전사 잘 몰랐는데 강철부대 보면서 오 저런 것도 있네 함 키키",
            "norm_text": "나도 특전사 잘 몰랐는데 강철부대 보면서 오 저런 것도 있네 함 키키",
            "speaker": {
              "id": "1번",
              "sex": "남성",
              "age": "20대"
            },
            "speechAct": "(단언) 진술하기",
            "morpheme": "나/NP+도/JX+특전/NNG+사/VV+EC+잘/MAG+몰랐/VV+EP+는데/EC+강철/NNG+부대/NNG+보/VV+면서/EC+오/IC+저런/MM+것/NNB+도/JX+있/VA+네/EF+함/MAG+키/NNG+키/XSV+ETN"
          },
          {
            "id": 2,
            "text": "2 : 키키 강철부대 봐야지 봐야지 하면서 아직 안봄 키키 신기?",
            "norm_text": "키키 강철부대 봐야지 봐야지 하면서 아직 안봄 키키 신기?",
            "speaker": {
              "id": "2번",
              "sex": "여성",
              "age": "20대"
            },
            "speechAct": "(지시) 질문하기",
            "morpheme": "키/NNG+키/NNG+강철/NNG+부대/NNG+봐야지/VV+EC+봐야/VX+EC+VV+지/EC+하/VV+면서/EC+아직/MAG+안/MAG+봄/VV+ETN+키/NNG+키/XSV+ETN+신/VV+기/ETN"
          },
          {
            "id": 3,
            "text": "1 : 키키 나도 챙겨본 건 아니고 틀다 보니까 하더라",
            "norm_text": "키키 나도 챙겨본 건 아니고 틀다 보니까 하더라",
            "speaker": {
              "id": "1번",
              "sex": "남성",
              "age": "20대"
            },
            "speechAct": "(단언) 진술하기",
            "morpheme": "키/NNG+키나/XSA+ETN+JX+도/JX+챙겨/VV+EC+본/VX+ETM+건/NNB+JX+아니/VCN+고/EC+틀/VV+다/EC+보/VX+니까/EC+하/VV+더라/EC"
          },
          {
            "id": 4,
            "text": "2 : 오호 키키 특전사들 재밌엉? 키키",
            "norm_text": "오호 키키 특전사들 재밌엉? 키키",
            "speaker": {
              "id": "2번",
              "sex": "여성",
              "age": "20대"
            },
            "speechAct": "(지시) 질문하기",
            "morpheme": "오호키키특전사들재밌엉/UNKNOWN+키/NNG+키/XSV+ETN"
          },
          {
            "id": 5,
            "text": "1 : 어 보니까 재밌던데? 이제는 끝났나?",
            "norm_text": "어 보니까 재밌던데? 이제는 끝났나?",
            "speaker": {
              "id": "1번",
              "sex": "남성",
              "age": "20대"
            },
            "speechAct": "(지시) 질문하기",
            "morpheme": "어/IC+보/VV+니까/EC+재밌/VA+던데/EF+이제/MAG+는/JX+끝/NNG+났/VV+EP+나/EF"
          },
          {
            "id": 6,
            "text": "2 : 키키 오호 반응 좋아서 시즌2 나올 수도 있겠네",
            "norm_text": "키키 오호 반응 좋아서 시즌2 나올 수도 있겠네",
            "speaker": {
              "id": "2번",
              "sex": "여성",
              "age": "20대"
            },
            "speechAct": "(단언) 주장하기",
            "morpheme": "키/NNG+키/XSV+ETN+오/NR+호/NNBC+반응/NNG+좋/VA+아서/EC+시즌/NNG+2/SN+나올/VV+ETM+수/NNB+도/JX+있/VA+겠/EP+네/EF"
          },
          {
            "id": 7,
            "text": "1 : 그럴 수도 키키 또 거기 나온 사람들도 인기도 끌고",
            "norm_text": "그럴 수도 키키 또 거기 나온 사람들도 인기도 끌고",
            "speaker": {
              "id": "1번",
              "sex": "남성",
              "age": "20대"
            },
            "speechAct": "(단언) 주장하기",
            "morpheme": "그럴/VA+ETM+수/NNB+도/JX+키/NNG+키/NNG+또/MAG+거기/NP+나온/VV+ETM+사람/NNG+들/XSN+도/JX+인기/NNG+도/JX+끌/VV+고/EC"
          },
          {
            "id": 8,
            "text": "2 : 키키 다들 특전사 제대하고 출연하는거라 했나?",
            "norm_text": "키키 다들 특전사 제대하고 출연하는거라 했나?",
            "speaker": {
              "id": "2번",
              "sex": "여성",
              "age": "20대"
            },
            "speechAct": "(지시) 질문하기",
            "morpheme": "키/NNG+키/VV+다/EC+들/XSN+특전/NNG+사제/NNG+대하/VV+고/EC+출연/NNG+하/XSV+는/ETM+거/NNB+라/VCP+EC+했/VX+EP+나/EF"
          },
          {
            "id": 9,
            "text": "1 : 어 그런 것 같더라? 키키 다른 예능에도 나오더라",
            "norm_text": "어 그런 것 같더라? 키키 다른 예능에도 나오더라",
            "speaker": {
              "id": "1번",
              "sex": "남성",
              "age": "20대"
            },
            "speechAct": "(단언) 진술하기",
            "morpheme": "어/IC+그런/MM+것/NNB+같/VA+더라/EF+키키/NNP+다른/MM+예능/NNG+에/JKB+도/JX+나오/VV+더라/EC"
          },
          {
            "id": 10,
            "text": "2 : 키키 그렇게 방송인이 되는 것인가 보오 키키",
            "norm_text": "키키 그렇게 방송인이 되는 것인가 보오 키키",
            "speaker": {
              "id": "2번",
              "sex": "여성",
              "age": "20대"
            },
            "speechAct": "(단언) 주장하기",
            "morpheme": "키/NNG+키/XSV+ETN+그렇/VA+게/EC+방송인/NNG+이/JKS+되/VV+는/ETM+것/NNB+인가/VCP+EC+보/VX+오/EC+키/NNG+키/XSV+ETN"
          },
          {
            "id": 11,
            "text": "1 : 그런가 봄 키키 뭐 그러면 나올 만하지 키키",
            "norm_text": "그런가 봄 키키 뭐 그러면 나올 만하지 키키",
            "speaker": {
              "id": "1번",
              "sex": "남성",
              "age": "20대"
            },
            "speechAct": "(단언) 주장하기",
            "morpheme": "그런가/VA+EC+봄/NNG+키/NNG+키/XSV+ETN+뭐/IC+그러면/MAJ+나올/NNG+만/JX+하/VV+지/EC+키/NNG+키/XSV+ETN"
          },
          {
            "id": 12,
            "text": "2 : 키키 재밌는 경험이겠다 키키",
            "norm_text": "키키 재밌는 경험이겠다 키키",
            "speaker": {
              "id": "2번",
              "sex": "여성",
              "age": "20대"
            },
            "speechAct": "(단언) 주장하기",
            "morpheme": "키/NNG+키/XSV+ETN+재밌/VA+는/ETM+경험/NNG+이/VCP+겠/EP+다키키/NNP"
          },
          {
            "id": 13,
            "text": "1 : 그럴 듯 진짜 키키 그래도 나가기 싫지만 돈 많이 받나 몰라 키키",
            "norm_text": "그럴 듯 진짜 키키 그래도 나가기 싫지만 돈 많이 받나 몰라 키키",
            "speaker": {
              "id": "1번",
              "sex": "남성",
              "age": "20대"
            },
            "speechAct": "(단언) 주장하기",
            "morpheme": "그럴듯/VA+ETM+NNB+진짜/MAG+키/NNG+키/XSV+ETN+그래도/VV+EC+나가/VX+기/ETN+싫/VA+지만/EC+돈/NNG+많이/MAG+받/VV+나/EC+몰라/VV+EC+키/NNG+키/XSV+ETN"
          },
          {
            "id": 14,
            "text": "2 : 환승연애는 출연자들 몇 천 받는다던뎅?",
            "norm_text": "환승연애는 출연자들 몇 천 받는다던뎅?",
            "speaker": {
              "id": "2번",
              "sex": "여성",
              "age": "20대"
            },
            "speechAct": "(단언) 진술하기",
            "morpheme": "환승/NNG+연애/NNG+는/JX+출연/NNG+자/XSN+들/XSN+몇/MM+천/NR+받/VV+는다던/ETM+뎅/MAG"
          },
          {
            "id": 15,
            "text": "1 : 오? 진짜 어마어마하네 연예인들은 키키",
            "norm_text": "오? 진짜 어마어마하네 연예인들은 키키",
            "speaker": {
              "id": "1번",
              "sex": "남성",
              "age": "20대"
            },
            "speechAct": "(단언) 주장하기",
            "morpheme": "오/IC+진짜/MAG+어마어마/XR+하/XSA+네/EF+연예인/NNG+들/XSN+은/JX+키/NNG+키/XSV+ETN"
          },
          {
            "id": 16,
            "text": "2 : 일반인들이 몇 천이니 연예인들은 얼마일지 키키",
            "norm_text": "일반인들이 몇 천이니 연예인들은 얼마일지 키키",
            "speaker": {
              "id": "2번",
              "sex": "여성",
              "age": "20대"
            },
            "speechAct": "(단언) 주장하기",
            "morpheme": "일반인/NNG+들/XSN+이/JKS+몇/MM+천/NR+이/VCP+니/EC+연예인/NNG+들/XSN+은/JX+얼마/NNG+일지/VCP+EC+키/NNG+키/XSV+ETN"
          }
        ]
      }
    }
  ]
}