{
  "dataset": {
    "identifier": 67954,
    "name": "KAKAO_963_15_set",
    "src_path": "/data/file/cubeManager/PROJECT001/53/txt20211005163222063914/KAKAO_963_15_set/",
    "label_path": "/data/file/cubeManager/PROJECT001/53/txt20211005163222063914/KAKAO_963_15_set/",
    "category": 2,
    "type": 0
  },
  "licenses": {
    "name": "Apache License 1.0",
    "url": "http://www.apache.org/licenses/LICENSE-1.0"
  },
  "info": [
    {
      "id": 42533,
      "filename": "KAKAO_963_15.txt",
      "title": "KAKAO_963_15",
      "mediatype": "SNS",
      "medianame": "카카오톡",
      "category": "일상대화",
      "date": "2021-10-05",
      "size": 554,
      "annotations": {
        "subject": "타 국가 이슈",
        "speaker_type": "1:1",
        "size": 554,
        "word_size": 174,
        "text": "1 : 브라질 중국 영사관에 폭탄 테러가 일어났대 ㅠㅠ\n2 : 언제? 나 처음 듣네 ㅜㅜ 오늘이야?\n1 : 음 방금 뉴스 났더라고 ㅜㅜ 아휴... 근데 인명피해는 없대\n2 : 나도 기사 봐야겠다...\n2 : 다행이네 범인은 잡혔어?\n1 : 그건 몰라 키키 근데 진짜 테러 위험이 있는 나라는 살아가는 게 너무 무서울 듯\n2 : 우리나라도 그렇게 안전하지만은 안잖아 ㅠㅠ\n1 : 그니까 ㅜ 내가 지금 걸어가다가도 갑자기 폭탄 터질 수 있단 거짆아 ㅜㅜ\n2 : 맞음... 폭탄뿐 아니라 묻지 마 폭행 이런 것도 종종 발생하구\n1 : 아휴 ㅜㅜ 무섭다... 테러는 도대체 왜 하냐. 죄 없는 사람이 다치는데\n2 : 내 말이... 괜히 자기보다 강한 사람들 못 건드니까\n1 : 그러게 ㅜㅜ 그래도 한국이 그나마 안전한 듯\n2 : 그런 거 생각하면 한국이 그나마 안전하긴 하지 ㅠㅠ\n1 : 맞아 ㅜㅜ 너도 밤 늦게는 혼자 돌아다니지 마 ㅜㅜ\n2 : 나 어제 밤에 5분 정도 걸어서 집에 갔는데 무섭더라\n1 : ㅜㅜ 나는 내 강아지가 날... 지켜줄까 키키\n2 : 니가 버디 지켜줘야 될 것 같은데 키키 너가 좀 더 개같이 살아봐",
        "lines": [
          {
            "id": 1,
            "text": "1 : 브라질 중국 영사관에 폭탄 테러가 일어났대 ㅠㅠ",
            "norm_text": "브라질 중국 영사관에 폭탄 테러가 일어났대 ㅠㅠ",
            "speaker": {
              "id": "1번",
              "sex": "여성",
              "age": "30대"
            },
            "speechAct": "(단언) 주장하기",
            "morpheme": "브라질/NNP+중국/NNP+영사관/NNG+에/JKB+폭탄/NNG+테러/NNG+가/JKS+일어났/VV+EP+대/EF+ㅠㅠ/UNKNOWN"
          },
          {
            "id": 2,
            "text": "2 : 언제? 나 처음 듣네 ㅜㅜ 오늘이야?",
            "norm_text": "언제? 나 처음 듣네 ㅜㅜ 오늘이야?",
            "speaker": {
              "id": "2번",
              "sex": "여성",
              "age": "30대"
            },
            "speechAct": "(지시) 질문하기",
            "morpheme": "언제/MAG+나처음듣네ㅜㅜ오늘이야/UNKNOWN"
          },
          {
            "id": 3,
            "text": "1 : 음 방금 뉴스 났더라고 ㅜㅜ 아휴... 근데 인명피해는 없대",
            "norm_text": "음 방금 뉴스 났더라고 ㅜㅜ 아휴... 근데 인명피해는 없대",
            "speaker": {
              "id": "1번",
              "sex": "여성",
              "age": "30대"
            },
            "speechAct": "(단언) 주장하기",
            "morpheme": "음방금뉴스났더라고ㅜㅜ아휴/UNKNOWN+./SY+근데/MAJ+인명/NNG+피해/NNG+는/JX+없/VA+대/EC"
          },
          {
            "id": 4,
            "text": "2 : 나도 기사 봐야겠다...",
            "norm_text": "나도 기사 봐야겠다...",
            "speaker": {
              "id": "2번",
              "sex": "여성",
              "age": "30대"
            },
            "speechAct": "(단언) 주장하기",
            "morpheme": "나/NP+도/JX+기사/NNG+봐야겠다/VV+EC+VX+EP+EF+./SY"
          },
          {
            "id": 5,
            "text": "2 : 다행이네 범인은 잡혔어?",
            "norm_text": "다행이네 범인은 잡혔어?",
            "speaker": {
              "id": "2번",
              "sex": "여성",
              "age": "30대"
            },
            "speechAct": "(지시) 질문하기",
            "morpheme": "다행/NNG+이/JKS+네/MM+범인/NNG+은/JX+잡혔/VV+EP+어/EF"
          },
          {
            "id": 6,
            "text": "1 : 그건 몰라 키키 근데 진짜 테러 위험이 있는 나라는 살아가는 게 너무 무서울 듯",
            "norm_text": "그건 몰라 키키 근데 진짜 테러 위험이 있는 나라는 살아가는 게 너무 무서울 듯",
            "speaker": {
              "id": "1번",
              "sex": "여성",
              "age": "30대"
            },
            "speechAct": "(단언) 주장하기",
            "morpheme": "그건/NP+JX+몰라/VV+EC+키/NNG+키/XSV+ETN+근데/MAJ+진짜/MAG+테러/NNG+위험/NNG+이/JKS+있/VA+는/ETM+나라/NNG+는/JX+살아가/VV+는/ETM+게/NNB+JKS+너무/MAG+무서울/VA+ETM+듯/NNB"
          },
          {
            "id": 7,
            "text": "2 : 우리나라도 그렇게 안전하지만은 안잖아 ㅠㅠ",
            "norm_text": "우리나라도 그렇게 안전하지만은 안잖아 ㅠㅠ",
            "speaker": {
              "id": "2번",
              "sex": "여성",
              "age": "30대"
            },
            "speechAct": "(단언) 주장하기",
            "morpheme": "우리/NP+나라/NNG+도/JX+그렇/VA+게/EC+안전/NNG+하/XSV+지만/EC+은안/NNG+잖아/VCP+EC+VX+EC+ㅠㅠ/UNKNOWN"
          },
          {
            "id": 8,
            "text": "1 : 그니까 ㅜ 내가 지금 걸어가다가도 갑자기 폭탄 터질 수 있단 거짆아 ㅜㅜ",
            "norm_text": "그니까 ㅜ 내가 지금 걸어가다가도 갑자기 폭탄 터질 수 있단 거짆아 ㅜㅜ",
            "speaker": {
              "id": "1번",
              "sex": "여성",
              "age": "30대"
            },
            "speechAct": "(단언) 주장하기",
            "morpheme": "그니까/MAJ+ㅜ/UNKNOWN+내/NP+가/JKS+지금/MAG+걸어가/VV+다가/EC+도/JX+갑자기/MAG+폭탄/NNG+터질/VV+ETM+수/NNB+있/VA+단/ETM+거/NNB+짆아/UNKNOWN+ㅜㅜ/UNKNOWN"
          },
          {
            "id": 9,
            "text": "2 : 맞음... 폭탄뿐 아니라 묻지 마 폭행 이런 것도 종종 발생하구",
            "norm_text": "맞음... 폭탄뿐 아니라 묻지 마 폭행 이런 것도 종종 발생하구",
            "speaker": {
              "id": "2번",
              "sex": "여성",
              "age": "30대"
            },
            "speechAct": "(단언) 주장하기",
            "morpheme": "맞음/NNG+./SY+./SY+폭탄뿐아니라묻지마폭행이런것도종종발생하구/UNKNOWN"
          },
          {
            "id": 10,
            "text": "1 : 아휴 ㅜㅜ 무섭다... 테러는 도대체 왜 하냐. 죄 없는 사람이 다치는데",
            "norm_text": "아휴 ㅜㅜ 무섭다... 테러는 도대체 왜 하냐. 죄 없는 사람이 다치는데",
            "speaker": {
              "id": "1번",
              "sex": "여성",
              "age": "30대"
            },
            "speechAct": "(단언) 주장하기",
            "morpheme": "아휴/IC+ㅜㅜ/UNKNOWN+무섭/VA+다/EF+./SY+테러/NNG+는/JX+도대체/MAG+왜/MAG+하/XSA+냐/EF+죄/MAG+없/VA+는/ETM+사람/NNG+이/JKS+다치/VV+는데/EC"
          },
          {
            "id": 11,
            "text": "2 : 내 말이... 괜히 자기보다 강한 사람들 못 건드니까",
            "norm_text": "내 말이... 괜히 자기보다 강한 사람들 못 건드니까",
            "speaker": {
              "id": "2번",
              "sex": "여성",
              "age": "30대"
            },
            "speechAct": "(단언) 주장하기",
            "morpheme": "내말이/NP+JKG+NNG+JKS+./SY+괜히/MAG+자기/NP+보다/JKB+강한/VA+ETM+사람/NNG+들/XSN+못/MAG+건/VV+EC+드/VX+니까/EC"
          },
          {
            "id": 12,
            "text": "1 : 그러게 ㅜㅜ 그래도 한국이 그나마 안전한 듯",
            "norm_text": "그러게 ㅜㅜ 그래도 한국이 그나마 안전한 듯",
            "speaker": {
              "id": "1번",
              "sex": "여성",
              "age": "30대"
            },
            "speechAct": "(단언) 주장하기",
            "morpheme": "그러/VV+게/EC+ㅜㅜ/UNKNOWN+그래도/VV+EC+한국/NNP+이/JKS+그나마/MAG+안전/NNG+한/XSA+ETM+듯/NNB"
          },
          {
            "id": 13,
            "text": "2 : 그런 거 생각하면 한국이 그나마 안전하긴 하지 ㅠㅠ",
            "norm_text": "그런 거 생각하면 한국이 그나마 안전하긴 하지 ㅠㅠ",
            "speaker": {
              "id": "2번",
              "sex": "여성",
              "age": "30대"
            },
            "speechAct": "(단언) 주장하기",
            "morpheme": "그런/MM+거/NNB+생각/NNG+하/XSV+면/EC+한국/NNP+이/JKS+그나마/MAG+안전/NNG+하/XSV+긴/ETN+JX+하/VX+지/EF+ㅠㅠ/UNKNOWN"
          },
          {
            "id": 14,
            "text": "1 : 맞아 ㅜㅜ 너도 밤 늦게는 혼자 돌아다니지 마 ㅜㅜ",
            "norm_text": "맞아 ㅜㅜ 너도 밤 늦게는 혼자 돌아다니지 마 ㅜㅜ",
            "speaker": {
              "id": "1번",
              "sex": "여성",
              "age": "30대"
            },
            "speechAct": "(단언) 주장하기",
            "morpheme": "맞/VV+아/EC+ㅜㅜ/UNKNOWN+너/NP+도/JX+밤늦/VA+게/EC+는/JX+혼자/MAG+돌아다니/VV+지/EC+마/VX+EF+ㅜㅜ/UNKNOWN"
          },
          {
            "id": 15,
            "text": "2 : 나 어제 밤에 5분 정도 걸어서 집에 갔는데 무섭더라",
            "norm_text": "나 어제 밤에 5분 정도 걸어서 집에 갔는데 무섭더라",
            "speaker": {
              "id": "2번",
              "sex": "여성",
              "age": "30대"
            },
            "speechAct": "(단언) 진술하기",
            "morpheme": "나/NP+어제/MAG+밤/NNG+에/JKB+5/SN+분/NNBC+정도/NNG+걸어서/VV+EC+집/NNG+에/JKB+갔/VV+EP+는데/EC+무섭/VA+더라/EC"
          },
          {
            "id": 16,
            "text": "1 : ㅜㅜ 나는 내 강아지가 날... 지켜줄까 키키",
            "norm_text": "ㅜㅜ 나는 내 강아지가 날... 지켜줄까 키키",
            "speaker": {
              "id": "1번",
              "sex": "여성",
              "age": "30대"
            },
            "speechAct": "(단언) 주장하기",
            "morpheme": "ㅜㅜ나는내강아지가날/UNKNOWN+./SY+지켜/VV+EC+줄까/VX+EC+키/NNG+키/XSV+ETN"
          },
          {
            "id": 17,
            "text": "2 : 니가 버디 지켜줘야 될 것 같은데 키키 너가 좀 더 개같이 살아봐",
            "norm_text": "니가 버디 지켜줘야 될 것 같은데 키키 너가 좀 더 개같이 살아봐",
            "speaker": {
              "id": "2번",
              "sex": "여성",
              "age": "30대"
            },
            "speechAct": "(단언) 주장하기",
            "morpheme": "니/NP+가/JKS+버디/NNG+지켜줘야/VV+EC+VX+EC+될/VV+ETM+것/NNB+같/VA+은데/EC+키/NNG+키/XSV+ETN+너/NP+가/JKS+좀/MAG+더/MAG+개/NNG+같이/JKB+살/VV+아/EC+봐/VX+EC"
          }
        ]
      }
    }
  ]
}