{
  "dataset": {
    "identifier": 68214,
    "name": "KAKAO_961_09_set",
    "src_path": "/data/file/cubeManager/PROJECT001/53/txt20211005163155096769/KAKAO_961_09_set/",
    "label_path": "/data/file/cubeManager/PROJECT001/53/txt20211005163155096769/KAKAO_961_09_set/",
    "category": 2,
    "type": 0
  },
  "licenses": {
    "name": "Apache License 1.0",
    "url": "http://www.apache.org/licenses/LICENSE-1.0"
  },
  "info": [
    {
      "id": 42487,
      "filename": "KAKAO_961_09.txt",
      "title": "KAKAO_961_09",
      "mediatype": "SNS",
      "medianame": "카카오톡",
      "category": "일상대화",
      "date": "2021-10-05",
      "size": 511,
      "annotations": {
        "subject": "반려동물",
        "speaker_type": "1:1",
        "size": 511,
        "word_size": 159,
        "text": "1 : 학교 다닐 때 학교 앞에 병아리 팔고 그랬는데\n2 : 맞아. 닭까지 키우고 그랬지\n1 : 그 흔한 햄스터도 한번 키워본 적 없네 나는\n2 : 나도 보기만 봤지 햄스터도 없엌 키키\n1 : 이구아나나 거북이 키우는 사람도 있던데\n2 : 맞아 요즘 특이한 동물도 많이 키우더라\n1 : 내가 거북이 오래 사는데 돌아가시고 나면 거북이 혼자 어쩌냐고 어른한테 물어봤다가 키키\n2 : 키키 아 진짜 웃긴 질문인데\n1 : 거북이가 모두가 그렇게 다 오래 살진 않는대 키키\n2 : 키키 그렇구나 신기해.\n2 : 작은 거북이들은 다른 종이겠지?\n1 : 웅 키키 바다거북이처럼 큰 애들이 200년 살고\n2 : 그렇구나. 거북이도 귀엽기도 한데 큰 애들은 무섭대\n1 : 무섭지. 작은애도 무섭당 ㅠㅠ\n1 : 반려동물 키우는 건 키우는 건데 이별이 힘들 거 같아\n2 : 맞아. 그게 무서워서 다시 못 키운다는 사람들도 많더라고\n1 : 그 죽으면 강아지가 미리 와서 기다린다는 썰도 너무 슬퍼 ㅠㅠ\n2 : 응... 진짜로. 나도 그런 생각하면 못 키울 것 같아",
        "lines": [
          {
            "id": 1,
            "text": "1 : 학교 다닐 때 학교 앞에 병아리 팔고 그랬는데",
            "norm_text": "학교 다닐 때 학교 앞에 병아리 팔고 그랬는데",
            "speaker": {
              "id": "1번",
              "sex": "여성",
              "age": "30대"
            },
            "speechAct": "(단언) 진술하기",
            "morpheme": "학교/NNG+다닐/VV+ETM+때/NNG+학교/NNG+앞/NNG+에/JKB+병아리/NNG+팔/VV+고/EC+그랬/VV+EP+는데/EC"
          },
          {
            "id": 2,
            "text": "2 : 맞아. 닭까지 키우고 그랬지",
            "norm_text": "맞아. 닭까지 키우고 그랬지",
            "speaker": {
              "id": "2번",
              "sex": "여성",
              "age": "30대"
            },
            "speechAct": "(단언) 진술하기",
            "morpheme": "맞/VV+아/EF+닭/NNG+까지/JX+키우/VV+고/EC+그랬/VV+EP+지/EC"
          },
          {
            "id": 3,
            "text": "1 : 그 흔한 햄스터도 한번 키워본 적 없네 나는",
            "norm_text": "그 흔한 햄스터도 한번 키워본 적 없네 나는",
            "speaker": {
              "id": "1번",
              "sex": "여성",
              "age": "30대"
            },
            "speechAct": "(단언) 진술하기",
            "morpheme": "그/MM+흔한/VA+ETM+햄스터/NNG+도/JX+한/MM+번/NNBC+키워본/VV+EC+VX+ETM+적/NNB+없/VA+네/EF+나/NP+는/JX"
          },
          {
            "id": 4,
            "text": "2 : 나도 보기만 봤지 햄스터도 없엌 키키",
            "norm_text": "나도 보기만 봤지 햄스터도 없엌 키키",
            "speaker": {
              "id": "2번",
              "sex": "여성",
              "age": "30대"
            },
            "speechAct": "(단언) 진술하기",
            "morpheme": "나/NP+도/JX+보/VV+기/ETN+만/JX+봤/VV+EP+지/EC+햄스터/NNG+도/JX+없/VA+엌키/UNKNOWN+키/NNG"
          },
          {
            "id": 5,
            "text": "1 : 이구아나나 거북이 키우는 사람도 있던데",
            "norm_text": "이구아나나 거북이 키우는 사람도 있던데",
            "speaker": {
              "id": "1번",
              "sex": "여성",
              "age": "30대"
            },
            "speechAct": "(단언) 진술하기",
            "morpheme": "이구아나/NNG+나/JC+거북/NNG+이/JKS+키우/VV+는/ETM+사람/NNG+도/JX+있/VA+던데/EC"
          },
          {
            "id": 6,
            "text": "2 : 맞아 요즘 특이한 동물도 많이 키우더라",
            "norm_text": "맞아 요즘 특이한 동물도 많이 키우더라",
            "speaker": {
              "id": "2번",
              "sex": "여성",
              "age": "30대"
            },
            "speechAct": "(단언) 진술하기",
            "morpheme": "맞/VV+아/EC+요즘/NNG+특이/NNG+한/XSA+ETM+동물/NNG+도/JX+많이/MAG+키우/VV+더라/EC"
          },
          {
            "id": 7,
            "text": "1 : 내가 거북이 오래 사는데 돌아가시고 나면 거북이 혼자 어쩌냐고 어른한테 물어봤다가 키키",
            "norm_text": "내가 거북이 오래 사는데 돌아가시고 나면 거북이 혼자 어쩌냐고 어른한테 물어봤다가 키키",
            "speaker": {
              "id": "1번",
              "sex": "여성",
              "age": "30대"
            },
            "speechAct": "(단언) 진술하기",
            "morpheme": "내/NP+가/JKS+거북/NNG+이/JKS+오래/MAG+사/VV+는/ETM+데/NNB+돌아가/VV+시/EP+고/EC+나/VX+면/EC+거북/NNG+이/JKS+혼자/MAG+어쩌/VV+냐고/EC+어른/NNG+한테/JKB+물/VV+어/EC+봤/VX+EP+다가/EC+키/NNG+키/XSV+ETN"
          },
          {
            "id": 8,
            "text": "2 : 키키 아 진짜 웃긴 질문인데",
            "norm_text": "키키 아 진짜 웃긴 질문인데",
            "speaker": {
              "id": "2번",
              "sex": "여성",
              "age": "30대"
            },
            "speechAct": "(단언) 진술하기",
            "morpheme": "키/NNG+키/VV+아/EC+진짜/MAG+웃긴/VV+ETM+질문/NNG+인데/VCP+EC"
          },
          {
            "id": 9,
            "text": "1 : 거북이가 모두가 그렇게 다 오래 살진 않는대 키키",
            "norm_text": "거북이가 모두가 그렇게 다 오래 살진 않는대 키키",
            "speaker": {
              "id": "1번",
              "sex": "여성",
              "age": "30대"
            },
            "speechAct": "(단언) 진술하기",
            "morpheme": "거북이/NNG+가/JKS+모두/NNG+가/JKS+그렇게/MAG+다/MAG+오래/MAG+살/VV+진/EC+JX+않/VX+는/ETM+대/XPN+키/NNG+키/XSV+ETN"
          },
          {
            "id": 10,
            "text": "2 : 키키 그렇구나 신기해.",
            "norm_text": "키키 그렇구나 신기해.",
            "speaker": {
              "id": "2번",
              "sex": "여성",
              "age": "30대"
            },
            "speechAct": "(단언) 주장하기",
            "morpheme": "키/NNG+키/XSV+ETN+그렇/VA+구나/EF+신기/XR+해/XSA+EF"
          },
          {
            "id": 11,
            "text": "2 : 작은 거북이들은 다른 종이겠지?",
            "norm_text": "작은 거북이들은 다른 종이겠지?",
            "speaker": {
              "id": "2번",
              "sex": "여성",
              "age": "30대"
            },
            "speechAct": "(지시) 질문하기",
            "morpheme": "작/VA+은/ETM+거북이/NNG+들/XSN+은/JX+다른/MM+종/NNG+이/VCP+겠/EP+지/EF"
          },
          {
            "id": 12,
            "text": "1 : 웅 키키 바다거북이처럼 큰 애들이 200년 살고",
            "norm_text": "웅 키키 바다거북이처럼 큰 애들이 200년 살고",
            "speaker": {
              "id": "1번",
              "sex": "여성",
              "age": "30대"
            },
            "speechAct": "(단언) 진술하기",
            "morpheme": "웅/IC+키/NNG+키/NNG+바다/NNG+거북이/NNG+처럼/JKB+큰/VA+ETM+애/NNG+들/XSN+이/JKS+200/SN+년/NNBC+살/VV+고/EC"
          },
          {
            "id": 13,
            "text": "2 : 그렇구나. 거북이도 귀엽기도 한데 큰 애들은 무섭대",
            "norm_text": "그렇구나. 거북이도 귀엽기도 한데 큰 애들은 무섭대",
            "speaker": {
              "id": "2번",
              "sex": "여성",
              "age": "30대"
            },
            "speechAct": "(단언) 진술하기",
            "morpheme": "그렇/VA+구나/EF+거북이/NNG+도/JX+귀엽/VA+기/ETN+도/JX+한데/VX+EC+큰/VA+ETM+애/NNG+들/XSN+은/JX+무섭/VA+대/EC"
          },
          {
            "id": 14,
            "text": "1 : 무섭지. 작은애도 무섭당 ㅠㅠ",
            "norm_text": "무섭지. 작은애도 무섭당 ㅠㅠ",
            "speaker": {
              "id": "1번",
              "sex": "여성",
              "age": "30대"
            },
            "speechAct": "(단언) 주장하기",
            "morpheme": "무섭/VA+지/EF+작은애도무섭당ㅠㅠ/UNKNOWN"
          },
          {
            "id": 15,
            "text": "1 : 반려동물 키우는 건 키우는 건데 이별이 힘들 거 같아",
            "norm_text": "반려동물 키우는 건 키우는 건데 이별이 힘들 거 같아",
            "speaker": {
              "id": "1번",
              "sex": "여성",
              "age": "30대"
            },
            "speechAct": "(단언) 주장하기",
            "morpheme": "반려/NNG+동물/NNG+키우/VV+는/ETM+건/NNB+JX+키우/VV+는/ETM+건데/NNB+VCP+EC+이별/NNG+이/JKS+힘들/VA+ETM+거/NNB+같/VA+아/EC"
          },
          {
            "id": 16,
            "text": "2 : 맞아. 그게 무서워서 다시 못 키운다는 사람들도 많더라고",
            "norm_text": "맞아. 그게 무서워서 다시 못 키운다는 사람들도 많더라고",
            "speaker": {
              "id": "2번",
              "sex": "여성",
              "age": "30대"
            },
            "speechAct": "(단언) 진술하기",
            "morpheme": "맞/VV+아/EF+그게/NP+JKS+무서워서/VA+EC+다시/MAG+못/MAG+키운다는/VV+ETM+사람/NNG+들/XSN+도/JX+많/VA+더라고/EC"
          },
          {
            "id": 17,
            "text": "1 : 그 죽으면 강아지가 미리 와서 기다린다는 썰도 너무 슬퍼 ㅠㅠ",
            "norm_text": "그 죽으면 강아지가 미리 와서 기다린다는 썰도 너무 슬퍼 ㅠㅠ",
            "speaker": {
              "id": "1번",
              "sex": "여성",
              "age": "30대"
            },
            "speechAct": "(단언) 주장하기",
            "morpheme": "그/IC+죽/VV+으면/EC+강아지/NNG+가/JKS+미리/MAG+와서/VV+EC+기다린다/VV+EC+는/JX+썰/VV+도/EC+너무/MAG+슬퍼/VA+EP+ㅠㅠ/UNKNOWN"
          },
          {
            "id": 18,
            "text": "2 : 응... 진짜로. 나도 그런 생각하면 못 키울 것 같아",
            "norm_text": "응... 진짜로. 나도 그런 생각하면 못 키울 것 같아",
            "speaker": {
              "id": "2번",
              "sex": "여성",
              "age": "30대"
            },
            "speechAct": "(단언) 주장하기",
            "morpheme": "응/IC+./SY+진짜로/MAG+나/NP+도/JX+그런/MM+생각/NNG+하/XSV+면/EC+못/MAG+키울/VV+ETM+것/NNB+같/VA+아/EC"
          }
        ]
      }
    }
  ]
}