{
  "dataset": {
    "identifier": 32065,
    "name": "KAKAO_967_17_set",
    "src_path": "/data/file/cubeManager/PROJECT001/53/txt20211005163809070798/KAKAO_967_17_set/",
    "label_path": "/data/file/cubeManager/PROJECT001/53/txt20211005163809070798/KAKAO_967_17_set/",
    "category": 2,
    "type": 0
  },
  "licenses": {
    "name": "Apache License 1.0",
    "url": "http://www.apache.org/licenses/LICENSE-1.0"
  },
  "info": [
    {
      "id": 42755,
      "filename": "KAKAO_967_17.txt",
      "title": "KAKAO_967_17",
      "mediatype": "SNS",
      "medianame": "카카오톡",
      "category": "일상대화",
      "date": "2021-10-05",
      "size": 776,
      "annotations": {
        "subject": "건강",
        "speaker_type": "1:1",
        "size": 776,
        "word_size": 226,
        "text": "1 : 오빠야는 보험 따로 들고 있는 거 있나?\n2 : 나는 실비랑 암보험 하하 실비는 보장 받는 게 쏠쏠하다 키키 넌 보험 있나?\n1 : 아 그래? 나는 보험 하나도 없어서... ㅜ 알아보려고 생각 중\n2 : 헐... 다른 건 몰라도 실비는 있으면 좋은데... 암보험도 생각해봐 집안력을 무시 할 순 없어...\n1 : 실비도... 내가 병원을 잘 안 가니까 의미 없다고 생각했지 뭐 ㅜ\n2 : 비싸지는 않은데 있으면 요긴하더라고... 안 아픈 게 최고지만! 사람 일이라는 게...\n1 : 그렇지... 다른 사람들 다 물어보니 실비는 거의 다 들고 있더라고?\n2 : 응응... 나도 작년에 가입했는데 몇 번 받았어 키키 그냥 감기? 이런 거도 돈이 나오더라고 키키\n1 : 아아! 작년에 가입했는데 보험료 안 비싸더나?\n2 : 음... 24900원 정도 나가더라고 하하 보장 항목이 많더라 입원비도 있고 암진단도 있고.\n1 : 아아...  2만 원 넘게 내고 있네 ㅜㅜ 실비는 어릴 때 들어 놓는 게 싸고 좋다고 하더라고 ㅜㅜ\n2 : 아니야~ 어릴 때가 더 비싸 필요 없는 보장 항목들이 전부 들어가 있어서\n1 : 아 그래? 내 친구들 얘기 들어보니까... 만원도 안 되게 내는 애들도 많고 거의 만원대로 보험료 낸다고 하던데? ㅜㅜ\n2 : 음 그 친구들도 완전 어릴 때 가입한 거 아냐 나도 각각 10400원 14500원이야 ㅋ\n1 : 아 그래? 실비는 그냥 보험 회사 전화해서 가입한다고 하며 되는 건가?\n2 : 음...나는 삼성화재 가입했는데 요즘은 인터넷에 가입하고 싶은 보험사 검색해서 다이렉트로 하면 돼!",
        "lines": [
          {
            "id": 1,
            "text": "1 : 오빠야는 보험 따로 들고 있는 거 있나?",
            "norm_text": "오빠야는 보험 따로 들고 있는 거 있나?",
            "speaker": {
              "id": "1번",
              "sex": "여성",
              "age": "30대"
            },
            "speechAct": "(지시) 질문하기",
            "morpheme": "오빠/NNG+야/VCP+EF+는/JX+보험/NNG+따로/MAG+들/VV+고/EC+있/VX+는/ETM+거/NNB+있/VA+나/EF"
          },
          {
            "id": 2,
            "text": "2 : 나는 실비랑 암보험 하하 실비는 보장 받는 게 쏠쏠하다 키키 넌 보험 있나?",
            "norm_text": "나는 실비랑 암보험 하하 실비는 보장 받는 게 쏠쏠하다 키키 넌 보험 있나?",
            "speaker": {
              "id": "2번",
              "sex": "남성",
              "age": "30대"
            },
            "speechAct": "(지시) 질문하기",
            "morpheme": "나/NP+는/JX+실비/NNG+랑/JKB+암/NNG+보험/NNG+하하/MAG+실비/NNG+는/JX+보장/NNG+받/VV+는/ETM+게/NNB+JKS+쏠쏠/XR+하/XSA+다키키/NNP+넌/NP+JX+보험/NNG+있/VA+나/EF"
          },
          {
            "id": 3,
            "text": "1 : 아 그래? 나는 보험 하나도 없어서... ㅜ 알아보려고 생각 중",
            "norm_text": "아 그래? 나는 보험 하나도 없어서... ㅜ 알아보려고 생각 중",
            "speaker": {
              "id": "1번",
              "sex": "여성",
              "age": "30대"
            },
            "speechAct": "(단언) 주장하기",
            "morpheme": "아/IC+그래/IC+나/NP+는/JX+보험/NNG+하나/NR+도/JX+없/VA+어서/EC+./SY+./SY+ㅜ/UNKNOWN+알아보/VV+려고/EC+생각/NNG+중/NNB"
          },
          {
            "id": 4,
            "text": "2 : 헐... 다른 건 몰라도 실비는 있으면 좋은데... 암보험도 생각해봐 집안력을 무시 할 순 없어...",
            "norm_text": "헐... 다른 건 몰라도 실비는 있으면 좋은데... 암보험도 생각해봐 집안력을 무시 할 순 없어...",
            "speaker": {
              "id": "2번",
              "sex": "남성",
              "age": "30대"
            },
            "speechAct": "(지시) 충고/제안하기",
            "morpheme": "헐/IC+./SY+다른/VA+ETM+건/NNB+JX+몰라도/VV+EC+실비/NNG+는/JX+있/VX+으면/EC+좋/VA+은데/EF+./SY+암/NNG+보험/NNG+도/JX+생각/NNG+해/XSV+EC+봐/VX+EF+집안/NNG+력/XSN+을/JKO+무시/NNG+할/XSV+ETM+순/NNB+JX+없/VA+어/EF+./SY"
          },
          {
            "id": 5,
            "text": "1 : 실비도... 내가 병원을 잘 안 가니까 의미 없다고 생각했지 뭐 ㅜ",
            "norm_text": "실비도... 내가 병원을 잘 안 가니까 의미 없다고 생각했지 뭐 ㅜ",
            "speaker": {
              "id": "1번",
              "sex": "여성",
              "age": "30대"
            },
            "speechAct": "(단언) 주장하기",
            "morpheme": "실비/NNG+도/JX+./SY+./SY+내/NP+가/JKS+병원/NNG+을/JKO+잘/MAG+안/MAG+가/VV+니까/EC+의미/NNG+없/VA+다고/EC+생각/NNG+했/XSV+EP+지/EF+뭐ㅜ/UNKNOWN"
          },
          {
            "id": 6,
            "text": "2 : 비싸지는 않은데 있으면 요긴하더라고... 안 아픈 게 최고지만! 사람 일이라는 게...",
            "norm_text": "비싸지는 않은데 있으면 요긴하더라고... 안 아픈 게 최고지만! 사람 일이라는 게...",
            "speaker": {
              "id": "2번",
              "sex": "남성",
              "age": "30대"
            },
            "speechAct": "(단언) 주장하기",
            "morpheme": "비싸/VA+지/EC+는/JX+않/VX+은데/EC+있/VX+으면/EC+요긴/XR+하/XSA+더라고/EF+./SY+안/MAG+아픈게/VA+ETM+NNB+JKS+최고/NNG+지만/VCP+EF+사람/NNG+일/NNG+이/VCP+라는/ETM+게/NNB+JKS+./SY"
          },
          {
            "id": 7,
            "text": "1 : 그렇지... 다른 사람들 다 물어보니 실비는 거의 다 들고 있더라고?",
            "norm_text": "그렇지... 다른 사람들 다 물어보니 실비는 거의 다 들고 있더라고?",
            "speaker": {
              "id": "1번",
              "sex": "여성",
              "age": "30대"
            },
            "speechAct": "(단언) 진술하기",
            "morpheme": "그렇/VA+지/EF+./SY+다른/MM+사람/NNG+들/XSN+다물/VV+어/EC+보/VX+니/EC+실비/NNG+는/JX+거의/MAG+다/MAG+들/VV+고/EC+있/VX+더라고/EF"
          },
          {
            "id": 8,
            "text": "2 : 응응... 나도 작년에 가입했는데 몇 번 받았어 키키 그냥 감기? 이런 거도 돈이 나오더라고 키키",
            "norm_text": "응응... 나도 작년에 가입했는데 몇 번 받았어 키키 그냥 감기? 이런 거도 돈이 나오더라고 키키",
            "speaker": {
              "id": "2번",
              "sex": "남성",
              "age": "30대"
            },
            "speechAct": "(단언) 진술하기",
            "morpheme": "응/IC+응/IC+./SY+나/NP+도/JX+작년/NNG+에/JKB+가입/NNG+했/XSV+EP+는데/EC+몇/MM+번/NNBC+받/VV+았/EP+어/EC+키/NNG+키/NNG+그냥/MAG+감기/NNG+이런/MM+거/NNB+도/JX+돈/NNG+이/JKS+나오/VV+더라고/EC+키/NNG+키/XSV+ETN"
          },
          {
            "id": 9,
            "text": "1 : 아아! 작년에 가입했는데 보험료 안 비싸더나?",
            "norm_text": "아아! 작년에 가입했는데 보험료 안 비싸더나?",
            "speaker": {
              "id": "1번",
              "sex": "여성",
              "age": "30대"
            },
            "speechAct": "(지시) 질문하기",
            "morpheme": "아아/IC+작년/NNG+에/JKB+가입/NNG+했/XSV+EP+는데/EC+보험료/NNG+안/MAG+비싸/VA+더나/EF"
          },
          {
            "id": 10,
            "text": "2 : 음... 24900원 정도 나가더라고 하하 보장 항목이 많더라 입원비도 있고 암진단도 있고.",
            "norm_text": "음... 24900원 정도 나가더라고 하하 보장 항목이 많더라 입원비도 있고 암진단도 있고.",
            "speaker": {
              "id": "2번",
              "sex": "남성",
              "age": "30대"
            },
            "speechAct": "(단언) 진술하기",
            "morpheme": "음/IC+./SY+./SY+24900/SN+원/NNBC+정도/NNG+나가/VV+더라고/EC+하하/MAG+보장/NNG+항목/NNG+이/JKS+많/VA+더라/EC+입원비/NNG+도/JX+있/VA+고/EC+암/NNG+진단/NNG+도/JX+있/VA+고/EC"
          },
          {
            "id": 11,
            "text": "1 : 아아...  2만 원 넘게 내고 있네 ㅜㅜ 실비는 어릴 때 들어 놓는 게 싸고 좋다고 하더라고 ㅜㅜ",
            "norm_text": "아아...  2만 원 넘게 내고 있네 ㅜㅜ 실비는 어릴 때 들어 놓는 게 싸고 좋다고 하더라고 ㅜㅜ",
            "speaker": {
              "id": "1번",
              "sex": "여성",
              "age": "30대"
            },
            "speechAct": "(단언) 진술하기",
            "morpheme": "아아/IC+./SY+./SY+2/SN+만/NR+원/NNBC+넘/VV+게/EC+내/VX+고/EC+있/VX+네/EF+ㅜㅜ/UNKNOWN+실비/NNG+는/JX+어릴/VA+ETM+때/NNG+들/VV+어/EC+놓/VX+는/ETM+게/NNB+JKS+싸/VA+고/EC+좋/VA+다고/EC+하/VX+더라고/EF+ㅜㅜ/UNKNOWN"
          },
          {
            "id": 12,
            "text": "2 : 아니야~ 어릴 때가 더 비싸 필요 없는 보장 항목들이 전부 들어가 있어서",
            "norm_text": "아니야~ 어릴 때가 더 비싸 필요 없는 보장 항목들이 전부 들어가 있어서",
            "speaker": {
              "id": "2번",
              "sex": "남성",
              "age": "30대"
            },
            "speechAct": "(단언) 반박하기",
            "morpheme": "아니야/IC+~/SY+어릴/VA+ETM+때/NNG+가/JKS+더/MAG+비싸/VA+EC+필요/NNG+없/VA+는/ETM+보장/NNG+항목/NNG+들/XSN+이/JKS+전부/MAG+들어가/VV+EC+있/VX+어서/EC"
          },
          {
            "id": 13,
            "text": "1 : 아 그래? 내 친구들 얘기 들어보니까... 만원도 안 되게 내는 애들도 많고 거의 만원대로 보험료 낸다고 하던데? ㅜㅜ",
            "norm_text": "아 그래? 내 친구들 얘기 들어보니까... 만원도 안 되게 내는 애들도 많고 거의 만원대로 보험료 낸다고 하던데? ㅜㅜ",
            "speaker": {
              "id": "1번",
              "sex": "여성",
              "age": "30대"
            },
            "speechAct": "(단언) 진술하기",
            "morpheme": "아/IC+그래/IC+내/NP+JKG+친구/NNG+들/XSN+얘기/NNG+들/VV+어/EC+보/VX+니까/EC+./SY+./SY+만/NR+원/NNBC+도/JX+안/MAG+되/VV+게/EC+내/VX+는/ETM+애/NNG+들/XSN+도/JX+많/VA+고/EC+거의/MAG+만/NR+원/NNBC+대로/JX+보험료/NNG+낸다고/VV+EC+하/VX+던데/EF+ㅜㅜ/UNKNOWN"
          },
          {
            "id": 14,
            "text": "2 : 음 그 친구들도 완전 어릴 때 가입한 거 아냐 나도 각각 10400원 14500원이야 ㅋ",
            "norm_text": "음 그 친구들도 완전 어릴 때 가입한 거 아냐 나도 각각 10400원 14500원이야 ㅋ",
            "speaker": {
              "id": "2번",
              "sex": "남성",
              "age": "30대"
            },
            "speechAct": "(단언) 진술하기",
            "morpheme": "음/IC+그/MM+친구/NNG+들/XSN+도/JX+완전/MAG+어릴/VA+ETM+때/NNG+가입/NNG+한/XSA+ETM+거/NNB+아냐/VCN+EF+나/NP+도/JX+각각/MAG+10400/SN+원/NNBC+14500/SN+원/NNBC+이/VCP+야/EF+ㅋ/UNKNOWN"
          },
          {
            "id": 15,
            "text": "1 : 아 그래? 실비는 그냥 보험 회사 전화해서 가입한다고 하며 되는 건가?",
            "norm_text": "아 그래? 실비는 그냥 보험 회사 전화해서 가입한다고 하며 되는 건가?",
            "speaker": {
              "id": "1번",
              "sex": "여성",
              "age": "30대"
            },
            "speechAct": "(지시) 질문하기",
            "morpheme": "아/IC+그래/IC+실비/NNG+는/JX+그냥/MAG+보험/NNG+회사/NNG+전화/NNG+해서/XSV+EC+가입/NNG+한다고/XSV+EC+하/VV+며/EC+되/VV+는/ETM+건가/NNB+VCP+EF"
          },
          {
            "id": 16,
            "text": "2 : 음...나는 삼성화재 가입했는데 요즘은 인터넷에 가입하고 싶은 보험사 검색해서 다이렉트로 하면 돼!",
            "norm_text": "음...나는 삼성화재 가입했는데 요즘은 인터넷에 가입하고 싶은 보험사 검색해서 다이렉트로 하면 돼!",
            "speaker": {
              "id": "2번",
              "sex": "남성",
              "age": "30대"
            },
            "speechAct": "(단언) 진술하기",
            "morpheme": "음/IC+./SY+나/NP+는/JX+삼성/NNP+화재/NNG+가입/NNG+했/XSV+EP+는데/EC+요즘/NNG+은/JX+인터넷/NNG+에/JKB+가입/NNG+하/XSV+고/EC+싶/VX+은/ETM+보험/NNG+사/NR+검색/NNG+해서/XSV+EC+다이렉트/NNP+로/JKB+하/VV+면/EC+돼/VV+EF"
          }
        ]
      }
    }
  ]
}