{
  "dataset": {
    "identifier": 44661,
    "name": "KAKAO_910_15_set",
    "src_path": "/data/file/cubeManager/PROJECT001/53/txt20211005154828076884/KAKAO_910_15_set/",
    "label_path": "/data/file/cubeManager/PROJECT001/53/txt20211005154828076884/KAKAO_910_15_set/",
    "category": 2,
    "type": 0
  },
  "licenses": {
    "name": "Apache License 1.0",
    "url": "http://www.apache.org/licenses/LICENSE-1.0"
  },
  "info": [
    {
      "id": 41692,
      "filename": "KAKAO_910_15.txt",
      "title": "KAKAO_910_15",
      "mediatype": "SNS",
      "medianame": "카카오톡",
      "category": "일상대화",
      "date": "2021-10-05",
      "size": 853,
      "annotations": {
        "subject": "타 국가 이슈",
        "speaker_type": "다자간 대화",
        "size": 853,
        "word_size": 247,
        "text": "1 : 아프가니스탄에서 미군이 철수하고 탈레반이 장악해서 거기 난리도 아니더라구요\n2 : 그러게요 우리 나라에도 난민들 들어왔잖아요\n3 : 저 몰랐는데 시리아 난민들도 이미 들어와 있던데요\n1 : 여자들이 가장 큰 피해를 입는 것 같아요\n2 : 맞아요 왜 힘 없는 여자들을 그렇게 억압하는지 모르겠어요\n3 : TV에서 눈만 내놓고 머리부터 발 끝까지 가리는 옷 보고 깜짝 놀랐어요\n1 : 여자 축구팀 선수들도 파키스탄으로 망명했대요\n2 : 저 실제로 그 옷을 본 적 있었는데 소름이 돋을 정도였어요\n3 : 신문 보니까 다른 나라로 망명한 여자들이 전통 의상을 입고 시위 비슷한 걸 하던데 전통 의상이 너무 아름답더라구요\n1 : 아프가니스탄도 탈레반이 장악하기 전 70년대에는 자유로웠나 봐요\n2 : 맞아요 여자들이 미니스커트 입은 사진 봤어요\n3 : 탈레반도 어머니도 있고 여자 형제도 있을 텐데 왜 그럴까요\n1 : 그러게요 거기서 많은 사람이 죽고 다치고 있어서 맘이 안 좋아요\n2 : 우리 나라는 난민들 받아주는 문제에 찬반 논쟁이 뜨겁더라구요\n3 : 받아주는 것도 문제가 있겠지만 안 받아주면 그 사람들은 갈 곳이 없잖아요\n1 : 유럽에선 제 3국에 돈을 주고 난민을 받아주라고 하나 봐요\n2 : 유럽은 시리아 때 난민 문제로 골머리를 썩었으니까요\n3 : 그때 피난 온 사람들은 어떻게 살고 있을까요\n1 : 중동 지역은 너무 분쟁이 많아요\n2 : 종교가 큰 원인인데 전 이해가 안 가요\n2 : 종교는 평화롭게 만들어줘야 하지 않아요?\n3 : 맞아요 신이 다른 사람을 죽이라고 하진 않았을 텐데요\n1 : 신이 남자들을 우선하라고 가르쳤을까요?\n2 : 그러게요 종교의 이름으로 너무 많은 학대가 있어왔어요\n3 : 맞아요 전 그런 게 종교일 수 있다고 생각하지 않아요",
        "lines": [
          {
            "id": 1,
            "text": "1 : 아프가니스탄에서 미군이 철수하고 탈레반이 장악해서 거기 난리도 아니더라구요",
            "norm_text": "아프가니스탄에서 미군이 철수하고 탈레반이 장악해서 거기 난리도 아니더라구요",
            "speaker": {
              "id": "1번",
              "sex": "여성",
              "age": "30대"
            },
            "speechAct": "(단언) 진술하기",
            "morpheme": "아프가니스탄/NNP+에서/JKB+미군/NNG+이/JKS+철수/NNG+하/XSV+고/EC+탈레반/NNP+이/JKS+장악/NNG+해서/XSV+EC+거기/NP+난리/NNG+도/JX+아니/VCN+더라구요/EC"
          },
          {
            "id": 2,
            "text": "2 : 그러게요 우리 나라에도 난민들 들어왔잖아요",
            "norm_text": "그러게요 우리 나라에도 난민들 들어왔잖아요",
            "speaker": {
              "id": "2번",
              "sex": "여성",
              "age": "40대"
            },
            "speechAct": "(단언) 진술하기",
            "morpheme": "그러게/MAJ+요/MM+우리나라/NNG+에/JKB+도/JX+난민/NNG+들/XSN+들어왔/VV+EP+잖아요/EC"
          },
          {
            "id": 3,
            "text": "3 : 저 몰랐는데 시리아 난민들도 이미 들어와 있던데요",
            "norm_text": "저 몰랐는데 시리아 난민들도 이미 들어와 있던데요",
            "speaker": {
              "id": "3번",
              "sex": "여성",
              "age": "10대"
            },
            "speechAct": "(단언) 진술하기",
            "morpheme": "저/NP+몰랐/VV+EP+는데/EC+시리아/NNP+난민/NNG+들/XSN+도/JX+이미/MAG+들어와/VV+EC+있/VX+던데요/EC"
          },
          {
            "id": 4,
            "text": "1 : 여자들이 가장 큰 피해를 입는 것 같아요",
            "norm_text": "여자들이 가장 큰 피해를 입는 것 같아요",
            "speaker": {
              "id": "1번",
              "sex": "여성",
              "age": "30대"
            },
            "speechAct": "(단언) 주장하기",
            "morpheme": "여자/NNG+들/XSN+이/JKS+가장/MAG+큰/VA+ETM+피해/NNG+를/JKO+입/VV+는/ETM+것/NNB+같/VA+아요/EC"
          },
          {
            "id": 5,
            "text": "2 : 맞아요 왜 힘 없는 여자들을 그렇게 억압하는지 모르겠어요",
            "norm_text": "맞아요 왜 힘 없는 여자들을 그렇게 억압하는지 모르겠어요",
            "speaker": {
              "id": "2번",
              "sex": "여성",
              "age": "40대"
            },
            "speechAct": "(단언) 주장하기",
            "morpheme": "맞/VV+아요/EF+왜/MAG+힘없/VA+는/ETM+여자/NNG+들/XSN+을/JKO+그렇게/MAG+억압/NNG+하/XSV+는지/EC+모르/VV+겠/EP+어요/EF"
          },
          {
            "id": 6,
            "text": "3 : TV에서 눈만 내놓고 머리부터 발 끝까지 가리는 옷 보고 깜짝 놀랐어요",
            "norm_text": "TV에서 눈만 내놓고 머리부터 발 끝까지 가리는 옷 보고 깜짝 놀랐어요",
            "speaker": {
              "id": "3번",
              "sex": "여성",
              "age": "10대"
            },
            "speechAct": "(단언) 주장하기",
            "morpheme": "TV/SL+에서/JKB+눈/NNG+만/JX+내놓/VV+고/EC+머리/NNG+부터/JX+발끝/NNG+까지/JX+가리/VV+는/ETM+옷/NNG+보/VV+고/EC+깜짝/MAG+놀랐/VV+EP+어요/EF"
          },
          {
            "id": 7,
            "text": "1 : 여자 축구팀 선수들도 파키스탄으로 망명했대요",
            "norm_text": "여자 축구팀 선수들도 파키스탄으로 망명했대요",
            "speaker": {
              "id": "1번",
              "sex": "여성",
              "age": "30대"
            },
            "speechAct": "(단언) 진술하기",
            "morpheme": "여자/NNG+축구팀/NNG+선수/NNG+들/XSN+도/JX+파키스탄/NNP+으로/JKB+망명/NNG+했/XSV+EP+대요/EC"
          },
          {
            "id": 8,
            "text": "2 : 저 실제로 그 옷을 본 적 있었는데 소름이 돋을 정도였어요",
            "norm_text": "저 실제로 그 옷을 본 적 있었는데 소름이 돋을 정도였어요",
            "speaker": {
              "id": "2번",
              "sex": "여성",
              "age": "40대"
            },
            "speechAct": "(단언) 주장하기",
            "morpheme": "저/IC+실제로/MAG+그/MM+옷/NNG+을/JKO+본/VV+ETM+적/NNB+있/VA+었/EP+는데/EC+소름/NNG+이/JKS+돋/VV+EP+을/ETM+정도/NNG+였/VCP+EP+어요/EF"
          },
          {
            "id": 9,
            "text": "3 : 신문 보니까 다른 나라로 망명한 여자들이 전통 의상을 입고 시위 비슷한 걸 하던데 전통 의상이 너무 아름답더라구요",
            "norm_text": "신문 보니까 다른 나라로 망명한 여자들이 전통 의상을 입고 시위 비슷한 걸 하던데 전통 의상이 너무 아름답더라구요",
            "speaker": {
              "id": "3번",
              "sex": "여성",
              "age": "10대"
            },
            "speechAct": "(단언) 진술하기",
            "morpheme": "신문/NNG+보/VV+니까/EC+다른/MM+나라/NNG+로/JKB+망명/NNG+한/XSA+ETM+여자/NNG+들/XSN+이/JKS+전통/NNG+의상/NNG+을/JKO+입/VV+고/EC+시위/NNG+비슷/XR+한/XSA+ETM+걸/NNB+JKO+하/VV+던데/EC+전통/NNG+의상/NNG+이/JKS+너무/MAG+아름답/VA+더라구요/EC"
          },
          {
            "id": 10,
            "text": "1 : 아프가니스탄도 탈레반이 장악하기 전 70년대에는 자유로웠나 봐요",
            "norm_text": "아프가니스탄도 탈레반이 장악하기 전 70년대에는 자유로웠나 봐요",
            "speaker": {
              "id": "1번",
              "sex": "여성",
              "age": "30대"
            },
            "speechAct": "(단언) 진술하기",
            "morpheme": "아프가니스탄/NNP+도/JX+탈레반/NNP+이/JKS+장악/NNG+하/XSV+기/ETN+전/NNG+70/SN+년/NNBC+대/XSN+에/JKB+는/JX+자유/NNG+로웠/XSA+EP+나/EC+봐요/VX+EC"
          },
          {
            "id": 11,
            "text": "2 : 맞아요 여자들이 미니스커트 입은 사진 봤어요",
            "norm_text": "맞아요 여자들이 미니스커트 입은 사진 봤어요",
            "speaker": {
              "id": "2번",
              "sex": "여성",
              "age": "40대"
            },
            "speechAct": "(단언) 주장하기",
            "morpheme": "맞/VV+아요/EF+여자/NNG+들/XSN+이/JKS+미니스커트/NNG+입/VV+은/ETM+사진/NNG+봤/VV+EP+어요/EF"
          },
          {
            "id": 12,
            "text": "3 : 탈레반도 어머니도 있고 여자 형제도 있을 텐데 왜 그럴까요",
            "norm_text": "탈레반도 어머니도 있고 여자 형제도 있을 텐데 왜 그럴까요",
            "speaker": {
              "id": "3번",
              "sex": "여성",
              "age": "10대"
            },
            "speechAct": "(단언) 주장하기",
            "morpheme": "탈레반/NNP+도/JX+어머니/NNG+도/JX+있/VA+고/EC+여자/NNG+형제/NNG+도/JX+있/VA+을/ETM+텐데/NNB+VCP+EC+왜/MAG+그럴까요/VV+EF"
          },
          {
            "id": 13,
            "text": "1 : 그러게요 거기서 많은 사람이 죽고 다치고 있어서 맘이 안 좋아요",
            "norm_text": "그러게요 거기서 많은 사람이 죽고 다치고 있어서 맘이 안 좋아요",
            "speaker": {
              "id": "1번",
              "sex": "여성",
              "age": "30대"
            },
            "speechAct": "(단언) 주장하기",
            "morpheme": "그러게/IC+요/JX+거기/NP+서/JKB+많/VA+은/ETM+사람/NNG+이/JKS+죽/VV+고/EC+다치/VV+고/EC+있/VX+어서/EC+맘/NNG+이/JKS+안/MAG+좋/VA+아요/EC"
          },
          {
            "id": 14,
            "text": "2 : 우리 나라는 난민들 받아주는 문제에 찬반 논쟁이 뜨겁더라구요",
            "norm_text": "우리 나라는 난민들 받아주는 문제에 찬반 논쟁이 뜨겁더라구요",
            "speaker": {
              "id": "2번",
              "sex": "여성",
              "age": "40대"
            },
            "speechAct": "(단언) 주장하기",
            "morpheme": "우리/NP+나라/NNG+는/JX+난민/NNG+들/XSN+받/VV+아/EC+주/VX+는/ETM+문제/NNG+에/JKB+찬반/NNG+논쟁/NNG+이/JKS+뜨겁/VA+더라구요/EC"
          },
          {
            "id": 15,
            "text": "3 : 받아주는 것도 문제가 있겠지만 안 받아주면 그 사람들은 갈 곳이 없잖아요",
            "norm_text": "받아주는 것도 문제가 있겠지만 안 받아주면 그 사람들은 갈 곳이 없잖아요",
            "speaker": {
              "id": "3번",
              "sex": "여성",
              "age": "10대"
            },
            "speechAct": "(단언) 주장하기",
            "morpheme": "받/VV+아/EC+주/VX+는/ETM+것/NNB+도/JX+문제/NNG+가/JKS+있/VA+겠/EP+지만/EC+안/MAG+받/VV+아/EC+주/VX+면/EC+그/MM+사람/NNG+들/XSN+은/JX+갈/VV+ETM+곳/NNG+이/JKS+없/VA+잖아요/EC"
          },
          {
            "id": 16,
            "text": "1 : 유럽에선 제 3국에 돈을 주고 난민을 받아주라고 하나 봐요",
            "norm_text": "유럽에선 제 3국에 돈을 주고 난민을 받아주라고 하나 봐요",
            "speaker": {
              "id": "1번",
              "sex": "여성",
              "age": "30대"
            },
            "speechAct": "(단언) 진술하기",
            "morpheme": "유럽/NNP+에/JKB+선제/NNG+3/SN+국/NNG+에/JKB+돈/NNG+을/JKO+주/VV+고/EC+난민/NNG+을/JKO+받/VV+아/EC+주/VX+라고/EC+하나/NR+봐요/VV+EC"
          },
          {
            "id": 17,
            "text": "2 : 유럽은 시리아 때 난민 문제로 골머리를 썩었으니까요",
            "norm_text": "유럽은 시리아 때 난민 문제로 골머리를 썩었으니까요",
            "speaker": {
              "id": "2번",
              "sex": "여성",
              "age": "40대"
            },
            "speechAct": "(단언) 주장하기",
            "morpheme": "유럽/NNP+은/JX+시리아/NNP+때/NNG+난민/NNG+문제/NNG+로/JKB+골머리/NNG+를/JKO+썩/VV+었/EP+으니까요/EC"
          },
          {
            "id": 18,
            "text": "3 : 그때 피난 온 사람들은 어떻게 살고 있을까요",
            "norm_text": "그때 피난 온 사람들은 어떻게 살고 있을까요",
            "speaker": {
              "id": "3번",
              "sex": "여성",
              "age": "10대"
            },
            "speechAct": "(단언) 주장하기",
            "morpheme": "그때/NNG+피난/NNG+온/VV+ETM+사람/NNG+들/XSN+은/JX+어떻게/MAG+살/VV+고/EC+있/VX+을까요/EC"
          },
          {
            "id": 19,
            "text": "1 : 중동 지역은 너무 분쟁이 많아요",
            "norm_text": "중동 지역은 너무 분쟁이 많아요",
            "speaker": {
              "id": "1번",
              "sex": "여성",
              "age": "30대"
            },
            "speechAct": "(단언) 주장하기",
            "morpheme": "중동/NNP+지역/NNG+은/JX+너무/MAG+분쟁/NNG+이/JKS+많/VA+아요/EC"
          },
          {
            "id": 20,
            "text": "2 : 종교가 큰 원인인데 전 이해가 안 가요",
            "norm_text": "종교가 큰 원인인데 전 이해가 안 가요",
            "speaker": {
              "id": "2번",
              "sex": "여성",
              "age": "40대"
            },
            "speechAct": "(단언) 주장하기",
            "morpheme": "종교/NNG+가/JKS+큰/VA+ETM+원인/NNG+인데/VCP+EC+전/MM+이해/NNG+가/JKS+안/MAG+가/VV+요/EC"
          },
          {
            "id": 21,
            "text": "2 : 종교는 평화롭게 만들어줘야 하지 않아요?",
            "norm_text": "종교는 평화롭게 만들어줘야 하지 않아요?",
            "speaker": {
              "id": "2번",
              "sex": "여성",
              "age": "40대"
            },
            "speechAct": "(단언) 주장하기",
            "morpheme": "종교/NNG+는/JX+평화/NNG+롭/XSA+게/EC+만들/VV+어/EC+줘야/VX+EC+하/VV+지/EC+않/VX+아요/EF"
          },
          {
            "id": 22,
            "text": "3 : 맞아요 신이 다른 사람을 죽이라고 하진 않았을 텐데요",
            "norm_text": "맞아요 신이 다른 사람을 죽이라고 하진 않았을 텐데요",
            "speaker": {
              "id": "3번",
              "sex": "여성",
              "age": "10대"
            },
            "speechAct": "(단언) 주장하기",
            "morpheme": "맞/VV+아/EC+요신/NNG+이/JKS+다른/MM+사람/NNG+을/JKO+죽이/VV+라고/EC+하/VV+진/EC+JX+않/VX+았/EP+을/ETM+텐데요/NNB+VCP+EC"
          },
          {
            "id": 23,
            "text": "1 : 신이 남자들을 우선하라고 가르쳤을까요?",
            "norm_text": "신이 남자들을 우선하라고 가르쳤을까요?",
            "speaker": {
              "id": "1번",
              "sex": "여성",
              "age": "30대"
            },
            "speechAct": "(단언) 주장하기",
            "morpheme": "신/NNG+이/JKS+남자/NNG+들/XSN+을/JKO+우선/MAG+하/VV+라고/EC+가르쳤/VV+EP+을까요/EF"
          },
          {
            "id": 24,
            "text": "2 : 그러게요 종교의 이름으로 너무 많은 학대가 있어왔어요",
            "norm_text": "그러게요 종교의 이름으로 너무 많은 학대가 있어왔어요",
            "speaker": {
              "id": "2번",
              "sex": "여성",
              "age": "40대"
            },
            "speechAct": "(단언) 주장하기",
            "morpheme": "그러게/MAJ+요/MM+종교/NNG+의/JKG+이름/NNG+으로/JKB+너무/MAG+많/VA+은/ETM+학대/NNG+가/JKS+있/VA+어/EC+왔/VX+EP+어요/EF"
          },
          {
            "id": 25,
            "text": "3 : 맞아요 전 그런 게 종교일 수 있다고 생각하지 않아요",
            "norm_text": "맞아요 전 그런 게 종교일 수 있다고 생각하지 않아요",
            "speaker": {
              "id": "3번",
              "sex": "여성",
              "age": "10대"
            },
            "speechAct": "(단언) 주장하기",
            "morpheme": "맞/VV+아요/EF+전/MM+그런/MM+게/NNB+JKS+종교/NNG+일/VCP+ETM+수/NNB+있/VV+다고/EC+생각/NNG+하/XSV+지/EC+않/VX+아요/EC"
          }
        ]
      }
    }
  ]
}