{
  "dataset": {
    "identifier": 61215,
    "name": "KAKAO_923_17_set",
    "src_path": "/data/file/cubeManager/PROJECT001/53/txt20211005154159078681/KAKAO_923_17_set/",
    "label_path": "/data/file/cubeManager/PROJECT001/53/txt20211005154159078681/KAKAO_923_17_set/",
    "category": 2,
    "type": 0
  },
  "licenses": {
    "name": "Apache License 1.0",
    "url": "http://www.apache.org/licenses/LICENSE-1.0"
  },
  "info": [
    {
      "id": 41674,
      "filename": "KAKAO_923_17.txt",
      "title": "KAKAO_923_17",
      "mediatype": "SNS",
      "medianame": "카카오톡",
      "category": "일상대화",
      "date": "2021-10-05",
      "size": 577,
      "annotations": {
        "subject": "건강",
        "speaker_type": "1:1",
        "size": 577,
        "word_size": 178,
        "text": "1 : 피부과도 꾸준히 가서 시술 받으면 피부 많이 좋아질 텐데\n2 : 사람들이 말하길, 피부과는 관리 받는 그 순간에만 좋대\n1 : 아 진짜? ㅜㅜ 그러니까 꾸준히 병원 다녀야 하나 보네\n2 : 나는 고등학생 때 여드름 때문에 피부과 다녔었는데 별로였어\n1 : 음... 근데 여드름으로 병원 갔다가 엄청 좋아진 사람도 있다던데 ㅜㅜ\n2 : 그래? 뭘 했길래 좋아진 거지 키키 난 환경 영향이 너무 컸었던 것 같아\n1 : 아 ㅜㅜ 왜? ㅜㅜ 스트레스를 많이 받은 건가?\n2 : 물이 안 맞고 건조했던 것 같아 키키 여드름도 이사가고 나서부터 났거든\n1 : 아 ㅜㅜ 이게 또 학업 스트레스도 같이 있었을 거 같네\n2 : 그런 사람도 많았겠지? 난 나중에 부산에서 사니까 차츰 낫더라구\n1 : 오오... 피부가 예민한가 보다 ㅜㅜ 병원 한번 가보지!\n2 : 피부가 예민하긴 해 하하 어릴 적에 아토피도 좀 심했었거든\n1 : 아이고 ㅜㅜ 피부가 약했네 ㅜㅜ 피부과 꾸준히 다녀봐봐 ㅜㅜ\n2 : 지금은 많이 나아서 키키 그냥 일상적인 관리만 하면 될 것 같아\n1 : 그래 ㅜㅜ 피부도 아프면 진짜 간지럽고 따갑고 그렇다이가\n2 : 응 햇빛 알러지 있는 사람도 있더라",
        "lines": [
          {
            "id": 1,
            "text": "1 : 피부과도 꾸준히 가서 시술 받으면 피부 많이 좋아질 텐데",
            "norm_text": "피부과도 꾸준히 가서 시술 받으면 피부 많이 좋아질 텐데",
            "speaker": {
              "id": "1번",
              "sex": "여성",
              "age": "30대"
            },
            "speechAct": "(단언) 주장하기",
            "morpheme": "피부과/NNG+도/JX+꾸준히/MAG+가/VV+서/EC+시술/NNG+받/VV+으면/EC+피부/NNG+많이/MAG+좋/VA+아/EC+질텐데/VX+ETM+NNB+VCP+EC"
          },
          {
            "id": 2,
            "text": "2 : 사람들이 말하길, 피부과는 관리 받는 그 순간에만 좋대",
            "norm_text": "사람들이 말하길, 피부과는 관리 받는 그 순간에만 좋대",
            "speaker": {
              "id": "2번",
              "sex": "여성",
              "age": "30대"
            },
            "speechAct": "(단언) 주장하기",
            "morpheme": "사람/NNG+들/XSN+이/JKS+말/NNG+하/XSV+길/ETN+JKO+,/SC+피부과/NNG+는/JX+관리/NNG+받/VV+는/ETM+그/MM+순간/NNG+에/JKB+만/JX+좋/VA+대/EC"
          },
          {
            "id": 3,
            "text": "1 : 아 진짜? ㅜㅜ 그러니까 꾸준히 병원 다녀야 하나 보네",
            "norm_text": "아 진짜? ㅜㅜ 그러니까 꾸준히 병원 다녀야 하나 보네",
            "speaker": {
              "id": "1번",
              "sex": "여성",
              "age": "30대"
            },
            "speechAct": "(단언) 주장하기",
            "morpheme": "아/IC+진짜/MAG+ㅜㅜ그러니까꾸준히병원다녀야하나보네/UNKNOWN"
          },
          {
            "id": 4,
            "text": "2 : 나는 고등학생 때 여드름 때문에 피부과 다녔었는데 별로였어",
            "norm_text": "나는 고등학생 때 여드름 때문에 피부과 다녔었는데 별로였어",
            "speaker": {
              "id": "2번",
              "sex": "여성",
              "age": "30대"
            },
            "speechAct": "(단언) 진술하기",
            "morpheme": "나/NP+는/JX+고등/NNG+학생/NNG+때/NNG+여드름/NNG+때문/NNB+에/JKB+피부과/NNG+다녔었/VV+EP+는데/EC+별로/MAG+였/VCP+EP+어/EC"
          },
          {
            "id": 5,
            "text": "1 : 음... 근데 여드름으로 병원 갔다가 엄청 좋아진 사람도 있다던데 ㅜㅜ",
            "norm_text": "음... 근데 여드름으로 병원 갔다가 엄청 좋아진 사람도 있다던데 ㅜㅜ",
            "speaker": {
              "id": "1번",
              "sex": "여성",
              "age": "30대"
            },
            "speechAct": "(지시) 질문하기",
            "morpheme": "음/IC+./SY+근데여드름으로병원갔다가엄청좋아진사람도있다던데ㅜㅜ/UNKNOWN"
          },
          {
            "id": 6,
            "text": "2 : 그래? 뭘 했길래 좋아진 거지 키키 난 환경 영향이 너무 컸었던 것 같아",
            "norm_text": "그래? 뭘 했길래 좋아진 거지 키키 난 환경 영향이 너무 컸었던 것 같아",
            "speaker": {
              "id": "2번",
              "sex": "여성",
              "age": "30대"
            },
            "speechAct": "(단언) 주장하기",
            "morpheme": "그래/IC+뭘했길래좋아진거지키키난환경영향이너무컸었던것같아/UNKNOWN"
          },
          {
            "id": 7,
            "text": "1 : 아 ㅜㅜ 왜? ㅜㅜ 스트레스를 많이 받은 건가?",
            "norm_text": "아 ㅜㅜ 왜? ㅜㅜ 스트레스를 많이 받은 건가?",
            "speaker": {
              "id": "1번",
              "sex": "여성",
              "age": "30대"
            },
            "speechAct": "(지시) 질문하기",
            "morpheme": "아ㅜㅜ왜/UNKNOWN+ㅜㅜ/UNKNOWN+스트레스/NNG+를/JKO+많이/MAG+받/VV+은/ETM+건가/NNB+VCP+EF"
          },
          {
            "id": 8,
            "text": "2 : 물이 안 맞고 건조했던 것 같아 키키 여드름도 이사가고 나서부터 났거든",
            "norm_text": "물이 안 맞고 건조했던 것 같아 키키 여드름도 이사가고 나서부터 났거든",
            "speaker": {
              "id": "2번",
              "sex": "여성",
              "age": "30대"
            },
            "speechAct": "(단언) 주장하기",
            "morpheme": "물/NNG+이/JKS+안/MAG+맞/VV+고/EC+건조/NNG+했/XSV+EP+던/ETM+것/NNB+같/VA+아/EC+키/NNG+키/NNG+여드름/NNG+도/JX+이사/NNG+가/VV+고/EC+나/VX+서/EC+부터/JX+났/VV+EP+거든/EC"
          },
          {
            "id": 9,
            "text": "1 : 아 ㅜㅜ 이게 또 학업 스트레스도 같이 있었을 거 같네",
            "norm_text": "아 ㅜㅜ 이게 또 학업 스트레스도 같이 있었을 거 같네",
            "speaker": {
              "id": "1번",
              "sex": "여성",
              "age": "30대"
            },
            "speechAct": "(단언) 주장하기",
            "morpheme": "아/IC+ㅜㅜ/UNKNOWN+이게/NP+JKS+또/MAG+학업/NNG+스트레스/NNG+도/JX+같이/MAG+있/VV+었/EP+을/ETM+거/NNB+같/VA+네/EC"
          },
          {
            "id": 10,
            "text": "2 : 그런 사람도 많았겠지? 난 나중에 부산에서 사니까 차츰 낫더라구",
            "norm_text": "그런 사람도 많았겠지? 난 나중에 부산에서 사니까 차츰 낫더라구",
            "speaker": {
              "id": "2번",
              "sex": "여성",
              "age": "30대"
            },
            "speechAct": "(단언) 주장하기",
            "morpheme": "그런/MM+사람/NNG+도/JX+많/VA+았/EP+겠/EP+지/EF+난/NP+JX+나중/NNG+에/JKB+부산/NNP+에서/JKB+사/VV+니까/EC+차츰/MAG+낫/VV+더라구/EC"
          },
          {
            "id": 11,
            "text": "1 : 오오... 피부가 예민한가 보다 ㅜㅜ 병원 한번 가보지!",
            "norm_text": "오오... 피부가 예민한가 보다 ㅜㅜ 병원 한번 가보지!",
            "speaker": {
              "id": "1번",
              "sex": "여성",
              "age": "30대"
            },
            "speechAct": "(지시) 충고/제안하기",
            "morpheme": "오오/IC+./SY+피부가예민한가보다ㅜㅜ병원한번가보지/UNKNOWN"
          },
          {
            "id": 12,
            "text": "2 : 피부가 예민하긴 해 하하 어릴 적에 아토피도 좀 심했었거든",
            "norm_text": "피부가 예민하긴 해 하하 어릴 적에 아토피도 좀 심했었거든",
            "speaker": {
              "id": "2번",
              "sex": "여성",
              "age": "30대"
            },
            "speechAct": "(단언) 진술하기",
            "morpheme": "피부/NNG+가/JKS+예민/XR+하/XSA+긴/ETN+JX+해/VX+EC+하하/MAG+어릴/VA+ETM+적/NNB+에/JKB+아토피/NNG+도/JX+좀/MAG+심했었/VA+EP+거든/EC"
          },
          {
            "id": 13,
            "text": "1 : 아이고 ㅜㅜ 피부가 약했네 ㅜㅜ 피부과 꾸준히 다녀봐봐 ㅜㅜ",
            "norm_text": "아이고 ㅜㅜ 피부가 약했네 ㅜㅜ 피부과 꾸준히 다녀봐봐 ㅜㅜ",
            "speaker": {
              "id": "1번",
              "sex": "여성",
              "age": "30대"
            },
            "speechAct": "(지시) 충고/제안하기",
            "morpheme": "아이/NNG+고/VCP+EC+ㅜㅜ/UNKNOWN+피부/NNG+가/JKS+약했/VA+EP+네/EF+ㅜㅜ/UNKNOWN+피부과/NNG+꾸준히/MAG+다녀/VV+EC+봐/VX+EC+봐/VX+EF+ㅜㅜ/UNKNOWN"
          },
          {
            "id": 14,
            "text": "2 : 지금은 많이 나아서 키키 그냥 일상적인 관리만 하면 될 것 같아",
            "norm_text": "지금은 많이 나아서 키키 그냥 일상적인 관리만 하면 될 것 같아",
            "speaker": {
              "id": "2번",
              "sex": "여성",
              "age": "30대"
            },
            "speechAct": "(단언) 주장하기",
            "morpheme": "지금/MAG+은/JX+많이/MAG+나/VV+아서/EC+키/NNG+키/NNG+그냥/MAG+일상/NNG+적/XSN+인/VCP+ETM+관리/NNG+만/JX+하/VV+면/EC+될/VV+ETM+것/NNB+같/VA+아/EC"
          },
          {
            "id": 15,
            "text": "1 : 그래 ㅜㅜ 피부도 아프면 진짜 간지럽고 따갑고 그렇다이가",
            "norm_text": "그래 ㅜㅜ 피부도 아프면 진짜 간지럽고 따갑고 그렇다이가",
            "speaker": {
              "id": "1번",
              "sex": "여성",
              "age": "30대"
            },
            "speechAct": "(단언) 주장하기",
            "morpheme": "그래/VA+EC+ㅜㅜ/UNKNOWN+피부/NNG+도/JX+아프/VA+면/EC+진짜/MAG+간지럽/VA+고/EC+따갑/VA+고/EC+그렇/VA+다/EF+이/NP+가/JKS"
          },
          {
            "id": 16,
            "text": "2 : 응 햇빛 알러지 있는 사람도 있더라",
            "norm_text": "응 햇빛 알러지 있는 사람도 있더라",
            "speaker": {
              "id": "2번",
              "sex": "여성",
              "age": "30대"
            },
            "speechAct": "(단언) 진술하기",
            "morpheme": "응/IC+햇빛/NNG+알/VV+러지/EF+있/VA+는/ETM+사람/NNG+도/JX+있/VA+더라/EC"
          }
        ]
      }
    }
  ]
}