{
  "dataset": {
    "identifier": 67932,
    "name": "KAKAO_970_13_set",
    "src_path": "/data/file/cubeManager/PROJECT001/53/txt20211005163235034819/KAKAO_970_13_set/",
    "label_path": "/data/file/cubeManager/PROJECT001/53/txt20211005163235034819/KAKAO_970_13_set/",
    "category": 2,
    "type": 0
  },
  "licenses": {
    "name": "Apache License 1.0",
    "url": "http://www.apache.org/licenses/LICENSE-1.0"
  },
  "info": [
    {
      "id": 42551,
      "filename": "KAKAO_970_13.txt",
      "title": "KAKAO_970_13",
      "mediatype": "SNS",
      "medianame": "카카오톡",
      "category": "일상대화",
      "date": "2021-10-05",
      "size": 764,
      "annotations": {
        "subject": "계절/날씨",
        "speaker_type": "1:1",
        "size": 764,
        "word_size": 234,
        "text": "1 : 아 날씨 좋을 때 진짜 국토대장정 꼭 가고 싶다...\n1 : 나이가 한 살 한 살 먹을수록 그런 거 하려면 포기해야 할 게 너무 많아서 어려워져\n2 : 그건 그래 하고 싶은 거 있으면 빨리 해야지 20대 때 해야 해\n1 : 진짜 그런 거 가려면 일도 그만둬야 하고 돈도 써야 하고 그동안도 월세는 나가고 관리비도 나가고...\n2 : 그러니까 빡세게 일해야지 고수익 알바와 투잡을 튀면서 ㄷㄷ\n1 : 지금 나의 빡센 근무는 그저 1월 이후 일자리가 없을까 봐 해 놓는 거긴 한데...\n2 : 요즘 투잡 뛰는 사람 꽤 많잖아 생각해보니까 너도 하고 있네\n1 : 키키 아 이런 청춘에 이런 좋은 날씨에 내가 이러고... 서러워 놀고 싶어\n2 : 인정 요즘에 데이라서 한 번씩 창문 보잖아 이렇게 날씨 좋은 날도 없더라 진짜 하늘 미쳤어\n1 : 그니까. 진짜 그저께 배드민턴 치다가 문득 하늘 봤는데 가로등 때문에 밝은디 그래도 별이 엄청 많은 겨...\n1 : 오랜만에 되게 행복했음\n2 : 며칠 전에 하늘 봤냐 핑크색으로 진짜 개이뻤었는데\n1 : 그니까 ㅠㅠ 진짜 이런 하늘이면 그냥 공원에 앉아서 하늘만 봐도 행복한데...\n2 : 인정 이렇게 좋은 날씨에 놀러 가지도 못하고 일이나 하고 앉아있다니 원통하다\n1 : 키키 나도 맨날 일하고 컴퓨터 보고... 하늘을 봐야 하는데 맨날 전자파만 받고...\n2 : ㅇㅈㅇㅈ 나도 매일 병원에 갇혀서 에혀...\n1 : 아 우리 정말 언젠가 어른 되면 날씨 좋을 때 캠핑 가자 여유 생기고 자본 넉넉한 그런 어른 되면...\n2 : 차박이 너무 하고 싶어",
        "lines": [
          {
            "id": 1,
            "text": "1 : 아 날씨 좋을 때 진짜 국토대장정 꼭 가고 싶다...",
            "norm_text": "아 날씨 좋을 때 진짜 국토대장정 꼭 가고 싶다...",
            "speaker": {
              "id": "1번",
              "sex": "여성",
              "age": "20대"
            },
            "speechAct": "(단언) 주장하기",
            "morpheme": "아날씨좋을때진짜국토대장정꼭가고싶다/UNKNOWN+./SY"
          },
          {
            "id": 2,
            "text": "1 : 나이가 한 살 한 살 먹을수록 그런 거 하려면 포기해야 할 게 너무 많아서 어려워져",
            "norm_text": "나이가 한 살 한 살 먹을수록 그런 거 하려면 포기해야 할 게 너무 많아서 어려워져",
            "speaker": {
              "id": "1번",
              "sex": "여성",
              "age": "20대"
            },
            "speechAct": "(단언) 주장하기",
            "morpheme": "나이/NNG+가/JKS+한/MM+살/NNBC+한/MM+살/NNBC+먹/VV+을수록/EC+그런/MM+거/NNB+하/VV+려면/EC+포기/NNG+해야/XSV+EC+할/VX+ETM+게/NNB+JKS+너무/MAG+많/VA+아서/EC+어려워져/VA+EC+VX+EC"
          },
          {
            "id": 3,
            "text": "2 : 그건 그래 하고 싶은 거 있으면 빨리 해야지 20대 때 해야 해",
            "norm_text": "그건 그래 하고 싶은 거 있으면 빨리 해야지 20대 때 해야 해",
            "speaker": {
              "id": "2번",
              "sex": "여성",
              "age": "20대"
            },
            "speechAct": "(단언) 주장하기",
            "morpheme": "그건/NP+JX+그래/VA+EC+하/VV+고/EC+싶/VX+은/ETM+거/NNB+있/VA+으면/EC+빨리/MAG+해야지/VV+EC+20/SN+대/NNBC+때/NNG+해야/XSV+EC+해/VV+EC"
          },
          {
            "id": 4,
            "text": "1 : 진짜 그런 거 가려면 일도 그만둬야 하고 돈도 써야 하고 그동안도 월세는 나가고 관리비도 나가고...",
            "norm_text": "진짜 그런 거 가려면 일도 그만둬야 하고 돈도 써야 하고 그동안도 월세는 나가고 관리비도 나가고...",
            "speaker": {
              "id": "1번",
              "sex": "여성",
              "age": "20대"
            },
            "speechAct": "(단언) 진술하기",
            "morpheme": "진짜그런거가려면일도그만둬야하고돈도써야하고그동안도월세는나가고관리비도나가고/UNKNOWN+./SY"
          },
          {
            "id": 5,
            "text": "2 : 그러니까 빡세게 일해야지 고수익 알바와 투잡을 튀면서 ㄷㄷ",
            "norm_text": "그러니까 빡세게 일해야지 고수익 알바와 투잡을 튀면서 ㄷㄷ",
            "speaker": {
              "id": "2번",
              "sex": "여성",
              "age": "20대"
            },
            "speechAct": "(단언) 주장하기",
            "morpheme": "그러니까/MAJ+빡세/VA+게/EC+일/NNG+해야/XSV+EC+지/VX+고/EC+수익/NNG+알바/NNP+와/JC+투/NR+잡/NNG+을/JKO+튀/VV+면서/EC+ㄷ/NNG+ㄷ/NNG"
          },
          {
            "id": 6,
            "text": "1 : 지금 나의 빡센 근무는 그저 1월 이후 일자리가 없을까 봐 해 놓는 거긴 한데...",
            "norm_text": "지금 나의 빡센 근무는 그저 1월 이후 일자리가 없을까 봐 해 놓는 거긴 한데...",
            "speaker": {
              "id": "1번",
              "sex": "여성",
              "age": "20대"
            },
            "speechAct": "(단언) 진술하기",
            "morpheme": "지금/MAG+나/NP+의/JKG+빡센/VA+ETM+근무/NNG+는/JX+그저/MAG+1/SN+월/NNBC+이후/NNG+일자리/NNG+가/JKS+없/VA+을까/EC+봐/VX+EC+해/VV+EC+놓/VX+는/ETM+거/NNB+긴/VCP+ETN+JX+한데/VX+EC+./SY+./SY"
          },
          {
            "id": 7,
            "text": "2 : 요즘 투잡 뛰는 사람 꽤 많잖아 생각해보니까 너도 하고 있네",
            "norm_text": "요즘 투잡 뛰는 사람 꽤 많잖아 생각해보니까 너도 하고 있네",
            "speaker": {
              "id": "2번",
              "sex": "여성",
              "age": "20대"
            },
            "speechAct": "(단언) 진술하기",
            "morpheme": "요즘/NNG+투/NR+잡/NNG+뛰/VV+는/ETM+사람/NNG+꽤/MAG+많/VA+잖아/EC+생각/NNG+해/XSV+EC+보/VX+니까/EC+너/NP+도/JX+하/VV+고/EC+있/VX+네/EC"
          },
          {
            "id": 8,
            "text": "1 : 키키 아 이런 청춘에 이런 좋은 날씨에 내가 이러고... 서러워 놀고 싶어",
            "norm_text": "키키 아 이런 청춘에 이런 좋은 날씨에 내가 이러고... 서러워 놀고 싶어",
            "speaker": {
              "id": "1번",
              "sex": "여성",
              "age": "20대"
            },
            "speechAct": "(단언) 주장하기",
            "morpheme": "키/NNG+키/VV+아/EC+이런/MM+청춘/NNG+에/JKB+이런/MM+좋/VA+은/ETM+날씨/NNG+에/JKB+내/NP+가/JKS+이러/VV+고/EC+./SY+./SY+서러워/VA+EC+놀/VV+고/EC+싶/VX+어/EC"
          },
          {
            "id": 9,
            "text": "2 : 인정 요즘에 데이라서 한 번씩 창문 보잖아 이렇게 날씨 좋은 날도 없더라 진짜 하늘 미쳤어",
            "norm_text": "인정 요즘에 데이라서 한 번씩 창문 보잖아 이렇게 날씨 좋은 날도 없더라 진짜 하늘 미쳤어",
            "speaker": {
              "id": "2번",
              "sex": "여성",
              "age": "20대"
            },
            "speechAct": "(단언) 주장하기",
            "morpheme": "인정/NNG+요즘/NNG+에/JKB+데이/VV+라서/EC+한/MM+번/NNBC+씩/XSN+창문/NNG+보/VV+잖아/EF+이렇게/MAG+날씨/NNG+좋/VA+은/ETM+날/NNG+도/JX+없/VA+더라/EF+진짜/MAG+하늘/NNG+미쳤/VV+EP+어/EC"
          },
          {
            "id": 10,
            "text": "1 : 그니까. 진짜 그저께 배드민턴 치다가 문득 하늘 봤는데 가로등 때문에 밝은디 그래도 별이 엄청 많은 겨...",
            "norm_text": "그니까. 진짜 그저께 배드민턴 치다가 문득 하늘 봤는데 가로등 때문에 밝은디 그래도 별이 엄청 많은 겨...",
            "speaker": {
              "id": "1번",
              "sex": "여성",
              "age": "20대"
            },
            "speechAct": "(단언) 진술하기",
            "morpheme": "그니까/MAJ+진짜그저께배드민턴치다가문득하늘봤는데가로등때문에밝은디그래도별이엄청많은겨/UNKNOWN+./SY"
          },
          {
            "id": 11,
            "text": "1 : 오랜만에 되게 행복했음",
            "norm_text": "오랜만에 되게 행복했음",
            "speaker": {
              "id": "1번",
              "sex": "여성",
              "age": "20대"
            },
            "speechAct": "(단언) 주장하기",
            "morpheme": "오랜만/NNG+에/JKB+되게/MAG+행복/NNG+했/XSV+EP+음/ETN"
          },
          {
            "id": 12,
            "text": "2 : 며칠 전에 하늘 봤냐 핑크색으로 진짜 개이뻤었는데",
            "norm_text": "며칠 전에 하늘 봤냐 핑크색으로 진짜 개이뻤었는데",
            "speaker": {
              "id": "2번",
              "sex": "여성",
              "age": "20대"
            },
            "speechAct": "(단언) 주장하기",
            "morpheme": "며칠/NNG+전/NNG+에/JKB+하늘/NNG+봤/VV+EP+냐/EC+핑크/NNG+색/NNG+으로/JKB+진짜/MAG+개/NNG+이뻤/VA+EP+었/EP+는데/EC"
          },
          {
            "id": 13,
            "text": "1 : 그니까 ㅠㅠ 진짜 이런 하늘이면 그냥 공원에 앉아서 하늘만 봐도 행복한데...",
            "norm_text": "그니까 ㅠㅠ 진짜 이런 하늘이면 그냥 공원에 앉아서 하늘만 봐도 행복한데...",
            "speaker": {
              "id": "1번",
              "sex": "여성",
              "age": "20대"
            },
            "speechAct": "(단언) 주장하기",
            "morpheme": "그니까ㅠㅠ진짜이런하늘이면그냥공원에앉아서하늘만봐도행복한데/UNKNOWN+./SY"
          },
          {
            "id": 14,
            "text": "2 : 인정 이렇게 좋은 날씨에 놀러 가지도 못하고 일이나 하고 앉아있다니 원통하다",
            "norm_text": "인정 이렇게 좋은 날씨에 놀러 가지도 못하고 일이나 하고 앉아있다니 원통하다",
            "speaker": {
              "id": "2번",
              "sex": "여성",
              "age": "20대"
            },
            "speechAct": "(단언) 주장하기",
            "morpheme": "인정/NNG+이렇게/MAG+좋/VA+은/ETM+날씨/NNG+에/JKB+놀/VV+러/EC+가지/VX+도/EC+못하/VX+고/EC+일/NNG+이나/JX+하/VV+고/EC+앉/VV+아/EC+있/VX+다니/EC+원통/NNG+하/XSV+다/EC"
          },
          {
            "id": 15,
            "text": "1 : 키키 나도 맨날 일하고 컴퓨터 보고... 하늘을 봐야 하는데 맨날 전자파만 받고...",
            "norm_text": "키키 나도 맨날 일하고 컴퓨터 보고... 하늘을 봐야 하는데 맨날 전자파만 받고...",
            "speaker": {
              "id": "1번",
              "sex": "여성",
              "age": "20대"
            },
            "speechAct": "(단언) 진술하기",
            "morpheme": "키/NNG+키나/XSA+ETN+JX+도/JX+맨날/MAG+일/NNG+하/XSV+고/EC+컴퓨터/NNG+보/VV+고/EC+./SY+./SY+하늘/NNG+을/JKO+봐야/VV+EC+하/VV+는데/EC+맨날/MAG+전자파/NNG+만/JX+받/VV+고/EC+./SY+./SY"
          },
          {
            "id": 16,
            "text": "2 : ㅇㅈㅇㅈ 나도 매일 병원에 갇혀서 에혀...",
            "norm_text": "ㅇㅈㅇㅈ 나도 매일 병원에 갇혀서 에혀...",
            "speaker": {
              "id": "2번",
              "sex": "여성",
              "age": "20대"
            },
            "speechAct": "(단언) 진술하기",
            "morpheme": "ㅇㅈㅇㅈ나도매일병원에갇혀서에혀/UNKNOWN+./SY"
          },
          {
            "id": 17,
            "text": "1 : 아 우리 정말 언젠가 어른 되면 날씨 좋을 때 캠핑 가자 여유 생기고 자본 넉넉한 그런 어른 되면...",
            "norm_text": "아 우리 정말 언젠가 어른 되면 날씨 좋을 때 캠핑 가자 여유 생기고 자본 넉넉한 그런 어른 되면...",
            "speaker": {
              "id": "1번",
              "sex": "여성",
              "age": "20대"
            },
            "speechAct": "(지시) 충고/제안하기",
            "morpheme": "아우리정말언젠가어른되면날씨좋을때캠핑가자여유생기고자본넉넉한그런어른되면/UNKNOWN+./SY"
          },
          {
            "id": 18,
            "text": "2 : 차박이 너무 하고 싶어",
            "norm_text": "차박이 너무 하고 싶어",
            "speaker": {
              "id": "2번",
              "sex": "여성",
              "age": "20대"
            },
            "speechAct": "(단언) 주장하기",
            "morpheme": "차/NNG+박이/XSN+너무/MAG+하/VV+고/EC+싶/VX+어/EC"
          }
        ]
      }
    }
  ]
}