{
  "dataset": {
    "identifier": 68151,
    "name": "KAKAO_962_19_set",
    "src_path": "/data/file/cubeManager/PROJECT001/53/txt20211005163142021240/KAKAO_962_19_set/",
    "label_path": "/data/file/cubeManager/PROJECT001/53/txt20211005163142021240/KAKAO_962_19_set/",
    "category": 2,
    "type": 0
  },
  "licenses": {
    "name": "Apache License 1.0",
    "url": "http://www.apache.org/licenses/LICENSE-1.0"
  },
  "info": [
    {
      "id": 42477,
      "filename": "KAKAO_962_19.txt",
      "title": "KAKAO_962_19",
      "mediatype": "SNS",
      "medianame": "카카오톡",
      "category": "일상대화",
      "date": "2021-10-05",
      "size": 531,
      "annotations": {
        "subject": "방송/연예",
        "speaker_type": "1:1",
        "size": 531,
        "word_size": 163,
        "text": "1 : *** 아들 노엘이라고 알아? 랩퍼하는 사람인데\n2 : ***이 누고? 둘 다 모르겠다 키키;\n1 : 국회의원인데 키키 아들 있거든 키키 맨날 사고 치는데 키키\n2 : 아 그래 키키 기억난다 키키 국회의원이라니까 키키\n1 : 또 사고 쳤다 하길래 키키\n1 : 어제는 집사부일체라는 TV 프로그램에 *** 후보 나왔더라 키키\n2 : 난 정치는 전혀 모르겠다 키키\n1 : 그 프로그램 이승기가 메인엠씨인데 깔끔하게 잘 봐서 보게 됨.\n2 : 집사부일체 제목은 들어봤는데 한 번도 본 적은 없음?\n1 : 이승기는 나이 먹어도 더 괜찮아지더랑\n2 : 이승기는 뭐 사고도 딱히 없었지 않나?\n1 : 얼마 전에 열애설 때매 키키 조금?\n2 : 아 그래? 누구랑 열애설 터졌는데?\n1 : 견미리 딸 이다인이라고\n2 : 누군지 모르겠다 키키 열애설 터진 게 왜 키키\n1 : 그 집안이 뭐 아빠가 사기를 쳐서 잘사는 집안인가... 근데 뭐 피해자도 많은데 상관 안 하고 그거 떳떳하게 누리고 잘 살아서 미움 사는 듯.\n2 : 아... 열애설 터진 거는 진짜 사귀고 있는 거는 맞고? 키키",
        "lines": [
          {
            "id": 1,
            "text": "1 : *** 아들 노엘이라고 알아? 랩퍼하는 사람인데",
            "norm_text": "*** 아들 노엘이라고 알아? 랩퍼하는 사람인데",
            "speaker": {
              "id": "1번",
              "sex": "여성",
              "age": "30대"
            },
            "speechAct": "(지시) 질문하기",
            "morpheme": "*/SY+*/SY+*/SY+아들/NNG+노엘/NNP+이/VCP+라고/EC+알/VV+아/EF+랩퍼/NNP+하/VV+는/ETM+사람/NNG+인데/VCP+EC"
          },
          {
            "id": 2,
            "text": "2 : ***이 누고? 둘 다 모르겠다 키키;",
            "norm_text": "***이 누고? 둘 다 모르겠다 키키;",
            "speaker": {
              "id": "2번",
              "sex": "남성",
              "age": "30대"
            },
            "speechAct": "(단언) 주장하기",
            "morpheme": "*/SY+*/SY+*/SY+이/JKS+누고/NNG+둘/NR+다/MAG+모르/VV+겠/EP+다키키/NNP+;/SY"
          },
          {
            "id": 3,
            "text": "1 : 국회의원인데 키키 아들 있거든 키키 맨날 사고 치는데 키키",
            "norm_text": "국회의원인데 키키 아들 있거든 키키 맨날 사고 치는데 키키",
            "speaker": {
              "id": "1번",
              "sex": "여성",
              "age": "30대"
            },
            "speechAct": "(단언) 진술하기",
            "morpheme": "국회의원/NNG+인데/VCP+EC+키/NNG+키/NNG+아들/NNG+있/VA+거든/EF+키/NNG+키/NNG+맨날/MAG+사/VV+고/EC+치/VV+는데/EC+키/NNG+키/XSV+ETN"
          },
          {
            "id": 4,
            "text": "2 : 아 그래 키키 기억난다 키키 국회의원이라니까 키키",
            "norm_text": "아 그래 키키 기억난다 키키 국회의원이라니까 키키",
            "speaker": {
              "id": "2번",
              "sex": "남성",
              "age": "30대"
            },
            "speechAct": "(단언) 주장하기",
            "morpheme": "아/IC+그래/IC+키/NNG+키/NNG+기억/NNG+난/NP+JX+다키키/NNP+국회의원/NNG+이/VCP+라니까/EC+키/NNG+키/XSV+ETN"
          },
          {
            "id": 5,
            "text": "1 : 또 사고 쳤다 하길래 키키",
            "norm_text": "또 사고 쳤다 하길래 키키",
            "speaker": {
              "id": "1번",
              "sex": "여성",
              "age": "30대"
            },
            "speechAct": "(단언) 진술하기",
            "morpheme": "또/MAG+사/VV+고/EC+쳤/VV+EP+다/EC+하/VV+길래/EC+키/NNG+키/XSV+ETN"
          },
          {
            "id": 6,
            "text": "1 : 어제는 집사부일체라는 TV 프로그램에 *** 후보 나왔더라 키키",
            "norm_text": "어제는 집사부일체라는 TV 프로그램에 *** 후보 나왔더라 키키",
            "speaker": {
              "id": "1번",
              "sex": "여성",
              "age": "30대"
            },
            "speechAct": "(단언) 진술하기",
            "morpheme": "어제/NNG+는/JX+집사부/NNG+일체/NNG+라는/VCP+ETM+TV/SL+프로그램/NNG+에/JKB+*/SY+*/SY+*/SY+후보/NNG+나왔/VV+EP+더라/EF+키/NNG+키/XSV+ETN"
          },
          {
            "id": 7,
            "text": "2 : 난 정치는 전혀 모르겠다 키키",
            "norm_text": "난 정치는 전혀 모르겠다 키키",
            "speaker": {
              "id": "2번",
              "sex": "남성",
              "age": "30대"
            },
            "speechAct": "(단언) 주장하기",
            "morpheme": "난/NP+JX+정치/NNG+는/JX+전혀/MAG+모르/VV+겠/EP+다키키/NNP"
          },
          {
            "id": 8,
            "text": "1 : 그 프로그램 이승기가 메인엠씨인데 깔끔하게 잘 봐서 보게 됨.",
            "norm_text": "그 프로그램 이승기가 메인엠씨인데 깔끔하게 잘 봐서 보게 됨.",
            "speaker": {
              "id": "1번",
              "sex": "여성",
              "age": "30대"
            },
            "speechAct": "(단언) 주장하기",
            "morpheme": "그/MM+프로그램/NNG+이/JKS+승기/NNG+가/JKS+메인/VV+ETM+엠/NNP+씨/NNB+인데/VCP+EC+깔끔/XR+하/XSA+게/EC+잘/MAG+봐서/VV+EC+보/VX+게/EC+됨/VV+ETN"
          },
          {
            "id": 9,
            "text": "2 : 집사부일체 제목은 들어봤는데 한 번도 본 적은 없음?",
            "norm_text": "집사부일체 제목은 들어봤는데 한 번도 본 적은 없음?",
            "speaker": {
              "id": "2번",
              "sex": "남성",
              "age": "30대"
            },
            "speechAct": "(단언) 주장하기",
            "morpheme": "집사부/NNG+일체/MAG+제목/NNG+은/JX+들/VV+어/EC+봤/VX+EP+는데/EC+한/MM+번/NNBC+도/JX+본적/NNG+은/JX+없/VA+음/ETN"
          },
          {
            "id": 10,
            "text": "1 : 이승기는 나이 먹어도 더 괜찮아지더랑",
            "norm_text": "이승기는 나이 먹어도 더 괜찮아지더랑",
            "speaker": {
              "id": "1번",
              "sex": "여성",
              "age": "30대"
            },
            "speechAct": "(단언) 주장하기",
            "morpheme": "이승기/NNP+는/JX+나이/NNG+먹/VV+어도/EC+더/MAG+괜찮/VA+아지/EC+더/MAG+랑/NNG"
          },
          {
            "id": 11,
            "text": "2 : 이승기는 뭐 사고도 딱히 없었지 않나?",
            "norm_text": "이승기는 뭐 사고도 딱히 없었지 않나?",
            "speaker": {
              "id": "2번",
              "sex": "남성",
              "age": "30대"
            },
            "speechAct": "(지시) 질문하기",
            "morpheme": "이승기/NNP+는/JX+뭐/IC+사고/NNG+도/JX+딱히/MAG+없/VA+었/EP+지/EC+않/VX+나/EF"
          },
          {
            "id": 12,
            "text": "1 : 얼마 전에 열애설 때매 키키 조금?",
            "norm_text": "얼마 전에 열애설 때매 키키 조금?",
            "speaker": {
              "id": "1번",
              "sex": "여성",
              "age": "30대"
            },
            "speechAct": "(단언) 주장하기",
            "morpheme": "얼마/NNG+전/NNG+에/JKB+열애/NNG+설/NNG+때/NNG+매키/NNP+키/NNG+조금/MAG"
          },
          {
            "id": 13,
            "text": "2 : 아 그래? 누구랑 열애설 터졌는데?",
            "norm_text": "아 그래? 누구랑 열애설 터졌는데?",
            "speaker": {
              "id": "2번",
              "sex": "남성",
              "age": "30대"
            },
            "speechAct": "(지시) 질문하기",
            "morpheme": "아/IC+그래/IC+누구/NP+랑/JKB+열애/NNG+설/XSN+터졌/VV+EP+는데/EF"
          },
          {
            "id": 14,
            "text": "1 : 견미리 딸 이다인이라고",
            "norm_text": "견미리 딸 이다인이라고",
            "speaker": {
              "id": "1번",
              "sex": "여성",
              "age": "30대"
            },
            "speechAct": "(단언) 진술하기",
            "morpheme": "견미리/NNP+딸/NNG+이/JKS+다인/NNG+이/VCP+라고/EC"
          },
          {
            "id": 15,
            "text": "2 : 누군지 모르겠다 키키 열애설 터진 게 왜 키키",
            "norm_text": "누군지 모르겠다 키키 열애설 터진 게 왜 키키",
            "speaker": {
              "id": "2번",
              "sex": "남성",
              "age": "30대"
            },
            "speechAct": "(지시) 질문하기",
            "morpheme": "누군지/NP+VCP+EC+모르/VV+겠/EP+다키키/NNP+열애/NNG+설/XSN+터진/VV+ETM+게/NNB+JKS+왜/MAG+키/NNG+키/XSV+ETN"
          },
          {
            "id": 16,
            "text": "1 : 그 집안이 뭐 아빠가 사기를 쳐서 잘사는 집안인가... 근데 뭐 피해자도 많은데 상관 안 하고 그거 떳떳하게 누리고 잘 살아서 미움 사는 듯.",
            "norm_text": "그 집안이 뭐 아빠가 사기를 쳐서 잘사는 집안인가... 근데 뭐 피해자도 많은데 상관 안 하고 그거 떳떳하게 누리고 잘 살아서 미움 사는 듯.",
            "speaker": {
              "id": "1번",
              "sex": "여성",
              "age": "30대"
            },
            "speechAct": "(단언) 주장하기",
            "morpheme": "그/MM+집안/NNG+이/JKS+뭐/IC+아빠/NNG+가/JKS+사기/NNG+를/JKO+쳐서/VV+EC+잘/MAG+사/VV+는/ETM+집안/NNG+인가/VCP+EF+./SY+근데/MAJ+뭐/IC+피해자/NNG+도/JX+많/VA+은데/EC+상관/NNG+안/MAG+하/VV+고/EC+그거/NP+떳떳/XR+하/XSA+게/EC+누리/VV+고/EC+잘/MAG+살/VV+아서/EC+미움/NNG+사/VV+는/ETM+듯/NNB"
          },
          {
            "id": 17,
            "text": "2 : 아... 열애설 터진 거는 진짜 사귀고 있는 거는 맞고? 키키",
            "norm_text": "아... 열애설 터진 거는 진짜 사귀고 있는 거는 맞고? 키키",
            "speaker": {
              "id": "2번",
              "sex": "남성",
              "age": "30대"
            },
            "speechAct": "(지시) 질문하기",
            "morpheme": "아/IC+./SY+열애/NNG+설/XSN+터진/VV+ETM+거/NNB+는/JX+진짜/MAG+사귀/VV+고/EC+있/VX+는/ETM+거/NNB+는/JX+맞/VV+고/EC+?/SY+키/NNG+키/XSV+ETN"
          }
        ]
      }
    }
  ]
}