{
  "dataset": {
    "identifier": 67942,
    "name": "KAKAO_963_03_set",
    "src_path": "/data/file/cubeManager/PROJECT001/53/txt20211005163222050284/KAKAO_963_03_set/",
    "label_path": "/data/file/cubeManager/PROJECT001/53/txt20211005163222050284/KAKAO_963_03_set/",
    "category": 2,
    "type": 0
  },
  "licenses": {
    "name": "Apache License 1.0",
    "url": "http://www.apache.org/licenses/LICENSE-1.0"
  },
  "info": [
    {
      "id": 42521,
      "filename": "KAKAO_963_03.txt",
      "title": "KAKAO_963_03",
      "mediatype": "SNS",
      "medianame": "카카오톡",
      "category": "일상대화",
      "date": "2021-10-05",
      "size": 585,
      "annotations": {
        "subject": "교통",
        "speaker_type": "1:1",
        "size": 585,
        "word_size": 186,
        "text": "1 : 차 운전할 때 휴대폰 하는 사람 진짜 많다 ㅜㅜ\n2 : 많더라 ㅜㅜ 너무 위험해 ㅠㅠ\n2 : 차에서 블루투스 전화하면 밖에 다 들리는 거 알고 있나 키키\n1 : 키키 아... 그래 그렇더라 키키 아니 근데 그런 사람들 때문에 교통체증 일어나!\n2 : 키키 정신 차리게 경적 한번 울려주지\n1 : 휴대폰 한다고 앞에 잘 못 보니까 천천히 가거나 급정거 급발진 하니까 차가 막혀\n2 : 그렇군 키키 부산에는 길이 이상하게 운전하기 되게 어려움\n1 : 요즘에 경적 한번 울렸다가 보복운전 당할까 무섭다\n2 : 와 무서운 사람 많더라...\n2 : 경적 울렸다고 차 멈춰서 골프채 들고 내리던데\n1 : 부산은 이상하게 운전하기 어려운 게 아니라, 전국에서 제일 어렵다.\n2 : 키키 너 부산에서 운전 해봤어? 키키\n1 : 응 해봤지 키키 나 창원 살 때 부산 자주 갔으니까 키키\n2 : 왜? 키키 부산에 왜 자주 갔었음?\n1 : 잉? 키키 놀러가고... 드라이브 가고 키키 별일은 없었는데 키키\n2 : 아 그냥 놀러 가는 거였네 키키\n2 : 부산에 친구 있었어?\n1 : 그때는 부산 사는 친구는 없었지 창원에서 데려감\n2 : 키키 야 그러게 가는데 왜 나는 한번도 안 데리고 감?",
        "lines": [
          {
            "id": 1,
            "text": "1 : 차 운전할 때 휴대폰 하는 사람 진짜 많다 ㅜㅜ",
            "norm_text": "차 운전할 때 휴대폰 하는 사람 진짜 많다 ㅜㅜ",
            "speaker": {
              "id": "1번",
              "sex": "여성",
              "age": "30대"
            },
            "speechAct": "(단언) 주장하기",
            "morpheme": "차/NNG+운전/NNG+할/XSV+ETM+때/NNG+휴대폰/NNG+하/XSV+는/ETM+사람/NNG+진짜/MAG+많/VA+다/EF+ㅜㅜ/UNKNOWN"
          },
          {
            "id": 2,
            "text": "2 : 많더라 ㅜㅜ 너무 위험해 ㅠㅠ",
            "norm_text": "많더라 ㅜㅜ 너무 위험해 ㅠㅠ",
            "speaker": {
              "id": "2번",
              "sex": "여성",
              "age": "30대"
            },
            "speechAct": "(단언) 진술하기",
            "morpheme": "많/VA+더라/EF+ㅜㅜ/UNKNOWN+너무/MAG+위험/NNG+해/XSV+EC+ㅠㅠ/UNKNOWN"
          },
          {
            "id": 3,
            "text": "2 : 차에서 블루투스 전화하면 밖에 다 들리는 거 알고 있나 키키",
            "norm_text": "차에서 블루투스 전화하면 밖에 다 들리는 거 알고 있나 키키",
            "speaker": {
              "id": "2번",
              "sex": "여성",
              "age": "30대"
            },
            "speechAct": "(단언) 주장하기",
            "morpheme": "차/NNG+에서/JKB+블루투스/NNP+전화/NNG+하/XSV+면/EC+밖/NNG+에다/JKB+들리/VV+는/ETM+거/NNB+알/VV+고/EC+있/VX+나/EC+키/NNG+키/XSV+ETN"
          },
          {
            "id": 4,
            "text": "1 : 키키 아... 그래 그렇더라 키키 아니 근데 그런 사람들 때문에 교통체증 일어나!",
            "norm_text": "키키 아... 그래 그렇더라 키키 아니 근데 그런 사람들 때문에 교통체증 일어나!",
            "speaker": {
              "id": "1번",
              "sex": "여성",
              "age": "30대"
            },
            "speechAct": "(단언) 주장하기",
            "morpheme": "키/NNG+키/VV+아/EF+./SY+그래그렇더라키키아니근데그런사람들때문에교통체증일어나/UNKNOWN"
          },
          {
            "id": 5,
            "text": "2 : 키키 정신 차리게 경적 한번 울려주지",
            "norm_text": "키키 정신 차리게 경적 한번 울려주지",
            "speaker": {
              "id": "2번",
              "sex": "여성",
              "age": "30대"
            },
            "speechAct": "(단언) 주장하기",
            "morpheme": "키/NNG+키/NNG+정신/NNG+차리/VV+게/EC+경적/NNG+한/MM+번/NNBC+울려/VV+EC+주/VX+지/EC"
          },
          {
            "id": 6,
            "text": "1 : 휴대폰 한다고 앞에 잘 못 보니까 천천히 가거나 급정거 급발진 하니까 차가 막혀",
            "norm_text": "휴대폰 한다고 앞에 잘 못 보니까 천천히 가거나 급정거 급발진 하니까 차가 막혀",
            "speaker": {
              "id": "1번",
              "sex": "여성",
              "age": "30대"
            },
            "speechAct": "(단언) 주장하기",
            "morpheme": "휴대폰/NNG+한다고/XSV+EC+앞/NNG+에/JKB+잘못/MAG+보/VV+니까/EC+천천히/MAG+가/VV+거나/EC+급정거/NNG+급/NNG+발진/NNG+하/XSV+니까/EC+차/NNG+가/JKS+막혀/VV+EC"
          },
          {
            "id": 7,
            "text": "2 : 그렇군 키키 부산에는 길이 이상하게 운전하기 되게 어려움",
            "norm_text": "그렇군 키키 부산에는 길이 이상하게 운전하기 되게 어려움",
            "speaker": {
              "id": "2번",
              "sex": "여성",
              "age": "30대"
            },
            "speechAct": "(단언) 주장하기",
            "morpheme": "그렇/VA+군/EC+키키/NNP+부산/NNP+에/JKB+는/JX+길/NNG+이/JKS+이상/NNG+하/XSV+게/EC+운전/NNG+하/XSV+기/ETN+되게/MAG+어려움/NNG"
          },
          {
            "id": 8,
            "text": "1 : 요즘에 경적 한번 울렸다가 보복운전 당할까 무섭다",
            "norm_text": "요즘에 경적 한번 울렸다가 보복운전 당할까 무섭다",
            "speaker": {
              "id": "1번",
              "sex": "여성",
              "age": "30대"
            },
            "speechAct": "(단언) 주장하기",
            "morpheme": "요즘/NNG+에/JKB+경적/NNG+한/MM+번/NNBC+울렸/VV+EP+다가/EC+보복/NNG+운전/NNG+당할까/XSV+EC+무섭/VA+다/EC"
          },
          {
            "id": 9,
            "text": "2 : 와 무서운 사람 많더라...",
            "norm_text": "와 무서운 사람 많더라...",
            "speaker": {
              "id": "2번",
              "sex": "여성",
              "age": "30대"
            },
            "speechAct": "(단언) 진술하기",
            "morpheme": "와/IC+무서운/VA+ETM+사람/NNG+많/VA+더라/EF+./SY"
          },
          {
            "id": 10,
            "text": "2 : 경적 울렸다고 차 멈춰서 골프채 들고 내리던데",
            "norm_text": "경적 울렸다고 차 멈춰서 골프채 들고 내리던데",
            "speaker": {
              "id": "2번",
              "sex": "여성",
              "age": "30대"
            },
            "speechAct": "(단언) 진술하기",
            "morpheme": "경적/NNG+울렸/VV+EP+다고/EC+차/NNG+멈춰/VV+EP+서/EC+골프채/NNG+들/VV+고/EC+내리/VV+던데/EC"
          },
          {
            "id": 11,
            "text": "1 : 부산은 이상하게 운전하기 어려운 게 아니라, 전국에서 제일 어렵다.",
            "norm_text": "부산은 이상하게 운전하기 어려운 게 아니라, 전국에서 제일 어렵다.",
            "speaker": {
              "id": "1번",
              "sex": "여성",
              "age": "30대"
            },
            "speechAct": "(단언) 주장하기",
            "morpheme": "부산/NNP+은/JX+이상/NNG+하/XSV+게/EC+운전/NNG+하/XSV+기/ETN+어려운/VA+ETM+게/NNB+JKC+아니/VCN+라/EC+,/SC+전국/NNG+에서/JKB+제일/MAG+어렵/VA+다/EF"
          },
          {
            "id": 12,
            "text": "2 : 키키 너 부산에서 운전 해봤어? 키키",
            "norm_text": "키키 너 부산에서 운전 해봤어? 키키",
            "speaker": {
              "id": "2번",
              "sex": "여성",
              "age": "30대"
            },
            "speechAct": "(지시) 질문하기",
            "morpheme": "키/NNG+키너/NNP+부산/NNP+에서/JKB+운전/NNG+해/XSV+EC+봤/VX+EP+어/EF+키/NNG+키/XSV+ETN"
          },
          {
            "id": 13,
            "text": "1 : 응 해봤지 키키 나 창원 살 때 부산 자주 갔으니까 키키",
            "norm_text": "응 해봤지 키키 나 창원 살 때 부산 자주 갔으니까 키키",
            "speaker": {
              "id": "1번",
              "sex": "여성",
              "age": "30대"
            },
            "speechAct": "(단언) 진술하기",
            "morpheme": "응해/VV+EC+봤/VX+EP+지/EC+키/NNG+키나/XSA+ETN+JX+창원/NNP+살/NNG+때/NNG+부산/NNG+자주/MAG+갔/VV+EP+으니까/EC+키/NNG+키/XSV+ETN"
          },
          {
            "id": 14,
            "text": "2 : 왜? 키키 부산에 왜 자주 갔었음?",
            "norm_text": "왜? 키키 부산에 왜 자주 갔었음?",
            "speaker": {
              "id": "2번",
              "sex": "여성",
              "age": "30대"
            },
            "speechAct": "(지시) 질문하기",
            "morpheme": "왜/MAG+키키/NNP+부산/NNP+에/JKB+왜/MAG+자주/MAG+갔었/VV+EP+음/ETN"
          },
          {
            "id": 15,
            "text": "1 : 잉? 키키 놀러가고... 드라이브 가고 키키 별일은 없었는데 키키",
            "norm_text": "잉? 키키 놀러가고... 드라이브 가고 키키 별일은 없었는데 키키",
            "speaker": {
              "id": "1번",
              "sex": "여성",
              "age": "30대"
            },
            "speechAct": "(단언) 진술하기",
            "morpheme": "잉/IC+키/NNG+키/XSV+ETN+놀/VV+러/EC+가/VX+고/EC+./SY+./SY+드라이브가고키키별일은없었는데키키/UNKNOWN"
          },
          {
            "id": 16,
            "text": "2 : 아 그냥 놀러 가는 거였네 키키",
            "norm_text": "아 그냥 놀러 가는 거였네 키키",
            "speaker": {
              "id": "2번",
              "sex": "여성",
              "age": "30대"
            },
            "speechAct": "(단언) 주장하기",
            "morpheme": "아/IC+그냥/MAG+놀러가/VV+는/ETM+거/NNB+였/VCP+EP+네/EF+키/NNG+키/XSV+ETN"
          },
          {
            "id": 17,
            "text": "2 : 부산에 친구 있었어?",
            "norm_text": "부산에 친구 있었어?",
            "speaker": {
              "id": "2번",
              "sex": "여성",
              "age": "30대"
            },
            "speechAct": "(지시) 질문하기",
            "morpheme": "부산/NNP+에/JKB+친구/NNG+있/VV+었/EP+어/EF"
          },
          {
            "id": 18,
            "text": "1 : 그때는 부산 사는 친구는 없었지 창원에서 데려감",
            "norm_text": "그때는 부산 사는 친구는 없었지 창원에서 데려감",
            "speaker": {
              "id": "1번",
              "sex": "여성",
              "age": "30대"
            },
            "speechAct": "(단언) 주장하기",
            "morpheme": "그때/NNG+는/JX+부산/NNP+사/VV+는/ETM+친구/NNG+는/JX+없/VA+었/EP+지창원/NNP+에서/JKB+데려/VV+EC+감/VX+ETN"
          },
          {
            "id": 19,
            "text": "2 : 키키 야 그러게 가는데 왜 나는 한번도 안 데리고 감?",
            "norm_text": "키키 야 그러게 가는데 왜 나는 한번도 안 데리고 감?",
            "speaker": {
              "id": "2번",
              "sex": "여성",
              "age": "30대"
            },
            "speechAct": "(지시) 질문하기",
            "morpheme": "키/NNG+키/VV+야/EC+그러/VV+게/EC+가/VX+는데/EC+왜/MAG+나/NP+는/JX+한/MM+번/NNBC+도/JX+안/MAG+데리/VV+고/EC+감/VX+ETN"
          }
        ]
      }
    }
  ]
}