{
  "dataset": {
    "identifier": 44076,
    "name": "KAKAO_925_04_set",
    "src_path": "/data/file/cubeManager/PROJECT001/53/txt20211006121743080431/KAKAO_925_04_set/",
    "label_path": "/data/file/cubeManager/PROJECT001/53/txt20211006121743080431/KAKAO_925_04_set/",
    "category": 2,
    "type": 0
  },
  "licenses": {
    "name": "Apache License 1.0",
    "url": "http://www.apache.org/licenses/LICENSE-1.0"
  },
  "info": [
    {
      "id": 42764,
      "filename": "KAKAO_925_04.txt",
      "title": "KAKAO_925_04",
      "mediatype": "SNS",
      "medianame": "카카오톡",
      "category": "일상대화",
      "date": "2021-10-06",
      "size": 851,
      "annotations": {
        "subject": "회사/아르바이트",
        "speaker_type": "다자간 대화",
        "size": 851,
        "word_size": 294,
        "text": "1 : ** 당 대표는 자전거 타고 헬멧 안 쓰고 출근하시던데 키키\n1 : 근데 완전 편해 보임\n2 : 따릉이 말하는 건가?\n2 : 킥보드 충전 시키는 일 되게 편해 보이던데\n3 : 그것도 알바비로 들어가서 돈 벌 수 있대\n1 : 엥 진짜? 나 소개 좀 시켜 달라 그래\n2 : 대신 트럭 있어야 할걸?\n2 : 차 몰고 다니면서 충전 시키는 알바임\n3 : 맞아 그거 질질 끌고 다닐 수는 없잖어\n1 : 아 트럭도 없고 면허도 없는데 돈 벌려고 트럭 사고 면허 학원 다니는 건 오반데 키키\n2 : 키키 돈 벌려고 돈 버는 사회 실화냐?\n2 : 볼링공 열심히 닦아라\n3 : 배보다 배꼽이 더 크네 키키\n3 : 면허나 따 야\n1 : 키키 아 면허 학원 너무 비싸\n1 : 돈 많이 들더만\n2 : 내가 알려줄게\n2 : 대신 시급 20000원 주셈\n3 : 키키 면허 나 딸 때 따지 그랬냐?\n1 : 그냥 아빠한테 배울게.\n1 : 아 근데 지금 차 끌 일도 없는데 돈 쓰기 싫어\n2 : 나중에 직장 멀리로 잡으면 따 늦지 않아 그래도...^^\n3 : 근데 미리 따 놔야 좋아 보험 들 때,\n3 : 나중에 취업하고 급하게 따지 말고 지금 따\n1 : 키키 맞아 다들 그렇게 얘기하더라\n2 : 그게 보험료도 싸지고 좋긴 해...\n2 : 돈 열심히 벌어 화이팅\n3 : 그리고 더 비싸질지도 모름,\n3 : 취직하기도 전에 돈 쓴다\n1 : 아 에반데... 누가 나한테 면허 팔아라 너무 귀찮아\n2 : 키키 한국 면허 비싸~ 면허 관광도 오는 추세에...\n3 : 키키 아 내가 딸 때보다 1.5배 비싼 듯,\n1 : 헐 진짜? 처음 들어 봐\n1 : 면허 따 놓으면 취업할 수 있구나... 메...모...\n2 : 배달 기사로 취직할 수 있지 그럼 그럼\n3 : 키키 배달 기사는 없으면 안 되지,\n3 : 너무 기본이다",
        "lines": [
          {
            "id": 1,
            "text": "1 : ** 당 대표는 자전거 타고 헬멧 안 쓰고 출근하시던데 키키",
            "norm_text": "** 당 대표는 자전거 타고 헬멧 안 쓰고 출근하시던데 키키",
            "speaker": {
              "id": "1번",
              "sex": "여성",
              "age": "20대"
            },
            "speechAct": "(단언) 진술하기",
            "morpheme": "*/SY+*/SY+당/XSN+대표/NNG+는/JX+자전거/NNG+타/VV+고/EC+헬멧/NNG+안/MAG+쓰/VV+고/EC+출근/NNG+하/XSV+시/EP+던데/EC+키/NNG+키/XSV+ETN"
          },
          {
            "id": 2,
            "text": "1 : 근데 완전 편해 보임",
            "norm_text": "근데 완전 편해 보임",
            "speaker": {
              "id": "1번",
              "sex": "여성",
              "age": "20대"
            },
            "speechAct": "(단언) 주장하기",
            "morpheme": "근데/MAJ+완전/MAG+편해/VA+EC+보임/VV+ETN"
          },
          {
            "id": 3,
            "text": "2 : 따릉이 말하는 건가?",
            "norm_text": "따릉이 말하는 건가?",
            "speaker": {
              "id": "2번",
              "sex": "남성",
              "age": "20대"
            },
            "speechAct": "(지시) 질문하기",
            "morpheme": "따/IC+릉/NNG+이/JKS+말/NNG+하/XSV+는/ETM+건가/NNB+VCP+EF"
          },
          {
            "id": 4,
            "text": "2 : 킥보드 충전 시키는 일 되게 편해 보이던데",
            "norm_text": "킥보드 충전 시키는 일 되게 편해 보이던데",
            "speaker": {
              "id": "2번",
              "sex": "남성",
              "age": "20대"
            },
            "speechAct": "(단언) 진술하기",
            "morpheme": "킥/IC+보드/NNP+충전/NNG+시키/XSV+는/ETM+일/NNG+되게/MAG+편해/VA+EC+보이/VV+던데/EC"
          },
          {
            "id": 5,
            "text": "3 : 그것도 알바비로 들어가서 돈 벌 수 있대",
            "norm_text": "그것도 알바비로 들어가서 돈 벌 수 있대",
            "speaker": {
              "id": "3번",
              "sex": "남성",
              "age": "20대"
            },
            "speechAct": "(단언) 진술하기",
            "morpheme": "그것/NP+도/JX+알/VV+ETM+바/NNB+비/NNG+로/JKB+들어가/VV+서/EC+돈/NNG+벌/VV+ETM+수/NNB+있/VV+대/EC"
          },
          {
            "id": 6,
            "text": "1 : 엥 진짜? 나 소개 좀 시켜 달라 그래",
            "norm_text": "엥 진짜? 나 소개 좀 시켜 달라 그래",
            "speaker": {
              "id": "1번",
              "sex": "여성",
              "age": "20대"
            },
            "speechAct": "(단언) 주장하기",
            "morpheme": "엥/IC+진짜/MAG+나/NP+소개/NNG+좀/MAG+시켜/VV+EC+달/VX+라/EC+그래/VV+EC"
          },
          {
            "id": 7,
            "text": "2 : 대신 트럭 있어야 할걸?",
            "norm_text": "대신 트럭 있어야 할걸?",
            "speaker": {
              "id": "2번",
              "sex": "남성",
              "age": "20대"
            },
            "speechAct": "(단언) 진술하기",
            "morpheme": "대신/NNG+트럭/NNG+있/VV+어야/EC+할걸/VX+EF"
          },
          {
            "id": 8,
            "text": "2 : 차 몰고 다니면서 충전 시키는 알바임",
            "norm_text": "차 몰고 다니면서 충전 시키는 알바임",
            "speaker": {
              "id": "2번",
              "sex": "남성",
              "age": "20대"
            },
            "speechAct": "(단언) 진술하기",
            "morpheme": "차/NNG+몰/VV+고/EC+다니/VV+면서/EC+충전/NNG+시키/XSV+는/ETM+알바/NNP+임/VCP+ETN"
          },
          {
            "id": 9,
            "text": "3 : 맞아 그거 질질 끌고 다닐 수는 없잖어",
            "norm_text": "맞아 그거 질질 끌고 다닐 수는 없잖어",
            "speaker": {
              "id": "3번",
              "sex": "남성",
              "age": "20대"
            },
            "speechAct": "(단언) 주장하기",
            "morpheme": "맞/VV+아/EC+그거/NP+질질/MAG+끌/VV+고/EC+다닐/VV+ETM+수/NNB+는/JX+없잖/VA+어/EC"
          },
          {
            "id": 10,
            "text": "1 : 아 트럭도 없고 면허도 없는데 돈 벌려고 트럭 사고 면허 학원 다니는 건 오반데 키키",
            "norm_text": "아 트럭도 없고 면허도 없는데 돈 벌려고 트럭 사고 면허 학원 다니는 건 오반데 키키",
            "speaker": {
              "id": "1번",
              "sex": "여성",
              "age": "20대"
            },
            "speechAct": "(단언) 주장하기",
            "morpheme": "아/IC+트럭/NNG+도/JX+없/VA+고/EC+면허/NNG+도/JX+없/VA+는데/EC+돈/NNG+벌/VV+려고/EC+트럭/NNG+사고/NNG+면허/NNG+학원/NNG+다니/VV+는/ETM+건/NNB+JX+오/NR+반데/NNG+VCP+EC+키/NNG+키/XSV+ETN"
          },
          {
            "id": 11,
            "text": "2 : 키키 돈 벌려고 돈 버는 사회 실화냐?",
            "norm_text": "키키 돈 벌려고 돈 버는 사회 실화냐?",
            "speaker": {
              "id": "2번",
              "sex": "남성",
              "age": "20대"
            },
            "speechAct": "(단언) 주장하기",
            "morpheme": "키/NNG+키/NNG+돈/NNG+벌/VV+려고/EC+돈/NNG+버/VV+는/ETM+사회/NNG+실화/NNG+냐/VCP+EF"
          },
          {
            "id": 12,
            "text": "2 : 볼링공 열심히 닦아라",
            "norm_text": "볼링공 열심히 닦아라",
            "speaker": {
              "id": "2번",
              "sex": "남성",
              "age": "20대"
            },
            "speechAct": "(단언) 주장하기",
            "morpheme": "볼링공/NNG+열심히/MAG+닦/VV+아라/EC"
          },
          {
            "id": 13,
            "text": "3 : 배보다 배꼽이 더 크네 키키",
            "norm_text": "배보다 배꼽이 더 크네 키키",
            "speaker": {
              "id": "3번",
              "sex": "남성",
              "age": "20대"
            },
            "speechAct": "(단언) 주장하기",
            "morpheme": "배/NNG+보다/JKB+배꼽/NNG+이/JKS+더/MAG+크/VA+네/EF+키/NNG+키/XSV+ETN"
          },
          {
            "id": 14,
            "text": "3 : 면허나 따 야",
            "norm_text": "면허나 따 야",
            "speaker": {
              "id": "3번",
              "sex": "남성",
              "age": "20대"
            },
            "speechAct": "(지시) 충고/제안하기",
            "morpheme": "면허/NNG+나/JX+따/VV+야/EC"
          },
          {
            "id": 15,
            "text": "1 : 키키 아 면허 학원 너무 비싸",
            "norm_text": "키키 아 면허 학원 너무 비싸",
            "speaker": {
              "id": "1번",
              "sex": "여성",
              "age": "20대"
            },
            "speechAct": "(단언) 주장하기",
            "morpheme": "키/NNG+키/VV+아/EC+면허/NNG+학원/NNG+너무/MAG+비싸/VA+EC"
          },
          {
            "id": 16,
            "text": "1 : 돈 많이 들더만",
            "norm_text": "돈 많이 들더만",
            "speaker": {
              "id": "1번",
              "sex": "여성",
              "age": "20대"
            },
            "speechAct": "(단언) 진술하기",
            "morpheme": "돈/NNG+많이/MAG+들/VV+더만/EC"
          },
          {
            "id": 17,
            "text": "2 : 내가 알려줄게",
            "norm_text": "내가 알려줄게",
            "speaker": {
              "id": "2번",
              "sex": "남성",
              "age": "20대"
            },
            "speechAct": "(단언) 주장하기",
            "morpheme": "내/NP+가/JKS+알려/VV+EC+줄/VX+ETM+게/NNB+JKS"
          },
          {
            "id": 18,
            "text": "2 : 대신 시급 20000원 주셈",
            "norm_text": "대신 시급 20000원 주셈",
            "speaker": {
              "id": "2번",
              "sex": "남성",
              "age": "20대"
            },
            "speechAct": "(단언) 주장하기",
            "morpheme": "대신/NNG+시급/NNG+20000/SN+원주/NNG+셈/NNG"
          },
          {
            "id": 19,
            "text": "3 : 키키 면허 나 딸 때 따지 그랬냐?",
            "norm_text": "키키 면허 나 딸 때 따지 그랬냐?",
            "speaker": {
              "id": "3번",
              "sex": "남성",
              "age": "20대"
            },
            "speechAct": "(지시) 질문하기",
            "morpheme": "키/NNG+키/NNG+면허/NNG+나/JC+딸/NNG+때/NNG+따/VV+지/EC+그랬/VV+EP+냐/EF"
          },
          {
            "id": 20,
            "text": "1 : 그냥 아빠한테 배울게.",
            "norm_text": "그냥 아빠한테 배울게.",
            "speaker": {
              "id": "1번",
              "sex": "여성",
              "age": "20대"
            },
            "speechAct": "(단언) 주장하기",
            "morpheme": "그냥/MAG+아빠/NNG+한테/JKB+배울/VV+ETM+게/NNB+JKS"
          },
          {
            "id": 21,
            "text": "1 : 아 근데 지금 차 끌 일도 없는데 돈 쓰기 싫어",
            "norm_text": "아 근데 지금 차 끌 일도 없는데 돈 쓰기 싫어",
            "speaker": {
              "id": "1번",
              "sex": "여성",
              "age": "20대"
            },
            "speechAct": "(단언) 주장하기",
            "morpheme": "아/IC+근데/MAJ+지금/MAG+차/NNG+끌/VV+ETM+일/NNG+도/JX+없/VA+는데/EC+돈/NNG+쓰/VV+기/ETN+싫/VA+어/EC"
          },
          {
            "id": 22,
            "text": "2 : 나중에 직장 멀리로 잡으면 따 늦지 않아 그래도...^^",
            "norm_text": "나중에 직장 멀리로 잡으면 따 늦지 않아 그래도...^^",
            "speaker": {
              "id": "2번",
              "sex": "남성",
              "age": "20대"
            },
            "speechAct": "(단언) 주장하기",
            "morpheme": "나중/NNG+에/JKB+직장/NNG+멀리/MAG+로/JKB+잡/VV+으면/EC+따/VV+EC+늦/VA+지/EC+않/VX+아/EC+그래도/VV+EC+./SY+./SY+^/SY+^/SY"
          },
          {
            "id": 23,
            "text": "3 : 근데 미리 따 놔야 좋아 보험 들 때,",
            "norm_text": "근데 미리 따 놔야 좋아 보험 들 때,",
            "speaker": {
              "id": "3번",
              "sex": "남성",
              "age": "20대"
            },
            "speechAct": "(단언) 주장하기",
            "morpheme": "근데/MAJ+미리/MAG+따/VV+EC+놔야/VX+EC+VX+좋아/EC+보험/NNG+들/XSN+때/NNG+,/SC"
          },
          {
            "id": 24,
            "text": "3 : 나중에 취업하고 급하게 따지 말고 지금 따",
            "norm_text": "나중에 취업하고 급하게 따지 말고 지금 따",
            "speaker": {
              "id": "3번",
              "sex": "남성",
              "age": "20대"
            },
            "speechAct": "(지시) 충고/제안하기",
            "morpheme": "나중/NNG+에/JKB+취업/NNG+하/XSV+고/EC+급하/VA+게/EC+따/VV+지/EC+말/VX+고/EC+지금/MAG+따/VV+EC"
          },
          {
            "id": 25,
            "text": "1 : 키키 맞아 다들 그렇게 얘기하더라",
            "norm_text": "키키 맞아 다들 그렇게 얘기하더라",
            "speaker": {
              "id": "1번",
              "sex": "여성",
              "age": "20대"
            },
            "speechAct": "(단언) 진술하기",
            "morpheme": "키/NNG+키/XSV+ETN+맞/VV+아다/EC+들/XSN+그렇게/MAG+얘기/NNG+하/XSV+더라/EC"
          },
          {
            "id": 26,
            "text": "2 : 그게 보험료도 싸지고 좋긴 해...",
            "norm_text": "그게 보험료도 싸지고 좋긴 해...",
            "speaker": {
              "id": "2번",
              "sex": "남성",
              "age": "20대"
            },
            "speechAct": "(단언) 주장하기",
            "morpheme": "그게/NP+JKS+보험료/NNG+도/JX+싸/VV+EC+지/VX+고/EC+좋/VA+긴/ETN+JX+해/VX+EF+./SY"
          },
          {
            "id": 27,
            "text": "2 : 돈 열심히 벌어 화이팅",
            "norm_text": "돈 열심히 벌어 화이팅",
            "speaker": {
              "id": "2번",
              "sex": "남성",
              "age": "20대"
            },
            "speechAct": "(단언) 주장하기",
            "morpheme": "돈/NNG+열심히/MAG+벌/VV+어/EC+화이팅/NNP"
          },
          {
            "id": 28,
            "text": "3 : 그리고 더 비싸질지도 모름,",
            "norm_text": "그리고 더 비싸질지도 모름,",
            "speaker": {
              "id": "3번",
              "sex": "남성",
              "age": "20대"
            },
            "speechAct": "(단언) 주장하기",
            "morpheme": "그리고/MAJ+더/MAG+비싸/VA+EC+질지/VX+EC+도/JX+모름/VV+ETN+,/SC"
          },
          {
            "id": 29,
            "text": "3 : 취직하기도 전에 돈 쓴다",
            "norm_text": "취직하기도 전에 돈 쓴다",
            "speaker": {
              "id": "3번",
              "sex": "남성",
              "age": "20대"
            },
            "speechAct": "(단언) 주장하기",
            "morpheme": "취직/NNG+하/XSV+기/ETN+도/JX+전/NNG+에/JKB+돈/NNG+쓴다/VV+EC"
          },
          {
            "id": 30,
            "text": "1 : 아 에반데... 누가 나한테 면허 팔아라 너무 귀찮아",
            "norm_text": "아 에반데... 누가 나한테 면허 팔아라 너무 귀찮아",
            "speaker": {
              "id": "1번",
              "sex": "여성",
              "age": "20대"
            },
            "speechAct": "(단언) 주장하기",
            "morpheme": "아/IC+에/IC+반데/NNG+VCP+EC+./SY+./SY+누가/NP+JKS+나/NP+한테/JKB+면허/NNG+팔/VV+아라/EC+너무/MAG+귀찮/VA+아/EC"
          },
          {
            "id": 31,
            "text": "2 : 키키 한국 면허 비싸~ 면허 관광도 오는 추세에...",
            "norm_text": "키키 한국 면허 비싸~ 면허 관광도 오는 추세에...",
            "speaker": {
              "id": "2번",
              "sex": "남성",
              "age": "20대"
            },
            "speechAct": "(단언) 진술하기",
            "morpheme": "키키/NNP+한국/NNP+면허/NNG+비싸/VA+EC+~/SY+면허/NNG+관광/NNG+도/JX+오/VV+는/ETM+추세/NNG+에/JKB+./SY"
          },
          {
            "id": 32,
            "text": "3 : 키키 아 내가 딸 때보다 1.5배 비싼 듯,",
            "norm_text": "키키 아 내가 딸 때보다 1.5배 비싼 듯,",
            "speaker": {
              "id": "3번",
              "sex": "남성",
              "age": "20대"
            },
            "speechAct": "(단언) 진술하기",
            "morpheme": "키/NNG+키/NNG+아내/NNG+가/JKS+딸/VV+ETM+때/NNG+보다/JKB+1/SN+./SY+5/SN+배비/NNG+싼/VA+ETM+듯/NNB+,/SC"
          },
          {
            "id": 33,
            "text": "1 : 헐 진짜? 처음 들어 봐",
            "norm_text": "헐 진짜? 처음 들어 봐",
            "speaker": {
              "id": "1번",
              "sex": "여성",
              "age": "20대"
            },
            "speechAct": "(단언) 진술하기",
            "morpheme": "헐/IC+진짜/MAG+처음/MAG+들/VV+어/EC+봐/VX+EC"
          },
          {
            "id": 34,
            "text": "1 : 면허 따 놓으면 취업할 수 있구나... 메...모...",
            "norm_text": "면허 따 놓으면 취업할 수 있구나... 메...모...",
            "speaker": {
              "id": "1번",
              "sex": "여성",
              "age": "20대"
            },
            "speechAct": "(단언) 진술하기",
            "morpheme": "면허/NNG+따놓/VV+으면/EC+취업/NNG+할/XSV+ETM+수/NNB+있/VV+구나/EF+./SY+메/NP+./SY+모/IC+./SY"
          },
          {
            "id": 35,
            "text": "2 : 배달 기사로 취직할 수 있지 그럼 그럼",
            "norm_text": "배달 기사로 취직할 수 있지 그럼 그럼",
            "speaker": {
              "id": "2번",
              "sex": "남성",
              "age": "20대"
            },
            "speechAct": "(단언) 진술하기",
            "morpheme": "배달/NNG+기사/NNG+로/JKB+취직/NNG+할/XSV+ETM+수/NNB+있/VV+지/EF+그럼/MAJ+그럼/MAJ"
          },
          {
            "id": 36,
            "text": "3 : 키키 배달 기사는 없으면 안 되지,",
            "norm_text": "키키 배달 기사는 없으면 안 되지,",
            "speaker": {
              "id": "3번",
              "sex": "남성",
              "age": "20대"
            },
            "speechAct": "(단언) 주장하기",
            "morpheme": "키/NNG+키/NNG+배달/NNG+기사/NNG+는/JX+없/VA+으면/EC+안/MAG+되/VV+지/EF+,/SC"
          },
          {
            "id": 37,
            "text": "3 : 너무 기본이다",
            "norm_text": "너무 기본이다",
            "speaker": {
              "id": "3번",
              "sex": "남성",
              "age": "20대"
            },
            "speechAct": "(단언) 주장하기",
            "morpheme": "너무/MAG+기본/NNG+이/VCP+다/EC"
          }
        ]
      }
    }
  ]
}