{
  "dataset": {
    "identifier": 50939,
    "name": "KAKAO_985_12_set",
    "src_path": "/data/file/cubeManager/PROJECT001/53/txt20211006140111083686/KAKAO_985_12_set/",
    "label_path": "/data/file/cubeManager/PROJECT001/53/txt20211006140111083686/KAKAO_985_12_set/",
    "category": 2,
    "type": 0
  },
  "licenses": {
    "name": "Apache License 1.0",
    "url": "http://www.apache.org/licenses/LICENSE-1.0"
  },
  "info": [
    {
      "id": 45203,
      "filename": "KAKAO_985_12.txt",
      "title": "KAKAO_985_12",
      "mediatype": "SNS",
      "medianame": "카카오톡",
      "category": "일상대화",
      "date": "2021-10-06",
      "size": 499,
      "annotations": {
        "subject": "여행",
        "speaker_type": "1:1",
        "size": 499,
        "word_size": 156,
        "text": "1 : 이제 백신 접종률 70% 넘어서 여행 규제 완화돼서 여행사 재개 하는 듯 키키\n2 : 슬슬 여행 많이 가는 거 같다 키키\n1 : 키키 나도 여행 가고 싶다... 키키\n2 : 나도... 이왕이면 외국으로 가고 싶다\n1 : 키키 사이판 여행 상품 괜찮던데 키키\n1 : 자가격리 5일을 호텔에서\n2 : 호텔에서 자가격리라니 나쁘지 않네 키키\n1 : 거기다 사이판에서 외국인 한국인만 받는다고 해 가지고 키키\n2 : 사이판에 한국인들 완전 많겠다 키키\n1 : 키키 지금 사이판 가면 한국인 파티 키키\n2 : 사이판 가서 스노우쿨링하고 싶어 키키\n2 : 바다 갈래~\n1 : 와 진짜 개존잼이겠다 ㅠㅠ 진심 힐링이 필요한데\n2 : 호텔 수영장에서 수영하는 것도 좋을 듯 키키 힐링 그 자체\n1 : 키키 우리 베트남 갔을 때 수영 최고였는데 키키\n2 : 수영장에서 둥둥 떠다니고 좋았지 키키 호텔도 좋았어\n1 : 일정을 포기하고 물놀이를 더 했어야 키키 그때 너무 재밌었어 키키\n2 : 베트남 바다는 생각보다 별로더라 그치 키키",
        "lines": [
          {
            "id": 1,
            "text": "1 : 이제 백신 접종률 70% 넘어서 여행 규제 완화돼서 여행사 재개 하는 듯 키키",
            "norm_text": "이제 백신 접종률 70% 넘어서 여행 규제 완화돼서 여행사 재개 하는 듯 키키",
            "speaker": {
              "id": "1번",
              "sex": "여성",
              "age": "20대"
            },
            "speechAct": "(단언) 진술하기",
            "morpheme": "이제/MAG+백신/NNG+접종/NNG+률/XSN+70/SN+%/SY+넘/VV+어서/EC+여행/NNG+규제/NNG+완화/NNG+돼서/XSV+EC+여행사/NNG+재개/NNG+하/XSV+는/ETM+듯/NNB+키/NNG+키/XSV+ETN"
          },
          {
            "id": 2,
            "text": "2 : 슬슬 여행 많이 가는 거 같다 키키",
            "norm_text": "슬슬 여행 많이 가는 거 같다 키키",
            "speaker": {
              "id": "2번",
              "sex": "여성",
              "age": "30대"
            },
            "speechAct": "(단언) 주장하기",
            "morpheme": "슬슬/MAG+여행/NNG+많이/MAG+가/VV+는/ETM+거/NNB+같/VA+다키키/NNP"
          },
          {
            "id": 3,
            "text": "1 : 키키 나도 여행 가고 싶다... 키키",
            "norm_text": "키키 나도 여행 가고 싶다... 키키",
            "speaker": {
              "id": "1번",
              "sex": "여성",
              "age": "20대"
            },
            "speechAct": "(단언) 주장하기",
            "morpheme": "키/NNG+키나/XSA+ETN+JX+도/JX+여행/NNG+가/VV+고/EC+싶/VX+다/EF+./SY+키/NNG+키/XSV+ETN"
          },
          {
            "id": 4,
            "text": "2 : 나도... 이왕이면 외국으로 가고 싶다",
            "norm_text": "나도... 이왕이면 외국으로 가고 싶다",
            "speaker": {
              "id": "2번",
              "sex": "여성",
              "age": "30대"
            },
            "speechAct": "(단언) 주장하기",
            "morpheme": "나/NP+도/JX+./SY+./SY+이왕이면/MAG+외국/NNG+으로/JKB+가/VV+고/EC+싶/VX+다/EC"
          },
          {
            "id": 5,
            "text": "1 : 키키 사이판 여행 상품 괜찮던데 키키",
            "norm_text": "키키 사이판 여행 상품 괜찮던데 키키",
            "speaker": {
              "id": "1번",
              "sex": "여성",
              "age": "20대"
            },
            "speechAct": "(단언) 진술하기",
            "morpheme": "키/NNG+키/NNG+사이판/NNG+여행/NNG+상품/NNG+괜찮/VA+던데/EC+키/NNG+키/XSV+ETN"
          },
          {
            "id": 6,
            "text": "1 : 자가격리 5일을 호텔에서",
            "norm_text": "자가격리 5일을 호텔에서",
            "speaker": {
              "id": "1번",
              "sex": "여성",
              "age": "20대"
            },
            "speechAct": "(단언) 진술하기",
            "morpheme": "자가/NNG+격리/NNG+5/SN+일/NNBC+을/JKO+호텔/NNG+에서/JKB"
          },
          {
            "id": 7,
            "text": "2 : 호텔에서 자가격리라니 나쁘지 않네 키키",
            "norm_text": "호텔에서 자가격리라니 나쁘지 않네 키키",
            "speaker": {
              "id": "2번",
              "sex": "여성",
              "age": "30대"
            },
            "speechAct": "(단언) 주장하기",
            "morpheme": "호텔/NNG+에서/JKB+자가/NNG+격리/NNG+라니/VCP+EC+나쁘/VA+지/EC+않/VX+네/EF+키/NNG+키/XSV+ETN"
          },
          {
            "id": 8,
            "text": "1 : 거기다 사이판에서 외국인 한국인만 받는다고 해 가지고 키키",
            "norm_text": "거기다 사이판에서 외국인 한국인만 받는다고 해 가지고 키키",
            "speaker": {
              "id": "1번",
              "sex": "여성",
              "age": "20대"
            },
            "speechAct": "(단언) 진술하기",
            "morpheme": "거기/NP+다/JX+사이판/NNG+에서/JKB+외국인/NNG+한국인/NNG+만/JX+받/VV+는다고/EC+해/VV+EC+가지/VX+고/EC+키/NNG+키/XSV+ETN"
          },
          {
            "id": 9,
            "text": "2 : 사이판에 한국인들 완전 많겠다 키키",
            "norm_text": "사이판에 한국인들 완전 많겠다 키키",
            "speaker": {
              "id": "2번",
              "sex": "여성",
              "age": "30대"
            },
            "speechAct": "(단언) 주장하기",
            "morpheme": "사이판/NNG+에/JKB+한국인/NNG+들/XSN+완전/MAG+많/VA+겠/EP+다키키/NNP"
          },
          {
            "id": 10,
            "text": "1 : 키키 지금 사이판 가면 한국인 파티 키키",
            "norm_text": "키키 지금 사이판 가면 한국인 파티 키키",
            "speaker": {
              "id": "1번",
              "sex": "여성",
              "age": "20대"
            },
            "speechAct": "(단언) 주장하기",
            "morpheme": "키/NNG+키/NNG+지금/MAG+사이판/NNG+가/VV+면/EC+한국인/NNG+파티/NNG+키/NNG+키/XSV+ETN"
          },
          {
            "id": 11,
            "text": "2 : 사이판 가서 스노우쿨링하고 싶어 키키",
            "norm_text": "사이판 가서 스노우쿨링하고 싶어 키키",
            "speaker": {
              "id": "2번",
              "sex": "여성",
              "age": "30대"
            },
            "speechAct": "(단언) 주장하기",
            "morpheme": "사이/NNG+판가/NNG+서/JKB+스노우/NNP+쿨링/NNG+하/XSV+고/EC+싶/VX+어/EC+키/NNG+키/XSV+ETN"
          },
          {
            "id": 12,
            "text": "2 : 바다 갈래~",
            "norm_text": "바다 갈래~",
            "speaker": {
              "id": "2번",
              "sex": "여성",
              "age": "30대"
            },
            "speechAct": "(단언) 주장하기",
            "morpheme": "바다/NNG+갈래/NNG+~/SY"
          },
          {
            "id": 13,
            "text": "1 : 와 진짜 개존잼이겠다 ㅠㅠ 진심 힐링이 필요한데",
            "norm_text": "와 진짜 개존잼이겠다 ㅠㅠ 진심 힐링이 필요한데",
            "speaker": {
              "id": "1번",
              "sex": "여성",
              "age": "20대"
            },
            "speechAct": "(단언) 주장하기",
            "morpheme": "와/IC+진짜/MAG+개/NNG+존/NNP+잼/NNG+이/VCP+겠/EP+다/EF+ㅠㅠ/UNKNOWN+진심/NNG+힐링/NNG+이/JKS+필요/NNG+한데/XSA+EC"
          },
          {
            "id": 14,
            "text": "2 : 호텔 수영장에서 수영하는 것도 좋을 듯 키키 힐링 그 자체",
            "norm_text": "호텔 수영장에서 수영하는 것도 좋을 듯 키키 힐링 그 자체",
            "speaker": {
              "id": "2번",
              "sex": "여성",
              "age": "30대"
            },
            "speechAct": "(단언) 주장하기",
            "morpheme": "호텔/NNG+수영장/NNG+에서/JKB+수영/NNG+하/XSV+는/ETM+것/NNB+도/JX+좋/VA+을/ETM+듯/NNB+키/NNG+키/NNG+힐링/NNG+그/MM+자체/NNG"
          },
          {
            "id": 15,
            "text": "1 : 키키 우리 베트남 갔을 때 수영 최고였는데 키키",
            "norm_text": "키키 우리 베트남 갔을 때 수영 최고였는데 키키",
            "speaker": {
              "id": "1번",
              "sex": "여성",
              "age": "20대"
            },
            "speechAct": "(단언) 주장하기",
            "morpheme": "키/NNG+키/XSV+ETN+우리/NP+베트남/NNP+갔/VV+EP+을/ETM+때/NNG+수영/NNG+최고/NNG+였/VCP+EP+는데/EC+키/NNG+키/XSV+ETN"
          },
          {
            "id": 16,
            "text": "2 : 수영장에서 둥둥 떠다니고 좋았지 키키 호텔도 좋았어",
            "norm_text": "수영장에서 둥둥 떠다니고 좋았지 키키 호텔도 좋았어",
            "speaker": {
              "id": "2번",
              "sex": "여성",
              "age": "30대"
            },
            "speechAct": "(단언) 주장하기",
            "morpheme": "수영장/NNG+에서/JKB+둥둥/MAG+떠다니/VV+고/EC+좋/VA+았/EP+지/EC+키/NNG+키/NNG+호텔/NNG+도/JX+좋/VA+았/EP+어/EC"
          },
          {
            "id": 17,
            "text": "1 : 일정을 포기하고 물놀이를 더 했어야 키키 그때 너무 재밌었어 키키",
            "norm_text": "일정을 포기하고 물놀이를 더 했어야 키키 그때 너무 재밌었어 키키",
            "speaker": {
              "id": "1번",
              "sex": "여성",
              "age": "20대"
            },
            "speechAct": "(단언) 주장하기",
            "morpheme": "일정/NNG+을/JKO+포기/NNG+하/XSV+고/EC+물놀이/NNG+를/JKO+더/MAG+했/VV+EP+어야/EC+키/NNG+키/NNG+그때/NNG+너무/MAG+재밌/VA+었/EP+어/EC+키/NNG+키/XSV+ETN"
          },
          {
            "id": 18,
            "text": "2 : 베트남 바다는 생각보다 별로더라 그치 키키",
            "norm_text": "베트남 바다는 생각보다 별로더라 그치 키키",
            "speaker": {
              "id": "2번",
              "sex": "여성",
              "age": "30대"
            },
            "speechAct": "(단언) 주장하기",
            "morpheme": "베트남/NNP+바다/NNG+는/JX+생각/NNG+보다/JKB+별로/MAG+더라/VCP+EF+그치/IC+키/NNG+키/XSV+ETN"
          }
        ]
      }
    }
  ]
}