{
  "dataset": {
    "identifier": 68957,
    "name": "KAKAO_945_03_set",
    "src_path": "/data/file/cubeManager/PROJECT001/53/txt20211005162516014583/KAKAO_945_03_set/",
    "label_path": "/data/file/cubeManager/PROJECT001/53/txt20211005162516014583/KAKAO_945_03_set/",
    "category": 2,
    "type": 0
  },
  "licenses": {
    "name": "Apache License 1.0",
    "url": "http://www.apache.org/licenses/LICENSE-1.0"
  },
  "info": [
    {
      "id": 42300,
      "filename": "KAKAO_945_03.txt",
      "title": "KAKAO_945_03",
      "mediatype": "SNS",
      "medianame": "카카오톡",
      "category": "일상대화",
      "date": "2021-10-05",
      "size": 607,
      "annotations": {
        "subject": "교통",
        "speaker_type": "1:1",
        "size": 607,
        "word_size": 195,
        "text": "1 : 현대차 캐스퍼라고 새로 나온 거 본 적 있나?\n2 : 아니아니? 전기찬가?\n2 : 잘 모르겠는데? 하하\n1 : 현대에서 나온 오랜만에 나온 경차라고 엄청 광고 많이 했는데!\n2 : 그래? 대중교통 타고 다니니깐 새로 나온 차들은 모르겠어 하하\n1 : 경형 suv라고 하더라구? 키키\n1 : 엄청 귀엽게 생겼더라 키키\n2 : Suv는 쏘렌토 산타페가 이쁜 거 같아!\n2 : 아님 요번에 나온 스포티지도 이쁘고\n1 : 응 스포티지 예쁘더라! 키키\n1 : 얼마 전에 실물로 봤었어 키키\n2 : 오오~ 잘 나왔어\n2 : 가격도 비싸고 전작에 비해서 키키\n1 : 응 키키 캐스퍼 실물을 한번 보고 싶은데 키키\n1 : 아직 한번도 못 봤네 ㅜㅜ\n2 : 아직 안 나온 거 아니야?\n2 :  출시만 되고? 안 나왔지 싶은데? 하하\n1 : 아 진짜?\n1 : 사람들이 실물이라고 사진 올리고 하던데... 아닌가? 키키\n2 : 나왔나? 잘 모르겠어 한 번도 못 봤어\n2 : 캐스퍼? 광고도 못 본 거 같은데 키키\n1 : 아 진짜?\n1 : 광고는 나왔어! 키키 귀여워 키키\n2 : 그래?한번 찾아봐야겠네 키키\n2 : 얼마나 귀여울지?\n1 : 키키 응응 키키 차박 노리고 만든 차라고 하더라고 키키\n2 : 아하~ 차박은 대형suv가 최고긴 최고지~",
        "lines": [
          {
            "id": 1,
            "text": "1 : 현대차 캐스퍼라고 새로 나온 거 본 적 있나?",
            "norm_text": "현대차 캐스퍼라고 새로 나온 거 본 적 있나?",
            "speaker": {
              "id": "1번",
              "sex": "여성",
              "age": "30대"
            },
            "speechAct": "(지시) 질문하기",
            "morpheme": "현대차/NNP+캐스퍼/NNP+라고/VCP+EC+새로/MAG+나온/VV+ETM+거/NNB+본/VV+ETM+적/NNB+있/VA+나/EF"
          },
          {
            "id": 2,
            "text": "2 : 아니아니? 전기찬가?",
            "norm_text": "아니아니? 전기찬가?",
            "speaker": {
              "id": "2번",
              "sex": "남성",
              "age": "30대"
            },
            "speechAct": "(지시) 질문하기",
            "morpheme": "아니/IC+아니/IC+전기/NNG+찬가/NNG+VCP+EF"
          },
          {
            "id": 3,
            "text": "2 : 잘 모르겠는데? 하하",
            "norm_text": "잘 모르겠는데? 하하",
            "speaker": {
              "id": "2번",
              "sex": "남성",
              "age": "30대"
            },
            "speechAct": "(단언) 진술하기",
            "morpheme": "잘/MAG+모르/VV+겠/EP+는데/EF+하하/MAG"
          },
          {
            "id": 4,
            "text": "1 : 현대에서 나온 오랜만에 나온 경차라고 엄청 광고 많이 했는데!",
            "norm_text": "현대에서 나온 오랜만에 나온 경차라고 엄청 광고 많이 했는데!",
            "speaker": {
              "id": "1번",
              "sex": "여성",
              "age": "30대"
            },
            "speechAct": "(단언) 진술하기",
            "morpheme": "현대/NNP+에서/JKB+나온/VV+ETM+오랜만/NNG+에/JKB+나온/VV+ETM+경차/NNG+라고/VCP+EC+엄청/MAG+광고/NNG+많이/MAG+했/VV+EP+는데/EF"
          },
          {
            "id": 5,
            "text": "2 : 그래? 대중교통 타고 다니니깐 새로 나온 차들은 모르겠어 하하",
            "norm_text": "그래? 대중교통 타고 다니니깐 새로 나온 차들은 모르겠어 하하",
            "speaker": {
              "id": "2번",
              "sex": "남성",
              "age": "30대"
            },
            "speechAct": "(단언) 진술하기",
            "morpheme": "그래/IC+대중교통/NNG+타/VV+고/EC+다니/VV+니깐/EC+새로/MAG+나온/VV+ETM+차/NNG+들/XSN+은/JX+모르/VV+겠/EP+어/EC+하하/MAG"
          },
          {
            "id": 6,
            "text": "1 : 경형 suv라고 하더라구? 키키",
            "norm_text": "경형 suv라고 하더라구? 키키",
            "speaker": {
              "id": "1번",
              "sex": "여성",
              "age": "30대"
            },
            "speechAct": "(단언) 진술하기",
            "morpheme": "경형/NNG+suv/SL+라고/VCP+EC+하/VX+더라구/EF+키/NNG+키/XSV+ETN"
          },
          {
            "id": 7,
            "text": "1 : 엄청 귀엽게 생겼더라 키키",
            "norm_text": "엄청 귀엽게 생겼더라 키키",
            "speaker": {
              "id": "1번",
              "sex": "여성",
              "age": "30대"
            },
            "speechAct": "(단언) 진술하기",
            "morpheme": "엄청/MAG+귀엽/VA+게/EC+생겼/VV+EP+더라/EF+키/NNG+키/XSV+ETN"
          },
          {
            "id": 8,
            "text": "2 : Suv는 쏘렌토 산타페가 이쁜 거 같아!",
            "norm_text": "Suv는 쏘렌토 산타페가 이쁜 거 같아!",
            "speaker": {
              "id": "2번",
              "sex": "남성",
              "age": "30대"
            },
            "speechAct": "(단언) 주장하기",
            "morpheme": "Suv/SL+는/JX+쏘렌토/NNP+산타페/NNP+가/JKS+이쁜/VA+ETM+거/NNB+같/VA+아/EF"
          },
          {
            "id": 9,
            "text": "2 : 아님 요번에 나온 스포티지도 이쁘고",
            "norm_text": "아님 요번에 나온 스포티지도 이쁘고",
            "speaker": {
              "id": "2번",
              "sex": "남성",
              "age": "30대"
            },
            "speechAct": "(단언) 주장하기",
            "morpheme": "아님/MAJ+요번/NNG+에/JKB+나온/VV+ETM+스포티지/NNP+도/JX+이쁘/VA+고/EC"
          },
          {
            "id": 10,
            "text": "1 : 응 스포티지 예쁘더라! 키키",
            "norm_text": "응 스포티지 예쁘더라! 키키",
            "speaker": {
              "id": "1번",
              "sex": "여성",
              "age": "30대"
            },
            "speechAct": "(단언) 진술하기",
            "morpheme": "응/IC+스포티지/NNP+예쁘/VA+더라/EF+키/NNG+키/XSV+ETN"
          },
          {
            "id": 11,
            "text": "1 : 얼마 전에 실물로 봤었어 키키",
            "norm_text": "얼마 전에 실물로 봤었어 키키",
            "speaker": {
              "id": "1번",
              "sex": "여성",
              "age": "30대"
            },
            "speechAct": "(단언) 진술하기",
            "morpheme": "얼마/NNG+전/NNG+에/JKB+실물/NNG+로/JKB+봤었/VV+EP+어/EC+키/NNG+키/XSV+ETN"
          },
          {
            "id": 12,
            "text": "2 : 오오~ 잘 나왔어",
            "norm_text": "오오~ 잘 나왔어",
            "speaker": {
              "id": "2번",
              "sex": "남성",
              "age": "30대"
            },
            "speechAct": "(단언) 진술하기",
            "morpheme": "오오/NNG+~/SY+잘/MAG+나왔/VV+EP+어/EC"
          },
          {
            "id": 13,
            "text": "2 : 가격도 비싸고 전작에 비해서 키키",
            "norm_text": "가격도 비싸고 전작에 비해서 키키",
            "speaker": {
              "id": "2번",
              "sex": "남성",
              "age": "30대"
            },
            "speechAct": "(단언) 진술하기",
            "morpheme": "가격/NNG+도/JX+비싸/VA+고/EC+전작/NNG+에/JKB+비해서/VV+EC+키/NNG+키/XSV+ETN"
          },
          {
            "id": 14,
            "text": "1 : 응 키키 캐스퍼 실물을 한번 보고 싶은데 키키",
            "norm_text": "응 키키 캐스퍼 실물을 한번 보고 싶은데 키키",
            "speaker": {
              "id": "1번",
              "sex": "여성",
              "age": "30대"
            },
            "speechAct": "(단언) 주장하기",
            "morpheme": "응/IC+키키/NNP+캐스퍼/NNP+실물/NNG+을/JKO+한번/MAG+보/VV+고/EC+싶/VX+은데/EC+키/NNG+키/XSV+ETN"
          },
          {
            "id": 15,
            "text": "1 : 아직 한번도 못 봤네 ㅜㅜ",
            "norm_text": "아직 한번도 못 봤네 ㅜㅜ",
            "speaker": {
              "id": "1번",
              "sex": "여성",
              "age": "30대"
            },
            "speechAct": "(단언) 진술하기",
            "morpheme": "아직/MAG+한/MM+번/NNBC+도/JX+못/MAG+봤/VV+EP+네/EF+ㅜㅜ/UNKNOWN"
          },
          {
            "id": 16,
            "text": "2 : 아직 안 나온 거 아니야?",
            "norm_text": "아직 안 나온 거 아니야?",
            "speaker": {
              "id": "2번",
              "sex": "남성",
              "age": "30대"
            },
            "speechAct": "(지시) 질문하기",
            "morpheme": "아직/MAG+안/MAG+나온/VV+ETM+거/NNB+아니/VCN+야/EF"
          },
          {
            "id": 17,
            "text": "2 :  출시만 되고? 안 나왔지 싶은데? 하하",
            "norm_text": "출시만 되고? 안 나왔지 싶은데? 하하",
            "speaker": {
              "id": "2번",
              "sex": "남성",
              "age": "30대"
            },
            "speechAct": "(단언) 진술하기",
            "morpheme": "출시/NNG+만/JX+되/VV+고/EC+안/MAG+나왔/VV+EP+지/EC+싶/VX+은데/EF+하하/MAG"
          },
          {
            "id": 18,
            "text": "1 : 아 진짜?",
            "norm_text": "아 진짜?",
            "speaker": {
              "id": "1번",
              "sex": "여성",
              "age": "30대"
            },
            "speechAct": "(지시) 질문하기",
            "morpheme": "아/IC+진짜/MAG"
          },
          {
            "id": 19,
            "text": "1 : 사람들이 실물이라고 사진 올리고 하던데... 아닌가? 키키",
            "norm_text": "사람들이 실물이라고 사진 올리고 하던데... 아닌가? 키키",
            "speaker": {
              "id": "1번",
              "sex": "여성",
              "age": "30대"
            },
            "speechAct": "(단언) 진술하기",
            "morpheme": "사람/NNG+들/XSN+이/JKS+실물/NNG+이/VCP+라고/EC+사진/NNG+올리/VV+고/EC+하/VX+던데/EF+./SY+아닌가/VCN+EF+키/NNG+키/XSV+ETN"
          },
          {
            "id": 20,
            "text": "2 : 나왔나? 잘 모르겠어 한 번도 못 봤어",
            "norm_text": "나왔나? 잘 모르겠어 한 번도 못 봤어",
            "speaker": {
              "id": "2번",
              "sex": "남성",
              "age": "30대"
            },
            "speechAct": "(단언) 진술하기",
            "morpheme": "나왔/VV+EP+나/EF+잘/MAG+모르/VV+겠/EP+어/EC+한/MM+번/NNBC+도/JX+못/MAG+봤/VV+EP+어/EC"
          },
          {
            "id": 21,
            "text": "2 : 캐스퍼? 광고도 못 본 거 같은데 키키",
            "norm_text": "캐스퍼? 광고도 못 본 거 같은데 키키",
            "speaker": {
              "id": "2번",
              "sex": "남성",
              "age": "30대"
            },
            "speechAct": "(단언) 진술하기",
            "morpheme": "캐스퍼/NNP+?/SY+광고/NNG+도/JX+못/MAG+본/VV+ETM+거/NNB+같/VA+은데/EC+키/NNG+키/XSV+ETN"
          },
          {
            "id": 22,
            "text": "1 : 아 진짜?",
            "norm_text": "아 진짜?",
            "speaker": {
              "id": "1번",
              "sex": "여성",
              "age": "30대"
            },
            "speechAct": "(지시) 질문하기",
            "morpheme": "아/IC+진짜/MAG"
          },
          {
            "id": 23,
            "text": "1 : 광고는 나왔어! 키키 귀여워 키키",
            "norm_text": "광고는 나왔어! 키키 귀여워 키키",
            "speaker": {
              "id": "1번",
              "sex": "여성",
              "age": "30대"
            },
            "speechAct": "(단언) 진술하기",
            "morpheme": "광고/NNG+는/JX+나왔/VV+EP+어/EF+키키귀여워키키/UNKNOWN"
          },
          {
            "id": 24,
            "text": "2 : 그래?한번 찾아봐야겠네 키키",
            "norm_text": "그래?한번 찾아봐야겠네 키키",
            "speaker": {
              "id": "2번",
              "sex": "남성",
              "age": "30대"
            },
            "speechAct": "(단언) 진술하기",
            "morpheme": "그래/IC+한번/MAG+찾/VV+아/EC+봐야/VX+EC+VV+겠/EP+네/EF+키/NNG+키/XSV+ETN"
          },
          {
            "id": 25,
            "text": "2 : 얼마나 귀여울지?",
            "norm_text": "얼마나 귀여울지?",
            "speaker": {
              "id": "2번",
              "sex": "남성",
              "age": "30대"
            },
            "speechAct": "(단언) 진술하기",
            "morpheme": "얼마나/MAG+귀여울/VA+ETM+지/NNB"
          },
          {
            "id": 26,
            "text": "1 : 키키 응응 키키 차박 노리고 만든 차라고 하더라고 키키",
            "norm_text": "키키 응응 키키 차박 노리고 만든 차라고 하더라고 키키",
            "speaker": {
              "id": "1번",
              "sex": "여성",
              "age": "30대"
            },
            "speechAct": "(단언) 진술하기",
            "morpheme": "키/NNG+키/XSV+ETN+응/IC+응/IC+키/NNG+키/XSV+ETN+차박/UNKNOWN+노리/VV+고/EC+만든/VV+ETM+차/NNG+라고/VCP+EC+하/VV+더라고/EC+키/NNG+키/XSV+ETN"
          },
          {
            "id": 27,
            "text": "2 : 아하~ 차박은 대형suv가 최고긴 최고지~",
            "norm_text": "아하~ 차박은 대형suv가 최고긴 최고지~",
            "speaker": {
              "id": "2번",
              "sex": "남성",
              "age": "30대"
            },
            "speechAct": "(단언) 진술하기",
            "morpheme": "아하/IC+~/SY+차/NNG+박/VV+은/ETM+대형/NNG+suv/SL+가/JKS+최고/NNG+긴/VA+ETM+최고/NNG+지/VCP+EC+~/SY"
          }
        ]
      }
    }
  ]
}