{
  "dataset": {
    "identifier": 67953,
    "name": "KAKAO_963_14_set",
    "src_path": "/data/file/cubeManager/PROJECT001/53/txt20211005163222062982/KAKAO_963_14_set/",
    "label_path": "/data/file/cubeManager/PROJECT001/53/txt20211005163222062982/KAKAO_963_14_set/",
    "category": 2,
    "type": 0
  },
  "licenses": {
    "name": "Apache License 1.0",
    "url": "http://www.apache.org/licenses/LICENSE-1.0"
  },
  "info": [
    {
      "id": 42532,
      "filename": "KAKAO_963_14.txt",
      "title": "KAKAO_963_14",
      "mediatype": "SNS",
      "medianame": "카카오톡",
      "category": "일상대화",
      "date": "2021-10-05",
      "size": 640,
      "annotations": {
        "subject": "사회이슈",
        "speaker_type": "1:1",
        "size": 640,
        "word_size": 203,
        "text": "1 : 서울 코로나 확진자 어제도 700명 넘었던데 잠잠해지면 와 ㅜ\n2 : 아 맞다 키키 지금 코로나였지 키키\n2 : 매일 저렇게 나오는데 코로나 안 끝날 것 같다\n1 : 서울은 도대체가 확진자가 줄어들질 않네 ㅜㅜ\n2 : 서울뿐만 아니라 여기도 ㅠㅠ 며칠 전에 서면 갔는데 사람 장난 아니게 많더라\n1 : 아휴... 이제 사람들 많이 지쳤지... 나만 집에 있는 거 같고...\n2 : 그거 맞는 말임 키키 너만 집에 있는 거임\n1 : 응... 나도 요즘은 공원만 가는데, 점점 사람 많아져\n2 : 아 그래 키키 그런 곳으로 밖에 나가는 사람들도 많음 키키 다들 답답하니까\n1 : 나는 진짜 코로나 때문에 식당에서 밥도 안 먹었다고... ㅜㅜ\n2 : 지금도 그래? 난 요즘엔 그냥 식당 잘 감 키키\n1 : 지금은... 예전보단 가지 ㅜㅜ\n1 : 서울이 이 모양이니까 놀러 오라고 하지를 못하겠네 ㅜㅜ\n2 : 키키 이대로 평생 안 끝나면 그냥 돈 생기면 갈게\n1 : 그래... 그냥 마스크 잘 쓰고... 맛없는 식당 가고 새벽에 공원 가자\n2 : 키키 어 키키 근데 약간 그런 건 있음 키키 사람이 그나마 덜 있는 곳으로 찾아가게 되는 키키\n1 : 맞아 키키 나도 여의도 한강공원이나 반포는 잘 안 가 키키 사람 터져\n2 : 아휴 키키 근데 의외로 그런 데서는 잘 안 걸린다",
        "lines": [
          {
            "id": 1,
            "text": "1 : 서울 코로나 확진자 어제도 700명 넘었던데 잠잠해지면 와 ㅜ",
            "norm_text": "서울 코로나 확진자 어제도 700명 넘었던데 잠잠해지면 와 ㅜ",
            "speaker": {
              "id": "1번",
              "sex": "여성",
              "age": "30대"
            },
            "speechAct": "(단언) 진술하기",
            "morpheme": "서울/NNP+코로나/NNP+확진/NNG+자어/NNG+제도/NNG+700/SN+명넘었던데잠잠해지면와ㅜ/UNKNOWN"
          },
          {
            "id": 2,
            "text": "2 : 아 맞다 키키 지금 코로나였지 키키",
            "norm_text": "아 맞다 키키 지금 코로나였지 키키",
            "speaker": {
              "id": "2번",
              "sex": "여성",
              "age": "30대"
            },
            "speechAct": "(단언) 주장하기",
            "morpheme": "아/IC+맞/VV+다/EC+키/NNG+키/NNG+지금/MAG+코로나/NNG+였/VCP+EP+지/EC+키/NNG+키/XSV+ETN"
          },
          {
            "id": 3,
            "text": "2 : 매일 저렇게 나오는데 코로나 안 끝날 것 같다",
            "norm_text": "매일 저렇게 나오는데 코로나 안 끝날 것 같다",
            "speaker": {
              "id": "2번",
              "sex": "여성",
              "age": "30대"
            },
            "speechAct": "(단언) 주장하기",
            "morpheme": "매일/MAG+저렇게/MAG+나오/VV+는데/EC+코로나/NNG+안/MAG+끝날/VV+ETM+것/NNB+같/VA+다/EC"
          },
          {
            "id": 4,
            "text": "1 : 서울은 도대체가 확진자가 줄어들질 않네 ㅜㅜ",
            "norm_text": "서울은 도대체가 확진자가 줄어들질 않네 ㅜㅜ",
            "speaker": {
              "id": "1번",
              "sex": "여성",
              "age": "30대"
            },
            "speechAct": "(단언) 주장하기",
            "morpheme": "서울/NNP+은/JX+도대체/MAG+가/JKS+확진/NNG+자/XSN+가/JKS+줄어들/VV+질/EC+JX+않/VX+네/EF+ㅜㅜ/UNKNOWN"
          },
          {
            "id": 5,
            "text": "2 : 서울뿐만 아니라 여기도 ㅠㅠ 며칠 전에 서면 갔는데 사람 장난 아니게 많더라",
            "norm_text": "서울뿐만 아니라 여기도 ㅠㅠ 며칠 전에 서면 갔는데 사람 장난 아니게 많더라",
            "speaker": {
              "id": "2번",
              "sex": "여성",
              "age": "30대"
            },
            "speechAct": "(단언) 진술하기",
            "morpheme": "서울/NNP+뿐/JX+만/JX+아니/VCN+라/EC+여기/NP+도/JX+ㅠㅠ/UNKNOWN+며칠/NNG+전/NNG+에서/JKB+면/VCP+EC+갔/VV+EP+는데/EC+사람/NNG+장난/NNG+아니/VCN+게/EC+많/VA+더라/EC"
          },
          {
            "id": 6,
            "text": "1 : 아휴... 이제 사람들 많이 지쳤지... 나만 집에 있는 거 같고...",
            "norm_text": "아휴... 이제 사람들 많이 지쳤지... 나만 집에 있는 거 같고...",
            "speaker": {
              "id": "1번",
              "sex": "여성",
              "age": "30대"
            },
            "speechAct": "(단언) 주장하기",
            "morpheme": "아휴/IC+./SY+이제/MAG+사람/NNG+들/XSN+많이/MAG+지쳤/VV+EP+지/EF+./SY+나/NP+만/JX+집/NNG+에/JKB+있/VV+는/ETM+거/NNB+같/VA+고/EC+./SY+./SY"
          },
          {
            "id": 7,
            "text": "2 : 그거 맞는 말임 키키 너만 집에 있는 거임",
            "norm_text": "그거 맞는 말임 키키 너만 집에 있는 거임",
            "speaker": {
              "id": "2번",
              "sex": "여성",
              "age": "30대"
            },
            "speechAct": "(단언) 주장하기",
            "morpheme": "그거/NP+맞/VV+는/ETM+말/NNG+임/VCP+ETN+키/NNG+키/XSV+ETN+너/NP+만/JX+집/NNG+에/JKB+있/VV+는/ETM+거/NNB+임/VCP+ETN"
          },
          {
            "id": 8,
            "text": "1 : 응... 나도 요즘은 공원만 가는데, 점점 사람 많아져",
            "norm_text": "응... 나도 요즘은 공원만 가는데, 점점 사람 많아져",
            "speaker": {
              "id": "1번",
              "sex": "여성",
              "age": "30대"
            },
            "speechAct": "(단언) 주장하기",
            "morpheme": "응/IC+./SY+나/NP+도/JX+요즘/NNG+은/JX+공원/NNG+만/JX+가/VV+는데/EC+,/SC+점점/MAG+사람/NNG+많/VA+아/EC+져/VX+EC"
          },
          {
            "id": 9,
            "text": "2 : 아 그래 키키 그런 곳으로 밖에 나가는 사람들도 많음 키키 다들 답답하니까",
            "norm_text": "아 그래 키키 그런 곳으로 밖에 나가는 사람들도 많음 키키 다들 답답하니까",
            "speaker": {
              "id": "2번",
              "sex": "여성",
              "age": "30대"
            },
            "speechAct": "(단언) 주장하기",
            "morpheme": "아/IC+그래/IC+키키/NNP+그런/MM+곳/NNG+으로/JKB+밖에/JX+나가/VV+는/ETM+사람/NNG+들/XSN+도/JX+많/VA+음/ETN+키/NNG+키/VV+다/EC+들/XSN+답답/XR+하/XSA+니까/EC"
          },
          {
            "id": 10,
            "text": "1 : 나는 진짜 코로나 때문에 식당에서 밥도 안 먹었다고... ㅜㅜ",
            "norm_text": "나는 진짜 코로나 때문에 식당에서 밥도 안 먹었다고... ㅜㅜ",
            "speaker": {
              "id": "1번",
              "sex": "여성",
              "age": "30대"
            },
            "speechAct": "(단언) 주장하기",
            "morpheme": "나/NP+는/JX+진짜/MAG+코로나/NNG+때문/NNB+에/JKB+식당/NNG+에서/JKB+밥/NNG+도/JX+안/MAG+먹/VV+었/EP+다고/EF+./SY+ㅜㅜ/UNKNOWN"
          },
          {
            "id": 11,
            "text": "2 : 지금도 그래? 난 요즘엔 그냥 식당 잘 감 키키",
            "norm_text": "지금도 그래? 난 요즘엔 그냥 식당 잘 감 키키",
            "speaker": {
              "id": "2번",
              "sex": "여성",
              "age": "30대"
            },
            "speechAct": "(지시) 질문하기",
            "morpheme": "지금/NNG+도/JX+그래/VA+EF+난요즘엔그냥식당잘감키키/UNKNOWN"
          },
          {
            "id": 12,
            "text": "1 : 지금은... 예전보단 가지 ㅜㅜ",
            "norm_text": "지금은... 예전보단 가지 ㅜㅜ",
            "speaker": {
              "id": "1번",
              "sex": "여성",
              "age": "30대"
            },
            "speechAct": "(단언) 주장하기",
            "morpheme": "지금/MAG+은/JX+./SY+./SY+예전보단가지ㅜㅜ/UNKNOWN"
          },
          {
            "id": 13,
            "text": "1 : 서울이 이 모양이니까 놀러 오라고 하지를 못하겠네 ㅜㅜ",
            "norm_text": "서울이 이 모양이니까 놀러 오라고 하지를 못하겠네 ㅜㅜ",
            "speaker": {
              "id": "1번",
              "sex": "여성",
              "age": "30대"
            },
            "speechAct": "(단언) 주장하기",
            "morpheme": "서울/NNP+이/JKS+이/MM+모양/NNG+이/VCP+니까/EC+놀러오/VV+라고/EC+하/VV+지/EC+를/JX+못하/VX+겠/EP+네/EF+ㅜㅜ/UNKNOWN"
          },
          {
            "id": 14,
            "text": "2 : 키키 이대로 평생 안 끝나면 그냥 돈 생기면 갈게",
            "norm_text": "키키 이대로 평생 안 끝나면 그냥 돈 생기면 갈게",
            "speaker": {
              "id": "2번",
              "sex": "여성",
              "age": "30대"
            },
            "speechAct": "(단언) 주장하기",
            "morpheme": "키키/NNP+이대로/NNP+평생/NNG+안/MAG+끝나/VV+면/EC+그냥/MAG+돈/NNG+생기/VV+면/EC+갈/VX+ETM+게/NNB+JKS"
          },
          {
            "id": 15,
            "text": "1 : 그래... 그냥 마스크 잘 쓰고... 맛없는 식당 가고 새벽에 공원 가자",
            "norm_text": "그래... 그냥 마스크 잘 쓰고... 맛없는 식당 가고 새벽에 공원 가자",
            "speaker": {
              "id": "1번",
              "sex": "여성",
              "age": "30대"
            },
            "speechAct": "(단언) 주장하기",
            "morpheme": "그래/IC+./SY+그냥/MAG+마스크/IC+잘/MAG+쓰/VV+고/EC+./SY+./SY+맛없/VA+는/ETM+식당/NNG+가/VV+고/EC+새벽/NNG+에/JKB+공원/NNG+가/VV+자/EC"
          },
          {
            "id": 16,
            "text": "2 : 키키 어 키키 근데 약간 그런 건 있음 키키 사람이 그나마 덜 있는 곳으로 찾아가게 되는 키키",
            "norm_text": "키키 어 키키 근데 약간 그런 건 있음 키키 사람이 그나마 덜 있는 곳으로 찾아가게 되는 키키",
            "speaker": {
              "id": "2번",
              "sex": "여성",
              "age": "30대"
            },
            "speechAct": "(단언) 주장하기",
            "morpheme": "키/NNG+키어/NNG+키/NNG+키/XSV+ETN+근데/MAJ+약간/MAG+그런/VA+ETM+건/NNB+JX+있/VA+음/ETN+키/NNG+키/NNG+사람/NNG+이/JKS+그나마/MAG+덜/MAG+있/VA+는/ETM+곳/NNG+으로/JKB+찾아가/VV+게/EC+되/VV+는/ETM+키/NNG+키/XSV+ETN"
          },
          {
            "id": 17,
            "text": "1 : 맞아 키키 나도 여의도 한강공원이나 반포는 잘 안 가 키키 사람 터져",
            "norm_text": "맞아 키키 나도 여의도 한강공원이나 반포는 잘 안 가 키키 사람 터져",
            "speaker": {
              "id": "1번",
              "sex": "여성",
              "age": "30대"
            },
            "speechAct": "(단언) 주장하기",
            "morpheme": "맞/VV+아/EC+키/NNG+키나/XSA+ETN+JX+도/JX+여의도/NNP+한강/NNP+공원/NNG+이나/JC+반포/NNP+는/JX+잘/MAG+안/MAG+가/VV+EC+키/NNG+키/NNG+사람/NNG+터져/VV+EC"
          },
          {
            "id": 18,
            "text": "2 : 아휴 키키 근데 의외로 그런 데서는 잘 안 걸린다",
            "norm_text": "아휴 키키 근데 의외로 그런 데서는 잘 안 걸린다",
            "speaker": {
              "id": "2번",
              "sex": "여성",
              "age": "30대"
            },
            "speechAct": "(단언) 주장하기",
            "morpheme": "아휴/IC+키/NNG+키/XSV+ETN+근데/MAJ+의외로/MAG+그런/MM+데/NNB+서/JKB+는/JX+잘/MAG+안/MAG+걸린다/VV+EC"
          }
        ]
      }
    }
  ]
}