{
  "dataset": {
    "identifier": 61062,
    "name": "KAKAO_925_05_set",
    "src_path": "/data/file/cubeManager/PROJECT001/53/txt20211006121743081448/KAKAO_925_05_set/",
    "label_path": "/data/file/cubeManager/PROJECT001/53/txt20211006121743081448/KAKAO_925_05_set/",
    "category": 2,
    "type": 0
  },
  "licenses": {
    "name": "Apache License 1.0",
    "url": "http://www.apache.org/licenses/LICENSE-1.0"
  },
  "info": [
    {
      "id": 42765,
      "filename": "KAKAO_925_05.txt",
      "title": "KAKAO_925_05",
      "mediatype": "SNS",
      "medianame": "카카오톡",
      "category": "일상대화",
      "date": "2021-10-06",
      "size": 986,
      "annotations": {
        "subject": "군대",
        "speaker_type": "다자간 대화",
        "size": 986,
        "word_size": 337,
        "text": "1 : 아 근데 **는 운전병 아님?\n1 : 하긴 사회랑 군대랑 차 끄는 게 완전 다르겠지\n2 : 거기선 차 끄는 애들 몇 명 안 되지 키키\n2 : 군대에서 차 많이 끌었냐\n3 : 나 많이 끌었지...\n3 : 근데 밖에서도 많이 끌고 다녀 요즘 학교 다니느라\n1 : 아 진짜? ** 운전 안 하는 줄.\n1 : 우리 오빠도 운전병이었는데 훈련 할 거 다 하고 운전까지 해서 짜증 났었다 그러던데\n2 : 요즘엔 닦고 조이고 기름칠 하면 전역이라 키키 힘든 건 많이 없지\n3 : 맞아 나도 거의 운전만 한 듯,\n3 : 우리 부대는 운전할 일 너무 많았음 ㅠ\n1 : 하긴 오빠가 군대 간 게 벌써 13년인가 됐으니까\n2 : 하긴 그땐 복무 기간도 2년 가까이 되지 않았나?\n3 : 3년 아님 ㅎ? 우리 아빠 시절\n1 : 딱 2년인가 그랬던 거로 알고 있어.\n1 : 오빠 바로 위 선임들이 2년 넘게였고.\n2 : 어휴 징그럽다. 그래도 나름 추억은 쌓아 오셨겠네\n3 : 으, 그래도 이제 동기 생활관 아니냐?\n3 : 난 근데 선임 생활관 씀 ㅠㅠ\n1 : 추억은 모르겠고 우선 지금 군대 동기들 한 명도 안 만나는 건 알고 있어 ^^\n2 : 나도 1개월 동기제에 선임 생활관 키키\n2 : 기상벨 들릴 때마다 커튼 걷고 티비 켜고 이병 생활 끔찍했다\n3 : 으, 난 일억 준다 해도 못 돌아갈 거 같다\n1 : 진짜 남자애들 고생 많이 한다...\n1 : 덕분에 저는 안전한 나라에서 발 뻗고 잤습니다...\n2 : 1억이면 이병 생활 1년 가능한데 난 키키\n2 : 총 쏘는 거 최고!\n3 : 으, 절대 절대 절대 못해\n3 : 난 너무 힘들었어\n1 : 키키 난 1억이고 2억이고 안 할랭...\n1 : 엄청 힘들 거 같아\n2 : 부조리 많이 당했구나 **...\n2 : 난 왤케 좋은 기억밖에 안 남지\n3 : 너 어디서 했다 했지? 나 부산\n1 : 원래 가해자들은 다 잊고 산다잖아. ** 설마...\n2 : 나 포천에서 했어 키키\n2 : 이동 갈비 개 꿀맛 아 참 안 먹어봤지\n3 : 난 그냥 부대 근처에서 쉬고 들어갔어,\n3 : 천안까지 너무 멈 ㅠ",
        "lines": [
          {
            "id": 1,
            "text": "1 : 아 근데 **는 운전병 아님?",
            "norm_text": "아 근데 **는 운전병 아님?",
            "speaker": {
              "id": "1번",
              "sex": "여성",
              "age": "20대"
            },
            "speechAct": "(지시) 질문하기",
            "morpheme": "아/IC+근데/MAJ+*/SY+*/SY+는/JX+운전병/NNG+아님/VCN+ETN"
          },
          {
            "id": 2,
            "text": "1 : 하긴 사회랑 군대랑 차 끄는 게 완전 다르겠지",
            "norm_text": "하긴 사회랑 군대랑 차 끄는 게 완전 다르겠지",
            "speaker": {
              "id": "1번",
              "sex": "여성",
              "age": "20대"
            },
            "speechAct": "(단언) 주장하기",
            "morpheme": "하긴/MAJ+사회/NNG+랑/JKB+군대/NNG+랑/JKB+차/NNG+끄/VV+는/ETM+게/NNB+JKS+완전/MAG+다르/VA+겠/EP+지/EC"
          },
          {
            "id": 3,
            "text": "2 : 거기선 차 끄는 애들 몇 명 안 되지 키키",
            "norm_text": "거기선 차 끄는 애들 몇 명 안 되지 키키",
            "speaker": {
              "id": "2번",
              "sex": "남성",
              "age": "20대"
            },
            "speechAct": "(단언) 주장하기",
            "morpheme": "거기/NP+선차/NNG+끄/VV+는/ETM+애/NNG+들/XSN+몇/MM+명/NNBC+안/MAG+되/VV+지/EC+키/NNG+키/XSV+ETN"
          },
          {
            "id": 4,
            "text": "2 : 군대에서 차 많이 끌었냐",
            "norm_text": "군대에서 차 많이 끌었냐",
            "speaker": {
              "id": "2번",
              "sex": "남성",
              "age": "20대"
            },
            "speechAct": "(지시) 질문하기",
            "morpheme": "군대/NNG+에서/JKB+차/NNG+많이/MAG+끌/VV+었/EP+냐/EC"
          },
          {
            "id": 5,
            "text": "3 : 나 많이 끌었지...",
            "norm_text": "나 많이 끌었지...",
            "speaker": {
              "id": "3번",
              "sex": "남성",
              "age": "20대"
            },
            "speechAct": "(단언) 주장하기",
            "morpheme": "나/NP+많이/MAG+끌/VV+었/EP+지/EF+./SY"
          },
          {
            "id": 6,
            "text": "3 : 근데 밖에서도 많이 끌고 다녀 요즘 학교 다니느라",
            "norm_text": "근데 밖에서도 많이 끌고 다녀 요즘 학교 다니느라",
            "speaker": {
              "id": "3번",
              "sex": "남성",
              "age": "20대"
            },
            "speechAct": "(단언) 주장하기",
            "morpheme": "근데/MAJ+밖/NNG+에서/JKB+도/JX+많이/MAG+끌/VV+고/EC+다녀/VV+EC+요즘/NNG+학교/NNG+다니/VV+느라/EC"
          },
          {
            "id": 7,
            "text": "1 : 아 진짜? ** 운전 안 하는 줄.",
            "norm_text": "아 진짜? ** 운전 안 하는 줄.",
            "speaker": {
              "id": "1번",
              "sex": "여성",
              "age": "20대"
            },
            "speechAct": "(지시) 질문하기",
            "morpheme": "아/IC+진짜/MAG+*/SY+*/SY+운전/NNG+안/MAG+하/VV+는/ETM+줄/NNB"
          },
          {
            "id": 8,
            "text": "1 : 우리 오빠도 운전병이었는데 훈련 할 거 다 하고 운전까지 해서 짜증 났었다 그러던데",
            "norm_text": "우리 오빠도 운전병이었는데 훈련 할 거 다 하고 운전까지 해서 짜증 났었다 그러던데",
            "speaker": {
              "id": "1번",
              "sex": "여성",
              "age": "20대"
            },
            "speechAct": "(단언) 진술하기",
            "morpheme": "우리/NP+오빠/NNG+도/JX+운전병/NNG+이/VCP+었/EP+는데/EC+훈련/NNG+할/XSV+ETM+거/NNB+다/MAG+하/VV+고/EC+운전/NNG+까지/JX+해서/VV+EC+짜증/NNG+났었/VV+EP+다/EC+그러/VV+던데/EC"
          },
          {
            "id": 9,
            "text": "2 : 요즘엔 닦고 조이고 기름칠 하면 전역이라 키키 힘든 건 많이 없지",
            "norm_text": "요즘엔 닦고 조이고 기름칠 하면 전역이라 키키 힘든 건 많이 없지",
            "speaker": {
              "id": "2번",
              "sex": "남성",
              "age": "20대"
            },
            "speechAct": "(단언) 주장하기",
            "morpheme": "요즘/NNG+엔/JKB+JX+닦/VV+고/EC+조이/VV+고/EC+기름칠/NNG+하/XSV+면/EC+전역/NNG+이/VCP+라/EC+키/NNG+키/XSV+ETN+힘든/VA+ETM+건/NNB+JX+많이/MAG+없/VA+지/EC"
          },
          {
            "id": 10,
            "text": "3 : 맞아 나도 거의 운전만 한 듯,",
            "norm_text": "맞아 나도 거의 운전만 한 듯,",
            "speaker": {
              "id": "3번",
              "sex": "남성",
              "age": "20대"
            },
            "speechAct": "(단언) 주장하기",
            "morpheme": "맞/VV+아/EC+나/NP+도/JX+거의/MAG+운전/NNG+만/JX+한듯/VV+EC+,/SC"
          },
          {
            "id": 11,
            "text": "3 : 우리 부대는 운전할 일 너무 많았음 ㅠ",
            "norm_text": "우리 부대는 운전할 일 너무 많았음 ㅠ",
            "speaker": {
              "id": "3번",
              "sex": "남성",
              "age": "20대"
            },
            "speechAct": "(단언) 주장하기",
            "morpheme": "우리/NP+부대/NNG+는/JX+운전/NNG+할/XSV+ETM+일/NNG+너무/MAG+많/VA+았/EP+음ㅠ/UNKNOWN"
          },
          {
            "id": 12,
            "text": "1 : 하긴 오빠가 군대 간 게 벌써 13년인가 됐으니까",
            "norm_text": "하긴 오빠가 군대 간 게 벌써 13년인가 됐으니까",
            "speaker": {
              "id": "1번",
              "sex": "여성",
              "age": "20대"
            },
            "speechAct": "(단언) 주장하기",
            "morpheme": "하긴/MAJ+오빠/NNG+가/JKS+군대/NNG+간/VV+ETM+게/NNB+JKS+벌써/MAG+13/SN+년/NNBC+인가/VCP+EC+됐/VV+EP+으니까/EC"
          },
          {
            "id": 13,
            "text": "2 : 하긴 그땐 복무 기간도 2년 가까이 되지 않았나?",
            "norm_text": "하긴 그땐 복무 기간도 2년 가까이 되지 않았나?",
            "speaker": {
              "id": "2번",
              "sex": "남성",
              "age": "20대"
            },
            "speechAct": "(지시) 질문하기",
            "morpheme": "하긴/MAJ+그/MM+땐/NNG+JX+복무/NNG+기간/NNG+도/JX+2/SN+년/NNBC+가까이/MAG+되/VV+지/EC+않/VX+았/EP+나/EF"
          },
          {
            "id": 14,
            "text": "3 : 3년 아님 ㅎ? 우리 아빠 시절",
            "norm_text": "3년 아님 ㅎ? 우리 아빠 시절",
            "speaker": {
              "id": "3번",
              "sex": "남성",
              "age": "20대"
            },
            "speechAct": "(지시) 질문하기",
            "morpheme": "3/SN+년/NNBC+아님/VCN+ETN+ㅎ/XSA+우리/NP+아빠/NNG+시절/NNG"
          },
          {
            "id": 15,
            "text": "1 : 딱 2년인가 그랬던 거로 알고 있어.",
            "norm_text": "딱 2년인가 그랬던 거로 알고 있어.",
            "speaker": {
              "id": "1번",
              "sex": "여성",
              "age": "20대"
            },
            "speechAct": "(단언) 주장하기",
            "morpheme": "딱/MAG+2/SN+년/NNBC+인가/VCP+EC+그랬/VV+EP+던/ETM+거/NNB+로/JKB+알/VV+고/EC+있/VX+어/EF"
          },
          {
            "id": 16,
            "text": "1 : 오빠 바로 위 선임들이 2년 넘게였고.",
            "norm_text": "오빠 바로 위 선임들이 2년 넘게였고.",
            "speaker": {
              "id": "1번",
              "sex": "여성",
              "age": "20대"
            },
            "speechAct": "(단언) 주장하기",
            "morpheme": "오빠/NNG+바로/MAG+위/NNG+선임/NNG+들/XSN+이/JKS+2/SN+년/NNBC+넘/VV+게/EC+였/VCP+EP+고/EC"
          },
          {
            "id": 17,
            "text": "2 : 어휴 징그럽다. 그래도 나름 추억은 쌓아 오셨겠네",
            "norm_text": "어휴 징그럽다. 그래도 나름 추억은 쌓아 오셨겠네",
            "speaker": {
              "id": "2번",
              "sex": "남성",
              "age": "20대"
            },
            "speechAct": "(단언) 주장하기",
            "morpheme": "어휴/IC+징그럽/VA+다/EF+그래도나름추억은쌓아오셨겠네/UNKNOWN"
          },
          {
            "id": 18,
            "text": "3 : 으, 그래도 이제 동기 생활관 아니냐?",
            "norm_text": "으, 그래도 이제 동기 생활관 아니냐?",
            "speaker": {
              "id": "3번",
              "sex": "남성",
              "age": "20대"
            },
            "speechAct": "(지시) 질문하기",
            "morpheme": "으/IC+,/SC+그래도/MAJ+이제/MAG+동기/NNG+생활관/NNG+아니/VCN+냐/EF"
          },
          {
            "id": 19,
            "text": "3 : 난 근데 선임 생활관 씀 ㅠㅠ",
            "norm_text": "난 근데 선임 생활관 씀 ㅠㅠ",
            "speaker": {
              "id": "3번",
              "sex": "남성",
              "age": "20대"
            },
            "speechAct": "(단언) 주장하기",
            "morpheme": "난/NP+JX+근데/MAJ+선임/NNG+생활관/NNG+씀/VV+ETN+ㅠㅠ/UNKNOWN"
          },
          {
            "id": 20,
            "text": "1 : 추억은 모르겠고 우선 지금 군대 동기들 한 명도 안 만나는 건 알고 있어 ^^",
            "norm_text": "추억은 모르겠고 우선 지금 군대 동기들 한 명도 안 만나는 건 알고 있어 ^^",
            "speaker": {
              "id": "1번",
              "sex": "여성",
              "age": "20대"
            },
            "speechAct": "(단언) 주장하기",
            "morpheme": "추억/NNG+은/JX+모르/VV+겠/EP+고/EC+우선/MAG+지금/MAG+군대/NNG+동기/NNG+들/XSN+한/MM+명/NNBC+도/JX+안/MAG+만나/VV+는/ETM+건/NNB+JX+알/VV+고/EC+있/VX+어/EC+^/SY+^/SY"
          },
          {
            "id": 21,
            "text": "2 : 나도 1개월 동기제에 선임 생활관 키키",
            "norm_text": "나도 1개월 동기제에 선임 생활관 키키",
            "speaker": {
              "id": "2번",
              "sex": "남성",
              "age": "20대"
            },
            "speechAct": "(단언) 주장하기",
            "morpheme": "나/NP+도/JX+1/SN+개월/NNBC+동기/NNG+제/XSN+에/JKB+선임/NNG+생활관/NNG+키/NNG+키/XSV+ETN"
          },
          {
            "id": 22,
            "text": "2 : 기상벨 들릴 때마다 커튼 걷고 티비 켜고 이병 생활 끔찍했다",
            "norm_text": "기상벨 들릴 때마다 커튼 걷고 티비 켜고 이병 생활 끔찍했다",
            "speaker": {
              "id": "2번",
              "sex": "남성",
              "age": "20대"
            },
            "speechAct": "(단언) 주장하기",
            "morpheme": "기상/NNG+벨/NNG+들릴/VV+ETM+때/NNG+마다/JX+커튼/NNG+걷/VV+고/EC+티비/NNG+켜/VV+고/EC+이/MM+병/NNG+생활/NNG+끔찍/XR+했/XSA+EP+다/EC"
          },
          {
            "id": 23,
            "text": "3 : 으, 난 일억 준다 해도 못 돌아갈 거 같다",
            "norm_text": "으, 난 일억 준다 해도 못 돌아갈 거 같다",
            "speaker": {
              "id": "3번",
              "sex": "남성",
              "age": "20대"
            },
            "speechAct": "(단언) 주장하기",
            "morpheme": "으/IC+,/SC+난/NP+JX+일억/NR+준다/VV+EC+해도/VV+EC+못/MAG+돌아갈/VV+ETM+거/NNB+같/VA+다/EC"
          },
          {
            "id": 24,
            "text": "1 : 진짜 남자애들 고생 많이 한다...",
            "norm_text": "진짜 남자애들 고생 많이 한다...",
            "speaker": {
              "id": "1번",
              "sex": "여성",
              "age": "20대"
            },
            "speechAct": "(단언) 주장하기",
            "morpheme": "진짜/MAG+남자/NNG+애/NNG+들/XSN+고생/NNG+많이/MAG+한다/VV+EF+./SY"
          },
          {
            "id": 25,
            "text": "1 : 덕분에 저는 안전한 나라에서 발 뻗고 잤습니다...",
            "norm_text": "덕분에 저는 안전한 나라에서 발 뻗고 잤습니다...",
            "speaker": {
              "id": "1번",
              "sex": "여성",
              "age": "20대"
            },
            "speechAct": "(단언) 주장하기",
            "morpheme": "덕분/NNG+에/JKB+저/NP+는/JX+안전/NNG+한/XSA+ETM+나라/NNG+에서/JKB+발/NNG+뻗/VV+고/EC+잤/VV+EP+습니다/EF+./SY"
          },
          {
            "id": 26,
            "text": "2 : 1억이면 이병 생활 1년 가능한데 난 키키",
            "norm_text": "1억이면 이병 생활 1년 가능한데 난 키키",
            "speaker": {
              "id": "2번",
              "sex": "남성",
              "age": "20대"
            },
            "speechAct": "(단언) 주장하기",
            "morpheme": "1/SN+억/NR+이/VCP+면/EC+이/MM+병/NNG+생활/NNG+1/SN+년/NNBC+가능/NNG+한데/XSA+EC+난키/NNP+키/NNG"
          },
          {
            "id": 27,
            "text": "2 : 총 쏘는 거 최고!",
            "norm_text": "총 쏘는 거 최고!",
            "speaker": {
              "id": "2번",
              "sex": "남성",
              "age": "20대"
            },
            "speechAct": "(단언) 주장하기",
            "morpheme": "총/MM+쏘/VV+는/ETM+거/NNB+최고/NNG"
          },
          {
            "id": 28,
            "text": "3 : 으, 절대 절대 절대 못해",
            "norm_text": "으, 절대 절대 절대 못해",
            "speaker": {
              "id": "3번",
              "sex": "남성",
              "age": "20대"
            },
            "speechAct": "(단언) 주장하기",
            "morpheme": "으/IC+,/SC+절대/MAG+절대/MAG+절대/MAG+못/MAG+해/VV+EC"
          },
          {
            "id": 29,
            "text": "3 : 난 너무 힘들었어",
            "norm_text": "난 너무 힘들었어",
            "speaker": {
              "id": "3번",
              "sex": "남성",
              "age": "20대"
            },
            "speechAct": "(단언) 주장하기",
            "morpheme": "난/NP+JX+너무/MAG+힘들/VA+었/EP+어/EC"
          },
          {
            "id": 30,
            "text": "1 : 키키 난 1억이고 2억이고 안 할랭...",
            "norm_text": "키키 난 1억이고 2억이고 안 할랭...",
            "speaker": {
              "id": "1번",
              "sex": "여성",
              "age": "20대"
            },
            "speechAct": "(단언) 주장하기",
            "morpheme": "키/NNG+키/XSV+ETN+난/VV+ETM+1/SN+억/NR+이/VCP+고/EC+2/SN+억/NR+이/VCP+고/EC+안/MAG+할/VV+ETM+랭/NNG+./SY+./SY"
          },
          {
            "id": 31,
            "text": "1 : 엄청 힘들 거 같아",
            "norm_text": "엄청 힘들 거 같아",
            "speaker": {
              "id": "1번",
              "sex": "여성",
              "age": "20대"
            },
            "speechAct": "(단언) 주장하기",
            "morpheme": "엄청/MAG+힘들/VA+ETM+거/NNB+같/VA+아/EC"
          },
          {
            "id": 32,
            "text": "2 : 부조리 많이 당했구나 **...",
            "norm_text": "부조리 많이 당했구나 **...",
            "speaker": {
              "id": "2번",
              "sex": "남성",
              "age": "20대"
            },
            "speechAct": "(단언) 주장하기",
            "morpheme": "부조리/NNG+많이/MAG+당했/VV+EP+구나/EF+*/SY+*/SY+./SY"
          },
          {
            "id": 33,
            "text": "2 : 난 왤케 좋은 기억밖에 안 남지",
            "norm_text": "난 왤케 좋은 기억밖에 안 남지",
            "speaker": {
              "id": "2번",
              "sex": "남성",
              "age": "20대"
            },
            "speechAct": "(단언) 주장하기",
            "morpheme": "난/NP+JX+왤케/UNKNOWN+좋/VA+은/ETM+기억/NNG+밖에/JX+안/MAG+남/VV+지/EC"
          },
          {
            "id": 34,
            "text": "3 : 너 어디서 했다 했지? 나 부산",
            "norm_text": "너 어디서 했다 했지? 나 부산",
            "speaker": {
              "id": "3번",
              "sex": "남성",
              "age": "20대"
            },
            "speechAct": "(지시) 질문하기",
            "morpheme": "너/NP+어디/NP+서/JKB+했/VV+EP+다/EC+했/VX+EP+지/EF+나/NP+부산/NNP"
          },
          {
            "id": 35,
            "text": "1 : 원래 가해자들은 다 잊고 산다잖아. ** 설마...",
            "norm_text": "원래 가해자들은 다 잊고 산다잖아. ** 설마...",
            "speaker": {
              "id": "1번",
              "sex": "여성",
              "age": "20대"
            },
            "speechAct": "(단언) 주장하기",
            "morpheme": "원래/NNG+가/JKS+해자/NNG+들/XSN+은/JX+다/MAG+잊/VV+고/EC+산다/NNG+잖아/VCP+EC+VX+EF+*/SY+*/SY+설마/MAG+./SY"
          },
          {
            "id": 36,
            "text": "2 : 나 포천에서 했어 키키",
            "norm_text": "나 포천에서 했어 키키",
            "speaker": {
              "id": "2번",
              "sex": "남성",
              "age": "20대"
            },
            "speechAct": "(단언) 진술하기",
            "morpheme": "나/NP+포천/NNG+에서/JKB+했/VV+EP+어/EC+키/NNG+키/XSV+ETN"
          },
          {
            "id": 37,
            "text": "2 : 이동 갈비 개 꿀맛 아 참 안 먹어봤지",
            "norm_text": "이동 갈비 개 꿀맛 아 참 안 먹어봤지",
            "speaker": {
              "id": "2번",
              "sex": "남성",
              "age": "20대"
            },
            "speechAct": "(지시) 질문하기",
            "morpheme": "이/MM+동갈/NNG+비개/NNG+꿀맛/NNG+아/IC+참/MAG+안/MAG+먹/VV+어/EC+봤/VX+EP+지/EC"
          },
          {
            "id": 38,
            "text": "3 : 난 그냥 부대 근처에서 쉬고 들어갔어,",
            "norm_text": "난 그냥 부대 근처에서 쉬고 들어갔어,",
            "speaker": {
              "id": "3번",
              "sex": "남성",
              "age": "20대"
            },
            "speechAct": "(단언) 진술하기",
            "morpheme": "난/NP+JX+그냥/MAG+부대/NNG+근처/NNG+에서/JKB+쉬/VV+고/EC+들어갔/VV+EP+어/EF+,/SC"
          },
          {
            "id": 39,
            "text": "3 : 천안까지 너무 멈 ㅠ",
            "norm_text": "천안까지 너무 멈 ㅠ",
            "speaker": {
              "id": "3번",
              "sex": "남성",
              "age": "20대"
            },
            "speechAct": "(단언) 주장하기",
            "morpheme": "천안/NNP+까지/JX+너무/MAG+멈ㅠ/UNKNOWN"
          }
        ]
      }
    }
  ]
}