{
  "dataset": {
    "identifier": 33067,
    "name": "KAKAO_940_16_set",
    "src_path": "/data/file/cubeManager/PROJECT001/53/txt20211005162608072789/KAKAO_940_16_set/",
    "label_path": "/data/file/cubeManager/PROJECT001/53/txt20211005162608072789/KAKAO_940_16_set/",
    "category": 2,
    "type": 0
  },
  "licenses": {
    "name": "Apache License 1.0",
    "url": "http://www.apache.org/licenses/LICENSE-1.0"
  },
  "info": [
    {
      "id": 42393,
      "filename": "KAKAO_940_16.txt",
      "title": "KAKAO_940_16",
      "mediatype": "SNS",
      "medianame": "카카오톡",
      "category": "일상대화",
      "date": "2021-10-05",
      "size": 449,
      "annotations": {
        "subject": "미용",
        "speaker_type": "1:1",
        "size": 449,
        "word_size": 148,
        "text": "1 : 다이어트 하세요\n1 : 술 좀 먹지 말고\n2 : 키키 갑자기요?\n2 : 형도 하셔야죠\n1 : 아니 돌아 댕기는 사람한테 한 말임 키키\n2 : 키키 아아 키키 맞아 진짜 집콕 하면서 다이어트나 하지 무슨\n1 : 그러니까 술집 10시까지 하니까 공원 가서 퍼 마시고\n2 : 그니깐요 두류 공원도 난리던데\n1 : 진짜 키키 식당 제한하면 뭐하노\n2 : 그니깐요 키키 두류 공원 저녁에 잔디는 제한해 놓고 뒤에 길에 다들 마신대요\n1 : 아... 진짜 대단하다\n1 : 그렇게 하고 싶나\n2 : 그니깐... 어휴 근데 또 헌팅도 하고 그런 듯\n1 : 아...  아직도 메카인가 키키\n2 : 그런가 봐요 진짜 어이가 없다...\n2 : 누가 보면 끝난 줄\n1 : 그러니까 정신을 못 차려요\n2 : 내 말이요 그러다가 걸리면 안 쪽팔리나\n1 : 그러니까 주점에서도 너무 많이 나오고\n2 : 그니깐요 어휴...\n2 : 근데 진짜 뭐 하는지 모르겠어",
        "lines": [
          {
            "id": 1,
            "text": "1 : 다이어트 하세요",
            "norm_text": "다이어트 하세요",
            "speaker": {
              "id": "1번",
              "sex": "남성",
              "age": "20대"
            },
            "speechAct": "(지시) 명령/요구하기",
            "morpheme": "다이어트/NNG+하/XSV+세요/EP+EF"
          },
          {
            "id": 2,
            "text": "1 : 술 좀 먹지 말고",
            "norm_text": "술 좀 먹지 말고",
            "speaker": {
              "id": "1번",
              "sex": "남성",
              "age": "20대"
            },
            "speechAct": "(지시) 명령/요구하기",
            "morpheme": "술/NNG+좀/MAG+먹/VV+지/EC+말/VX+고/EC"
          },
          {
            "id": 3,
            "text": "2 : 키키 갑자기요?",
            "norm_text": "키키 갑자기요?",
            "speaker": {
              "id": "2번",
              "sex": "남성",
              "age": "20대"
            },
            "speechAct": "(지시) 질문하기",
            "morpheme": "키/NNG+키/NNG+갑자기/MAG+요/JX"
          },
          {
            "id": 4,
            "text": "2 : 형도 하셔야죠",
            "norm_text": "형도 하셔야죠",
            "speaker": {
              "id": "2번",
              "sex": "남성",
              "age": "20대"
            },
            "speechAct": "(단언) 주장하기",
            "morpheme": "형/NNG+도/JX+하/VV+셔야죠/EP+EF"
          },
          {
            "id": 5,
            "text": "1 : 아니 돌아 댕기는 사람한테 한 말임 키키",
            "norm_text": "아니 돌아 댕기는 사람한테 한 말임 키키",
            "speaker": {
              "id": "1번",
              "sex": "남성",
              "age": "20대"
            },
            "speechAct": "(단언) 주장하기",
            "morpheme": "아니/MAG+돌아댕기/VV+는/ETM+사람/NNG+한테/JKB+한/MM+말/NNG+임/VCP+ETN+키/NNG+키/XSV+ETN"
          },
          {
            "id": 6,
            "text": "2 : 키키 아아 키키 맞아 진짜 집콕 하면서 다이어트나 하지 무슨",
            "norm_text": "키키 아아 키키 맞아 진짜 집콕 하면서 다이어트나 하지 무슨",
            "speaker": {
              "id": "2번",
              "sex": "남성",
              "age": "20대"
            },
            "speechAct": "(단언) 주장하기",
            "morpheme": "키키/NNP+아아/JKV+키/NNG+키/XSV+ETN+맞/VV+아/EC+진짜/MAG+집/NNG+콕/NNG+하/XSV+면서/EC+다이어트/NNG+나/JX+하/VV+지/EC+무슨/MM"
          },
          {
            "id": 7,
            "text": "1 : 그러니까 술집 10시까지 하니까 공원 가서 퍼 마시고",
            "norm_text": "그러니까 술집 10시까지 하니까 공원 가서 퍼 마시고",
            "speaker": {
              "id": "1번",
              "sex": "남성",
              "age": "20대"
            },
            "speechAct": "(단언) 진술하기",
            "morpheme": "그러니까/MAJ+술집/NNG+10/SN+시/NNBC+까지/JX+하/VV+니까/EC+공원/NNG+가/VV+서/EC+퍼마시/VV+고/EC"
          },
          {
            "id": 8,
            "text": "2 : 그니깐요 두류 공원도 난리던데",
            "norm_text": "그니깐요 두류 공원도 난리던데",
            "speaker": {
              "id": "2번",
              "sex": "남성",
              "age": "20대"
            },
            "speechAct": "(단언) 진술하기",
            "morpheme": "그니깐/MAJ+요/MM+두류/NNG+공원/NNG+도/JX+난리/NNG+던데/VCP+EC"
          },
          {
            "id": 9,
            "text": "1 : 진짜 키키 식당 제한하면 뭐하노",
            "norm_text": "진짜 키키 식당 제한하면 뭐하노",
            "speaker": {
              "id": "1번",
              "sex": "남성",
              "age": "20대"
            },
            "speechAct": "(단언) 주장하기",
            "morpheme": "진짜/MAG+키/NNG+키/NNG+식당/NNG+제한/NNG+하/XSV+면/EC+뭐/IC+하노/NNP"
          },
          {
            "id": 10,
            "text": "2 : 그니깐요 키키 두류 공원 저녁에 잔디는 제한해 놓고 뒤에 길에 다들 마신대요",
            "norm_text": "그니깐요 키키 두류 공원 저녁에 잔디는 제한해 놓고 뒤에 길에 다들 마신대요",
            "speaker": {
              "id": "2번",
              "sex": "남성",
              "age": "20대"
            },
            "speechAct": "(단언) 진술하기",
            "morpheme": "그니깐/MAJ+요키/NNP+키/NNG+두류/NNG+공원/NNG+저녁/NNG+에/JKB+잔디/NNG+는/JX+제한/NNG+해/XSV+EC+놓/VX+고/EC+뒤/NNG+에/JKB+길/NNG+에다/JKB+들마/NNG+신대/NNG+요/VCP+EC"
          },
          {
            "id": 11,
            "text": "1 : 아... 진짜 대단하다",
            "norm_text": "아... 진짜 대단하다",
            "speaker": {
              "id": "1번",
              "sex": "남성",
              "age": "20대"
            },
            "speechAct": "(단언) 주장하기",
            "morpheme": "아/IC+./SY+진짜/MAG+대단/XR+하/XSA+다/EC"
          },
          {
            "id": 12,
            "text": "1 : 그렇게 하고 싶나",
            "norm_text": "그렇게 하고 싶나",
            "speaker": {
              "id": "1번",
              "sex": "남성",
              "age": "20대"
            },
            "speechAct": "(지시) 질문하기",
            "morpheme": "그렇게/MAG+하/VV+고/EC+싶/VX+나/EC"
          },
          {
            "id": 13,
            "text": "2 : 그니깐... 어휴 근데 또 헌팅도 하고 그런 듯",
            "norm_text": "그니깐... 어휴 근데 또 헌팅도 하고 그런 듯",
            "speaker": {
              "id": "2번",
              "sex": "남성",
              "age": "20대"
            },
            "speechAct": "(단언) 주장하기",
            "morpheme": "그니깐/MAJ+./SY+어휴/IC+근데/MAJ+또/MAG+헌팅/NNP+도/JX+하/VV+고/EC+그런/MM+듯/NNB"
          },
          {
            "id": 14,
            "text": "1 : 아...  아직도 메카인가 키키",
            "norm_text": "아...  아직도 메카인가 키키",
            "speaker": {
              "id": "1번",
              "sex": "남성",
              "age": "20대"
            },
            "speechAct": "(지시) 질문하기",
            "morpheme": "아/IC+./SY+아직/MAG+도/JX+메카/NNP+인가/VCP+EC+키/NNG+키/XSV+ETN"
          },
          {
            "id": 15,
            "text": "2 : 그런가 봐요 진짜 어이가 없다...",
            "norm_text": "그런가 봐요 진짜 어이가 없다...",
            "speaker": {
              "id": "2번",
              "sex": "남성",
              "age": "20대"
            },
            "speechAct": "(단언) 주장하기",
            "morpheme": "그런가/VA+EC+봐요/VX+EF+진짜/MAG+어/IC+이/NP+가/JKS+없/VA+다/EF+./SY"
          },
          {
            "id": 16,
            "text": "2 : 누가 보면 끝난 줄",
            "norm_text": "누가 보면 끝난 줄",
            "speaker": {
              "id": "2번",
              "sex": "남성",
              "age": "20대"
            },
            "speechAct": "(단언) 주장하기",
            "morpheme": "누가/NP+JKS+보/VV+면/EC+끝난/VV+ETM+줄/NNB"
          },
          {
            "id": 17,
            "text": "1 : 그러니까 정신을 못 차려요",
            "norm_text": "그러니까 정신을 못 차려요",
            "speaker": {
              "id": "1번",
              "sex": "남성",
              "age": "20대"
            },
            "speechAct": "(단언) 주장하기",
            "morpheme": "그러니까/MAJ+정신/NNG+을/JKO+못/MAG+차려요/VV+EC"
          },
          {
            "id": 18,
            "text": "2 : 내 말이요 그러다가 걸리면 안 쪽팔리나",
            "norm_text": "내 말이요 그러다가 걸리면 안 쪽팔리나",
            "speaker": {
              "id": "2번",
              "sex": "남성",
              "age": "20대"
            },
            "speechAct": "(지시) 질문하기",
            "morpheme": "내/NP+JKG+말/NNG+이/VCP+요/EC+그러/VV+다가/EC+걸리/VV+면/EC+안/MAG+쪽팔리/VV+나/EC"
          },
          {
            "id": 19,
            "text": "1 : 그러니까 주점에서도 너무 많이 나오고",
            "norm_text": "그러니까 주점에서도 너무 많이 나오고",
            "speaker": {
              "id": "1번",
              "sex": "남성",
              "age": "20대"
            },
            "speechAct": "(단언) 주장하기",
            "morpheme": "그러니까/MAJ+주점/NNG+에서/JKB+도/JX+너무/MAG+많이/MAG+나오/VV+고/EC"
          },
          {
            "id": 20,
            "text": "2 : 그니깐요 어휴...",
            "norm_text": "그니깐요 어휴...",
            "speaker": {
              "id": "2번",
              "sex": "남성",
              "age": "20대"
            },
            "speechAct": "턴토크 사인(관습적 반응)",
            "morpheme": "그니깐/MAJ+요/JX+어휴/IC+./SY"
          },
          {
            "id": 21,
            "text": "2 : 근데 진짜 뭐 하는지 모르겠어",
            "norm_text": "근데 진짜 뭐 하는지 모르겠어",
            "speaker": {
              "id": "2번",
              "sex": "남성",
              "age": "20대"
            },
            "speechAct": "(단언) 주장하기",
            "morpheme": "근데/MAJ+진짜/MAG+뭐/IC+하/VV+는지/EC+모르/VV+겠/EP+어/EC"
          }
        ]
      }
    }
  ]
}