{
  "dataset": {
    "identifier": 68051,
    "name": "KAKAO_969_04_set",
    "src_path": "/data/file/cubeManager/PROJECT001/53/txt202110061224230083109/KAKAO_969_04_set/",
    "label_path": "/data/file/cubeManager/PROJECT001/53/txt202110061224230083109/KAKAO_969_04_set/",
    "category": 2,
    "type": 0
  },
  "licenses": {
    "name": "Apache License 1.0",
    "url": "http://www.apache.org/licenses/LICENSE-1.0"
  },
  "info": [
    {
      "id": 42944,
      "filename": "KAKAO_969_04.txt",
      "title": "KAKAO_969_04",
      "mediatype": "SNS",
      "medianame": "카카오톡",
      "category": "일상대화",
      "date": "2021-10-06",
      "size": 446,
      "annotations": {
        "subject": "회사/아르바이트",
        "speaker_type": "1:1",
        "size": 446,
        "word_size": 148,
        "text": "1 : 취업은 동종 업계로 다시 할 계획? 키키\n2 : 일단 그럴 계획 키키 다른 분야가고 싶어도 이제 시간이...\n1 : 뭐 하고 싶은 거 있으면 지금 도전하는 것도 괜찮지 왜 키키\n2 : 키키 고정 지출도 있고 집 문제도 있고 키키 시간적 여유가 생각보다 없더라고 키키\n1 : 아 그럴 수도 있겠네... 어휴\n2 : 키키 하 근데 딱히 뭐 하고 싶은 것도 없어 키키\n1 : 그래? 키키 돈만 벌면 됐지 뭐\n2 : 키키 이제 좀 안정적이고 싶다 키키\n1 : 키키 계속 싸움이지 뭐 키키\n2 : 키키 그렇지 어후 상황이 나아져야 할텐데\n1 : 나아지지 키키 계속 노력하는데\n2 : 키키 너는 새로운 분야 도전하는데 어때?\n1 : 나도 이제 시작하라서 해봐야지 키키\n2 : 키키 우리 나이대가 새로운 도전이 많아 키키\n1 : 맞아 키키 그런데 뭐 40대도 그렇고 50대도 그렇고 키키\n2 : 키키 그 땐 건물주 하고 싶다 키키",
        "lines": [
          {
            "id": 1,
            "text": "1 : 취업은 동종 업계로 다시 할 계획? 키키",
            "norm_text": "취업은 동종 업계로 다시 할 계획? 키키",
            "speaker": {
              "id": "1번",
              "sex": "남성",
              "age": "20대"
            },
            "speechAct": "(지시) 질문하기",
            "morpheme": "취업/NNG+은/JX+동종/NNG+업계/NNG+로/JKB+다시/MAG+할/VV+ETM+계획/NNG+?/SY+키/NNG+키/XSV+ETN"
          },
          {
            "id": 2,
            "text": "2 : 일단 그럴 계획 키키 다른 분야가고 싶어도 이제 시간이...",
            "norm_text": "일단 그럴 계획 키키 다른 분야가고 싶어도 이제 시간이...",
            "speaker": {
              "id": "2번",
              "sex": "여성",
              "age": "20대"
            },
            "speechAct": "(단언) 주장하기",
            "morpheme": "일단/MAG+그럴/VA+ETM+계획/NNG+키/NNG+키/XSV+ETN+다른/MM+분야/NNG+가/VV+고/EC+싶/VX+어도/EC+이제/MAG+시간/NNG+이/JKS+./SY+./SY"
          },
          {
            "id": 3,
            "text": "1 : 뭐 하고 싶은 거 있으면 지금 도전하는 것도 괜찮지 왜 키키",
            "norm_text": "뭐 하고 싶은 거 있으면 지금 도전하는 것도 괜찮지 왜 키키",
            "speaker": {
              "id": "1번",
              "sex": "남성",
              "age": "20대"
            },
            "speechAct": "(단언) 주장하기",
            "morpheme": "뭐/IC+하/VV+고/EC+싶/VX+은/ETM+거/NNB+있/VA+으면/EC+지금/MAG+도전/NNG+하/XSV+는/ETM+것/NNB+도/JX+괜찮/VA+지/EF+왜/MAG+키/NNG+키/XSV+ETN"
          },
          {
            "id": 4,
            "text": "2 : 키키 고정 지출도 있고 집 문제도 있고 키키 시간적 여유가 생각보다 없더라고 키키",
            "norm_text": "키키 고정 지출도 있고 집 문제도 있고 키키 시간적 여유가 생각보다 없더라고 키키",
            "speaker": {
              "id": "2번",
              "sex": "여성",
              "age": "20대"
            },
            "speechAct": "(단언) 주장하기",
            "morpheme": "키/NNG+키/NNG+고정/NNG+지출/NNG+도/JX+있/VA+고/EC+집/NNG+문제/NNG+도/JX+있/VA+고/EC+키/NNG+키/NNG+시간/NNG+적/XSN+여유/NNG+가/JKS+생각/NNG+보다/JKB+없/VA+더라고/EC+키/NNG+키/XSV+ETN"
          },
          {
            "id": 5,
            "text": "1 : 아 그럴 수도 있겠네... 어휴",
            "norm_text": "아 그럴 수도 있겠네... 어휴",
            "speaker": {
              "id": "1번",
              "sex": "남성",
              "age": "20대"
            },
            "speechAct": "(단언) 주장하기",
            "morpheme": "아/IC+그럴/VA+ETM+수/NNB+도/JX+있/VA+겠/EP+네/EF+./SY+어휴/IC"
          },
          {
            "id": 6,
            "text": "2 : 키키 하 근데 딱히 뭐 하고 싶은 것도 없어 키키",
            "norm_text": "키키 하 근데 딱히 뭐 하고 싶은 것도 없어 키키",
            "speaker": {
              "id": "2번",
              "sex": "여성",
              "age": "20대"
            },
            "speechAct": "(단언) 주장하기",
            "morpheme": "키/NNG+키/NNG+하/XSV+근데/MAJ+딱히/MAG+뭐/IC+하/VV+고/EC+싶/VX+은/ETM+것/NNB+도/JX+없/VA+어/EC+키/NNG+키/XSV+ETN"
          },
          {
            "id": 7,
            "text": "1 : 그래? 키키 돈만 벌면 됐지 뭐",
            "norm_text": "그래? 키키 돈만 벌면 됐지 뭐",
            "speaker": {
              "id": "1번",
              "sex": "남성",
              "age": "20대"
            },
            "speechAct": "(단언) 주장하기",
            "morpheme": "그래/IC+키/NNG+키/NNG+돈/NNG+만/JX+벌/VV+면/EC+됐/VV+EP+지/EF+뭐/IC"
          },
          {
            "id": 8,
            "text": "2 : 키키 이제 좀 안정적이고 싶다 키키",
            "norm_text": "키키 이제 좀 안정적이고 싶다 키키",
            "speaker": {
              "id": "2번",
              "sex": "여성",
              "age": "20대"
            },
            "speechAct": "(단언) 주장하기",
            "morpheme": "키/NNG+키/NNG+이제/MAG+좀/MAG+안정/NNG+적/XSN+이/VCP+고/EC+싶/VX+다키키/NNP"
          },
          {
            "id": 9,
            "text": "1 : 키키 계속 싸움이지 뭐 키키",
            "norm_text": "키키 계속 싸움이지 뭐 키키",
            "speaker": {
              "id": "1번",
              "sex": "남성",
              "age": "20대"
            },
            "speechAct": "(단언) 주장하기",
            "morpheme": "키/NNG+키/NNG+계속/MAG+싸움/NNG+이/VCP+지/EF+뭐/IC+키/NNG+키/XSV+ETN"
          },
          {
            "id": 10,
            "text": "2 : 키키 그렇지 어후 상황이 나아져야 할텐데",
            "norm_text": "키키 그렇지 어후 상황이 나아져야 할텐데",
            "speaker": {
              "id": "2번",
              "sex": "여성",
              "age": "20대"
            },
            "speechAct": "(단언) 주장하기",
            "morpheme": "키/NNG+키/XSV+ETN+그렇/VA+지/EF+어후/IC+상황/NNG+이/JKS+나아져야/VV+EC+할/VX+ETM+텐데/NNB+VCP+EC"
          },
          {
            "id": 11,
            "text": "1 : 나아지지 키키 계속 노력하는데",
            "norm_text": "나아지지 키키 계속 노력하는데",
            "speaker": {
              "id": "1번",
              "sex": "남성",
              "age": "20대"
            },
            "speechAct": "(단언) 주장하기",
            "morpheme": "나아지/VV+지/EC+키/NNG+키/NNG+계속/MAG+노력/NNG+하/XSV+는데/EC"
          },
          {
            "id": 12,
            "text": "2 : 키키 너는 새로운 분야 도전하는데 어때?",
            "norm_text": "키키 너는 새로운 분야 도전하는데 어때?",
            "speaker": {
              "id": "2번",
              "sex": "여성",
              "age": "20대"
            },
            "speechAct": "(지시) 질문하기",
            "morpheme": "키/NNG+키/XSV+ETN+너/NP+는/JX+새로운/VA+ETM+분야/NNG+도전/NNG+하/XSV+는/ETM+데/NNB+어때/VA+EF"
          },
          {
            "id": 13,
            "text": "1 : 나도 이제 시작하라서 해봐야지 키키",
            "norm_text": "나도 이제 시작하라서 해봐야지 키키",
            "speaker": {
              "id": "1번",
              "sex": "남성",
              "age": "20대"
            },
            "speechAct": "(단언) 주장하기",
            "morpheme": "나/NP+도/JX+이제/MAG+시작/NNG+하/XSV+라서/EC+해/VV+EC+봐야/VX+EC+VV+지/EC+키/NNG+키/XSV+ETN"
          },
          {
            "id": 14,
            "text": "2 : 키키 우리 나이대가 새로운 도전이 많아 키키",
            "norm_text": "키키 우리 나이대가 새로운 도전이 많아 키키",
            "speaker": {
              "id": "2번",
              "sex": "여성",
              "age": "20대"
            },
            "speechAct": "(단언) 주장하기",
            "morpheme": "키/NNG+키/XSV+ETN+우리/NP+나/JX+이대/NNG+가/JKS+새로운/VA+ETM+도전/NNG+이/JKS+많/VA+아/EC+키/NNG+키/XSV+ETN"
          },
          {
            "id": 15,
            "text": "1 : 맞아 키키 그런데 뭐 40대도 그렇고 50대도 그렇고 키키",
            "norm_text": "맞아 키키 그런데 뭐 40대도 그렇고 50대도 그렇고 키키",
            "speaker": {
              "id": "1번",
              "sex": "남성",
              "age": "20대"
            },
            "speechAct": "(단언) 주장하기",
            "morpheme": "맞/VV+아/EC+키/NNG+키/XSV+ETN+그런데/MAJ+뭐/IC+40/SN+대/NNBC+도/JX+그렇/VA+고/EC+50/SN+대/NNBC+도/JX+그렇/VA+고/EC+키/NNG+키/XSV+ETN"
          },
          {
            "id": 16,
            "text": "2 : 키키 그 땐 건물주 하고 싶다 키키",
            "norm_text": "키키 그 땐 건물주 하고 싶다 키키",
            "speaker": {
              "id": "2번",
              "sex": "여성",
              "age": "20대"
            },
            "speechAct": "(단언) 주장하기",
            "morpheme": "키/NNG+키/NNG+그땐/NNG+JX+건물/NNG+주/NNG+하/XSV+고/EC+싶/VX+다키키/NNP"
          }
        ]
      }
    }
  ]
}