{
  "dataset": {
    "identifier": 30404,
    "name": "KAKAO_936_02_set",
    "src_path": "/data/file/cubeManager/PROJECT001/53/txt20211005162621098118/KAKAO_936_02_set/",
    "label_path": "/data/file/cubeManager/PROJECT001/53/txt20211005162621098118/KAKAO_936_02_set/",
    "category": 2,
    "type": 0
  },
  "licenses": {
    "name": "Apache License 1.0",
    "url": "http://www.apache.org/licenses/LICENSE-1.0"
  },
  "info": [
    {
      "id": 42399,
      "filename": "KAKAO_936_02.txt",
      "title": "KAKAO_936_02",
      "mediatype": "SNS",
      "medianame": "카카오톡",
      "category": "일상대화",
      "date": "2021-10-05",
      "size": 437,
      "annotations": {
        "subject": "주거와 생활",
        "speaker_type": "1:1",
        "size": 437,
        "word_size": 152,
        "text": "1 : 너희 언니 김해 산다고 했지?\n2 : 웅 김해인데 창원 가까이 산다 키키\n1 : 아파트? 키키\n1 : 너희 언니 집 인테리어 이쁘게 꾸미고 살 거 같아 키키\n2 : 저번에 화초 정성스럽게 키우더니 한 개 죽음 ㅠ\n1 : 헐 ㅠㅠ 화초 키우기 어렵지\n2 : 화분 키우기 어려운 거 같아\n1 : 너도 화분 키워? 키키\n1 : 분재 한 번 해보고 싶긴 하더라\n2 : 나는 아니고 엄마가 키우는데 거의 방치 ㅠ 키키\n1 : 친구 집 인테리어로 화분 곳곳에 놔뒀던데 진짜 괜찮더라\n2 : 잘 놔두면 인테리어에 도움 될 듯 키키\n1 : 키키 화분 키우고 싶은데 자신 없어...\n2 : 나도 키키 죽일 거 같아 ㅠ\n1 : 수경 식물은 좀 키우기 쉬울까 싶어서 샀는데 얘도 어렵더라\n2 : 수경 식물?\n2 : 양파 같은 거?\n1 : 물에 키우는 거 키키\n1 : 야자수로 키우는 중\n2 : 야자수? 잘 키우면 진짜 예쁘겠다!",
        "lines": [
          {
            "id": 1,
            "text": "1 : 너희 언니 김해 산다고 했지?",
            "norm_text": "너희 언니 김해 산다고 했지?",
            "speaker": {
              "id": "1번",
              "sex": "여성",
              "age": "20대"
            },
            "speechAct": "(지시) 질문하기",
            "morpheme": "너희/NP+언니/NNG+김/NNG+해/XSV+EC+산다고/VV+EC+했/VX+EP+지/EF"
          },
          {
            "id": 2,
            "text": "2 : 웅 김해인데 창원 가까이 산다 키키",
            "norm_text": "웅 김해인데 창원 가까이 산다 키키",
            "speaker": {
              "id": "2번",
              "sex": "여성",
              "age": "30대"
            },
            "speechAct": "(단언) 진술하기",
            "morpheme": "웅/IC+김해인/NNP+데창/NNG+원/NNG+가까이/MAG+산다/VV+EC+키/NNG+키/XSV+ETN"
          },
          {
            "id": 3,
            "text": "1 : 아파트? 키키",
            "norm_text": "아파트? 키키",
            "speaker": {
              "id": "1번",
              "sex": "여성",
              "age": "20대"
            },
            "speechAct": "(단언) 주장하기",
            "morpheme": "아파트/NNG+?/SY+키/NNG+키/XSV+ETN"
          },
          {
            "id": 4,
            "text": "1 : 너희 언니 집 인테리어 이쁘게 꾸미고 살 거 같아 키키",
            "norm_text": "너희 언니 집 인테리어 이쁘게 꾸미고 살 거 같아 키키",
            "speaker": {
              "id": "1번",
              "sex": "여성",
              "age": "20대"
            },
            "speechAct": "(단언) 주장하기",
            "morpheme": "너희/NP+언니/NNG+집/NNG+인테리어/NNG+이쁘/VA+게/EC+꾸미/VV+고/EC+살/VV+ETM+거/NNB+같/VA+아/EC+키/NNG+키/XSV+ETN"
          },
          {
            "id": 5,
            "text": "2 : 저번에 화초 정성스럽게 키우더니 한 개 죽음 ㅠ",
            "norm_text": "저번에 화초 정성스럽게 키우더니 한 개 죽음 ㅠ",
            "speaker": {
              "id": "2번",
              "sex": "여성",
              "age": "30대"
            },
            "speechAct": "(단언) 진술하기",
            "morpheme": "저번/NNG+에/JKB+화초/NNG+정성/NNG+스럽/XSA+게/EC+키우/VV+더니/EC+한/MM+개/NNBC+죽음/NNG+ㅠ/UNKNOWN"
          },
          {
            "id": 6,
            "text": "1 : 헐 ㅠㅠ 화초 키우기 어렵지",
            "norm_text": "헐 ㅠㅠ 화초 키우기 어렵지",
            "speaker": {
              "id": "1번",
              "sex": "여성",
              "age": "20대"
            },
            "speechAct": "(단언) 주장하기",
            "morpheme": "헐/VV+JKO+ㅠㅠ/UNKNOWN+화초/NNG+키우/VV+기/ETN+어렵/VA+지/EC"
          },
          {
            "id": 7,
            "text": "2 : 화분 키우기 어려운 거 같아",
            "norm_text": "화분 키우기 어려운 거 같아",
            "speaker": {
              "id": "2번",
              "sex": "여성",
              "age": "30대"
            },
            "speechAct": "(단언) 주장하기",
            "morpheme": "화분/NNG+키우/VV+기/ETN+어려운/VA+ETM+거/NNB+같/VA+아/EC"
          },
          {
            "id": 8,
            "text": "1 : 너도 화분 키워? 키키",
            "norm_text": "너도 화분 키워? 키키",
            "speaker": {
              "id": "1번",
              "sex": "여성",
              "age": "20대"
            },
            "speechAct": "(지시) 질문하기",
            "morpheme": "너/NP+도/JX+화분/NNG+키워/VV+EF+키/NNG+키/XSV+ETN"
          },
          {
            "id": 9,
            "text": "1 : 분재 한 번 해보고 싶긴 하더라",
            "norm_text": "분재 한 번 해보고 싶긴 하더라",
            "speaker": {
              "id": "1번",
              "sex": "여성",
              "age": "20대"
            },
            "speechAct": "(단언) 주장하기",
            "morpheme": "분재/NNG+한/MM+번/NNBC+해/VV+EC+보/VX+고/EC+싶/VX+긴/ETN+JX+하/VX+더라/EC"
          },
          {
            "id": 10,
            "text": "2 : 나는 아니고 엄마가 키우는데 거의 방치 ㅠ 키키",
            "norm_text": "나는 아니고 엄마가 키우는데 거의 방치 ㅠ 키키",
            "speaker": {
              "id": "2번",
              "sex": "여성",
              "age": "30대"
            },
            "speechAct": "(단언) 주장하기",
            "morpheme": "나/NP+는/JX+아니/VCN+고/EC+엄마/NNG+가/JKS+키우/VV+는데/EC+거의/MAG+방치/NNG+ㅠ키/UNKNOWN+키/NNG"
          },
          {
            "id": 11,
            "text": "1 : 친구 집 인테리어로 화분 곳곳에 놔뒀던데 진짜 괜찮더라",
            "norm_text": "친구 집 인테리어로 화분 곳곳에 놔뒀던데 진짜 괜찮더라",
            "speaker": {
              "id": "1번",
              "sex": "여성",
              "age": "20대"
            },
            "speechAct": "(단언) 주장하기",
            "morpheme": "친구/NNG+집/NNG+인테리어/NNG+로/JKB+화분/NNG+곳곳/NNG+에/JKB+놔뒀/VV+EP+던데/EF+진짜/MAG+괜찮/VA+더라/EC"
          },
          {
            "id": 12,
            "text": "2 : 잘 놔두면 인테리어에 도움 될 듯 키키",
            "norm_text": "잘 놔두면 인테리어에 도움 될 듯 키키",
            "speaker": {
              "id": "2번",
              "sex": "여성",
              "age": "30대"
            },
            "speechAct": "(단언) 주장하기",
            "morpheme": "잘/MAG+놔두/VV+면/EC+인테리어/NNG+에/JKB+도움/NNG+될/XSV+ETM+듯/NNB+키/NNG+키/XSV+ETN"
          },
          {
            "id": 13,
            "text": "1 : 키키 화분 키우고 싶은데 자신 없어...",
            "norm_text": "키키 화분 키우고 싶은데 자신 없어...",
            "speaker": {
              "id": "1번",
              "sex": "여성",
              "age": "20대"
            },
            "speechAct": "(단언) 주장하기",
            "morpheme": "키/NNG+키/NNG+화/XSN+분/NNB+키우/VV+고/EC+싶/VX+은데/EC+자신/NNG+없/VA+어/EF+./SY"
          },
          {
            "id": 14,
            "text": "2 : 나도 키키 죽일 거 같아 ㅠ",
            "norm_text": "나도 키키 죽일 거 같아 ㅠ",
            "speaker": {
              "id": "2번",
              "sex": "여성",
              "age": "30대"
            },
            "speechAct": "(단언) 주장하기",
            "morpheme": "나/NP+도/JX+키/NNG+키/XSV+ETN+죽일/VV+ETM+거/NNB+같/VA+아/EC+ㅠ/UNKNOWN"
          },
          {
            "id": 15,
            "text": "1 : 수경 식물은 좀 키우기 쉬울까 싶어서 샀는데 얘도 어렵더라",
            "norm_text": "수경 식물은 좀 키우기 쉬울까 싶어서 샀는데 얘도 어렵더라",
            "speaker": {
              "id": "1번",
              "sex": "여성",
              "age": "20대"
            },
            "speechAct": "(단언) 주장하기",
            "morpheme": "수경/NNP+식물/NNG+은/JX+좀/MAG+키우/VV+기/ETN+쉬울까/VA+EF+싶/VX+어서/EC+샀/VV+EP+는데/EC+얘/NP+도/JX+어렵/VA+더라/EC"
          },
          {
            "id": 16,
            "text": "2 : 수경 식물?",
            "norm_text": "수경 식물?",
            "speaker": {
              "id": "2번",
              "sex": "여성",
              "age": "30대"
            },
            "speechAct": "(지시) 질문하기",
            "morpheme": "수경/NNP+식물/NNG"
          },
          {
            "id": 17,
            "text": "2 : 양파 같은 거?",
            "norm_text": "양파 같은 거?",
            "speaker": {
              "id": "2번",
              "sex": "여성",
              "age": "30대"
            },
            "speechAct": "(지시) 질문하기",
            "morpheme": "양파/NNG+같/VA+은/ETM+거/NNB"
          },
          {
            "id": 18,
            "text": "1 : 물에 키우는 거 키키",
            "norm_text": "물에 키우는 거 키키",
            "speaker": {
              "id": "1번",
              "sex": "여성",
              "age": "20대"
            },
            "speechAct": "(단언) 주장하기",
            "morpheme": "물/NNG+에/JKB+키우/VV+는/ETM+거/NNB+키/NNG+키/XSV+ETN"
          },
          {
            "id": 19,
            "text": "1 : 야자수로 키우는 중",
            "norm_text": "야자수로 키우는 중",
            "speaker": {
              "id": "1번",
              "sex": "여성",
              "age": "20대"
            },
            "speechAct": "(단언) 주장하기",
            "morpheme": "야자수/NNG+로/JKB+키우/VV+는/ETM+중/NNB"
          },
          {
            "id": 20,
            "text": "2 : 야자수? 잘 키우면 진짜 예쁘겠다!",
            "norm_text": "야자수? 잘 키우면 진짜 예쁘겠다!",
            "speaker": {
              "id": "2번",
              "sex": "여성",
              "age": "30대"
            },
            "speechAct": "(단언) 주장하기",
            "morpheme": "야자수/NNG+잘/MAG+키우/VV+면/EC+진짜/MAG+예쁘/VA+겠/EP+다/EF"
          }
        ]
      }
    }
  ]
}