{
  "dataset": {
    "identifier": 60731,
    "name": "KAKAO_927_15_set",
    "src_path": "/data/file/cubeManager/PROJECT001/53/txt20211005154843090288/KAKAO_927_15_set/",
    "label_path": "/data/file/cubeManager/PROJECT001/53/txt20211005154843090288/KAKAO_927_15_set/",
    "category": 2,
    "type": 0
  },
  "licenses": {
    "name": "Apache License 1.0",
    "url": "http://www.apache.org/licenses/LICENSE-1.0"
  },
  "info": [
    {
      "id": 41712,
      "filename": "KAKAO_927_15.txt",
      "title": "KAKAO_927_15",
      "mediatype": "SNS",
      "medianame": "카카오톡",
      "category": "일상대화",
      "date": "2021-10-05",
      "size": 634,
      "annotations": {
        "subject": "타 국가 이슈",
        "speaker_type": "1:1",
        "size": 634,
        "word_size": 206,
        "text": "1 : 근데 이게 진짜 이런 사소한 문제를 넘어서 큰 문제도 많잖아\n1 : 올 여름에 미국은 홍수 때문에 집이 다 잠겼다잖어\n2 : 맞아 난리였지 엄청 크게 나지 않았었나?\n1 : 맞아. 나도 우리 집 홍수 나서 잠겼었잖아.\n1 : 그래서 그거 보고 남일 아닌 것 같고 되게 무서웠음\n2 : 홍수 나면 진짜 다 휩쓸려 가니까 넘나 무서웡\n1 : 맞아 그때 진자 우리 동네에서 홍수 때문에 죽은 사람도 있었다고...\n1 : 미국도 그랬을 거 아니야 재산 피해도 당연히 어마어마하고\n2 : 엥 진짜로? 돌아가신 분도 있었어?\n2 : 미국도 인명피해 어마어마한 거 같더라\n1 : 웅 진짜 그냥 간단하게 말할 문제가 아니야\n1 : 자연 재해는 너무 무서워 ㅎ\n2 : 자연 앞에서 인간은 그저 조무래기일 뿐\n1 : 맞아 진짜 한 번 겪어보니까 비 조금만 많이 와도 엄청 불안해짐\n2 : 눈이 많이 와도 그렇게 되려나?\n1 : 눈 많이 오면 그만큼 교통사고도 많아지고 우리 집은 또 농사지으니까 하우스도 무너지고 장난 없지 그것도\n2 : 다 문제네 뭐든지 적당해야 되는데\n1 : 맞아 너무 안 와도 문제고 너무 많이 와도 문제여\n1 : 자연 앞에서 진짜 한없이 작아진다\n2 : 자연 재해 없는 곳에서 살고 싶다\n1 : 난 너 없는 곳에 살고 싶다\n2 : 너 진짜 나한테 말 걸지 마",
        "lines": [
          {
            "id": 1,
            "text": "1 : 근데 이게 진짜 이런 사소한 문제를 넘어서 큰 문제도 많잖아",
            "norm_text": "근데 이게 진짜 이런 사소한 문제를 넘어서 큰 문제도 많잖아",
            "speaker": {
              "id": "1번",
              "sex": "여성",
              "age": "20대"
            },
            "speechAct": "(단언) 주장하기",
            "morpheme": "근데/MAJ+이게/NP+JKS+진짜/MAG+이런/MM+사소/XR+한/XSA+ETM+문제/NNG+를/JKO+넘/VV+어서/EC+큰/VA+ETM+문제/NNG+도/JX+많/VA+잖아/EC"
          },
          {
            "id": 2,
            "text": "1 : 올 여름에 미국은 홍수 때문에 집이 다 잠겼다잖어",
            "norm_text": "올 여름에 미국은 홍수 때문에 집이 다 잠겼다잖어",
            "speaker": {
              "id": "1번",
              "sex": "여성",
              "age": "20대"
            },
            "speechAct": "(단언) 진술하기",
            "morpheme": "올/MM+여름/NNG+에/JKB+미국/NNP+은/JX+홍수/NNG+때문/NNB+에/JKB+집/NNG+이/JKS+다/MAG+잠겼/VV+EP+다/EF+잖어/EF"
          },
          {
            "id": 3,
            "text": "2 : 맞아 난리였지 엄청 크게 나지 않았었나?",
            "norm_text": "맞아 난리였지 엄청 크게 나지 않았었나?",
            "speaker": {
              "id": "2번",
              "sex": "여성",
              "age": "20대"
            },
            "speechAct": "(단언) 주장하기",
            "morpheme": "맞/VV+아/EC+난리/NNG+였/VCP+EP+지/EC+엄청/MAG+크/VA+게/EC+나/VX+지/EC+않/VX+았었/EP+나/EF"
          },
          {
            "id": 4,
            "text": "1 : 맞아. 나도 우리 집 홍수 나서 잠겼었잖아.",
            "norm_text": "맞아. 나도 우리 집 홍수 나서 잠겼었잖아.",
            "speaker": {
              "id": "1번",
              "sex": "여성",
              "age": "20대"
            },
            "speechAct": "(단언) 진술하기",
            "morpheme": "맞/VV+아/EF+나/NP+도/JX+우리/NP+집/NNG+홍수/NNG+나/NP+서/JKB+잠겼/VV+EP+었잖/EC+VX+아/EF"
          },
          {
            "id": 5,
            "text": "1 : 그래서 그거 보고 남일 아닌 것 같고 되게 무서웠음",
            "norm_text": "그래서 그거 보고 남일 아닌 것 같고 되게 무서웠음",
            "speaker": {
              "id": "1번",
              "sex": "여성",
              "age": "20대"
            },
            "speechAct": "(단언) 진술하기",
            "morpheme": "그래서/MAJ+그거/NP+보고/JKB+남/NNG+일/VCP+ETM+아닌/VCN+ETM+것/NNB+같/VA+고/EC+되게/MAG+무서웠/VA+EP+음/ETN"
          },
          {
            "id": 6,
            "text": "2 : 홍수 나면 진짜 다 휩쓸려 가니까 넘나 무서웡",
            "norm_text": "홍수 나면 진짜 다 휩쓸려 가니까 넘나 무서웡",
            "speaker": {
              "id": "2번",
              "sex": "여성",
              "age": "20대"
            },
            "speechAct": "(표현) 부정감정 표현하기",
            "morpheme": "홍수/NNG+나/VV+면/EC+진짜/MAG+다/MAG+휩쓸려/VV+EC+가/VX+니까/EC+넘/MAG+나무/NNG+서/JKB+웡/NNP"
          },
          {
            "id": 7,
            "text": "1 : 맞아 그때 진자 우리 동네에서 홍수 때문에 죽은 사람도 있었다고...",
            "norm_text": "맞아 그때 진자 우리 동네에서 홍수 때문에 죽은 사람도 있었다고...",
            "speaker": {
              "id": "1번",
              "sex": "여성",
              "age": "20대"
            },
            "speechAct": "(단언) 진술하기",
            "morpheme": "맞/VV+아/EC+그때/NNG+진자/MAG+우리/NP+동네/NNG+에서/JKB+홍수/NNG+때문/NNB+에/JKB+죽/VV+은/ETM+사람/NNG+도/JX+있/VA+었/EP+다고/EF+./SY"
          },
          {
            "id": 8,
            "text": "1 : 미국도 그랬을 거 아니야 재산 피해도 당연히 어마어마하고",
            "norm_text": "미국도 그랬을 거 아니야 재산 피해도 당연히 어마어마하고",
            "speaker": {
              "id": "1번",
              "sex": "여성",
              "age": "20대"
            },
            "speechAct": "(단언) 주장하기",
            "morpheme": "미국/NNP+도/JX+그랬/VV+EP+을/ETM+거/NNB+아니/VCN+야/EC+재산/NNG+피해/NNG+도/JX+당연히/MAG+어마어마/XR+하/XSA+고/EC"
          },
          {
            "id": 9,
            "text": "2 : 엥 진짜로? 돌아가신 분도 있었어?",
            "norm_text": "엥 진짜로? 돌아가신 분도 있었어?",
            "speaker": {
              "id": "2번",
              "sex": "여성",
              "age": "20대"
            },
            "speechAct": "(지시) 질문하기",
            "morpheme": "엥/IC+진짜로/MAG+돌아가/VV+신/EP+ETM+분/NNB+도/JX+있/VA+었/EP+어/EF"
          },
          {
            "id": 10,
            "text": "2 : 미국도 인명피해 어마어마한 거 같더라",
            "norm_text": "미국도 인명피해 어마어마한 거 같더라",
            "speaker": {
              "id": "2번",
              "sex": "여성",
              "age": "20대"
            },
            "speechAct": "(단언) 주장하기",
            "morpheme": "미국/NNP+도/JX+인명/NNG+피해/NNG+어마어마/XR+한/XSA+ETM+거/NNB+같/VA+더라/EC"
          },
          {
            "id": 11,
            "text": "1 : 웅 진짜 그냥 간단하게 말할 문제가 아니야",
            "norm_text": "웅 진짜 그냥 간단하게 말할 문제가 아니야",
            "speaker": {
              "id": "1번",
              "sex": "여성",
              "age": "20대"
            },
            "speechAct": "(단언) 주장하기",
            "morpheme": "웅/IC+진짜/MAG+그냥/MAG+간단/XR+하/XSA+게/EC+말/NNG+할/XSV+ETM+문제/NNG+가/JKC+아니/VCN+야/EC"
          },
          {
            "id": 12,
            "text": "1 : 자연 재해는 너무 무서워 ㅎ",
            "norm_text": "자연 재해는 너무 무서워 ㅎ",
            "speaker": {
              "id": "1번",
              "sex": "여성",
              "age": "20대"
            },
            "speechAct": "(표현) 부정감정 표현하기",
            "morpheme": "자연재해/NNG+는/JX+너무/MAG+무서워/VA+EF+ㅎ/XSA"
          },
          {
            "id": 13,
            "text": "2 : 자연 앞에서 인간은 그저 조무래기일 뿐",
            "norm_text": "자연 앞에서 인간은 그저 조무래기일 뿐",
            "speaker": {
              "id": "2번",
              "sex": "여성",
              "age": "20대"
            },
            "speechAct": "(단언) 주장하기",
            "morpheme": "자연/NNG+앞/NNG+에서/JKB+인간/NNG+은/JX+그저/MAG+조무래기/NNG+일/VCP+ETM+뿐/NNB"
          },
          {
            "id": 14,
            "text": "1 : 맞아 진짜 한 번 겪어보니까 비 조금만 많이 와도 엄청 불안해짐",
            "norm_text": "맞아 진짜 한 번 겪어보니까 비 조금만 많이 와도 엄청 불안해짐",
            "speaker": {
              "id": "1번",
              "sex": "여성",
              "age": "20대"
            },
            "speechAct": "(단언) 주장하기",
            "morpheme": "맞/VV+아/EC+진짜/MAG+한/MM+번/NNBC+겪/VV+어/EC+보/VX+니까/EC+비/XPN+조금/NNG+만/JX+많이/MAG+와도/VV+EC+엄청/MAG+불안/NNG+해짐/XSA+EC+VX+ETN"
          },
          {
            "id": 15,
            "text": "2 : 눈이 많이 와도 그렇게 되려나?",
            "norm_text": "눈이 많이 와도 그렇게 되려나?",
            "speaker": {
              "id": "2번",
              "sex": "여성",
              "age": "20대"
            },
            "speechAct": "(지시) 질문하기",
            "morpheme": "눈/NNG+이/JKS+많이/MAG+와도/VV+EC+그렇게/MAG+되/VV+려나/EF"
          },
          {
            "id": 16,
            "text": "1 : 눈 많이 오면 그만큼 교통사고도 많아지고 우리 집은 또 농사지으니까 하우스도 무너지고 장난 없지 그것도",
            "norm_text": "눈 많이 오면 그만큼 교통사고도 많아지고 우리 집은 또 농사지으니까 하우스도 무너지고 장난 없지 그것도",
            "speaker": {
              "id": "1번",
              "sex": "여성",
              "age": "20대"
            },
            "speechAct": "(단언) 주장하기",
            "morpheme": "눈/NNG+많이/MAG+오/VV+면/EC+그만큼/MAG+교통사고/NNG+도/JX+많/VA+아/EC+지/VX+고/EC+우리/NP+집/NNG+은/JX+또/MAG+농사지/VV+으니까/EC+하우스/NNP+도/JX+무너지/VV+고/EC+장난/NNG+없/VA+지/EF+그것/NP+도/JX"
          },
          {
            "id": 17,
            "text": "2 : 다 문제네 뭐든지 적당해야 되는데",
            "norm_text": "다 문제네 뭐든지 적당해야 되는데",
            "speaker": {
              "id": "2번",
              "sex": "여성",
              "age": "20대"
            },
            "speechAct": "(단언) 주장하기",
            "morpheme": "다/MAG+문제/NNG+네/XSN+뭐/NP+든지/JX+적당/XR+해야/XSA+EC+되/VV+는데/EC"
          },
          {
            "id": 18,
            "text": "1 : 맞아 너무 안 와도 문제고 너무 많이 와도 문제여",
            "norm_text": "맞아 너무 안 와도 문제고 너무 많이 와도 문제여",
            "speaker": {
              "id": "1번",
              "sex": "여성",
              "age": "20대"
            },
            "speechAct": "(단언) 주장하기",
            "morpheme": "맞/VV+아/EC+너무/MAG+안/MAG+와도/VV+EC+문제/NNG+고/VCP+EC+너무/MAG+많이/MAG+와도/VV+EC+문제/NNG+여/NNG"
          },
          {
            "id": 19,
            "text": "1 : 자연 앞에서 진짜 한없이 작아진다",
            "norm_text": "자연 앞에서 진짜 한없이 작아진다",
            "speaker": {
              "id": "1번",
              "sex": "여성",
              "age": "20대"
            },
            "speechAct": "(단언) 주장하기",
            "morpheme": "자연/NNG+앞/NNG+에서/JKB+진짜/MAG+한없이/MAG+작아진다/VV+EF"
          },
          {
            "id": 20,
            "text": "2 : 자연 재해 없는 곳에서 살고 싶다",
            "norm_text": "자연 재해 없는 곳에서 살고 싶다",
            "speaker": {
              "id": "2번",
              "sex": "여성",
              "age": "20대"
            },
            "speechAct": "(단언) 주장하기",
            "morpheme": "자연재해/NNG+없/VA+는/ETM+곳/NNG+에서/JKB+살/VV+고/EC+싶/VX+다/EC"
          },
          {
            "id": 21,
            "text": "1 : 난 너 없는 곳에 살고 싶다",
            "norm_text": "난 너 없는 곳에 살고 싶다",
            "speaker": {
              "id": "1번",
              "sex": "여성",
              "age": "20대"
            },
            "speechAct": "(단언) 주장하기",
            "morpheme": "난/NP+JX+너/NP+없/VA+는/ETM+곳/NNG+에/JKB+살/VV+고/EC+싶/VX+다/EC"
          },
          {
            "id": 22,
            "text": "2 : 너 진짜 나한테 말 걸지 마",
            "norm_text": "너 진짜 나한테 말 걸지 마",
            "speaker": {
              "id": "2번",
              "sex": "여성",
              "age": "20대"
            },
            "speechAct": "(지시) 명령/요구하기",
            "morpheme": "너/NP+진짜/MAG+나/NP+한테/JKB+말/NNG+걸지/VA+마/EC"
          }
        ]
      }
    }
  ]
}