{
  "dataset": {
    "identifier": 63582,
    "name": "KAKAO_908_19_set",
    "src_path": "/data/file/cubeManager/PROJECT001/53/txt202110051549270094109/KAKAO_908_19_set/",
    "label_path": "/data/file/cubeManager/PROJECT001/53/txt202110051549270094109/KAKAO_908_19_set/",
    "category": 2,
    "type": 0
  },
  "licenses": {
    "name": "Apache License 1.0",
    "url": "http://www.apache.org/licenses/LICENSE-1.0"
  },
  "info": [
    {
      "id": 41756,
      "filename": "KAKAO_908_19.txt",
      "title": "KAKAO_908_19",
      "mediatype": "SNS",
      "medianame": "카카오톡",
      "category": "일상대화",
      "date": "2021-10-05",
      "size": 472,
      "annotations": {
        "subject": "방송/연예",
        "speaker_type": "1:1",
        "size": 472,
        "word_size": 162,
        "text": "1 : 니 아미 맞제?\n1 : 방탄소년단에서 최애가 누군데?\n2 : 나는 다 좋은데 굳이 꼽자면 정국이 키키\n1 : 오 역시 키키 니 스타일일 줄 알았음 키키\n2 : 맞아 나는 재능 많은 스타일 좋아하잖아\n1 : 응응 진짜 걔는 노래에 춤에 그림도 잘 그리던데?\n2 : 어 키키 완전 부러움\n2 : 진짜 예체능에 몰빵 함\n1 : 신기하다 키키\n1 : 내 최애는 석진이임 키키 귀여운 석찌니\n2 : 헐 대박 완전 니 스타일 아닌데?\n1 : 왜 완전 내 스타일임 키키 찐 초딩 바이브~\n2 : 그래 얼굴은 니 스타일 맞는데 성격이 좀 키키\n1 : 야 나는 원래 싱거운 스타일 좋아함 키키\n2 : 얼굴은 사납고 성격은 싱거운 스타일?\n1 : 응응 옥택연도 그랬잖아 키키\n1 : 다 너무 내 스타일임\n2 : 근데 진은 사납게 안 생겼잖아\n2 : 키키 착하게 생겼는데\n1 : 응응 그래 얼굴이 내 스타일이 아님 키키\n1 : 니가 틀렸음\n2 : 아님 키키 니가 좋아하는 사람들 다 똑같이 생김",
        "lines": [
          {
            "id": 1,
            "text": "1 : 니 아미 맞제?",
            "norm_text": "니 아미 맞제?",
            "speaker": {
              "id": "1번",
              "sex": "여성",
              "age": "20대"
            },
            "speechAct": "(지시) 질문하기",
            "morpheme": "니아미/NNP+맞/VV+제/EF"
          },
          {
            "id": 2,
            "text": "1 : 방탄소년단에서 최애가 누군데?",
            "norm_text": "방탄소년단에서 최애가 누군데?",
            "speaker": {
              "id": "1번",
              "sex": "여성",
              "age": "20대"
            },
            "speechAct": "(지시) 질문하기",
            "morpheme": "방탄소년단/NNP+에서/JKB+최애/NNG+가/JKS+누군데/NP+VCP+EF"
          },
          {
            "id": 3,
            "text": "2 : 나는 다 좋은데 굳이 꼽자면 정국이 키키",
            "norm_text": "나는 다 좋은데 굳이 꼽자면 정국이 키키",
            "speaker": {
              "id": "2번",
              "sex": "여성",
              "age": "20대"
            },
            "speechAct": "(단언) 주장하기",
            "morpheme": "나/NP+는/JX+다/MAG+좋/VA+은데/EC+굳이/MAG+꼽/VV+자면/EC+정국/NNG+이/JKS+키/NNG+키/XSV+ETN"
          },
          {
            "id": 4,
            "text": "1 : 오 역시 키키 니 스타일일 줄 알았음 키키",
            "norm_text": "오 역시 키키 니 스타일일 줄 알았음 키키",
            "speaker": {
              "id": "1번",
              "sex": "여성",
              "age": "20대"
            },
            "speechAct": "(단언) 주장하기",
            "morpheme": "오역/NNG+시키/XSV+EC+키/VV+니/EC+스타일/NNG+일/VCP+ETM+줄/NNB+알/VV+았/EP+음/ETN+키/NNG+키/XSV+ETN"
          },
          {
            "id": 5,
            "text": "2 : 맞아 나는 재능 많은 스타일 좋아하잖아",
            "norm_text": "맞아 나는 재능 많은 스타일 좋아하잖아",
            "speaker": {
              "id": "2번",
              "sex": "여성",
              "age": "20대"
            },
            "speechAct": "(단언) 주장하기",
            "morpheme": "맞/VV+아/EC+나/NP+는/JX+재능/NNG+많/VA+은/ETM+스타일/NNG+좋/VA+아/EC+하/VV+잖아/EC"
          },
          {
            "id": 6,
            "text": "1 : 응응 진짜 걔는 노래에 춤에 그림도 잘 그리던데?",
            "norm_text": "응응 진짜 걔는 노래에 춤에 그림도 잘 그리던데?",
            "speaker": {
              "id": "1번",
              "sex": "여성",
              "age": "20대"
            },
            "speechAct": "(지시) 질문하기",
            "morpheme": "응/IC+응/IC+진짜/MAG+걔/NP+는/JX+노래/NNG+에/JKB+춤/NNG+에/JKB+그림/NNG+도/JX+잘/MAG+그리/VV+던데/EF"
          },
          {
            "id": 7,
            "text": "2 : 어 키키 완전 부러움",
            "norm_text": "어 키키 완전 부러움",
            "speaker": {
              "id": "2번",
              "sex": "여성",
              "age": "20대"
            },
            "speechAct": "(단언) 주장하기",
            "morpheme": "어/IC+키/NNG+키/XSV+ETN+완전/MAG+부러움/VA+ETN"
          },
          {
            "id": 8,
            "text": "2 : 진짜 예체능에 몰빵 함",
            "norm_text": "진짜 예체능에 몰빵 함",
            "speaker": {
              "id": "2번",
              "sex": "여성",
              "age": "20대"
            },
            "speechAct": "(단언) 주장하기",
            "morpheme": "진짜/MAG+예체능/NNG+에/JKB+몰/VV+ETM+빵/NNG+함/XSV+ETN"
          },
          {
            "id": 9,
            "text": "1 : 신기하다 키키",
            "norm_text": "신기하다 키키",
            "speaker": {
              "id": "1번",
              "sex": "여성",
              "age": "20대"
            },
            "speechAct": "(단언) 주장하기",
            "morpheme": "신기하/NNP+다키키/NNP"
          },
          {
            "id": 10,
            "text": "1 : 내 최애는 석진이임 키키 귀여운 석찌니",
            "norm_text": "내 최애는 석진이임 키키 귀여운 석찌니",
            "speaker": {
              "id": "1번",
              "sex": "여성",
              "age": "20대"
            },
            "speechAct": "(단언) 주장하기",
            "morpheme": "내/NP+JKG+최애/NNG+는/JX+석/NNG+진이/XSV+EC+JX+JKS+임/NNP+키키/NNP+귀여/NNP+운석/NNG+찌/VV+니/EC"
          },
          {
            "id": 11,
            "text": "2 : 헐 대박 완전 니 스타일 아닌데?",
            "norm_text": "헐 대박 완전 니 스타일 아닌데?",
            "speaker": {
              "id": "2번",
              "sex": "여성",
              "age": "20대"
            },
            "speechAct": "(지시) 질문하기",
            "morpheme": "헐/IC+대박/NNG+완전/MAG+니/MM+스타일/NNG+아닌데/VCN+EF"
          },
          {
            "id": 12,
            "text": "1 : 왜 완전 내 스타일임 키키 찐 초딩 바이브~",
            "norm_text": "왜 완전 내 스타일임 키키 찐 초딩 바이브~",
            "speaker": {
              "id": "1번",
              "sex": "여성",
              "age": "20대"
            },
            "speechAct": "(단언) 주장하기",
            "morpheme": "왜/MAG+완전/MAG+내/NP+JKG+스타일/NNG+임/VCP+ETN+키/NNG+키/XSV+ETN+찐/VV+ETM+초딩/NNG+바이브/NNP+~/SY"
          },
          {
            "id": 13,
            "text": "2 : 그래 얼굴은 니 스타일 맞는데 성격이 좀 키키",
            "norm_text": "그래 얼굴은 니 스타일 맞는데 성격이 좀 키키",
            "speaker": {
              "id": "2번",
              "sex": "여성",
              "age": "20대"
            },
            "speechAct": "(단언) 주장하기",
            "morpheme": "그래/IC+얼굴/NNG+은/JX+니/MM+스타일/NNG+맞/VV+는데/EC+성격/NNG+이/JKS+좀/MAG+키/NNG+키/XSV+ETN"
          },
          {
            "id": 14,
            "text": "1 : 야 나는 원래 싱거운 스타일 좋아함 키키",
            "norm_text": "야 나는 원래 싱거운 스타일 좋아함 키키",
            "speaker": {
              "id": "1번",
              "sex": "여성",
              "age": "20대"
            },
            "speechAct": "(단언) 주장하기",
            "morpheme": "야/IC+나/NP+는/JX+원래/MAG+싱거운/VA+ETM+스타일/NNG+좋/VA+아함/IC+ETN+키/NNG+키/XSV+ETN"
          },
          {
            "id": 15,
            "text": "2 : 얼굴은 사납고 성격은 싱거운 스타일?",
            "norm_text": "얼굴은 사납고 성격은 싱거운 스타일?",
            "speaker": {
              "id": "2번",
              "sex": "여성",
              "age": "20대"
            },
            "speechAct": "(단언) 주장하기",
            "morpheme": "얼굴/NNG+은/JX+사납/VA+고/EC+성격/NNG+은/JX+싱거운/VA+ETM+스타일/NNG"
          },
          {
            "id": 16,
            "text": "1 : 응응 옥택연도 그랬잖아 키키",
            "norm_text": "응응 옥택연도 그랬잖아 키키",
            "speaker": {
              "id": "1번",
              "sex": "여성",
              "age": "20대"
            },
            "speechAct": "(단언) 주장하기",
            "morpheme": "응/IC+응/IC+옥택연/NNP+도/JX+그랬잖아/VV+EP+EC+VX+EC+키/NNG+키/XSV+ETN"
          },
          {
            "id": 17,
            "text": "1 : 다 너무 내 스타일임",
            "norm_text": "다 너무 내 스타일임",
            "speaker": {
              "id": "1번",
              "sex": "여성",
              "age": "20대"
            },
            "speechAct": "(단언) 주장하기",
            "morpheme": "다/MAG+너무/MAG+내/NP+JKG+스타일/NNG+임/VCP+ETN"
          },
          {
            "id": 18,
            "text": "2 : 근데 진은 사납게 안 생겼잖아",
            "norm_text": "근데 진은 사납게 안 생겼잖아",
            "speaker": {
              "id": "2번",
              "sex": "여성",
              "age": "20대"
            },
            "speechAct": "(단언) 주장하기",
            "morpheme": "근데/MAJ+진/NNG+은/JX+사납/VA+게/EC+안/MAG+생겼잖아/VV+EP+EC+VX+EC"
          },
          {
            "id": 19,
            "text": "2 : 키키 착하게 생겼는데",
            "norm_text": "키키 착하게 생겼는데",
            "speaker": {
              "id": "2번",
              "sex": "여성",
              "age": "20대"
            },
            "speechAct": "(단언) 주장하기",
            "morpheme": "키/NNG+키/XSV+ETN+착하/VA+게/EC+생겼/VV+EP+는데/EC"
          },
          {
            "id": 20,
            "text": "1 : 응응 그래 얼굴이 내 스타일이 아님 키키",
            "norm_text": "응응 그래 얼굴이 내 스타일이 아님 키키",
            "speaker": {
              "id": "1번",
              "sex": "여성",
              "age": "20대"
            },
            "speechAct": "(단언) 주장하기",
            "morpheme": "응/IC+응/IC+그래/IC+얼굴/NNG+이/JKS+내/NP+JKG+스타일/NNG+이/JKC+아님/VCN+ETN+키/NNG+키/XSV+ETN"
          },
          {
            "id": 21,
            "text": "1 : 니가 틀렸음",
            "norm_text": "니가 틀렸음",
            "speaker": {
              "id": "1번",
              "sex": "여성",
              "age": "20대"
            },
            "speechAct": "(단언) 주장하기",
            "morpheme": "니/NP+가/JKS+틀렸/VV+EP+음/ETN"
          },
          {
            "id": 22,
            "text": "2 : 아님 키키 니가 좋아하는 사람들 다 똑같이 생김",
            "norm_text": "아님 키키 니가 좋아하는 사람들 다 똑같이 생김",
            "speaker": {
              "id": "2번",
              "sex": "여성",
              "age": "20대"
            },
            "speechAct": "(단언) 주장하기",
            "morpheme": "아님/MAJ+키/NNG+키/XSV+ETN+니/NP+가/JKS+좋/VA+아/EC+하/VV+는/ETM+사람/NNG+들/XSN+다/MAG+똑같이/MAG+생김/VV+ETN"
          }
        ]
      }
    }
  ]
}