{
  "dataset": {
    "identifier": 68065,
    "name": "KAKAO_969_13_set",
    "src_path": "/data/file/cubeManager/PROJECT001/53/txt20211006122423016830/KAKAO_969_13_set/",
    "label_path": "/data/file/cubeManager/PROJECT001/53/txt20211006122423016830/KAKAO_969_13_set/",
    "category": 2,
    "type": 0
  },
  "licenses": {
    "name": "Apache License 1.0",
    "url": "http://www.apache.org/licenses/LICENSE-1.0"
  },
  "info": [
    {
      "id": 42953,
      "filename": "KAKAO_969_13.txt",
      "title": "KAKAO_969_13",
      "mediatype": "SNS",
      "medianame": "카카오톡",
      "category": "일상대화",
      "date": "2021-10-06",
      "size": 473,
      "annotations": {
        "subject": "계절/날씨",
        "speaker_type": "1:1",
        "size": 473,
        "word_size": 162,
        "text": "1 : 날씨가 오늘도 좋네 키키 아침에는 좀 쌀쌀\n2 : 키키 웅 날 좋더라 키키 오늘 밖에 나가볼까 함 키키\n1 : 올 좋지 동생들은 다 집에 감?\n2 : 아니 키키 아직 있엉 키키 다들 아직 밤이다 키키\n1 : 아 아직도 자나 키키 다들 밤에 안 자나\n2 : 키키 다들 늦게 자기도 하는데 아침형 인간들은 아냐 키키\n1 : 아 키키 니만 일찍 일어나네\n2 : 키키 난 잠이 활동력에 비례해서 키키\n1 : 키키 오호 어제는 일찍 잤나 키키\n1 : 난 엄마가 강제로 깨워서 이러고 있다\n2 : 피곤도에 따라 깨는 시간이 달라져 키키 아 키키\n2 : 강제로 깨워지는 거 진짜 별로야 키키\n1 : 키키 아침 먹으라고 깨운다...\n2 : 키키 그럼 일어나야지 키키 억지로 깨는건 싫은데 밥은 먹어야해 키키\n1 : 키키 그러니까 또 일 시키려고 밥 많이 맥인다\n2 : 키키 오늘도 열일 예정?\n1 : 당근 내일 나가야 해서 지금 일이 많음 키키\n2 : 아 키키 여유 부릴 시간이 없네",
        "lines": [
          {
            "id": 1,
            "text": "1 : 날씨가 오늘도 좋네 키키 아침에는 좀 쌀쌀",
            "norm_text": "날씨가 오늘도 좋네 키키 아침에는 좀 쌀쌀",
            "speaker": {
              "id": "1번",
              "sex": "남성",
              "age": "20대"
            },
            "speechAct": "(단언) 주장하기",
            "morpheme": "날씨/NNG+가/JKS+오늘/NNG+도/JX+좋/VA+네/EF+키키/NNP+아침/NNG+에/JKB+는/JX+좀/MAG+쌀/NNG+쌀/NNG"
          },
          {
            "id": 2,
            "text": "2 : 키키 웅 날 좋더라 키키 오늘 밖에 나가볼까 함 키키",
            "norm_text": "키키 웅 날 좋더라 키키 오늘 밖에 나가볼까 함 키키",
            "speaker": {
              "id": "2번",
              "sex": "여성",
              "age": "20대"
            },
            "speechAct": "(단언) 주장하기",
            "morpheme": "키/NNG+키/NNG+웅/NNG+날/NNG+좋/VA+더라/EC+키/NNG+키/NNG+오늘/NNG+밖에/JX+나가/VV+EC+볼까/VX+EC+함/VX+ETN+키/NNG+키/XSV+ETN"
          },
          {
            "id": 3,
            "text": "1 : 올 좋지 동생들은 다 집에 감?",
            "norm_text": "올 좋지 동생들은 다 집에 감?",
            "speaker": {
              "id": "1번",
              "sex": "남성",
              "age": "20대"
            },
            "speechAct": "(지시) 질문하기",
            "morpheme": "올/MM+좋/VA+지/EC+동생/NNG+들/XSN+은/JX+다/MAG+집/NNG+에/JKB+감/VV+ETN"
          },
          {
            "id": 4,
            "text": "2 : 아니 키키 아직 있엉 키키 다들 아직 밤이다 키키",
            "norm_text": "아니 키키 아직 있엉 키키 다들 아직 밤이다 키키",
            "speaker": {
              "id": "2번",
              "sex": "여성",
              "age": "20대"
            },
            "speechAct": "(단언) 진술하기",
            "morpheme": "아니키/NNP+키/NNG+아직/MAG+있/VV+엉/EC+키/NNG+키/VV+다/EC+들/XSN+아직/MAG+밤/NNG+이/JKS+다키키/NNP"
          },
          {
            "id": 5,
            "text": "1 : 아 아직도 자나 키키 다들 밤에 안 자나",
            "norm_text": "아 아직도 자나 키키 다들 밤에 안 자나",
            "speaker": {
              "id": "1번",
              "sex": "남성",
              "age": "20대"
            },
            "speechAct": "(지시) 질문하기",
            "morpheme": "아/IC+아직/MAG+도자/NNG+나/JC+키/NNG+키/VV+다/EC+들/XSN+밤/NNG+에/JKB+안/MAG+자/VV+나/EC"
          },
          {
            "id": 6,
            "text": "2 : 키키 다들 늦게 자기도 하는데 아침형 인간들은 아냐 키키",
            "norm_text": "키키 다들 늦게 자기도 하는데 아침형 인간들은 아냐 키키",
            "speaker": {
              "id": "2번",
              "sex": "여성",
              "age": "20대"
            },
            "speechAct": "(단언) 주장하기",
            "morpheme": "키/NNG+키/VV+다/EC+들/XSN+늦/VA+게/EC+자기/NP+도/JX+하/VV+는데/EC+아침/NNG+형/XSN+인간/NNG+들/XSN+은/JX+아냐/VCN+EC+키/NNG+키/XSV+ETN"
          },
          {
            "id": 7,
            "text": "1 : 아 키키 니만 일찍 일어나네",
            "norm_text": "아 키키 니만 일찍 일어나네",
            "speaker": {
              "id": "1번",
              "sex": "남성",
              "age": "20대"
            },
            "speechAct": "(단언) 주장하기",
            "morpheme": "아키/NNP+키니/NNP+만/JX+일찍/MAG+일어나/VV+네/EC"
          },
          {
            "id": 8,
            "text": "2 : 키키 난 잠이 활동력에 비례해서 키키",
            "norm_text": "키키 난 잠이 활동력에 비례해서 키키",
            "speaker": {
              "id": "2번",
              "sex": "여성",
              "age": "20대"
            },
            "speechAct": "(단언) 주장하기",
            "morpheme": "키/NNG+키/XSV+ETN+난/VV+ETM+잠/NNG+이/JKS+활동력/NNG+에/JKB+비례/NNG+해서/XSV+EC+키/NNG+키/XSV+ETN"
          },
          {
            "id": 9,
            "text": "1 : 키키 오호 어제는 일찍 잤나 키키",
            "norm_text": "키키 오호 어제는 일찍 잤나 키키",
            "speaker": {
              "id": "1번",
              "sex": "남성",
              "age": "20대"
            },
            "speechAct": "(지시) 질문하기",
            "morpheme": "키/NNG+키/XSV+ETN+오/NR+호/NNBC+어제/NNG+는/JX+일찍/MAG+잤/VV+EP+나/EC+키/NNG+키/XSV+ETN"
          },
          {
            "id": 10,
            "text": "1 : 난 엄마가 강제로 깨워서 이러고 있다",
            "norm_text": "난 엄마가 강제로 깨워서 이러고 있다",
            "speaker": {
              "id": "1번",
              "sex": "남성",
              "age": "20대"
            },
            "speechAct": "(단언) 진술하기",
            "morpheme": "난/NP+JX+엄마/NNG+가/JKS+강제/NNG+로/JKB+깨워서/VV+EC+이러/VV+고/EC+있/VX+다/EC"
          },
          {
            "id": 11,
            "text": "2 : 피곤도에 따라 깨는 시간이 달라져 키키 아 키키",
            "norm_text": "피곤도에 따라 깨는 시간이 달라져 키키 아 키키",
            "speaker": {
              "id": "2번",
              "sex": "여성",
              "age": "20대"
            },
            "speechAct": "(단언) 주장하기",
            "morpheme": "피곤/NNG+도/JX+에/JKB+따라/VV+EC+깨/VV+는/ETM+시간/NNG+이/JKS+달라져/VA+EC+VX+EC+키키/NNP+아키/NNP+키/NNG"
          },
          {
            "id": 12,
            "text": "2 : 강제로 깨워지는 거 진짜 별로야 키키",
            "norm_text": "강제로 깨워지는 거 진짜 별로야 키키",
            "speaker": {
              "id": "2번",
              "sex": "여성",
              "age": "20대"
            },
            "speechAct": "(단언) 주장하기",
            "morpheme": "강제/NNG+로/JKB+깨워지/VV+는/ETM+거/NNB+진짜/MAG+별로/MAG+야키/NNP+키/NNG"
          },
          {
            "id": 13,
            "text": "1 : 키키 아침 먹으라고 깨운다...",
            "norm_text": "키키 아침 먹으라고 깨운다...",
            "speaker": {
              "id": "1번",
              "sex": "남성",
              "age": "20대"
            },
            "speechAct": "(단언) 진술하기",
            "morpheme": "키/NNG+키/NNG+아침/NNG+먹/VV+으라고/EC+깨운다/VV+EF+./SY"
          },
          {
            "id": 14,
            "text": "2 : 키키 그럼 일어나야지 키키 억지로 깨는건 싫은데 밥은 먹어야해 키키",
            "norm_text": "키키 그럼 일어나야지 키키 억지로 깨는건 싫은데 밥은 먹어야해 키키",
            "speaker": {
              "id": "2번",
              "sex": "여성",
              "age": "20대"
            },
            "speechAct": "(단언) 주장하기",
            "morpheme": "키/NNG+키/XSV+ETN+그럼/MAJ+일어나/VV+야지/EC+키/NNG+키/NNG+억지로/MAG+깨/VV+는/ETM+건/NNB+JX+싫/VA+은데/EC+밥/NNG+은/JX+먹/VV+어야/EC+해/VV+EC+키/NNG+키/XSV+ETN"
          },
          {
            "id": 15,
            "text": "1 : 키키 그러니까 또 일 시키려고 밥 많이 맥인다",
            "norm_text": "키키 그러니까 또 일 시키려고 밥 많이 맥인다",
            "speaker": {
              "id": "1번",
              "sex": "남성",
              "age": "20대"
            },
            "speechAct": "(단언) 주장하기",
            "morpheme": "키/NNG+키/XSV+ETN+그러니까/MAJ+또/MAG+일/NNG+시키/XSV+려고/EC+밥/NNG+많이/MAG+맥/NNG+인다/VCP+EC"
          },
          {
            "id": 16,
            "text": "2 : 키키 오늘도 열일 예정?",
            "norm_text": "키키 오늘도 열일 예정?",
            "speaker": {
              "id": "2번",
              "sex": "여성",
              "age": "20대"
            },
            "speechAct": "(지시) 질문하기",
            "morpheme": "키/NNG+키/NNG+오늘/NNG+도/JX+열/NR+일/NNBC+예정/NNG"
          },
          {
            "id": 17,
            "text": "1 : 당근 내일 나가야 해서 지금 일이 많음 키키",
            "norm_text": "당근 내일 나가야 해서 지금 일이 많음 키키",
            "speaker": {
              "id": "1번",
              "sex": "남성",
              "age": "20대"
            },
            "speechAct": "(단언) 진술하기",
            "morpheme": "당근/MAG+내일/MAG+나가/VV+야/EC+해서/VV+EC+지금/MAG+일/NNG+이/JKS+많/VA+음/ETN+키/NNG+키/XSV+ETN"
          },
          {
            "id": 18,
            "text": "2 : 아 키키 여유 부릴 시간이 없네",
            "norm_text": "아 키키 여유 부릴 시간이 없네",
            "speaker": {
              "id": "2번",
              "sex": "여성",
              "age": "20대"
            },
            "speechAct": "(단언) 주장하기",
            "morpheme": "아키/NNP+키/NNG+여유/NNG+부릴/VV+ETM+시간/NNG+이/JKS+없/VA+네/EC"
          }
        ]
      }
    }
  ]
}