{
  "dataset": {
    "identifier": 68969,
    "name": "KAKAO_945_15_set",
    "src_path": "/data/file/cubeManager/PROJECT001/53/txt20211005162516026494/KAKAO_945_15_set/",
    "label_path": "/data/file/cubeManager/PROJECT001/53/txt20211005162516026494/KAKAO_945_15_set/",
    "category": 2,
    "type": 0
  },
  "licenses": {
    "name": "Apache License 1.0",
    "url": "http://www.apache.org/licenses/LICENSE-1.0"
  },
  "info": [
    {
      "id": 42312,
      "filename": "KAKAO_945_15.txt",
      "title": "KAKAO_945_15",
      "mediatype": "SNS",
      "medianame": "카카오톡",
      "category": "일상대화",
      "date": "2021-10-05",
      "size": 730,
      "annotations": {
        "subject": "타 국가 이슈",
        "speaker_type": "1:1",
        "size": 730,
        "word_size": 200,
        "text": "1 : 헐... 러시아 한 대학에서 총기 난사로 8명이 사망하고 24명이나 다쳤대...\n2 : 헐 키키 총기 허가가 진짜 무서워\n2 : 저런 뉴스 나올 때마다... 우리나라는 다행이야 키키\n1 : 그러니까... 너무 무섭다...\n1 : 용의자는 18살 학생이라네... 하하하...\n2 : 허... 우리나라 만약 총기 허가되면 많이들 죽어나갈 거 같아 키키\n1 : 응... 정말... 총기 소지가 금지된 나라라 너무 감사할 따름이다...\n2 : 그건 그래 키키 총기 너무 무섭다...\n2 : 저렇게 무차별 난사하면... 살아남는 게 용한 거 아냐?\n1 : 총격범이 정신질환을 앓고 있었는데, 총기 소지 허가를 받는 데는 문제가 없었대...\n2 : 참... 어이없네 이 나라나... 저 나라나... 법이 물이야 물...\n1 : 아휴... 무분별하게 다 허가해 주니까 이런 일이 발생하는 거라고 생각이 드네... ㅜㅜ\n2 : 그러니깐 총기류 소지가 왜 합헌이지? 그런 나라들은?\n1 : 근데... 러시아에서는 곰들 때문에 가정집에 총기가 항상 비치되어 있어야 할 것 같기도 하고...ㅜㅜ\n2 : 음... 미국은? 왜 합법이지 그럼? 키키\n1 : 미국은 글쎄... ㅜㅜ\n1 : 각 나라마다 사정이 있겠지 뭐. ㅜㅜ\n2 : 우리나라도 호랑이가 있는데 합법해야지 키키\n1 : 어? 호랑이... 난 본 적이 없는데... 키키\n1 : 여튼 8명 사망자들이 다 학생들일 텐데... ㅜㅜ 안타깝네 ㅜ\n2 : 그러니깐... 너무 무서워 저런 뉴스를 접하면 ㅜㅜ",
        "lines": [
          {
            "id": 1,
            "text": "1 : 헐... 러시아 한 대학에서 총기 난사로 8명이 사망하고 24명이나 다쳤대...",
            "norm_text": "헐... 러시아 한 대학에서 총기 난사로 8명이 사망하고 24명이나 다쳤대...",
            "speaker": {
              "id": "1번",
              "sex": "여성",
              "age": "30대"
            },
            "speechAct": "(단언) 진술하기",
            "morpheme": "헐/IC+./SY+./SY+러시아/NNP+한/MM+대학/NNG+에서/JKB+총기/NNG+난사/NNG+로/JKB+8/SN+명/NNBC+이/JKS+사망/NNG+하/XSV+고/EC+24/SN+명/NNBC+이나/JX+다쳤/VV+EP+대/EF+./SY"
          },
          {
            "id": 2,
            "text": "2 : 헐 키키 총기 허가가 진짜 무서워",
            "norm_text": "헐 키키 총기 허가가 진짜 무서워",
            "speaker": {
              "id": "2번",
              "sex": "남성",
              "age": "30대"
            },
            "speechAct": "(단언) 주장하기",
            "morpheme": "헐/IC+키/NNG+키/NNG+총기/NNG+허가/NNG+가/JKS+진짜/MAG+무서워/VA+EC"
          },
          {
            "id": 3,
            "text": "2 : 저런 뉴스 나올 때마다... 우리나라는 다행이야 키키",
            "norm_text": "저런 뉴스 나올 때마다... 우리나라는 다행이야 키키",
            "speaker": {
              "id": "2번",
              "sex": "남성",
              "age": "30대"
            },
            "speechAct": "(단언) 진술하기",
            "morpheme": "저런/MM+뉴스/NNG+나올/VV+ETM+때/NNG+마다/JX+./SY+우리/NP+나라/NNG+는/JX+다행/NNG+이/VCP+야/EC+키/NNG+키/XSV+ETN"
          },
          {
            "id": 4,
            "text": "1 : 그러니까... 너무 무섭다...",
            "norm_text": "그러니까... 너무 무섭다...",
            "speaker": {
              "id": "1번",
              "sex": "여성",
              "age": "30대"
            },
            "speechAct": "(단언) 진술하기",
            "morpheme": "그러니까/MAJ+./SY+너무/MAG+무섭/VA+다/EF+./SY"
          },
          {
            "id": 5,
            "text": "1 : 용의자는 18살 학생이라네... 하하하...",
            "norm_text": "용의자는 18살 학생이라네... 하하하...",
            "speaker": {
              "id": "1번",
              "sex": "여성",
              "age": "30대"
            },
            "speechAct": "(단언) 진술하기",
            "morpheme": "용의자/NNG+는/JX+18/SN+살/NNBC+학생/NNG+이/VCP+라네/EF+./SY+하하하/IC+./SY"
          },
          {
            "id": 6,
            "text": "2 : 허... 우리나라 만약 총기 허가되면 많이들 죽어나갈 거 같아 키키",
            "norm_text": "허... 우리나라 만약 총기 허가되면 많이들 죽어나갈 거 같아 키키",
            "speaker": {
              "id": "2번",
              "sex": "남성",
              "age": "30대"
            },
            "speechAct": "(단언) 주장하기",
            "morpheme": "허/IC+./SY+우리나라만약총기허가되면많이들죽어나갈거같아키키/UNKNOWN"
          },
          {
            "id": 7,
            "text": "1 : 응... 정말... 총기 소지가 금지된 나라라 너무 감사할 따름이다...",
            "norm_text": "응... 정말... 총기 소지가 금지된 나라라 너무 감사할 따름이다...",
            "speaker": {
              "id": "1번",
              "sex": "여성",
              "age": "30대"
            },
            "speechAct": "(단언) 진술하기",
            "morpheme": "응/IC+./SY+정말/MAG+./SY+총기/NNG+소지/NNG+가/JKS+금지/NNG+된/XSV+ETM+나라/NNG+라/VCP+EC+너무/MAG+감사/NNG+할/XSV+ETM+따름/NNB+이/VCP+다/EF+./SY"
          },
          {
            "id": 8,
            "text": "2 : 그건 그래 키키 총기 너무 무섭다...",
            "norm_text": "그건 그래 키키 총기 너무 무섭다...",
            "speaker": {
              "id": "2번",
              "sex": "남성",
              "age": "30대"
            },
            "speechAct": "(단언) 주장하기",
            "morpheme": "그건/NP+JX+그래/VA+EC+키/NNG+키/NNG+총기/NNG+너무/MAG+무섭/VA+다/EF+./SY"
          },
          {
            "id": 9,
            "text": "2 : 저렇게 무차별 난사하면... 살아남는 게 용한 거 아냐?",
            "norm_text": "저렇게 무차별 난사하면... 살아남는 게 용한 거 아냐?",
            "speaker": {
              "id": "2번",
              "sex": "남성",
              "age": "30대"
            },
            "speechAct": "(지시) 질문하기",
            "morpheme": "저렇게/MAG+무/XPN+차별/NNG+난사/NNG+하/XSV+면/EC+./SY+./SY+살아남/VV+는/ETM+게/NNB+JKS+용한/VA+ETM+거/NNB+아냐/VCN+EF"
          },
          {
            "id": 10,
            "text": "1 : 총격범이 정신질환을 앓고 있었는데, 총기 소지 허가를 받는 데는 문제가 없었대...",
            "norm_text": "총격범이 정신질환을 앓고 있었는데, 총기 소지 허가를 받는 데는 문제가 없었대...",
            "speaker": {
              "id": "1번",
              "sex": "여성",
              "age": "30대"
            },
            "speechAct": "(단언) 진술하기",
            "morpheme": "총격/NNG+범/NNG+이/JKS+정신/NNG+질환/NNG+을/JKO+앓/VV+고/EC+있/VX+었/EP+는데/EC+,/SC+총기/NNG+소지/NNG+허가/NNG+를/JKO+받/VV+는/ETM+데/NNB+는/JX+문제/NNG+가/JKS+없/VA+었/EP+대/EF+./SY"
          },
          {
            "id": 11,
            "text": "2 : 참... 어이없네 이 나라나... 저 나라나... 법이 물이야 물...",
            "norm_text": "참... 어이없네 이 나라나... 저 나라나... 법이 물이야 물...",
            "speaker": {
              "id": "2번",
              "sex": "남성",
              "age": "30대"
            },
            "speechAct": "(단언) 진술하기",
            "morpheme": "참/IC+./SY+어이없/VA+네/EF+이/NR+나라/NR+VCP+나/EF+./SY+저/MM+나라/NNG+나/JC+./SY+./SY+법/NNG+이/JKS+물/NNG+이/JKS+야물/VA+./SY"
          },
          {
            "id": 12,
            "text": "1 : 아휴... 무분별하게 다 허가해 주니까 이런 일이 발생하는 거라고 생각이 드네... ㅜㅜ",
            "norm_text": "아휴... 무분별하게 다 허가해 주니까 이런 일이 발생하는 거라고 생각이 드네... ㅜㅜ",
            "speaker": {
              "id": "1번",
              "sex": "여성",
              "age": "30대"
            },
            "speechAct": "(단언) 진술하기",
            "morpheme": "아휴/IC+./SY+./SY+무/XPN+분별/NNG+하/XSV+게/EC+다/MAG+허가/NNG+해/XSV+EC+주/VX+니까/EC+이런/MM+일/NNG+이/JKS+발생/NNG+하/XSV+는/ETM+거/NNB+라고/VCP+EC+생각/NNG+이/JKS+드/VV+네/EF+./SY+ㅜㅜ/UNKNOWN"
          },
          {
            "id": 13,
            "text": "2 : 그러니깐 총기류 소지가 왜 합헌이지? 그런 나라들은?",
            "norm_text": "그러니깐 총기류 소지가 왜 합헌이지? 그런 나라들은?",
            "speaker": {
              "id": "2번",
              "sex": "남성",
              "age": "30대"
            },
            "speechAct": "(단언) 주장하기",
            "morpheme": "그러니깐/MAJ+총기류/NNG+소지/NNG+가/JKS+왜/MAG+합헌/NNG+이/VCP+지/EF+그런/MM+나라/NNG+들/XSN+은/JX"
          },
          {
            "id": 14,
            "text": "1 : 근데... 러시아에서는 곰들 때문에 가정집에 총기가 항상 비치되어 있어야 할 것 같기도 하고...ㅜㅜ",
            "norm_text": "근데... 러시아에서는 곰들 때문에 가정집에 총기가 항상 비치되어 있어야 할 것 같기도 하고...ㅜㅜ",
            "speaker": {
              "id": "1번",
              "sex": "여성",
              "age": "30대"
            },
            "speechAct": "(단언) 주장하기",
            "morpheme": "근데/MAJ+./SY+./SY+러시아/NNP+에서/JKB+는/JX+곰/NNG+들/XSN+때문/NNB+에/JKB+가정집/NNG+에/JKB+총기/NNG+가/JKS+항상/MAG+비치/NNG+되/XSV+어/EC+있/VX+어야/EC+할/VX+ETM+것/NNB+같/VA+기/ETN+도/JX+하/VV+고/EC+./SY+./SY+ㅜㅜ/UNKNOWN"
          },
          {
            "id": 15,
            "text": "2 : 음... 미국은? 왜 합법이지 그럼? 키키",
            "norm_text": "음... 미국은? 왜 합법이지 그럼? 키키",
            "speaker": {
              "id": "2번",
              "sex": "남성",
              "age": "30대"
            },
            "speechAct": "(지시) 질문하기",
            "morpheme": "음/IC+./SY+./SY+미국/NNP+은/JX+왜/MAG+합법/NNG+이/VCP+지/EF+그럼/MAJ+키/NNG+키/XSV+ETN"
          },
          {
            "id": 16,
            "text": "1 : 미국은 글쎄... ㅜㅜ",
            "norm_text": "미국은 글쎄... ㅜㅜ",
            "speaker": {
              "id": "1번",
              "sex": "여성",
              "age": "30대"
            },
            "speechAct": "(단언) 진술하기",
            "morpheme": "미국/NNP+은/JX+글쎄/IC+./SY+ㅜㅜ/UNKNOWN"
          },
          {
            "id": 17,
            "text": "1 : 각 나라마다 사정이 있겠지 뭐. ㅜㅜ",
            "norm_text": "각 나라마다 사정이 있겠지 뭐. ㅜㅜ",
            "speaker": {
              "id": "1번",
              "sex": "여성",
              "age": "30대"
            },
            "speechAct": "(단언) 진술하기",
            "morpheme": "각/MM+나라/NNG+마다/JX+사정/NNG+이/JKS+있/VA+겠/EP+지/EF+뭐/IC+ㅜㅜ/UNKNOWN"
          },
          {
            "id": 18,
            "text": "2 : 우리나라도 호랑이가 있는데 합법해야지 키키",
            "norm_text": "우리나라도 호랑이가 있는데 합법해야지 키키",
            "speaker": {
              "id": "2번",
              "sex": "남성",
              "age": "30대"
            },
            "speechAct": "(단언) 주장하기",
            "morpheme": "우리/NP+나라/NNG+도/JX+호랑이/NNG+가/JKS+있/VA+는데/EC+합법/NNG+해야지/XSV+EC+키/NNG+키/XSV+ETN"
          },
          {
            "id": 19,
            "text": "1 : 어? 호랑이... 난 본 적이 없는데... 키키",
            "norm_text": "어? 호랑이... 난 본 적이 없는데... 키키",
            "speaker": {
              "id": "1번",
              "sex": "여성",
              "age": "30대"
            },
            "speechAct": "(단언) 진술하기",
            "morpheme": "어/IC+호랑이/NNG+./SY+./SY+난/NP+JX+본/VV+ETM+적/NNB+이/JKS+없/VA+는데/EC+./SY+./SY+키/NNG+키/XSV+ETN"
          },
          {
            "id": 20,
            "text": "1 : 여튼 8명 사망자들이 다 학생들일 텐데... ㅜㅜ 안타깝네 ㅜ",
            "norm_text": "여튼 8명 사망자들이 다 학생들일 텐데... ㅜㅜ 안타깝네 ㅜ",
            "speaker": {
              "id": "1번",
              "sex": "여성",
              "age": "30대"
            },
            "speechAct": "(단언) 주장하기",
            "morpheme": "여/NP+튼/VV+ETM+8/SN+명/NNBC+사망자/NNG+들/XSN+이/JKS+다/MAG+학생/NNG+들/XSN+일텐데/VCP+ETM+NNB+VCP+EF+./SY+ㅜㅜ안타깝네ㅜ/UNKNOWN"
          },
          {
            "id": 21,
            "text": "2 : 그러니깐... 너무 무서워 저런 뉴스를 접하면 ㅜㅜ",
            "norm_text": "그러니깐... 너무 무서워 저런 뉴스를 접하면 ㅜㅜ",
            "speaker": {
              "id": "2번",
              "sex": "남성",
              "age": "30대"
            },
            "speechAct": "(단언) 주장하기",
            "morpheme": "그러니깐/MAJ+./SY+너무무서워저런뉴스를접하면ㅜㅜ/UNKNOWN"
          }
        ]
      }
    }
  ]
}