{
  "dataset": {
    "identifier": 58533,
    "name": "KAKAO_994_13_set",
    "src_path": "/data/file/cubeManager/PROJECT001/53/txt202110071127540949110/KAKAO_994_13_set/",
    "label_path": "/data/file/cubeManager/PROJECT001/53/txt202110071127540949110/KAKAO_994_13_set/",
    "category": 2,
    "type": 0
  },
  "licenses": {
    "name": "Apache License 1.0",
    "url": "http://www.apache.org/licenses/LICENSE-1.0"
  },
  "info": [
    {
      "id": 47447,
      "filename": "KAKAO_994_13.txt",
      "title": "KAKAO_994_13",
      "mediatype": "SNS",
      "medianame": "카카오톡",
      "category": "일상대화",
      "date": "2021-10-07",
      "size": 771,
      "annotations": {
        "subject": "계절/날씨",
        "speaker_type": "다자간 대화",
        "size": 771,
        "word_size": 257,
        "text": "1 : 아니 거기 엄청 추워서 그냥 막 잠들면 죽어 키키\n2 : 그렇긴 하지... 히말라야에 겨울 느끼러 가고 싶긴 하네\n3 : 내가 봤을 때 지금 1층 내려가서 자도 추워 죽음\n1 : 와 오늘 드라이브하다가 추워서 죽을 뻔 날씨 급변\n2 : 창문 열어 놓고 바람 쌩쌩 들어오면 당연히 춥지 키키\n3 : 아니 창문을 닫으면 따듯해\n1 : 아니 난 그러면 안 졸릴 줄 알았찌...\n1 : 그냥 추워하면서 잠\n2 : 공기가 순환돼서 도움은 될 텐데 마농바게트가 너를 재운 거야\n3 : 선루프 있는 거 대여하지\n3 : 선루프 좋음\n1 : 마농바게트 너무 맛있잖아 정말...\n1 : 우리 마늘 농사에 대한 고마움을 느끼게 해주는 맛이었어.\n2 : 마늘 그거 중국산임 속지 마\n3 : 아 근데 이번 봄은 중국 황사 별로 안 온 듯?\n3 : 마스크 써서 모른 건가\n1 : 엥 그랬나? 근데 뭐 일생이 마스크니까 황사가 오든 말든\n2 : 그러게 요즘엔 미세먼지도 그렇게 심하지 않던데\n3 : 날씨는 더럽게 좋다, 놀러 가진 못하지만\n1 : 아 이런 날씨에 일만 하고 코로나 시국인 거 진짜 죄악이다\n2 : 날씨에 감사하면서 일상을 살아갈 수 있는 우리들 되자 하하\n3 : 인정 일하러 갈 때 나름 즐거움 ㅎ\n1 : 키키 갑자기 무한 긍정들이네 ^^\n1 : 난 날씨 좋은데 출근하는 거 화남\n2 : 비 오는 날 출근하는 것보단 나은 거 아니야?\n3 : 비 오는 날 출근하면 좋아\n3 : 손님이 별로 없거등\n1 : 비 오는 날은 출근하면 좋은데 출근길이 싫어\n2 : 그냥 출근길이 싫은 거구나 그건\n3 : 그런 듯 ㅎ 난 그래도 하늘 맑아서 좋아",
        "lines": [
          {
            "id": 1,
            "text": "1 : 아니 거기 엄청 추워서 그냥 막 잠들면 죽어 키키",
            "norm_text": "아니 거기 엄청 추워서 그냥 막 잠들면 죽어 키키",
            "speaker": {
              "id": "1번",
              "sex": "여성",
              "age": "20대"
            },
            "speechAct": "(단언) 주장하기",
            "morpheme": "아니/IC+거기/NP+엄청/MAG+추워서/VA+EC+그냥/MAG+막잠/NNG+들/VV+면/EC+죽/VV+어/EC+키/NNG+키/XSV+ETN"
          },
          {
            "id": 2,
            "text": "2 : 그렇긴 하지... 히말라야에 겨울 느끼러 가고 싶긴 하네",
            "norm_text": "그렇긴 하지... 히말라야에 겨울 느끼러 가고 싶긴 하네",
            "speaker": {
              "id": "2번",
              "sex": "남성",
              "age": "20대"
            },
            "speechAct": "(단언) 주장하기",
            "morpheme": "그렇/VA+긴/ETN+JX+하/VX+지/EF+./SY+./SY+히말라야/NNP+에/JKB+겨울/NNG+느끼/VV+러/EC+가/VX+고/EC+싶/VX+긴/ETN+JX+하/VX+네/EC"
          },
          {
            "id": 3,
            "text": "3 : 내가 봤을 때 지금 1층 내려가서 자도 추워 죽음",
            "norm_text": "내가 봤을 때 지금 1층 내려가서 자도 추워 죽음",
            "speaker": {
              "id": "3번",
              "sex": "남성",
              "age": "20대"
            },
            "speechAct": "(단언) 주장하기",
            "morpheme": "내/NP+가/JKS+봤/VV+EP+을/ETM+때/NNG+지금/MAG+1/SN+층/NNG+내려가/VV+EC+서자/NNG+도/JX+추워/VA+EC+죽음/NNG"
          },
          {
            "id": 4,
            "text": "1 : 와 오늘 드라이브하다가 추워서 죽을 뻔 날씨 급변",
            "norm_text": "와 오늘 드라이브하다가 추워서 죽을 뻔 날씨 급변",
            "speaker": {
              "id": "1번",
              "sex": "여성",
              "age": "20대"
            },
            "speechAct": "(단언) 주장하기",
            "morpheme": "와/IC+오늘/MAG+드라이브/NNG+하/XSV+다가/EC+추워서/VA+EC+죽/VV+을/ETM+뻔/NNB+날씨/NNG+급변/NNG"
          },
          {
            "id": 5,
            "text": "2 : 창문 열어 놓고 바람 쌩쌩 들어오면 당연히 춥지 키키",
            "norm_text": "창문 열어 놓고 바람 쌩쌩 들어오면 당연히 춥지 키키",
            "speaker": {
              "id": "2번",
              "sex": "남성",
              "age": "20대"
            },
            "speechAct": "(단언) 주장하기",
            "morpheme": "창문/NNG+열/VV+어/EC+놓/VX+고/EC+바람/NNG+쌩쌩/MAG+들어오/VV+면/EC+당연히/MAG+춥/VA+지/EC+키/NNG+키/XSV+ETN"
          },
          {
            "id": 6,
            "text": "3 : 아니 창문을 닫으면 따듯해",
            "norm_text": "아니 창문을 닫으면 따듯해",
            "speaker": {
              "id": "3번",
              "sex": "남성",
              "age": "20대"
            },
            "speechAct": "(단언) 주장하기",
            "morpheme": "아니/IC+창문/NNG+을/JKO+닫/VV+으면/EC+따듯/XR+해/XSA+EC"
          },
          {
            "id": 7,
            "text": "1 : 아니 난 그러면 안 졸릴 줄 알았찌...",
            "norm_text": "아니 난 그러면 안 졸릴 줄 알았찌...",
            "speaker": {
              "id": "1번",
              "sex": "여성",
              "age": "20대"
            },
            "speechAct": "(단언) 주장하기",
            "morpheme": "아니/IC+난/NP+JX+그러면/MAJ+안/MAG+졸릴/VV+ETM+줄/NNB+알/VV+았/EP+찌/MAG+./SY"
          },
          {
            "id": 8,
            "text": "1 : 그냥 추워하면서 잠",
            "norm_text": "그냥 추워하면서 잠",
            "speaker": {
              "id": "1번",
              "sex": "여성",
              "age": "20대"
            },
            "speechAct": "(단언) 진술하기",
            "morpheme": "그냥/MAG+추워/VA+EC+하/VV+면서/EC+잠/NNG"
          },
          {
            "id": 9,
            "text": "2 : 공기가 순환돼서 도움은 될 텐데 마농바게트가 너를 재운 거야",
            "norm_text": "공기가 순환돼서 도움은 될 텐데 마농바게트가 너를 재운 거야",
            "speaker": {
              "id": "2번",
              "sex": "남성",
              "age": "20대"
            },
            "speechAct": "(단언) 주장하기",
            "morpheme": "공기/NNG+가/JKS+순환/NNG+돼서/XSV+EC+도움/NNG+은/JX+될/VV+ETM+텐데/NNB+VCP+EC+마농/NNG+바게트/NNG+가/JKS+너/NP+를/JKO+재운/VV+ETM+거/NNB+야/VCP+EF"
          },
          {
            "id": 10,
            "text": "3 : 선루프 있는 거 대여하지",
            "norm_text": "선루프 있는 거 대여하지",
            "speaker": {
              "id": "3번",
              "sex": "남성",
              "age": "20대"
            },
            "speechAct": "(단언) 주장하기",
            "morpheme": "선루프/NNG+있/VA+는/ETM+거/NNB+대여/NNG+하/XSV+지/EC"
          },
          {
            "id": 11,
            "text": "3 : 선루프 좋음",
            "norm_text": "선루프 좋음",
            "speaker": {
              "id": "3번",
              "sex": "남성",
              "age": "20대"
            },
            "speechAct": "(단언) 주장하기",
            "morpheme": "선루프/NNG+좋/VA+음/ETN"
          },
          {
            "id": 12,
            "text": "1 : 마농바게트 너무 맛있잖아 정말...",
            "norm_text": "마농바게트 너무 맛있잖아 정말...",
            "speaker": {
              "id": "1번",
              "sex": "여성",
              "age": "20대"
            },
            "speechAct": "(단언) 주장하기",
            "morpheme": "마농/NNG+바게트/NNG+너무/MAG+맛있/VA+잖아/EF+정말/MAG+./SY"
          },
          {
            "id": 13,
            "text": "1 : 우리 마늘 농사에 대한 고마움을 느끼게 해주는 맛이었어.",
            "norm_text": "우리 마늘 농사에 대한 고마움을 느끼게 해주는 맛이었어.",
            "speaker": {
              "id": "1번",
              "sex": "여성",
              "age": "20대"
            },
            "speechAct": "(단언) 주장하기",
            "morpheme": "우리/NP+마늘/NNG+농사/NNG+에/JKB+대한/VV+ETM+고마움/NNG+을/JKO+느끼/VV+게/EC+해/VV+EC+주/VX+는/ETM+맛/NNG+이/VCP+었/EP+어/EF"
          },
          {
            "id": 14,
            "text": "2 : 마늘 그거 중국산임 속지 마",
            "norm_text": "마늘 그거 중국산임 속지 마",
            "speaker": {
              "id": "2번",
              "sex": "남성",
              "age": "20대"
            },
            "speechAct": "(단언) 주장하기",
            "morpheme": "마늘/NNG+그거/NP+중국/NNP+산/XSN+임/VCP+ETN+속/NNG+지마/NNG"
          },
          {
            "id": 15,
            "text": "3 : 아 근데 이번 봄은 중국 황사 별로 안 온 듯?",
            "norm_text": "아 근데 이번 봄은 중국 황사 별로 안 온 듯?",
            "speaker": {
              "id": "3번",
              "sex": "남성",
              "age": "20대"
            },
            "speechAct": "(단언) 주장하기",
            "morpheme": "아/IC+근데/MAJ+이번/NNG+봄/NNG+은/JX+중국/NNP+황사/NNG+별로/MAG+안/MAG+온/VV+ETM+듯/NNB"
          },
          {
            "id": 16,
            "text": "3 : 마스크 써서 모른 건가",
            "norm_text": "마스크 써서 모른 건가",
            "speaker": {
              "id": "3번",
              "sex": "남성",
              "age": "20대"
            },
            "speechAct": "(단언) 주장하기",
            "morpheme": "마스크/NNG+써서/VV+EC+모른/VV+ETM+건가/NNB+VCP+EC"
          },
          {
            "id": 17,
            "text": "1 : 엥 그랬나? 근데 뭐 일생이 마스크니까 황사가 오든 말든",
            "norm_text": "엥 그랬나? 근데 뭐 일생이 마스크니까 황사가 오든 말든",
            "speaker": {
              "id": "1번",
              "sex": "여성",
              "age": "20대"
            },
            "speechAct": "(단언) 주장하기",
            "morpheme": "엥/IC+그랬/VV+EP+나/EF+근데/MAJ+뭐/IC+일생/NNG+이/JKS+마스크/NNG+니까/VCP+EC+황사/NNG+가/JKS+오/VV+든/EC+말/VX+든/EC"
          },
          {
            "id": 18,
            "text": "2 : 그러게 요즘엔 미세먼지도 그렇게 심하지 않던데",
            "norm_text": "그러게 요즘엔 미세먼지도 그렇게 심하지 않던데",
            "speaker": {
              "id": "2번",
              "sex": "남성",
              "age": "20대"
            },
            "speechAct": "(단언) 주장하기",
            "morpheme": "그러/VV+게/EC+요즘/NNG+엔/JKB+JX+미세먼지/NNP+도/JX+그렇게/MAG+심하/VA+지/EC+않/VX+던데/EC"
          },
          {
            "id": 19,
            "text": "3 : 날씨는 더럽게 좋다, 놀러 가진 못하지만",
            "norm_text": "날씨는 더럽게 좋다, 놀러 가진 못하지만",
            "speaker": {
              "id": "3번",
              "sex": "남성",
              "age": "20대"
            },
            "speechAct": "(단언) 주장하기",
            "morpheme": "날씨/NNG+는/JX+더럽/VA+게/EC+좋/VA+다/EF+,/SC+놀/VV+러/EC+가진/VV+ETM+못하/VX+지만/EC"
          },
          {
            "id": 20,
            "text": "1 : 아 이런 날씨에 일만 하고 코로나 시국인 거 진짜 죄악이다",
            "norm_text": "아 이런 날씨에 일만 하고 코로나 시국인 거 진짜 죄악이다",
            "speaker": {
              "id": "1번",
              "sex": "여성",
              "age": "20대"
            },
            "speechAct": "(단언) 주장하기",
            "morpheme": "아/IC+이런/MM+날씨/NNG+에/JKB+일/NNG+만/JX+하/VV+고/EC+코로나/NNG+시국/NNG+인/VCP+ETM+거/NNB+진짜/MAG+죄악/NNG+이/VCP+다/EC"
          },
          {
            "id": 21,
            "text": "2 : 날씨에 감사하면서 일상을 살아갈 수 있는 우리들 되자 하하",
            "norm_text": "날씨에 감사하면서 일상을 살아갈 수 있는 우리들 되자 하하",
            "speaker": {
              "id": "2번",
              "sex": "남성",
              "age": "20대"
            },
            "speechAct": "(지시) 충고/제안하기",
            "morpheme": "날씨/NNG+에/JKB+감사/NNG+하/XSV+면서/EC+일상/NNG+을/JKO+살아갈/VV+ETM+수/NNB+있/VV+는/ETM+우리/NP+들/XSN+되/VV+자/EC+하하/MAG"
          },
          {
            "id": 22,
            "text": "3 : 인정 일하러 갈 때 나름 즐거움 ㅎ",
            "norm_text": "인정 일하러 갈 때 나름 즐거움 ㅎ",
            "speaker": {
              "id": "3번",
              "sex": "남성",
              "age": "20대"
            },
            "speechAct": "(단언) 주장하기",
            "morpheme": "인정/NNG+일/NNG+하/XSV+러/EC+갈/VX+ETM+때/NNG+나름/NNB+즐거움/NNG+ㅎ/XSA"
          },
          {
            "id": 23,
            "text": "1 : 키키 갑자기 무한 긍정들이네 ^^",
            "norm_text": "키키 갑자기 무한 긍정들이네 ^^",
            "speaker": {
              "id": "1번",
              "sex": "여성",
              "age": "20대"
            },
            "speechAct": "(단언) 주장하기",
            "morpheme": "키/NNG+키/NNG+갑자기/MAG+무한/NNG+긍정/NNG+들/XSN+이/JKS+네/IC+^/SY+^/SY"
          },
          {
            "id": 24,
            "text": "1 : 난 날씨 좋은데 출근하는 거 화남",
            "norm_text": "난 날씨 좋은데 출근하는 거 화남",
            "speaker": {
              "id": "1번",
              "sex": "여성",
              "age": "20대"
            },
            "speechAct": "(단언) 주장하기",
            "morpheme": "난/NP+JX+날씨/NNG+좋/VA+은데/EC+출근/NNG+하/XSV+는/ETM+거/NNB+화남/NNG"
          },
          {
            "id": 25,
            "text": "2 : 비 오는 날 출근하는 것보단 나은 거 아니야?",
            "norm_text": "비 오는 날 출근하는 것보단 나은 거 아니야?",
            "speaker": {
              "id": "2번",
              "sex": "남성",
              "age": "20대"
            },
            "speechAct": "(지시) 질문하기",
            "morpheme": "비오/NNG+는/JX+날/NNG+출근/NNG+하/XSV+는/ETM+것/NNB+보단/JKB+JX+나/VA+은/ETM+거/NNB+아니/VCN+야/EF"
          },
          {
            "id": 26,
            "text": "3 : 비 오는 날 출근하면 좋아",
            "norm_text": "비 오는 날 출근하면 좋아",
            "speaker": {
              "id": "3번",
              "sex": "남성",
              "age": "20대"
            },
            "speechAct": "(단언) 주장하기",
            "morpheme": "비오/NNG+는/JX+날/NNG+출근/NNG+하/XSV+면/EC+좋/VA+아/EC"
          },
          {
            "id": 27,
            "text": "3 : 손님이 별로 없거등",
            "norm_text": "손님이 별로 없거등",
            "speaker": {
              "id": "3번",
              "sex": "남성",
              "age": "20대"
            },
            "speechAct": "(단언) 진술하기",
            "morpheme": "손/NNG+님/XSN+이/JKS+별로/MAG+없/VA+거등/EF"
          },
          {
            "id": 28,
            "text": "1 : 비 오는 날은 출근하면 좋은데 출근길이 싫어",
            "norm_text": "비 오는 날은 출근하면 좋은데 출근길이 싫어",
            "speaker": {
              "id": "1번",
              "sex": "여성",
              "age": "20대"
            },
            "speechAct": "(단언) 주장하기",
            "morpheme": "비오/NNG+는/JX+날/NNG+은/JX+출근/NNG+하/XSV+면/EC+좋/VA+은데/EC+출근길/NNG+이/JKS+싫/VA+어/EC"
          },
          {
            "id": 29,
            "text": "2 : 그냥 출근길이 싫은 거구나 그건",
            "norm_text": "그냥 출근길이 싫은 거구나 그건",
            "speaker": {
              "id": "2번",
              "sex": "남성",
              "age": "20대"
            },
            "speechAct": "(단언) 주장하기",
            "morpheme": "그냥/MAG+출근길/NNG+이/JKS+싫/VA+은/ETM+거/NNB+구나/VCP+EF+그건/NP+JX"
          },
          {
            "id": 30,
            "text": "3 : 그런 듯 ㅎ 난 그래도 하늘 맑아서 좋아",
            "norm_text": "그런 듯 ㅎ 난 그래도 하늘 맑아서 좋아",
            "speaker": {
              "id": "3번",
              "sex": "남성",
              "age": "20대"
            },
            "speechAct": "(단언) 주장하기",
            "morpheme": "그런/MM+듯/NNB+ㅎ/XSA+난/EC+그래도/VV+EC+하늘/NNG+맑/VA+아서/EC+좋/VA+아/EC"
          }
        ]
      }
    }
  ]
}