{
  "dataset": {
    "identifier": 50870,
    "name": "KAKAO_979_12_set",
    "src_path": "/data/file/cubeManager/PROJECT001/53/txt20211006134426034695/KAKAO_979_12_set/",
    "label_path": "/data/file/cubeManager/PROJECT001/53/txt20211006134426034695/KAKAO_979_12_set/",
    "category": 2,
    "type": 0
  },
  "licenses": {
    "name": "Apache License 1.0",
    "url": "http://www.apache.org/licenses/LICENSE-1.0"
  },
  "info": [
    {
      "id": 43052,
      "filename": "KAKAO_979_12.txt",
      "title": "KAKAO_979_12",
      "mediatype": "SNS",
      "medianame": "카카오톡",
      "category": "일상대화",
      "date": "2021-10-06",
      "size": 461,
      "annotations": {
        "subject": "여행",
        "speaker_type": "1:1",
        "size": 461,
        "word_size": 151,
        "text": "1 : 야 너 여행 많이 다니지?\n1 : 가족여행 어디로 갈까?\n2 : 나 여행 좋아하지 키키\n2 : 가족여행은 잘 모르겠네\n1 : 하... 부모님 모시고 가려니까 너무 어렵다\n2 : 그치? 나도 예전에 고민하다가 결국 패키지로 갔어\n1 : 진짜? 나도 그냥 패키지로 갈까 ㅠㅠ\n2 : 요즘 패키지 괜찮아 키키 막 강요하고 그런 거 없어\n1 : 아 진짜? 근데 그게 패키지도 비싼 걸 가면 안 그런다더라\n2 : 아 그건 맞아 키키 싼 패키지 가면 거의 방치한대\n1 : ㅠㅠ 그럼 좀 비싼 패키지로 알아봐야 되겠다\n2 : 응응 키키 나는 노랑풍선에서 갔었어\n1 : 그래? 왜 하필 노랑풍선이야?\n1 : 여행사 많잖아\n2 : 그때 특급호텔 특가 행사? 그런 거 했었어\n1 : 오 특급호텔? 우리 엄마도 숙소에 되게 예민한데\n2 : 키키 그럼 숙소 위주로 한번 찾아봐\n1 : 넌 여행 정보 어디서 얻는 거야?\n2 : 나는 친구들이 다 여행을 좋아해서 정보가 많아",
        "lines": [
          {
            "id": 1,
            "text": "1 : 야 너 여행 많이 다니지?",
            "norm_text": "야 너 여행 많이 다니지?",
            "speaker": {
              "id": "1번",
              "sex": "여성",
              "age": "20대"
            },
            "speechAct": "(지시) 질문하기",
            "morpheme": "야/IC+너/NP+여행/NNG+많이/MAG+다니/VV+지/EF"
          },
          {
            "id": 2,
            "text": "1 : 가족여행 어디로 갈까?",
            "norm_text": "가족여행 어디로 갈까?",
            "speaker": {
              "id": "1번",
              "sex": "여성",
              "age": "20대"
            },
            "speechAct": "(지시) 질문하기",
            "morpheme": "가족/NNG+여행/NNG+어디/NP+로/JKB+갈까/VV+EF"
          },
          {
            "id": 3,
            "text": "2 : 나 여행 좋아하지 키키",
            "norm_text": "나 여행 좋아하지 키키",
            "speaker": {
              "id": "2번",
              "sex": "여성",
              "age": "20대"
            },
            "speechAct": "(단언) 진술하기",
            "morpheme": "나/NP+여행/NNG+좋/VA+아/EC+하/VV+지/EC+키/NNG+키/XSV+ETN"
          },
          {
            "id": 4,
            "text": "2 : 가족여행은 잘 모르겠네",
            "norm_text": "가족여행은 잘 모르겠네",
            "speaker": {
              "id": "2번",
              "sex": "여성",
              "age": "20대"
            },
            "speechAct": "(단언) 진술하기",
            "morpheme": "가족/NNG+여행/NNG+은/JX+잘/MAG+모르/VV+겠/EP+네/EF"
          },
          {
            "id": 5,
            "text": "1 : 하... 부모님 모시고 가려니까 너무 어렵다",
            "norm_text": "하... 부모님 모시고 가려니까 너무 어렵다",
            "speaker": {
              "id": "1번",
              "sex": "여성",
              "age": "20대"
            },
            "speechAct": "(단언) 주장하기",
            "morpheme": "하/IC+./SY+부모/NNG+님/XSN+모시/VV+고/EC+가/VX+려니까/EC+너무/MAG+어렵/VA+다/EC"
          },
          {
            "id": 6,
            "text": "2 : 그치? 나도 예전에 고민하다가 결국 패키지로 갔어",
            "norm_text": "그치? 나도 예전에 고민하다가 결국 패키지로 갔어",
            "speaker": {
              "id": "2번",
              "sex": "여성",
              "age": "20대"
            },
            "speechAct": "(단언) 진술하기",
            "morpheme": "그치/IC+나/NP+도/JX+예전/NNG+에/JKB+고민/NNG+하/XSV+다가/EC+결국/NNG+패키지/NNG+로/JKB+갔/VV+EP+어/EC"
          },
          {
            "id": 7,
            "text": "1 : 진짜? 나도 그냥 패키지로 갈까 ㅠㅠ",
            "norm_text": "진짜? 나도 그냥 패키지로 갈까 ㅠㅠ",
            "speaker": {
              "id": "1번",
              "sex": "여성",
              "age": "20대"
            },
            "speechAct": "(지시) 질문하기",
            "morpheme": "진짜/MAG+나/NP+도/JX+그냥/MAG+패키지/NNG+로/JKB+갈까/VV+EC+ㅠㅠ/UNKNOWN"
          },
          {
            "id": 8,
            "text": "2 : 요즘 패키지 괜찮아 키키 막 강요하고 그런 거 없어",
            "norm_text": "요즘 패키지 괜찮아 키키 막 강요하고 그런 거 없어",
            "speaker": {
              "id": "2번",
              "sex": "여성",
              "age": "20대"
            },
            "speechAct": "(단언) 진술하기",
            "morpheme": "요즘/NNG+패키지/NNG+괜찮/VA+아/EC+키/NNG+키/XSV+ETN+막/MAJ+강요/NNG+하/XSV+고/EC+그런/MM+거/NNB+없/VA+어/EC"
          },
          {
            "id": 9,
            "text": "1 : 아 진짜? 근데 그게 패키지도 비싼 걸 가면 안 그런다더라",
            "norm_text": "아 진짜? 근데 그게 패키지도 비싼 걸 가면 안 그런다더라",
            "speaker": {
              "id": "1번",
              "sex": "여성",
              "age": "20대"
            },
            "speechAct": "(단언) 진술하기",
            "morpheme": "아/IC+진짜/MAG+근데/MAJ+그게/NP+JKS+패키지/NNG+도/JX+비싼/VA+ETM+걸/NNB+JKO+가/VV+면/EC+안/MAG+그런다더라/VV+EF"
          },
          {
            "id": 10,
            "text": "2 : 아 그건 맞아 키키 싼 패키지 가면 거의 방치한대",
            "norm_text": "아 그건 맞아 키키 싼 패키지 가면 거의 방치한대",
            "speaker": {
              "id": "2번",
              "sex": "여성",
              "age": "20대"
            },
            "speechAct": "(단언) 진술하기",
            "morpheme": "아/IC+그건/NP+JX+맞/VV+아/EC+키/NNG+키/XSV+ETN+싼/VA+ETM+패키지/NNG+가/VV+면/EC+거의/MAG+방치/NNG+한대/NNG"
          },
          {
            "id": 11,
            "text": "1 : ㅠㅠ 그럼 좀 비싼 패키지로 알아봐야 되겠다",
            "norm_text": "ㅠㅠ 그럼 좀 비싼 패키지로 알아봐야 되겠다",
            "speaker": {
              "id": "1번",
              "sex": "여성",
              "age": "20대"
            },
            "speechAct": "(단언) 진술하기",
            "morpheme": "ㅠㅠ/UNKNOWN+그럼/MAJ+좀/MAG+비싼/VA+ETM+패키지/NNG+로/JKB+알/VV+아/EC+봐야/VX+EC+되/VV+겠/EP+다/EC"
          },
          {
            "id": 12,
            "text": "2 : 응응 키키 나는 노랑풍선에서 갔었어",
            "norm_text": "응응 키키 나는 노랑풍선에서 갔었어",
            "speaker": {
              "id": "2번",
              "sex": "여성",
              "age": "20대"
            },
            "speechAct": "(단언) 진술하기",
            "morpheme": "응/IC+응/IC+키/NNG+키나/XSA+ETN+JX+는/JX+노랑/NNG+풍선/NNG+에서/JKB+갔었/VV+EP+어/EC"
          },
          {
            "id": 13,
            "text": "1 : 그래? 왜 하필 노랑풍선이야?",
            "norm_text": "그래? 왜 하필 노랑풍선이야?",
            "speaker": {
              "id": "1번",
              "sex": "여성",
              "age": "20대"
            },
            "speechAct": "(지시) 질문하기",
            "morpheme": "그래/IC+왜/MAG+하필/MAG+노랑/NNG+풍선/NNG+이/VCP+야/EF"
          },
          {
            "id": 14,
            "text": "1 : 여행사 많잖아",
            "norm_text": "여행사 많잖아",
            "speaker": {
              "id": "1번",
              "sex": "여성",
              "age": "20대"
            },
            "speechAct": "(단언) 진술하기",
            "morpheme": "여행사/NNG+많/VA+잖아/EC"
          },
          {
            "id": 15,
            "text": "2 : 그때 특급호텔 특가 행사? 그런 거 했었어",
            "norm_text": "그때 특급호텔 특가 행사? 그런 거 했었어",
            "speaker": {
              "id": "2번",
              "sex": "여성",
              "age": "20대"
            },
            "speechAct": "(단언) 진술하기",
            "morpheme": "그때/NNG+특급/NNG+호텔/NNG+특가/NNG+행사/NNG+그런/MM+거/NNB+했었/VV+EP+어/EC"
          },
          {
            "id": 16,
            "text": "1 : 오 특급호텔? 우리 엄마도 숙소에 되게 예민한데",
            "norm_text": "오 특급호텔? 우리 엄마도 숙소에 되게 예민한데",
            "speaker": {
              "id": "1번",
              "sex": "여성",
              "age": "20대"
            },
            "speechAct": "(단언) 진술하기",
            "morpheme": "오/NR+특급/NNG+호텔/NNG+우리/NP+엄마/NNG+도/JX+숙소/NNG+에/JKB+되게/MAG+예민/XR+한데/XSA+EC"
          },
          {
            "id": 17,
            "text": "2 : 키키 그럼 숙소 위주로 한번 찾아봐",
            "norm_text": "키키 그럼 숙소 위주로 한번 찾아봐",
            "speaker": {
              "id": "2번",
              "sex": "여성",
              "age": "20대"
            },
            "speechAct": "(지시) 충고/제안하기",
            "morpheme": "키/NNG+키/XSV+ETN+그럼/MAJ+숙소/NNG+위주/NNG+로/JKB+한번/MAG+찾아봐/VV+EC"
          },
          {
            "id": 18,
            "text": "1 : 넌 여행 정보 어디서 얻는 거야?",
            "norm_text": "넌 여행 정보 어디서 얻는 거야?",
            "speaker": {
              "id": "1번",
              "sex": "여성",
              "age": "20대"
            },
            "speechAct": "(지시) 질문하기",
            "morpheme": "넌/NP+JX+여행/NNG+정보/NNG+어디/NP+서/JKB+얻/VV+는/ETM+거/NNB+야/VCP+EF"
          },
          {
            "id": 19,
            "text": "2 : 나는 친구들이 다 여행을 좋아해서 정보가 많아",
            "norm_text": "나는 친구들이 다 여행을 좋아해서 정보가 많아",
            "speaker": {
              "id": "2번",
              "sex": "여성",
              "age": "20대"
            },
            "speechAct": "(단언) 진술하기",
            "morpheme": "나/NP+는/JX+친구/NNG+들/XSN+이/JKS+다/MAG+여행/NNG+을/JKO+좋/VA+아/EC+해서/VV+EC+정보/NNG+가/JKS+많/VA+아/EC"
          }
        ]
      }
    }
  ]
}