{
  "dataset": {
    "identifier": 67923,
    "name": "KAKAO_970_04_set",
    "src_path": "/data/file/cubeManager/PROJECT001/53/txt20211005163235026968/KAKAO_970_04_set/",
    "label_path": "/data/file/cubeManager/PROJECT001/53/txt20211005163235026968/KAKAO_970_04_set/",
    "category": 2,
    "type": 0
  },
  "licenses": {
    "name": "Apache License 1.0",
    "url": "http://www.apache.org/licenses/LICENSE-1.0"
  },
  "info": [
    {
      "id": 42542,
      "filename": "KAKAO_970_04.txt",
      "title": "KAKAO_970_04",
      "mediatype": "SNS",
      "medianame": "카카오톡",
      "category": "일상대화",
      "date": "2021-10-05",
      "size": 688,
      "annotations": {
        "subject": "회사/아르바이트",
        "speaker_type": "1:1",
        "size": 688,
        "word_size": 213,
        "text": "1 : 아 맞네 키키 거리두기단계 시행 중이지 키키\n1 : 우리 매장에 손님들 하도 5인 이상씩 붙어오길래 착각함\n2 : 야 그거 다 신고해야 해 너가 신고하셈\n1 : 그냥 안 받지 키키 근데 겁나 당당해\n2 : 양심 없는 사람들 개많아\n2 : 우리도 보호자 면회금지인데 우르르 몰려와;\n1 : 진짜 오바임 키키 그래 백 번 양보해서 너네는 보호자로서 보고 싶으니까 가는 거라 하고 나 일하는 곳은 ㅠ 오바임 진짜\n2 : 놀고 싶어서 어휴 다들 맞아야지 정신 차리지\n1 : 그니까 키키 진짜 요즘 일하느라 정신이 없어서 그런가 코로나 종식된 거 나만 모르는 듯\n2 : 인정 이제 마스크 벗고 다녀도 될 듯 ^^\n1 : 키키 우리가 사실 오바 떠는 거 아니냐 ㅠ 사람들 마스크도 겁나 벗던디 키키\n2 : 그건 그러더라 다들 벗고 다니던데 우리도 내일부터 벗고 댕기자\n1 : 키키 진짜 나는 너무 출근하기 싫다니까?\n1 : 사람 그렇게 바글거리고 그렇게 마스크 벗고 다니는데 심지어 확진자도 몇 번을 왔다 가고... 바이러스 지옥임\n2 : 우리 병동도 확진자 받은 적 있다 마스크 쓰고 숨 못 쉬고 죽을 뻔\n1 : 헐 진짜? 우리 매장에 왔던 확진자들은 겉으로 확진자인지 전혀 모르겠던데...\n2 : 우리는 환자 받을 때 알지 n95쓰잖아 ㄹㅇ 호흡곤란 놔\n1 : 아 진짜 이런 시국 병원근무 엄청 힘들겠다...\n2 : 토악질 나와 밀접접촉자 입원하는 날은 지옥이야",
        "lines": [
          {
            "id": 1,
            "text": "1 : 아 맞네 키키 거리두기단계 시행 중이지 키키",
            "norm_text": "아 맞네 키키 거리두기단계 시행 중이지 키키",
            "speaker": {
              "id": "1번",
              "sex": "여성",
              "age": "20대"
            },
            "speechAct": "(단언) 진술하기",
            "morpheme": "아/IC+맞/VV+네/EF+키/MAG+키/VV+거리/EC+두/VX+기/ETN+단계/NNG+시행/NNG+중/NNB+이/VCP+지/EC+키/NNG+키/XSV+ETN"
          },
          {
            "id": 2,
            "text": "1 : 우리 매장에 손님들 하도 5인 이상씩 붙어오길래 착각함",
            "norm_text": "우리 매장에 손님들 하도 5인 이상씩 붙어오길래 착각함",
            "speaker": {
              "id": "1번",
              "sex": "여성",
              "age": "20대"
            },
            "speechAct": "(단언) 진술하기",
            "morpheme": "우리/NP+매장/NNG+에/JKB+손님/NNG+들/XSN+하도/MAG+5/SN+인/NNG+이상/NNG+씩/XSN+붙/VV+어/EC+오/VV+길래/EC+착각/NNG+함/XSV+ETN"
          },
          {
            "id": 3,
            "text": "2 : 야 그거 다 신고해야 해 너가 신고하셈",
            "norm_text": "야 그거 다 신고해야 해 너가 신고하셈",
            "speaker": {
              "id": "2번",
              "sex": "여성",
              "age": "20대"
            },
            "speechAct": "(지시) 충고/제안하기",
            "morpheme": "야/IC+그거/NP+다/JX+신고/NNG+해야/XSV+EC+해/VV+EC+너/NP+가/JKS+신고/NNG+하/XSV+셈/NNB"
          },
          {
            "id": 4,
            "text": "1 : 그냥 안 받지 키키 근데 겁나 당당해",
            "norm_text": "그냥 안 받지 키키 근데 겁나 당당해",
            "speaker": {
              "id": "1번",
              "sex": "여성",
              "age": "20대"
            },
            "speechAct": "(단언) 진술하기",
            "morpheme": "그냥/MAG+안/MAG+받/VV+지/EC+키/NNG+키/XSV+ETN+근데/MAJ+겁나/MAG+당당/MAG+해/VV+EC"
          },
          {
            "id": 5,
            "text": "2 : 양심 없는 사람들 개많아",
            "norm_text": "양심 없는 사람들 개많아",
            "speaker": {
              "id": "2번",
              "sex": "여성",
              "age": "20대"
            },
            "speechAct": "(단언) 주장하기",
            "morpheme": "양심/NNG+없/VA+는/ETM+사람/NNG+들개/NNG+많/VA+아/EC"
          },
          {
            "id": 6,
            "text": "2 : 우리도 보호자 면회금지인데 우르르 몰려와;",
            "norm_text": "우리도 보호자 면회금지인데 우르르 몰려와;",
            "speaker": {
              "id": "2번",
              "sex": "여성",
              "age": "20대"
            },
            "speechAct": "(단언) 진술하기",
            "morpheme": "우리/NP+도/JX+보호자/NNG+면회/NNG+금지/NNG+인데/VCP+EC+우르르/MAG+몰려와/VV+EC+;/SY"
          },
          {
            "id": 7,
            "text": "1 : 진짜 오바임 키키 그래 백 번 양보해서 너네는 보호자로서 보고 싶으니까 가는 거라 하고 나 일하는 곳은 ㅠ 오바임 진짜",
            "norm_text": "진짜 오바임 키키 그래 백 번 양보해서 너네는 보호자로서 보고 싶으니까 가는 거라 하고 나 일하는 곳은 ㅠ 오바임 진짜",
            "speaker": {
              "id": "1번",
              "sex": "여성",
              "age": "20대"
            },
            "speechAct": "(단언) 주장하기",
            "morpheme": "진짜/MAG+오바/NNG+임/VCP+ETN+키/NNG+키/XSV+ETN+그래/IC+백/NR+번/NNBC+양보/NNG+해서/XSV+EC+너/NP+네/XSN+는/JX+보호자/NNG+로서/JKB+보/VV+고/EC+싶/VX+으니까/EC+가/VX+는/ETM+거/NNB+라/VCP+EC+하/VV+고/EC+나/NP+일/NNG+하/XSV+는/ETM+곳/NNG+은/JX+ㅠ/UNKNOWN+오바/NNG+임/VCP+ETN+진짜/NNG"
          },
          {
            "id": 8,
            "text": "2 : 놀고 싶어서 어휴 다들 맞아야지 정신 차리지",
            "norm_text": "놀고 싶어서 어휴 다들 맞아야지 정신 차리지",
            "speaker": {
              "id": "2번",
              "sex": "여성",
              "age": "20대"
            },
            "speechAct": "(단언) 주장하기",
            "morpheme": "놀/VV+고/EC+싶/VX+어서/EC+어휴/IC+다/MAG+들/XSN+맞/VV+아야지/EC+정신/NNG+차리/VV+지/EC"
          },
          {
            "id": 9,
            "text": "1 : 그니까 키키 진짜 요즘 일하느라 정신이 없어서 그런가 코로나 종식된 거 나만 모르는 듯",
            "norm_text": "그니까 키키 진짜 요즘 일하느라 정신이 없어서 그런가 코로나 종식된 거 나만 모르는 듯",
            "speaker": {
              "id": "1번",
              "sex": "여성",
              "age": "20대"
            },
            "speechAct": "(단언) 주장하기",
            "morpheme": "그니까/MAJ+키/NNG+키/XSV+ETN+진짜/MAG+요즘/NNG+일/NNG+하/XSV+느라/EC+정신/NNG+이/JKS+없/VA+어서/EC+그런가/VA+EC+코로나/NNG+종식/NNG+된/XSV+ETM+거/NNB+나/NP+만/JX+모르/VV+는/ETM+듯/NNB"
          },
          {
            "id": 10,
            "text": "2 : 인정 이제 마스크 벗고 다녀도 될 듯 ^^",
            "norm_text": "인정 이제 마스크 벗고 다녀도 될 듯 ^^",
            "speaker": {
              "id": "2번",
              "sex": "여성",
              "age": "20대"
            },
            "speechAct": "(단언) 주장하기",
            "morpheme": "인정/NNG+이제/MAG+마스크/IC+벗/VV+고/EC+다녀도/VV+EC+될/VV+ETM+듯/NNB+^/SY+^/SY"
          },
          {
            "id": 11,
            "text": "1 : 키키 우리가 사실 오바 떠는 거 아니냐 ㅠ 사람들 마스크도 겁나 벗던디 키키",
            "norm_text": "키키 우리가 사실 오바 떠는 거 아니냐 ㅠ 사람들 마스크도 겁나 벗던디 키키",
            "speaker": {
              "id": "1번",
              "sex": "여성",
              "age": "20대"
            },
            "speechAct": "(단언) 주장하기",
            "morpheme": "키/NNG+키/XSV+ETN+우리/NP+가/JKS+사실/MAG+오바/NNG+떠/VV+는/ETM+거/NNB+아니/VCN+냐/EC+ㅠ/UNKNOWN+사람/NNG+들/XSN+마스크/NNG+도/JX+겁나/VV+EC+벗/VV+던/ETM+디키/NNG+키/XSV+ETN"
          },
          {
            "id": 12,
            "text": "2 : 그건 그러더라 다들 벗고 다니던데 우리도 내일부터 벗고 댕기자",
            "norm_text": "그건 그러더라 다들 벗고 다니던데 우리도 내일부터 벗고 댕기자",
            "speaker": {
              "id": "2번",
              "sex": "여성",
              "age": "20대"
            },
            "speechAct": "(지시) 충고/제안하기",
            "morpheme": "그건/NP+JX+그러/VV+더라/EC+다/MAG+들/XSN+벗/VV+고/EC+다니/VV+던데/EC+우리/NP+도/JX+내일/NNG+부터/JX+벗/VV+고/EC+댕기/VV+자/EC"
          },
          {
            "id": 13,
            "text": "1 : 키키 진짜 나는 너무 출근하기 싫다니까?",
            "norm_text": "키키 진짜 나는 너무 출근하기 싫다니까?",
            "speaker": {
              "id": "1번",
              "sex": "여성",
              "age": "20대"
            },
            "speechAct": "(단언) 주장하기",
            "morpheme": "키/NNG+키/XSV+ETN+진짜/MAG+나/NP+는/JX+너무/MAG+출근/NNG+하/XSV+기/ETN+싫/VA+다니까/EF"
          },
          {
            "id": 14,
            "text": "1 : 사람 그렇게 바글거리고 그렇게 마스크 벗고 다니는데 심지어 확진자도 몇 번을 왔다 가고... 바이러스 지옥임",
            "norm_text": "사람 그렇게 바글거리고 그렇게 마스크 벗고 다니는데 심지어 확진자도 몇 번을 왔다 가고... 바이러스 지옥임",
            "speaker": {
              "id": "1번",
              "sex": "여성",
              "age": "20대"
            },
            "speechAct": "(단언) 주장하기",
            "morpheme": "사람/NNG+그렇게/MAG+바글거리/VV+고/EC+그렇게/MAG+마스크/NNG+벗/VV+고/EC+다니/VV+는데/EC+심지어/MAG+확진/NNG+자/XSN+도/JX+몇/MM+번/NNBC+을/JKO+왔/VV+EP+다/EC+가/VX+고/EC+./SY+./SY+바이러스/NNG+지옥/NNG+임/VCP+ETN"
          },
          {
            "id": 15,
            "text": "2 : 우리 병동도 확진자 받은 적 있다 마스크 쓰고 숨 못 쉬고 죽을 뻔",
            "norm_text": "우리 병동도 확진자 받은 적 있다 마스크 쓰고 숨 못 쉬고 죽을 뻔",
            "speaker": {
              "id": "2번",
              "sex": "여성",
              "age": "20대"
            },
            "speechAct": "(단언) 주장하기",
            "morpheme": "우리/NP+병동/NNG+도/JX+확진/NNG+자/XSN+받/VV+은/ETM+적/NNB+있/VA+다/EF+마스크/IC+쓰/VV+고/EC+숨/NNG+못/MAG+쉬/VV+고/EC+죽/VV+을/ETM+뻔/NNB"
          },
          {
            "id": 16,
            "text": "1 : 헐 진짜? 우리 매장에 왔던 확진자들은 겉으로 확진자인지 전혀 모르겠던데...",
            "norm_text": "헐 진짜? 우리 매장에 왔던 확진자들은 겉으로 확진자인지 전혀 모르겠던데...",
            "speaker": {
              "id": "1번",
              "sex": "여성",
              "age": "20대"
            },
            "speechAct": "(단언) 주장하기",
            "morpheme": "헐/IC+진짜/MAG+우리/NP+매장/NNG+에/JKB+왔/VV+EP+던/ETM+확진/NNG+자/XSN+들/XSN+은/JX+겉/NNG+으로/JKB+확진/NNG+자/XSN+인지/VCP+EC+전혀/MAG+모르/VV+겠/EP+던데/EF+./SY"
          },
          {
            "id": 17,
            "text": "2 : 우리는 환자 받을 때 알지 n95쓰잖아 ㄹㅇ 호흡곤란 놔",
            "norm_text": "우리는 환자 받을 때 알지 n95쓰잖아 ㄹㅇ 호흡곤란 놔",
            "speaker": {
              "id": "2번",
              "sex": "여성",
              "age": "20대"
            },
            "speechAct": "(단언) 주장하기",
            "morpheme": "우리/NP+는/JX+환자/NNG+받/VV+을/ETM+때/NNG+알/VV+지/EC+n/SL+95/SN+쓰잖아ㄹㅇ호흡곤란놔/UNKNOWN"
          },
          {
            "id": 18,
            "text": "1 : 아 진짜 이런 시국 병원근무 엄청 힘들겠다...",
            "norm_text": "아 진짜 이런 시국 병원근무 엄청 힘들겠다...",
            "speaker": {
              "id": "1번",
              "sex": "여성",
              "age": "20대"
            },
            "speechAct": "(단언) 주장하기",
            "morpheme": "아/IC+진짜/MAG+이런/MM+시국/NNG+병원/NNG+근무/NNG+엄청/MAG+힘들/VA+겠/EP+다/EF+./SY"
          },
          {
            "id": 19,
            "text": "2 : 토악질 나와 밀접접촉자 입원하는 날은 지옥이야",
            "norm_text": "토악질 나와 밀접접촉자 입원하는 날은 지옥이야",
            "speaker": {
              "id": "2번",
              "sex": "여성",
              "age": "20대"
            },
            "speechAct": "(단언) 주장하기",
            "morpheme": "토악/NNG+질/XSN+나와/VV+EC+밀접/NNG+접촉자/NNG+입원/NNG+하/XSV+는/ETM+날/NNG+은/JX+지옥/NNG+이/VCP+야/EC"
          }
        ]
      }
    }
  ]
}