{
  "dataset": {
    "identifier": 68842,
    "name": "KAKAO_960_05_set",
    "src_path": "/data/file/cubeManager/PROJECT001/53/txt202110061223440407102/KAKAO_960_05_set/",
    "label_path": "/data/file/cubeManager/PROJECT001/53/txt202110061223440407102/KAKAO_960_05_set/",
    "category": 2,
    "type": 0
  },
  "licenses": {
    "name": "Apache License 1.0",
    "url": "http://www.apache.org/licenses/LICENSE-1.0"
  },
  "info": [
    {
      "id": 42905,
      "filename": "KAKAO_960_05.txt",
      "title": "KAKAO_960_05",
      "mediatype": "SNS",
      "medianame": "카카오톡",
      "category": "일상대화",
      "date": "2021-10-06",
      "size": 832,
      "annotations": {
        "subject": "군대",
        "speaker_type": "다자간 대화",
        "size": 832,
        "word_size": 249,
        "text": "1 : 제 조카들 푸쉬업 하는 거 봤는데 벌써 군대 가도 되겠더라고요 키키\n2 : 에이 아직 초등학생이잖아요 키키\n3 : 근데 정말 대단하네요 벌써부터...\n1 : 하하 그쵸? 애들이 또 싹싹 해서 군대 생활도 잘 할 것 같아요\n2 : 키키 맞아요! 저번에 봤을 때 정말 착한 친구들이었어요\n3 : 아 군대 하니까 생각난 건데 혹시 탈영병 잡는 군인 드라마 보셨어요?\n1 : 오 그런 것도 있어요?\n2 : 아아 넷플릭스에서 나온 거 맞죠?\n3 : 네 그거 보니까 너무 마음이 안 좋더라고요\n1 : 왜요 왜요? 언니는 보셨어요?\n2 : 전 아직 못 봤는데 보려구요\n3 : 요즘은 그러지 않는 것 같은데 이게 배경이 약간 2000년대 초반인 것 같더라고요\n3 : 근데 군대 생활 내 왕따에 갑질에...\n1 : 아이고... 탈영병이 나올 수 밖에 없는 환경이군요...\n2 : 옛날엔 편지 내용도 다 확인해서 도움을 요청하기도 힘들었을 거에요...\n3 : 그러니까요... 저희 오빠가 제대한 지 1년 정도 지났는데 오빠가 별 탈 없이 제대한 거에 매우 감사하게 되었어요 인편도 좀 써 줄걸...\n1 : 라떼는 남자친구한테 무조건 손 편지 써서 보냈어야 했는데\n2 : 맞아요 키키 참 편리해졌어요\n3 : 사진도 인화해 줘요! 물론 대부분 흑백이라고 하지만요\n1 : 우와... 덕분에 그나마 마음 편히 아들 보낼 수 있는 것 같아요\n2 : 그러게요... 부모님들 마음이 정말 허전할텐데 요새는 사진도 간간히 올려준다고 하던데요\n3 : 맞아요 키키 올라온 사진 보고 저는 막 웃었는데 엄마는 울더라구요\n1 : 솔직히 오빠 한동안 없어서 좋았죠?\n2 : 그러네 키키 복무 기간 동안은 내 세상이다! 했을 것 같아요\n3 : 엇 들켜 버렸네요 하하",
        "lines": [
          {
            "id": 1,
            "text": "1 : 제 조카들 푸쉬업 하는 거 봤는데 벌써 군대 가도 되겠더라고요 키키",
            "norm_text": "제 조카들 푸쉬업 하는 거 봤는데 벌써 군대 가도 되겠더라고요 키키",
            "speaker": {
              "id": "1번",
              "sex": "여성",
              "age": "30대"
            },
            "speechAct": "(단언) 주장하기",
            "morpheme": "제/NP+JKG+조카/NNG+들/XSN+푸/MAG+쉬/MAG+업/NNG+하/XSV+는/ETM+거/NNB+봤/VV+EP+는데/EC+벌써/MAG+군대/NNG+가/JKS+도/NNG+되/XSV+겠/EP+더라고요/EC+키/NNG+키/XSV+ETN"
          },
          {
            "id": 2,
            "text": "2 : 에이 아직 초등학생이잖아요 키키",
            "norm_text": "에이 아직 초등학생이잖아요 키키",
            "speaker": {
              "id": "2번",
              "sex": "여성",
              "age": "40대"
            },
            "speechAct": "(단언) 진술하기",
            "morpheme": "에이/IC+아직/MAG+초등학생/NNG+이/VCP+잖아요/EC+키/NNG+키/XSV+ETN"
          },
          {
            "id": 3,
            "text": "3 : 근데 정말 대단하네요 벌써부터...",
            "norm_text": "근데 정말 대단하네요 벌써부터...",
            "speaker": {
              "id": "3번",
              "sex": "여성",
              "age": "10대"
            },
            "speechAct": "(단언) 주장하기",
            "morpheme": "근데/MAJ+정말/MAG+대단/XR+하/XSA+네요/EF+벌써/MAG+부터/JX+./SY"
          },
          {
            "id": 4,
            "text": "1 : 하하 그쵸? 애들이 또 싹싹 해서 군대 생활도 잘 할 것 같아요",
            "norm_text": "하하 그쵸? 애들이 또 싹싹 해서 군대 생활도 잘 할 것 같아요",
            "speaker": {
              "id": "1번",
              "sex": "여성",
              "age": "30대"
            },
            "speechAct": "(단언) 주장하기",
            "morpheme": "하하/MAG+그쵸/IC+애/NNG+들/XSN+이/JKS+또/MAG+싹싹/MAG+해서/VV+EC+군대/NNG+생활/NNG+도/JX+잘/MAG+할/VV+ETM+것/NNB+같/VA+아요/EC"
          },
          {
            "id": 5,
            "text": "2 : 키키 맞아요! 저번에 봤을 때 정말 착한 친구들이었어요",
            "norm_text": "키키 맞아요! 저번에 봤을 때 정말 착한 친구들이었어요",
            "speaker": {
              "id": "2번",
              "sex": "여성",
              "age": "40대"
            },
            "speechAct": "(단언) 주장하기",
            "morpheme": "키/NNG+키/XSV+ETN+맞/VV+아요/EF+저번/NNG+에/JKB+봤/VV+EP+을/ETM+때/NNG+정말/MAG+착한/VA+ETM+친구/NNG+들/XSN+이/VCP+었/EP+어요/EF"
          },
          {
            "id": 6,
            "text": "3 : 아 군대 하니까 생각난 건데 혹시 탈영병 잡는 군인 드라마 보셨어요?",
            "norm_text": "아 군대 하니까 생각난 건데 혹시 탈영병 잡는 군인 드라마 보셨어요?",
            "speaker": {
              "id": "3번",
              "sex": "여성",
              "age": "10대"
            },
            "speechAct": "(지시) 질문하기",
            "morpheme": "아/IC+군대/NNG+하/XSV+니까/EC+생각난/VV+ETM+건데/NNB+VCP+EC+혹시/MAG+탈영병/NNG+잡/VV+는/ETM+군인/NNG+드라마/NNG+보/VV+셨/EP+EP+어요/EF"
          },
          {
            "id": 7,
            "text": "1 : 오 그런 것도 있어요?",
            "norm_text": "오 그런 것도 있어요?",
            "speaker": {
              "id": "1번",
              "sex": "여성",
              "age": "30대"
            },
            "speechAct": "(단언) 주장하기",
            "morpheme": "오/IC+그런/MM+것/NNB+도/JX+있/VA+어요/EF"
          },
          {
            "id": 8,
            "text": "2 : 아아 넷플릭스에서 나온 거 맞죠?",
            "norm_text": "아아 넷플릭스에서 나온 거 맞죠?",
            "speaker": {
              "id": "2번",
              "sex": "여성",
              "age": "40대"
            },
            "speechAct": "(지시) 질문하기",
            "morpheme": "아아/IC+넷플릭스/NNP+에서/JKB+나온/VV+ETM+거/NNB+맞/VV+죠/EF"
          },
          {
            "id": 9,
            "text": "3 : 네 그거 보니까 너무 마음이 안 좋더라고요",
            "norm_text": "네 그거 보니까 너무 마음이 안 좋더라고요",
            "speaker": {
              "id": "3번",
              "sex": "여성",
              "age": "10대"
            },
            "speechAct": "(단언) 주장하기",
            "morpheme": "네/IC+그거/NP+보/VV+니까/EC+너무/MAG+마음/NNG+이/JKS+안/MAG+좋/VA+더라고요/EC"
          },
          {
            "id": 10,
            "text": "1 : 왜요 왜요? 언니는 보셨어요?",
            "norm_text": "왜요 왜요? 언니는 보셨어요?",
            "speaker": {
              "id": "1번",
              "sex": "여성",
              "age": "30대"
            },
            "speechAct": "(지시) 질문하기",
            "morpheme": "왜/MAG+요/JX+왜/MAG+요/JX+언니/NNG+는/JX+보/VX+셨/EP+EP+어요/EF"
          },
          {
            "id": 11,
            "text": "2 : 전 아직 못 봤는데 보려구요",
            "norm_text": "전 아직 못 봤는데 보려구요",
            "speaker": {
              "id": "2번",
              "sex": "여성",
              "age": "40대"
            },
            "speechAct": "(단언) 주장하기",
            "morpheme": "전/NP+JX+아직/MAG+못/MAG+봤/VV+EP+는데/EC+보/VX+려구요/EC"
          },
          {
            "id": 12,
            "text": "3 : 요즘은 그러지 않는 것 같은데 이게 배경이 약간 2000년대 초반인 것 같더라고요",
            "norm_text": "요즘은 그러지 않는 것 같은데 이게 배경이 약간 2000년대 초반인 것 같더라고요",
            "speaker": {
              "id": "3번",
              "sex": "여성",
              "age": "10대"
            },
            "speechAct": "(단언) 주장하기",
            "morpheme": "요즘/NNG+은/JX+그러/VV+지/EC+않/VX+는/ETM+것/NNB+같/VA+은데/EC+이게/NP+JKS+배경/NNG+이/JKS+약간/MAG+2000/SN+년/NNBC+대/XPN+초반/NNG+인/VCP+ETM+것/NNB+같/VA+더라고요/EC"
          },
          {
            "id": 13,
            "text": "3 : 근데 군대 생활 내 왕따에 갑질에...",
            "norm_text": "근데 군대 생활 내 왕따에 갑질에...",
            "speaker": {
              "id": "3번",
              "sex": "여성",
              "age": "10대"
            },
            "speechAct": "(단언) 진술하기",
            "morpheme": "근데/MAJ+군대/NNG+생활/NNG+내/NNB+왕따/NNG+에/JKB+갑/NNG+질/XSN+에/JKB+./SY"
          },
          {
            "id": 14,
            "text": "1 : 아이고... 탈영병이 나올 수 밖에 없는 환경이군요...",
            "norm_text": "아이고... 탈영병이 나올 수 밖에 없는 환경이군요...",
            "speaker": {
              "id": "1번",
              "sex": "여성",
              "age": "30대"
            },
            "speechAct": "(단언) 주장하기",
            "morpheme": "아이고/IC+./SY+탈영병/NNG+이/JKS+나올/VV+ETM+수/NNB+밖에/JX+없/VA+는/ETM+환경/NNG+이/VCP+군요/EF+./SY"
          },
          {
            "id": 15,
            "text": "2 : 옛날엔 편지 내용도 다 확인해서 도움을 요청하기도 힘들었을 거에요...",
            "norm_text": "옛날엔 편지 내용도 다 확인해서 도움을 요청하기도 힘들었을 거에요...",
            "speaker": {
              "id": "2번",
              "sex": "여성",
              "age": "40대"
            },
            "speechAct": "(단언) 진술하기",
            "morpheme": "옛날/NNG+엔/JKB+JX+편지/NNG+내용/NNG+도/JX+다/MAG+확인/NNG+해서/XSV+EC+도움/NNG+을/JKO+요청/NNG+하/XSV+기/ETN+도/JX+힘들/VA+었/EP+을/ETM+거/NNB+에요/VCP+EF+./SY"
          },
          {
            "id": 16,
            "text": "3 : 그러니까요... 저희 오빠가 제대한 지 1년 정도 지났는데 오빠가 별 탈 없이 제대한 거에 매우 감사하게 되었어요 인편도 좀 써 줄걸...",
            "norm_text": "그러니까요... 저희 오빠가 제대한 지 1년 정도 지났는데 오빠가 별 탈 없이 제대한 거에 매우 감사하게 되었어요 인편도 좀 써 줄걸...",
            "speaker": {
              "id": "3번",
              "sex": "여성",
              "age": "10대"
            },
            "speechAct": "(단언) 주장하기",
            "morpheme": "그러니까/MAJ+요/JX+./SY+저희/NP+오빠/NNG+가/JKS+제대/NNG+한지/XSA+EC+1/SN+년/NNBC+정도/NNG+지났/VV+EP+는데/EC+오빠/NNG+가/JKS+별탈없이/MAG+제대/NNG+한/XSA+ETM+거/NNB+에/JKB+매우/MAG+감사/NNG+하/XSV+게/EC+되/VV+었/EP+어요/EF+인편/NNG+도/JX+좀/MAG+써/VV+EC+줄걸/VX+EF+./SY"
          },
          {
            "id": 17,
            "text": "1 : 라떼는 남자친구한테 무조건 손 편지 써서 보냈어야 했는데",
            "norm_text": "라떼는 남자친구한테 무조건 손 편지 써서 보냈어야 했는데",
            "speaker": {
              "id": "1번",
              "sex": "여성",
              "age": "30대"
            },
            "speechAct": "(단언) 진술하기",
            "morpheme": "라떼/NNG+는/JX+남자/NNG+친구/NNG+한테/JKB+무조건/MAG+손/NNG+편지/NNG+써서/VV+EC+보냈/VV+EP+어야/EC+했/VX+EP+는데/EC"
          },
          {
            "id": 18,
            "text": "2 : 맞아요 키키 참 편리해졌어요",
            "norm_text": "맞아요 키키 참 편리해졌어요",
            "speaker": {
              "id": "2번",
              "sex": "여성",
              "age": "40대"
            },
            "speechAct": "(단언) 주장하기",
            "morpheme": "맞/VV+아/EC+요키/NNP+키/NNG+참/MAG+편리/NNG+해/XSV+EC+졌어요/VX+EP+EC"
          },
          {
            "id": 19,
            "text": "3 : 사진도 인화해 줘요! 물론 대부분 흑백이라고 하지만요",
            "norm_text": "사진도 인화해 줘요! 물론 대부분 흑백이라고 하지만요",
            "speaker": {
              "id": "3번",
              "sex": "여성",
              "age": "10대"
            },
            "speechAct": "(단언) 진술하기",
            "morpheme": "사진/NNG+도/JX+인화/NNG+해/XSV+EC+줘요/VX+EF+물론/MAG+대부분/NNG+흑백/NNG+이/VCP+라고/EC+하/VV+지만/EC+요/JX"
          },
          {
            "id": 20,
            "text": "1 : 우와... 덕분에 그나마 마음 편히 아들 보낼 수 있는 것 같아요",
            "norm_text": "우와... 덕분에 그나마 마음 편히 아들 보낼 수 있는 것 같아요",
            "speaker": {
              "id": "1번",
              "sex": "여성",
              "age": "30대"
            },
            "speechAct": "(단언) 주장하기",
            "morpheme": "우와/IC+./SY+덕분/NNG+에/JKB+그나마/MAG+마음/NNG+편히/MAG+아들/NNG+보낼/VV+ETM+수/NNB+있/VV+는/ETM+것/NNB+같/VA+아요/EC"
          },
          {
            "id": 21,
            "text": "2 : 그러게요... 부모님들 마음이 정말 허전할텐데 요새는 사진도 간간히 올려준다고 하던데요",
            "norm_text": "그러게요... 부모님들 마음이 정말 허전할텐데 요새는 사진도 간간히 올려준다고 하던데요",
            "speaker": {
              "id": "2번",
              "sex": "여성",
              "age": "40대"
            },
            "speechAct": "(단언) 진술하기",
            "morpheme": "그러게/IC+요/JX+./SY+부모/NNG+님/XSN+들/XSN+마음/NNG+이/JKS+정말/MAG+허전/XR+할/XSA+ETM+텐데/NNB+VCP+EC+요새/NNG+는/JX+사진/NNG+도/JX+간간히/MAG+올려/VV+EC+준다고/VX+EC+하/VV+던데요/EC"
          },
          {
            "id": 22,
            "text": "3 : 맞아요 키키 올라온 사진 보고 저는 막 웃었는데 엄마는 울더라구요",
            "norm_text": "맞아요 키키 올라온 사진 보고 저는 막 웃었는데 엄마는 울더라구요",
            "speaker": {
              "id": "3번",
              "sex": "여성",
              "age": "10대"
            },
            "speechAct": "(단언) 진술하기",
            "morpheme": "맞/VV+아요/EF+키/NNG+키/XSV+ETN+올라온/VV+ETM+사진/NNG+보/VV+고/EC+저/NP+는/JX+막/NNG+웃/VV+었/EP+는데/EC+엄마/NNG+는/JX+울/VV+더라구요/EC"
          },
          {
            "id": 23,
            "text": "1 : 솔직히 오빠 한동안 없어서 좋았죠?",
            "norm_text": "솔직히 오빠 한동안 없어서 좋았죠?",
            "speaker": {
              "id": "1번",
              "sex": "여성",
              "age": "30대"
            },
            "speechAct": "(지시) 질문하기",
            "morpheme": "솔직히/MAG+오빠/NNG+한/XSA+ETM+동안/NNG+없/VA+어서/EC+좋/VA+았/EP+죠/EF"
          },
          {
            "id": 24,
            "text": "2 : 그러네 키키 복무 기간 동안은 내 세상이다! 했을 것 같아요",
            "norm_text": "그러네 키키 복무 기간 동안은 내 세상이다! 했을 것 같아요",
            "speaker": {
              "id": "2번",
              "sex": "여성",
              "age": "40대"
            },
            "speechAct": "(단언) 주장하기",
            "morpheme": "그/MM+러네/NNP+키키/NNP+복무/NNG+기간/NNG+동안/NNG+은/JX+내/NP+JKG+세상/NNG+이/VCP+다/EF+했/VV+EP+을/ETM+것/NNB+같/VA+아요/EC"
          },
          {
            "id": 25,
            "text": "3 : 엇 들켜 버렸네요 하하",
            "norm_text": "엇 들켜 버렸네요 하하",
            "speaker": {
              "id": "3번",
              "sex": "여성",
              "age": "10대"
            },
            "speechAct": "(단언) 주장하기",
            "morpheme": "엇/IC+들켜버렸/VV+EC+VX+EP+네요/EF+하하/MAG"
          }
        ]
      }
    }
  ]
}